unique_id,ds,NBEATS,NLinear,KAN,MLP,DLinear,SeasonalNaive
T000000,1993-12-31,14144.424,14349.074,10070.007,3645.276,12423.035,6915.52
T000000,1994-03-31,13606.832,23239.867,9591.418,3327.769,9627.725,5696.01
T000000,1994-06-30,14776.174,13084.0205,9950.272,3841.1282,831.1094,9507.025
T000000,1994-09-30,17814.227,12949.408,10010.691,4139.746,3155.4585,17469.63
T000001,1993-12-31,479696.94,487039.2,390350.28,259257.56,411620.75,348666.69
T000001,1994-03-31,461912.38,656170.9,379320.16,253002.5,352095.44,289378.83
T000001,1994-06-30,485285.5,454314.0,386652.84,263328.03,220953.08,361884.6
T000001,1994-09-30,550834.06,460324.97,387768.25,268566.44,281727.94,540909.5
T000002,2006-03-31,308860.47,313518.94,285597.5,195949.6,202238.44,260754.0
T000002,2006-06-30,310655.28,345356.94,286429.5,190288.3,250631.48,293599.0
T000002,2006-09-30,315764.6,279452.44,285515.28,202574.56,303926.62,274916.0
T000002,2006-12-31,342985.3,287696.78,285426.1,205811.34,216688.9,313820.0
T000003,2006-03-31,91881.14,90680.99,77983.68,52268.375,61103.055,74078.0
T000003,2006-06-30,88105.35,110916.1,76688.62,51393.008,61094.793,70931.0
T000003,2006-09-30,89949.87,80566.66,77393.55,53449.656,66797.08,68004.0
T000003,2006-12-31,102288.66,86222.336,77522.9,54107.066,58740.832,95829.0
T000004,2006-03-31,144919.4,130842.42,130915.15,70792.266,96317.125,114837.0
T000004,2006-06-30,143228.38,167444.25,131148.06,68270.484,91281.32,131353.0
T000004,2006-09-30,147654.55,115363.98,131313.58,73640.266,85682.47,136027.0
T000004,2006-12-31,161362.6,118815.8,131235.05,74991.5,64884.727,143360.0
T000005,2006-03-31,132820.72,133113.34,117503.98,78721.22,87173.234,120415.0
T000005,2006-06-30,125401.11,158424.28,115592.08,77019.984,93554.04,104971.0
T000005,2006-09-30,128275.47,118422.336,116417.234,80862.125,114353.25,103051.0
T000005,2006-12-31,147064.19,126709.88,116486.38,82044.58,95683.234,136164.0
T000006,2006-03-31,58785.426,59335.71,51310.656,30904.99,35916.793,44596.0
T000006,2006-06-30,57614.0,70336.11,51069.242,30179.219,40415.344,51049.0
T000006,2006-09-30,58637.42,54556.316,51168.645,31857.82,48558.664,47459.0
T000006,2006-12-31,66023.01,55952.086,51192.49,32331.969,37709.76,61521.0
T000007,2006-03-31,319402.5,358984.5,304815.22,205314.14,237308.97,316826.0
T000007,2006-06-30,316696.56,331108.38,301925.94,199686.6,267263.2,264510.0
T000007,2006-09-30,333859.78,329649.44,302871.4,211819.84,458813.56,303540.0
T000007,2006-12-31,355020.2,322859.3,303069.9,213960.3,383288.1,325972.0
T000008,2006-03-31,168925.94,156471.42,159624.62,91726.125,124830.734,142300.0
T000008,2006-06-30,166646.27,197251.94,160111.14,88573.54,117810.01,159844.0
T000008,2006-09-30,176061.89,138390.78,160636.53,95008.33,126632.95,171954.0
T000008,2006-12-31,188508.36,136722.42,160346.56,96360.09,98052.71,168382.0
T000009,2006-03-31,113260.08,108033.7,97647.52,63045.46,58564.43,86979.0
T000009,2006-06-30,115968.42,125731.51,98449.58,61262.17,74605.83,104594.0
T000009,2006-09-30,116044.266,94597.2,97563.09,65101.832,97822.0,83742.0
T000009,2006-12-31,126001.56,107114.36,97498.43,65981.14,75386.65,115734.0
T000010,2006-03-31,168189.45,165468.84,143601.53,74677.35,85829.11,122959.0
T000010,2006-06-30,169104.03,207353.6,143690.39,71599.055,97766.24,148731.0
T000010,2006-09-30,170794.83,140383.95,143233.92,78584.016,143151.78,124408.0
T000010,2006-12-31,193192.12,153395.22,143185.73,79742.984,101018.7,177232.0
T000011,2006-03-31,109703.445,102550.69,95459.36,55281.574,63021.688,84415.0
T000011,2006-06-30,108985.984,131643.47,94755.734,53349.1,72325.41,92747.0
T000011,2006-09-30,111521.91,86771.53,95183.03,57594.156,78862.21,90354.0
T000011,2006-12-31,124999.28,95346.79,95248.67,58556.53,55436.21,112896.0
T000012,2006-03-31,531585.2,590801.1,529865.44,420225.3,443621.72,502032.0
T000012,2006-06-30,539475.56,539459.2,530022.6,409099.5,544945.7,513773.0
T000012,2006-09-30,567292.5,595512.2,533141.9,430205.75,744403.44,573492.0
T000012,2006-12-31,586558.0,561955.75,532081.5,436521.94,613274.9,541268.0
T000013,2006-03-31,3430623.5,2758827.2,3129256.0,2288049.8,2635273.0,3038791.0
T000013,2006-06-30,3427827.5,4118237.0,3119977.8,2234345.5,2800071.5,2845000.0
T000013,2006-09-30,3647785.0,2153263.2,3134755.8,2344851.2,2230082.8,3293652.0
T000013,2006-12-31,3955939.0,2477777.5,3135358.5,2365697.2,1586861.2,3363957.0
T000014,2006-03-31,26834.707,26845.307,25276.941,19177.186,20364.002,24836.45
T000014,2006-06-30,26211.873,29260.457,25159.785,18740.336,24329.182,24737.5
T000014,2006-09-30,27029.66,24865.734,25220.02,19633.941,25266.668,24136.38
T000014,2006-12-31,29196.625,25781.105,25230.418,19946.39,20330.484,27102.91
T000015,2006-03-31,47670.87,46895.113,45573.547,34341.23,34721.38,43856.12
T000015,2006-06-30,47007.445,53166.43,45470.887,33599.117,39783.13,43782.9
T000015,2006-09-30,48997.21,42922.03,45606.492,35093.926,51052.77,46647.44
T000015,2006-12-31,52017.42,44284.848,45618.668,35548.44,41118.34,48165.78
T000016,2006-03-31,30727.936,30777.342,28380.426,23369.785,22544.084,25997.68
T000016,2006-06-30,30400.055,34311.484,28240.482,22887.54,27514.084,26646.54
T000016,2006-09-30,31777.312,28948.656,28401.275,23868.76,36494.27,29287.22
T000016,2006-12-31,33742.934,29470.646,28417.107,24122.96,29887.28,31678.59
T000017,2006-03-31,12709.354,10673.28,11767.004,9721.105,7506.41,11328.34
T000017,2006-06-30,12871.75,14817.5625,11705.083,9565.279,9764.231,11180.16
T000017,2006-09-30,13434.211,8062.1104,11752.769,9892.791,16382.2295,11731.27
T000017,2006-12-31,14636.963,9843.443,11761.002,9985.421,10878.674,12746.3
T000018,2005-09-30,469.358,472.9134,436.32495,419.42004,619.4081,453.0
T000018,2005-12-31,469.97748,369.1792,435.91058,413.58456,629.113,442.0
T000018,2006-03-31,452.10098,584.2216,434.30658,424.90884,578.88763,401.0
T000018,2006-06-30,482.30988,517.608,434.76294,428.6669,659.20435,443.0
T000019,2005-09-30,586.2271,549.3154,554.507,467.40546,566.4044,590.0
T000019,2005-12-31,573.4703,597.4925,551.60583,463.3187,539.6122,554.0
T000019,2006-03-31,560.6673,531.3874,549.6127,471.77307,472.66287,481.0
T000019,2006-06-30,601.3474,559.78033,550.4511,473.6353,489.7295,576.0
T000020,2005-09-30,2971.1362,2714.1553,2824.0408,2220.7446,2857.0806,3290.0
T000020,2005-12-31,2829.0283,3156.4922,2752.1272,2191.522,2558.8965,2323.0
T000020,2006-03-31,2863.0244,2448.4365,2739.1562,2248.8083,1940.1239,2513.0
T000020,2006-06-30,3121.4365,2750.9937,2758.0234,2258.3987,2215.1833,2883.0
T000021,2005-09-30,3005.5774,2601.5742,2677.139,1759.1212,2709.608,3173.0
T000021,2005-12-31,2779.106,3237.43,2594.873,1718.3381,2343.6016,2147.0
T000021,2006-03-31,2773.2363,2402.1543,2589.7007,1801.9681,1306.1914,2193.0
T000021,2006-06-30,3171.2993,2764.727,2605.7832,1819.0913,1765.1487,2885.0
T000022,2005-09-30,2068.5425,2000.2178,1993.6825,1858.4475,2012.2294,2112.0
T000022,2005-12-31,2042.8743,2090.7317,1978.269,1849.1927,1988.6713,1946.0
T000022,2006-03-31,2020.7573,1927.8599,1974.917,1867.6051,1896.9272,1797.0
T000022,2006-06-30,2106.2998,2037.9958,1978.1561,1871.7983,1921.8788,2053.0
T000023,2005-09-30,1032.9866,951.3283,1070.7852,815.5422,1141.3553,991.0
T000023,2005-12-31,1049.6766,1118.8717,1067.7833,797.1176,958.8366,907.0
T000023,2006-03-31,1170.1816,982.67584,1098.2631,827.7267,984.2336,1432.0
T000023,2006-06-30,1138.6761,891.29224,1085.2919,835.58856,991.2575,1024.0
T000024,2005-09-30,5060.951,4758.248,4639.2773,3683.8235,5150.2524,5183.0
T000024,2005-12-31,4833.243,4903.827,4560.218,3634.9006,4739.248,4319.0
T000024,2006-03-31,4736.176,4755.6646,4549.1436,3733.7646,3613.1226,3861.0
T000024,2006-06-30,5197.124,4953.008,4564.8,3752.2495,4224.7505,4874.0
T000025,2005-09-30,1041.3074,915.50507,910.1943,431.96588,1169.468,1230.0
T000025,2005-12-31,925.4976,1035.8417,861.8296,410.63635,906.97253,652.0
T000025,2006-03-31,903.9591,899.41705,852.83246,451.31873,42.849792,590.0
T000025,2006-06-30,1086.527,1036.4427,865.15717,460.90714,442.5042,974.0
T000026,2005-09-30,923.62634,808.56555,758.9133,303.73483,1052.9797,1079.0
T000026,2005-12-31,819.13214,910.407,714.14056,276.88492,935.57837,580.0
T000026,2006-03-31,753.13574,826.1999,705.6121,332.43228,133.71729,324.0
T000026,2006-06-30,978.3944,981.4121,715.59796,344.44147,443.17038,867.0
T000027,2005-09-30,8127.649,7030.234,6993.087,2893.9587,8519.59,9519.0
T000027,2005-12-31,7196.192,8574.13,6612.125,2692.1653,7619.9365,5088.0
T000027,2006-03-31,6907.38,6472.5293,6553.514,3107.4973,1846.4773,4093.0
T000027,2006-06-30,8698.327,7802.9355,6640.4595,3192.49,3855.9565,7749.0
T000028,2005-09-30,2916.2249,2612.3557,2719.871,2154.7063,2605.4968,2875.0
T000028,2005-12-31,2822.7026,2986.84,2698.3962,2126.2112,2546.442,2638.0
T000028,2006-03-31,2790.51,2580.0005,2694.3613,2182.8972,2229.8005,2498.0
T000028,2006-06-30,2993.4055,2728.1934,2698.9858,2192.253,2281.981,2779.0
T000029,2005-09-30,3093.148,2708.349,2842.7292,2376.7256,2815.888,2992.0
T000029,2005-12-31,3007.1726,3112.2905,2814.8093,2354.817,2613.7463,2694.0
T000029,2006-03-31,2980.5825,2626.3208,2816.7278,2399.9521,2147.1663,2610.0
T000029,2006-06-30,3162.394,2849.361,2820.514,2407.6516,2362.605,2974.0
T000030,2005-09-30,1212.0813,1090.374,1031.2212,429.06985,1377.2247,1384.0
T000030,2005-12-31,1081.7083,1290.3901,974.55414,400.8261,1161.7706,725.0
T000030,2006-03-31,1040.2224,1022.5283,970.0388,453.9046,-15.462769,615.0
T000030,2006-06-30,1297.7811,1202.5278,980.97363,468.6262,396.64896,1183.0
T000031,2005-09-30,320.31604,303.66757,306.70496,250.6283,357.19357,333.0
T000031,2005-12-31,311.83954,289.90567,303.13388,245.91241,305.6144,294.0
T000031,2006-03-31,309.25504,325.47058,301.6502,253.81892,253.68048,290.0
T000031,2006-06-30,326.59363,310.0272,303.06744,256.06332,293.5193,294.0
T000032,2005-09-30,1964.4897,1649.2074,1667.5802,-380.6046,3346.7566,3148.0
T000032,2005-12-31,1503.7838,1698.8906,1458.2664,-490.52185,2709.0908,754.0
T000032,2006-03-31,1307.1179,1795.1312,1395.9407,-275.67688,-2077.9558,224.0
T000032,2006-06-30,2105.7222,2150.878,1461.908,-218.44287,-477.78552,1656.0
T000033,2005-09-30,198.937,176.6207,197.59769,101.132,201.2545,180.0
T000033,2005-12-31,220.4797,125.3242,216.61575,94.839905,226.59976,303.0
T000033,2006-03-31,202.666,189.7271,200.02747,105.31359,156.18703,163.0
T000033,2006-06-30,206.3905,183.22955,203.75853,109.075714,135.43164,172.0
T000034,2005-09-30,320.65976,286.64612,292.02353,159.68668,360.3206,392.0
T000034,2005-12-31,291.7748,296.26205,278.24908,152.5372,323.26596,236.0
T000034,2006-03-31,278.75916,281.38095,274.05124,166.81416,100.41243,186.0
T000034,2006-06-30,328.92706,323.63223,278.3154,169.92044,190.96042,295.0
T000035,2005-09-30,470.6053,414.30145,429.48782,317.42108,403.4723,437.0
T000035,2005-12-31,458.89822,488.34747,427.11298,313.08258,361.1765,419.0
T000035,2006-03-31,457.50766,393.72897,427.75513,321.7781,310.73514,400.0
T000035,2006-06-30,492.57434,413.3477,427.8073,323.18112,332.6455,454.0
T000036,2005-09-30,628.2179,579.8129,585.54706,484.71094,553.2807,596.0
T000036,2005-12-31,619.1675,644.6526,584.40985,480.4487,518.7139,587.0
T000036,2006-03-31,608.02496,554.2598,583.7964,489.05566,506.34305,536.0
T000036,2006-06-30,650.4658,583.43884,583.722,490.7597,506.16653,616.0
T000037,2005-09-30,1116.1033,888.80774,852.1946,58.823853,973.4579,1402.0
T000037,2005-12-31,948.521,1112.2664,771.4004,19.12799,733.875,472.0
T000037,2006-03-31,893.90845,769.18335,757.0514,96.4819,-161.24457,203.0
T000037,2006-06-30,1188.0992,1127.2615,776.162,112.928345,327.63684,1004.0
T000038,2005-09-30,1764.6792,1714.6022,1865.0441,1802.7867,2080.348,1981.0
T000038,2005-12-31,1771.5117,1503.1576,1869.9458,1785.0483,2158.113,1952.0
T000038,2006-03-31,1753.793,1796.4459,1854.866,1816.0537,1936.864,1832.0
T000038,2006-06-30,1757.6792,1742.0465,1859.8497,1821.5369,1942.669,1670.0
T000039,2005-03-31,15057.328,12463.785,13733.135,9275.2,10344.789,13300.0
T000039,2005-06-30,16058.702,15062.085,14170.049,9089.579,10520.754,16200.0
T000039,2005-09-30,15266.708,11235.678,13778.963,9427.598,10829.299,11300.0
T000039,2005-12-31,16027.102,13315.381,13810.9795,9533.465,9486.142,14700.0
T000040,2005-03-31,8236.119,8236.786,7764.86,6258.759,7542.5107,7200.0
T000040,2005-06-30,8774.511,7242.8027,7993.6987,6176.8296,7600.0786,9000.0
T000040,2005-09-30,8363.321,8397.6,7795.678,6337.0933,7193.2817,7200.0
T000040,2005-12-31,8717.487,8207.413,7824.374,6385.162,7170.8716,8000.0
T000041,2002-03-31,1643.6827,2064.1616,1697.1566,1966.9089,2639.0205,1649.0
T000041,2002-06-30,1847.3411,782.72766,1774.856,1912.538,3458.775,2131.0
T000041,2002-09-30,1744.3525,2282.8257,1705.6425,2010.2039,3205.0508,1515.0
T000041,2002-12-31,1833.1729,1930.3953,1721.4739,2045.0544,2842.7458,1602.0
T000042,2002-03-31,2690.401,2393.4097,2398.3154,1603.4988,4280.8174,1761.0
T000042,2002-06-30,3084.2715,1397.0015,2658.5022,1517.5317,5062.8477,3801.0
T000042,2002-09-30,2811.5776,3088.9307,2437.4414,1680.5673,1287.8066,1940.0
T000042,2002-12-31,2969.5037,2322.1702,2474.0269,1747.325,2144.2466,2488.0
T000043,2002-03-31,1428.0465,1545.4937,1506.8289,1497.5393,1863.4812,1564.0
T000043,2002-06-30,1499.26,1511.7407,1503.0518,1472.4856,2156.256,1513.0
T000043,2002-09-30,1502.3757,1530.7903,1498.6522,1514.8474,1928.7295,1489.0
T000043,2002-12-31,1560.2693,1353.1318,1501.2003,1525.788,1615.956,1436.0
T000044,2002-03-31,7620.5347,7840.072,7495.7886,7683.6855,10006.524,7140.0
T000044,2002-06-30,8216.845,5600.924,7791.9966,7555.747,11900.364,9118.0
T000044,2002-09-30,7806.495,8593.354,7532.934,7771.8784,8830.183,6806.0
T000044,2002-12-31,8014.1177,7634.4688,7587.8735,7877.2676,8898.027,7349.0
T000045,2002-09-30,1264019.6,1223367.8,1277341.9,1083837.8,1177292.6,1348981.0
T000045,2002-12-31,1257935.5,1340646.2,1266993.5,1071208.0,1200966.9,1200274.0
T000045,2003-03-31,1287014.5,1164153.8,1266332.2,1094539.5,1137212.8,1298384.0
T000045,2003-06-30,1309231.8,1194051.8,1268182.4,1098120.0,1060932.9,1221307.0
T000046,2002-09-30,41970.562,36514.75,38914.72,38063.47,41447.42,40494.0
T000046,2002-12-31,41897.656,41666.824,38614.61,37748.496,37633.113,34519.0
T000046,2003-03-31,41846.117,38324.83,38693.082,38230.664,37015.367,39123.0
T000046,2003-06-30,42701.184,41053.953,38719.984,38279.01,41220.61,40595.0
T000047,2002-09-30,11004.849,8872.928,12640.856,8234.686,15650.955,14574.0
T000047,2002-12-31,11064.747,7689.8105,12401.433,7953.1733,16012.885,11292.0
T000047,2003-03-31,11335.27,10009.004,12502.534,8439.078,3804.151,14756.0
T000047,2003-06-30,11899.205,9702.421,12482.941,8528.096,4525.9604,9168.0
T000048,2002-09-30,14597.741,12256.291,13158.599,10705.203,12085.416,12686.0
T000048,2002-12-31,14646.876,16519.898,13063.798,10595.939,11026.73,12654.0
T000048,2003-03-31,14633.14,10579.8,13119.354,10815.62,7771.8037,12510.0
T000048,2003-06-30,15836.061,12195.345,13129.977,10870.547,7462.499,14576.0
T000049,2002-09-30,430786.3,360963.3,378050.7,304223.25,354903.25,381071.0
T000049,2002-12-31,429282.06,480791.3,374207.62,300244.62,356189.53,355236.0
T000049,2003-03-31,430224.06,302804.12,375981.22,308373.5,184809.73,346099.0
T000049,2003-06-30,469883.66,357647.34,376107.84,309968.3,165029.25,419153.0
T000050,2002-09-30,16561.934,15613.861,19456.113,10504.718,47139.164,23638.0
T000050,2002-12-31,18311.285,4620.658,19483.521,9372.201,49088.715,21726.0
T000050,2003-03-31,18800.027,19972.492,18942.72,11598.798,7083.6777,16025.0
T000050,2003-06-30,22182.816,18844.818,19186.154,12348.717,3294.2715,15143.0
T000051,2002-09-30,21877.008,20150.07,20433.604,18502.379,18324.861,18951.0
T000051,2002-12-31,22790.797,22447.691,20451.678,18336.162,19116.312,20581.0
T000051,2003-03-31,22397.648,19315.453,20449.355,18620.95,20714.412,20544.0
T000051,2003-06-30,22821.83,20570.775,20443.299,18726.273,19327.8,21751.0
T000052,2002-06-30,1029691.06,672157.3,869394.7,433905.47,627690.2,780805.0
T000052,2002-09-30,1051928.2,1201334.5,864995.44,417599.62,493958.12,846179.0
T000052,2002-12-31,1086290.5,511123.47,868304.7,447301.84,439696.84,857455.0
T000052,2003-03-31,1179078.4,668027.6,868713.0,453265.8,399826.06,987441.0
T000053,2006-03-31,134903.5,142152.89,126623.75,99970.984,107597.484,114060.0
T000053,2006-06-30,135528.42,153919.58,126259.3,98307.01,111978.41,112404.0
T000053,2006-09-30,145905.77,140375.47,127438.83,101465.95,161332.33,142203.0
T000053,2006-12-31,149315.23,137347.52,127401.91,102244.266,143616.45,141364.0
T000054,2005-03-31,139361.62,116709.03,144034.06,101245.484,139817.75,127114.0
T000054,2005-06-30,143357.12,142297.3,146621.77,98609.11,120986.164,157712.0
T000054,2005-09-30,151551.97,119725.87,147177.25,103505.28,117583.59,167934.0
T000054,2005-12-31,149346.92,106871.05,145800.92,104574.24,114299.77,133620.0
T000055,2005-03-31,167413.94,127575.2,176682.81,106318.45,170363.8,146343.0
T000055,2005-06-30,177469.84,189344.72,179188.67,102204.56,141649.16,186635.0
T000055,2005-09-30,192017.1,127387.7,182515.69,109345.6,141107.86,231770.0
T000055,2005-12-31,186026.25,107975.555,179751.58,111363.266,124613.984,159128.0
T000056,2005-03-31,76259.31,68078.875,76945.24,60853.934,72683.67,72399.0
T000056,2005-06-30,77819.79,80873.66,77181.38,59711.445,63465.973,77218.0
T000056,2005-09-30,82156.95,73685.516,77789.164,62072.207,85989.6,85601.0
T000056,2005-12-31,82424.164,67253.66,77394.75,62899.06,86306.94,74990.0
T000057,2005-03-31,57075.367,58260.742,55728.62,51032.637,60003.703,60412.0
T000057,2005-06-30,56172.293,52451.53,55004.37,50641.945,59195.25,51479.0
T000057,2005-09-30,57506.33,60307.137,54883.324,51599.75,73230.14,51444.0
T000057,2005-12-31,59957.695,58814.88,55065.367,51906.156,75892.0,56705.0
T000058,2005-03-31,127475.52,113811.35,132692.55,96298.95,115308.75,120680.0
T000058,2005-06-30,127755.32,147359.7,134127.17,93666.73,112739.78,140154.0
T000058,2005-09-30,133099.89,118387.91,134237.3,99086.56,145511.48,144444.0
T000058,2005-12-31,141183.38,109105.26,133589.27,101665.266,122953.88,130793.0
T000059,2005-03-31,47637.812,38975.45,53063.043,31621.758,51750.273,50655.0
T000059,2005-06-30,51330.344,45214.1,53172.004,30210.09,44964.66,51566.0
T000059,2005-09-30,56864.8,39343.2,54393.207,32623.973,42119.938,68928.0
T000059,2005-12-31,53307.445,35833.29,53677.125,33097.008,43384.426,44350.0
T000060,2005-03-31,45904.1,39966.93,45889.73,35110.695,43208.44,45472.0
T000060,2005-06-30,47436.062,41675.45,45760.137,34316.6,35363.477,42571.0
T000060,2005-09-30,50772.938,43636.88,46413.992,35852.438,49236.86,53587.0
T000060,2005-12-31,50056.586,43552.96,46112.63,36392.89,52801.453,43038.0
T000061,2005-03-31,53408.586,49392.863,48886.703,40471.17,53169.832,53744.0
T000061,2005-06-30,50849.234,52914.48,48015.227,39948.973,46241.72,41755.0
T000061,2005-09-30,51783.742,51340.36,48031.742,41008.43,38633.445,44952.0
T000061,2005-12-31,54913.773,54307.445,48174.395,41224.395,48183.004,51935.0
T000062,2005-03-31,15286868.0,13904980.0,14864349.0,12874557.0,13590207.0,13677181.0
T000062,2005-06-30,15360094.0,16953544.0,14924012.0,12759713.0,12686937.0,15151376.0
T000062,2005-09-30,15722995.0,13576299.0,14911285.0,12976350.0,13873500.0,15313710.0
T000062,2005-12-31,16141054.0,13565719.0,14899818.0,13057924.0,13315481.0,15533280.0
T000063,2005-03-31,1054279.1,979303.3,1047056.7,915055.75,1059080.1,968438.0
T000063,2005-06-30,1073083.5,1102939.5,1048311.56,905016.6,953454.4,1017824.0
T000063,2005-09-30,1125870.6,1028957.25,1058941.5,922638.5,1010719.1,1186878.0
T000063,2005-12-31,1108799.2,964383.1,1054048.6,926926.56,1060638.0,1050786.0
T000064,2005-03-31,61432.465,63068.344,61788.676,58162.8,68129.22,62749.0
T000064,2005-06-30,61825.734,56852.566,61650.86,57877.277,62213.88,60299.0
T000064,2005-09-30,63032.15,62867.258,61706.254,58593.656,70207.47,62841.0
T000064,2005-12-31,64151.168,61264.863,61697.91,58868.258,71557.19,60838.0
T000065,2006-09-30,293527.25,255289.75,278080.78,213107.45,273839.5,325633.0
T000065,2006-12-31,288652.28,271439.12,275029.38,209100.17,287683.0,282908.0
T000065,2007-03-31,276495.84,234285.23,271064.66,216828.39,170971.53,212323.0
T000065,2007-06-30,301469.5,270518.53,273076.5,218316.86,184995.58,269964.0
T000066,2006-09-30,145912.9,126581.05,167666.42,147846.97,180144.25,176242.0
T000066,2006-12-31,152320.97,106864.28,169157.47,144033.89,173683.12,180085.0
T000066,2007-03-31,155428.64,144082.7,169250.47,150160.25,197268.78,189187.0
T000066,2007-06-30,149375.48,134732.61,168333.42,151531.52,207862.45,128920.0
T000067,2006-09-30,38777.23,35114.418,39700.113,29674.469,37770.61,41267.0
T000067,2006-12-31,39760.363,34528.637,39895.637,29108.527,35907.277,41542.0
T000067,2007-03-31,40413.44,35160.492,39664.953,30079.795,37463.402,39963.0
T000067,2007-06-30,39770.23,34371.54,39694.066,30269.447,39327.035,36009.0
T000068,2006-09-30,66585.805,62838.668,61567.516,45378.4,65284.066,53571.0
T000068,2006-12-31,74768.19,50233.965,65287.492,44107.36,74736.68,81720.0
T000068,2007-03-31,70018.984,63518.22,62074.81,46300.754,59178.28,52857.0
T000068,2007-06-30,71643.79,65638.11,62613.848,47279.633,56303.758,63659.0
T000069,2006-09-30,35940.008,32252.25,37573.95,34787.117,47204.914,37267.0
T000069,2006-12-31,38089.93,25711.637,39137.16,34222.168,46274.215,46492.0
T000069,2007-03-31,36702.64,33260.34,37803.05,35243.312,31961.896,35779.0
T000069,2007-06-30,36858.18,32212.672,38087.684,35542.336,36836.367,33001.0
T000070,2006-09-30,18971.156,16809.852,20031.377,16143.638,21446.475,19174.0
T000070,2006-12-31,20767.527,12490.52,21084.2,15689.328,24114.86,25897.0
T000070,2007-03-31,19899.535,19128.277,20257.357,16455.781,19214.57,19782.0
T000070,2007-06-30,19677.506,18371.26,20404.68,16660.781,17969.19,16966.0
T000071,2006-09-30,22476.084,21484.2,26491.242,21978.496,28693.312,32931.0
T000071,2006-12-31,22108.697,16884.418,25581.365,21620.7,23530.127,21208.0
T000071,2007-03-31,23488.53,18703.28,25482.143,22336.613,28737.37,28060.0
T000071,2007-06-30,23619.2,19706.77,25672.977,22432.277,32755.342,20139.0
T000072,2006-09-30,20469.05,20195.574,18806.656,17273.12,19645.086,18071.0
T000072,2006-12-31,20320.223,22382.139,18629.135,17140.309,18903.295,17768.0
T000072,2007-03-31,20450.535,19853.514,18733.33,17316.996,16716.018,17682.0
T000072,2007-06-30,21596.361,20872.38,18753.377,17448.816,18425.357,21314.0
T000073,2006-09-30,57551.574,46601.832,59812.4,46672.72,51402.645,55720.0
T000073,2006-12-31,62474.547,53448.92,60697.11,45745.6,50093.86,64562.0
T000073,2007-03-31,64887.688,42493.25,60966.684,47418.586,61969.586,68910.0
T000073,2007-06-30,62322.3,45305.18,60456.117,47758.082,54481.797,53706.0
T000074,2006-09-30,69061.56,45803.19,71792.59,40913.965,61529.246,66761.0
T000074,2006-12-31,75761.34,64622.48,72550.39,38689.754,54751.8,75162.0
T000074,2007-03-31,80889.7,45377.027,73605.56,42559.56,55884.64,89343.0
T000074,2007-06-30,76426.37,48057.906,72720.92,43213.42,55509.75,60999.0
T000075,2006-09-30,48126.082,39929.75,41703.6,31357.32,37038.164,36001.0
T000075,2006-12-31,48897.055,53413.43,41574.652,30949.287,31679.621,41274.0
T000075,2007-03-31,49404.5,37579.152,41673.914,31734.438,23358.887,41106.0
T000075,2007-06-30,52142.04,40235.895,41677.164,31978.445,28674.715,48326.0
T000076,2006-09-30,112535.13,105275.125,112422.734,101972.9,111504.94,107725.0
T000076,2006-12-31,115871.89,110086.12,112565.98,101105.49,106146.44,111286.0
T000076,2007-03-31,119052.51,105827.664,113439.96,102576.14,109345.54,123608.0
T000076,2007-06-30,116235.52,103570.33,112955.33,102871.71,112975.44,109865.0
T000077,2006-09-30,21902.75,17523.896,25537.111,9356.88,26883.924,19706.0
T000077,2006-12-31,26311.162,16336.193,26451.67,8198.168,27101.164,30236.0
T000077,2007-03-31,28198.254,19337.709,26947.104,10110.147,18404.299,37276.0
T000077,2007-06-30,25594.742,16082.612,26296.436,10542.135,15124.387,19270.0
T000078,2006-09-30,140520.67,103735.7,168618.83,46510.836,195567.03,131141.0
T000078,2006-12-31,175313.12,73301.6,181211.2,36575.18,205735.72,237053.0
T000078,2007-03-31,180822.19,123126.06,177845.23,52269.977,91297.53,224933.0
T000078,2007-06-30,163734.12,99572.91,174920.22,55789.484,78204.125,116211.0
T000079,2006-09-30,30691.904,24316.885,36709.918,23593.752,33235.28,36886.0
T000079,2006-12-31,34733.25,15003.693,38151.53,22045.324,36964.227,45399.0
T000079,2007-03-31,35149.367,27664.004,37690.027,24639.559,47596.71,43698.0
T000079,2007-06-30,32557.408,26359.805,37369.145,25115.973,42324.59,24385.0
T000080,2006-09-30,93049.53,71364.91,110683.79,66097.39,102817.11,108281.0
T000080,2006-12-31,106624.766,42841.027,117245.13,61241.14,116572.35,148792.0
T000080,2007-03-31,105624.02,81734.57,113673.695,69313.14,132623.3,125835.0
T000080,2007-06-30,98553.5,77756.99,113343.39,70953.06,115907.98,73243.0
T000081,2006-09-30,77381.95,66756.35,79734.43,61518.406,75589.43,82462.0
T000081,2006-12-31,80632.234,63092.684,80822.086,59924.703,75106.68,87096.0
T000081,2007-03-31,79900.67,69593.62,79955.18,62579.44,72940.36,80926.0
T000081,2007-06-30,78550.24,70701.68,80010.836,63097.66,75786.64,69820.0
T000082,2006-09-30,1283391.9,1106944.0,1355042.0,1075941.2,1312150.5,1348839.0
T000082,2006-12-31,1361560.2,1037311.7,1386461.6,1049082.8,1345114.1,1538480.0
T000082,2007-03-31,1360674.8,1125914.8,1369618.4,1094479.1,1304497.6,1431268.0
T000082,2007-06-30,1321632.9,1134176.9,1367766.5,1101563.1,1278392.5,1165797.0
T000083,2006-09-30,130588.2,111058.836,125502.31,91240.0,124384.01,160034.0
T000083,2006-12-31,126130.71,113600.84,122365.46,88954.91,134042.05,122720.0
T000083,2007-03-31,119583.36,98464.68,119779.16,93270.305,74748.69,86372.0
T000083,2007-06-30,133961.69,119358.36,121470.71,94335.586,82097.53,115414.0
T000084,2006-09-30,118424.125,90946.95,135797.64,114872.35,142498.47,140855.0
T000084,2006-12-31,126034.86,93476.38,137836.2,111612.38,137743.22,150254.0
T000084,2007-03-31,127998.016,97417.46,137589.7,117059.3,135730.12,153721.0
T000084,2007-06-30,123427.984,99421.086,136727.44,118106.85,133343.06,103539.0
T000085,2006-09-30,18387.451,16578.99,18262.916,12415.145,18172.578,18907.0
T000085,2006-12-31,19493.502,14852.26,18918.832,12051.393,19187.375,22210.0
T000085,2007-03-31,19287.277,16539.896,18296.43,12701.862,15595.191,15790.0
T000085,2007-06-30,19208.418,15507.758,18433.818,12828.831,16781.934,16885.0
T000086,2006-09-30,34888.0,32344.363,30092.732,15585.389,37656.875,23626.0
T000086,2006-12-31,41660.39,22566.379,33565.992,14399.054,47418.57,48929.0
T000086,2007-03-31,36984.543,32013.58,30524.617,16454.34,28985.918,19683.0
T000086,2007-06-30,39790.4,33257.04,30989.623,17382.105,24808.41,33155.0
T000087,2006-09-30,20122.035,17331.68,19321.602,12296.496,30200.133,18463.0
T000087,2006-12-31,22031.059,11932.336,21032.588,11744.398,29594.74,28828.0
T000087,2007-03-31,20076.262,17912.023,19493.744,12798.126,9117.584,14103.0
T000087,2007-06-30,21213.113,17131.014,19815.277,13183.848,14560.76,18208.0
T000088,2006-09-30,8393.826,6167.4663,7996.752,3812.4558,8908.898,6527.0
T000088,2006-12-31,10387.279,3992.9072,9001.37,3461.0994,11714.277,13475.0
T000088,2007-03-31,9036.993,7283.151,8138.558,4031.7034,3883.6094,6369.0
T000088,2007-06-30,9338.521,7576.8584,8323.601,4288.7896,2524.8228,7119.0
T000089,2006-09-30,16563.729,15122.6045,19439.488,14081.433,21471.34,24370.0
T000089,2006-12-31,16210.984,12465.808,18743.635,13847.826,17072.36,15968.0
T000089,2007-03-31,17094.047,11609.211,18610.994,14350.878,13293.305,19815.0
T000089,2007-06-30,17623.258,13383.589,18793.514,14431.291,16700.67,14742.0
T000090,2006-09-30,9021.319,8531.023,7389.219,5657.2104,8681.87,6418.0
T000090,2006-12-31,9397.556,9699.206,7316.5205,5507.3477,8434.635,7286.0
T000090,2007-03-31,8908.713,8261.005,7342.936,5747.6826,4284.368,5902.0
T000090,2007-06-30,10090.534,9174.446,7348.194,5876.5684,6126.3086,9734.0
T000091,2006-09-30,39499.633,30079.346,40021.242,31615.178,32695.768,36588.0
T000091,2006-12-31,43410.477,37101.414,41092.37,31054.89,32378.395,45866.0
T000091,2007-03-31,44507.805,25431.895,40670.598,32159.152,47085.508,43572.0
T000091,2007-06-30,43440.008,28715.264,40516.266,32412.66,39379.65,36746.0
T000092,2006-09-30,32687.123,21923.35,32336.414,19733.973,25628.865,28299.0
T000092,2006-12-31,36110.32,31282.35,32694.264,18841.191,22499.203,33818.0
T000092,2007-03-31,38869.516,20191.055,33155.426,20422.676,27410.555,39997.0
T000092,2007-06-30,36885.906,22795.209,32764.97,20801.531,26287.176,29627.0
T000093,2006-09-30,15594.345,13160.35,11733.175,7041.499,10636.349,8785.0
T000093,2006-12-31,15931.732,18602.84,11661.465,6830.369,9301.075,11940.0
T000093,2007-03-31,15630.877,11713.025,11666.208,7234.8945,5649.2783,9358.0
T000093,2007-06-30,17616.316,13270.1045,11669.945,7373.9893,7696.4893,16582.0
T000094,2006-09-30,47503.46,42785.266,48771.977,35672.875,42210.973,41219.0
T000094,2006-12-31,52343.01,45206.348,49418.285,34672.9,44118.746,51541.0
T000094,2007-03-31,55121.04,43109.48,50094.06,36445.727,55140.773,61022.0
T000094,2007-06-30,52218.57,39929.25,49476.637,36829.44,48374.516,45287.0
T000095,2006-09-30,9971.4795,7389.6514,12158.733,2186.9668,12515.322,8087.0
T000095,2006-12-31,12748.2295,7324.2793,12680.1455,1479.7778,12255.213,14731.0
T000095,2007-03-31,14193.8955,8411.669,13061.535,2669.316,8419.324,19960.0
T000095,2007-06-30,12501.467,6212.644,12636.95,2921.7163,5924.8916,8584.0
T000096,2006-09-30,68936.14,48486.543,87602.43,24006.71,98474.836,69170.0
T000096,2006-12-31,87883.6,35646.516,94421.12,18830.746,104353.67,124911.0
T000096,2007-03-31,91522.484,57578.5,92803.72,27262.625,61445.33,120163.0
T000096,2007-06-30,81994.54,43211.68,91113.96,29027.574,47834.656,55420.0
T000097,2006-09-30,19531.25,14867.704,23929.275,13793.4795,21499.441,23386.0
T000097,2006-12-31,22696.266,8638.075,25310.102,12705.814,24471.223,31885.0
T000097,2007-03-31,22734.127,17082.367,24695.033,14553.351,29344.87,28481.0
T000097,2007-06-30,20969.057,16128.377,24521.623,14921.332,24441.166,15066.0
T000098,2006-09-30,50194.277,35741.72,61948.906,27345.506,58584.75,61639.0
T000098,2006-12-31,58594.08,22166.7,65986.76,24151.707,65216.867,85729.0
T000098,2007-03-31,57660.184,40207.246,63697.676,29590.803,59072.926,70680.0
T000098,2007-06-30,53519.184,38233.867,63548.746,30447.473,47411.21,37708.0
T000099,2006-09-30,30273.844,24995.596,32483.012,22653.941,30496.188,35317.0
T000099,2006-12-31,31873.838,23063.11,32807.277,21732.219,29420.316,35657.0
T000099,2007-03-31,31688.934,26068.416,32384.896,23312.883,28519.793,32673.0
T000099,2007-06-30,30876.064,26858.248,32458.217,23579.166,29835.033,26161.0
T000100,2006-09-30,664704.7,548240.56,713479.1,509860.06,710492.7,711690.0
T000100,2006-12-31,717228.25,514914.53,735817.75,493386.0,725723.2,845748.0
T000100,2007-03-31,713124.0,542989.3,721706.9,520821.0,547668.3,747661.0
T000100,2007-06-30,691822.0,557362.1,721929.56,526041.0,534625.1,589977.0
T000101,2006-09-30,75308.39,64703.008,69962.11,59692.76,69761.05,75349.0
T000101,2006-12-31,78230.93,66376.586,71699.86,58706.75,80234.055,82003.0
T000101,2007-03-31,73920.89,59248.305,69746.266,60547.125,49016.4,53356.0
T000101,2007-06-30,79018.516,66964.94,70071.25,61064.82,46728.92,70030.0
T000102,2006-09-30,7562.4834,5798.95,8015.8096,6473.916,7582.0796,8524.0
T000102,2006-12-31,8169.79,5114.7393,8150.1323,6217.4434,8731.973,9005.0
T000102,2007-03-31,8107.015,6107.042,8041.912,6613.943,9407.49,8279.0
T000102,2007-06-30,7826.8726,6666.8867,8042.006,6686.633,8843.6455,6399.0
T000103,2006-09-30,10719.066,9440.61,9848.9795,7861.6763,9569.182,9198.0
T000103,2006-12-31,10910.744,10465.479,10033.771,7792.8174,9377.945,10854.0
T000103,2007-03-31,10749.08,8611.435,9873.739,7944.602,7617.4263,9340.0
T000103,2007-06-30,11293.328,8990.496,9887.9,7982.1084,7548.1636,10275.0
T000104,2006-09-30,9186.446,8751.747,8432.056,6914.6416,8281.772,7567.0
T000104,2006-12-31,9992.446,8522.675,8757.34,6799.4927,9739.146,10192.0
T000104,2007-03-31,9515.571,8269.906,8472.357,7016.2427,7481.205,7385.0
T000104,2007-06-30,9912.82,8437.348,8502.573,7091.264,6775.714,9053.0
T000105,2006-09-30,7742.7305,6332.9194,7177.1323,5578.4014,7609.2334,7017.0
T000105,2006-12-31,8479.382,5824.537,7550.1743,5436.8604,8556.694,9268.0
T000105,2007-03-31,7944.8286,5920.5176,7214.6675,5684.043,6364.32,5806.0
T000105,2007-06-30,8189.349,6780.77,7276.6,5788.599,6271.745,7116.0
T000106,2006-09-30,3565.126,3150.5403,3614.033,2572.4844,3745.2559,3255.0
T000106,2006-12-31,3952.859,2783.3762,3890.032,2507.4744,4378.9595,5127.0
T000106,2007-03-31,3678.1763,3176.6108,3652.058,2615.0708,2636.1028,3143.0
T000106,2007-06-30,3812.3247,3163.5693,3703.686,2662.9226,1964.3596,3341.0
T000107,2006-09-30,2363.164,2308.495,2567.975,2245.2307,2917.4023,2927.0
T000107,2006-12-31,2354.4946,1982.7617,2522.9514,2224.7761,2715.6565,2430.0
T000107,2007-03-31,2383.4978,2119.6917,2505.8142,2266.714,2240.2542,2511.0
T000107,2007-06-30,2432.998,2040.895,2521.9233,2276.981,2564.8347,2200.0
T000108,2006-09-30,3322.6084,3121.5886,2926.5342,2331.6082,2875.5603,2713.0
T000108,2006-12-31,3406.025,3487.6448,3038.5312,2298.7048,3209.4082,3576.0
T000108,2007-03-31,3296.1345,2880.443,2938.2837,2364.8296,2312.524,2156.0
T000108,2007-06-30,3615.6653,3008.9104,2940.2446,2387.1653,2223.769,3403.0
T000109,2006-09-30,5119.316,4206.42,5542.132,4613.176,5555.198,5475.0
T000109,2006-12-31,5477.4116,3980.1978,5721.8296,4499.0234,6076.825,6582.0
T000109,2007-03-31,5508.9053,4184.171,5629.046,4690.44,5600.8057,6005.0
T000109,2007-06-30,5340.7783,4261.6436,5616.175,4733.5107,4766.6885,4484.0
T000110,2006-09-30,8952.344,6832.9517,8465.041,5152.4014,7160.792,8064.0
T000110,2006-12-31,9377.48,8439.102,8634.062,4992.9033,6645.087,9380.0
T000110,2007-03-31,9342.856,6398.753,8514.502,5266.6846,5391.2188,8556.0
T000110,2007-06-30,9468.498,6894.2275,8528.701,5326.807,5624.388,8167.0
T000111,2006-09-30,12944.218,10024.223,10325.94,6482.4453,8632.723,8262.0
T000111,2006-12-31,13591.252,13547.65,10561.884,6317.8164,8219.863,11857.0
T000111,2007-03-31,13260.448,9043.637,10345.998,6619.6313,4954.021,8916.0
T000111,2007-06-30,14190.4,10155.643,10341.205,6713.378,5801.5225,12576.0
T000112,2006-09-30,24130.55,20970.047,22845.928,18351.598,21263.635,21004.0
T000112,2006-12-31,25846.36,22320.7,23857.486,18020.533,24322.246,28325.0
T000112,2007-03-31,24969.46,20091.596,22983.229,18611.652,21227.059,20761.0
T000112,2007-06-30,25415.266,21055.08,23154.637,18801.145,17919.129,22799.0
T000113,2006-09-30,6898.666,5057.417,7395.509,3069.6392,7524.0386,5714.0
T000113,2006-12-31,8214.574,4306.662,7937.755,2755.189,8629.945,10348.0
T000113,2007-03-31,8197.764,5408.003,7696.1157,3263.4001,4981.395,8938.0
T000113,2007-06-30,7751.7163,4849.776,7638.573,3402.3477,4133.2324,5881.0
T000114,2006-09-30,51513.72,35626.695,59146.14,9930.561,65567.984,40627.0
T000114,2006-12-31,66122.81,26927.158,64764.426,6122.168,73493.93,89779.0
T000114,2007-03-31,67270.75,41472.535,62555.453,12064.844,29479.113,77791.0
T000114,2007-06-30,61366.688,33605.6,61740.21,13620.455,19975.057,42493.0
T000115,2006-09-30,4228.1655,3178.6377,4738.333,2443.0444,4505.4707,4413.0
T000115,2006-12-31,5058.5293,2040.6072,5017.1904,2209.5845,5313.8804,6313.0
T000115,2007-03-31,5108.651,3371.688,4878.9023,2589.8667,5135.096,5451.0
T000115,2007-06-30,4714.6895,3176.9502,4859.6226,2654.5063,4629.489,3394.0
T000116,2006-09-30,19674.188,14164.891,21817.812,6252.177,22926.8,17587.0
T000116,2006-12-31,24321.504,7705.827,24114.818,4948.9346,27593.98,34433.0
T000116,2007-03-31,23636.684,16307.93,22614.262,7057.0723,14058.606,24259.0
T000116,2007-06-30,22042.857,14934.895,22724.922,7545.7354,11487.76,15381.0
T000117,2006-09-30,18287.322,14917.463,17576.104,10996.204,17278.418,16047.0
T000117,2006-12-31,20127.93,12764.595,18868.193,10536.051,19741.076,24688.0
T000117,2007-03-31,19069.428,15504.818,17750.209,11302.693,12090.401,15292.0
T000117,2007-06-30,19043.355,15565.638,17995.354,11535.91,11945.194,16184.0
T000118,2006-09-30,271370.03,220772.95,270884.97,178258.11,257924.94,243743.0
T000118,2006-12-31,301860.56,207262.1,286180.06,171246.34,295432.03,354160.0
T000118,2007-03-31,293891.66,218869.97,274326.06,182973.47,221827.23,267945.0
T000118,2007-06-30,288598.22,222019.92,276393.03,186038.47,195144.61,243176.0
T000119,2006-09-30,54914.508,48045.832,50931.418,40194.69,48593.63,56181.0
T000119,2006-12-31,52970.992,58495.07,50142.34,39734.664,45224.28,47207.0
T000119,2007-03-31,52665.266,44675.023,50036.484,40547.363,32934.54,44366.0
T000119,2007-06-30,57213.406,50847.977,50202.79,40721.633,36828.938,52830.0
T000120,2006-09-30,10389.276,9082.055,10823.838,8724.301,11340.557,11280.0
T000120,2006-12-31,10405.715,9767.431,10778.709,8611.359,9541.951,10629.0
T000120,2007-03-31,10465.139,8964.176,10800.794,8832.23,7742.9043,11357.0
T000120,2007-06-30,10662.503,9019.222,10793.125,8877.43,9226.157,9877.0
T000121,2006-09-30,5253.285,4630.4053,5383.0146,3932.1438,4750.1885,5679.0
T000121,2006-12-31,5337.433,4966.6274,5348.752,3877.9927,4189.645,5252.0
T000121,2007-03-31,5303.313,4235.954,5347.027,3982.543,4389.0728,5519.0
T000121,2007-06-30,5424.931,4773.8276,5351.845,4002.4941,4245.886,4941.0
T000122,2006-09-30,13975.121,11989.416,12992.837,8654.399,10788.803,13565.0
T000122,2006-12-31,13824.854,14671.805,12886.006,8516.668,9212.0,11688.0
T000122,2007-03-31,14177.902,10439.98,12904.014,8768.921,8577.66,12865.0
T000122,2007-06-30,14958.974,12126.097,12917.526,8839.22,9317.665,13499.0
T000123,2006-09-30,4207.9873,3689.9067,4071.5925,3576.528,4256.17,4345.0
T000123,2006-12-31,4082.7695,4755.3477,4026.448,3553.2207,3543.1597,3555.0
T000123,2007-03-31,4113.538,3389.0034,4028.9055,3604.7795,2941.4626,4026.0
T000123,2007-06-30,4492.2017,3686.5288,4036.0066,3614.252,3394.9304,4199.0
T000124,2006-09-30,2368.0735,2242.5525,2575.6277,2152.3286,2663.6443,2756.0
T000124,2006-12-31,2338.0635,2342.6626,2583.83,2126.3633,2559.969,2713.0
T000124,2007-03-31,2333.839,2219.0342,2561.738,2181.3074,2040.6694,2551.0
T000124,2007-06-30,2432.4358,2132.084,2568.3223,2192.0576,2072.5266,2247.0
T000125,2006-09-30,1497.707,1263.6183,1454.4222,1181.7662,1351.5308,1661.0
T000125,2006-12-31,1488.5602,1317.0104,1425.7517,1169.7135,1082.4612,1342.0
T000125,2007-03-31,1464.7908,1097.9526,1415.7301,1198.5575,1149.9517,1271.0
T000125,2007-06-30,1550.455,1330.1034,1425.7861,1206.1151,1397.5176,1420.0
T000126,2006-09-30,3625.086,3176.7004,3473.6047,2581.0552,3152.328,3836.0
T000126,2006-12-31,3459.3806,4173.218,3424.3774,2530.8662,2833.5278,3280.0
T000126,2007-03-31,3462.3276,2799.3677,3409.2007,2631.8289,2736.9807,3076.0
T000126,2007-06-30,3852.313,3349.692,3424.2861,2647.124,2195.7144,3490.0
T000127,2006-09-30,3443.0088,3367.2737,3794.4233,3125.6917,3740.9385,3726.0
T000127,2006-12-31,3689.644,2745.9614,3847.6882,3067.4895,4151.459,4109.0
T000127,2007-03-31,3675.4463,3243.6753,3857.4673,3183.336,3171.4841,4318.0
T000127,2007-06-30,3661.8386,2955.6328,3828.2854,3205.563,2785.0264,3217.0
T000128,2006-09-30,17383.266,10892.974,16288.018,7964.323,14733.878,12934.0
T000128,2006-12-31,19312.703,14794.51,17479.857,7426.8022,14230.9,22696.0
T000128,2007-03-31,18954.355,11146.86,16583.947,8346.682,8997.106,16358.0
T000128,2007-06-30,18848.83,11616.284,16705.664,8546.22,9523.49,15228.0
T000129,2006-09-30,9529.387,7446.7764,8840.332,5188.3,7118.167,9313.0
T000129,2006-12-31,9464.951,10221.669,8775.931,5046.758,6105.4995,8585.0
T000129,2007-03-31,9505.026,6481.5625,8759.864,5318.002,3476.4363,8252.0
T000129,2007-06-30,10220.287,7657.7876,8776.686,5361.046,3898.7048,8938.0
T000130,2006-09-30,24954.084,22632.05,24496.982,20774.66,24371.105,26697.0
T000130,2006-12-31,24668.254,24903.986,24174.564,20624.69,19963.248,21477.0
T000130,2007-03-31,25259.52,21024.146,24134.158,20911.035,19898.078,24259.0
T000130,2007-06-30,25732.125,22831.824,24207.996,20956.934,23425.18,24276.0
T000131,2006-09-30,3126.9033,2933.3066,3310.6003,2613.286,2913.963,3457.0
T000131,2006-12-31,3277.9512,3010.095,3298.9573,2577.5315,2773.76,3279.0
T000131,2007-03-31,3295.698,2567.3362,3303.5264,2650.1077,3283.894,3467.0
T000131,2007-06-30,3302.6123,2854.0254,3301.6152,2664.4492,2832.2317,2995.0
T000132,2006-09-30,11750.81,9994.576,12769.608,9002.264,12527.418,12095.0
T000132,2006-12-31,12414.859,11154.611,12908.618,8773.49,10984.247,13478.0
T000132,2007-03-31,12954.229,10081.515,13032.321,9174.693,10712.718,15173.0
T000132,2007-06-30,12473.9375,9828.566,12906.972,9246.384,10377.1455,11093.0
T000133,2006-09-30,3995.2554,3370.4138,4168.6875,2923.1763,4051.1794,4271.0
T000133,2006-12-31,4120.815,3760.9365,4173.6143,2850.231,3534.6165,4212.0
T000133,2007-03-31,4207.387,3202.6912,4195.872,2982.0513,2500.7827,4606.0
T000133,2007-06-30,4168.953,3262.2026,4178.283,3008.0222,2662.422,3637.0
T000134,2006-09-30,12383.193,11157.232,13661.124,9859.923,12712.451,13899.0
T000134,2006-12-31,12859.489,10897.575,13956.953,9659.59,11414.164,15471.0
T000134,2007-03-31,12771.241,10428.646,13797.795,10043.542,11598.248,14481.0
T000134,2007-06-30,12848.401,10676.088,13771.584,10132.585,10805.96,11361.0
T000135,2006-09-30,14047.861,11841.338,13161.255,8482.311,11662.267,14252.0
T000135,2006-12-31,13654.213,14696.088,13004.383,8311.81,9431.247,12442.0
T000135,2007-03-31,13570.652,10679.522,12967.714,8649.598,6774.6514,11975.0
T000135,2007-06-30,14789.963,12267.981,13010.601,8704.742,8063.7334,13325.0
T000136,2006-09-30,197026.5,168826.11,192461.1,152605.72,176308.47,199947.0
T000136,2006-12-31,197050.06,197003.28,191688.02,150984.28,157833.0,191415.0
T000136,2007-03-31,197672.6,157044.8,191139.2,153994.7,146046.4,187920.0
T000136,2007-06-30,203751.83,171933.48,191551.31,154541.6,153365.81,186573.0
T000137,2006-09-30,33071.87,30660.691,31570.514,24520.094,28977.982,34069.0
T000137,2006-12-31,32636.043,32714.23,31304.736,24140.518,28108.105,30978.0
T000137,2007-03-31,31783.291,31614.383,31168.05,24862.117,30337.703,28229.0
T000137,2007-06-30,33668.254,32796.26,31264.71,24996.037,31232.895,31690.0
T000138,2006-09-30,14261.254,17706.145,12963.339,11380.969,35903.414,15583.0
T000138,2006-12-31,15348.055,-2430.5117,12598.831,10865.598,30240.38,10197.0
T000138,2007-03-31,16005.6,30544.803,12748.295,11709.017,1658.3076,15830.0
T000138,2007-06-30,17168.281,17581.45,12726.839,11838.047,22239.473,9105.0
T000139,2006-09-30,5003.49,3911.6301,6069.805,1641.2361,7509.8984,7483.0
T000139,2006-12-31,5194.224,4074.415,5855.2017,1261.3396,5095.4077,3226.0
T000139,2007-03-31,6287.9326,5582.8545,6080.99,1866.7734,6573.0117,9314.0
T000139,2007-06-30,5851.349,4728.64,5999.6416,1922.6765,7914.82,3908.0
T000140,2006-09-30,9512.936,8707.551,9894.179,6357.127,10449.953,8813.0
T000140,2006-12-31,10824.964,4151.828,10093.629,5954.009,11004.841,10911.0
T000140,2007-03-31,11222.3955,12434.699,10238.356,6592.337,18554.785,12924.0
T000140,2007-06-30,10758.628,11116.219,10077.025,6690.6104,18120.803,7952.0
T000141,2006-09-30,4517.353,4093.8757,6808.733,3063.0425,8572.198,7442.0
T000141,2006-12-31,4971.49,2952.4077,6668.141,2643.0042,7757.9507,4841.0
T000141,2007-03-31,6553.1978,5761.981,7071.1387,3339.6418,9855.604,11844.0
T000141,2007-06-30,5651.421,4075.1035,6880.8633,3411.5425,9223.825,3478.0
T000142,2006-09-30,5164.843,4760.198,5842.3086,3909.8372,7759.811,6636.0
T000142,2006-12-31,5367.6143,3221.2878,5726.4214,3632.6545,6792.997,4582.0
T000142,2007-03-31,6112.4883,6281.058,5856.6445,4076.622,7599.9473,7719.0
T000142,2007-06-30,5749.867,5170.6504,5808.1787,4099.892,8872.072,4259.0
T000143,2006-09-30,2337.0098,2556.1846,3010.3489,2503.0552,4949.3535,3973.0
T000143,2006-12-31,2497.7676,1047.1543,2871.4292,2345.0317,3807.6807,1468.0
T000143,2007-03-31,3015.649,3796.0881,2962.412,2600.8184,4805.7217,4463.0
T000143,2007-06-30,2842.717,2795.6816,2936.5513,2629.809,6494.637,1777.0
T000144,2006-09-30,4836.0083,4905.0317,4960.2773,3957.9924,6277.6953,5104.0
T000144,2006-12-31,4778.12,4880.347,4911.9644,3809.5654,5729.5146,3626.0
T000144,2007-03-31,5580.818,5753.8706,5035.8755,4042.9863,6386.331,6548.0
T000144,2007-06-30,5482.0894,5029.9277,4986.0024,4068.6416,6871.659,4687.0
T000145,2006-09-30,9893.938,8561.652,10372.532,6505.1943,9469.27,9931.0
T000145,2006-12-31,10663.511,9502.392,10299.48,6171.9062,8249.8955,8005.0
T000145,2007-03-31,12162.242,9500.198,10689.224,6696.2373,11215.453,15015.0
T000145,2007-06-30,11242.695,9112.936,10516.848,6797.9883,11164.529,9259.0
T000146,2006-09-30,10474.963,5644.2544,14808.683,2230.1396,15549.023,17464.0
T000146,2006-12-31,11667.069,9949.913,14366.984,1208.0391,12245.59,9268.0
T000146,2007-03-31,14979.849,7464.854,15089.96,2838.8716,8347.141,24432.0
T000146,2007-06-30,13151.885,6410.289,14789.959,3100.9575,9651.133,7977.0
T000147,2006-09-30,10356.046,8846.0205,10634.354,7610.8223,11262.972,9641.0
T000147,2006-12-31,10742.827,10902.269,10607.997,7388.12,8705.833,8892.0
T000147,2007-03-31,11818.458,10185.147,10939.328,7758.7275,9249.445,14580.0
T000147,2007-06-30,11415.995,8848.89,10799.482,7855.3555,11120.021,10230.0
T000148,2006-09-30,17961.309,16895.133,16267.25,13930.3125,27238.086,18805.0
T000148,2006-12-31,16745.256,17042.807,15874.82,13624.776,21568.379,9943.0
T000148,2007-03-31,17693.125,20916.271,15965.988,14248.795,12978.109,17566.0
T000148,2007-06-30,19452.947,18417.467,15998.057,14472.726,22384.158,17503.0
T000149,2006-09-30,2119.298,1983.7456,2670.8367,1286.9939,3344.5488,2448.0
T000149,2006-12-31,2419.8772,1646.0621,2644.2053,1115.673,3068.259,1878.0
T000149,2007-03-31,2992.9338,2895.6816,2834.294,1393.1287,3577.9663,4911.0
T000149,2007-06-30,2621.6912,2058.9854,2742.562,1420.7808,3685.7678,1810.0
T000150,2006-09-30,9806.906,8664.354,9189.722,6802.3896,15679.346,9249.0
T000150,2006-12-31,11642.637,-722.7578,9182.016,6156.55,17088.852,8885.0
T000150,2007-03-31,11652.828,13661.713,9377.309,7219.9097,16965.281,11806.0
T000150,2007-06-30,11431.684,12280.6875,9267.002,7396.936,20164.773,7205.0
T000151,2006-09-30,3293.6035,2671.2803,3898.1511,2879.0684,5088.986,4816.0
T000151,2006-12-31,3514.3193,493.7539,3776.4343,2630.1519,5134.14,2989.0
T000151,2007-03-31,3715.5774,3928.4521,3850.774,3029.0137,6535.6772,5160.0
T000151,2007-06-30,3537.5244,3638.7588,3830.8298,3080.7236,7264.577,2288.0
T000152,2006-09-30,11983.584,9534.227,13442.874,10087.711,17937.873,15156.0
T000152,2006-12-31,13054.14,1835.2988,13345.366,9227.488,19059.682,13159.0
T000152,2007-03-31,13595.447,14526.678,13477.968,10549.033,23724.273,16415.0
T000152,2007-06-30,12877.602,13397.721,13395.039,10667.031,26936.246,8793.0
T000153,2006-09-30,15554.225,14338.625,16475.467,13326.406,19094.764,16846.0
T000153,2006-12-31,16126.548,12365.069,16348.63,12865.917,18533.693,14309.0
T000153,2007-03-31,17093.805,17112.436,16724.297,13604.555,17262.38,20986.0
T000153,2007-06-30,16359.915,15564.837,16553.668,13655.682,19390.799,14150.0
T000154,2006-09-30,168149.08,157469.78,178914.45,150957.47,221356.98,193459.0
T000154,2006-12-31,175079.72,114556.75,176487.62,145260.2,200882.31,147157.0
T000154,2007-03-31,187634.6,203004.28,180126.69,154212.25,220419.02,227742.0
T000154,2007-06-30,180689.97,175056.56,178664.23,154947.08,263417.25,146071.0
T000155,2006-09-30,2621.0137,2358.8193,2170.5527,1639.1926,2479.105,2000.0
T000155,2006-12-31,2784.4575,1910.009,2335.956,1599.3562,3178.1187,3100.0
T000155,2007-03-31,2598.197,2366.8281,2188.2944,1670.7799,1832.6635,1300.0
T000155,2007-06-30,2777.4688,2383.2544,2201.8035,1706.074,1881.0986,2500.0
T000156,2006-09-30,54221.39,44942.785,50470.0,38805.4,44742.83,55800.0
T000156,2006-12-31,54604.547,53028.797,50458.39,38136.207,45116.477,53000.0
T000156,2007-03-31,53104.387,38884.79,49844.4,39346.562,39477.098,41100.0
T000156,2007-06-30,56874.46,45253.496,50046.625,39590.945,39239.598,50200.0
T000157,2006-09-30,2357.4146,1933.9453,2126.193,1284.781,1907.214,2200.0
T000157,2006-12-31,2445.5908,2400.6003,2220.0383,1246.2002,2055.8433,2700.0
T000157,2007-03-31,2323.6711,1706.0593,2129.9065,1322.9436,911.1457,1400.0
T000157,2007-06-30,2629.1838,1905.9723,2138.663,1340.833,933.0717,2300.0
T000158,2006-09-30,3890.6448,3780.1548,3750.8625,3349.9648,4615.5596,4400.0
T000158,2006-12-31,3816.8772,2927.9429,3756.9644,3288.6643,4799.272,4100.0
T000158,2007-03-31,3488.7336,4138.9385,3675.1492,3419.1692,3770.463,2700.0
T000158,2007-06-30,4025.0525,4253.7227,3704.2632,3466.688,4211.0566,3600.0
T000159,2006-09-30,199973.58,164354.89,206529.8,168422.94,209935.02,202800.0
T000159,2006-12-31,212393.78,174616.02,211037.22,164576.97,217979.69,232100.0
T000159,2007-03-31,213186.0,161885.61,208967.38,171272.62,150134.56,220200.0
T000159,2007-06-30,209523.72,165153.56,208491.02,172478.0,141610.38,181200.0
T000160,2006-09-30,5558.219,5100.3545,4912.5044,4341.142,6495.0903,4300.0
T000160,2006-12-31,6054.426,3953.6162,5077.027,4207.3003,6860.502,5800.0
T000160,2007-03-31,5960.136,5961.1353,4937.0312,4452.784,6212.4185,4600.0
T000160,2007-06-30,6028.9907,5757.52,4950.8647,4530.7144,6556.8296,5200.0
T000161,2006-09-30,12202.852,10763.728,10912.392,8122.6924,9978.435,11600.0
T000161,2006-12-31,11954.771,12922.304,10802.671,8021.7217,9063.352,10600.0
T000161,2007-03-31,11920.512,9744.803,10802.867,8198.427,7261.9746,9100.0
T000161,2007-06-30,12701.713,10933.433,10810.965,8249.757,8262.091,11900.0
T000162,2006-09-30,5482.1807,3992.5122,4515.3794,1596.8231,3652.4702,4600.0
T000162,2006-12-31,5697.797,5391.511,4524.796,1460.2675,2912.8408,4700.0
T000162,2007-03-31,5481.3833,3556.4448,4498.4756,1694.5615,711.07227,3600.0
T000162,2007-06-30,5891.9424,4395.086,4494.1216,1732.8269,1769.4392,5100.0
T000163,2006-09-30,3013.7036,2175.5059,2196.9597,1114.9243,2320.6624,1500.0
T000163,2006-12-31,3222.9744,2482.1738,2416.7441,1044.8417,2391.576,3400.0
T000163,2007-03-31,2974.2231,2224.84,2224.072,1180.7488,451.77942,1400.0
T000163,2007-06-30,3253.8906,2357.0933,2237.9648,1223.1421,917.9865,2800.0
T000164,2006-09-30,9336.833,8260.076,9604.442,6776.9453,9741.147,10800.0
T000164,2006-12-31,9459.117,7534.6514,9639.683,6602.6934,9849.579,10400.0
T000164,2007-03-31,9108.992,7989.7563,9468.631,6899.3286,7339.09,8600.0
T000164,2007-06-30,9522.616,8560.018,9540.418,6961.34,7433.9775,8300.0
T000165,2006-09-30,3787.0596,2993.0986,3615.0073,2634.6409,2290.1667,4200.0
T000165,2006-12-31,3889.2544,4028.286,3526.9993,2580.2231,2337.2012,3100.0
T000165,2007-03-31,3881.585,2537.1785,3505.6423,2670.633,3463.7627,3200.0
T000165,2007-06-30,4043.9844,3403.8396,3532.071,2686.5566,3307.7825,3600.0
T000166,2006-09-30,301701.7,251981.1,300905.06,249716.75,297510.44,304400.0
T000166,2006-12-31,314624.6,271255.25,306282.44,245619.78,305195.22,333100.0
T000166,2007-03-31,312370.66,241349.47,301786.38,252507.42,216416.97,297000.0
T000166,2007-06-30,312743.9,255058.73,302583.06,254165.36,212675.4,276500.0
T000167,2006-09-30,3991.57,3698.9802,3576.251,2611.636,3723.603,3900.0
T000167,2006-12-31,3826.8555,4240.8374,3524.9177,2559.6587,3580.5234,3400.0
T000167,2007-03-31,3730.664,3238.2993,3523.8484,2672.947,1778.9773,2900.0
T000167,2007-06-30,4268.5425,3611.1426,3530.2769,2697.5051,2059.602,3900.0
T000168,2006-09-30,25292.893,22684.516,19059.12,9076.927,18428.129,22600.0
T000168,2006-12-31,23577.668,31054.344,18098.844,8613.324,16320.899,13900.0
T000168,2007-03-31,23207.861,18328.213,18360.982,9451.627,5575.9746,9800.0
T000168,2007-06-30,28596.766,24247.775,18398.42,9727.424,10578.179,26800.0
T000169,2006-09-30,28074.434,21692.84,17060.889,6783.5684,13334.954,15800.0
T000169,2006-12-31,26842.406,35128.71,16060.315,6364.382,8723.213,11500.0
T000169,2007-03-31,26737.168,19519.236,16578.053,7145.853,1384.3398,8800.0
T000169,2007-06-30,31287.756,26296.113,16656.39,7418.625,11023.019,29600.0
T000170,2006-09-30,10972.992,9858.725,8154.4844,3792.6936,9998.892,10000.0
T000170,2006-12-31,9962.639,12161.678,7742.7334,3569.3496,8374.963,6200.0
T000170,2007-03-31,9698.662,8841.21,7821.748,4002.6155,1610.6387,3900.0
T000170,2007-06-30,11981.757,10954.964,7849.985,4119.8745,5127.3784,11100.0
T000171,2006-09-30,8080.162,6683.663,5527.2344,2574.1213,5724.001,5500.0
T000171,2006-12-31,7588.3887,9937.359,5264.386,2443.3271,4381.8545,4100.0
T000171,2007-03-31,7540.2686,6280.733,5391.3813,2711.289,1681.314,3200.0
T000171,2007-06-30,9024.902,7566.1416,5402.9155,2793.2163,4099.8965,8600.0
T000172,2006-09-30,2895.4941,2649.5237,2187.984,845.4444,2570.8945,2500.0
T000172,2006-12-31,2671.1328,3837.3447,2074.113,778.6864,2256.585,1500.0
T000172,2007-03-31,2662.412,2288.394,2113.3137,874.94916,552.57007,1200.0
T000172,2007-06-30,3353.332,2840.0952,2117.597,934.7729,1209.3019,3200.0
T000173,2006-09-30,4919.3525,4272.3105,4278.166,3365.307,4417.8257,4400.0
T000173,2006-12-31,4772.3354,5352.761,4203.9863,3323.3599,4109.151,3800.0
T000173,2007-03-31,4739.794,3959.986,4235.297,3397.3206,2527.912,3700.0
T000173,2007-06-30,5286.366,4574.6294,4237.8564,3426.1877,3143.8984,5000.0
T000174,2006-09-30,133374.12,121747.445,106591.32,59880.332,112368.84,129800.0
T000174,2006-12-31,124022.5,154296.53,101699.6,57638.03,100784.68,82900.0
T000174,2007-03-31,121759.81,105330.7,102489.8,61730.477,43558.96,58600.0
T000174,2007-06-30,146980.31,131486.75,102927.125,62971.02,73479.36,138000.0
T000175,2006-09-30,7205.6577,6557.649,5529.586,2895.6182,5697.285,6600.0
T000175,2006-12-31,6535.926,8594.951,5300.95,2741.776,5844.665,4600.0
T000175,2007-03-31,6343.424,5774.646,5338.5522,3067.1646,3721.955,2700.0
T000175,2007-06-30,8046.4062,7117.131,5350.726,3140.3267,4183.7695,7400.0
T000176,2006-09-30,224337.97,199990.78,171778.9,92737.56,176149.05,201400.0
T000176,2006-12-31,209319.7,264627.12,164050.12,89024.49,154779.61,131700.0
T000176,2007-03-31,205833.88,173520.47,166046.22,95927.11,67418.97,95000.0
T000176,2007-06-30,247884.66,218695.95,166368.86,98019.06,118566.19,233500.0
T000177,2006-09-30,7081.465,5912.9473,4277.6104,-887.719,4954.484,6200.0
T000177,2006-12-31,6201.2036,9609.877,3779.2593,-1105.9978,2889.817,1000.0
T000177,2007-03-31,6232.6094,4426.385,3906.7163,-789.71313,-4981.293,600.0
T000177,2007-06-30,8327.42,7098.355,3939.7532,-613.49133,-801.7356,7700.0
T000178,2006-09-30,20591.457,18742.941,13220.397,-1476.206,20030.553,19300.0
T000178,2006-12-31,17626.938,27804.07,11775.514,-2116.4468,12926.537,3900.0
T000178,2007-03-31,17507.033,15229.425,12086.187,-1211.5366,-18356.012,2700.0
T000178,2007-06-30,24160.305,21590.879,12212.404,-688.4878,-5886.464,22200.0
T000179,2006-09-30,39912.047,33547.75,27272.836,6165.4385,33432.367,34200.0
T000179,2006-12-31,35803.305,48389.523,25376.686,5227.251,25377.832,15600.0
T000179,2007-03-31,35252.13,29728.053,25902.959,6817.923,-10781.48,11800.0
T000179,2007-06-30,44713.523,39252.875,26001.111,7432.6196,7002.788,41400.0
T000180,2006-09-30,3977.2322,3879.1357,2734.612,829.9421,3220.813,3800.0
T000180,2006-12-31,3625.2126,5098.965,2483.5164,731.2999,2525.2915,1300.0
T000180,2007-03-31,3541.1455,3193.5222,2538.6956,892.6094,-638.60205,600.0
T000180,2007-06-30,4704.7163,4465.105,2557.5774,952.92664,1115.3894,4400.0
T000181,2006-09-30,3691.4365,3684.964,2611.003,849.7543,3778.6846,3400.0
T000181,2006-12-31,3349.6128,4434.4897,2420.792,750.07434,3500.7556,1700.0
T000181,2007-03-31,3213.223,3150.7397,2463.5452,932.9821,47.220093,600.0
T000181,2007-06-30,4325.376,3806.5354,2472.8738,992.5169,1087.4509,4100.0
T000182,2006-09-30,8015.8247,7241.1465,6417.312,3212.0615,6165.0938,8100.0
T000182,2006-12-31,7403.6494,9362.248,6090.8174,3061.7344,5391.058,4800.0
T000182,2007-03-31,7249.7803,6338.4243,6124.66,3359.2769,3329.2854,3400.0
T000182,2007-06-30,8767.672,7892.294,6163.088,3429.0586,4834.3687,8200.0
T000183,2006-09-30,23591.121,20828.879,15985.306,2554.915,20110.238,19800.0
T000183,2006-12-31,21341.234,31470.096,14787.093,1955.7495,15833.67,8300.0
T000183,2007-03-31,21140.66,17052.104,15168.728,2816.4595,-8871.033,6500.0
T000183,2007-06-30,27331.676,23065.129,15219.127,3316.3022,162.83887,25600.0
T000184,2006-09-30,106720.96,94000.36,72460.36,10137.967,92878.61,94800.0
T000184,2006-12-31,95221.23,136175.97,66653.7,7395.7812,68960.445,36600.0
T000184,2007-03-31,93980.42,79131.94,68151.23,11582.273,-46770.883,26000.0
T000184,2007-06-30,122067.29,107276.2,68509.01,13640.271,2494.6875,113600.0
T000185,2006-09-30,3473.2056,2161.5527,4187.3486,2121.0444,4384.377,4300.0
T000185,2006-12-31,3898.0237,2010.1261,4474.265,1980.5435,4104.5293,5900.0
T000185,2007-03-31,3827.4238,2044.5248,4258.6465,2239.5867,2219.7485,4300.0
T000185,2007-06-30,3738.0742,2112.5703,4285.86,2295.6118,2013.3933,2700.0
T000186,2006-09-30,3321.723,2878.9656,3233.8477,1914.3987,3656.4019,3300.0
T000186,2006-12-31,3466.696,3053.4834,3450.8423,1854.133,3283.0325,4500.0
T000186,2007-03-31,3262.5542,2040.9407,3251.6125,1974.1201,594.33093,2200.0
T000186,2007-06-30,3790.3877,2328.3992,3285.6138,2014.8264,537.3258,3200.0
T000187,2006-09-30,9886.729,7948.5166,7604.0293,3528.4065,9639.136,10600.0
T000187,2006-12-31,8941.146,10265.722,7096.138,3269.8618,8806.28,5300.0
T000187,2007-03-31,8680.66,7089.7896,7094.6616,3788.7834,109.53613,2800.0
T000187,2007-06-30,10841.036,9556.292,7171.066,3925.1677,4866.5054,9800.0
T000188,2006-09-30,9230.049,8114.272,5433.93,31.300049,8313.215,5400.0
T000188,2006-12-31,8391.118,13448.367,4954.1943,-215.32178,4875.665,2400.0
T000188,2007-03-31,8550.26,6800.869,5200.9707,123.782715,-5885.424,2000.0
T000188,2007-06-30,11230.861,8617.264,5226.926,357.45972,-515.51245,10700.0
T000189,2006-09-30,6875.6157,4558.3823,6179.033,3205.067,6091.858,4800.0
T000189,2006-12-31,7320.409,7508.8223,6317.563,3056.379,4320.2354,6900.0
T000189,2007-03-31,7501.215,4231.5396,6310.777,3322.4675,246.22803,7200.0
T000189,2007-06-30,7625.025,4289.3433,6260.7046,3390.814,864.67896,6300.0
T000190,2006-09-30,10888.551,7402.0615,9317.55,6788.3447,8375.072,8600.0
T000190,2006-12-31,11183.049,10615.438,9696.744,6622.4033,8367.464,11400.0
T000190,2007-03-31,11133.808,7222.156,9363.528,6904.278,4997.0137,7700.0
T000190,2007-06-30,11714.983,8173.01,9394.868,6969.876,6098.4395,10100.0
T000191,2006-09-30,43148.18,33698.953,35914.64,24387.209,36180.887,37000.0
T000191,2006-12-31,41929.152,46950.215,35754.04,23968.072,30892.932,36500.0
T000191,2007-03-31,41495.355,29687.484,35647.145,24728.797,13935.06,26300.0
T000191,2007-06-30,47059.54,35486.18,35607.562,25013.248,22933.959,42700.0
T000192,2006-09-30,3928.1223,2523.3853,3433.7085,1204.1769,2917.423,1900.0
T000192,2006-12-31,4575.1597,3143.1208,3797.9458,1059.4191,3135.542,5400.0
T000192,2007-03-31,4425.061,2730.3982,3536.0789,1317.7516,1902.376,3600.0
T000192,2007-06-30,4401.4707,2743.8032,3554.3489,1393.4846,1546.9623,3500.0
T000193,2006-09-30,2015.1493,2099.1167,1924.8961,1702.6409,2150.6465,2100.0
T000193,2006-12-31,2156.4136,1358.7045,1960.2805,1664.4999,2917.9773,2200.0
T000193,2007-03-31,2024.0806,2634.7747,1914.3916,1751.5942,3792.67,1500.0
T000193,2007-06-30,2204.8794,2408.6233,1923.079,1773.0416,3448.6194,1900.0
T000194,2006-09-30,57166.727,57045.08,66271.58,51829.94,98416.8,105700.0
T000194,2006-12-31,52812.09,39972.242,61220.535,49975.57,104012.89,51000.0
T000194,2007-03-31,51084.484,50753.176,58839.81,53446.758,26509.785,35700.0
T000194,2007-06-30,61806.844,63057.29,60963.18,54141.613,43845.273,49600.0
T000195,2006-09-30,43596.227,33178.81,40787.668,32567.482,38527.96,40600.0
T000195,2006-12-31,44918.305,40649.812,41232.39,32035.277,35897.844,43300.0
T000195,2007-03-31,44918.324,31552.969,40854.797,32994.508,26012.664,40300.0
T000195,2007-06-30,45753.914,34904.18,40934.95,33230.516,29760.852,39600.0
T000196,2006-09-30,21833.754,17127.852,20378.434,13736.92,18366.273,15600.0
T000196,2006-12-31,24363.832,19759.9,21738.46,13295.854,20488.445,27700.0
T000196,2007-03-31,23736.04,17062.879,20674.855,14099.67,17852.623,19900.0
T000196,2007-06-30,23980.484,16744.828,20801.914,14368.84,16069.956,20600.0
T000197,2006-09-30,59403.68,46676.89,51235.44,37610.086,45838.637,48400.0
T000197,2006-12-31,60135.484,56561.953,51156.35,37032.746,36614.195,51300.0
T000197,2007-03-31,60102.65,44876.742,51176.004,38146.797,31170.254,49400.0
T000197,2007-06-30,62481.336,50335.535,51182.992,38369.516,42980.87,55600.0
T000198,2006-09-30,72888.45,53602.164,60920.957,28793.637,51105.39,52000.0
T000198,2006-12-31,74602.25,70898.234,62778.223,27301.309,45968.613,71200.0
T000198,2007-03-31,72397.49,56972.75,61171.69,29937.738,26917.523,55900.0
T000198,2007-06-30,76142.07,61214.98,61240.53,30456.988,35503.848,67300.0
T000199,2006-09-30,28441.535,20735.18,29204.352,19071.346,24227.334,26800.0
T000199,2006-12-31,32180.338,23493.658,30474.916,18324.457,25148.672,36200.0
T000199,2007-03-31,32500.592,18332.959,29713.875,19701.59,24703.703,31200.0
T000199,2007-06-30,31467.158,20439.217,29726.205,20011.395,21913.23,25200.0
T000200,2006-09-30,2998.692,1771.8301,3336.4292,1515.896,3001.3408,2800.0
T000200,2006-12-31,3630.3464,2063.605,3602.8594,1387.8734,3243.6558,4800.0
T000200,2007-03-31,3612.2336,1594.1356,3448.3818,1621.4294,2505.9927,3800.0
T000200,2007-06-30,3452.9414,1749.4521,3447.4475,1679.7695,1748.0569,2500.0
T000201,2006-09-30,289793.53,238143.95,275158.25,228378.03,258016.4,296100.0
T000201,2006-12-31,293946.06,259174.88,276581.6,225194.05,257675.27,293000.0
T000201,2007-03-31,288867.34,227614.67,273116.6,230991.67,224799.44,241300.0
T000201,2007-06-30,300810.12,256004.34,274209.0,232406.9,247722.69,265900.0
T000202,2006-09-30,71828.2,52324.203,60151.715,39621.547,45125.543,62200.0
T000202,2006-12-31,73113.81,70879.59,60359.87,38659.402,40179.992,62900.0
T000202,2007-03-31,72546.84,41850.105,59918.246,40520.473,31307.594,48800.0
T000202,2007-06-30,76976.93,57605.855,59891.66,40840.97,37163.586,66000.0
T000203,2006-09-30,50321.945,38799.08,47142.023,35641.875,40258.016,43500.0
T000203,2006-12-31,54414.527,43019.82,48378.066,34966.96,36109.297,53800.0
T000203,2007-03-31,53645.2,34715.617,47491.21,36317.19,31103.395,47700.0
T000203,2007-06-30,53714.02,41094.35,47591.953,36733.75,33904.61,45800.0
T000204,2006-09-30,23398.605,20530.324,25037.162,19972.912,25534.371,25900.0
T000204,2006-12-31,23534.225,23413.205,25040.613,19651.514,24743.582,25200.0
T000204,2007-03-31,23543.883,19746.234,25155.201,20265.836,17083.342,27500.0
T000204,2007-06-30,24383.219,19472.785,25067.383,20395.238,14812.777,21700.0
T000205,2006-09-30,8370.449,7485.2744,7647.8306,6294.5977,7249.391,7400.0
T000205,2006-12-31,8534.402,8285.066,7675.512,6230.2373,7204.717,7900.0
T000205,2007-03-31,8263.029,6769.597,7644.414,6358.9785,5851.81,7000.0
T000205,2007-06-30,8887.587,7539.8574,7640.6294,6394.133,5945.785,8300.0
T000206,2006-09-30,8935.994,7091.6826,9056.801,6772.0146,8974.64,7900.0
T000206,2006-12-31,9940.643,5553.544,9672.314,6543.951,10046.11,12400.0
T000206,2007-03-31,9589.162,7741.9004,9217.888,6927.805,8770.669,9200.0
T000206,2007-06-30,9369.691,8242.125,9285.632,7052.087,8363.586,7800.0
T000207,2006-09-30,1406.4719,965.76697,950.70056,412.25385,523.26904,800.0
T000207,2006-12-31,1463.933,1630.9082,965.0972,383.7802,479.98965,1100.0
T000207,2007-03-31,1396.5256,845.7417,947.14557,434.40198,378.88177,500.0
T000207,2007-06-30,1555.4724,1247.5037,944.4635,446.55237,486.5432,1400.0
T000208,2006-09-30,164129.66,127809.79,149815.19,116555.45,124651.13,147600.0
T000208,2006-12-31,171089.16,152941.4,152241.27,114952.64,117003.36,163300.0
T000208,2007-03-31,168511.9,111858.65,150088.67,118195.46,103627.2,140700.0
T000208,2007-06-30,173502.55,135585.72,150430.58,119002.98,107632.22,151000.0
T000209,2006-09-30,21224.934,13457.849,23310.945,3735.087,20536.938,16600.0
T000209,2006-12-31,26155.873,11423.961,26605.5,2443.6338,24321.305,41200.0
T000209,2007-03-31,24844.393,13927.213,24273.596,4709.378,14443.251,25100.0
T000209,2007-06-30,24046.69,11861.507,24564.21,5312.718,6670.3267,16300.0
T000210,2006-09-30,1103.5404,632.181,974.24994,293.8288,1048.591,400.0
T000210,2006-12-31,1481.2803,150.47278,1147.1438,218.01508,1493.0564,1900.0
T000210,2007-03-31,1448.5914,874.7864,1018.06903,344.74805,728.7325,1000.0
T000210,2007-06-30,1361.8345,931.1139,1033.1638,375.63373,597.641,900.0
T000211,2006-09-30,2162.1995,1438.1473,2726.9688,577.16785,2654.4285,2300.0
T000211,2006-12-31,2628.3386,891.67426,3154.438,444.61206,3028.392,5100.0
T000211,2007-03-31,2494.289,1572.5824,2818.4236,679.68933,1193.62,2600.0
T000211,2007-06-30,2431.6313,1224.4229,2879.2305,746.1373,387.99646,1600.0
T000212,2006-09-30,6901.534,4967.878,6284.4897,3663.1401,6695.4854,6000.0
T000212,2006-12-31,7716.2266,4311.9717,6844.0586,3453.5195,7257.4375,9400.0
T000212,2007-03-31,7060.1104,4648.786,6341.447,3810.183,3353.3599,4700.0
T000212,2007-06-30,7242.9414,5269.568,6450.406,3923.4707,3381.683,5800.0
T000213,2006-09-30,3566.0059,2561.216,3487.814,2197.4297,3784.0776,3300.0
T000213,2006-12-31,3809.4438,2221.2517,3723.2334,2095.8408,4352.8076,4800.0
T000213,2007-03-31,3627.1943,2710.948,3522.9207,2288.4333,1524.4009,3200.0
T000213,2007-06-30,3718.8179,2691.5874,3566.6567,2325.125,1845.1952,3000.0
T000214,2006-09-30,34809.758,23160.898,36813.402,10886.199,32948.24,28600.0
T000214,2006-12-31,41392.04,18988.97,41495.617,9191.705,39091.6,62300.0
T000214,2007-03-31,39138.453,23779.084,37940.367,12088.768,25676.678,36800.0
T000214,2007-06-30,38282.953,21985.441,38525.71,12987.285,16461.47,27500.0
T000215,2006-09-30,1363.2786,849.9615,1843.6865,848.2454,1862.4768,1700.0
T000215,2006-12-31,1725.0353,837.3437,2011.2925,760.9714,1966.3557,2800.0
T000215,2007-03-31,1678.217,940.9857,1908.265,914.00287,1341.0779,2100.0
T000215,2007-06-30,1586.1681,961.9677,1910.1772,952.9898,704.88025,1100.0
T000216,2006-09-30,2218.6028,1360.6154,2334.9006,1137.0369,1423.074,1900.0
T000216,2006-12-31,2576.6274,1907.6527,2511.7964,1060.582,1701.1182,3300.0
T000216,2007-03-31,2539.4636,1251.8025,2405.2358,1197.7402,2450.6265,2600.0
T000216,2007-06-30,2467.4204,1435.7036,2406.4045,1227.7986,1431.6941,1900.0
T000217,2006-09-30,29154.012,25410.934,22778.566,14462.67,21537.258,25500.0
T000217,2006-12-31,27615.488,33446.164,21964.418,14099.934,18748.01,18300.0
T000217,2007-03-31,27552.803,21849.078,22208.156,14774.875,9798.416,15000.0
T000217,2007-06-30,31524.652,27836.307,22235.703,14981.94,15277.987,29700.0
T000218,2006-09-30,1994.8707,1142.821,2300.393,545.0554,2255.4656,1800.0
T000218,2006-12-31,2466.908,600.1345,2664.7014,406.95093,2815.234,4300.0
T000218,2007-03-31,2364.9836,1309.1616,2380.1804,637.345,1908.6422,2200.0
T000218,2007-06-30,2258.1606,1131.6677,2430.7795,696.2672,1184.4032,1500.0
T000219,2006-09-30,1495.5793,1014.28186,1503.4705,1082.7996,1494.711,1300.0
T000219,2006-12-31,1751.8663,954.5835,1613.2378,1046.4125,1846.9037,2100.0
T000219,2007-03-31,1656.7272,845.12335,1529.6554,1116.9758,1032.5447,1500.0
T000219,2007-06-30,1674.5225,1072.4417,1543.445,1139.996,721.2083,1300.0
T000220,2006-09-30,121339.516,104520.94,109436.69,82603.98,108086.42,111000.0
T000220,2006-12-31,120320.22,128644.29,110435.39,81446.086,100658.01,117200.0
T000220,2007-03-31,118656.44,93247.67,109279.15,83832.44,53573.055,90400.0
T000220,2007-06-30,130601.36,101811.086,109264.086,84291.125,64122.22,119300.0
T000221,2006-09-30,5605.589,4548.64,5338.399,2948.188,4153.368,5100.0
T000221,2006-12-31,6213.1797,4413.3687,5655.331,2798.4648,5355.382,7100.0
T000221,2007-03-31,5819.758,4103.202,5374.205,3058.572,5097.5586,4600.0
T000221,2007-06-30,5986.0503,4648.4204,5437.833,3131.6816,3522.1536,5000.0
T000222,2006-09-30,163189.34,139556.23,145365.12,112271.53,140579.4,148000.0
T000222,2006-12-31,162234.86,171301.34,146483.42,110726.89,132090.33,155000.0
T000222,2007-03-31,159527.0,123929.52,145056.19,113861.88,69433.31,118100.0
T000222,2007-06-30,174463.4,139425.66,145006.66,114443.91,83108.02,160000.0
T000223,2006-09-30,2668.437,2139.5515,2391.5984,1849.2566,2256.6897,2500.0
T000223,2006-12-31,2826.0332,2107.5632,2438.4207,1794.8792,2810.1753,2700.0
T000223,2007-03-31,2644.1196,1929.782,2388.8762,1896.685,1923.7644,2000.0
T000223,2007-06-30,2813.879,2206.2715,2396.8135,1921.2063,1824.2676,2400.0
T000224,2006-09-30,14192.459,11319.581,12923.612,8140.9307,12123.003,11200.0
T000224,2006-12-31,15252.8125,12857.253,13494.821,7788.5396,11746.099,16000.0
T000224,2007-03-31,14769.913,11535.445,13025.881,8353.176,9282.867,12300.0
T000224,2007-06-30,14758.7,12097.481,13093.708,8485.029,9379.44,13100.0
T000225,2006-09-30,6532.3276,5247.093,6025.318,4536.4585,5955.0215,5800.0
T000225,2006-12-31,6589.0796,6330.114,6093.9653,4485.358,5022.403,6400.0
T000225,2007-03-31,6590.6143,4806.995,6034.04,4593.138,3292.3457,5800.0
T000225,2007-06-30,6964.918,5206.2397,6038.84,4613.286,4269.9478,6200.0
T000226,2006-09-30,23293.342,18752.393,21305.926,14762.8545,19749.29,19500.0
T000226,2006-12-31,24534.078,21212.682,22009.61,14359.047,19212.016,25100.0
T000226,2007-03-31,23839.945,18313.092,21413.176,15037.564,16762.432,20100.0
T000226,2007-06-30,24194.47,19511.688,21508.863,15189.144,17234.494,21600.0
T000227,2006-09-30,9749.326,8975.977,7452.539,1686.3059,6820.8438,11000.0
T000227,2006-12-31,8617.515,12289.319,6827.972,1419.3872,5948.581,4300.0
T000227,2007-03-31,8423.645,6494.163,6842.3784,1885.6995,914.9951,2100.0
T000227,2007-06-30,11223.014,10041.326,6934.5215,2029.7681,2672.5688,10100.0
T000228,2006-09-30,1362802.9,1145770.4,1216267.4,991374.94,1181481.2,1288300.0
T000228,2006-12-31,1353994.0,1357799.2,1214016.6,979817.44,1126584.0,1240900.0
T000228,2007-03-31,1327431.1,1038897.75,1207885.8,1002380.1,692242.6,1003400.0
T000228,2007-06-30,1426316.5,1205579.2,1208326.0,1006666.2,832312.6,1302300.0
T000229,2006-09-30,1044.0204,875.4204,1094.2537,632.353,1273.3341,844.0
T000229,2006-12-31,1178.3674,824.9033,1118.0137,597.6669,1100.4159,1202.0
T000229,2007-03-31,1251.7566,1076.4961,1140.0009,658.743,1020.5321,1508.0
T000229,2007-06-30,1183.2748,824.08545,1118.5946,670.1046,1200.1394,961.0
T000230,2006-09-30,3524.1934,2729.1514,3684.8215,1770.0527,3214.7773,3365.0
T000230,2006-12-31,3735.8345,3385.1235,3742.7603,1667.8625,2528.0234,3981.0
T000230,2007-03-31,3833.4443,2839.4065,3782.233,1848.1138,2251.2563,4533.0
T000230,2007-06-30,3740.0144,2665.3806,3736.801,1886.9136,2301.6753,3152.0
T000231,2006-09-30,1353.7689,1057.5094,1281.2253,869.71375,1117.3752,983.0
T000231,2006-12-31,1478.707,1289.6685,1319.5007,846.1275,998.2548,1481.0
T000231,2007-03-31,1523.5518,969.5764,1315.0719,890.81824,977.7968,1523.0
T000231,2007-06-30,1497.1488,993.98676,1302.2103,902.23737,837.72516,1262.0
T000232,2006-09-30,223.15155,182.94475,176.38512,70.185104,69.335434,134.0
T000232,2006-12-31,267.10315,146.04198,187.65337,64.64005,116.450424,238.0
T000232,2007-03-31,252.72726,196.25179,177.89604,74.99762,185.31905,144.0
T000232,2007-06-30,257.03436,228.49165,178.63968,77.72376,174.66599,206.0
T000233,2006-09-30,1318.8622,1083.46,1307.5264,999.86914,1229.2135,1394.0
T000233,2006-12-31,1403.102,1223.9233,1295.9728,959.06134,1177.4855,1253.0
T000233,2007-03-31,1384.9467,1134.1018,1294.4847,1020.53253,1370.254,1329.0
T000233,2007-06-30,1364.6628,1215.4194,1296.9774,1029.8635,1464.1185,1207.0
T000234,2006-09-30,7392.366,5986.0254,7533.9287,5111.9,6705.585,6720.0
T000234,2006-12-31,7951.161,6887.341,7654.5493,4945.1016,5776.825,8155.0
T000234,2007-03-31,8116.097,6235.647,7716.186,5237.7354,6309.2593,9037.0
T000234,2007-06-30,7844.006,5965.963,7632.255,5309.753,6380.9673,6788.0
T000235,2006-12-31,97458.38,83696.1,85537.49,75545.71,92220.55,86872.0
T000235,2007-03-31,98930.84,97074.11,86573.59,74514.35,94713.33,93719.0
T000235,2007-06-30,94308.8,76810.086,85369.625,76468.47,43479.57,64939.0
T000235,2007-09-30,104553.91,88159.37,85341.79,77133.664,51333.316,96735.0
T000236,2006-12-31,74611.414,61118.73,81104.72,48037.71,84680.89,102468.0
T000236,2007-03-31,73920.85,54853.52,79224.89,45432.676,87233.984,80601.0
T000236,2007-06-30,71011.21,60097.9,77524.586,49695.055,44722.305,69232.0
T000236,2007-09-30,74231.8,69414.695,78692.37,50408.234,48859.453,61422.0
T000237,2006-12-31,39408.48,35055.29,38301.617,34968.5,36282.94,36796.0
T000237,2007-03-31,39752.07,43265.74,38315.867,34737.906,35631.227,38005.0
T000237,2007-06-30,40898.66,32671.932,38385.457,35182.723,34951.8,39512.0
T000237,2007-09-30,42061.645,33765.605,38366.758,35285.727,32287.428,39231.0
T000238,2006-12-31,21006.604,18182.99,18579.111,16047.628,18074.807,17718.0
T000238,2007-03-31,20969.617,23910.057,18476.066,15869.641,16944.508,15552.0
T000238,2007-06-30,21365.443,16591.078,18626.4,16217.732,13233.816,20188.0
T000238,2007-09-30,22673.377,17967.795,18632.844,16270.384,13599.866,21066.0
T000239,2006-12-31,233365.72,199314.2,223150.27,192770.73,231979.5,243854.0
T000239,2007-03-31,233664.25,219490.92,222241.83,190646.06,235733.95,227877.0
T000239,2007-06-30,226767.12,186605.27,220256.39,194789.64,139581.34,193871.0
T000239,2007-09-30,240289.94,210153.44,221150.98,195616.33,148188.86,218454.0
T000240,2006-12-31,30328.54,19881.64,32848.24,4046.2812,38765.883,37862.0
T000240,2007-03-31,34972.47,3209.1855,36097.95,1576.3535,47950.53,53138.0
T000240,2007-06-30,29952.89,25350.91,32971.285,5543.0586,4104.045,24303.0
T000240,2007-09-30,30271.57,29164.984,33702.83,6288.371,4695.8594,19539.0
T000241,2006-12-31,10311.038,7889.037,11231.69,6855.326,11450.626,13080.0
T000241,2007-03-31,10597.83,6533.8857,11350.424,6451.5786,11923.288,12834.0
T000241,2007-06-30,9905.999,8337.716,11070.56,7170.0947,9219.547,10407.0
T000241,2007-09-30,10167.506,8888.27,11162.06,7277.542,9070.227,8256.0
T000242,2006-12-31,5007.3174,4331.2046,5188.2246,3573.65,5258.7725,5841.0
T000242,2007-03-31,5298.2275,3773.603,5290.6636,3436.335,5716.091,6062.0
T000242,2007-06-30,4946.2754,4280.447,5140.121,3659.0842,4183.4243,4407.0
T000242,2007-09-30,5064.6797,4718.508,5186.374,3703.5193,4078.2297,4410.0
T000243,2006-12-31,5909.1943,5821.5303,5963.4414,4920.7383,5173.8154,5349.0
T000243,2007-03-31,6386.773,6298.39,6153.847,4860.1924,5834.9927,6987.0
T000243,2007-06-30,6292.0312,5380.8315,5992.528,4972.7515,6781.639,5636.0
T000243,2007-09-30,6622.449,5158.173,6012.9585,5024.5986,5685.787,6174.0
T000244,2006-12-31,51481.49,38216.176,55153.17,20673.895,60157.33,62132.0
T000244,2007-03-31,56853.902,19905.02,58891.91,17741.842,71112.58,79021.0
T000244,2007-06-30,50696.06,43450.72,55198.906,22482.08,25858.893,44753.0
T000244,2007-09-30,51321.418,48126.324,56089.582,23334.94,24756.043,38379.0
T000245,2006-12-31,5950.2705,2965.7449,5928.7393,-1886.31,8261.809,6983.0
T000245,2007-03-31,7342.6,-1388.9238,6823.0693,-2485.7056,9722.392,11394.0
T000245,2007-06-30,5844.9795,4309.0146,5973.7603,-1535.3208,-4303.181,3117.0
T000245,2007-09-30,6035.2104,5421.614,6171.659,-1300.7827,-2504.2964,3222.0
T000246,2006-12-31,2834.8662,2013.606,3295.195,424.4724,4288.274,4160.0
T000246,2007-03-31,3086.0984,491.27515,3541.2031,190.61523,4970.424,5062.0
T000246,2007-06-30,2604.3872,2407.3186,3261.0706,568.99963,814.14844,2325.0
T000246,2007-09-30,2767.5515,2531.0432,3336.5015,637.0635,674.1836,1770.0
T000247,2006-12-31,730.95135,551.60956,587.4263,496.60547,613.2725,489.0
T000247,2007-03-31,769.9391,617.0087,626.6861,484.35333,717.26013,800.0
T000247,2007-06-30,725.71124,596.3726,592.2089,505.31485,499.24478,457.0
T000247,2007-09-30,756.4828,671.3237,595.99536,511.735,509.74396,660.0
T000248,2006-12-31,983.88446,764.45026,954.3406,499.4648,733.25684,1118.0
T000248,2007-03-31,1089.3513,672.6782,1000.1058,466.10062,884.37585,1280.0
T000248,2007-06-30,988.567,682.5129,946.7459,523.3073,835.9872,600.0
T000248,2007-09-30,1025.1665,955.1049,959.13617,535.9795,631.5213,840.0
T000249,2006-12-31,10509.479,6327.4434,10753.221,-865.0571,14059.21,12750.0
T000249,2007-03-31,12230.9375,401.88086,11993.423,-1741.3545,16179.691,18536.0
T000249,2007-06-30,10116.9,8006.25,10777.302,-358.99023,-4262.797,6499.0
T000249,2007-09-30,10498.387,9600.574,11069.581,-25.615234,-2224.0771,6492.0
T000250,2006-12-31,2482.4575,1946.6819,2186.2954,1193.969,1832.5023,2323.0
T000250,2007-03-31,2657.3242,1767.1006,2277.8223,1123.1593,2110.0176,2753.0
T000250,2007-06-30,2431.0723,1835.4384,2187.5112,1248.7122,1437.5249,1637.0
T000250,2007-09-30,2561.319,2267.7024,2203.9268,1272.2646,1350.8206,2121.0
T000251,2006-12-31,644.9163,523.03735,607.1763,364.26874,516.6893,851.0
T000251,2007-03-31,624.3562,527.4999,575.1543,349.63965,510.3628,499.0
T000251,2007-06-30,609.0944,419.61963,562.41455,375.7211,285.40155,369.0
T000251,2007-09-30,669.2081,634.558,574.0338,380.72382,382.20242,567.0
T000252,2006-12-31,152.0881,135.92891,243.13615,135.5859,251.49951,324.0
T000252,2007-03-31,164.46031,148.39748,232.46245,124.70579,278.69812,189.0
T000252,2007-06-30,176.2155,150.3935,233.05905,142.53482,179.00053,287.0
T000252,2007-09-30,175.8883,145.90756,234.30603,145.02222,144.31964,132.0
T000253,2006-12-31,1493.1423,1100.0452,1389.167,524.54456,990.03613,1188.0
T000253,2007-03-31,1617.8643,1546.2478,1463.7189,487.05142,833.7162,1790.0
T000253,2007-06-30,1549.8127,1017.11847,1402.6847,558.0172,699.91174,1317.0
T000253,2007-09-30,1643.2761,1079.6565,1412.4904,571.26447,574.4888,1380.0
T000254,2006-12-31,4745.0,3742.1028,4405.963,2623.462,3486.1997,4686.0
T000254,2007-03-31,5002.796,4000.4333,4533.394,2521.8137,3642.3687,5231.0
T000254,2007-06-30,4706.301,3435.1077,4400.589,2704.6382,2760.3035,3610.0
T000254,2007-09-30,4925.367,4152.249,4428.8877,2741.9343,2587.8271,4200.0
T000255,2006-12-31,722.5756,573.63135,632.30585,406.30078,707.45667,626.0
T000255,2007-03-31,757.7052,511.92938,645.0721,385.55557,790.7095,704.0
T000255,2007-06-30,679.35034,710.2495,633.71643,425.54114,566.6547,605.0
T000255,2007-09-30,732.23114,728.51886,636.34656,436.8961,554.05896,612.0
T000256,2006-12-31,283.8804,252.01596,260.62277,114.43588,216.68597,336.0
T000256,2007-03-31,270.3211,270.6905,254.00763,104.41134,257.99847,256.0
T000256,2007-06-30,251.66718,242.90166,248.52495,123.40268,169.63043,167.0
T000256,2007-09-30,292.63696,292.97668,251.96187,126.81363,166.74724,246.0
T000257,2006-12-31,69.99586,48.190456,62.839237,22.21392,56.276592,48.0
T000257,2007-03-31,80.82005,68.516,64.41351,19.729994,46.765236,71.0
T000257,2007-06-30,83.00614,27.654379,64.41987,24.673487,53.59246,75.0
T000257,2007-09-30,82.479294,38.037525,63.79322,25.533518,29.234894,63.0
T000258,2006-12-31,267.7612,252.11873,209.51512,59.74662,166.93546,207.0
T000258,2007-03-31,286.47037,224.97638,208.134,49.476456,227.43657,207.0
T000258,2007-06-30,276.8547,240.98254,208.47878,66.596054,129.8616,176.0
T000258,2007-09-30,288.46136,272.65073,208.43329,69.40439,147.19193,243.0
T000259,2006-12-31,1318.6476,1148.0414,1161.2896,681.80597,1144.6901,1217.0
T000259,2007-03-31,1361.0853,1082.8983,1170.4475,644.88885,1312.386,1238.0
T000259,2007-06-30,1252.7985,1229.3932,1157.6127,711.6406,863.84985,1023.0
T000259,2007-09-30,1332.4294,1346.9989,1159.7987,723.9627,858.10815,1164.0
T000260,2006-12-31,39455.367,25406.898,41594.273,3624.9395,49618.594,47794.0
T000260,2007-03-31,45662.508,4111.336,45840.656,481.4961,60526.48,67989.0
T000260,2007-06-30,38836.523,32219.11,41762.703,5513.2773,1062.5469,29662.0
T000260,2007-09-30,39453.625,37609.11,42723.727,6539.176,3557.3555,25494.0
T000261,2006-12-31,14031.9,10707.754,15392.245,7870.003,15759.023,18427.0
T000261,2007-03-31,14550.763,7832.587,15712.313,7232.7715,17175.037,18651.0
T000261,2007-06-30,13320.979,11417.907,15144.356,8324.406,12517.899,13268.0
T000261,2007-09-30,13782.597,12367.012,15331.526,8491.66,11894.994,10839.0
T000262,2006-12-31,5948.86,5088.273,6071.5493,4389.5005,6037.8657,6702.0
T000262,2007-03-31,6279.9683,4614.0825,6208.6084,4237.8486,6622.6084,7122.0
T000262,2007-06-30,5894.0596,5062.2153,6034.2427,4486.2744,5032.7456,5226.0
T000262,2007-09-30,6018.3076,5588.092,6084.0127,4529.276,4876.768,5265.0
T000263,2006-12-31,8609.426,7991.2676,8502.864,6587.771,7126.2915,7862.0
T000263,2007-03-31,9319.195,8758.615,8827.377,6492.076,7773.4355,10264.0
T000263,2007-06-30,9013.226,7339.739,8546.295,6677.6035,7908.6953,7729.0
T000263,2007-09-30,9442.375,7501.221,8596.106,6743.896,6642.211,8637.0
T000264,2006-12-31,67993.37,49498.902,71474.15,23663.895,78443.41,80785.0
T000264,2007-03-31,75346.16,25410.246,76585.21,19774.043,92068.37,104026.0
T000264,2007-06-30,66644.11,56143.9,71527.0,26019.232,27078.639,55885.0
T000264,2007-09-30,67823.37,63269.84,72762.164,27270.89,27389.014,50235.0
T000265,2006-12-31,25669.5,21648.31,28043.48,18136.422,31592.693,36011.0
T000265,2007-03-31,27684.838,14472.342,28617.947,17044.012,38216.66,35096.0
T000265,2007-06-30,24269.36,24055.352,27248.236,19072.363,25485.4,18628.0
T000265,2007-09-30,25838.62,27070.873,27731.598,19351.416,24653.848,20877.0
T000266,2006-12-31,3368.995,2883.2412,3028.486,1965.1019,3770.401,3526.0
T000266,2007-03-31,3481.4512,2559.469,3101.2012,1857.3685,3873.517,3663.0
T000266,2007-06-30,3173.5,3093.8213,2993.16,2054.8948,2169.4727,1878.0
T000266,2007-09-30,3417.7192,3346.6155,3014.007,2094.208,2795.3286,3006.0
T000267,2006-12-31,1771.6176,1599.2712,1629.1158,1512.5188,1664.7993,1777.0
T000267,2007-03-31,1836.6346,1493.8657,1654.0276,1482.2609,1851.3105,1836.0
T000267,2007-06-30,1763.0824,1578.8582,1619.473,1532.3678,1677.3999,1261.0
T000267,2007-09-30,1793.6377,1815.6648,1625.3613,1543.5062,1728.4629,1635.0
T000268,2006-12-31,3301.6362,2582.476,2912.8438,2266.945,3353.6196,1842.0
T000268,2007-03-31,3763.8552,3114.8257,3196.154,2180.42,3804.7998,4440.0
T000268,2007-06-30,3465.3252,2774.637,2961.197,2335.8013,2619.8828,2551.0
T000268,2007-09-30,3725.005,2490.8223,2985.5693,2400.1614,2352.96,3264.0
T000269,2006-12-31,33974.53,28864.336,35481.055,25430.582,39327.914,43156.0
T000269,2007-03-31,36556.246,21686.912,36556.125,24260.934,46905.348,45035.0
T000269,2007-06-30,32458.318,31554.678,34884.58,26448.348,34063.617,24318.0
T000269,2007-09-30,34310.02,34825.293,35378.906,26789.512,33266.824,28782.0
T000270,2006-12-31,4262.4756,4070.9736,4089.267,2427.0686,4692.825,4691.0
T000270,2007-03-31,4747.96,2306.042,4272.5273,2290.6304,5102.9727,5371.0
T000270,2007-06-30,4058.9846,4749.5356,4064.0103,2545.2114,4652.668,2800.0
T000270,2007-09-30,4493.254,4512.493,4113.206,2601.255,5185.137,3594.0
T000271,2006-12-31,1137.2915,1309.4025,1327.6099,1082.7603,1318.5631,1330.0
T000271,2007-03-31,1289.1796,873.801,1390.0386,1061.435,1894.6129,1687.0
T000271,2007-06-30,1209.3517,1336.2319,1335.7697,1100.8267,1712.4136,1240.0
T000271,2007-09-30,1276.8406,1257.7898,1347.8555,1117.9626,1166.4409,1140.0
T000272,2006-12-31,233.11029,181.64192,254.16484,115.66881,541.9544,213.0
T000272,2007-03-31,240.57787,101.79727,288.19516,106.859375,472.61908,442.0
T000272,2007-06-30,234.51596,291.9381,260.93845,125.81231,-32.72464,236.0
T000272,2007-09-30,262.2136,107.11481,266.0855,130.95862,120.06064,180.0
T000273,2006-12-31,1803.1292,1748.4358,1406.7614,945.15704,1112.996,1322.0
T000273,2007-03-31,1819.0862,2025.981,1453.7877,915.94305,1529.462,1737.0
T000273,2007-06-30,1733.4707,1569.4109,1405.9562,977.1262,1305.8698,724.0
T000273,2007-09-30,2025.7488,1687.8607,1404.697,992.6888,1152.8525,1878.0
T000274,2006-12-31,7363.295,7392.241,7058.2764,5629.838,7193.346,7556.0
T000274,2007-03-31,7986.2974,5332.7524,7412.1157,5503.65,8534.275,9237.0
T000274,2007-06-30,7091.965,7975.2803,7065.5063,5750.593,7945.4175,5000.0
T000274,2007-09-30,7788.4053,7620.124,7128.695,5837.4326,7948.5825,6792.0
T000275,2006-12-31,3107.9028,2935.1504,3304.4,1978.6516,4365.796,4047.0
T000275,2007-03-31,3290.594,1049.0437,3416.6045,1832.3002,5292.879,4276.0
T000275,2007-06-30,2786.1873,3633.715,3248.7808,2112.2588,4320.735,2451.0
T000275,2007-09-30,3110.7256,3463.8928,3301.1387,2163.3643,3993.36,2400.0
T000276,2006-12-31,1602.5586,1579.1007,1653.7031,1549.9589,1931.2148,1962.0
T000276,2007-03-31,1641.3933,1269.1263,1608.0642,1517.2168,1924.4375,1369.0
T000276,2007-06-30,1593.1857,1488.3376,1596.038,1571.6343,1850.7067,1552.0
T000276,2007-09-30,1662.6322,1690.4354,1610.1729,1580.1014,1895.5881,1542.0
T000277,2006-12-31,721.6467,638.7813,649.05035,480.60632,536.391,781.0
T000277,2007-03-31,732.5161,717.9287,637.66455,469.88605,489.58554,640.0
T000277,2007-06-30,705.6596,573.34375,629.7989,489.5598,545.83685,412.0
T000277,2007-09-30,749.1001,717.7728,633.85345,493.63095,618.0692,699.0
T000278,2006-12-31,706.70294,607.5165,517.1369,352.41772,568.8978,322.0
T000278,2007-03-31,736.87994,674.2665,558.2486,340.4331,719.531,752.0
T000278,2007-06-30,703.486,722.5181,521.63464,365.46545,262.274,331.0
T000278,2007-09-30,787.22314,710.50195,522.3991,376.3125,420.29666,720.0
T000279,2006-12-31,6109.007,5811.883,6109.563,4995.122,7533.258,7112.0
T000279,2007-03-31,6325.767,3726.1387,6189.9277,4838.1313,8493.082,7037.0
T000279,2007-06-30,5735.1387,6435.592,6013.8354,5137.4375,6440.917,4746.0
T000279,2007-09-30,6188.992,6617.039,6072.4185,5201.292,6515.2197,5361.0
T000280,2006-12-31,19833.35,15332.751,18843.363,9875.885,22420.797,20766.0
T000280,2007-03-31,21551.414,14097.736,19326.021,9060.928,23371.012,22392.0
T000280,2007-06-30,19348.68,16443.238,18742.428,10429.447,10464.701,15592.0
T000280,2007-09-30,19975.91,17694.262,18896.455,10656.597,12801.482,16797.0
T000281,2006-12-31,4189.6455,4177.7007,4234.988,3248.8784,5029.3623,5063.0
T000281,2007-03-31,4471.3174,2934.5212,4217.8657,3120.7373,5949.1763,4545.0
T000281,2007-06-30,4029.275,4840.251,4125.224,3363.2673,5559.7686,3111.0
T000281,2007-09-30,4429.6177,4992.5054,4165.0674,3417.4067,5415.02,3915.0
T000282,2006-12-31,933.0537,791.4618,798.3237,603.85,714.9418,1013.0
T000282,2007-03-31,924.634,894.23596,767.3384,589.81116,698.264,681.0
T000282,2007-06-30,896.0636,738.25653,763.1238,617.0609,627.2384,467.0
T000282,2007-09-30,961.1861,934.0366,768.9935,622.11115,842.7317,906.0
T000283,2006-12-31,3867.5815,3191.661,3443.089,2071.1787,2827.2046,3249.0
T000283,2007-03-31,4091.344,3951.7334,3607.23,2014.5828,2806.0002,4357.0
T000283,2007-06-30,3736.0928,3179.0837,3461.8438,2126.5942,2313.8857,2691.0
T000283,2007-09-30,4148.632,3442.27,3477.9438,2155.4397,2189.1692,3699.0
T000284,2006-12-31,28765.803,23633.684,27282.047,17040.652,31045.4,30091.0
T000284,2007-03-31,30923.648,21921.28,27902.516,16096.751,32995.555,31975.0
T000284,2007-06-30,27947.945,25249.076,27119.31,17730.51,19797.83,21861.0
T000284,2007-09-30,29033.27,27157.062,27312.703,17992.617,21828.004,25317.0
T000285,2006-12-31,13839.324,9236.101,13378.175,8272.535,10244.7,14970.0
T000285,2007-03-31,14491.981,12573.354,13342.063,7921.2617,10125.816,13998.0
T000285,2007-06-30,13745.864,8334.045,13162.114,8561.152,7814.2847,12174.0
T000285,2007-09-30,14378.271,10739.75,13251.684,8690.961,7873.557,11787.0
T000286,2006-12-31,3100.86,2615.3118,3005.0105,2503.3745,2806.1692,3280.0
T000286,2007-03-31,3185.59,3112.0337,2965.91,2465.1587,2868.9524,2832.0
T000286,2007-06-30,3053.0222,2548.264,2952.4539,2528.9248,2467.0427,2813.0
T000286,2007-09-30,3213.6736,2831.7727,2966.7039,2540.848,2656.225,2928.0
T000287,2006-12-31,6050.6006,4799.347,6169.7144,2713.4106,6090.1074,8316.0
T000287,2007-03-31,5620.055,5546.793,5854.844,2525.2175,4977.3223,4515.0
T000287,2007-06-30,5533.7812,4671.6245,5760.889,2873.1387,2701.9917,5390.0
T000287,2007-09-30,6142.956,5181.5576,5865.3936,2944.669,4667.5864,5133.0
T000288,2006-12-31,3474.3572,3458.742,3180.136,2533.3164,2323.5637,3310.0
T000288,2007-03-31,3856.308,3323.7102,3204.2297,2485.8499,2796.997,3388.0
T000288,2007-06-30,3462.2798,3746.1785,3170.639,2582.3818,3636.9087,2647.0
T000288,2007-09-30,3822.8826,4014.8193,3172.5842,2611.707,3591.3484,3363.0
T000289,2006-12-31,26229.84,20355.957,25787.277,16791.771,20147.521,29876.0
T000289,2007-03-31,26668.125,24631.62,25308.053,16246.658,19729.621,24733.0
T000289,2007-06-30,25359.645,19384.98,25036.03,17246.809,19345.1,23024.0
T000289,2007-09-30,26774.254,22933.229,25260.506,17432.527,21019.8,23211.0
T000290,2006-12-31,44133.363,31252.04,39640.27,12840.17,57689.71,44522.0
T000290,2007-03-31,50982.17,21046.695,40391.984,10610.635,50151.71,46086.0
T000290,2007-06-30,42929.586,43501.83,39273.98,14645.76,32520.14,33039.0
T000290,2007-09-30,46685.227,42219.055,39607.535,15612.662,46290.004,34623.0
T000291,2006-12-31,10306.28,9791.643,10282.033,7543.3477,14141.519,11683.0
T000291,2007-03-31,11144.378,7430.372,10198.85,7262.046,14015.89,10504.0
T000291,2007-06-30,10064.27,11438.592,10066.792,7798.0986,9040.577,8773.0
T000291,2007-09-30,10856.105,11233.889,10139.52,7942.5303,10669.73,9546.0
T000292,2006-12-31,7952.08,6701.6846,7884.6987,4117.8384,8420.76,10323.0
T000292,2007-03-31,7640.1704,6792.3003,7536.05,3911.4495,6744.804,6278.0
T000292,2007-06-30,7339.3633,6997.6406,7414.6997,4311.163,5283.762,6505.0
T000292,2007-09-30,7951.142,7432.0874,7543.369,4408.576,8062.301,6939.0
T000293,2006-12-31,9911.161,9117.7295,8547.767,6194.752,7952.1855,8203.0
T000293,2007-03-31,11046.952,9527.187,8835.865,6019.462,8310.497,10234.0
T000293,2007-06-30,9731.725,10298.91,8573.795,6353.0596,8186.554,6393.0
T000293,2007-09-30,10850.979,10567.582,8580.511,6475.887,8829.37,9705.0
T000294,2006-12-31,72105.96,57151.445,66303.19,33306.555,87141.086,74731.0
T000294,2007-03-31,80478.305,44885.156,66793.89,30583.162,78780.22,73102.0
T000294,2007-06-30,69726.734,72336.266,65439.156,35658.594,60120.72,54710.0
T000294,2007-09-30,75613.6,71646.05,65911.484,36887.32,77706.38,60813.0
T000295,2006-12-31,4097.584,3080.2002,4483.762,166.396,8592.338,7686.0
T000295,2007-03-31,3622.753,1044.4221,4040.7087,-193.51953,7084.686,2803.0
T000295,2007-06-30,3371.4805,4627.799,3876.1504,423.9314,-1493.8672,3208.0
T000295,2007-09-30,3978.7534,4295.336,4037.576,570.0657,2614.2388,2298.0
T000296,2006-12-31,1022.1223,962.8699,1303.9863,588.2326,1594.3997,2051.0
T000296,2007-03-31,951.5666,597.61896,1196.1672,541.00494,1355.5791,792.0
T000296,2007-06-30,931.79156,942.7322,1164.647,623.5355,591.89154,1122.0
T000296,2007-09-30,1023.54224,1059.2378,1200.0602,642.852,940.8033,795.0
T000297,2006-12-31,1479.4697,1300.3484,1398.2386,1104.5865,1274.3934,1293.0
T000297,2007-03-31,1512.316,1565.8545,1419.9052,1086.4756,1312.1597,1515.0
T000297,2007-06-30,1519.192,1289.0752,1403.6462,1120.9034,1211.3625,1398.0
T000297,2007-09-30,1559.1892,1212.9885,1404.3765,1128.2961,1138.077,1425.0
T000298,2006-12-31,508.88226,420.22815,699.22156,225.68796,631.87604,752.0
T000298,2007-03-31,633.88916,138.9082,786.83075,184.73325,913.7516,1221.0
T000298,2007-06-30,547.9691,531.28015,711.7926,254.93143,687.5968,605.0
T000298,2007-09-30,560.5793,534.58,726.2392,271.91003,393.09894,336.0
T000299,2006-12-31,6999.4087,5865.915,7897.948,2814.628,11641.285,11782.0
T000299,2007-03-31,6545.874,3378.228,7392.664,2387.4233,10247.221,6331.0
T000299,2007-06-30,6153.217,7426.1035,7174.8027,3106.231,1476.3418,6333.0
T000299,2007-09-30,6799.736,7170.747,7370.2334,3279.3503,5527.9116,4854.0
T000300,2006-12-31,2643.1929,2477.9753,3150.2139,1302.0143,5593.759,4542.0
T000300,2007-03-31,2381.8428,1877.7753,2950.5571,1123.2363,4886.7627,2122.0
T000300,2007-06-30,2379.3723,3208.7334,2911.5906,1436.1724,1119.1904,3206.0
T000300,2007-09-30,2689.745,2359.2617,2964.9702,1493.1943,2476.1257,1911.0
T000301,2006-12-31,1365.8782,1088.4742,1461.7668,701.6583,1798.6014,2180.0
T000301,2007-03-31,1318.8495,1016.2895,1360.0687,648.6455,1577.7346,1025.0
T000301,2007-06-30,1314.314,995.369,1323.169,736.6328,333.48773,1075.0
T000301,2007-09-30,1381.5999,1283.2096,1361.336,750.6582,943.9762,1128.0
T000302,2006-12-31,483.94464,419.62704,413.915,290.46228,393.54468,376.0
T000302,2007-03-31,479.04712,612.9655,416.95447,284.80542,325.0294,441.0
T000302,2007-06-30,466.3819,390.9442,413.52087,295.76016,327.9016,354.0
T000302,2007-09-30,524.95667,415.9028,413.25778,299.00006,247.43622,486.0
T000303,2006-12-31,532.02075,535.5532,614.36707,464.85205,790.65533,750.0
T000303,2007-03-31,544.8912,413.04333,613.27496,440.84225,937.0377,678.0
T000303,2007-06-30,514.6278,544.9661,597.2958,485.06473,415.71533,531.0
T000303,2007-09-30,554.2852,480.51755,604.8065,490.30627,434.84543,453.0
T000304,2006-12-31,4986.0737,4561.752,5647.475,3071.9092,8246.152,7848.0
T000304,2007-03-31,4640.8374,3932.4019,5334.78,2830.9436,7477.135,4266.0
T000304,2007-06-30,4605.4766,5153.829,5240.509,3246.058,2962.6433,5166.0
T000304,2007-09-30,5019.584,4565.8066,5343.8213,3318.7104,4720.9146,3978.0
T000305,2006-12-31,2088.4412,1822.4574,2295.3938,1134.95,3913.223,2441.0
T000305,2007-03-31,2245.9985,1847.1134,2247.3809,986.442,2972.2234,1279.0
T000305,2007-06-30,2807.642,2599.4795,2367.915,1226.652,2103.3792,3774.0
T000305,2007-09-30,2584.271,1492.0541,2316.7915,1249.4108,3640.0457,1794.0
T000306,2006-12-31,699.925,540.59766,730.9932,457.3222,761.0988,822.0
T000306,2007-03-31,718.12317,722.98395,717.9353,429.19943,619.4949,589.0
T000306,2007-06-30,765.232,657.4584,723.4837,475.09195,593.2241,834.0
T000306,2007-09-30,754.3224,654.65784,722.5418,478.1189,739.45605,639.0
T000307,2006-12-31,178.285,197.62534,325.49826,156.4797,343.2565,278.0
T000307,2007-03-31,221.83438,69.52547,362.5271,140.64899,491.5455,534.0
T000307,2007-06-30,229.52019,235.05415,346.90744,169.73196,435.13208,446.0
T000307,2007-09-30,215.07614,99.95564,342.35052,176.22795,204.21875,132.0
T000308,2006-12-31,1085.2367,1108.3508,1069.1528,832.7715,1111.879,809.0
T000308,2007-03-31,1254.3872,775.0346,1160.8301,809.595,1435.2291,1562.0
T000308,2007-06-30,1232.799,1200.3296,1092.1989,852.1658,1368.8151,1078.0
T000308,2007-09-30,1211.1637,857.6444,1101.369,865.71295,1281.2709,987.0
T000309,2006-12-31,3981.275,3727.9985,4435.1426,2832.476,6240.1055,4350.0
T000309,2007-03-31,4287.34,3432.7764,4415.6787,2648.3687,5507.2197,3964.0
T000309,2007-06-30,4903.464,4712.6274,4555.8496,2953.1484,3552.626,6132.0
T000309,2007-09-30,4548.475,3143.8687,4485.424,2983.9175,5166.556,3552.0
T000310,2006-12-31,931.73724,570.2932,906.7467,-313.88654,3030.9937,1891.0
T000310,2007-03-31,696.007,-208.92249,769.04016,-409.6936,2180.3306,353.0
T000310,2007-06-30,616.499,1203.2527,717.4254,-241.6867,-1974.9497,432.0
T000310,2007-09-30,918.59076,915.634,769.1099,-196.82758,-153.23877,351.0
T000311,2006-12-31,486.21542,389.0698,539.1208,175.3754,731.052,747.0
T000311,2007-03-31,453.73242,275.2495,518.19354,147.53519,681.2459,514.0
T000311,2007-06-30,434.04666,510.71732,502.89255,194.27249,55.633545,426.0
T000311,2007-09-30,481.4849,496.32376,514.26,203.35295,266.68457,360.0
T000312,2006-12-31,197.97998,97.75404,195.3591,86.2563,171.509,236.0
T000312,2007-03-31,217.26665,187.12662,189.57663,78.42139,83.06807,124.0
T000312,2007-06-30,221.70367,100.339195,190.95055,92.78633,156.93387,228.0
T000312,2007-09-30,220.96721,120.43402,191.19798,94.94487,245.47357,174.0
T000313,2006-12-31,293.53214,265.09863,304.76828,204.22067,287.3962,255.0
T000313,2007-03-31,305.24506,289.54932,318.4452,200.01013,297.50714,379.0
T000313,2007-06-30,292.85403,266.7868,309.64914,208.79134,267.12692,321.0
T000313,2007-09-30,321.68402,270.33743,309.9146,211.61633,165.29727,291.0
T000314,2006-12-31,1894.1296,1349.3309,1948.669,285.68347,4195.011,3129.0
T000314,2007-03-31,1636.0991,551.3346,1787.4935,164.84387,3186.1833,1370.0
T000314,2007-06-30,1525.3215,2090.4333,1723.9633,372.11694,-1700.407,1407.0
T000314,2007-09-30,1862.3457,1820.9187,1785.0085,428.34094,384.21558,1176.0
T000315,2006-12-31,1607.4617,1430.0757,2446.0012,485.56116,2559.9685,2647.0
T000315,2007-03-31,1768.387,1519.8568,2398.7715,337.6687,1797.1083,1781.0
T000315,2007-06-30,2251.1667,1690.4897,2545.5906,593.80164,2384.5928,4276.0
T000315,2007-09-30,1991.5508,917.0531,2475.3792,635.51624,2197.5366,1230.0
T000316,2006-12-31,1353.1577,1092.3025,1460.3473,820.23883,1391.2123,1756.0
T000316,2007-03-31,1333.5718,1427.1748,1417.9722,767.8562,1340.1273,1190.0
T000316,2007-06-30,1377.4973,1084.2795,1414.0347,851.6374,989.2987,1537.0
T000316,2007-09-30,1402.638,1141.7018,1422.417,859.12854,1016.15985,1191.0
T000317,2006-12-31,390.7096,324.0409,385.47006,246.64955,342.13068,311.0
T000317,2007-03-31,412.12442,459.0766,387.46643,238.771,276.17838,375.0
T000317,2007-06-30,434.70615,316.7974,394.24976,252.27853,334.0715,488.0
T000317,2007-09-30,439.56287,290.10968,390.76654,257.33826,282.01254,396.0
T000318,2006-12-31,995.72156,830.6727,769.445,368.73645,458.03094,781.0
T000318,2007-03-31,1053.3408,968.3634,751.6185,346.7646,443.76315,614.0
T000318,2007-06-30,1030.9502,789.7037,760.49426,381.8582,646.0334,686.0
T000318,2007-09-30,1058.2208,962.2213,761.3566,387.5785,779.88055,951.0
T000319,2006-12-31,4301.306,3731.5764,5045.9023,2290.7983,4718.295,5495.0
T000319,2007-03-31,4473.4673,4391.2134,4965.09,2091.358,3814.8708,3960.0
T000319,2007-06-30,4997.3096,3900.0325,5114.8438,2430.6975,4304.0728,6987.0
T000319,2007-09-30,4718.514,3347.6357,5050.622,2473.1802,4247.499,3768.0
T000320,2006-12-31,849.8168,689.6942,871.958,515.05945,822.3479,1152.0
T000320,2007-03-31,851.132,661.94275,830.95386,479.71307,918.6319,660.0
T000320,2007-06-30,863.5513,705.7918,818.54,534.75085,572.6182,768.0
T000320,2007-09-30,876.0719,855.9146,832.25793,538.88354,766.10004,735.0
T000321,2006-12-31,1026.1284,868.19385,1133.3579,694.01245,1197.7534,1432.0
T000321,2007-03-31,984.8165,823.99194,1089.8995,668.4558,913.90485,886.0
T000321,2007-06-30,1020.838,760.66113,1082.3331,713.5492,722.4846,1154.0
T000321,2007-09-30,1061.7385,868.19836,1093.3657,723.2533,928.6854,885.0
T000322,2006-12-31,314.7163,299.61148,271.1193,177.01746,241.45032,257.0
T000322,2007-03-31,334.54306,284.56046,300.69418,169.20407,380.5504,439.0
T000322,2007-06-30,310.9259,294.43002,274.03766,183.3313,271.23114,130.0
T000322,2007-09-30,336.689,316.81937,277.64578,187.54211,146.25081,297.0
T000323,2006-12-31,1045.2063,786.28204,938.2036,528.8086,949.7537,733.0
T000323,2007-03-31,1129.0911,854.52527,984.2385,503.14832,920.20184,1187.0
T000323,2007-06-30,1078.0665,901.7422,955.1714,548.75494,588.52637,998.0
T000323,2007-09-30,1082.2375,844.6148,954.9413,558.6835,661.3098,927.0
T000324,2006-12-31,3179.855,2691.6533,3207.3674,2457.9043,3004.9646,3574.0
T000324,2007-03-31,3209.4167,2639.7302,3171.755,2397.1611,2984.3625,3172.0
T000324,2007-06-30,3177.473,2679.11,3145.751,2499.7998,2683.3467,3050.0
T000324,2007-09-30,3198.6965,2917.661,3164.4329,2517.5898,2924.0842,2844.0
T000325,2006-12-31,12087.6,10296.762,14205.764,3683.7979,25374.5,20359.0
T000325,2007-03-31,11297.812,6811.6514,13330.611,2704.7373,20395.414,8998.0
T000325,2007-06-30,11718.144,14113.394,13234.668,4343.1543,19.432617,15664.0
T000325,2007-09-30,12351.08,10986.904,13418.977,4513.1523,9435.198,8319.0
T000326,2006-12-31,5913.1904,4985.7646,6640.3335,3657.845,7611.3022,8988.0
T000326,2007-03-31,5690.6406,4876.9077,6300.58,3432.0225,6525.7207,4996.0
T000326,2007-06-30,5742.749,4966.458,6204.948,3802.5312,2487.0977,6148.0
T000326,2007-09-30,5974.001,5533.0176,6314.6,3844.6382,4237.292,4998.0
T000327,2006-12-31,3030.567,2675.677,2996.54,2372.2097,2618.186,2751.0
T000327,2007-03-31,3142.48,3190.377,3076.56,2334.6284,2760.7356,3428.0
T000327,2007-06-30,3138.847,2639.2676,3020.215,2400.7651,3109.3423,3044.0
T000327,2007-09-30,3180.377,2480.809,3025.944,2418.3901,2561.472,2910.0
T000328,2006-12-31,4393.5073,4019.3225,4381.01,3173.3987,3907.1794,4080.0
T000328,2007-03-31,4779.433,3461.8972,4609.932,3077.726,4667.044,5641.0
T000328,2007-06-30,4564.7607,4259.9937,4423.9746,3240.0288,4451.43,4219.0
T000328,2007-09-30,4565.771,3998.9778,4460.3594,3287.3958,4127.243,3945.0
T000329,2006-12-31,25036.334,22235.613,28254.875,14804.299,38848.758,36178.0
T000329,2007-03-31,24315.926,18420.137,27158.871,13535.153,33880.727,23063.0
T000329,2007-06-30,24583.365,26067.986,26949.361,15633.205,11836.16,29075.0
T000329,2007-09-30,25150.457,23172.84,27233.857,15840.564,21766.465,20172.0
T000330,2006-12-31,77437.23,64670.688,82204.89,43841.688,96791.89,100892.0
T000330,2007-03-31,80613.17,51672.742,81910.336,40672.6,99334.86,90180.0
T000330,2007-06-30,73185.25,71780.78,79721.98,45747.977,44436.684,67331.0
T000330,2007-09-30,76448.7,75261.23,80786.81,46790.344,58512.71,63819.0
T000331,2006-12-31,19124.156,17858.605,20002.084,15312.475,22123.346,24197.0
T000331,2007-03-31,19316.898,15733.394,19538.787,14858.309,22855.008,19163.0
T000331,2007-06-30,18327.06,18408.555,19243.799,15664.754,17484.754,16799.0
T000331,2007-09-30,19052.06,19867.125,19476.303,15773.438,19121.27,17550.0
T000332,2006-12-31,12655.705,10823.011,12516.651,8179.245,12129.608,14851.0
T000332,2007-03-31,12278.221,12010.105,12210.751,7942.407,11071.045,11542.0
T000332,2007-06-30,12068.436,10546.653,12073.424,8344.359,7677.051,10810.0
T000332,2007-09-30,12740.349,11338.648,12200.048,8440.118,9887.775,11484.0
T000333,2006-12-31,17520.236,15801.129,15832.25,11827.028,13763.758,14125.0
T000333,2007-03-31,19012.266,16641.691,16659.082,11597.781,15921.863,20315.0
T000333,2007-06-30,17571.396,16338.538,15932.852,12017.934,14128.522,13163.0
T000333,2007-09-30,18654.113,16506.45,16030.523,12173.271,13590.752,16914.0
T000334,2006-12-31,126278.34,109628.81,130322.21,81906.64,140653.58,154065.0
T000334,2007-03-31,130503.04,96204.0,130106.62,78143.28,146932.03,141200.0
T000334,2007-06-30,120478.84,117238.23,127213.5,84148.36,99824.31,108103.0
T000334,2007-09-30,125387.74,123292.34,128544.74,85582.74,113482.05,109767.0
T000335,2006-12-31,32124.205,19968.617,35339.93,9087.271,40319.91,42372.0
T000335,2007-03-31,38573.38,-2208.2383,40016.223,6178.2754,57046.223,64509.0
T000335,2007-06-30,32028.129,24111.84,35482.62,10995.027,29770.182,20473.0
T000335,2007-09-30,32531.168,28187.139,36568.125,11838.436,23120.375,18930.0
T000336,2006-12-31,25616.32,15461.039,29484.225,-5868.3477,41522.984,40313.0
T000336,2007-03-31,28927.375,-2900.2031,31997.69,-8607.314,46525.227,48471.0
T000336,2007-06-30,23442.873,19293.645,28901.508,-4331.5625,-11844.559,16421.0
T000336,2007-09-30,24858.57,23600.223,29792.719,-3395.6875,-6827.7793,13539.0
T000337,2006-12-31,2679.4036,2175.101,2955.3616,1708.8282,2664.561,3110.0
T000337,2007-03-31,2902.4336,1990.3115,3147.9548,1615.6753,2895.2397,4108.0
T000337,2007-06-30,2774.0085,2144.5747,2972.2346,1773.7314,2356.6719,2551.0
T000337,2007-09-30,2759.9917,2285.911,3011.7678,1809.7198,1874.1062,2289.0
T000338,2006-12-31,3020.3916,2714.4055,3083.8,2430.2368,3197.4988,3577.0
T000338,2007-03-31,3156.953,2189.5757,3119.0132,2371.7048,3736.2634,3518.0
T000338,2007-06-30,2966.0461,2438.6848,3034.9387,2483.1062,2274.6396,2461.0
T000338,2007-09-30,3112.823,2860.7969,3064.1716,2504.2527,1969.5007,2682.0
T000339,2006-12-31,63397.043,40445.508,70832.26,5929.2227,89015.25,89372.0
T000339,2007-03-31,73272.56,-893.5547,78279.43,27.199219,111438.82,120606.0
T000339,2007-06-30,60910.625,48034.78,70425.336,9491.293,21329.965,41906.0
T000339,2007-09-30,62899.18,57021.363,72477.57,11229.98,18970.3,37440.0
T000340,2006-12-31,4099.0312,1796.2549,4664.613,-3237.6572,7784.0728,6757.0
T000340,2007-03-31,5006.753,-2538.7925,5264.7017,-3878.4229,8641.865,8963.0
T000340,2007-06-30,3728.9849,3099.4258,4574.951,-2885.811,-4824.635,1839.0
T000340,2007-09-30,3937.4016,3938.9297,4764.1353,-2663.9346,-2884.2598,1425.0
T000341,2006-12-31,1069.3125,640.6096,1343.835,-407.12317,1910.0642,1970.0
T000341,2007-03-31,1178.1044,-313.00952,1456.7306,-537.22144,2154.6162,2264.0
T000341,2007-06-30,918.03723,872.3512,1302.8323,-326.80017,-652.5325,669.0
T000341,2007-09-30,1010.6344,996.85376,1349.609,-283.1449,-399.15234,468.0
T000342,2006-12-31,438.5999,350.07654,486.10675,268.70395,343.2718,652.0
T000342,2007-03-31,490.09436,163.41281,480.055,248.42233,602.32416,538.0
T000342,2007-06-30,449.5152,349.64542,462.36673,281.8855,415.81064,350.0
T000342,2007-09-30,457.61914,485.83795,471.65375,286.03314,344.58047,339.0
T000343,2006-12-31,836.5846,678.5039,759.71936,387.18732,687.3098,762.0
T000343,2007-03-31,928.7396,605.9523,814.3489,359.591,858.8004,1071.0
T000343,2007-06-30,812.56354,749.77246,764.5438,407.2868,550.6123,568.0
T000343,2007-09-30,876.4682,830.21765,775.06213,418.7348,445.99316,708.0
T000344,2006-12-31,6442.525,3488.54,7247.3813,-3222.7905,11069.316,10141.0
T000344,2007-03-31,7556.724,-2075.3398,8013.052,-4043.6436,12297.6,12836.0
T000344,2007-06-30,5874.065,5079.148,7109.7666,-2773.4824,-6915.3037,3426.0
T000344,2007-09-30,6222.2593,6267.332,7361.412,-2488.52,-4278.8223,2940.0
T000345,2006-12-31,2908.336,2323.3733,3165.6921,2257.1125,3349.3323,3675.0
T000345,2007-03-31,3138.5962,2318.0696,3247.9536,2167.6704,3832.3774,3862.0
T000345,2007-06-30,2983.0715,2036.2919,3129.5308,2328.961,2157.175,2613.0
T000345,2007-09-30,3057.044,2210.5364,3166.3713,2351.7605,1847.1464,2493.0
T000346,2006-12-31,1245.7976,884.78827,1253.1136,338.1969,1443.812,1694.0
T000346,2007-03-31,1312.4824,497.357,1281.9388,266.75085,1608.8784,1627.0
T000346,2007-06-30,1165.399,892.97327,1208.636,381.39996,353.9796,694.0
T000346,2007-09-30,1237.3934,1149.724,1234.4696,400.09998,582.1441,906.0
T000347,2006-12-31,80.17752,78.87503,112.169624,62.440475,152.60095,94.0
T000347,2007-03-31,94.81042,30.347542,113.58439,57.423946,158.76854,112.0
T000347,2007-06-30,114.535774,72.95668,119.57902,66.93678,159.52614,193.0
T000347,2007-09-30,102.40391,44.347496,115.81252,68.74106,135.41231,69.0
T000348,2006-12-31,406.5843,304.76865,329.682,186.61407,227.27222,330.0
T000348,2007-03-31,406.23178,408.28345,333.78467,180.26709,174.97957,361.0
T000348,2007-06-30,410.8576,247.05225,329.25128,193.15057,163.80615,254.0
T000348,2007-09-30,434.08252,337.3887,329.14172,195.21823,196.69177,375.0
T000349,2006-12-31,4606.4326,3623.0522,4861.3115,3360.3516,4961.8457,5793.0
T000349,2007-03-31,4892.9507,3263.659,4980.339,3215.022,5601.4004,5962.0
T000349,2007-06-30,4599.3125,3260.0342,4784.6953,3468.2563,3220.8289,3754.0
T000349,2007-09-30,4738.011,3762.958,4846.904,3505.3723,3083.191,3843.0
T000350,2006-12-31,39079.305,24150.225,43159.67,9369.467,50238.145,52804.0
T000350,2007-03-31,46557.188,-2409.914,48532.848,5729.254,68999.016,77334.0
T000350,2007-06-30,38558.992,29268.896,43195.83,11733.564,32808.04,24925.0
T000350,2007-09-30,39304.895,34378.18,44510.613,12715.889,26409.781,22848.0
T000351,2006-12-31,27926.182,16993.424,32078.662,-6150.949,45053.67,43977.0
T000351,2007-03-31,31409.223,-2713.707,34736.246,-9094.795,50364.29,52362.0
T000351,2007-06-30,25514.46,21061.371,31412.885,-4500.301,-12975.527,17784.0
T000351,2007-09-30,27091.266,25751.488,32377.545,-3493.9746,-7275.926,14913.0
T000352,2006-12-31,3191.3079,2622.8367,3549.9683,2116.442,3230.1238,3856.0
T000352,2007-03-31,3448.4167,2189.8438,3742.7903,2006.0438,3679.4,4758.0
T000352,2007-06-30,3293.8728,2573.6455,3558.023,2194.2654,2554.9512,3094.0
T000352,2007-09-30,3264.0151,2828.6973,3600.897,2233.3618,2070.539,2697.0
T000353,2006-12-31,4257.597,3716.4524,4165.317,2953.018,4072.518,4669.0
T000353,2007-03-31,4454.9336,3209.5803,4265.888,2867.206,4750.692,4950.0
T000353,2007-06-30,4157.456,3441.9746,4133.732,3024.7163,3157.4941,3283.0
T000353,2007-09-30,4376.289,4040.9976,4168.394,3054.1936,2740.7405,3765.0
T000354,2006-12-31,74386.36,47605.195,82935.15,7055.535,104167.516,105306.0
T000354,2007-03-31,85578.93,313.3672,91267.13,200.0664,129161.34,139404.0
T000354,2007-06-30,71212.266,56387.992,82328.59,11160.633,23212.047,49086.0
T000354,2007-09-30,73652.56,67081.375,84686.555,13184.141,21935.363,44223.0
T000355,2006-12-31,9919.73,5114.334,10510.095,-6002.2764,18207.043,15616.0
T000355,2007-03-31,11383.375,-3927.544,11510.429,-7246.0586,19127.885,18416.0
T000355,2007-06-30,8574.494,7660.023,10181.918,-5307.4854,-14321.744,3803.0
T000355,2007-09-30,9471.406,9611.163,10568.458,-4842.3154,-8414.19,4263.0
T000356,2006-12-31,1772.4294,1222.2242,2124.5452,-102.99963,2867.6943,2984.0
T000356,2007-03-31,1947.4729,91.69617,2226.7136,-273.11133,3200.5732,3104.0
T000356,2007-06-30,1608.6918,1335.6665,2053.0884,-5.2645264,-126.458984,1266.0
T000356,2007-09-30,1744.0533,1595.5055,2110.8826,48.404907,70.25842,1050.0
T000357,2006-12-31,936.88184,682.22485,655.77466,386.2583,744.4798,514.0
T000357,2007-03-31,982.34143,892.53284,684.6565,371.577,576.6654,841.0
T000357,2007-06-30,913.44446,695.22253,657.8163,399.82938,197.84796,399.0
T000357,2007-09-30,985.27466,783.2787,657.30707,410.22437,523.77704,903.0
T000358,2006-12-31,1841.9274,1390.5686,1358.4011,490.28424,1243.0026,1084.0
T000358,2007-03-31,2019.0057,1598.3843,1516.0035,433.807,1547.9493,2242.0
T000358,2007-06-30,1819.1968,1335.4768,1377.517,538.02606,672.6921,537.0
T000358,2007-09-30,2073.6855,1572.3912,1386.2418,569.76825,713.00397,1785.0
T000359,2006-12-31,14479.278,8483.2,14596.374,-3782.3828,22506.43,20198.0
T000359,2007-03-31,16265.868,-1322.2383,15940.035,-5190.206,24367.48,24603.0
T000359,2007-06-30,12877.753,11051.819,14287.643,-2937.4727,-9853.238,6005.0
T000359,2007-09-30,14079.74,13611.878,14737.517,-2433.2158,-4335.908,8001.0
T000360,2006-12-31,4136.8022,1922.9253,4518.814,-3009.0981,7845.6074,7345.0
T000360,2007-03-31,4728.5913,-2109.4243,4862.8574,-3558.8271,8180.058,7766.0
T000360,2007-06-30,3400.1128,3131.103,4281.03,-2693.3994,-7114.8223,1115.0
T000360,2007-09-30,3912.46,4171.1367,4466.9287,-2487.1025,-4129.149,1536.0
T000361,2006-12-31,1705.9324,859.5463,1641.4526,-645.49304,2915.3071,2387.0
T000361,2007-03-31,1925.3646,-307.93213,1804.48,-825.14014,2969.5076,2885.0
T000361,2007-06-30,1480.9492,1243.8945,1597.368,-531.22766,-1571.8035,437.0
T000361,2007-09-30,1642.2732,1541.0859,1653.5812,-465.6814,-564.2566,888.0
T000362,2006-12-31,170.52304,144.2409,261.862,42.45157,185.71336,376.0
T000362,2007-03-31,213.53888,12.5638275,249.47307,22.012512,297.0674,227.0
T000362,2007-06-30,191.14886,121.75011,246.03555,53.710587,261.4435,283.0
T000362,2007-09-30,188.43063,197.41513,249.32893,58.50003,105.87044,105.0
T000363,2006-12-31,432.85242,316.32297,374.37253,157.58257,290.2232,470.0
T000363,2007-03-31,455.94885,282.20233,364.9866,142.13033,340.46878,361.0
T000363,2007-06-30,414.37213,300.4446,358.433,167.46088,219.45732,263.0
T000363,2007-09-30,443.8653,440.8114,362.92856,170.75752,231.08986,354.0
T000364,2006-12-31,6435.7485,3259.9497,6797.258,-3404.4058,11250.253,10578.0
T000364,2007-03-31,7297.9565,-2117.3936,7276.0728,-4165.345,11746.646,11239.0
T000364,2007-06-30,5459.149,4803.0166,6484.513,-2964.4644,-8605.577,2098.0
T000364,2007-09-30,6135.538,6361.7954,6733.6274,-2686.8682,-4643.618,2883.0
T000365,2006-12-31,2328.616,995.449,2272.3926,-1295.4265,3890.376,3401.0
T000365,2007-03-31,2763.9236,-871.27,2468.575,-1580.7417,4201.1123,3883.0
T000365,2007-06-30,2081.917,1767.054,2193.3413,-1132.427,-3033.792,728.0
T000365,2007-09-30,2247.1375,2401.4724,2273.8257,-1032.8103,-1545.1826,1047.0
T000366,2006-12-31,548.4136,338.72964,792.438,-14.18512,1221.8751,1302.0
T000366,2007-03-31,598.0436,-249.51697,794.5649,-76.05383,1222.445,1063.0
T000366,2007-06-30,450.0033,401.4162,729.7231,35.897156,23.335693,405.0
T000366,2007-09-30,523.6718,517.22815,758.9858,54.61252,200.5679,240.0
T000367,2006-12-31,454.61145,414.6546,356.69333,249.3943,316.65503,326.0
T000367,2007-03-31,479.9315,446.43646,360.78372,242.41751,401.94708,391.0
T000367,2007-06-30,441.16867,363.2955,356.42233,255.76663,247.29428,277.0
T000367,2007-09-30,504.0459,423.05804,355.99347,260.2446,226.06403,435.0
T000368,2006-12-31,192.32819,155.5333,168.3711,37.67717,309.8501,144.0
T000368,2007-03-31,215.68958,71.15373,189.8958,23.858017,363.92657,287.0
T000368,2007-06-30,188.9951,248.77415,171.18123,48.40004,46.70854,127.0
T000368,2007-09-30,199.77437,184.28195,175.29959,52.65467,116.09418,147.0
T000369,2006-12-31,3518.4917,1929.708,3578.6895,-1007.3264,5815.179,5173.0
T000369,2007-03-31,4027.2126,-595.41016,3812.884,-1364.9966,6147.147,5624.0
T000369,2007-06-30,3133.8577,2789.2664,3455.9397,-799.85034,-3622.7246,1537.0
T000369,2007-09-30,3397.0205,3543.0403,3564.7659,-669.624,-1663.6355,1869.0
T000370,2006-12-31,7804.2007,5643.4897,7044.812,2419.6218,7848.8887,9453.0
T000370,2007-03-31,7884.9546,4688.2437,7234.2856,2039.3247,8818.963,9234.0
T000370,2007-06-30,6781.5645,6161.022,6818.301,2753.177,4330.0,3043.0
T000370,2007-09-30,7730.033,7487.823,6944.3022,2860.6462,5131.024,5994.0
T000371,2006-12-31,1807.576,1330.061,1981.4008,603.556,2156.248,2772.0
T000371,2007-03-31,1893.1166,614.76733,2050.2656,496.50012,2623.9517,2744.0
T000371,2007-06-30,1611.5457,1297.0973,1906.4156,693.0689,1363.4252,1024.0
T000371,2007-09-30,1795.0978,1728.129,1955.1938,724.131,1177.7716,1251.0
T000372,2006-12-31,720.8347,693.0994,1126.5349,699.75134,1141.5292,1475.0
T000372,2007-03-31,797.09106,294.6034,1115.5714,657.75867,1198.9028,1234.0
T000372,2007-06-30,773.5413,623.8047,1091.5039,727.70404,1174.5458,1144.0
T000372,2007-09-30,745.1413,640.90515,1101.67,743.6633,974.6178,537.0
T000373,2006-12-31,1391.3594,1171.9601,1317.8082,925.0592,1133.5052,1389.0
T000373,2007-03-31,1431.0688,1345.652,1375.3353,906.1392,1167.658,1673.0
T000373,2007-06-30,1320.5042,1137.5868,1319.3677,945.9056,1173.0215,944.0
T000373,2007-09-30,1474.8154,1334.3911,1328.1445,956.3445,988.45544,1323.0
T000374,2006-12-31,11710.3125,8876.638,11468.187,4144.6133,12688.906,15089.0
T000374,2007-03-31,11976.615,6954.951,11772.047,3600.6758,13972.826,14885.0
T000374,2007-06-30,10446.255,9232.605,11128.115,4585.587,6034.134,6155.0
T000374,2007-09-30,11616.073,11216.759,11334.21,4746.545,6754.189,9105.0
T000375,2006-12-31,1721.7357,1118.873,1787.5249,-185.11401,2185.526,2466.0
T000375,2007-03-31,1895.9138,391.9834,1913.563,-337.29956,2286.2698,2799.0
T000375,2007-06-30,1549.617,1182.0647,1742.083,-87.47168,-55.54126,796.0
T000375,2007-09-30,1683.8861,1429.3654,1790.9407,-41.731323,301.58203,1083.0
T000376,2006-12-31,676.23505,489.92825,762.7721,96.60953,915.7339,1043.0
T000376,2007-03-31,703.7443,190.65686,794.56525,50.823425,980.5867,1073.0
T000376,2007-06-30,598.2298,534.8709,738.6565,128.58585,105.34091,457.0
T000376,2007-09-30,657.7782,643.34283,757.1888,144.05698,160.26001,444.0
T000377,2006-12-31,279.26904,186.75127,444.3449,-91.56952,725.25885,748.0
T000377,2007-03-31,278.27936,75.73511,402.46185,-138.5744,596.4508,248.0
T000377,2007-06-30,369.17172,262.33783,394.39767,-66.5737,-133.77808,476.0
T000377,2007-09-30,337.79044,262.71814,405.2895,-59.86978,122.955986,132.0
T000378,2006-12-31,855.6187,690.35815,839.88617,425.92014,1069.239,999.0
T000378,2007-03-31,860.18353,520.722,834.13367,389.09573,976.0841,890.0
T000378,2007-06-30,812.00757,758.2744,817.19946,449.37726,425.93628,715.0
T000378,2007-09-30,847.1111,760.8467,826.12823,456.09314,629.0784,693.0
T000379,2006-12-31,3446.3787,2541.0076,3840.7961,411.41602,4806.165,5256.0
T000379,2007-03-31,3603.5876,1196.0271,3926.029,140.02832,4768.085,5010.0
T000379,2007-06-30,3180.15,2756.5208,3694.046,576.19775,522.984,2444.0
T000379,2007-09-30,3323.0972,3133.2334,3781.9832,640.12,1362.5669,2352.0
T000380,2006-12-31,25826.844,14860.687,26134.04,-7585.371,40082.375,38281.0
T000380,2007-03-31,28617.26,-1807.8496,27990.809,-10169.279,42750.75,42098.0
T000380,2007-06-30,22345.39,19923.863,25220.295,-6020.301,-20021.824,9485.0
T000380,2007-09-30,24807.818,25144.979,26044.734,-5123.633,-8555.666,13923.0
T000381,2006-12-31,6488.397,4258.393,7299.8643,-248.0083,10376.285,10488.0
T000381,2007-03-31,7038.1797,345.17236,7670.0645,-811.5156,11175.537,10869.0
T000381,2007-06-30,5724.1084,4819.111,7026.561,112.720215,-1247.5117,3589.0
T000381,2007-09-30,6301.919,6037.302,7235.7036,302.66895,237.55273,3873.0
T000382,2006-12-31,2226.8462,1967.7413,2655.757,2044.2609,2535.163,3299.0
T000382,2007-03-31,2325.7407,1465.4642,2608.7354,1964.8853,2568.8037,2691.0
T000382,2007-06-30,2292.342,1903.3867,2562.6147,2092.0356,2781.0957,2486.0
T000382,2007-09-30,2245.7085,2107.247,2590.5771,2114.4583,2797.4133,1854.0
T000383,2006-12-31,4951.316,3997.061,4215.8965,2838.8196,3829.0513,4226.0
T000383,2007-03-31,5212.472,4111.1143,4470.628,2743.7144,4276.4463,5703.0
T000383,2007-06-30,4770.5186,3984.5894,4236.1807,2922.3315,3191.559,2679.0
T000383,2007-09-30,5190.6196,4572.738,4264.36,2969.0667,3210.7246,4560.0
T000384,2006-12-31,39498.715,25166.092,40270.72,-3339.123,57468.332,56294.0
T000384,2007-03-31,43115.285,4139.164,42726.06,-6643.088,61316.895,61361.0
T000384,2007-06-30,35034.652,30659.258,39067.312,-1326.3789,-16370.23,18239.0
T000384,2007-09-30,38300.65,37917.414,40154.73,-179.95898,-3217.289,24210.0
T000385,2006-12-31,64700.367,39164.977,69246.51,-2918.1719,94763.66,91085.0
T000385,2007-03-31,74706.77,-4170.422,76508.25,-9213.891,114076.32,119432.0
T000385,2007-06-30,60448.953,49245.812,68456.67,839.8203,-5012.629,34410.0
T000385,2007-09-30,63500.96,59626.51,70561.445,2866.2031,4210.8594,36771.0
T000386,2006-12-31,34404.08,21262.326,39372.027,-7107.117,56086.043,54465.0
T000386,2007-03-31,38452.39,-2365.3047,42405.773,-10591.691,61730.34,63231.0
T000386,2007-06-30,31217.393,25884.104,38442.09,-5183.4375,-17967.105,21373.0
T000386,2007-09-30,33359.375,31795.84,39616.305,-3915.6191,-9846.002,18786.0
T000387,2006-12-31,5407.3057,4604.3203,6194.6665,4100.848,5490.5625,7155.0
T000387,2007-03-31,5730.858,3659.5305,6338.4907,3914.3892,6102.065,7449.0
T000387,2007-06-30,5549.771,4481.7646,6134.717,4231.2456,6419.902,5580.0
T000387,2007-09-30,5463.5596,4945.163,6193.439,4284.298,5699.6846,4551.0
T000388,2006-12-31,9217.739,7722.654,8370.133,6351.936,8032.5483,8895.0
T000388,2007-03-31,9678.311,7323.5034,8737.125,6191.4014,9120.842,10653.0
T000388,2007-06-30,8924.072,7429.7114,8375.434,6491.061,6007.532,5962.0
T000388,2007-09-30,9554.229,8619.867,8435.012,6580.325,5679.456,8325.0
T000389,2006-12-31,113703.19,72889.92,123157.69,-2253.9453,166656.9,161600.0
T000389,2007-03-31,128386.55,4488.9766,133971.48,-12319.773,192255.83,200765.0
T000389,2007-06-30,105928.734,87088.1,121413.46,3515.0938,-19481.742,67325.0
T000389,2007-09-30,111541.89,105078.375,124812.695,7049.375,-1112.9375,68433.0
T000390,2006-12-31,1022.6392,961.4096,1045.626,633.7372,1178.2537,1196.0
T000390,2007-03-31,1026.5347,717.88,1053.0508,600.5095,1159.8021,1162.0
T000390,2007-06-30,968.0114,1125.5121,1029.688,659.1306,931.56445,920.0
T000390,2007-09-30,1025.4105,1128.3969,1038.9146,665.73145,979.78326,870.0
T000391,2006-12-31,2587.1384,2058.824,2957.121,672.8916,3458.9897,4307.0
T000391,2007-03-31,2603.6255,1343.6136,2839.0898,510.24622,3249.1797,2940.0
T000391,2007-06-30,2352.254,2077.4312,2729.0525,774.37573,532.4579,1990.0
T000391,2007-09-30,2526.7798,2498.6228,2804.6477,820.80273,1235.7373,1917.0
T000392,2006-12-31,365.04852,298.02228,339.59784,228.16501,195.6122,234.0
T000392,2007-03-31,407.56876,380.03278,344.59067,221.29498,296.8728,350.0
T000392,2007-06-30,396.6345,324.26532,351.82437,233.33342,385.2205,469.0
T000392,2007-09-30,396.71667,330.07193,346.79105,237.29779,202.60886,345.0
T000393,2006-12-31,313.828,289.19135,320.80533,207.86761,319.09564,282.0
T000393,2007-03-31,341.9005,269.2971,341.28128,201.36751,357.78433,432.0
T000393,2007-06-30,328.24637,276.28128,326.20493,214.4997,283.7241,326.0
T000393,2007-09-30,335.94788,252.4183,328.42862,217.71153,186.71017,279.0
T000394,2006-12-31,4267.1235,3643.2703,4655.4404,2066.6658,5068.3735,6019.0
T000394,2007-03-31,4312.1245,2721.831,4573.3926,1866.4655,5035.5947,4884.0
T000394,2007-06-30,3975.3645,3815.8257,4445.2065,2203.0542,2582.3994,3705.0
T000394,2007-09-30,4186.1533,4233.541,4520.805,2245.8125,2942.942,3411.0
T000395,2006-12-31,7941.886,6721.176,8357.986,3609.3203,9336.315,10383.0
T000395,2007-03-31,8152.8623,4600.323,8414.97,3282.9727,10133.029,9681.0
T000395,2007-06-30,7410.735,6890.147,8124.76,3843.4177,3616.358,6420.0
T000395,2007-09-30,7870.96,7730.587,8244.646,3945.2104,4273.1426,6399.0
T000396,2006-12-31,9463.76,7555.8174,9804.873,5988.7197,11030.4,12322.0
T000396,2007-03-31,9072.336,7510.036,9480.557,5716.9395,9703.182,8831.0
T000396,2007-06-30,8922.65,7614.4,9335.554,6170.09,5002.545,8701.0
T000396,2007-09-30,9417.566,8410.946,9464.004,6275.1025,6843.518,7884.0
T000397,2006-12-31,1846.5126,1727.3225,1727.6758,1591.9167,1829.8895,1483.0
T000397,2007-03-31,1849.4908,2085.6843,1740.1389,1573.0065,1692.2274,1784.0
T000397,2007-06-30,1871.8682,1776.2988,1739.1256,1606.1465,1767.0432,1843.0
T000397,2007-09-30,1925.3679,1731.5834,1736.057,1616.865,1595.1798,1851.0
T000398,2006-12-31,5817.4736,4974.7197,5559.547,4118.1626,5180.4785,5961.0
T000398,2007-03-31,5721.8247,5901.71,5500.456,4032.4097,4488.1914,5256.0
T000398,2007-06-30,5682.89,5167.101,5483.0913,4199.911,4351.836,5294.0
T000398,2007-09-30,5902.393,5272.7275,5503.003,4233.253,5114.749,5481.0
T000399,2006-12-31,24980.58,21096.943,25467.783,16633.145,26572.646,30149.0
T000399,2007-03-31,24584.17,20133.984,25079.117,16008.793,25472.605,25552.0
T000399,2007-06-30,23598.31,21488.549,24688.467,17079.31,17064.861,22258.0
T000399,2007-09-30,24741.219,23224.94,24949.658,17283.379,19660.338,21615.0
T000400,2006-12-31,5588.5874,4124.7275,5064.8687,2613.7678,7206.873,6059.0
T000400,2007-03-31,6017.3022,1915.1394,5312.035,2356.048,8113.035,6878.0
T000400,2007-06-30,5164.4883,5597.1006,5012.91,2827.084,3342.777,3159.0
T000400,2007-09-30,5536.5317,5753.5713,5087.188,2910.5,4999.8687,4248.0
T000401,2006-12-31,5747.0293,4902.575,5696.469,4107.468,6839.281,7009.0
T000401,2007-03-31,5682.2695,4325.8623,5534.3823,3971.3613,6495.215,5268.0
T000401,2007-06-30,5426.798,5109.2266,5450.9434,4203.237,3347.4028,4730.0
T000401,2007-09-30,5706.466,5682.7075,5522.885,4238.588,4645.3643,5022.0
T000402,2006-12-31,1755.1165,1459.7778,1407.1974,1104.3842,1790.1831,1044.0
T000402,2007-03-31,1796.2407,1569.2345,1439.6729,1077.2456,1694.4138,1600.0
T000402,2007-06-30,1760.4689,1740.198,1415.7538,1126.8569,589.59607,1385.0
T000402,2007-09-30,1802.8262,1555.1365,1413.9819,1137.1418,1234.2921,1659.0
T000403,2006-12-31,5213.0195,3861.0093,3981.6956,1515.0796,9796.729,4358.0
T000403,2007-03-31,5688.063,1234.5522,3992.3057,1248.5068,9071.844,4221.0
T000403,2007-06-30,4959.3823,6720.1543,3940.3765,1745.6421,2386.884,3370.0
T000403,2007-09-30,5513.852,5610.401,3958.0317,1876.5979,6155.3823,3873.0
T000404,2006-12-31,19502.936,15519.762,17040.074,12977.789,25845.281,18915.0
T000404,2007-03-31,20455.963,10534.068,17273.139,12362.688,25688.5,19197.0
T000404,2007-06-30,18560.076,20312.176,16888.594,13480.127,9951.506,13597.0
T000404,2007-09-30,19435.908,19951.21,16989.86,13701.895,17639.236,16236.0
T000405,2006-12-31,14505.851,11853.406,14463.345,6714.437,18050.074,17638.0
T000405,2007-03-31,15087.253,7247.506,14776.789,6097.2573,19581.184,17721.0
T000405,2007-06-30,13471.531,13628.632,14174.498,7154.831,6597.839,10499.0
T000405,2007-09-30,14327.012,14643.476,14372.447,7343.844,9260.468,11517.0
T000406,2006-12-31,17778.717,14543.108,18465.264,10664.555,21503.03,23638.0
T000406,2007-03-31,17334.586,13187.468,17850.318,10086.964,19549.158,17039.0
T000406,2007-06-30,16636.393,14809.974,17512.088,11027.465,8258.928,15421.0
T000406,2007-09-30,17559.768,16609.645,17792.2,11206.68,12242.522,14823.0
T000407,2006-12-31,3931.0066,3521.8853,3477.1848,3030.2524,3751.0044,2761.0
T000407,2007-03-31,3982.0923,4046.2478,3525.0574,2996.7788,3634.8528,3734.0
T000407,2007-06-30,3966.0063,3853.4214,3505.6396,3058.892,2893.097,3697.0
T000407,2007-09-30,4025.9846,3641.4531,3498.145,3076.3982,3154.029,3855.0
T000408,2006-12-31,10780.226,8628.154,9355.753,6151.964,13968.034,10127.0
T000408,2007-03-31,11083.988,7241.6855,9278.434,5851.669,12383.919,9235.0
T000408,2007-06-30,10341.51,11447.347,9226.75,6403.589,7311.355,8458.0
T000408,2007-09-30,10956.14,10562.576,9262.769,6533.2637,11759.01,9201.0
T000409,2006-12-31,48385.9,40511.12,47171.113,29311.89,60612.742,55083.0
T000409,2007-03-31,48924.355,33467.055,46886.156,27865.793,57764.426,49633.0
T000409,2007-06-30,45704.402,45703.035,46034.45,30245.662,16568.71,39560.0
T000409,2007-09-30,47614.734,47578.168,46463.25,30699.814,30282.895,41262.0
T000410,2006-12-31,293562.12,226937.9,292395.2,131414.0,348433.97,344281.0
T000410,2007-03-31,314960.12,156594.62,305570.66,118571.56,388714.4,389041.0
T000410,2007-06-30,279791.06,244423.34,289688.75,139618.25,117637.19,206841.0
T000410,2007-09-30,292279.8,276739.2,293908.12,144154.19,146788.95,234336.0
T000411,2006-12-31,158753.75,126079.914,174327.36,74708.86,198786.75,223195.0
T000411,2007-03-31,162513.06,89422.766,174229.1,66976.32,208924.16,198685.0
T000411,2007-06-30,149129.88,130821.4,168160.78,79143.88,78476.75,136093.0
T000411,2007-09-30,155712.03,150449.7,170965.97,81519.2,92143.63,123420.0
T000412,2006-12-31,67409.33,59498.332,66436.84,59639.2,62517.758,68265.0
T000412,2007-03-31,67859.83,67720.32,66527.66,59249.918,62228.6,67852.0
T000412,2007-06-30,67912.64,56755.64,66242.16,59956.73,60086.336,64825.0
T000412,2007-09-30,69097.24,59551.016,66355.16,60076.723,58379.78,64386.0
T000413,2006-12-31,53144.25,46736.758,50200.312,44390.836,49816.105,52603.0
T000413,2007-03-31,54025.72,49697.06,50123.28,43839.355,49123.91,50914.0
T000413,2007-06-30,51967.12,47182.605,49888.22,44871.23,40727.695,46218.0
T000413,2007-09-30,53680.7,49537.992,49977.094,45167.65,45253.273,50130.0
T000414,2006-12-31,586537.25,474880.62,594743.1,312713.38,681205.1,695387.0
T000414,2007-03-31,613451.0,379994.6,609462.56,291425.44,731335.75,723501.0
T000414,2007-06-30,562397.94,493824.56,586975.75,325197.66,289190.78,464744.0
T000414,2007-09-30,582877.5,551409.9,593820.1,332696.72,335798.38,488151.0
T000415,2000-03-31,315435.7,206244.44,540990.75,-265441.0,576154.44,67595.0
T000415,2000-06-30,566401.44,221015.94,590905.6,-321204.94,551382.44,778682.0
T000415,2000-09-30,726814.94,319427.7,629345.1,-223209.03,367640.2,1317486.0
T000415,2000-12-31,588151.94,-10617.656,588199.75,-200010.25,56192.406,269270.0
T000416,2000-03-31,64459.684,40931.414,121950.67,-78346.73,146193.73,33547.0
T000416,2000-06-30,122764.81,17502.312,133425.66,-91970.61,139119.81,179192.0
T000416,2000-09-30,156018.55,66080.91,141059.17,-69186.72,5842.3867,284975.0
T000416,2000-12-31,123117.125,3463.625,132121.47,-63118.508,-41358.914,48267.0
T000417,2000-03-31,333985.5,227705.34,548072.75,-231907.88,603195.56,93289.0
T000417,2000-06-30,587737.56,216705.44,600212.06,-287830.88,600263.56,805862.0
T000417,2000-09-30,736385.6,330935.9,631072.3,-190367.69,352653.03,1254538.0
T000417,2000-12-31,605312.0,55350.188,592954.0,-167930.0,53911.78,296448.0
T000418,2000-03-31,18111.766,15862.701,23162.174,3075.457,21802.959,10873.0
T000418,2000-06-30,24466.512,20904.967,23645.688,1627.6387,18517.031,22149.0
T000418,2000-09-30,31878.703,16841.275,25519.33,4208.6973,27545.994,48239.0
T000418,2000-12-31,27230.926,7119.084,24410.848,4901.962,19122.936,18027.0
T000419,2000-03-31,77544.21,34609.6,166935.97,-101535.16,211375.2,48386.0
T000419,2000-06-30,141064.47,107965.98,171673.52,-119713.45,140158.55,148042.0
T000419,2000-09-30,222534.45,74528.25,195854.05,-89463.95,47467.457,479337.0
T000419,2000-12-31,172220.28,-49985.297,181792.03,-80503.375,-184.28906,70150.0
T000420,2000-03-31,28144.549,-138.07422,58875.566,-45849.953,70041.47,3601.0
T000420,2000-06-30,55898.707,22724.793,65421.355,-52720.67,53082.637,91006.0
T000420,2000-09-30,75632.5,14499.605,70017.53,-40902.566,8598.314,154804.0
T000420,2000-12-31,58367.336,-25073.812,64813.414,-37788.984,-21081.348,20008.0
T000421,2000-03-31,82042.89,41731.586,137052.0,-67375.234,150180.72,16625.0
T000421,2000-06-30,146666.08,57558.367,151247.97,-81826.766,144245.72,207922.0
T000421,2000-09-30,184777.75,70252.11,159027.55,-56662.75,78615.81,322220.0
T000421,2000-12-31,149958.84,-4393.8594,148973.58,-50709.094,3601.9375,70040.0
T000422,2000-03-31,44400.508,8917.32,101458.5,-107743.0,140356.44,3519.0
T000422,2000-06-30,108815.89,-8926.664,116371.62,-123553.484,138900.52,179870.0
T000422,2000-09-30,139921.5,40868.71,121217.49,-98267.68,-2204.5977,256440.0
T000422,2000-12-31,107019.44,-16132.375,112381.15,-91455.99,-52466.734,28964.0
T000423,2000-03-31,24719.258,8192.459,41574.54,-19949.062,54437.535,1509.0
T000423,2000-06-30,43457.527,20476.64,47662.332,-24331.215,44485.336,73818.0
T000423,2000-09-30,53038.152,18951.098,48349.637,-16635.2,23530.771,91739.0
T000423,2000-12-31,43985.105,-6300.1836,45447.74,-14933.867,3124.205,21905.0
T000424,2000-03-31,22959.594,21237.48,22206.582,11194.859,28942.75,30175.0
T000424,2000-06-30,20651.578,18839.541,21067.371,10544.21,25902.586,17003.0
T000424,2000-09-30,20245.906,22913.729,20681.816,11676.48,10421.17,16849.0
T000424,2000-12-31,23135.12,24195.596,21092.63,12007.307,17571.605,19944.0
T000425,2000-03-31,41832.42,35265.008,53230.656,1733.7344,62933.844,27015.0
T000425,2000-06-30,58178.246,24669.578,58519.082,-2292.7852,70042.45,81524.0
T000425,2000-09-30,61971.523,46277.273,57798.36,4170.1562,50322.266,83137.0
T000425,2000-12-31,55559.246,31577.86,56077.59,5904.6836,33228.29,37638.0
T000426,2000-03-31,10516.591,7620.7627,11865.495,1378.6982,11948.617,6632.0
T000426,2000-06-30,13993.089,6368.379,12617.129,490.0586,11921.431,15820.0
T000426,2000-09-30,15037.9,10228.121,12806.097,1908.9854,8151.496,19149.0
T000426,2000-12-31,13323.326,8245.705,12392.116,2175.3965,6306.1045,8915.0
