unique_id,ds,NBEATS,NLinear,KAN,MLP,DLinear,y
T000000,1978-11-30,1403547.5,1116194.2,1315397.6,1505238.5,1371922.5,950071.0
T000000,1978-12-31,1017689.6,954395.1,1386329.8,1477953.6,1139567.2,675046.0
T000000,1979-01-31,809803.6,538130.2,1323871.5,1498636.9,1614738.6,2196870.0
T000000,1979-02-28,2112388.8,1992665.5,1390803.6,1507364.2,879519.25,1330660.0
T000000,1979-03-31,1248795.0,1024253.1,1352088.9,1529765.9,1342391.8,894202.0
T000000,1979-04-30,924613.06,1034808.5,1363806.6,1543257.0,1394907.9,1972540.0
T000000,1979-05-31,1851559.6,1976154.0,1396183.8,1551433.9,1214893.1,1656590.0
T000000,1979-06-30,1569254.6,1551955.2,1345542.6,1520517.0,1170855.2,1179180.0
T000000,1979-07-31,1159412.0,1352101.5,1433403.4,1577709.8,1656971.4,1939450.0
T000000,1979-08-31,1740512.4,2088543.0,1337683.1,1499755.0,1007687.1,630177.0
T000000,1979-09-30,655725.56,706759.5,1370724.5,1532285.2,1118631.4,913313.0
T000000,1979-10-31,1000484.9,1095195.8,1372287.2,1544734.1,1469609.5,1617990.0
T000000,1979-11-30,1525321.5,1396581.0,1354181.8,1476602.8,1133182.0,622073.0
T000000,1979-12-31,679871.5,656807.6,1267269.0,1504545.1,1203924.0,915206.0
T000001,1984-01-31,122.49721,123.753075,109.961876,103.62978,109.497116,123.84
T000001,1984-02-29,121.98608,123.210396,111.7317,106.50335,110.20568,131.1
T000001,1984-03-31,129.39513,132.46964,114.87413,106.95155,111.923195,125.26
T000001,1984-04-30,125.17827,125.974884,116.5115,108.04235,115.65155,121.02
T000001,1984-05-31,121.66375,120.41884,118.62017,121.11758,115.45587,119.56
T000001,1984-06-30,121.60171,114.14317,120.94781,124.63161,121.9543,119.31
T000001,1984-07-31,121.95019,111.50265,122.01448,129.51097,125.075066,137.35
T000001,1984-08-31,137.41824,130.61153,125.04896,128.6834,124.57347,152.05
T000001,1984-09-30,150.19995,146.92601,126.850525,127.95592,124.90248,161.14
T000001,1984-10-31,157.82127,154.65445,130.53981,127.55641,125.18373,151.96
T000001,1984-11-30,149.53098,143.98631,132.84827,130.76566,123.75459,186.11
T000001,1984-12-31,181.3739,179.03046,139.4434,133.4731,120.78916,188.91
T000001,1985-01-31,184.3885,178.77507,142.70195,134.18747,123.710915,256.66
T000001,1985-02-28,245.63263,253.1059,156.1526,139.34183,118.02353,277.88
T000002,1985-06-30,797.9437,845.3343,772.6035,868.23773,924.43134,918.0
T000002,1985-07-31,860.1902,932.64795,784.7682,864.91693,798.42926,915.0
T000002,1985-08-31,853.89246,1020.13824,773.6123,862.7385,731.82825,762.0
T000002,1985-09-30,725.76965,843.72186,778.92505,880.9326,772.8031,775.0
T000002,1985-10-31,730.9968,857.804,757.41675,839.55927,760.9436,742.0
T000002,1985-11-30,709.52563,800.2858,765.8569,817.9757,800.2208,362.0
T000002,1985-12-31,436.8539,500.40414,747.9467,825.77454,894.41003,832.0
T000002,1986-01-31,841.7451,910.8619,775.63934,827.29224,662.96344,754.0
T000002,1986-02-28,715.8054,654.0587,757.0537,824.93695,692.6378,886.0
T000002,1986-03-31,864.8904,874.9409,794.77106,822.49664,767.81366,833.0
T000002,1986-04-30,805.3233,825.0359,775.9633,818.18756,772.2489,859.0
T000002,1986-05-31,867.1575,835.611,800.3285,826.2027,721.8022,1006.0
T000002,1986-06-30,975.92786,954.90814,809.45654,825.06177,943.2527,938.0
T000002,1986-07-31,890.51416,980.04065,804.4066,870.7675,871.8947,1018.0
T000003,1980-07-31,7640.8,7951.0615,6649.219,6893.502,6220.212,6493.0
T000003,1980-08-31,6445.982,6840.007,6577.1104,6795.318,6190.4517,7366.0
T000003,1980-09-30,7339.419,7490.389,6855.641,6784.995,5746.366,7421.0
T000003,1980-10-31,7395.8613,6738.302,6847.6255,7009.5913,6273.5264,6561.0
T000003,1980-11-30,6684.7246,6201.1357,6995.2583,7062.835,6797.315,6921.0
T000003,1980-12-31,7105.806,6797.876,7045.2686,7033.6074,6775.971,6650.0
T000003,1981-01-31,6798.632,6419.3438,7017.492,7108.3906,6466.405,8579.0
T000003,1981-02-28,8409.684,8178.751,7261.657,7022.828,6523.784,8202.0
T000003,1981-03-31,8012.024,7648.5127,7162.823,7072.6514,7167.5547,7582.0
T000003,1981-04-30,7560.6143,7690.621,7383.294,7262.6655,6992.4043,6880.0
T000003,1981-05-31,6971.3687,6779.7964,7365.6367,7230.7026,7625.6826,6841.0
T000003,1981-06-30,6830.388,6752.237,7327.727,7234.7227,7416.3945,6618.0
T000003,1981-07-31,6512.017,6705.439,7232.883,7197.2007,7425.805,5719.0
T000003,1981-08-31,5808.9033,6230.5176,7036.7866,7289.6113,7196.508,6296.0
T000004,1985-05-31,44.969707,44.637943,46.241295,46.89515,50.234108,45.21
T000004,1985-06-30,44.97501,47.67752,46.023056,46.791946,44.68107,45.47
T000004,1985-07-31,44.97364,46.976597,46.5561,46.449234,43.60007,45.87
T000004,1985-08-31,45.750267,46.393787,46.231358,47.096077,45.258305,46.64
T000004,1985-09-30,46.23833,45.007,47.04974,47.102192,43.964134,47.98
T000004,1985-10-31,47.955845,45.68552,46.639656,46.9206,45.33851,43.58
T000004,1985-11-30,44.736786,41.34652,47.351654,46.689358,47.758526,43.71
T000004,1985-12-31,44.066936,43.687992,46.371582,46.594666,46.86728,52.44
T000004,1986-01-31,51.397385,52.523666,46.963085,47.260094,43.814514,48.63
T000004,1986-02-28,48.0875,48.19976,46.413986,47.13188,45.17058,45.67
T000004,1986-03-31,45.410267,45.9948,46.994503,47.4491,46.31882,49.56
T000004,1986-04-30,48.76835,50.14987,46.81424,47.77256,46.1192,44.56
T000004,1986-05-31,44.30294,44.222057,46.617134,47.84373,47.607185,46.32
T000004,1986-06-30,46.321835,48.387405,47.12953,47.315865,46.944675,40.75
T000005,1978-11-30,977.6011,666.3744,2943.1506,2768.065,3690.7368,437.0
T000005,1978-12-31,745.1771,173.03223,3074.4568,2584.526,3371.976,1077.0
T000005,1979-01-31,1355.4792,537.84436,2951.4336,2522.4097,3559.2449,2011.0
T000005,1979-02-28,2197.048,672.85583,3083.7097,2542.1882,3402.067,4504.0
T000005,1979-03-31,4121.121,2888.8936,3072.9417,2520.2583,3350.0137,6417.0
T000005,1979-04-30,5732.7363,5253.0,3154.289,2883.5327,3839.2617,5253.0
T000005,1979-05-31,4636.471,5584.9966,3019.957,3088.0981,4315.3076,3564.0
T000005,1979-06-30,2942.8445,4869.1094,3081.4375,4395.053,4159.4795,3464.0
T000005,1979-07-31,2818.87,4446.133,3011.967,4357.413,3122.2764,2557.0
T000005,1979-08-31,2011.261,3478.4084,2824.132,4264.947,3629.7883,1927.0
T000005,1979-09-30,1581.3495,3817.2822,2796.1248,4207.953,2751.939,984.0
T000005,1979-10-31,994.70154,2266.2625,2638.631,3544.8247,2439.1282,699.0
T000005,1979-11-30,864.7809,767.80054,2705.1248,2908.6208,2523.8027,708.0
T000005,1979-12-31,1093.833,-185.4414,2779.4712,2743.608,3671.6528,1800.0
T000006,1978-11-30,113773.16,99839.66,158747.78,170004.78,165104.42,64709.0
T000006,1978-12-31,80582.89,61335.773,158889.67,164642.7,190197.88,98618.0
T000006,1979-01-31,111461.87,85378.19,150300.36,156389.72,169692.64,115199.0
T000006,1979-02-28,115167.53,98676.89,147561.98,159180.72,185814.34,166369.0
T000006,1979-03-31,153204.48,176060.28,142923.88,166970.94,163329.42,175057.0
T000006,1979-04-30,155639.2,189920.47,137718.9,167704.84,148107.33,173856.0
T000006,1979-05-31,155359.89,198284.5,137624.98,177401.16,154318.9,133181.0
T000006,1979-06-30,117791.65,152291.56,134113.67,174551.66,181021.22,139844.0
T000006,1979-07-31,126415.79,169249.39,134974.06,166513.39,169689.83,99098.0
T000006,1979-08-31,90182.35,143085.11,130059.77,159290.83,170930.2,123147.0
T000006,1979-09-30,118152.84,167774.44,129935.71,154228.61,126060.7,136589.0
T000006,1979-10-31,122948.7,152574.1,128733.13,152463.08,129950.26,109528.0
T000006,1979-11-30,104770.36,116487.0,125813.8,143818.55,132099.78,88284.0
T000006,1979-12-31,100888.42,86327.24,132983.53,135664.25,162088.47,120652.0
T000007,1978-11-30,1244.6842,1220.0623,1360.8114,1386.8246,1306.9761,1167.0
T000007,1978-12-31,1158.1323,1189.9078,1405.852,1354.8495,1551.4553,552.0
T000007,1979-01-31,654.77924,486.14423,1298.8284,1364.4347,1569.6749,463.0
T000007,1979-02-28,580.4599,504.6507,1288.7653,1383.5559,1575.0723,679.0
T000007,1979-03-31,650.4495,751.3396,1170.3416,1405.7916,1525.6357,673.0
T000007,1979-04-30,618.48816,765.4802,1110.1101,1400.8708,1308.4542,699.0
T000007,1979-05-31,626.67584,993.3489,999.61475,1451.367,1296.4794,728.0
T000007,1979-06-30,652.1401,967.3292,941.3429,1445.2318,1215.0016,1109.0
T000007,1979-07-31,1002.43976,1219.5343,944.72406,1325.7203,1156.7509,582.0
T000007,1979-08-31,524.2627,793.51086,849.93933,1343.3196,1383.3148,597.0
T000007,1979-09-30,564.02295,949.2758,849.571,1268.1487,978.4346,719.0
T000007,1979-10-31,609.2597,898.20306,760.3561,1003.4331,876.2866,662.0
T000007,1979-11-30,576.3978,911.5194,725.79724,1037.9259,821.2163,685.0
T000007,1979-12-31,616.0709,985.075,695.5864,944.0368,890.82684,539.0
T000008,1978-11-30,4368.5,4778.5244,8370.308,7824.057,9044.363,2918.0
T000008,1978-12-31,3359.4575,2959.4536,8333.529,7291.8306,10678.629,4010.0
T000008,1979-01-31,4773.579,2546.6948,7874.024,7162.4307,8437.019,5150.0
T000008,1979-02-28,6109.715,2386.004,8264.6455,7087.949,10887.8125,9470.0
T000008,1979-03-31,9385.774,7304.291,8002.459,7202.559,11239.727,11154.0
T000008,1979-04-30,10013.754,9916.507,8172.6,7563.5913,10540.383,11396.0
T000008,1979-05-31,9941.367,12583.736,7640.176,7677.573,11247.676,10048.0
T000008,1979-06-30,8266.693,11969.148,7654.6987,8732.532,11529.94,12656.0
T000008,1979-07-31,10652.623,14558.241,7666.574,11148.458,10424.82,6081.0
T000008,1979-08-31,4836.191,9385.221,7379.1274,11099.179,13006.311,5045.0
T000008,1979-09-30,4566.082,9961.151,7646.3926,8741.453,10047.032,5085.0
T000008,1979-10-31,4646.0894,7228.4766,7230.712,8131.032,8626.103,3659.0
T000008,1979-11-30,3585.9893,4785.836,7188.1895,7708.471,8313.084,3551.0
T000008,1979-12-31,4115.0586,3218.875,7470.0786,6872.876,9319.5205,3805.0
T000009,1985-10-31,5188.3833,6099.2734,5016.9297,5193.3877,5623.813,5877.0
T000009,1985-11-30,5808.1123,6286.874,5578.3657,5185.964,6171.2524,4762.0
T000009,1985-12-31,4801.605,4345.9697,5384.8887,5248.086,6998.753,4964.0
T000009,1986-01-31,5108.7837,5609.191,5528.2114,5274.295,6796.3125,4794.0
T000009,1986-02-28,4888.3906,5349.8984,5444.323,5213.612,6572.1064,4473.0
T000009,1986-03-31,4227.5776,5310.711,5152.773,5156.271,4732.48,5212.0
T000009,1986-04-30,4899.833,5223.549,5388.5845,5184.43,5170.877,3518.0
T000009,1986-05-31,3739.9873,3078.1929,4970.757,5317.733,6493.2515,2863.0
T000009,1986-06-30,3160.565,3126.9185,5288.6216,5252.698,6584.3853,3955.0
T000009,1986-07-31,4025.413,3980.7268,4766.392,5192.1865,6222.037,4638.0
T000009,1986-08-31,4462.7197,4943.725,4991.2236,5315.06,5933.276,8562.0
T000009,1986-09-30,7728.5205,9023.374,5042.124,5238.782,4228.0405,5507.0
T000009,1986-10-31,5047.6143,5211.787,4766.2705,5348.8223,5045.182,4898.0
T000009,1986-11-30,4769.705,5554.8867,5135.893,5416.104,5576.094,4419.0
T000010,1986-03-31,3326.5134,3307.4822,3618.6208,3685.0574,3589.4585,4905.0
T000010,1986-04-30,4776.246,4794.328,3965.6626,3804.7676,3050.4065,4340.0
T000010,1986-05-31,4308.58,3860.8555,3824.7695,3808.2524,3629.5637,3525.0
T000010,1986-06-30,3706.1094,3197.7798,4088.2275,3862.1848,3576.9717,5073.0
T000010,1986-07-31,5017.4336,4485.6587,4090.765,3891.7537,3676.6177,4191.0
T000010,1986-08-31,4173.7285,3589.7935,4093.9504,4161.318,4001.7292,4555.0
T000010,1986-09-30,4458.807,4764.515,4198.3896,4066.066,3782.6863,5075.0
T000010,1986-10-31,4920.999,5137.222,4154.91,4149.443,3749.8484,4942.0
T000010,1986-11-30,4767.453,4887.8457,4287.2007,4247.5796,3403.7756,5021.0
T000010,1986-12-31,4944.9814,4697.656,4405.583,4484.648,4522.182,5748.0
T000010,1987-01-31,5680.677,5741.6562,4551.343,4597.6177,4206.255,4897.0
T000010,1987-02-28,4864.2593,4686.583,4647.8633,4693.719,3889.8562,4873.0
T000010,1987-03-31,4957.9077,4673.9834,4839.26,4658.3447,4202.496,5869.0
T000010,1987-04-30,5766.1494,5386.64,4880.182,5000.209,4109.9595,3031.0
T000011,1984-02-29,26.427544,29.725119,27.602959,28.620085,25.257074,24.0
T000011,1984-03-31,24.971325,21.833008,27.247372,28.663956,28.068483,20.3
T000011,1984-04-30,21.305052,20.02845,27.624647,28.686655,29.295582,29.1
T000011,1984-05-31,28.484413,31.273895,27.111734,28.637291,29.126965,24.6
T000011,1984-06-30,23.971281,24.790573,27.434023,28.76255,21.65166,25.3
T000011,1984-07-31,24.779133,24.934086,26.503242,28.28497,25.794771,36.2
T000011,1984-08-31,34.672703,33.106514,27.76249,28.393454,24.551762,25.6
T000011,1984-09-30,25.127405,23.269938,26.363218,28.557154,27.74601,25.3
T000011,1984-10-31,25.567871,29.685358,27.462128,28.673292,28.682621,36.8
T000011,1984-11-30,35.255394,39.29326,27.498106,28.486504,23.917887,33.6
T000011,1984-12-31,32.05139,31.442413,27.681763,28.6826,22.167877,30.4
T000011,1985-01-31,29.63599,32.49304,28.8431,29.743761,28.497625,37.9
T000011,1985-02-28,36.297283,37.206112,29.035748,28.788599,23.906414,27.2
T000011,1985-03-31,27.521807,26.022415,29.553125,28.966305,25.816292,28.2
T000012,1984-02-29,27.217506,28.158699,21.143543,21.177881,16.609873,20.5
T000012,1984-03-31,20.68768,17.870247,21.611557,21.364288,24.285961,19.2
T000012,1984-04-30,19.781363,20.806864,21.991121,21.365967,25.229836,22.2
T000012,1984-05-31,21.172915,22.28645,21.589972,21.306412,20.869307,23.2
T000012,1984-06-30,22.701645,23.771147,21.435022,21.457445,20.371254,21.5
T000012,1984-07-31,21.170557,21.956915,21.933245,21.913607,24.322365,29.8
T000012,1984-08-31,28.294281,29.510498,21.573141,21.883362,17.300516,22.6
T000012,1984-09-30,22.048412,22.346375,22.317184,22.835682,23.39154,23.6
T000012,1984-10-31,23.93073,25.195446,23.055494,22.80093,23.066917,22.8
T000012,1984-11-30,22.540525,21.75399,23.117641,23.06021,21.407763,21.8
T000012,1984-12-31,21.816385,20.839167,22.682487,22.81803,20.994886,20.2
T000012,1985-01-31,20.677483,19.260294,23.333475,22.890718,25.305622,26.2
T000012,1985-02-28,25.280499,26.6231,22.366348,22.583452,19.194277,16.0
T000012,1985-03-31,16.488422,16.187946,22.803535,23.179752,23.757141,20.4
T000013,1981-06-30,1578.0864,1554.6971,1162.4089,1119.9978,830.3468,1855.0
T000013,1981-07-31,1744.9288,1684.0156,1181.5592,1178.4972,954.33344,1632.0
T000013,1981-08-31,1510.7197,1633.6833,1211.4102,1209.2083,1065.2838,1687.0
T000013,1981-09-30,1574.884,1704.0662,1283.6985,1298.6624,1013.20435,1330.0
T000013,1981-10-31,1333.345,1207.2556,1294.7133,1298.5323,1261.3462,1760.0
T000013,1981-11-30,1736.3749,1740.675,1381.1301,1308.0576,1310.3519,1869.0
T000013,1981-12-31,1798.3472,1902.0854,1388.2125,1421.8605,1190.718,1524.0
T000013,1982-01-31,1466.2058,1655.051,1422.7736,1425.761,1039.2411,1686.0
T000013,1982-02-28,1655.1327,1695.832,1504.1641,1453.1532,1170.4584,1751.0
T000013,1982-03-31,1778.022,1496.8896,1534.7108,1587.423,1221.6749,1015.0
T000013,1982-04-30,1139.1066,702.76013,1584.1532,1566.5524,1588.7102,788.0
T000013,1982-05-31,961.9154,661.4102,1545.1604,1562.3427,1747.7014,1524.0
T000013,1982-06-30,1511.1691,1422.3945,1540.4924,1776.234,1420.2412,1872.0
T000013,1982-07-31,1785.7184,1759.9524,1556.7959,1725.6943,1427.1099,1649.0
T000014,1984-07-31,23279.295,23041.746,11860.18,9726.271,6444.042,13015.0
T000014,1984-08-31,13099.489,10643.373,12244.649,12487.557,10706.799,15730.0
T000014,1984-09-30,16006.447,14920.199,14031.794,12309.583,11967.422,12550.0
T000014,1984-10-31,12684.303,8855.557,13625.592,14250.199,12206.793,11802.5
T000014,1984-11-30,12501.986,9583.512,13980.254,13790.077,12496.396,15200.0
T000014,1984-12-31,15796.705,14084.664,14519.073,13803.824,16020.275,11925.0
T000014,1985-01-31,11535.059,11829.146,13047.7705,13958.915,11281.961,8877.5
T000014,1985-02-28,8866.221,8828.835,14366.799,13887.483,11348.975,9222.5
T000014,1985-03-31,10022.734,8065.5825,12938.919,13471.656,14001.4375,15527.5
T000014,1985-04-30,15207.279,12336.259,14372.966,14379.201,8963.0,8742.5
T000014,1985-05-31,9053.292,7065.2695,12559.308,13800.633,13626.029,9315.0
T000014,1985-06-30,9498.811,9688.601,13290.407,14071.545,11684.137,8247.5
T000014,1985-07-31,7708.287,7124.265,11644.396,13767.519,7971.18,4735.0
T000014,1985-08-31,5311.797,5314.634,11057.249,14920.143,11679.339,3992.5
T000015,1976-11-30,102.88884,106.93669,127.831635,134.46172,132.2082,117.0
T000015,1976-12-31,117.28313,116.91372,126.0448,133.44595,132.07063,121.0
T000015,1977-01-31,118.64895,115.92299,126.54323,133.21753,129.9466,135.0
T000015,1977-02-28,130.67734,133.19437,126.50836,133.1212,114.71414,135.0
T000015,1977-03-31,132.15747,126.86351,125.46497,133.22205,120.009544,138.0
T000015,1977-04-30,135.38585,137.25035,125.371506,132.93407,119.50957,122.0
T000015,1977-05-31,121.17413,124.79053,122.90815,133.24643,125.438934,124.0
T000015,1977-06-30,125.07189,132.0446,124.332535,131.37231,121.789154,111.0
T000015,1977-07-31,111.62167,114.25286,122.05035,129.83493,123.64217,103.0
T000015,1977-08-31,104.389534,111.060455,119.9738,131.48503,120.03187,101.0
T000015,1977-09-30,99.35979,110.47929,118.86314,130.76431,121.69396,97.0
T000015,1977-10-31,97.127914,99.46582,115.92357,125.048294,116.93113,90.0
T000015,1977-11-30,93.27177,91.06288,117.22344,122.85056,132.19695,93.0
T000015,1977-12-31,94.583115,94.931625,113.00912,123.02382,133.91284,102.0
T000016,1976-10-31,29.032124,33.40905,28.884327,31.947025,30.466648,30.7
T000016,1976-11-30,30.012447,33.70383,29.002028,32.42193,28.090036,28.3
T000016,1976-12-31,27.665997,29.70417,29.19729,31.90457,27.007982,29.9
T000016,1977-01-31,29.10043,28.621286,29.339504,31.113825,27.898628,33.3
T000016,1977-02-28,32.862816,29.273325,30.16623,31.138216,29.500753,42.7
T000016,1977-03-31,41.70361,39.38008,31.081966,31.266085,31.513899,41.3
T000016,1977-04-30,40.124924,41.838108,31.164968,31.751564,34.040688,45.3
T000016,1977-05-31,43.231445,50.46154,32.605797,32.282814,31.18266,39.5
T000016,1977-06-30,37.79792,41.79941,33.281548,32.839138,31.819742,34.2
T000016,1977-07-31,34.012337,34.04666,34.587837,33.260376,34.622257,36.9
T000016,1977-08-31,36.430744,35.317257,35.328865,33.49721,38.44444,33.6
T000016,1977-09-30,33.5806,34.207825,35.134613,36.326004,37.332363,30.9
T000016,1977-10-31,31.54491,34.35701,35.96149,33.625793,37.749897,26.6
T000016,1977-11-30,27.704117,28.85819,34.622017,33.70945,37.669693,31.0
T000017,1983-09-30,1776.2479,2165.6921,3098.5063,3127.9023,3274.242,4300.15
T000017,1983-10-31,4169.624,4547.27,2893.0806,3077.5786,2753.855,1789.07
T000017,1983-11-30,1866.2955,1553.462,3113.076,3245.123,4167.8267,3177.25
T000017,1983-12-31,3254.4158,3251.7336,2853.4727,3120.1614,2342.3035,3039.63
T000017,1984-01-31,2939.119,2460.643,3108.2043,3167.4697,3516.4019,2221.88
T000017,1984-02-29,2076.0698,2442.2336,2785.0908,3160.4292,2583.583,2969.82
T000017,1984-03-31,2859.614,3268.724,2891.6904,3340.2114,3278.1743,2610.81
T000017,1984-04-30,2440.3298,3351.875,2613.289,3002.189,2428.9807,3514.32
T000017,1984-05-31,3322.0198,2921.644,3037.8726,3314.9941,2864.1975,2279.72
T000017,1984-06-30,2204.6445,2569.031,2677.9976,3207.9207,3951.727,1840.93
T000017,1984-07-31,1657.5824,2758.9705,2828.641,3095.0276,2868.7654,4539.49
T000017,1984-08-31,4248.116,4620.9756,2836.1716,2924.457,1821.9556,2120.16
T000017,1984-09-30,2148.2573,1880.7993,2805.2515,2951.291,3871.1914,3626.01
T000017,1984-10-31,3457.7217,3615.2358,2992.8247,2961.3655,2164.7969,3011.7
T000018,1980-07-31,9041.13,9791.92,8490.486,9900.973,9146.05,8155.59
T000018,1980-08-31,7381.7993,10033.959,8579.668,9772.794,6707.2246,8745.41
T000018,1980-09-30,8244.247,9752.744,8353.146,10044.891,7384.8433,6806.1
T000018,1980-10-31,6472.457,7874.799,8154.0503,10075.104,9590.79,8952.26
T000018,1980-11-30,8112.254,10707.306,8105.9727,9658.071,5806.3833,1405.39
T000018,1980-12-31,2466.9521,1763.3989,8126.776,10022.268,9844.943,7562.64
T000018,1981-01-31,7972.087,8442.375,8157.7925,9905.931,7226.704,6559.41
T000018,1981-02-28,5948.422,4964.0195,7963.301,9729.318,7356.021,6538.1
T000018,1981-03-31,6602.074,7226.0903,7756.0195,9191.737,6994.6533,8883.89
T000018,1981-04-30,8421.044,8502.132,7912.836,9149.864,8236.408,9371.54
T000018,1981-05-31,8942.266,9509.747,7507.8325,9163.306,5649.9023,8139.19
T000018,1981-06-30,7624.4673,8511.093,7749.947,8969.915,10055.313,7537.95
T000018,1981-07-31,7003.72,8776.053,7396.5073,8946.697,8010.9,5355.45
T000018,1981-08-31,4673.2764,7561.09,7362.8296,8892.08,7736.9165,6372.71
T000019,1980-07-31,8480.066,10022.729,8660.382,9780.707,9967.448,9228.2
T000019,1980-08-31,8451.924,10785.12,8712.929,9803.307,6982.3535,8386.82
T000019,1980-09-30,7788.3213,9559.073,8456.18,10075.097,8001.4756,8952.3
T000019,1980-10-31,8356.178,9865.156,8424.319,10247.204,8462.769,8944.45
T000019,1980-11-30,8170.3657,9738.48,8362.517,9604.976,6779.8467,739.68
T000019,1980-12-31,2001.4404,1853.126,8222.326,9904.609,10263.65,7724.29
T000019,1981-01-31,8368.301,8661.494,8423.144,9944.528,7348.1084,9282.3
T000019,1981-02-28,8521.711,7273.121,8308.504,10245.529,6891.747,8638.1
T000019,1981-03-31,8479.807,9000.087,8393.68,9768.113,7242.8633,9839.43
T000019,1981-04-30,9371.86,10002.08,8378.125,9708.141,8024.4263,9447.45
T000019,1981-05-31,9062.792,9048.688,8307.3,9767.904,5773.4336,7067.82
T000019,1981-06-30,6986.7827,6694.4653,8193.292,9625.693,11260.945,7878.69
T000019,1981-07-31,7550.153,8942.288,8191.754,9437.114,9668.09,6494.98
T000019,1981-08-31,5722.2383,8809.648,7773.372,9433.623,7350.097,6192.94
T000020,1980-07-31,10179.207,11919.225,10062.314,11349.182,11544.601,11604.7
T000020,1980-08-31,10535.731,13705.577,10190.017,11378.286,7777.3794,10477.2
T000020,1980-09-30,9735.066,11831.184,10009.877,11704.689,8867.924,9941.4
T000020,1980-10-31,9453.373,10639.668,10020.748,11733.484,10003.073,10180.0
T000020,1980-11-30,9425.2705,10600.89,9948.574,11257.073,8283.439,887.61
T000020,1980-12-31,2438.4155,1955.2124,9733.215,11536.342,12218.992,9484.34
T000020,1981-01-31,10222.794,10826.711,9966.901,11489.544,8517.494,10994.7
T000020,1981-02-28,10045.544,8874.551,9768.952,11845.4,7903.137,10395.2
T000020,1981-03-31,10103.055,11069.944,9891.991,11526.126,8279.639,11084.3
T000020,1981-04-30,10564.8125,11020.654,9883.277,11463.905,9614.125,10260.1
T000020,1981-05-31,10007.935,9614.212,9789.574,11520.922,7359.5654,9426.45
T000020,1981-06-30,9197.326,9024.286,9741.99,11238.38,13304.315,11081.8
T000020,1981-07-31,10452.455,12254.553,9789.915,11093.394,10961.677,9477.98
T000020,1981-08-31,8366.562,12165.582,9478.102,11086.884,8328.637,9856.94
T000021,1979-07-31,3272.1562,3992.8784,2737.7083,3572.0557,2803.606,2618.86
T000021,1979-08-31,2399.7744,3312.6365,2632.9019,3432.6968,1860.9663,3506.0
T000021,1979-09-30,3534.3176,3431.8647,3025.1265,3465.1824,2218.3857,3272.69
T000021,1979-10-31,3192.3086,2910.0444,2904.7222,3618.6956,3420.6816,3066.98
T000021,1979-11-30,2830.3528,3075.5803,2996.7026,3468.1199,2076.8816,1316.36
T000021,1979-12-31,1524.9366,1671.684,2888.4497,3433.2153,3037.2344,2578.99
T000021,1980-01-31,2755.1533,2767.2688,2937.0967,3244.7332,2489.2432,3913.8
T000021,1980-02-29,3681.2312,3276.305,3004.5454,3651.0784,2307.0344,3032.52
T000021,1980-03-31,2907.7844,3143.7388,2936.9387,3423.9019,3366.5508,3326.0
T000021,1980-04-30,3306.8105,3614.2705,3172.4226,3394.0503,2637.3062,3066.12
T000021,1980-05-31,3006.1863,2971.695,3051.1084,3416.1433,2687.3608,3138.41
T000021,1980-06-30,2911.169,3072.4565,3102.9136,3366.8723,3058.578,2808.51
T000021,1980-07-31,2565.6616,2583.015,3004.5015,3331.4634,3123.9048,2352.03
T000021,1980-08-31,2269.9082,2824.0764,2905.107,3314.4312,2923.2627,2417.0
T000022,1979-11-30,40.463306,40.898632,38.693718,39.10023,34.798313,37.39
T000022,1979-12-31,37.300797,34.070595,38.57251,40.036556,37.885216,39.51
T000022,1980-01-31,39.973747,39.3423,38.645184,39.36015,36.430443,43.42
T000022,1980-02-29,43.407936,42.636765,39.761253,39.388058,40.220406,37.74
T000022,1980-03-31,37.808426,37.545216,39.122665,38.867634,35.377586,39.0
T000022,1980-04-30,38.91231,38.68618,40.09423,39.42918,38.48801,42.87
T000022,1980-05-31,42.245667,41.313057,39.658226,39.383556,36.658577,39.46
T000022,1980-06-30,39.070698,37.487556,39.96212,39.83369,37.790325,41.92
T000022,1980-07-31,41.323063,42.069843,40.081764,39.886703,38.420834,26.91
T000022,1980-08-31,28.513874,28.225433,38.880733,40.677227,40.956577,41.6
T000022,1980-09-30,41.145737,43.99077,39.43708,40.304256,34.274654,38.31
T000022,1980-10-31,37.835182,34.88763,39.081295,40.464737,38.787373,41.02
T000022,1980-11-30,40.705704,41.92582,39.344795,40.762123,35.39134,35.6
T000022,1980-12-31,35.726543,35.834595,38.923134,41.05401,38.231514,39.01
T000023,1981-12-31,684.326,732.3479,710.1342,726.3241,792.9639,677.0
T000023,1982-01-31,665.53204,712.79895,704.898,727.89215,782.2548,678.0
T000023,1982-02-28,665.5118,709.0302,703.2965,724.60364,780.3488,670.0
T000023,1982-03-31,659.3636,695.9605,697.23895,718.6586,775.1454,659.0
T000023,1982-04-30,652.25336,694.1796,694.30505,717.4942,772.73376,703.0
T000023,1982-05-31,690.8044,737.84344,692.6141,711.6062,755.74115,680.0
T000023,1982-06-30,667.67487,706.1436,689.6224,712.3842,744.91437,673.0
T000023,1982-07-31,665.0327,704.16724,688.0931,711.58154,735.6524,676.0
T000023,1982-08-31,667.0831,698.233,683.91205,705.3787,726.6193,680.0
T000023,1982-09-30,670.6406,698.66614,683.00574,702.2165,716.714,688.0
T000023,1982-10-31,678.62134,705.1101,681.81055,696.70374,723.74164,686.0
T000023,1982-11-30,677.7382,713.42126,679.24243,694.3456,715.63214,677.0
T000023,1982-12-31,668.50745,704.76337,680.53235,688.63,698.4749,694.0
T000023,1983-01-31,687.1508,710.4603,680.68726,688.2359,702.8367,703.0
T000024,1981-08-31,1585.7906,2024.3369,1099.282,1291.8771,1189.6816,2070.0
T000024,1981-09-30,1748.4672,2444.3225,1286.5071,1357.7759,1100.4028,1207.0
T000024,1981-10-31,1052.7773,1265.5364,1261.9564,1334.1239,1548.9777,1000.0
T000024,1981-11-30,1021.7338,1353.2266,1306.0642,1334.747,1639.0698,773.0
T000024,1981-12-31,773.0187,1168.4849,1283.2246,1293.4033,1639.3447,528.0
T000024,1982-01-31,573.4373,814.3918,1190.7561,1270.7664,1225.6564,634.0
T000024,1982-02-28,693.6455,703.84717,1322.4409,1282.4917,1151.2607,880.0
T000024,1982-03-31,929.3965,629.8771,1158.5328,1231.0504,1255.5482,722.0
T000024,1982-04-30,793.75085,251.565,1317.4143,1167.5443,1355.3593,677.0
T000024,1982-05-31,776.9555,477.85284,1099.4248,1108.0774,1707.9695,957.0
T000024,1982-06-30,947.2673,871.80676,1197.3716,1192.4669,1610.2325,1734.0
T000024,1982-07-31,1491.687,1820.3306,1084.6455,1224.6758,1298.5266,2323.0
T000024,1982-08-31,1970.6094,2494.976,1130.9507,1281.0371,1406.7511,1763.0
T000024,1982-09-30,1445.6842,2141.5798,1087.0712,1354.7882,1329.8516,608.0
T000025,1979-11-30,2277.4802,1507.576,2897.258,2811.7886,1540.8352,1151.0
T000025,1979-12-31,1743.1396,432.4181,3074.105,2835.113,3078.1648,1356.0
T000025,1980-01-31,1814.5985,412.04626,2938.1829,3101.9375,2880.9888,2489.0
T000025,1980-02-29,2735.2896,1839.5768,3040.1436,3060.4683,2639.8076,5028.0
T000025,1980-03-31,4831.6436,4626.6514,3205.7542,2795.1062,3356.6313,5618.0
T000025,1980-04-30,5017.468,5466.3228,3200.5054,3204.1309,2891.8816,4916.0
T000025,1980-05-31,4434.5996,4890.3745,3420.319,4044.0947,3414.5354,4186.0
T000025,1980-06-30,4015.9656,3847.7092,3624.5264,3990.558,4755.841,3966.0
T000025,1980-07-31,3692.821,3871.922,3644.8809,4125.9126,4509.864,4225.0
T000025,1980-08-31,3885.5835,4824.8457,3645.6042,4128.235,3844.989,4634.0
T000025,1980-09-30,4246.007,5705.1226,3682.2935,4360.891,2512.6116,3475.0
T000025,1980-10-31,3143.2725,4162.8906,3585.4373,4190.256,1698.0159,1548.0
T000025,1980-11-30,1749.626,1804.8334,3579.1575,4019.1328,3248.0952,856.0
T000025,1980-12-31,1443.2633,230.01392,3603.6777,4183.339,4007.5244,6532.0
T000026,1980-11-30,3589.3188,3703.0034,3247.223,3235.3901,2622.2158,3537.0
T000026,1980-12-31,3520.625,3431.9617,3372.8574,3260.848,2279.9448,3902.0
T000026,1981-01-31,3911.8513,3716.4512,3459.1428,3293.5393,2936.8208,3559.0
T000026,1981-02-28,3487.46,3355.42,3407.011,3399.026,2959.8752,3840.0
T000026,1981-03-31,3818.3748,3683.0527,3600.8237,3809.3396,2898.041,3483.0
T000026,1981-04-30,3641.8086,3057.5164,3611.1313,3832.581,3736.8472,4122.0
T000026,1981-05-31,4148.37,3839.202,3734.0378,3901.7466,3433.2263,3941.0
T000026,1981-06-30,3914.3445,3577.5771,3695.5972,3838.6077,3683.585,4109.0
T000026,1981-07-31,4075.0286,4086.2192,3792.145,3756.7122,3682.4587,3511.0
T000026,1981-08-31,3473.8967,3412.8228,3714.0037,3785.2834,3563.0344,3667.0
T000026,1981-09-30,3638.461,3971.0166,3711.2407,3784.306,3338.725,4416.0
T000026,1981-10-31,4308.8403,4274.62,3851.656,3790.706,3510.4941,4065.0
T000026,1981-11-30,3993.7825,3726.5625,3805.2373,3800.8018,3426.2402,1732.0
T000026,1981-12-31,1927.6431,1989.9978,3762.2603,3915.27,4054.4048,5061.0
T000027,1980-11-30,2570.601,2520.7874,1893.5347,1982.807,1749.2561,2212.0
T000027,1980-12-31,2180.6985,2217.065,1937.4258,1964.4989,1599.8445,2427.0
T000027,1981-01-31,2364.195,2328.6475,2027.3054,1975.404,1595.5376,1986.0
T000027,1981-02-28,1932.6342,1714.0632,1967.2567,2020.7966,1687.2612,2937.0
T000027,1981-03-31,2839.2449,2973.8516,2099.6804,2010.5153,1683.7952,1731.0
T000027,1981-04-30,1790.0618,1719.0436,2032.8375,2010.6975,2047.3118,1417.0
T000027,1981-05-31,1512.8369,1677.7334,2063.0027,2055.1597,1741.1564,941.0
T000027,1981-06-30,1015.8551,869.37054,1991.4182,2063.55,2179.229,2402.0
T000027,1981-07-31,2390.6182,2309.9749,2056.7864,2094.5386,1726.9216,2138.0
T000027,1981-08-31,2130.582,1790.3046,2149.8398,2158.034,2075.6895,2532.0
T000027,1981-09-30,2493.7761,2535.061,2079.206,2072.8533,1884.61,1966.0
T000027,1981-10-31,1921.9017,1671.5181,2185.0776,2171.992,2188.291,1479.0
T000027,1981-11-30,1505.2593,1380.9811,2010.325,2194.4006,2182.7002,2509.0
T000027,1981-12-31,2443.9617,2451.712,2130.9878,2223.8206,2347.7532,1840.0
T000028,1980-11-30,290.43933,310.485,251.96603,254.56009,232.74622,118.0
T000028,1980-12-31,130.81352,122.131805,240.97571,254.32756,252.83948,155.0
T000028,1981-01-31,170.87119,158.48347,238.54457,256.64172,222.46356,193.0
T000028,1981-02-28,194.48425,175.00357,233.59157,252.8967,286.4021,260.0
T000028,1981-03-31,253.77599,268.541,235.99141,255.71375,238.106,211.0
T000028,1981-04-30,197.83798,250.12682,228.46172,254.49948,221.18036,252.0
T000028,1981-05-31,237.71124,276.30753,229.75679,262.83917,191.1239,176.0
T000028,1981-06-30,176.48361,132.94908,229.62817,246.72252,246.30443,182.0
T000028,1981-07-31,182.27892,173.11984,221.76738,244.71185,262.19452,105.0
T000028,1981-08-31,117.31663,116.533615,217.25653,247.22777,273.99567,181.0
T000028,1981-09-30,177.6425,231.00664,199.69049,242.1952,203.65695,152.0
T000028,1981-10-31,136.36731,182.34555,196.84949,242.54408,194.56094,120.0
T000028,1981-11-30,112.03494,172.72699,169.96497,243.45091,190.56032,184.0
T000028,1981-12-31,178.03271,194.75847,188.2193,208.50476,200.64417,152.0
T000029,1980-03-31,46.568203,48.572445,44.71168,46.50178,38.426064,27.0
T000029,1980-04-30,29.618164,27.835648,43.908077,45.583794,47.191326,30.0
T000029,1980-05-31,33.47509,32.36625,43.24463,46.762306,39.548103,54.0
T000029,1980-06-30,52.78394,48.72061,44.97143,46.782707,37.315796,51.0
T000029,1980-07-31,49.923065,45.58188,44.98051,47.03735,39.678238,48.0
T000029,1980-08-31,47.45783,47.850044,46.098377,48.831905,42.095287,46.0
T000029,1980-09-30,45.712635,44.852356,45.2557,49.21415,40.29561,51.0
T000029,1980-10-31,49.81551,46.31117,46.3994,49.029438,45.03638,47.0
T000029,1980-11-30,45.23706,43.79435,45.318592,48.45551,49.167866,63.0
T000029,1980-12-31,60.130116,71.318756,46.713123,49.419483,41.905613,70.0
T000029,1981-01-31,65.593155,74.4241,48.53622,49.966827,35.586777,41.0
T000029,1981-02-28,40.532642,42.01399,48.138737,51.233536,43.921127,52.0
T000029,1981-03-31,50.199448,53.654892,50.59799,50.251945,45.432396,15.0
T000029,1981-04-30,19.079885,12.195972,47.037205,51.056465,49.607933,50.0
T000030,1980-05-31,754.2579,594.9562,1517.3606,1628.0599,1402.0392,1512.0
T000030,1980-06-30,1573.5674,1425.6683,1524.6893,1677.9982,1184.8828,2120.0
T000030,1980-07-31,2015.6262,1763.9323,1569.6204,1713.4333,1102.3069,1800.0
T000030,1980-08-31,1757.0532,1694.8024,1585.5978,1702.8281,1210.2933,1815.0
T000030,1980-09-30,1808.3235,1784.1649,1628.2064,1700.0948,1364.8851,2162.0
T000030,1980-10-31,2112.9773,1910.9337,1688.2441,1758.2856,1188.4843,1246.0
T000030,1980-11-30,1246.7758,1023.009,1599.7239,1740.8574,1889.5702,1365.0
T000030,1980-12-31,1354.8208,1604.0889,1658.8138,1736.9943,1670.4725,1523.0
T000030,1981-01-31,1419.1312,1681.1278,1540.9056,1683.8445,1281.7897,1597.0
T000030,1981-02-28,1533.7234,1753.3427,1607.4249,1742.8944,1320.0472,1392.0
T000030,1981-03-31,1365.4905,1515.4426,1550.1815,1737.0282,1658.8757,1654.0
T000030,1981-04-30,1579.4639,1644.295,1561.3531,1670.7156,1220.7019,190.0
T000030,1981-05-31,406.18542,115.95178,1539.8542,1702.9601,1800.826,1525.0
T000030,1981-06-30,1622.4293,1541.1393,1544.8932,1676.1876,1480.6013,1573.0
T000031,1980-05-31,1378.5409,989.48303,2330.3376,2370.2937,1947.9381,2345.0
T000031,1980-06-30,2475.1313,2177.3342,2375.727,2666.1611,1882.4768,3320.0
T000031,1980-07-31,3192.9346,2850.663,2436.2844,2682.6973,1820.9636,2539.0
T000031,1980-08-31,2496.9575,2369.8835,2462.088,2643.2148,1957.2571,2575.0
T000031,1980-09-30,2591.8298,2497.8655,2511.8662,2556.8503,2193.3254,2846.0
T000031,1980-10-31,2826.412,2421.1138,2583.3235,2612.1177,2190.4216,1716.0
T000031,1980-11-30,1728.771,1434.6863,2438.6726,2590.558,2998.1216,2324.0
T000031,1980-12-31,2283.4233,2650.4602,2519.5176,2562.868,2572.406,2366.0
T000031,1981-01-31,2225.945,2600.2373,2338.764,2545.7512,1944.9508,2821.0
T000031,1981-02-28,2667.4714,3054.4922,2493.8923,2666.8613,1917.658,2522.0
T000031,1981-03-31,2439.3174,2609.0203,2383.595,2712.0542,2435.3594,2453.0
T000031,1981-04-30,2371.8567,2393.4763,2457.4548,2704.8406,1855.1287,765.0
T000031,1981-05-31,1046.658,685.27515,2381.4448,2666.6436,2608.586,2233.0
T000031,1981-06-30,2376.098,2242.6646,2391.146,2632.514,2175.8774,2358.0
T000032,1978-11-30,2829.9539,2781.5945,2561.899,2761.747,2481.7615,2772.0
T000032,1978-12-31,2668.35,2541.346,2594.819,2783.1638,2044.8126,2534.0
T000032,1979-01-31,2495.2578,2315.4421,2554.872,2792.1577,2411.9377,2029.0
T000032,1979-02-28,2010.854,1984.4954,2513.5374,2774.2468,3123.7346,2828.0
T000032,1979-03-31,2657.1997,3067.5684,2506.7207,2725.417,2190.1943,2727.0
T000032,1979-04-30,2534.891,3068.312,2435.7576,2763.551,2303.6248,3310.0
T000032,1979-05-31,3144.9673,3634.605,2576.4597,2904.767,2099.1362,2904.0
T000032,1979-06-30,2769.33,2922.8396,2522.4275,2916.4558,2286.3682,2602.0
T000032,1979-07-31,2571.726,2718.4985,2651.6377,2901.0896,2259.7917,1453.0
T000032,1979-08-31,1736.5999,1266.4934,2634.1526,2786.4314,2766.5784,2750.0
T000032,1979-09-30,2834.1594,2634.6057,2643.2551,2876.117,2183.886,3031.0
T000032,1979-10-31,2917.7686,2712.892,2686.4138,2990.8826,2276.9668,2908.0
T000032,1979-11-30,2839.0725,3025.8525,2622.2834,2935.841,2376.2822,2222.0
T000032,1979-12-31,2187.422,2382.7986,2658.886,2933.7036,2514.927,3157.0
T000033,1980-05-31,296.935,302.92456,328.83344,345.4713,413.03906,292.0
T000033,1980-06-30,293.35806,323.07867,338.4134,346.79398,353.92603,388.0
T000033,1980-07-31,376.3943,398.9027,333.9867,346.984,315.17914,344.0
T000033,1980-08-31,331.49768,339.5791,336.483,348.31842,360.43707,480.0
T000033,1980-09-30,450.86322,494.33667,346.46774,354.69507,302.1472,281.0
T000033,1980-10-31,285.18994,263.75644,342.8022,357.74057,402.08206,324.0
T000033,1980-11-30,336.9735,338.7448,356.01215,354.24753,380.34467,427.0
T000033,1980-12-31,412.16306,416.9976,355.14868,369.6849,394.07056,343.0
T000033,1981-01-31,334.2682,380.70584,346.60065,365.97644,337.5441,283.0
T000033,1981-02-28,274.1585,312.93942,353.7473,368.86353,357.73514,344.0
T000033,1981-03-31,338.32617,359.91742,332.86594,363.15057,315.27463,327.0
T000033,1981-04-30,326.24283,308.3732,354.96664,366.12222,368.52014,212.0
T000033,1981-05-31,229.02559,215.01294,333.19278,357.51672,398.5327,282.0
T000033,1981-06-30,284.20798,317.63696,340.50504,349.60867,363.26065,334.0
T000034,1980-03-31,673.91895,703.02405,695.4396,712.20374,719.4756,498.0
T000034,1980-04-30,526.44525,488.8943,678.68463,711.7627,785.1509,597.0
T000034,1980-05-31,614.22614,658.31415,680.46655,710.5241,696.42334,763.0
T000034,1980-06-30,740.44165,761.20337,680.61945,715.0573,653.1058,663.0
T000034,1980-07-31,646.2121,678.76416,664.57245,703.0798,638.0759,810.0
T000034,1980-08-31,778.8414,837.1464,689.32764,719.0149,652.6247,625.0
T000034,1980-09-30,630.2799,594.0848,674.38086,700.4165,710.2193,616.0
T000034,1980-10-31,635.9532,606.78284,689.78107,697.7115,752.53485,692.0
T000034,1980-11-30,681.2389,705.7845,675.6603,710.94525,748.0863,672.0
T000034,1980-12-31,651.9785,726.56934,670.5064,701.0311,640.0407,660.0
T000034,1981-01-31,637.8268,699.38513,673.1328,698.39014,647.6557,708.0
T000034,1981-02-28,692.39246,744.70374,655.20807,704.40814,677.8252,650.0
T000034,1981-03-31,643.5832,643.20447,677.70264,693.67865,679.04724,466.0
T000034,1981-04-30,498.91138,476.1664,653.8628,695.9196,769.14026,567.0
T000035,1980-05-31,189.87561,173.93518,210.90907,201.2328,210.94862,130.0
T000035,1980-06-30,140.30884,129.03598,204.6584,203.14043,215.87897,266.0
T000035,1980-07-31,254.67087,258.01538,212.07277,201.09103,184.52495,227.0
T000035,1980-08-31,219.30415,203.82707,202.6962,214.01619,206.31143,256.0
T000035,1980-09-30,252.25577,275.47354,218.86348,215.86322,210.45642,294.0
T000035,1980-10-31,280.4828,280.11646,217.90738,231.77608,204.59068,219.0
T000035,1980-11-30,215.64511,210.62926,219.38763,236.07597,204.56987,230.0
T000035,1980-12-31,223.05666,235.72446,225.52791,232.86098,222.23781,214.0
T000035,1981-01-31,211.6131,211.49384,217.27733,229.43848,195.67473,208.0
T000035,1981-02-28,205.9344,220.9025,222.42583,225.3919,184.73688,282.0
T000035,1981-03-31,277.73273,287.03027,227.91656,232.62775,216.61626,200.0
T000035,1981-04-30,198.02747,192.51471,223.01422,228.85817,199.4443,171.0
T000035,1981-05-31,179.2961,173.80841,228.56442,227.64668,223.81882,261.0
T000035,1981-06-30,268.36752,237.60599,236.26167,232.67831,231.29953,252.0
T000036,1980-03-31,933.898,988.09814,888.58795,898.94446,815.1995,852.0
T000036,1980-04-30,862.4226,808.1698,897.84314,898.5484,834.1334,878.0
T000036,1980-05-31,883.16974,818.12024,890.29663,891.5183,791.8878,1253.0
T000036,1980-06-30,1204.5002,1204.18,933.0038,904.15393,809.2829,1120.0
T000036,1980-07-31,1091.6058,1056.9286,912.65674,920.5297,797.8795,968.0
T000036,1980-08-31,981.3895,990.7182,969.75696,933.35443,943.4534,1071.0
T000036,1980-09-30,1058.2076,1061.9469,971.412,953.36346,941.9764,899.0
T000036,1980-10-31,902.8945,849.9385,966.8187,964.7441,954.0949,884.0
T000036,1980-11-30,890.8199,937.8627,975.9816,948.72015,984.0406,1002.0
T000036,1980-12-31,986.13043,1021.14453,961.8633,951.5818,902.5575,1023.0
T000036,1981-01-31,1003.0791,1003.82043,983.9936,956.3881,832.36017,926.0
T000036,1981-02-28,938.4949,900.5736,980.5556,974.6877,1052.617,943.0
T000036,1981-03-31,960.7252,911.2472,995.2719,973.5364,941.9563,735.0
T000036,1981-04-30,771.79486,678.96857,973.277,975.73737,1008.5895,954.0
T000037,1979-11-30,1021.3002,1047.7344,937.10034,963.28827,858.72833,1130.0
T000037,1979-12-31,1095.1963,1080.2258,943.35596,1005.5406,866.3837,1047.0
T000037,1980-01-31,1028.366,1028.9948,954.73303,1025.2596,883.3611,612.0
T000037,1980-02-29,686.1622,617.96124,971.50397,1017.9528,1031.188,921.0
T000037,1980-03-31,945.8594,915.40674,957.236,1023.4724,835.0109,929.0
T000037,1980-04-30,910.36646,830.22034,957.2646,1010.9492,864.2439,1206.0
T000037,1980-05-31,1172.7861,1231.1816,981.46436,1008.9018,846.76996,1058.0
T000037,1980-06-30,1036.9259,1022.5902,977.6236,1021.72705,872.2452,1108.0
T000037,1980-07-31,1103.2941,1083.7002,1012.64166,1029.5865,848.71185,1119.0
T000037,1980-08-31,1103.7773,993.88367,1022.383,1025.6836,1095.2411,1064.0
T000037,1980-09-30,1043.8588,1031.7155,1029.935,1051.4558,972.7017,1147.0
T000037,1980-10-31,1121.4508,1171.3796,1045.1957,1089.5563,931.782,1189.0
T000037,1980-11-30,1161.9773,1235.4924,1038.0911,1087.137,907.31287,943.0
T000037,1980-12-31,921.4499,954.4586,1041.0896,1092.053,938.33344,1139.0
T000038,1980-05-31,405.7921,351.27814,603.40265,651.5998,720.73737,606.0
T000038,1980-06-30,610.4373,630.39996,596.9183,656.80493,543.179,648.0
T000038,1980-07-31,614.10547,583.97974,600.02466,665.71814,556.9404,693.0
T000038,1980-08-31,663.47424,717.8717,592.74036,653.35284,545.39343,596.0
T000038,1980-09-30,571.5503,615.70074,590.1552,647.0415,574.3453,820.0
T000038,1980-10-31,793.7698,833.5292,609.429,653.0097,529.66656,736.0
T000038,1980-11-30,709.22424,715.51624,612.5596,655.5416,721.23267,692.0
T000038,1980-12-31,662.3933,782.5111,633.8646,652.63666,601.55255,620.0
T000038,1981-01-31,592.09357,691.39716,637.37427,647.3543,589.1178,659.0
T000038,1981-02-28,639.3257,688.16473,636.88403,647.6439,545.16315,616.0
T000038,1981-03-31,603.1347,590.45294,642.6628,648.7764,649.011,602.0
T000038,1981-04-30,599.65015,629.71094,628.46466,641.18665,632.3893,277.0
T000038,1981-05-31,345.8223,308.5467,638.83344,658.01227,720.07544,457.0
T000038,1981-06-30,486.4017,502.7116,608.6805,657.89984,609.3174,532.0
T000039,1980-05-31,202.14677,177.93143,342.95062,341.24255,388.59866,297.0
T000039,1980-06-30,310.81577,351.83185,333.67197,349.1718,290.38788,344.0
T000039,1980-07-31,346.4734,320.6503,359.85565,360.9869,311.628,399.0
T000039,1980-08-31,395.67737,362.71564,355.16937,346.2394,304.28174,410.0
T000039,1980-09-30,405.4118,359.15024,383.64062,363.77805,380.49643,659.0
T000039,1980-10-31,643.43604,582.90485,411.91037,372.3286,326.88763,589.0
T000039,1980-11-30,575.5099,476.64746,428.0138,419.23,472.2767,637.0
T000039,1980-12-31,597.97095,615.182,452.5327,419.66495,429.17767,592.0
T000039,1981-01-31,548.537,582.7142,456.65408,465.24835,457.90033,760.0
T000039,1981-02-28,706.0432,802.0383,483.442,471.769,394.76526,690.0
T000039,1981-03-31,655.288,693.7042,496.83826,508.84637,476.97485,795.0
T000039,1981-04-30,756.98267,844.1831,534.66125,539.0716,407.1757,124.0
T000039,1981-05-31,166.81058,125.5755,532.544,543.2999,557.276,588.0
T000039,1981-06-30,612.11414,590.6422,564.7823,570.13684,405.895,331.0
T000040,1980-05-31,185.95071,173.63841,230.41766,225.69312,245.50737,279.0
T000040,1980-06-30,277.8396,244.88312,216.94727,224.34367,208.30608,327.0
T000040,1980-07-31,319.1939,282.49393,241.04832,230.45265,235.80246,314.0
T000040,1980-08-31,301.64188,305.04266,230.9578,229.1253,232.42583,250.0
T000040,1980-09-30,242.65738,257.87842,240.01555,234.35178,247.51553,346.0
T000040,1980-10-31,325.68744,345.10956,245.10733,257.7408,211.99225,309.0
T000040,1980-11-30,294.2667,292.02386,247.10423,257.14078,294.9164,310.0
T000040,1980-12-31,291.51108,372.89377,258.00046,275.2219,246.53423,214.0
T000040,1981-01-31,201.98521,250.91794,256.19977,276.73102,245.82993,322.0
T000040,1981-02-28,313.2508,334.28723,272.22937,283.17303,221.86678,261.0
T000040,1981-03-31,262.3759,222.82489,275.00882,293.6296,309.78555,228.0
T000040,1981-04-30,240.27605,222.04073,278.95746,290.21463,262.1618,171.0
T000040,1981-05-31,193.67656,147.75839,280.53705,294.8476,312.16284,247.0
T000040,1981-06-30,257.03146,220.63736,270.2822,284.2514,261.59833,305.0
T000041,1983-11-30,19735.658,18084.7,25486.678,25698.79,25174.854,22309.0
T000041,1983-12-31,22747.334,21018.744,25545.982,25582.9,26552.414,25355.0
T000041,1984-01-31,25126.24,23956.516,25207.365,26119.184,25874.707,25917.0
T000041,1984-02-29,25421.46,25681.434,25587.447,26542.715,24758.674,26927.0
T000041,1984-03-31,26361.559,26241.373,25007.709,26310.193,25901.701,28834.0
T000041,1984-04-30,27704.312,27244.465,25633.55,26763.557,26307.438,30289.0
T000041,1984-05-31,28643.732,30372.36,25154.46,27282.932,26891.95,26346.0
T000041,1984-06-30,25205.928,29286.078,25300.324,27721.098,25982.787,22063.0
T000041,1984-07-31,21082.67,25631.463,24870.29,27649.992,23565.75,24783.0
T000041,1984-08-31,24006.521,26740.68,24784.096,27112.932,23771.984,25923.0
T000041,1984-09-30,25268.855,27223.666,24842.562,27208.227,24705.793,20796.0
T000041,1984-10-31,21193.371,21619.982,24872.395,26586.98,23874.514,21257.0
T000041,1984-11-30,22283.582,22253.578,24884.371,26114.734,23568.531,23026.0
T000041,1984-12-31,23645.045,20577.814,25160.564,26135.031,24001.43,26802.0
T000042,1983-11-30,19874.69,18228.885,25496.316,25691.146,25149.875,22309.0
T000042,1983-12-31,22752.324,21082.025,25556.746,25576.723,26510.021,25355.0
T000042,1984-01-31,25127.314,23965.799,25217.178,26105.295,25733.805,25917.0
T000042,1984-02-29,25445.371,25549.178,25597.904,26532.842,24733.025,26927.0
T000042,1984-03-31,26366.04,26240.336,25017.588,26305.137,25884.523,28834.0
T000042,1984-04-30,27706.412,27243.443,25642.43,26754.6,26266.2,30289.0
T000042,1984-05-31,28647.945,30383.25,25164.967,27278.65,26856.895,26346.0
T000042,1984-06-30,25210.695,29268.602,25309.316,27716.658,25991.924,22063.0
T000042,1984-07-31,21094.373,25600.496,24881.84,27650.424,23602.465,24783.0
T000042,1984-08-31,24014.25,26724.338,24793.387,27104.027,23805.775,25923.0
T000042,1984-09-30,25274.828,27221.354,24853.545,27205.164,24726.414,20796.0
T000042,1984-10-31,21203.457,21619.37,24882.604,26585.77,23909.11,21408.8
T000042,1984-11-30,22406.848,22397.367,24896.047,26106.404,23550.443,23026.0
T000042,1984-12-31,23636.092,20561.414,25173.291,26125.896,24046.1,26802.0
T000043,1983-11-30,14201.247,12936.363,17537.613,18020.5,16454.184,15786.0
T000043,1983-12-31,16118.779,14539.218,17507.598,17751.516,17041.582,17455.0
T000043,1984-01-31,17381.74,16094.327,17308.416,17817.756,16665.568,17656.0
T000043,1984-02-29,17539.73,17191.031,17491.803,18168.918,16738.613,18683.0
T000043,1984-03-31,18469.225,18359.764,17246.732,18293.082,17454.662,18862.0
T000043,1984-04-30,18260.717,18080.691,17496.84,18409.707,17513.74,20005.0
T000043,1984-05-31,19084.572,20008.615,17290.666,18425.906,18047.885,17743.0
T000043,1984-06-30,17016.438,19028.43,17304.49,18673.465,18196.68,16916.0
T000043,1984-07-31,16161.59,18954.54,17163.541,18513.178,16580.24,16351.0
T000043,1984-08-31,15957.824,17713.977,17037.793,18556.45,16994.062,17362.0
T000043,1984-09-30,17046.91,18594.35,17058.826,18210.262,16709.316,14497.0
T000043,1984-10-31,14741.127,14673.962,17111.994,18018.113,16713.186,14803.0
T000043,1984-11-30,15517.41,15346.586,17029.287,17593.135,16531.791,16345.0
T000043,1984-12-31,16655.045,15064.828,17320.855,17739.371,16693.21,18052.0
T000044,1980-08-31,12462.954,12906.857,13755.096,14478.897,13266.285,13626.0
T000044,1980-09-30,13516.077,13939.392,14005.527,14480.666,13693.621,12642.0
T000044,1980-10-31,12775.812,12500.069,13831.255,14304.4375,12785.345,11584.2
T000044,1980-11-30,12150.13,11592.026,14059.725,14176.236,12894.088,13826.0
T000044,1980-12-31,14133.641,12728.715,14053.946,14295.6875,13088.374,16514.0
T000044,1981-01-31,16389.883,14412.898,14464.768,14825.503,12768.697,13742.0
T000044,1981-02-28,13894.393,12441.999,14241.988,14560.19,14600.823,16082.0
T000044,1981-03-31,15944.268,15995.46,14551.487,14464.777,14342.917,18300.0
T000044,1981-04-30,17345.764,17838.846,14567.203,14727.104,13717.253,17275.0
T000044,1981-05-31,16420.408,17576.832,14595.842,14838.215,14746.138,15844.0
T000044,1981-06-30,15196.646,16907.049,14961.238,15429.632,15525.743,15455.0
T000044,1981-07-31,14824.534,16466.797,14833.222,15298.861,14116.2705,14161.0
T000044,1981-08-31,14095.841,14786.377,15098.096,15324.694,15011.081,14964.0
T000044,1981-09-30,14960.865,15643.907,15089.466,15382.549,15015.262,12957.0
T000045,1981-08-31,152.12177,154.75946,157.6675,159.12134,156.6155,160.94
T000045,1981-09-30,161.15105,159.1076,158.44884,162.76024,157.86017,159.07
T000045,1981-10-31,159.12105,154.29727,159.80643,163.16026,156.32692,158.67
T000045,1981-11-30,160.01527,156.89595,159.63937,162.44096,159.3589,151.74
T000045,1981-12-31,152.68169,147.2723,160.1491,162.12584,158.29591,145.43
T000045,1982-01-31,146.00908,142.09337,157.58604,163.21608,158.76112,154.62
T000045,1982-02-28,154.42099,155.7675,157.56044,161.59312,162.59904,152.34
T000045,1982-03-31,151.86848,152.87184,155.7267,161.37059,158.46004,141.46
T000045,1982-04-30,141.09088,146.90768,154.71112,163.3478,159.76671,138.16
T000045,1982-05-31,137.32724,146.53137,151.94699,164.4552,159.58304,134.26
T000045,1982-06-30,133.43108,139.0942,150.46587,160.98717,151.35002,142.14
T000045,1982-07-31,141.25012,145.80972,149.33379,157.11536,152.10852,144.31
T000045,1982-08-31,143.38739,143.6051,148.59932,156.15416,152.9154,142.78
T000045,1982-09-30,141.62149,145.16255,147.01149,156.52667,150.28488,142.53
T000046,1978-05-31,4506.342,4286.6025,4067.5237,3330.3406,3398.3782,7419.0
T000046,1978-06-30,7180.5107,6800.6772,4375.737,3543.1611,2978.219,6507.0
T000046,1978-07-31,6400.639,5704.1514,4550.9165,4375.9443,3513.3984,7179.0
T000046,1978-08-31,7196.4043,7037.522,5186.609,4376.4785,4360.694,10907.0
T000046,1978-09-30,10546.362,9971.167,5663.362,5663.756,3893.8525,6595.0
T000046,1978-10-31,6643.667,5267.6494,5840.4385,5907.327,5343.662,9034.0
T000046,1978-11-30,9013.716,8542.959,6806.9214,5798.8965,6128.215,10461.0
T000046,1978-12-31,10177.905,9068.281,6886.5044,6205.937,6047.911,7898.0
T000046,1979-01-31,7856.531,7342.409,7218.0312,6233.541,5803.3125,7819.0
T000046,1979-02-28,7952.086,7746.6494,7681.6343,6960.814,7518.9463,8591.0
T000046,1979-03-31,8498.965,7854.7695,7480.0483,8005.375,5416.3037,6602.0
T000046,1979-04-30,6801.199,5578.398,8009.7,8087.6465,6753.4424,5937.0
T000046,1979-05-31,6567.9497,5436.3286,7888.7153,7649.2734,8132.255,9308.0
T000046,1979-06-30,9113.693,8137.538,8155.2817,7890.8975,5763.1084,6087.0
T000047,1978-05-31,3399.7014,3571.7207,2315.3752,1873.9166,2293.2756,6940.0
T000047,1978-06-30,6475.967,6771.4775,2734.3423,2171.266,1217.0056,5353.0
T000047,1978-07-31,5091.797,4606.419,2935.9524,2654.507,2341.3462,5612.0
T000047,1978-08-31,5486.0264,5430.8267,3592.897,2877.2117,2902.4338,8066.0
T000047,1978-09-30,7768.2256,7258.8936,4005.0078,3199.8706,2887.529,5173.0
T000047,1978-10-31,5195.8857,4455.0586,4176.4355,3339.7302,3877.1335,7181.0
T000047,1978-11-30,7079.0615,7222.6123,4999.101,4169.9966,4327.121,9012.0
T000047,1978-12-31,8629.99,8272.377,5057.0186,4491.2437,3785.1382,7169.0
T000047,1979-01-31,7073.368,6614.81,5656.253,4671.8643,4255.5005,7632.0
T000047,1979-02-28,7806.5264,7027.1797,6243.9443,4660.4595,5844.7544,8164.0
T000047,1979-03-31,8217.964,6804.324,6420.146,7002.4355,5258.864,6796.0
T000047,1979-04-30,6986.085,5516.185,6836.1187,6955.005,6288.2817,5910.0
T000047,1979-05-31,6339.7734,5094.9404,7004.6733,7058.8896,6894.4707,10239.0
T000047,1979-06-30,9924.915,9176.827,7231.6294,7495.23,4719.828,9589.0
T000048,1978-05-31,6.7037463,6.9502196,6.3089876,6.3323164,6.5608478,7.51
T000048,1978-06-30,7.297972,7.53965,6.383914,6.458431,6.2371163,7.68
T000048,1978-07-31,7.434577,7.571455,6.5025587,6.480585,6.3973947,7.81
T000048,1978-08-31,7.6166444,8.018366,6.643854,6.5317507,6.709229,8.05
T000048,1978-09-30,7.8585677,8.280002,6.7898035,6.6888328,6.3098063,7.58
T000048,1978-10-31,7.485235,7.5592847,6.9492893,6.7347827,6.5957623,8.03
T000048,1978-11-30,8.034067,7.8553286,7.197238,6.8068504,6.940226,8.37
T000048,1978-12-31,8.301676,8.059071,7.2968698,7.088321,6.7834783,8.16
T000048,1979-01-31,8.169114,7.9225903,7.499973,7.374232,6.991312,8.53
T000048,1979-02-28,8.557413,8.317878,7.7099137,7.3686843,7.251541,8.62
T000048,1979-03-31,8.626036,7.9760923,7.81363,8.237819,7.280725,8.46
T000048,1979-04-30,8.531601,7.9680853,8.008875,8.237774,7.911666,8.43
T000048,1979-05-31,8.547504,8.02755,8.136649,8.301558,8.268896,8.85
T000048,1979-06-30,8.818131,8.478732,8.227049,8.416133,7.7894397,8.66
T000049,1986-01-31,35197.53,37776.258,30856.527,34943.594,31711.953,34818.0
T000049,1986-02-28,33978.047,34570.242,30830.521,35434.78,47968.11,44056.0
T000049,1986-03-31,40827.3,51988.285,31934.47,35886.21,40930.87,42332.0
T000049,1986-04-30,37578.26,50075.24,31955.0,36242.836,37205.207,35877.0
T000049,1986-05-31,32619.959,43504.02,33177.586,36826.254,36405.605,36999.0
T000049,1986-06-30,34295.887,41640.566,33652.625,36389.324,41413.395,33027.0
T000049,1986-07-31,30339.664,36897.48,33356.73,36430.95,36883.06,14154.0
T000049,1986-08-31,17023.902,18767.578,34033.734,36008.336,44789.812,27518.0
T000049,1986-09-30,29600.4,32017.566,33331.32,37596.086,37854.65,36765.0
T000049,1986-10-31,34624.535,35827.836,34391.2,37785.332,33317.688,32517.0
T000049,1986-11-30,31556.625,31946.24,33736.863,37129.223,33897.785,37962.0
T000049,1986-12-31,36789.426,37724.715,34981.836,36091.547,36072.402,36341.0
T000049,1987-01-31,35806.332,32672.324,34553.527,36941.85,32309.383,35300.0
T000049,1987-02-28,34134.676,33221.234,34487.67,37448.87,41384.344,37157.0
T000050,1982-11-30,1554.7297,1641.1664,1780.4706,1869.5634,1793.218,1836.0
T000050,1982-12-31,1796.47,1917.3074,1804.6058,1866.7329,1793.125,1587.0
T000050,1983-01-31,1592.7467,1651.1885,1778.5048,1849.1176,1810.4244,1496.0
T000050,1983-02-28,1564.7288,1544.1493,1803.3651,1827.4126,1665.3455,1859.0
T000050,1983-03-31,1871.5084,1759.2188,1807.8107,1852.651,1782.3577,1985.0
T000050,1983-04-30,1968.7905,1804.7235,1845.3987,1958.4473,1677.7344,1819.0
T000050,1983-05-31,1826.6129,1696.4463,1833.0992,1909.2162,1808.781,1984.0
T000050,1983-06-30,1965.9728,1947.5846,1848.5024,1901.1774,1798.9908,2225.0
T000050,1983-07-31,2130.1965,2136.2495,1861.9663,1926.4518,1737.1144,2226.0
T000050,1983-08-31,2134.0852,2239.436,1863.043,1924.0303,1909.4121,1991.0
T000050,1983-09-30,1917.0903,2169.0876,1887.6145,1950.9933,1925.5731,1783.0
T000050,1983-10-31,1727.1505,1935.2067,1878.9437,1939.478,1770.58,1750.0
T000050,1983-11-30,1750.1539,1846.3506,1895.1388,1939.5477,1897.6633,1836.0
T000050,1983-12-31,1820.407,1853.1079,1885.9575,1931.248,1845.989,1564.0
T000051,1985-10-31,3583.9321,3558.592,3415.9275,3398.642,3363.7,3616.0
T000051,1985-11-30,3597.896,3595.3545,3447.4473,3432.0327,3417.8667,3761.0
T000051,1985-12-31,3714.9692,3751.794,3476.0588,3435.367,3377.3723,3667.0
T000051,1986-01-31,3642.0842,3630.0217,3497.324,3469.8257,3413.3252,3648.0
T000051,1986-02-28,3653.5327,3621.5232,3545.97,3524.3796,3490.4102,3686.0
T000051,1986-03-31,3691.1084,3628.701,3566.8164,3576.0474,3495.261,3718.0
T000051,1986-04-30,3711.862,3665.7517,3593.0383,3603.7922,3436.5068,3647.0
T000051,1986-05-31,3655.8389,3590.6416,3618.9028,3624.9856,3492.2146,3759.0
T000051,1986-06-30,3754.349,3674.562,3636.6394,3645.9922,3427.367,3745.0
T000051,1986-07-31,3741.355,3601.3013,3660.9182,3700.0657,3494.219,3676.0
T000051,1986-08-31,3698.0496,3565.6506,3675.1423,3698.6038,3524.946,3657.0
T000051,1986-09-30,3679.0847,3565.4973,3690.8103,3741.4202,3525.1685,3712.0
T000051,1986-10-31,3718.3894,3629.4028,3687.5208,3720.0486,3482.3599,3667.0
T000051,1986-11-30,3673.0818,3589.677,3698.9702,3711.5452,3520.5571,3796.0
T000052,1982-11-30,48.493145,50.928116,55.82882,58.606255,54.736137,56.4
T000052,1982-12-31,55.110725,58.925457,56.173443,58.39188,55.7835,49.5
T000052,1983-01-31,49.601685,52.632526,55.608406,58.41358,55.39434,46.2
T000052,1983-02-28,48.598724,47.43915,56.12703,58.32451,50.989822,56.7
T000052,1983-03-31,57.33843,53.596603,56.50023,59.201756,54.213318,64.2
T000052,1983-04-30,63.472824,58.149956,57.7423,60.47932,50.91561,57.9
T000052,1983-05-31,57.869247,53.244793,57.386646,59.521698,54.36707,64.2
T000052,1983-06-30,63.49792,63.36174,58.163986,59.615147,54.897537,71.3
T000052,1983-07-31,68.03392,68.26413,58.44605,60.828968,54.22979,70.8
T000052,1983-08-31,67.718414,71.572525,58.669758,61.109364,59.521873,62.4
T000052,1983-09-30,60.082638,67.661415,59.572216,61.376297,61.543358,61.5
T000052,1983-10-31,59.405857,66.79592,59.645905,60.987766,55.215405,48.1
T000052,1983-11-30,48.83638,51.78045,59.585014,61.69072,60.80276,56.9
T000052,1983-12-31,56.5192,58.961227,59.509357,61.196774,57.086636,48.7
T000053,1982-07-31,43679.18,39284.387,46266.414,49119.39,40095.316,48164.9
T000053,1982-08-31,46818.773,43580.656,45173.496,49972.75,36526.656,44107.0
T000053,1982-09-30,43446.074,41175.99,45629.57,48399.99,39973.633,51394.0
T000053,1982-10-31,50061.684,48164.918,45104.008,48232.562,36197.61,46630.8
T000053,1982-11-30,45576.64,42136.184,44585.81,49492.25,42696.035,46630.4
T000053,1982-12-31,45738.414,47506.72,44448.23,49686.0,45293.766,54635.4
T000053,1983-01-31,52046.06,57000.25,44946.12,48958.113,41770.418,55479.1
T000053,1983-02-28,51967.707,60899.297,44747.99,49324.98,36630.316,46240.3
T000053,1983-03-31,44379.953,50551.098,45673.207,50655.0,41564.953,55979.8
T000053,1983-04-30,53327.562,57634.06,46393.0,48963.76,37074.773,32888.3
T000053,1983-05-31,34680.395,30395.254,46391.586,49456.29,46283.547,32888.3
T000053,1983-06-30,37561.09,34263.844,47342.062,49569.133,47873.977,56873.4
T000053,1983-07-31,56025.14,53524.848,48050.703,50999.445,43899.12,50031.9
T000053,1983-08-31,48771.805,48091.99,47386.234,51197.406,41289.316,51249.3
T000054,1985-06-30,12719.483,14394.112,11879.352,13705.512,11411.929,12664.0
T000054,1985-07-31,11937.855,10918.456,11981.645,13936.123,10562.391,11893.0
T000054,1985-08-31,11733.666,13001.789,12123.374,13243.465,10767.888,12206.0
T000054,1985-09-30,12004.536,12061.266,11917.936,13279.706,9329.089,12764.0
T000054,1985-10-31,12685.409,10745.628,12267.255,13376.658,7350.0376,12708.0
T000054,1985-11-30,12624.386,10440.8955,12125.615,13401.144,13850.393,14129.0
T000054,1985-12-31,13654.541,14059.17,12480.762,13243.2295,10586.256,13176.0
T000054,1986-01-31,12401.097,14285.244,12157.24,13456.121,8779.771,12071.0
T000054,1986-02-28,11667.555,13138.942,12350.416,13828.277,10522.249,15621.0
T000054,1986-03-31,14562.726,15740.763,12359.372,13318.42,10082.937,12249.0
T000054,1986-04-30,11496.112,12142.719,12071.258,13347.066,10029.616,3659.0
T000054,1986-05-31,5398.555,5105.941,12407.036,13672.48,13794.723,12710.0
T000054,1986-06-30,13167.405,13313.003,12184.02,13816.299,9822.474,12524.0
T000054,1986-07-31,11813.1,10755.146,12230.516,13971.105,9348.276,12153.0
T000055,1982-08-31,333.49167,311.61313,339.30045,366.39648,296.39447,349.93
T000055,1982-09-30,336.14297,331.63666,326.52032,371.2744,274.79303,305.22
T000055,1982-10-31,299.36316,310.43158,324.90955,368.3028,288.14584,380.7
T000055,1982-11-30,371.76047,367.8782,322.20337,362.88474,260.90408,309.34
T000055,1982-12-31,305.43784,280.13812,314.84964,365.9127,327.98877,309.34
T000055,1983-01-31,306.97485,336.49493,314.67627,368.73068,349.5149,394.64
T000055,1983-02-28,372.53806,437.6958,315.99783,356.86777,301.68564,401.02
T000055,1983-03-31,373.69742,442.51334,317.91675,356.5934,265.94876,334.43
T000055,1983-04-30,323.96384,357.81055,326.18866,363.02832,341.3157,399.56
T000055,1983-05-31,379.0128,412.97205,330.22626,353.96347,315.95047,234.79
T000055,1983-06-30,247.02176,225.52538,332.37943,354.96924,372.4704,234.78
T000055,1983-07-31,268.0131,265.69788,338.45813,343.07153,398.98172,421.57
T000055,1983-08-31,406.28586,418.3266,343.36072,356.1143,345.701,370.82
T000055,1983-09-30,352.36993,364.68887,337.47223,359.8945,326.32196,359.98
T000056,1984-05-31,713.68695,737.5563,609.4029,651.36194,866.578,932.27
T000056,1984-06-30,883.56714,1029.3203,660.5277,648.0466,733.834,768.92
T000056,1984-07-31,705.9232,885.646,644.8612,656.2998,636.29974,743.87
T000056,1984-08-31,694.2332,845.0379,684.7414,717.5806,680.6793,706.87
T000056,1984-09-30,668.7596,740.1556,676.36646,728.4884,755.1841,633.29
T000056,1984-10-31,620.92865,681.5116,679.2407,735.81903,722.5604,267.05
T000056,1984-11-30,345.59998,379.53168,691.88995,740.7151,856.5309,587.85
T000056,1984-12-31,604.2497,670.2598,670.0342,748.8177,648.6104,616.82
T000056,1985-01-31,570.1615,530.6235,689.5129,758.2006,575.1603,722.39
T000056,1985-02-28,700.2792,713.6165,671.6152,729.4574,651.32184,760.35
T000056,1985-03-31,740.9985,697.7213,702.7232,734.2841,638.11414,753.28
T000056,1985-04-30,749.1992,683.953,683.8188,773.7361,577.389,790.33
T000056,1985-05-31,768.19275,740.2891,697.72064,758.22107,807.68787,906.79
T000056,1985-06-30,852.6961,955.563,696.8294,772.29034,613.5112,729.83
T000057,1902-12-31,12428.926,11317.568,11748.148,11643.67,11392.506,13126.0
T000057,1903-01-31,12697.841,12445.076,11743.043,11738.922,11991.698,13180.0
T000057,1903-02-28,12312.305,12914.58,11597.973,12448.016,11984.326,15945.0
T000057,1903-03-31,14814.272,16349.783,11792.864,12662.222,12041.368,15181.0
T000057,1903-04-30,14227.463,16324.029,11885.553,12796.56,13121.872,12710.0
T000057,1903-05-31,12057.217,14676.664,12177.927,13026.619,11929.979,10468.0
T000057,1903-06-30,10221.352,11883.844,12223.711,13075.094,11950.319,9565.0
T000057,1903-07-31,9729.172,10234.3,12043.029,12769.534,12357.429,8733.0
T000057,1903-08-31,9234.966,8666.916,12068.3,12519.436,11886.034,8998.0
T000057,1903-09-30,9483.816,8830.172,11785.418,11713.46,11831.518,10187.0
T000057,1903-10-31,10460.849,9279.164,11864.556,11668.651,11550.834,11061.0
T000057,1903-11-30,11251.247,9856.371,11690.059,11589.715,12280.004,11511.0
T000057,1903-12-31,11692.167,10622.52,11878.702,11729.39,12868.378,12954.0
T000057,1904-01-31,12635.126,12148.856,11780.909,12058.262,12623.797,14916.0
T000058,1980-11-30,98.58324,103.64887,88.743454,90.61828,94.00205,104.3
T000058,1980-12-31,104.45763,106.32907,92.474915,93.245514,99.6364,104.3
T000058,1981-01-31,104.75174,105.81075,94.88126,103.19836,99.62022,106.2
T000058,1981-02-28,104.95668,106.039276,97.03979,104.60839,96.627846,108.6
T000058,1981-03-31,107.17351,106.773094,99.177025,103.61832,103.778046,100.4
T000058,1981-04-30,99.43134,101.43264,99.65681,102.94796,105.685265,97.5
T000058,1981-05-31,96.35158,103.23662,100.37208,102.13138,102.995125,99.2
T000058,1981-06-30,97.75519,104.83681,100.40335,102.85509,100.75357,94.7
T000058,1981-07-31,94.18195,97.34796,100.62515,102.76563,95.73147,93.6
T000058,1981-08-31,92.86069,95.65085,100.22411,101.78991,92.03844,91.8
T000058,1981-09-30,91.79309,90.27544,99.56939,100.63717,88.28299,86.4
T000058,1981-10-31,87.89421,82.23598,99.11704,100.248276,85.5831,83.1
T000058,1981-11-30,85.37933,78.87112,97.54072,100.2959,85.56478,85.2
T000058,1981-12-31,87.019455,80.85245,96.09339,100.314026,81.52873,89.0
T000059,1982-11-30,31.12541,33.766846,34.948673,37.073456,34.077206,38.3
T000059,1982-12-31,36.90805,38.615715,34.487766,36.819305,35.381775,32.9
T000059,1983-01-31,33.114147,31.554007,34.880924,37.280205,37.071316,28.8
T000059,1983-02-28,30.156668,31.166153,34.38361,36.767895,40.92396,38.5
T000059,1983-03-31,37.954247,40.941784,35.329052,37.176712,37.251205,38.4
T000059,1983-04-30,36.613914,39.33067,34.594585,37.49306,30.924944,37.2
T000059,1983-05-31,35.84799,37.978256,35.52121,37.506325,34.942173,38.3
T000059,1983-06-30,37.21569,38.806236,35.043503,36.862118,34.475277,36.7
T000059,1983-07-31,36.218433,35.33566,35.59901,38.225124,34.13264,29.3
T000059,1983-08-31,30.841967,30.671345,35.45406,37.630642,40.961277,38.2
T000059,1983-09-30,37.9754,40.44104,35.905457,38.76034,35.322994,39.0
T000059,1983-10-31,37.42074,38.92089,35.582848,38.442894,29.742462,37.7
T000059,1983-11-30,36.91378,39.81975,36.311672,38.916626,34.980263,41.8
T000059,1983-12-31,40.619385,40.329075,36.678314,39.67638,32.183826,36.8
T000060,1984-05-31,68679.445,61920.938,97433.7,95599.875,107855.52,106000.0
T000060,1984-06-30,108813.9,111825.89,101485.086,103848.81,101186.31,114000.0
T000060,1984-07-31,108093.78,102905.336,99692.5,113872.05,87445.5,115000.0
T000060,1984-08-31,112323.59,113371.516,103610.48,111236.28,92672.516,118000.0
T000060,1984-09-30,116508.26,112926.92,105457.49,112835.03,105006.234,105000.0
T000060,1984-10-31,105508.57,91790.89,105906.22,113642.22,94159.05,118000.0
T000060,1984-11-30,115802.55,109873.34,107315.664,110616.445,110633.98,135000.0
T000060,1984-12-31,132091.0,133530.88,109305.78,110782.49,101016.7,110000.0
T000060,1985-01-31,106126.77,115481.6,107833.72,111559.586,76045.586,103000.0
T000060,1985-02-28,100746.81,110093.31,109436.74,112996.82,86526.28,112000.0
T000060,1985-03-31,110961.664,104336.23,108929.52,110452.13,85186.555,96000.0
T000060,1985-04-30,95536.48,87582.56,108680.43,111187.44,89056.34,55000.0
T000060,1985-05-31,64497.55,58587.797,108010.48,112610.28,107793.79,117000.0
T000060,1985-06-30,118479.91,118329.266,107618.36,115473.2,79832.03,109000.0
T000061,1984-10-31,3409.2039,3718.56,3432.1467,3583.2856,3452.049,3806.66
T000061,1984-11-30,3656.0417,4153.5933,3501.6885,3588.2603,3106.8792,3349.94
T000061,1984-12-31,3254.0295,3467.7324,3471.2947,3562.6543,3797.7415,3422.81
T000061,1985-01-31,3424.341,3613.55,3449.5051,3592.9934,3533.6455,2452.54
T000061,1985-02-28,2627.5242,2630.1064,3559.723,3664.3098,4054.269,2907.92
T000061,1985-03-31,2977.7935,3196.5754,3396.5544,3618.7354,3517.3894,3128.84
T000061,1985-04-30,3016.353,2931.1155,3547.5342,3680.6743,3323.6838,3253.35
T000061,1985-05-31,3176.646,3216.5098,3312.5962,3537.6877,3387.2876,3513.84
T000061,1985-06-30,3467.0864,3310.3286,3515.1428,3548.8162,3547.502,3649.38
T000061,1985-07-31,3622.2346,3501.9111,3342.5251,3582.2368,3364.6455,3365.69
T000061,1985-08-31,3328.9258,3397.0076,3421.236,3565.7124,3910.2253,3741.97
T000061,1985-09-30,3609.3276,4064.2913,3361.7656,3587.721,3319.7834,3505.97
T000061,1985-10-31,3347.56,3687.191,3347.8894,3582.181,3201.101,3575.99
T000061,1985-11-30,3401.969,3848.0864,3353.9075,3635.8538,2972.076,3432.75
T000062,1986-07-31,511.2605,511.8323,487.17984,494.35764,471.19263,561.71
T000062,1986-08-31,555.3438,554.2157,492.23456,496.59274,475.9943,616.66
T000062,1986-09-30,605.2757,605.05975,502.452,502.70474,470.17584,634.97
T000062,1986-10-31,620.2648,622.7115,514.9956,512.4952,496.38202,665.5
T000062,1986-11-30,649.63995,659.1715,532.08923,517.5854,510.59793,665.5
T000062,1986-12-31,651.0984,663.60297,547.0914,522.81934,526.7299,683.82
T000062,1987-01-31,670.7599,682.56274,567.10175,527.0303,543.5015,683.82
T000062,1987-02-28,673.6334,674.26135,583.7881,531.15625,569.72925,683.82
T000062,1987-03-31,676.22046,677.41516,600.09546,534.11,584.4895,683.82
T000062,1987-04-30,683.2304,678.52264,618.38055,556.5213,610.97766,628.87
T000062,1987-05-31,638.50885,616.8474,627.4169,619.7959,627.8367,604.44
T000062,1987-06-30,619.4585,579.1812,639.5633,671.93146,646.224,598.34
T000062,1987-07-31,614.3382,557.9738,641.98517,670.6797,671.5725,610.55
T000062,1987-08-31,622.39923,568.5299,647.8807,672.1192,674.77313,622.76
T000063,1986-11-30,2959.982,2862.9456,3144.7148,3206.4404,3058.172,2314.79
T000063,1986-12-31,2429.8508,2375.9922,3165.6301,3248.3386,3293.6172,2286.35
T000063,1987-01-31,2363.2603,2276.5999,3037.8713,3240.8674,3196.8618,1910.98
T000063,1987-02-28,1986.0713,1970.9453,2952.4429,3290.5986,3162.3955,2053.16
T000063,1987-03-31,2075.921,2299.8362,2858.9492,3316.5903,3099.6147,2127.1
T000063,1987-04-30,2092.654,2286.7124,2717.2527,3270.951,2882.0854,2337.54
T000063,1987-05-31,2266.3972,2551.3804,2675.7856,3216.7317,2765.8032,2377.35
T000063,1987-06-30,2327.32,2442.9026,2579.4297,3217.2253,2922.5315,2434.22
T000063,1987-07-31,2387.204,2545.4692,2567.116,3187.3638,2824.1233,2621.91
T000063,1987-08-31,2492.8186,2831.5176,2491.6182,2907.7468,2755.678,2644.66
T000063,1987-09-30,2520.987,2895.538,2445.3333,2908.2056,2617.7869,3002.97
T000063,1987-10-31,2806.5762,3353.3496,2441.953,2848.5168,2468.1555,2883.53
T000063,1987-11-30,2704.152,3230.564,2410.4185,2844.2473,2414.476,2917.65
T000063,1987-12-31,2807.3142,3322.2039,2494.9485,2801.5034,2557.5803,3076.9
T000064,1986-11-30,7444.4727,8031.768,10604.572,12359.319,10991.258,7017.43
T000064,1986-12-31,6987.252,7135.589,10387.843,12139.771,10397.517,8556.96
T000064,1987-01-31,8467.793,8160.549,9810.582,12053.856,9113.322,7879.84
T000064,1987-02-28,7695.592,7467.788,9685.289,12180.234,13363.838,7075.9
T000064,1987-03-31,6517.4697,8793.684,9005.927,11586.226,10204.259,7457.92
T000064,1987-04-30,6654.202,9576.728,8635.941,10744.052,9677.28,6032.53
T000064,1987-05-31,5585.1177,7851.245,7994.5015,10772.252,9105.999,6213.18
T000064,1987-06-30,5564.6357,7996.714,7682.445,10270.081,8746.389,6698.51
T000064,1987-07-31,5855.0127,9062.298,7045.0854,9467.301,7885.153,3381.89
T000064,1987-08-31,3606.0596,5464.381,7076.835,9309.9,9433.809,7142.71
T000064,1987-09-30,7067.998,9128.91,6843.6016,8556.865,8628.511,8897.22
T000064,1987-10-31,8186.0664,9743.063,7049.716,8346.711,8762.775,10963.8
T000064,1987-11-30,10234.491,11347.899,7362.7075,8078.5894,7703.8105,9372.66
T000064,1987-12-31,8835.858,9660.403,7444.7646,7972.038,9856.798,12046.8
T000065,1986-07-31,9393.805,10302.656,8750.192,9172.437,8948.045,9012.45
T000065,1986-08-31,8633.889,9658.195,8643.732,9158.107,8104.5938,8850.42
T000065,1986-09-30,8667.412,9458.479,8840.244,9214.316,8627.625,9099.42
T000065,1986-10-31,8967.04,9211.688,8793.193,9224.055,8737.795,8689.3
T000065,1986-11-30,8617.854,8659.697,8874.987,9225.842,8399.434,7056.17
T000065,1986-12-31,7498.1416,7213.7935,8926.187,9255.935,9505.366,9292.57
T000065,1987-01-31,9438.36,9222.044,8976.032,9379.558,8547.55,9527.84
T000065,1987-02-28,9326.275,8922.497,9050.492,9397.4,8429.727,9743.88
T000065,1987-03-31,9662.171,9684.215,9088.601,9373.05,8993.3955,10251.0
T000065,1987-04-30,9984.561,10041.576,9196.634,9368.581,9063.098,10349.0
T000065,1987-05-31,10152.541,10183.221,9238.792,9506.409,8772.094,9444.54
T000065,1987-06-30,9333.984,9480.018,9290.591,9520.193,10171.939,10276.7
T000065,1987-07-31,9983.501,10778.99,9391.516,9536.028,9207.956,9368.55
T000065,1987-08-31,9104.461,9848.664,9316.616,9611.697,8717.314,8844.01
T000066,1983-05-31,21790.879,26293.594,15168.233,17763.457,15357.98,30191.4
T000066,1983-06-30,28024.484,31597.148,16441.947,17653.297,15318.271,28410.1
T000066,1983-07-31,26690.541,28961.254,17722.225,17912.164,15140.618,28966.3
T000066,1983-08-31,27872.697,28629.85,19770.428,18062.318,19517.81,25553.8
T000066,1983-09-30,25045.14,25637.348,20473.344,18961.291,22334.031,21607.2
T000066,1983-10-31,21869.547,23630.467,21397.95,19446.197,21992.668,16097.1
T000066,1983-11-30,17252.537,18206.34,21676.676,19611.46,25072.207,25013.8
T000066,1983-12-31,25081.234,25346.96,22290.67,20348.742,23347.164,21594.0
T000066,1984-01-31,21377.764,20280.326,22878.07,21756.812,26196.066,21125.3
T000066,1984-02-29,21586.73,23143.215,23066.105,22043.617,27583.535,23484.9
T000066,1984-03-31,23598.16,23408.627,23942.627,25527.906,26337.701,23172.9
T000066,1984-04-30,23289.87,21033.979,23893.215,25124.316,25912.21,21617.5
T000066,1984-05-31,21313.686,18667.46,24143.197,23932.45,29080.781,27054.8
T000066,1984-06-30,25917.084,26445.482,23640.057,23738.242,24684.703,25033.7
T000067,1983-05-31,582.7551,654.1396,633.5734,710.9791,755.46533,537.42
T000067,1983-06-30,523.06323,548.617,619.47437,703.6678,720.8277,560.5
T000067,1983-07-31,535.1226,670.9401,598.06134,693.4143,594.14545,607.96
T000067,1983-08-31,568.18066,676.34296,605.3324,688.2673,626.174,506.11
T000067,1983-09-30,491.4049,521.0499,570.63605,675.0469,560.8869,567.84
T000067,1983-10-31,547.8861,610.83844,587.68054,626.3029,646.8665,454.68
T000067,1983-11-30,468.21747,495.3687,553.2512,625.9004,695.1757,585.33
T000067,1983-12-31,585.5961,654.5013,579.84924,607.95374,632.919,555.49
T000067,1984-01-31,528.2266,611.91626,549.6479,606.1905,622.6073,487.6
T000067,1984-02-29,478.09546,549.74963,554.0544,619.0049,606.528,568.86
T000067,1984-03-31,536.86945,591.1111,547.253,585.6419,620.5216,504.44
T000067,1984-04-30,497.47913,507.06073,539.3727,584.2057,680.13135,491.36
T000067,1984-05-31,496.20422,564.0099,546.09644,578.5947,737.6226,482.9
T000067,1984-06-30,463.16083,583.74695,522.78467,580.3745,690.36053,644.76
T000068,1987-05-31,4307.1436,4761.7505,6279.643,7282.844,7349.345,6724.67
T000068,1987-06-30,6788.6504,7605.4614,6359.786,6906.5117,6533.6445,7411.29
T000068,1987-07-31,6970.517,7246.7983,6295.871,6952.8,5865.2974,6269.87
T000068,1987-08-31,6205.3687,6642.51,6410.843,6980.8696,6602.408,7023.74
T000068,1987-09-30,6857.4404,7090.5,6447.831,6898.9478,6827.8955,6837.93
T000068,1987-10-31,6699.282,6557.9,6481.814,6927.75,6433.143,6721.13
T000068,1987-11-30,6644.724,7080.781,6494.593,6882.352,8232.873,7174.16
T000068,1987-12-31,6935.9795,7843.5264,6583.108,6821.9507,7462.43,7296.27
T000068,1988-01-31,6878.905,8219.652,6513.0146,6895.5293,6376.703,6763.6
T000068,1988-02-29,6509.3486,7316.879,6705.0127,7042.88,7371.994,7471.46
T000068,1988-03-31,7182.6147,7755.5654,6705.448,7021.7896,7128.031,7032.59
T000068,1988-04-30,6726.653,7254.8716,6767.5215,7102.7085,6930.516,4491.37
T000068,1988-05-31,4926.0947,5067.8584,6784.0747,7101.144,7725.68,7699.75
T000068,1988-06-30,7711.1694,7962.876,6909.0674,7343.3867,6682.414,7480.31
T000069,1985-09-30,16069.309,16845.824,11372.571,13514.015,6871.6743,14773.9
T000069,1985-10-31,13621.221,13967.264,11514.785,13467.045,8301.289,13414.7
T000069,1985-11-30,13158.191,12193.198,12062.153,13417.887,9184.618,10538.6
T000069,1985-12-31,11096.802,8518.325,12140.692,13577.567,13068.245,11090.6
T000069,1986-01-31,11434.855,11031.468,12118.462,13110.403,14711.197,15440.0
T000069,1986-02-28,14515.2,16817.094,12433.869,13343.621,10857.395,14152.1
T000069,1986-03-31,12731.059,16504.654,11866.164,13381.355,8263.721,17947.5
T000069,1986-04-30,16258.496,19520.305,12887.685,13673.325,9008.699,15387.0
T000069,1986-05-31,14671.033,14525.071,12647.831,14006.817,10495.478,7594.18
T000069,1986-06-30,8613.91,6771.134,13423.541,14170.016,13908.786,4600.6
T000069,1986-07-31,6777.9233,4980.7373,13045.969,13925.305,15412.621,14985.6
T000069,1986-08-31,14800.633,15013.987,13145.556,15446.94,10039.414,19687.1
T000069,1986-09-30,18160.574,18518.861,13678.202,15361.898,8385.109,18467.7
T000069,1986-10-31,17277.059,18924.672,13389.255,15079.786,10335.317,16699.3
T000070,1987-01-31,54895.156,58312.816,53321.33,54808.168,55449.812,55219.2
T000070,1987-02-28,54263.086,55974.684,54294.65,56008.285,58431.89,43587.2
T000070,1987-03-31,45892.5,46946.61,54488.895,55686.67,64213.938,58674.6
T000070,1987-04-30,58371.258,63077.477,54715.195,56177.14,54812.52,60791.4
T000070,1987-05-31,58474.05,59237.684,55512.797,56746.965,50935.7,61971.7
T000070,1987-06-30,61196.582,62990.188,55901.285,57211.5,55609.848,64769.5
T000070,1987-07-31,63382.387,63032.383,57169.105,57750.48,54216.844,59765.8
T000070,1987-08-31,59705.56,56290.91,57246.285,58245.94,54763.875,52244.4
T000070,1987-09-30,53338.72,52127.02,57807.203,57432.312,66038.67,64659.4
T000070,1987-10-31,62861.297,68647.72,57903.39,57702.08,55756.055,60962.5
T000070,1987-11-30,58863.164,62595.766,57777.527,58092.324,52180.16,55902.5
T000070,1987-12-31,55105.492,58369.32,58398.31,58977.176,57047.97,62172.1
T000070,1988-01-31,61223.516,60528.383,58482.19,59638.387,56451.395,48641.3
T000070,1988-02-29,49259.293,47853.82,57905.68,59600.39,57566.17,47161.0
T000071,1985-03-31,991.6062,1082.9962,776.77954,841.28217,719.4296,358.91
T000071,1985-04-30,423.19766,519.03796,819.7852,828.204,821.5985,974.48
T000071,1985-05-31,996.47,870.4459,855.32556,881.7606,724.041,775.97
T000071,1985-06-30,753.9976,610.3977,819.0568,870.10944,708.50684,1257.2
T000071,1985-07-31,1221.3263,1323.8679,908.89954,859.82385,769.2259,1024.61
T000071,1985-08-31,982.3226,1003.88416,846.2644,845.6996,616.7985,844.15
T000071,1985-09-30,861.97363,869.9369,917.33875,870.591,638.6551,954.43
T000071,1985-10-31,967.1489,775.96173,916.42664,863.92804,1029.2087,830.11
T000071,1985-11-30,843.09326,724.05493,928.66956,908.5896,955.9514,1038.64
T000071,1985-12-31,1015.70734,1086.9796,958.03296,927.72437,819.3724,908.31
T000071,1986-01-31,902.9488,959.32635,925.9033,938.18274,922.8231,1291.28
T000071,1986-02-28,1189.597,1269.5345,979.33,935.1596,642.0729,870.21
T000071,1986-03-31,835.97833,802.15063,909.3932,965.31274,964.18713,459.17
T000071,1986-04-30,582.5825,505.33493,977.3117,966.12933,1103.3431,1293.29
T000072,1982-03-31,30304.688,31460.496,27091.506,29087.8,22542.33,4830.29
T000072,1982-04-30,9181.217,6729.7188,27399.9,29349.633,35701.465,31772.0
T000072,1982-05-31,32778.586,34224.56,27790.965,31594.678,25837.93,29637.3
T000072,1982-06-30,27063.215,25285.492,27981.402,32606.906,25528.525,26620.9
T000072,1982-07-31,26088.414,30640.908,27782.309,30541.102,26947.357,27196.9
T000072,1982-08-31,26023.191,27126.166,28083.086,30420.285,30518.277,31581.0
T000072,1982-09-30,30840.402,30005.863,27844.992,31360.809,25332.355,27195.4
T000072,1982-10-31,26577.639,25832.324,28348.498,30805.918,39625.22,31510.7
T000072,1982-11-30,29997.121,36877.25,28224.95,31779.799,31276.092,30500.7
T000072,1982-12-31,27608.191,35469.273,28236.416,32296.922,21968.43,31244.9
T000072,1983-01-31,29167.826,33955.168,28228.592,33093.89,23984.67,34218.5
T000072,1983-02-28,32302.047,33236.57,28709.059,32363.014,26770.068,27936.5
T000072,1983-03-31,26643.012,29245.842,27754.016,32646.102,22532.303,12270.6
T000072,1983-04-30,16185.7295,14730.183,29071.795,32845.98,31698.309,30589.3
T000073,1986-05-31,9225.7295,9539.088,20536.637,20920.795,28549.781,16291.9
T000073,1986-06-30,17434.95,18613.71,20028.807,21600.61,21191.035,18118.6
T000073,1986-07-31,17105.684,17701.76,19924.148,21105.465,19499.787,20661.9
T000073,1986-08-31,19855.938,22426.443,19907.32,21139.14,17661.074,20158.0
T000073,1986-09-30,19573.26,18306.494,20087.197,20908.646,17687.986,18029.1
T000073,1986-10-31,18411.059,14422.898,20003.281,21195.523,17851.812,17934.1
T000073,1986-11-30,17900.635,14211.068,19860.121,20890.498,25352.621,19090.8
T000073,1986-12-31,17888.453,18844.7,19206.504,20764.752,20632.025,16741.8
T000073,1987-01-31,15290.906,21588.064,18184.723,21171.93,17811.688,15891.6
T000073,1987-02-28,14611.181,21372.07,17507.447,22219.564,16015.243,20108.3
T000073,1987-03-31,18669.168,21539.918,17378.121,20817.613,15213.99,18639.8
T000073,1987-04-30,17595.465,18298.162,17432.654,20381.676,17684.332,8091.46
T000073,1987-05-31,10137.715,9943.095,17745.088,20340.617,21449.156,17893.1
T000073,1987-06-30,18553.02,20378.643,17671.418,19522.064,14693.101,17819.8
T000074,1988-01-31,184.35168,179.87991,180.45679,179.51903,190.86217,182.43
T000074,1988-02-29,185.73271,177.71071,184.71611,200.36423,199.51747,187.37
T000074,1988-03-31,187.75986,186.91446,185.27127,195.92049,207.48466,174.22
T000074,1988-04-30,173.91046,181.11392,186.35147,192.38046,206.58696,195.58
T000074,1988-05-31,189.5053,206.72276,186.5179,192.0971,195.29872,180.79
T000074,1988-06-30,173.45378,185.54048,184.17725,190.07013,191.43506,174.22
T000074,1988-07-31,171.18443,183.8587,184.70515,187.79729,197.02835,182.43
T000074,1988-08-31,179.18565,190.18927,183.5485,186.35985,192.73146,189.01
T000074,1988-09-30,187.65182,197.02911,184.2567,186.66882,173.81898,170.93
T000074,1988-10-31,170.48044,177.70093,183.52397,186.84409,177.14828,185.72
T000074,1988-11-30,183.08763,187.90149,182.52608,185.99931,151.56499,185.72
T000074,1988-12-31,183.68904,173.95929,183.64989,184.97491,151.36662,184.08
T000074,1989-01-31,186.72694,175.1705,182.39201,186.05849,159.41985,172.57
T000074,1989-02-28,175.88286,166.52386,183.06778,184.8588,165.259,187.37
T000075,1984-01-31,1654.6366,1658.3287,1488.1058,1595.1431,1437.9161,1517.03
T000075,1984-02-29,1518.307,1401.4498,1511.4884,1589.8126,1344.2344,1712.97
T000075,1984-03-31,1682.8691,1667.2788,1526.0186,1601.4705,1849.4609,1919.63
T000075,1984-04-30,1843.9559,2013.5117,1554.5525,1634.9453,1657.1692,1769.61
T000075,1984-05-31,1670.2721,1999.585,1549.7965,1651.8287,1438.9796,1765.02
T000075,1984-06-30,1683.9847,1934.5967,1618.6826,1663.8633,1618.8568,1867.58
T000075,1984-07-31,1792.6693,1886.4156,1614.0704,1677.7057,1564.2725,1685.42
T000075,1984-08-31,1618.9031,1733.1113,1643.0616,1719.1642,1591.0126,1059.32
T000075,1984-09-30,1180.657,1188.4646,1661.0839,1717.5973,1838.5427,1976.27
T000075,1984-10-31,1981.2825,2001.0471,1688.4219,1871.2834,1456.0924,1896.67
T000075,1984-11-30,1834.0616,1703.7443,1703.9398,1847.8745,1492.855,1911.98
T000075,1984-12-31,1897.0388,1949.4199,1748.5073,1789.3812,1625.1713,1985.45
T000075,1985-01-31,1954.0654,1886.9801,1768.3484,1824.6072,1541.4054,1986.98
T000075,1985-02-28,1993.6493,1827.2926,1805.949,1855.4614,1537.2231,2163.03
T000076,1983-09-30,6198.5024,7211.1704,6420.9175,7233.3647,5798.877,5581.18
T000076,1983-10-31,5401.565,6026.9917,6297.03,7184.667,6583.99,6571.68
T000076,1983-11-30,6364.666,6916.3345,6241.591,7057.531,6359.24,6325.19
T000076,1983-12-31,6063.1094,6553.106,6191.23,6781.454,6197.835,4129.35
T000076,1984-01-31,4468.221,4971.246,6088.594,7044.475,6936.7974,6492.53
T000076,1984-02-29,6558.3677,7192.7856,6183.921,6719.089,6406.5264,7096.33
T000076,1984-03-31,6706.07,6970.288,6120.4976,6774.1426,5804.7803,6058.34
T000076,1984-04-30,6005.527,6256.2236,6227.9043,6781.0835,6554.9175,6910.9
T000076,1984-05-31,6753.5195,6958.853,6277.9844,6746.4043,6699.3037,6696.06
T000076,1984-06-30,6542.2656,6518.73,6285.421,6758.6846,6340.571,6454.09
T000076,1984-07-31,6393.2134,6810.056,6314.3354,6698.38,7794.1064,7073.72
T000076,1984-08-31,6845.037,7693.7373,6397.924,6647.2603,7231.9614,7155.13
T000076,1984-09-30,6788.6777,7907.556,6349.809,6704.289,6184.3535,6564.9
T000076,1984-10-31,6363.476,7053.3467,6534.9395,6778.0,7189.8794,7195.83
T000077,1981-09-30,424.78928,754.3053,478.94385,643.862,361.9452,492.14
T000077,1981-10-31,411.39908,601.5298,513.7261,643.51965,433.15634,524.74
T000077,1981-11-30,472.4899,512.918,461.22137,599.0438,527.80817,178.54
T000077,1981-12-31,199.01083,206.43579,482.0531,590.6582,678.3021,77.62
T000077,1982-01-31,182.03836,273.27533,459.32422,591.4602,735.2509,400.54
T000077,1982-02-28,405.95773,480.67355,465.16348,583.78143,417.37186,667.57
T000077,1982-03-31,582.0331,639.57776,458.17938,581.0633,318.1554,589.95
T000077,1982-04-30,504.46896,584.3834,454.1171,581.8531,450.06174,506.11
T000077,1982-05-31,474.18683,509.78165,454.74265,562.94147,410.72253,307.39
T000077,1982-06-30,332.0617,318.32172,451.62653,574.1934,641.0454,353.97
T000077,1982-07-31,354.0218,456.29587,440.63055,552.4171,722.14294,473.51
T000077,1982-08-31,404.88916,596.1532,439.4086,544.57416,524.68945,450.22
T000077,1982-09-30,363.71072,676.955,406.0704,544.93744,383.51,602.36
T000077,1982-10-31,514.2114,742.00366,444.0053,551.1997,363.19882,589.95
T000078,1987-07-31,20247.297,22789.11,17464.672,18784.125,18528.135,18204.9
T000078,1987-08-31,16875.848,17190.934,17401.537,19346.973,17254.508,17967.6
T000078,1987-09-30,17592.969,18896.355,17814.22,19279.354,18958.07,19474.7
T000078,1987-10-31,19010.697,19022.197,17896.615,19366.115,18323.547,20066.1
T000078,1987-11-30,19807.291,18718.502,18114.322,19596.67,16065.421,21381.8
T000078,1987-12-31,20504.578,20569.96,18309.408,19227.898,21675.324,21815.3
T000078,1988-01-31,20620.635,23261.5,18265.635,19344.936,17429.898,17477.7
T000078,1988-02-29,16385.004,19884.047,18227.924,19266.271,15189.629,18142.7
T000078,1988-03-31,17718.494,19616.525,18405.754,19784.166,17147.635,21367.5
T000078,1988-04-30,20598.936,20934.521,18528.541,19752.615,16149.706,15880.6
T000078,1988-05-31,15782.315,16130.527,18312.996,19772.105,16406.803,9326.86
T000078,1988-06-30,11391.883,10657.605,18670.531,19562.82,19119.713,20823.0
T000078,1988-07-31,20760.035,20281.156,18495.008,20041.715,13490.584,19371.4
T000078,1988-08-31,18803.625,15872.75,18738.582,20426.77,15126.544,19203.9
T000079,1985-07-31,14287.693,15880.286,13107.576,15154.908,12777.694,13215.5
T000079,1985-08-31,12394.246,11577.938,13140.22,15362.789,11391.614,13140.5
T000079,1985-09-30,13017.678,14586.037,13358.078,14582.042,11840.395,14237.2
T000079,1985-10-31,13906.084,13736.645,13212.875,14643.701,10051.065,13806.0
T000079,1985-11-30,13729.886,11417.832,13528.699,14711.207,8089.426,13886.6
T000079,1985-12-31,13813.212,11496.909,13454.581,14454.668,15088.375,16313.1
T000079,1986-01-31,15711.9375,16018.15,13775.543,14457.615,11219.086,13935.3
T000079,1986-02-28,13106.006,15238.111,13391.218,14746.033,9660.471,13488.5
T000079,1986-03-31,13082.65,14859.75,13657.915,15257.149,11563.121,17886.6
T000079,1986-04-30,16632.492,17745.018,13642.135,14644.285,10783.567,12552.9
T000079,1986-05-31,11773.663,12667.559,13283.667,14731.46,11248.18,4146.68
T000079,1986-06-30,6073.5034,5836.282,13773.474,15073.454,15350.799,14253.4
T000079,1986-07-31,14628.871,14784.911,13386.369,15223.44,10565.498,13069.9
T000079,1986-08-31,12419.598,11095.451,13525.349,15342.468,10584.17,13427.7
T000080,1988-07-31,8031.556,9531.146,7283.965,8414.96,8024.449,7728.03
T000080,1988-08-31,7014.668,7489.2915,7198.0747,8403.826,7177.648,7433.67
T000080,1988-09-30,7145.3125,7892.8306,7428.836,8087.1895,8148.9204,7846.25
T000080,1988-10-31,7724.6357,7754.0723,7377.313,8106.237,7793.6895,7896.92
T000080,1988-11-30,7788.9907,7799.9424,7489.882,8188.889,6786.076,8652.11
T000080,1988-12-31,8240.562,8440.062,7492.339,7962.808,8819.189,8765.51
T000080,1989-01-31,8227.007,9361.8545,7512.266,8089.918,7320.4453,7187.57
T000080,1989-02-28,6647.7227,8501.572,7396.8135,8147.014,6185.2046,6890.8
T000080,1989-03-31,6691.167,7796.7637,7439.1113,8406.356,6993.5293,7848.66
T000080,1989-04-30,7533.806,8019.904,7397.9624,8142.7236,6645.9175,5631.35
T000080,1989-05-31,5576.688,5745.5034,7291.4473,8153.6387,6821.7036,3566.04
T000080,1989-06-30,4431.956,4291.0903,7337.6006,8288.753,7798.1465,8256.42
T000080,1989-07-31,8146.47,8319.467,7322.7246,8572.855,5448.262,7814.88
T000080,1989-08-31,7506.266,6616.889,7355.921,8695.519,5598.2256,8251.59
T000081,1983-11-30,160895.56,173249.9,154085.64,181282.28,137091.69,192572.0
T000081,1983-12-31,185425.53,189545.28,156821.17,181654.53,137092.62,165135.0
T000081,1984-01-31,163146.4,151402.31,156682.5,179965.88,136009.97,154056.0
T000081,1984-02-29,150809.19,148759.39,156352.69,176155.69,202234.0,177337.0
T000081,1984-03-31,166717.75,198261.56,156436.33,176072.95,163444.61,157377.0
T000081,1984-04-30,141918.98,197522.3,151165.77,173959.6,132953.08,166326.0
T000081,1984-05-31,154891.53,198881.11,156182.48,181008.58,137685.47,167754.0
T000081,1984-06-30,156127.25,177270.66,152132.03,174122.14,144930.83,134832.0
T000081,1984-07-31,128833.94,135846.3,156854.42,177103.72,148165.23,56067.3
T000081,1984-08-31,78636.03,64965.797,156048.22,173800.81,192301.39,161078.0
T000081,1984-09-30,165518.4,170879.28,157273.7,179267.72,137292.02,166453.0
T000081,1984-10-31,155715.86,147501.53,156546.81,181811.16,125399.73,165270.0
T000081,1984-11-30,160192.97,169585.67,155737.38,174539.55,144331.61,157343.0
T000081,1984-12-31,150567.78,154312.58,154084.61,173461.0,143982.48,148412.0
T000082,1988-01-31,2561.333,2513.4343,2408.9856,2401.2769,2573.2,2241.82
T000082,1988-02-29,2288.794,2282.9207,2416.6968,2488.671,2585.8088,2372.32
T000082,1988-03-31,2383.3662,2501.8215,2451.3862,2586.2407,2689.2104,2260.46
T000082,1988-04-30,2241.0383,2365.538,2429.4707,2552.4468,2663.0774,2381.64
T000082,1988-05-31,2304.652,2524.2249,2448.086,2533.5796,2492.517,2339.7
T000082,1988-06-30,2264.7397,2379.2095,2419.016,2493.3323,2529.1611,2237.16
T000082,1988-07-31,2232.2122,2295.1128,2428.667,2453.7383,2519.4556,2404.95
T000082,1988-08-31,2373.8545,2452.4114,2410.9387,2455.0413,2397.8735,2339.7
T000082,1988-09-30,2347.8271,2373.035,2399.532,2446.013,2329.8484,2875.68
T000082,1988-10-31,2792.0874,2894.0356,2444.523,2453.719,2107.2183,2675.27
T000082,1988-11-30,2622.4119,2611.1572,2409.6973,2467.904,2042.1907,2647.31
T000082,1988-12-31,2614.935,2636.6672,2469.5276,2481.7341,1988.5557,2684.59
T000082,1989-01-31,2661.7312,2529.007,2472.9336,2487.4766,2059.3496,2456.22
T000082,1989-02-28,2481.993,2364.374,2478.9617,2489.1672,2130.1384,2759.16
T000083,1986-03-31,20424.018,20108.055,21860.363,23004.266,21062.96,16028.1
T000083,1986-04-30,17102.21,16361.412,21657.744,23253.793,23352.46,21217.0
T000083,1986-05-31,21580.088,21901.16,21624.508,22645.584,21206.05,23263.5
T000083,1986-06-30,22522.281,22214.389,21612.307,22974.3,19991.402,22153.8
T000083,1986-07-31,21828.838,22216.496,21434.105,22853.947,20912.977,23960.3
T000083,1986-08-31,23415.057,24068.162,21713.658,22882.598,21946.861,23914.2
T000083,1986-09-30,23269.379,23559.176,21637.805,23028.307,20515.44,22776.7
T000083,1986-10-31,22356.344,23462.076,21749.096,23199.846,24033.098,24414.8
T000083,1986-11-30,23675.543,25966.156,22053.438,23117.625,22552.078,22714.4
T000083,1986-12-31,21760.297,24341.896,21785.12,23081.496,20426.328,22306.0
T000083,1987-01-31,21844.76,23838.512,22280.387,23223.184,21744.518,22933.6
T000083,1987-02-28,22599.955,23216.57,22161.807,23247.717,22022.182,21900.0
T000083,1987-03-31,21719.922,21825.416,22367.95,23252.14,21169.426,17783.9
T000083,1987-04-30,18897.82,18181.164,22496.998,23328.023,23956.71,23420.4
T000084,1985-01-31,7299.5835,7679.5444,7146.0454,7810.7314,7914.6445,7437.78
T000084,1985-02-28,7359.5063,6803.6704,7269.9336,7807.8154,7092.0024,7775.48
T000084,1985-03-31,7633.6157,8177.495,7239.205,7716.3384,10070.18,7627.22
T000084,1985-04-30,7328.6196,8509.664,7339.0654,7647.8906,8536.234,7899.03
T000084,1985-05-31,7267.203,9472.287,7184.2017,7710.213,7410.913,7569.56
T000084,1985-06-30,7125.5073,8380.953,7409.986,7949.0273,8347.3,8566.21
T000084,1985-07-31,8117.5034,9040.534,7392.0596,7912.2246,8514.644,9068.65
T000084,1985-08-31,8495.411,9647.788,7600.623,8028.3936,8041.279,3245.28
T000084,1985-09-30,3883.8203,4220.453,7483.0767,8113.056,9209.975,8665.05
T000084,1985-10-31,8679.167,9259.344,7759.6406,8347.358,7510.04,8920.39
T000084,1985-11-30,8285.812,8155.841,7616.9023,8442.147,7057.279,7684.88
T000084,1985-12-31,7559.1245,8265.124,7757.8086,8279.578,7373.3535,8039.06
T000084,1986-01-31,7836.6025,8347.09,7778.494,8194.463,7581.207,8039.06
T000084,1986-02-28,8035.3843,7680.0103,7745.9565,8293.758,6390.1587,8500.32
T000085,1983-01-31,1547.0774,1619.9135,1412.7024,1467.5526,1552.8679,1282.19
T000085,1983-02-28,1224.0189,1312.2312,1365.343,1471.459,1519.4586,1699.33
T000085,1983-03-31,1645.594,1917.0566,1425.6489,1471.8354,1555.2042,1581.8
T000085,1983-04-30,1531.2976,1651.7736,1419.2476,1456.0237,1591.6901,1499.2
T000085,1983-05-31,1443.657,1706.4764,1413.8756,1469.4503,1274.6254,1206.61
T000085,1983-06-30,1213.3875,1239.98,1465.4678,1468.2173,1628.0826,1400.17
T000085,1983-07-31,1396.1442,1401.5779,1427.561,1455.1488,1500.4269,1408.01
T000085,1983-08-31,1391.0676,1407.2461,1476.548,1496.0342,1563.7949,1333.31
T000085,1983-09-30,1362.3778,1454.6555,1416.9259,1450.3247,1580.4329,1546.53
T000085,1983-10-31,1512.3649,1526.5538,1497.8975,1477.6556,1499.1396,1584.16
T000085,1983-11-30,1523.1665,1532.9441,1435.7035,1475.0293,1446.5177,1845.71
T000085,1983-12-31,1814.921,1857.6951,1521.1694,1500.1348,1632.1963,1623.24
T000085,1984-01-31,1589.0038,1658.146,1495.3634,1497.9285,1493.5295,1626.19
T000085,1984-02-29,1595.8457,1606.9805,1550.8203,1588.4855,1449.421,1507.91
T000086,1985-09-30,66663.234,81475.24,50966.258,63484.285,27451.865,72509.3
T000086,1985-10-31,63650.285,73794.266,50218.707,63223.414,32840.617,57102.7
T000086,1985-11-30,54756.53,50611.684,52956.035,63099.816,45162.406,30299.0
T000086,1985-12-31,37085.727,22130.725,52868.875,64196.695,68706.92,40089.4
T000086,1986-01-31,44497.043,42642.582,53126.664,61757.008,75220.95,67045.1
T000086,1986-02-28,61954.848,75929.98,53306.45,64942.47,48384.113,74019.8
T000086,1986-03-31,64892.33,88837.5,52322.082,64514.89,31806.41,89406.1
T000086,1986-04-30,77350.23,96470.92,55155.18,64765.617,33966.42,61597.9
T000086,1986-05-31,58279.457,54088.01,55155.637,66783.54,49369.676,27650.5
T000086,1986-06-30,33948.79,27059.426,58663.863,67043.4,75828.664,17464.5
T000086,1986-07-31,27371.32,23763.254,56554.81,66149.05,77171.43,60020.9
T000086,1986-08-31,58275.965,69280.76,56394.773,66362.21,45846.438,94762.0
T000086,1986-09-30,84943.87,97631.14,59538.965,66875.17,34769.1,95169.2
T000086,1986-10-31,84919.82,95797.78,58127.3,66762.055,37345.555,70267.9
T000087,1984-03-31,2827.2534,2822.7197,2415.7517,2563.8728,2447.864,2749.8
T000087,1984-04-30,2691.9614,2801.0198,2426.3281,2580.4353,3258.136,3406.11
T000087,1984-05-31,3247.4482,3719.5396,2573.7896,2578.8328,2804.749,2876.94
T000087,1984-06-30,2669.2358,3275.1294,2510.3494,2596.3733,2466.143,2820.74
T000087,1984-07-31,2648.646,3177.4387,2640.558,2731.3809,2613.2715,2751.81
T000087,1984-08-31,2616.7969,2853.1157,2610.5308,2744.8247,2783.366,2531.29
T000087,1984-09-30,2484.8804,2664.626,2633.6648,2770.5676,2786.2964,1401.28
T000087,1984-10-31,1644.1858,1742.3176,2669.6658,2772.9595,3248.794,2471.65
T000087,1984-11-30,2510.2285,2752.5073,2616.4504,2803.7065,2610.18,2580.71
T000087,1984-12-31,2428.8938,2331.274,2680.4204,2858.8928,2339.7874,2870.72
T000087,1985-01-31,2804.8418,2861.9424,2641.4636,2789.0098,2613.7852,3014.02
T000087,1985-02-28,2943.995,2821.9583,2741.8772,2812.9336,2557.0273,2913.6
T000087,1985-03-31,2899.296,2675.8337,2693.1096,2959.134,2418.2566,2884.9
T000087,1985-04-30,2844.5444,2751.0996,2734.8267,2905.2175,3163.7368,3387.55
T000088,1985-09-30,15520.547,13319.399,14266.002,15817.955,12339.525,15999.0
T000088,1985-10-31,15691.567,14922.602,14145.717,15439.353,11288.022,14823.0
T000088,1985-11-30,14665.009,14693.137,14754.743,15204.892,13389.086,15291.0
T000088,1985-12-31,15357.537,14896.281,14085.7,15228.228,12268.6875,14970.0
T000088,1986-01-31,15169.114,14383.96,14978.282,15761.37,15614.801,18560.0
T000088,1986-02-28,18069.98,18177.27,14929.322,15670.369,15542.329,11934.0
T000088,1986-03-31,11541.334,12531.327,14916.58,15856.924,14980.89,16687.0
T000088,1986-04-30,15740.928,18913.166,14945.743,15747.616,13058.775,18141.0
T000088,1986-05-31,17183.242,17333.914,15243.212,16039.283,14242.419,6944.0
T000088,1986-06-30,7056.6836,7660.008,14378.342,16075.778,14769.321,7039.0
T000088,1986-07-31,8178.8506,8437.322,14498.799,16104.076,16796.305,11483.0
T000088,1986-08-31,12086.012,11981.956,13709.085,16236.425,13596.566,8463.0
T000088,1986-09-30,8594.846,8297.726,13846.14,16712.791,13257.857,10019.0
T000088,1986-10-31,9756.049,11906.148,12686.67,16200.4375,12422.2295,11365.0
T000089,1983-09-30,4666.1753,5337.366,3900.6846,3575.0925,2683.836,4519.0
T000089,1983-10-31,4358.5522,4389.488,3892.5334,3653.3848,3334.3835,4519.0
T000089,1983-11-30,4455.3467,4615.0986,3990.135,3867.8992,3057.8582,3987.0
T000089,1983-12-31,3938.2063,3751.2424,4126.4146,3972.0215,3708.6958,1846.0
T000089,1984-01-31,2318.5186,1931.1526,3969.2688,4077.094,4127.2715,3508.0
T000089,1984-02-29,3778.878,3367.4304,4274.416,4169.8623,3661.9604,4251.0
T000089,1984-03-31,4154.288,3372.148,4063.8384,4197.441,3755.3994,2917.0
T000089,1984-04-30,2982.666,2600.6306,4247.725,4230.933,4030.7993,2671.0
T000089,1984-05-31,2731.7656,2418.6023,3809.9897,4063.2607,3991.4575,3221.0
T000089,1984-06-30,3282.0386,2725.6128,3944.9954,4134.679,4021.1829,3136.0
T000089,1984-07-31,3001.9458,2936.451,3633.945,4078.0522,4634.8213,3149.0
T000089,1984-08-31,3008.3704,3576.2668,3595.555,4165.9253,4348.3457,3058.0
T000089,1984-09-30,2797.2395,3921.0444,3359.7449,4096.6606,3362.0864,2907.0
T000089,1984-10-31,2715.7668,3166.9248,3296.8738,4241.9316,3267.5315,3170.0
T000090,1988-05-31,91938.12,100046.38,111844.19,125923.016,125340.97,121847.0
T000090,1988-06-30,115294.55,136134.83,115742.3,127636.33,124625.38,117213.0
T000090,1988-07-31,109102.71,128988.12,111270.71,126090.25,130007.62,129501.0
T000090,1988-08-31,121674.07,149480.62,112255.99,126483.914,106572.375,91070.0
T000090,1988-09-30,90200.086,108439.164,114154.4,124683.055,128201.28,102079.0
T000090,1988-10-31,105275.555,108998.78,112239.11,119618.69,112890.93,94260.0
T000090,1988-11-30,95689.484,83817.87,116736.61,117574.63,123936.91,97153.0
T000090,1988-12-31,101405.62,94080.21,111344.97,110687.016,128213.94,115050.0
T000090,1989-01-31,114914.72,109743.516,117303.195,110028.234,115283.53,133264.0
T000090,1989-02-28,128774.05,131534.1,111217.445,110186.86,113924.1,115598.0
T000090,1989-03-31,112460.91,115873.65,114828.49,120739.945,126615.26,98100.0
T000090,1989-04-30,96813.72,106549.7,110090.9,120965.1,131250.6,129444.0
T000090,1989-05-31,124471.65,136895.06,113992.7,122932.75,124189.086,134163.0
T000090,1989-06-30,127289.79,143196.98,112857.69,122236.34,127520.234,142448.0
T000091,1988-05-31,8367.389,7893.447,9096.354,9313.45,9297.026,10727.0
T000091,1988-06-30,10334.73,11241.807,9686.051,9235.3545,9732.6,10251.0
T000091,1988-07-31,9685.181,10606.298,9331.5625,9280.953,10320.098,11536.0
T000091,1988-08-31,10985.008,12785.506,9556.17,9481.45,8652.103,7538.0
T000091,1988-09-30,7557.9927,8630.505,9730.838,9487.958,10840.124,8429.0
T000091,1988-10-31,8784.255,8698.655,9624.254,9450.325,9348.785,7924.0
T000091,1988-11-30,8114.769,6571.522,10021.837,9479.412,10175.322,7415.0
T000091,1988-12-31,7823.3594,6949.3574,9468.544,9397.954,10498.191,8652.0
T000091,1989-01-31,8774.664,8152.784,9917.701,9353.622,9075.011,9655.0
T000091,1989-02-28,9443.785,9297.248,9042.234,9285.104,8667.456,8357.0
T000091,1989-03-31,8368.363,7800.132,9550.776,9430.244,9933.055,6421.0
T000091,1989-04-30,6531.2246,6434.86,8695.083,9525.375,10451.512,8425.0
T000091,1989-05-31,8238.872,8813.279,8943.32,9385.774,9668.544,8818.0
T000091,1989-06-30,8420.073,9548.847,8507.866,9534.816,9528.65,9431.0
T000092,1982-01-31,1286.812,1219.4446,1161.0209,1257.7507,859.0138,1299.0
T000092,1982-02-28,1267.523,1254.2312,1158.9124,1290.6279,1181.6046,1566.0
T000092,1982-03-31,1513.867,1584.147,1208.0741,1269.3402,1232.9229,1311.0
T000092,1982-04-30,1240.0532,1334.7594,1197.133,1310.1342,976.3943,1252.0
T000092,1982-05-31,1222.882,1340.4335,1243.5223,1334.7557,1186.7863,1578.0
T000092,1982-06-30,1503.1245,1587.627,1255.6135,1326.326,1096.7278,1355.0
T000092,1982-07-31,1285.9691,1302.0125,1244.0851,1344.2638,899.53894,1327.0
T000092,1982-08-31,1369.5881,1360.2365,1331.3923,1337.4802,1165.2074,1217.0
T000092,1982-09-30,1286.0758,1125.5527,1294.1974,1374.7385,1146.3846,1488.0
T000092,1982-10-31,1477.0938,1382.9491,1353.6761,1388.3383,976.5099,1418.0
T000092,1982-11-30,1444.7301,1336.7476,1367.6096,1370.2428,1302.9006,1755.0
T000092,1982-12-31,1746.4414,1641.7927,1415.9598,1417.2378,1046.8883,1645.0
T000092,1983-01-31,1609.9464,1480.839,1433.077,1440.3208,1132.7661,1677.0
T000092,1983-02-28,1656.2732,1571.3386,1481.6343,1411.6594,1439.8463,1931.0
T000093,1981-11-30,549.15015,512.2971,607.0615,612.4306,581.438,571.8
T000093,1981-12-31,576.52106,535.30963,611.1638,622.91534,565.17065,531.8
T000093,1982-01-31,538.1726,519.68427,598.57965,609.30786,590.5492,642.2
T000093,1982-02-28,636.9777,629.489,607.26056,609.16223,564.43726,542.9
T000093,1982-03-31,538.1881,515.0157,594.92535,610.89374,584.48315,649.4
T000093,1982-04-30,641.67456,641.05145,604.56476,614.51013,582.8708,709.7
T000093,1982-05-31,695.96704,670.5,609.15155,635.95605,601.23035,680.6
T000093,1982-06-30,664.9102,664.0684,610.1666,640.5864,577.1142,688.3
T000093,1982-07-31,671.8742,696.0732,620.2848,649.33453,591.6171,679.8
T000093,1982-08-31,663.9818,691.5893,615.58026,648.97754,580.50604,671.5
T000093,1982-09-30,658.02026,684.43243,626.6527,649.49744,562.47003,724.1
T000093,1982-10-31,720.541,731.5283,639.1596,664.3337,614.64056,717.7
T000093,1982-11-30,713.6098,695.7206,649.91113,681.1454,573.4274,672.8
T000093,1982-12-31,675.4719,656.49066,663.3947,678.2087,606.4702,540.2
T000094,1982-01-31,645.6258,645.4153,513.8114,542.2947,331.93558,518.0
T000094,1982-02-28,496.01688,486.301,498.24127,549.71185,550.581,680.0
T000094,1982-03-31,659.5416,745.0495,527.6068,552.25146,552.872,574.0
T000094,1982-04-30,533.2477,570.96027,522.6048,574.20685,464.97382,505.0
T000094,1982-05-31,486.29974,579.52466,528.2984,583.9791,555.26324,572.0
T000094,1982-06-30,529.40265,619.4529,533.76935,590.85565,548.03973,502.0
T000094,1982-07-31,462.80673,539.74835,501.12842,549.7851,354.6261,512.0
T000094,1982-08-31,522.4353,544.53174,552.99554,547.2939,538.9464,576.0
T000094,1982-09-30,594.0105,546.2053,524.57837,556.0496,499.7708,561.0
T000094,1982-10-31,559.05914,518.05994,562.7997,569.1749,474.42853,552.0
T000094,1982-11-30,568.1669,554.0535,547.4031,584.2463,556.19653,691.0
T000094,1982-12-31,695.03687,629.8807,586.4356,609.8056,515.74335,801.0
T000094,1983-01-31,759.00323,738.2988,587.5154,598.5713,443.81296,623.0
T000094,1983-02-28,603.05707,557.6014,592.83527,594.96643,645.0735,759.0
T000095,1982-01-31,2146.396,2081.2505,2048.6377,2090.3936,1474.8302,2189.0
T000095,1982-02-28,2135.6716,2064.9392,1980.1953,2088.5854,1999.4055,2724.0
T000095,1982-03-31,2638.2036,2669.8042,2108.4653,2129.6216,2162.535,2095.0
T000095,1982-04-30,1987.1849,2114.2212,2038.4174,2255.3044,1852.801,2392.0
T000095,1982-05-31,2312.2324,2589.5454,2148.3694,2311.4324,2051.8064,2762.0
T000095,1982-06-30,2612.6626,2794.7234,2136.9927,2292.4746,1878.7092,2141.0
T000095,1982-07-31,2037.3687,2088.2334,2119.6511,2286.9314,1716.9567,2151.0
T000095,1982-08-31,2222.099,2276.5344,2251.0251,2279.083,2149.0085,2128.0
T000095,1982-09-30,2234.787,1971.0352,2185.0642,2337.8015,1961.554,2462.0
T000095,1982-10-31,2457.2112,2276.4204,2313.335,2359.8967,1690.1935,2257.0
T000095,1982-11-30,2306.0242,2160.4282,2295.3982,2284.2869,2242.2832,2747.0
T000095,1982-12-31,2738.7004,2567.6616,2366.0913,2329.8674,1694.1287,2591.0
T000095,1983-01-31,2568.428,2298.7944,2386.3433,2347.4907,2033.3169,2816.0
T000095,1983-02-28,2797.1511,2583.8135,2462.0198,2332.2388,2496.9504,3013.0
T000096,1982-01-31,137.78323,132.5173,137.34494,153.61815,113.47812,119.0
T000096,1982-02-28,112.71949,129.6089,127.36307,155.16618,138.77634,132.0
T000096,1982-03-31,126.50631,143.28639,133.27737,153.26353,152.83142,125.0
T000096,1982-04-30,114.92993,120.35599,125.31617,148.5854,88.174164,104.0
T000096,1982-05-31,104.43286,118.99332,127.26949,156.20534,149.96733,159.0
T000096,1982-06-30,154.42143,179.14133,126.87238,148.60844,107.84478,195.0
T000096,1982-07-31,180.47647,185.33145,131.65648,151.34624,67.16495,134.0
T000096,1982-08-31,138.09322,128.50974,135.86183,150.00627,129.10355,98.0
T000096,1982-09-30,109.784935,87.01312,138.0221,147.96428,138.95224,102.0
T000096,1982-10-31,103.7453,93.00418,130.33876,146.14032,103.94909,179.0
T000096,1982-11-30,176.8269,179.02345,140.66586,147.02544,136.7958,171.0
T000096,1982-12-31,167.96088,156.34253,138.80692,148.16142,126.22178,120.0
T000096,1983-01-31,114.25438,141.21516,134.57695,146.31468,128.64977,182.0
T000096,1983-02-28,173.63501,187.99866,146.67497,146.3984,143.07384,179.0
T000097,1985-03-31,542.6889,482.37643,754.60046,935.7827,854.6136,561.0
T000097,1985-04-30,540.0604,591.6223,688.3419,939.7101,825.9398,540.0
T000097,1985-05-31,513.4902,655.00165,643.6056,838.078,754.3636,523.0
T000097,1985-06-30,504.43146,664.35736,595.4979,808.7078,719.9909,560.0
T000097,1985-07-31,547.9923,670.1431,579.2688,785.3505,742.7801,604.0
T000097,1985-08-31,582.60223,696.4661,568.11975,748.92944,713.65735,580.0
T000097,1985-09-30,559.9896,695.10657,558.8843,717.74725,699.6107,573.0
T000097,1985-10-31,560.04395,689.6908,560.84155,673.7418,675.8704,575.0
T000097,1985-11-30,559.68365,615.7519,557.9493,638.2273,700.85065,569.0
T000097,1985-12-31,564.9391,596.47534,558.5904,608.982,814.0233,588.0
T000097,1986-01-31,588.9426,661.81744,565.6917,589.15735,901.7194,602.0
T000097,1986-02-28,583.94543,729.69324,567.31964,579.96295,881.1094,684.0
T000097,1986-03-31,635.18286,826.4723,582.7639,582.58154,891.7281,818.0
T000097,1986-04-30,738.469,913.60986,601.96674,594.0784,900.3142,836.0
T000098,1985-11-30,559.68365,615.7519,557.9493,638.2273,700.85065,569.0
T000098,1985-12-31,564.9391,596.47534,558.5904,608.982,814.0233,588.0
T000098,1986-01-31,588.9426,661.81744,565.6917,589.15735,901.7194,602.0
T000098,1986-02-28,583.94543,729.69324,567.31964,579.96295,881.1094,684.0
T000098,1986-03-31,635.18286,826.4723,582.7639,582.58154,891.7281,818.0
T000098,1986-04-30,738.469,913.60986,601.96674,594.0784,900.3142,836.0
T000098,1986-05-31,755.6191,914.4133,623.6503,608.38824,947.77,878.0
T000098,1986-06-30,813.56714,979.3396,660.85455,620.60077,988.9962,922.0
T000098,1986-07-31,868.1956,1032.0961,691.1386,630.3202,1001.70483,862.0
T000098,1986-08-31,814.73975,987.70044,714.02466,638.16925,972.23987,845.0
T000098,1986-09-30,807.86926,968.2315,742.2946,647.2028,928.61255,785.0
T000098,1986-10-31,769.06134,858.9298,750.4614,667.5378,871.8829,781.0
T000098,1986-11-30,776.5031,816.60425,771.0853,676.7372,821.9146,767.0
T000098,1986-12-31,774.4682,758.2119,781.30896,770.96045,834.54443,804.0
T000099,1986-07-31,460.94513,511.09708,469.32825,546.84656,525.9169,451.0
T000099,1986-08-31,444.405,506.2943,463.78745,541.1279,526.5739,428.0
T000099,1986-09-30,417.27652,505.1783,456.52542,523.70496,515.3707,418.0
T000099,1986-10-31,406.29065,491.71677,447.28333,510.14536,543.44806,407.0
T000099,1986-11-30,400.77087,466.58597,448.3959,488.37723,568.71204,411.0
T000099,1986-12-31,405.9624,452.60385,444.88916,476.98935,593.96857,419.0
T000099,1987-01-31,408.2232,469.03137,446.47946,462.88913,639.5196,427.0
T000099,1987-02-28,411.15814,490.51996,441.7111,451.45978,633.86975,442.0
T000099,1987-03-31,414.7082,506.4716,442.12097,451.44495,629.93677,434.0
T000099,1987-04-30,397.92557,496.51242,435.64114,447.6679,625.7457,424.0
T000099,1987-05-31,390.22028,497.91666,431.5338,443.29388,636.7987,413.0
T000099,1987-06-30,385.78616,494.94125,428.1996,444.31393,628.2667,423.0
T000099,1987-07-31,394.24048,507.6854,425.15436,443.911,599.8002,427.0
T000099,1987-08-31,393.5404,517.0508,423.2312,446.7601,572.0532,434.0
T000100,1982-11-30,14.109977,14.211514,14.584025,14.815874,14.652604,13.07
T000100,1982-12-31,13.079576,13.319792,14.353179,14.974803,14.95686,14.05
T000100,1983-01-31,13.974217,14.658412,14.407771,14.648243,14.300748,14.17
T000100,1983-02-28,14.171034,14.162112,14.273869,14.581118,14.326172,14.31
T000100,1983-03-31,14.339217,14.366125,14.416416,14.556803,14.408178,14.66
T000100,1983-04-30,14.565201,14.538058,14.353516,14.535309,14.543641,14.46
T000100,1983-05-31,14.426296,14.219149,14.419033,14.544688,14.230836,14.82
T000100,1983-06-30,14.7527685,14.747595,14.410997,14.516633,14.502243,15.15
T000100,1983-07-31,15.0018215,15.024905,14.413687,14.520412,14.465321,15.41
T000100,1983-08-31,15.147813,15.655755,14.44511,14.678191,14.220638,15.12
T000100,1983-09-30,14.905235,15.378292,14.4947815,14.864057,14.573746,15.19
T000100,1983-10-31,15.073501,15.6777,14.586475,14.836967,14.432705,14.44
T000100,1983-11-30,14.360356,14.82156,14.605708,14.84449,14.594736,15.03
T000100,1983-12-31,14.989353,15.07845,14.78026,14.884379,14.267594,15.22
T000101,1981-06-30,13692.633,17438.066,11239.663,11738.789,15231.414,15414.0
T000101,1981-07-31,13622.885,17660.797,11625.914,12194.672,16597.928,12970.0
T000101,1981-08-31,11639.292,15885.075,11532.093,14349.741,15818.27,8833.0
T000101,1981-09-30,8370.19,13157.098,11743.167,14190.818,17423.885,15611.0
T000101,1981-10-31,14479.925,19153.016,12091.283,14123.763,11855.176,14041.0
T000101,1981-11-30,12955.169,14047.512,12178.094,14270.714,11053.719,10111.0
T000101,1981-12-31,10103.09,10337.652,12564.15,11807.045,11604.283,9821.0
T000101,1982-01-31,10723.733,8059.55,12566.251,11354.856,13148.767,11237.0
T000101,1982-02-28,12262.265,8891.905,12861.2,11735.292,12295.267,13387.0
T000101,1982-03-31,14207.297,11398.416,13199.877,11958.426,15554.457,17355.0
T000101,1982-04-30,16848.943,16366.932,13403.261,12721.263,13112.783,16650.0
T000101,1982-05-31,15363.013,16078.095,13455.889,14493.964,11875.401,16786.0
T000101,1982-06-30,15579.775,16504.4,13732.006,14774.896,12680.948,16349.0
T000101,1982-07-31,15296.533,16157.649,13903.9,15102.01,14289.445,11800.0
T000102,1981-06-30,560.32605,636.2875,434.10675,494.22058,546.08856,514.0
T000102,1981-07-31,468.7576,599.0432,444.93732,516.4769,534.58276,487.0
T000102,1981-08-31,460.4883,547.4354,463.35892,527.09955,484.39386,338.0
T000102,1981-09-30,359.32037,383.74115,455.6551,527.0049,599.2333,368.0
T000102,1981-10-31,365.05396,450.1998,454.71152,476.7292,464.2718,344.0
T000102,1981-11-30,321.5449,379.91895,421.8026,480.354,376.8276,448.0
T000102,1981-12-31,447.8353,475.06958,450.41586,472.22137,398.56363,530.0
T000102,1982-01-31,530.39386,475.2596,447.85703,481.25504,453.74393,411.0
T000102,1982-02-28,425.37088,381.9568,459.5848,490.3615,491.63608,428.0
T000102,1982-03-31,454.3369,409.4937,473.69098,473.85944,563.9459,604.0
T000102,1982-04-30,581.3119,528.4701,479.05167,488.50458,489.19757,819.0
T000102,1982-05-31,757.8479,812.31604,497.41138,516.43384,488.1155,594.0
T000102,1982-06-30,533.626,620.2185,483.12955,542.44604,536.74335,476.0
T000102,1982-07-31,448.27634,557.2228,506.03293,540.5901,486.1142,379.0
T000103,1981-11-30,6884.0776,8209.325,7022.9287,7925.7783,9288.368,8305.0
T000103,1981-12-31,7705.5503,9319.643,7252.5337,7963.205,10106.04,7642.0
T000103,1982-01-31,6988.239,8869.228,7081.211,8053.9116,9439.627,6154.0
T000103,1982-02-28,5741.6445,8314.611,7065.773,8105.2305,9530.157,8350.0
T000103,1982-03-31,7730.2134,10048.184,7207.6704,7977.9424,7821.984,9841.0
T000103,1982-04-30,8889.277,10459.945,7194.3906,8001.5444,6707.4585,8356.0
T000103,1982-05-31,7929.592,8731.261,7498.1953,8009.8203,7250.0835,7436.0
T000103,1982-06-30,7573.361,7792.9004,7647.535,7976.8926,8156.319,7757.0
T000103,1982-07-31,8081.752,7478.1895,7905.1724,8233.638,7059.5845,8816.0
T000103,1982-08-31,9031.422,8152.627,8039.993,8205.624,7996.4033,12353.0
T000103,1982-09-30,12019.595,11650.598,8562.324,8284.114,7527.4844,11363.0
T000103,1982-10-31,10832.336,11132.033,8483.256,8448.309,7166.953,11364.0
T000103,1982-11-30,10967.585,11346.4375,9187.906,8579.558,8130.4663,12537.0
T000103,1982-12-31,12224.084,11861.183,9471.381,9290.413,9226.079,9280.0
T000104,1984-03-31,271.63797,301.70413,302.84207,332.8275,356.80594,327.8
T000104,1984-04-30,325.06876,363.0223,308.0043,337.9112,393.05405,411.2
T000104,1984-05-31,381.17224,443.94586,310.94867,334.9221,303.47812,308.5
T000104,1984-06-30,292.75638,335.55856,310.92093,327.94687,333.01007,340.5
T000104,1984-07-31,334.82812,373.04446,324.76233,328.22394,367.63312,407.2
T000104,1984-08-31,387.80554,400.32935,325.61832,334.08096,332.77847,291.7
T000104,1984-09-30,292.86353,296.03683,323.46423,330.21918,401.8441,254.9
T000104,1984-10-31,273.92093,312.3716,334.20013,326.91876,439.43906,408.7
T000104,1984-11-30,388.34494,438.53476,328.20004,333.38623,313.67224,354.1
T000104,1984-12-31,339.6033,348.91556,337.87128,342.86304,360.72894,433.2
T000104,1985-01-31,416.69586,459.3659,351.34207,345.48987,394.3199,345.0
T000104,1985-02-28,333.21185,338.27228,345.0349,352.26083,349.65424,341.3
T000104,1985-03-31,346.5485,349.29422,357.5312,350.31317,375.1759,352.3
T000104,1985-04-30,352.5316,343.1131,356.3779,357.45596,429.6126,439.4
T000105,1984-03-31,200.60799,220.75815,224.33347,247.6069,263.5757,239.2
T000105,1984-04-30,238.23622,263.89746,227.84088,246.65752,287.9134,297.2
T000105,1984-05-31,275.83804,319.47955,229.61552,243.1636,224.80872,227.7
T000105,1984-06-30,216.48248,247.28346,228.87247,241.89601,242.48222,249.5
T000105,1984-07-31,245.26186,273.48392,238.68912,242.55267,268.95972,294.0
T000105,1984-08-31,279.48605,292.55264,238.05096,245.11703,239.86232,223.3
T000105,1984-09-30,223.10509,227.12836,238.20929,242.96692,286.77206,187.3
T000105,1984-10-31,200.76137,226.65608,245.14453,240.83476,323.10153,294.1
T000105,1984-11-30,280.2389,314.7887,241.24638,245.37892,232.14044,261.8
T000105,1984-12-31,251.2587,257.85577,247.87657,249.03827,266.5541,316.7
T000105,1985-01-31,305.01227,335.42535,257.36758,253.04955,288.39044,253.8
T000105,1985-02-28,245.16916,249.28899,253.00214,257.64532,256.24823,256.6
T000105,1985-03-31,260.04965,262.64517,262.4596,261.26312,270.5571,259.5
T000105,1985-04-30,259.81815,252.74986,261.5581,261.81027,310.4122,322.5
T000106,1984-03-31,25.035227,26.578325,26.421959,29.92662,29.933176,27.2
T000106,1984-04-30,27.433022,29.312212,27.207195,29.794239,36.2131,32.7
T000106,1984-05-31,30.26885,34.405033,27.09973,29.95428,27.503296,25.3
T000106,1984-06-30,23.082748,29.294434,26.103117,29.24608,27.421862,26.1
T000106,1984-07-31,25.055326,31.972864,27.14556,29.63558,30.591366,32.5
T000106,1984-08-31,30.959713,34.026325,26.606068,28.370892,26.929565,26.0
T000106,1984-09-30,25.33897,27.04317,27.266317,28.423698,31.052721,11.9
T000106,1984-10-31,14.5754,16.176678,27.153381,28.777624,38.106617,27.0
T000106,1984-11-30,26.279366,30.02474,26.738554,28.714651,24.701942,28.1
T000106,1984-12-31,26.3003,26.414225,26.898106,29.105494,26.388058,34.7
T000106,1985-01-31,33.24948,35.60471,27.775278,28.861883,29.499128,29.2
T000106,1985-02-28,27.694,28.873703,27.04773,28.926489,27.215572,26.2
T000106,1985-03-31,26.280296,27.377506,27.669928,29.071583,28.818983,24.8
T000106,1985-04-30,25.22748,25.744583,27.284235,28.95765,36.116966,31.0
T000107,1984-03-31,57.601868,68.842674,70.00666,83.71765,93.0552,74.7
T000107,1984-04-30,72.47505,88.29304,69.90145,82.4485,98.474045,93.1
T000107,1984-05-31,84.067215,105.87264,70.23666,79.63116,74.094086,70.3
T000107,1984-06-30,65.672035,82.61321,70.038635,79.98134,81.16658,81.7
T000107,1984-07-31,78.281075,92.39987,73.45514,79.23992,87.15128,95.7
T000107,1984-08-31,88.49893,97.09567,73.34487,80.40515,74.0694,71.7
T000107,1984-09-30,70.64192,74.919876,73.93864,76.89659,94.54095,58.8
T000107,1984-10-31,63.266743,73.58562,76.6775,75.84555,105.562416,92.1
T000107,1984-11-30,87.68825,100.0651,75.40699,77.810776,76.499115,77.0
T000107,1984-12-31,74.03957,76.44129,77.317474,78.41429,91.117714,97.2
T000107,1985-01-31,93.336975,106.294266,80.25449,79.29332,96.2374,80.3
T000107,1985-02-28,76.561165,81.46661,78.79855,81.370026,83.05585,79.3
T000107,1985-03-31,80.23534,82.422935,82.16709,80.35165,90.5544,82.2
T000107,1985-04-30,81.328995,80.55484,82.15978,80.95283,103.432396,104.2
T000108,1903-08-31,3089.5256,2397.9087,3564.7327,3309.6387,3751.1997,4119.75
T000108,1903-09-30,4116.4043,3477.0693,3645.8525,3332.0867,3612.4595,4525.49
T000108,1903-10-31,4344.3184,4055.0205,3620.3435,3575.384,3981.1538,4829.6
T000108,1903-11-30,4522.9785,4638.0586,3673.2866,3677.4917,3706.112,4741.39
T000108,1903-12-31,4387.2847,4955.504,3665.3118,4463.0674,4032.5767,4208.4
T000108,1904-01-31,3849.1956,4838.95,3682.0981,4438.7114,3912.2852,4629.25
T000108,1904-02-29,4200.8496,5380.1772,3748.7246,4459.343,3267.2327,3607.25
T000108,1904-03-31,3313.1758,4328.4507,3691.7195,4468.1523,3331.9912,3069.89
T000108,1904-04-30,3010.9224,3637.736,3771.235,4498.763,3286.772,2919.96
T000108,1904-05-31,3044.252,3031.2825,3730.5808,3958.6064,3717.813,3142.77
T000108,1904-06-30,3256.9834,3086.6016,3795.8345,3534.5999,3451.2769,3243.69
T000108,1904-07-31,3423.9126,2859.71,3853.7854,3538.4404,3919.4575,2986.97
T000108,1904-08-31,3230.1636,2584.2666,3787.0042,3483.2766,4067.5073,3754.35
T000108,1904-09-30,3811.3296,3156.772,3848.8042,3537.3323,3963.3901,4523.72
T000109,1904-08-31,116992.5,123578.55,123133.9,136024.38,87883.84,113300.0
T000109,1904-09-30,110631.875,98342.9,122613.99,132300.86,102068.695,91600.0
T000109,1904-10-31,91918.9,90140.125,116581.57,132451.48,83132.21,167900.0
T000109,1904-11-30,167472.88,159035.25,125813.65,132090.02,103853.59,168100.0
T000109,1904-12-31,161841.53,158785.66,122573.16,133931.81,84546.11,151900.0
T000109,1905-01-31,146364.47,152117.16,128078.74,139807.62,93792.58,153800.0
T000109,1905-02-28,150948.05,151995.5,131788.02,139829.1,99150.945,210500.0
T000109,1905-03-31,204092.34,185402.17,138117.73,145429.42,100430.41,197100.0
T000109,1905-04-30,195152.67,185905.28,142356.3,145015.31,129986.52,104800.0
T000109,1905-05-31,111514.91,117928.84,146178.56,143024.02,157063.4,101300.0
T000109,1905-06-30,104539.02,101494.734,145211.75,135334.73,121208.85,123500.0
T000109,1905-07-31,124073.57,121478.766,142261.84,137389.78,162815.89,123300.0
T000109,1905-08-31,127059.41,129125.64,146090.67,138835.4,157709.28,89000.0
T000109,1905-09-30,92498.6,91897.34,137692.8,136339.06,156385.77,98700.0
T000110,1986-08-31,454656.25,504343.84,443118.12,397583.0,516507.94,442214.0
T000110,1986-09-30,439544.5,456453.25,443261.66,456105.06,546760.56,406780.0
T000110,1986-10-31,409216.8,433259.62,447331.12,461251.06,507232.7,395422.0
T000110,1986-11-30,403151.66,441599.66,451595.1,454323.94,519207.94,467218.0
T000110,1986-12-31,461792.38,478210.2,450681.7,450679.78,458386.56,458362.0
T000110,1987-01-31,445920.75,451601.34,458489.78,461089.6,449873.06,456706.0
T000110,1987-02-28,460655.16,454510.5,457246.12,471219.2,465367.03,451994.0
T000110,1987-03-31,461758.84,419143.3,467979.66,485347.78,446868.2,447979.0
T000110,1987-04-30,448965.44,413663.16,457508.03,471777.97,434607.75,477198.0
T000110,1987-05-31,469146.94,456908.9,461157.34,471438.22,447985.22,535792.0
T000110,1987-06-30,517391.2,538716.8,457378.44,471658.62,386270.88,431935.0
T000110,1987-07-31,424823.9,444501.5,451636.44,477621.12,376140.75,448411.0
T000110,1987-08-31,449540.8,452208.7,457884.16,477808.2,381922.78,481161.0
T000110,1987-09-30,477321.16,447664.25,456910.72,471217.25,394797.9,447142.0
T000111,1987-09-30,610.10706,821.1988,530.3463,636.8414,554.8141,649.37
T000111,1987-10-31,569.0744,756.39136,536.9625,622.9363,593.96655,641.29
T000111,1987-11-30,614.8016,696.1528,557.3896,621.95605,609.4897,854.48
T000111,1987-12-31,841.8178,855.2909,606.2662,665.232,661.0223,973.63
T000111,1988-01-31,938.47473,970.3401,641.9872,685.0995,697.61633,1018.74
T000111,1988-02-29,964.742,1048.1172,689.48206,682.2054,608.3303,1037.04
T000111,1988-03-31,984.25793,1039.6707,731.8433,686.6976,582.7144,1096.19
T000111,1988-04-30,1068.3119,1018.5139,780.0253,759.0163,648.4811,1065.12
T000111,1988-05-31,1047.6882,962.0604,816.0381,767.45416,768.7266,731.93
T000111,1988-06-30,766.33984,736.0663,836.76935,762.87244,893.6142,748.1
T000111,1988-07-31,787.1782,846.2903,858.4622,753.68176,854.46326,843.42
T000111,1988-08-31,845.0245,857.1078,862.43945,817.152,791.6174,916.61
T000111,1988-09-30,892.21844,876.56854,887.61383,854.20056,782.6338,982.99
T000111,1988-10-31,973.75085,881.4763,910.53357,852.93494,863.2529,888.52
T000112,1986-05-31,22458.137,21291.54,21377.35,21235.674,21894.426,23844.0
T000112,1986-06-30,23948.805,24260.736,21985.027,21421.148,20989.43,23179.0
T000112,1986-07-31,22890.84,22613.559,21819.336,22047.1,19009.266,22984.0
T000112,1986-08-31,22835.695,22224.002,22480.041,21904.93,19833.057,25967.0
T000112,1986-09-30,25842.773,24544.012,22778.729,23225.604,21211.25,22151.0
T000112,1986-10-31,22327.191,20830.668,22739.592,23627.91,20802.43,19910.0
T000112,1986-11-30,20807.898,19647.287,23165.56,23114.887,23194.287,24898.0
T000112,1986-12-31,24757.922,23740.67,23229.748,23454.055,22156.518,25485.0
T000112,1987-01-31,24859.46,23887.61,23347.215,23693.834,21111.875,24694.0
T000112,1987-02-28,24540.334,24958.064,23552.57,23380.678,22647.594,23950.0
T000112,1987-03-31,23896.363,23401.256,23587.59,23723.324,22287.049,23142.0
T000112,1987-04-30,23067.705,21404.742,23734.78,24073.887,20959.316,22535.0
T000112,1987-05-31,22835.896,21813.31,23599.51,23835.621,24707.262,24106.0
T000112,1987-06-30,24083.275,24567.738,23749.945,23778.15,21495.955,22150.0
T000113,1986-05-31,28331.686,26330.172,26726.773,26568.271,26492.412,29970.0
T000113,1986-06-30,30143.348,29958.05,27522.416,27004.889,24694.002,29001.0
T000113,1986-07-31,28677.61,27966.02,27317.848,27515.352,22790.752,29154.0
T000113,1986-08-31,28956.47,28124.102,28154.656,27246.957,24501.83,32629.0
T000113,1986-09-30,32495.818,30651.68,28540.434,29395.75,25988.324,28187.0
T000113,1986-10-31,28363.324,26369.729,28543.273,29868.969,25476.578,25123.0
T000113,1986-11-30,26257.535,24485.07,29175.646,29259.918,28490.79,31727.0
T000113,1986-12-31,31594.334,29996.506,29287.848,29936.283,27142.025,32693.0
T000113,1987-01-31,31949.258,30243.93,29540.473,30003.26,25833.543,31813.0
T000113,1987-02-28,31633.36,31736.775,29843.36,29488.732,28170.236,32370.0
T000113,1987-03-31,32156.678,31314.166,30107.129,30057.197,27813.945,32879.0
T000113,1987-04-30,32546.166,30388.55,30541.162,30665.92,26067.637,33301.0
T000113,1987-05-31,33356.863,31967.625,30841.594,31034.352,30949.635,36083.0
T000113,1987-06-30,35675.43,36142.895,31470.783,31840.643,27356.385,34183.0
T000114,1986-05-31,8824.199,8012.9053,7926.397,7700.1445,6925.143,10006.0
T000114,1986-06-30,10002.055,9727.845,8294.28,7684.8936,6565.1353,9057.0
T000114,1986-07-31,8978.529,8509.489,8261.203,7903.777,6589.0693,9027.0
T000114,1986-08-31,9013.021,8613.772,8669.099,7945.5996,7131.311,10954.0
T000114,1986-09-30,10888.158,9945.746,8878.659,9257.221,7823.7285,8898.0
T000114,1986-10-31,9028.134,7862.2993,8919.2,9511.086,7803.2373,8419.0
T000114,1986-11-30,8772.426,8022.422,9258.785,9145.461,8774.864,11012.0
T000114,1986-12-31,10887.256,10258.647,9328.444,9295.727,8291.352,10672.0
T000114,1987-01-31,10431.175,9780.952,9433.779,9478.384,8187.628,10870.0
T000114,1987-02-28,10844.7705,10624.734,9737.971,9392.535,9166.295,9687.0
T000114,1987-03-31,9741.165,9075.952,9700.856,9558.669,8156.3647,9029.0
T000114,1987-04-30,9066.753,8107.132,9824.304,9579.247,7986.221,9010.0
T000114,1987-05-31,9228.531,8534.644,9748.954,9458.741,9786.567,9323.0
T000114,1987-06-30,9370.117,9377.633,9687.166,9502.071,8160.573,7830.0
T000115,1985-08-31,858.133,860.8434,793.5943,827.7097,851.0566,829.0
T000115,1985-09-30,828.2918,870.1122,803.2591,807.7377,787.33344,978.0
T000115,1985-10-31,951.14386,971.55493,829.4121,880.81476,735.3366,833.0
T000115,1985-11-30,825.1302,805.0814,819.84534,877.4019,772.05365,1027.0
T000115,1985-12-31,1007.9268,1012.1979,862.27594,894.5108,799.1876,819.0
T000115,1986-01-31,832.3945,771.98486,850.2326,893.7638,809.8783,809.0
T000115,1986-02-28,850.95593,792.05304,885.29584,887.51807,841.89526,901.0
T000115,1986-03-31,898.21045,832.18054,881.1116,881.3561,824.34906,1130.0
T000115,1986-04-30,1095.2104,1084.3396,900.2456,882.6045,735.12714,1077.0
T000115,1986-05-31,1051.3678,1037.726,918.7893,884.52576,761.0502,1039.0
T000115,1986-06-30,1034.8441,1024.0366,932.3641,907.62897,821.76105,1010.0
T000115,1986-07-31,1002.89935,930.2788,960.90765,931.5984,826.62506,1098.0
T000115,1986-08-31,1093.6722,1029.8362,967.8548,936.6293,935.8097,1183.0
T000115,1986-09-30,1175.3093,1167.3145,1003.46326,950.4223,918.54553,1186.0
T000116,1986-05-31,1508.8608,1771.0865,1626.9874,1776.8348,2228.5405,1401.0
T000116,1986-06-30,1365.016,1708.811,1619.3112,1769.6437,2039.1487,1593.0
T000116,1986-07-31,1492.9515,1763.5911,1598.6589,1686.1744,1751.6003,1479.0
T000116,1986-08-31,1415.7168,1573.2382,1583.575,1700.1543,1908.5809,1701.0
T000116,1986-09-30,1640.7224,1828.672,1607.7703,1662.2461,1830.1865,1618.0
T000116,1986-10-31,1560.0352,1724.3015,1571.4655,1651.3035,1735.9497,1188.0
T000116,1986-11-30,1223.815,1361.3755,1580.3522,1684.342,1873.4852,1393.0
T000116,1986-12-31,1386.6672,1498.7084,1551.7261,1652.1874,1765.0201,1279.0
T000116,1987-01-31,1224.9979,1339.1497,1510.434,1640.8242,1711.7432,1307.0
T000116,1987-02-28,1279.0499,1500.249,1492.1927,1664.0918,1682.5236,1344.0
T000116,1987-03-31,1306.7256,1472.5598,1454.409,1640.2834,1680.0476,1280.0
T000116,1987-04-30,1231.8046,1396.3518,1437.5023,1577.1952,1542.5332,1186.0
T000116,1987-05-31,1166.5555,1309.9551,1386.9492,1595.9205,1771.8315,1207.0
T000116,1987-06-30,1196.5566,1369.3188,1388.4877,1511.062,1617.8624,1129.0
T000117,1986-05-31,795.62805,733.3994,889.38367,907.2983,889.35547,842.0
T000117,1986-06-30,855.6666,882.12286,904.1474,888.9597,905.3746,839.0
T000117,1986-07-31,823.11975,784.7544,866.1121,900.9005,735.4862,1080.0
T000117,1986-08-31,1066.7308,1058.8481,919.7313,901.2899,795.62067,979.0
T000117,1986-09-30,994.7154,897.0516,913.4972,902.13135,933.67053,939.0
T000117,1986-10-31,926.82153,919.27057,920.76056,924.20215,778.6119,699.0
T000117,1986-11-30,714.64026,701.90936,910.6845,913.28827,943.2922,912.0
T000117,1986-12-31,911.3013,872.5995,914.36255,905.2583,865.06384,1036.0
T000117,1987-01-31,999.0446,966.3037,921.23236,913.1617,867.6059,823.0
T000117,1987-02-28,814.8703,914.88434,879.31165,927.9728,929.1991,844.0
T000117,1987-03-31,845.1205,895.01074,920.8463,910.27515,905.00714,744.0
T000117,1987-04-30,739.625,725.7933,868.0227,906.5049,886.4084,750.0
T000117,1987-05-31,768.75616,768.6011,893.6767,905.0284,997.0659,914.0
T000117,1987-06-30,910.96075,928.7367,879.48193,892.25464,896.8342,833.0
T000118,1986-06-30,901.3255,796.9376,747.9742,750.138,751.8136,983.0
T000118,1986-07-31,982.0763,944.2792,790.7773,813.5161,750.9066,1012.0
T000118,1986-08-31,994.92834,926.8043,813.22815,826.5802,684.6308,1047.0
T000118,1986-09-30,1030.7164,965.51733,852.00867,817.19995,782.2493,1033.0
T000118,1986-10-31,1034.6111,958.827,876.16705,882.3424,845.66486,964.0
T000118,1986-11-30,969.3356,908.95667,896.8964,895.17053,784.645,852.0
T000118,1986-12-31,879.7283,798.4855,925.70496,947.73804,827.74304,1049.0
T000118,1987-01-31,1047.5731,972.9994,942.83276,962.86145,738.41016,1097.0
T000118,1987-02-28,1076.8236,971.55005,962.72394,969.08484,732.00134,1019.0
T000118,1987-03-31,1020.3575,946.4452,979.37225,974.64185,783.50385,1195.0
T000118,1987-04-30,1194.9421,1066.8518,1016.222,1046.189,748.92615,1101.0
T000118,1987-05-31,1104.3478,938.0065,1018.3561,1053.811,797.17944,1035.0
T000118,1987-06-30,1058.2299,947.7129,1044.6814,1043.0531,853.9851,1116.0
T000118,1987-07-31,1121.9915,1035.81,1050.3676,1071.0613,793.7762,1082.0
T000119,1987-05-31,26560.291,25148.541,25317.795,25402.992,26004.182,28696.0
T000119,1987-06-30,28732.182,29076.441,26078.879,25405.44,24142.4,27806.0
T000119,1987-07-31,27398.07,27089.145,25869.7,26003.371,22267.932,27760.0
T000119,1987-08-31,27508.904,27003.307,26680.057,25854.648,23395.729,31234.0
T000119,1987-09-30,31044.354,29635.777,27079.588,27460.973,24950.861,27044.0
T000119,1987-10-31,27198.506,25533.238,27087.824,28030.117,24503.357,23929.0
T000119,1987-11-30,24989.201,23574.188,27721.799,27473.72,27529.377,29948.0
T000119,1987-12-31,29831.248,28583.268,27794.432,28006.84,26071.393,30862.0
T000119,1988-01-31,30161.217,28685.85,28034.033,28180.684,25153.135,30193.0
T000119,1988-02-29,30038.215,30253.305,28347.809,28157.309,27348.934,29931.0
T000119,1988-03-31,29829.883,29129.902,28507.793,28766.219,27032.94,29292.0
T000119,1988-04-30,29139.44,27169.834,28826.613,29153.299,25361.988,28566.0
T000119,1988-05-31,28869.562,27473.814,28844.746,29425.258,30041.598,30951.0
T000119,1988-06-30,30807.293,31176.016,29190.803,29581.3,26424.92,28842.0
T000120,1984-12-31,5850.3994,5465.8105,6079.2617,6292.795,6438.4443,6606.0
T000120,1985-01-31,6584.238,6802.7754,6110.05,6226.5815,5772.674,6332.0
T000120,1985-02-28,6193.77,6156.6987,6071.254,6301.501,5405.431,6065.0
T000120,1985-03-31,6030.562,6021.905,6111.104,6276.251,5617.178,6946.0
T000120,1985-04-30,6884.897,6679.9976,6212.484,6256.1436,5977.218,6082.0
T000120,1985-05-31,6051.9062,5811.4106,6143.82,6309.373,5395.1436,5078.0
T000120,1985-06-30,5279.0063,5223.372,6213.768,6303.89,6278.922,6572.0
T000120,1985-07-31,6473.9727,6531.0693,6156.9307,6257.132,5260.635,6376.0
T000120,1985-08-31,6217.993,6008.9434,6145.6416,6314.2505,5272.773,6847.0
T000120,1985-09-30,6785.953,7019.1494,6263.188,6340.6216,5785.4346,6973.0
T000120,1985-10-31,6941.4043,6780.701,6282.18,6417.4146,5792.3296,6659.0
T000120,1985-11-30,6618.0396,6318.852,6409.231,6604.395,5582.333,6429.0
T000120,1985-12-31,6494.709,6199.0874,6441.8447,6567.0635,6768.4497,7627.0
T000120,1986-01-31,7496.642,7538.4575,6556.6514,6645.2617,5784.705,7167.0
T000121,1986-05-31,84683.19,76353.23,81581.63,84938.07,82078.266,92684.0
T000121,1986-06-30,93367.47,90733.06,83988.0,84747.71,77338.8,92221.0
T000121,1986-07-31,91196.26,87108.4,83889.44,86480.42,72472.484,90271.0
T000121,1986-08-31,89572.47,86970.766,85930.93,84863.164,75392.766,97639.0
T000121,1986-09-30,97325.58,92023.03,87292.305,89228.72,80894.04,89925.0
T000121,1986-10-31,90338.38,84407.22,87513.516,90009.6,78549.484,75838.0
T000121,1986-11-30,78962.95,73097.51,89085.91,88215.98,86086.414,95206.0
T000121,1986-12-31,94719.984,91019.22,89312.7,89813.67,77268.13,93193.0
T000121,1987-01-31,91538.09,85838.13,89409.56,91138.34,76415.836,95332.0
T000121,1987-02-28,94774.32,95081.55,90552.055,93109.3,79318.98,95657.0
T000121,1987-03-31,95849.58,91141.96,90885.93,93633.57,82084.92,98009.0
T000121,1987-04-30,97379.4,90442.68,92243.62,94958.18,75621.35,92451.0
T000121,1987-05-31,93756.984,86457.734,92397.086,94888.984,91829.52,104821.0
T000121,1987-06-30,103995.33,103986.27,94053.586,95047.0,80343.31,99802.0
T000122,1986-05-31,10269.236,9863.845,10833.622,11255.898,11436.753,11195.0
T000122,1986-06-30,11273.327,11415.907,10935.311,11271.737,10107.177,12044.0
T000122,1986-07-31,11830.331,11676.826,10954.323,11347.312,9772.126,10322.0
T000122,1986-08-31,10313.7295,10212.253,10931.598,11312.834,10559.996,12199.0
T000122,1986-09-30,12028.665,12074.857,11129.71,11329.375,10781.618,10776.0
T000122,1986-10-31,10857.349,10380.929,11004.589,11328.95,10542.892,9426.0
T000122,1986-11-30,9863.336,9519.244,11168.535,11237.985,11851.016,11702.0
T000122,1986-12-31,11526.003,11378.037,11119.684,11324.357,10679.433,10236.0
T000122,1987-01-31,10003.89,10052.245,10891.386,11382.558,10494.961,11328.0
T000122,1987-02-28,11194.876,11926.306,11108.718,11364.599,10602.111,10757.0
T000122,1987-03-31,10710.108,10689.696,10875.56,11201.0625,10985.781,11773.0
T000122,1987-04-30,11601.281,11458.546,11169.339,11394.545,10175.368,10741.0
T000122,1987-05-31,10810.105,10493.747,10948.106,11310.573,12443.705,11712.0
T000122,1987-06-30,11609.223,12311.962,11171.6455,11273.011,10630.696,10937.0
T000123,1986-05-31,84683.19,76353.23,81581.63,84938.07,82078.266,92684.0
T000123,1986-06-30,93367.47,90733.06,83988.0,84747.71,77338.8,92221.0
T000123,1986-07-31,91196.26,87108.4,83889.44,86480.42,72472.484,90271.0
T000123,1986-08-31,89572.47,86970.766,85930.93,84863.164,75392.766,97639.0
T000123,1986-09-30,97325.58,92023.03,87292.305,89228.72,80894.04,89925.0
T000123,1986-10-31,90338.38,84407.22,87513.516,90009.6,78549.484,75838.0
T000123,1986-11-30,78962.95,73097.51,89085.91,88215.98,86086.414,95206.0
T000123,1986-12-31,94719.984,91019.22,89312.7,89813.67,77268.13,93193.0
T000123,1987-01-31,91538.09,85838.13,89409.56,91138.34,76415.836,95332.0
T000123,1987-02-28,94774.32,95081.55,90552.055,93109.3,79318.98,95657.0
T000123,1987-03-31,95849.58,91141.96,90885.93,93633.57,82084.92,98009.0
T000123,1987-04-30,97379.4,90442.68,92243.62,94958.18,75621.35,92451.0
T000123,1987-05-31,93756.984,86457.734,92397.086,94888.984,91829.52,104821.0
T000123,1987-06-30,103995.33,103986.27,94053.586,95047.0,80343.31,99802.0
T000124,1986-01-31,6876.9336,6449.8,6450.9116,6362.4297,6368.397,7991.0
T000124,1986-02-28,8011.384,7876.9214,6769.2363,6329.25,6183.7563,7717.0
T000124,1986-03-31,7650.9995,7106.875,6763.8833,6845.2563,6138.374,7712.0
T000124,1986-04-30,7693.2754,7375.6035,7085.274,6875.251,6432.661,8214.0
T000124,1986-05-31,8206.59,7810.1426,7179.9634,6952.269,6980.4717,8407.0
T000124,1986-06-30,8376.732,7936.1094,7323.576,7497.67,6277.199,7124.0
T000124,1986-07-31,7290.82,6805.604,7478.886,7304.413,7583.293,8390.0
T000124,1986-08-31,8361.832,8085.8105,7620.1147,7425.929,7148.3066,7967.0
T000124,1986-09-30,7850.4,7458.9873,7621.8647,7712.677,6870.403,8115.0
T000124,1986-10-31,8117.7686,8093.027,7809.224,7945.5093,7216.3643,8332.0
T000124,1986-11-30,8348.803,7907.286,7887.161,8201.933,7227.242,9111.0
T000124,1986-12-31,8994.254,8426.243,7995.5615,8221.045,6646.477,7914.0
T000124,1987-01-31,8020.4473,7384.7476,8083.136,8082.4263,7879.672,9054.0
T000124,1987-02-28,9064.728,8855.758,8234.963,8260.062,7112.535,8636.0
T000125,1986-05-31,6250.287,6218.6045,5870.9355,6086.0645,5854.079,5756.0
T000125,1986-06-30,5823.575,6045.235,5905.295,5996.28,5527.516,6216.0
T000125,1986-07-31,6135.9946,6046.5454,5920.4907,6081.3613,5197.712,5788.0
T000125,1986-08-31,5761.382,5586.943,5928.7334,6053.2515,5503.6123,6368.0
T000125,1986-09-30,6368.6333,6346.7334,6017.0234,6054.631,6010.7007,6053.0
T000125,1986-10-31,6067.263,5995.244,5998.9473,6082.783,5403.741,4342.0
T000125,1986-11-30,4606.503,4436.604,5964.419,6073.2,6326.9565,6307.0
T000125,1986-12-31,6271.1777,6141.7456,6042.1396,6156.938,5869.9565,5439.0
T000125,1987-01-31,5291.1167,5060.394,5896.891,6250.1387,6185.1064,5805.0
T000125,1987-02-28,5756.7275,6265.4355,5965.8403,6077.662,5880.96,5540.0
T000125,1987-03-31,5486.9033,5679.2437,5824.633,6079.313,6252.168,5325.0
T000125,1987-04-30,5262.7227,5268.949,5821.1084,6109.326,5520.09,5122.0
T000125,1987-05-31,5078.096,5186.909,5669.1504,6149.154,6634.091,5841.0
T000125,1987-06-30,5780.072,6222.1016,5677.453,6065.388,5820.5244,5932.0
T000126,1986-05-31,2759.3645,2923.9075,2742.688,2906.197,3217.1196,3099.0
T000126,1986-06-30,3014.0059,3383.446,2738.2666,2875.5166,2653.3032,2876.0
T000126,1986-07-31,2780.6042,3046.2983,2773.285,2879.8625,2655.8596,2858.0
T000126,1986-08-31,2829.7505,2913.6597,2794.6235,2909.3188,2803.5808,2751.0
T000126,1986-09-30,2744.084,2574.9211,2825.356,2929.3608,2973.9277,2830.0
T000126,1986-10-31,2849.7285,2907.0593,2806.6194,2883.819,2992.9194,2215.0
T000126,1986-11-30,2323.476,2327.2385,2833.675,2891.2266,3231.7434,2833.0
T000126,1986-12-31,2764.8484,2986.2043,2777.5737,2884.4944,2734.9434,2916.0
T000126,1987-01-31,2801.8901,2878.85,2805.437,2933.639,2959.6138,2610.0
T000126,1987-02-28,2592.8062,2836.2441,2743.22,2907.5447,2973.9807,2663.0
T000126,1987-03-31,2642.8962,2786.9253,2800.6367,2909.5793,2997.9932,2834.0
T000126,1987-04-30,2796.315,2802.8936,2761.3425,2932.0493,2829.941,2486.0
T000126,1987-05-31,2477.7227,2483.5427,2760.4294,2921.7117,3250.2974,2756.0
T000126,1987-06-30,2670.8044,3084.5522,2724.931,2900.0168,2705.2812,2590.0
T000127,1986-05-31,2137.5403,2227.6257,2421.5085,2594.0012,2906.8174,2401.0
T000127,1986-06-30,2406.1667,2627.1035,2406.2056,2506.4417,2684.5842,2097.0
T000127,1986-07-31,2034.0461,2228.9727,2349.9187,2500.0764,2582.1719,2296.0
T000127,1986-08-31,2250.295,2499.6511,2342.6272,2532.9856,2487.5383,2188.0
T000127,1986-09-30,2154.6294,2261.505,2315.2727,2526.123,2813.7808,1848.0
T000127,1986-10-31,1829.2347,2070.7095,2277.4387,2421.5166,2528.2083,1569.0
T000127,1986-11-30,1598.8936,1769.9247,2229.2231,2443.9712,2835.149,2094.0
T000127,1986-12-31,2031.5015,2309.6516,2186.1418,2421.1313,2616.0884,2096.0
T000127,1987-01-31,1949.7732,2233.9067,2183.7817,2339.4495,2498.3813,1868.0
T000127,1987-02-28,1782.511,2231.1824,2067.3508,2418.9106,2477.156,1872.0
T000127,1987-03-31,1815.7798,2173.0703,2095.6736,2287.4966,2421.469,1645.0
T000127,1987-04-30,1602.4949,1718.8967,1989.6277,2265.6377,2292.193,1810.0
T000127,1987-05-31,1772.5549,1971.2833,2003.9951,2263.7727,2624.93,1753.0
T000127,1987-06-30,1669.225,2067.0215,1924.9208,2237.327,2351.2754,1859.0
T000128,1985-05-31,15223.005,14051.306,14628.131,14978.94,15078.205,16777.0
T000128,1985-06-30,16790.566,17001.156,14984.061,14935.594,14035.12,15890.0
T000128,1985-07-31,15677.364,15363.159,14962.942,15349.133,13004.911,16041.0
T000128,1985-08-31,15954.441,15569.32,15346.326,15113.174,13893.238,17148.0
T000128,1985-09-30,17137.088,15958.952,15566.869,15292.141,15126.804,15402.0
T000128,1985-10-31,15531.864,14533.432,15550.606,15999.754,14087.307,13167.0
T000128,1985-11-30,13732.891,13037.115,15776.219,15744.725,15871.208,17057.0
T000128,1985-12-31,16828.361,16702.719,15725.877,16074.88,14045.05,16881.0
T000128,1986-01-31,16464.053,15713.774,15825.725,16318.55,14036.525,16808.0
T000128,1986-02-28,16683.414,17056.82,15933.091,16444.605,14762.842,16498.0
T000128,1986-03-31,16562.473,15840.239,16080.608,16503.637,14923.675,16654.0
T000128,1986-04-30,16589.734,15467.543,16202.484,16677.092,14480.292,15799.0
T000128,1986-05-31,16001.659,14967.866,16207.655,16474.566,16527.928,17958.0
T000128,1986-06-30,17776.271,18125.656,16374.493,16504.299,13794.303,17091.0
T000129,1984-12-31,11271.984,9216.354,11594.231,12852.32,12095.294,12313.0
T000129,1985-01-31,12389.572,11689.506,11643.81,12695.649,10970.257,11701.0
T000129,1985-02-28,11533.695,11050.133,11534.184,12512.854,10302.992,11142.0
T000129,1985-03-31,11103.949,10796.309,11607.618,12107.314,11129.227,13035.0
T000129,1985-04-30,12955.938,12165.646,11751.107,12111.073,10942.644,11399.0
T000129,1985-05-31,11325.211,10560.688,11670.225,12016.566,8522.818,9853.0
T000129,1985-06-30,10135.09,9790.478,11767.557,11868.81,9740.113,11808.0
T000129,1985-07-31,11665.682,11281.124,11650.779,11902.69,7786.627,11221.0
T000129,1985-08-31,11039.399,10087.51,11521.935,11899.82,7719.6035,12102.0
T000129,1985-09-30,12110.67,11861.601,11610.199,12087.89,8537.578,11905.0
T000129,1985-10-31,12024.893,11186.903,11483.882,12010.413,8533.199,10560.0
T000129,1985-11-30,10774.065,9858.367,11572.053,11883.146,8475.78,10509.0
T000129,1985-12-31,10874.746,10089.246,11466.627,11941.024,10593.719,12059.0
T000129,1986-01-31,12001.233,11542.815,11530.912,11794.773,8876.935,11283.0
T000130,1984-12-31,1950.8337,2769.0103,2588.2827,3438.588,3242.9492,2203.0
T000130,1985-01-31,2106.4136,3036.747,2472.3875,3181.8801,3076.0708,2216.0
T000130,1985-02-28,2046.908,2633.408,2442.1458,3048.4932,2843.1248,1840.0
T000130,1985-03-31,1782.5907,2281.8054,2282.3418,3015.9832,3070.5913,2048.0
T000130,1985-04-30,1974.8375,2536.8467,2315.7085,2714.1514,3066.9595,1670.0
T000130,1985-05-31,1599.6471,2100.8816,2163.753,2534.0234,2972.0012,1461.0
T000130,1985-06-30,1448.2312,2052.0735,2137.2468,2569.9087,3397.988,1745.0
T000130,1985-07-31,1585.9952,2262.8037,2031.0059,2477.7036,3212.2595,1509.0
T000130,1985-08-31,1306.1359,2071.4993,1951.5167,2480.6885,3222.0867,1484.0
T000130,1985-09-30,1337.7512,2264.736,1891.1714,2371.026,3436.036,1570.0
T000130,1985-10-31,1372.0481,2235.8237,1833.2941,2292.1648,3524.2256,1636.0
T000130,1985-11-30,1348.7146,2192.992,1812.1901,2219.1028,3246.8325,1443.0
T000130,1985-12-31,1185.1427,2053.4722,1713.0902,2122.3494,3538.8516,1692.0
T000130,1986-01-31,1439.8408,2417.249,1709.0181,1967.209,2982.9675,1469.0
T000131,1982-11-30,87.48153,95.547264,78.85057,80.21875,76.806625,103.0
T000131,1982-12-31,100.69007,101.485535,83.16811,81.70606,86.23754,106.0
T000131,1983-01-31,105.57357,98.010994,87.13852,84.51994,91.56169,108.0
T000131,1983-02-28,108.00606,102.97356,89.669815,93.11123,104.145935,119.0
T000131,1983-03-31,115.80417,124.5657,93.24844,92.24463,103.33401,124.0
T000131,1983-04-30,116.59772,133.48923,94.6289,97.50502,94.13383,125.0
T000131,1983-05-31,117.21697,134.4077,98.638084,99.60249,97.64762,117.0
T000131,1983-06-30,111.21573,126.91701,100.6906,100.35777,105.33469,93.0
T000131,1983-07-31,91.28939,98.9169,102.862335,102.41977,100.92523,79.0
T000131,1983-08-31,83.09242,84.64978,104.40055,102.67232,109.29409,106.0
T000131,1983-09-30,107.443306,104.63044,105.53027,105.76252,96.8072,106.0
T000131,1983-10-31,105.088,99.65374,106.56172,105.773,88.8822,108.0
T000131,1983-11-30,108.218124,104.64113,107.51779,113.13922,89.11754,106.0
T000131,1983-12-31,107.623344,90.9324,108.19247,116.53367,88.20613,100.0
T000132,1979-10-31,8428.419,6081.808,8309.849,7916.571,3851.9014,8644.0
T000132,1979-11-30,8907.956,7989.562,9345.016,8207.743,3648.7002,8105.0
T000132,1979-12-31,8278.189,6818.403,8437.123,8243.367,5420.7363,9243.0
T000132,1980-01-31,8920.795,6526.0312,9467.255,9191.668,5234.7227,12580.0
T000132,1980-02-29,11660.963,10438.164,8946.507,9209.234,7845.008,10728.0
T000132,1980-03-31,10095.127,11186.143,9412.218,9802.031,8789.118,9074.0
T000132,1980-04-30,8304.592,9608.927,9279.437,9998.616,8004.621,9199.0
T000132,1980-05-31,8974.3955,9571.084,9307.729,10135.592,11434.44,11916.0
T000132,1980-06-30,11259.433,13783.826,9385.262,10040.447,9244.529,5502.0
T000132,1980-07-31,5736.441,6748.295,9035.352,10160.49,9260.322,5292.0
T000132,1980-08-31,5802.739,7054.475,9145.951,9931.075,7928.957,10743.0
T000132,1980-09-30,10294.288,8600.645,9219.588,10112.704,7994.185,11907.0
T000132,1980-10-31,11488.268,10627.691,9479.0625,10252.345,8035.5903,12623.0
T000132,1980-11-30,12440.286,12994.729,10046.218,10283.29,8951.099,9725.0
T000133,1979-10-31,5146.848,5046.17,4093.6353,4340.6074,131.89648,3778.0
T000133,1979-11-30,3658.87,2937.9023,4057.1035,4158.0215,1518.2917,4049.0
T000133,1979-12-31,4257.3726,3482.7014,4156.1914,4330.14,1671.2422,5294.0
T000133,1980-01-31,5251.9175,3612.574,4312.786,4538.857,2840.6553,5552.0
T000133,1980-02-29,5421.6445,4939.792,4361.6323,4450.989,3733.6096,5698.0
T000133,1980-03-31,5336.8906,6185.5757,4598.9614,4637.451,3656.071,3646.0
T000133,1980-04-30,3287.6074,4057.6074,4374.9814,4510.452,3823.902,1869.0
T000133,1980-05-31,1884.1492,2084.5679,4446.978,4503.1943,5456.48,3753.0
T000133,1980-06-30,3769.512,3937.6697,4186.0957,4421.1973,5436.952,4279.0
T000133,1980-07-31,4380.928,4563.0884,4465.5747,4788.136,5576.024,1899.0
T000133,1980-08-31,1923.3069,2868.4202,4116.4443,4757.5933,4833.0083,5021.0
T000133,1980-09-30,4696.2656,5443.916,4206.2275,4751.919,3986.0293,4722.0
T000133,1980-10-31,4385.1826,4444.4126,4213.9316,4809.6875,3672.0417,5377.0
T000133,1980-11-30,5306.3584,4719.135,4345.665,5184.853,4045.4575,4590.0
T000134,1979-10-31,8910.934,8144.0654,8826.312,9524.843,3072.1392,13105.0
T000134,1979-11-30,11794.549,10555.885,8234.419,9317.389,1380.814,10588.0
T000134,1979-12-31,10370.103,9085.389,8302.235,9521.755,3877.1177,9237.0
T000134,1980-01-31,8769.047,10274.659,8528.156,10231.34,3893.56,6595.0
T000134,1980-02-29,6294.4927,5995.6377,7980.6226,9792.625,4686.537,5612.0
T000134,1980-03-31,5722.003,6677.8823,8207.138,8974.165,5599.9023,4974.0
T000134,1980-04-30,5401.8003,5259.1636,7823.6396,9199.424,9569.51,5538.0
T000134,1980-05-31,5583.122,5740.7188,7888.5884,8353.066,6415.498,3774.0
T000134,1980-06-30,3766.9492,4162.424,7476.3477,7869.1875,10496.434,2671.0
T000134,1980-07-31,3317.27,3152.5723,7371.8145,7732.341,9957.01,7522.0
T000134,1980-08-31,7288.917,8077.551,7461.016,7397.9707,9866.393,10560.0
T000134,1980-09-30,9845.013,9186.871,7460.4653,7900.71,9682.418,12814.0
T000134,1980-10-31,11833.373,13241.089,7864.9883,8524.334,11182.259,10570.0
T000134,1980-11-30,9213.577,12106.599,7541.2886,8940.824,9902.012,20199.0
T000135,1986-11-30,12991.83,15296.661,15258.621,19739.791,14828.316,15550.6
T000135,1986-12-31,14824.648,15889.451,15668.284,18037.096,16580.748,15196.2
T000135,1987-01-31,14024.717,15651.704,14839.325,17060.412,13935.614,2654.15
T000135,1987-02-28,4611.3643,4759.5693,14638.397,17657.664,18639.455,15337.1
T000135,1987-03-31,15372.467,18342.838,14309.548,16731.688,12475.42,15793.2
T000135,1987-04-30,14027.5205,14794.508,13882.029,16931.582,11632.594,14595.2
T000135,1987-05-31,13905.3545,17302.787,13890.253,17375.014,13126.5625,14633.9
T000135,1987-06-30,13970.309,15405.136,13923.042,16615.7,16028.695,16030.8
T000135,1987-07-31,15664.163,15770.212,14064.918,16587.852,12253.115,15679.7
T000135,1987-08-31,15072.359,15719.331,14156.851,16400.795,20879.547,17963.9
T000135,1987-09-30,17007.062,20552.006,14567.913,16150.318,16093.92,16513.1
T000135,1987-10-31,14946.106,19399.916,14516.453,16221.132,13752.259,16593.3
T000135,1987-11-30,15685.694,18413.441,14940.587,16480.693,15534.339,18649.2
T000135,1987-12-31,17438.713,19155.71,15203.906,16180.517,17619.14,17565.5
T000136,1983-07-31,38174.523,40507.246,45003.973,49786.324,48768.05,45687.2
T000136,1983-08-31,42340.367,42205.137,45151.445,50270.867,39598.137,53343.4
T000136,1983-09-30,51444.062,53583.29,45158.402,48972.195,46167.92,56295.9
T000136,1983-10-31,54613.273,56223.594,46931.06,50034.586,47126.15,49997.8
T000136,1983-11-30,48646.805,46933.7,46668.895,50359.367,41235.42,58473.9
T000136,1983-12-31,56152.047,54948.125,47848.96,50479.39,53398.36,64515.5
T000136,1984-01-31,60885.71,65106.47,48426.707,53686.426,47040.613,51322.2
T000136,1984-02-29,47810.97,56923.613,47781.23,53341.57,39348.22,54252.8
T000136,1984-03-31,51257.24,61909.53,49080.15,54319.87,42068.316,61239.1
T000136,1984-04-30,58632.043,61196.02,49365.992,54565.094,41517.3,40615.8
T000136,1984-05-31,40633.188,41088.035,49767.566,53888.473,45064.32,22958.3
T000136,1984-06-30,29146.178,26646.496,50441.523,54772.22,54727.44,46291.2
T000136,1984-07-31,48971.35,44247.89,49991.902,56678.418,40518.234,51352.6
T000136,1984-08-31,50392.895,40971.875,51443.207,57156.203,42269.72,54892.2
T000137,1983-07-31,1087.3053,1154.357,1734.4067,1823.6931,2036.3595,1298.04
T000137,1983-08-31,1378.6892,1489.0674,1712.2292,1846.6577,1631.12,1312.02
T000137,1983-09-30,1263.8354,1134.4509,1714.5194,1880.1519,1603.0426,1620.36
T000137,1983-10-31,1585.899,1575.0067,1675.322,1827.9521,1580.691,1671.7
T000137,1983-11-30,1645.3035,1497.7495,1721.3666,1839.0219,1614.7031,1737.0
T000137,1983-12-31,1747.5889,1641.776,1642.3721,1809.2532,1495.7172,1893.68
T000137,1984-01-31,1845.711,1831.3495,1698.2628,1814.1686,1792.6996,1909.37
T000137,1984-02-29,1824.7329,1943.3955,1640.4097,1840.6826,1509.259,1736.31
T000137,1984-03-31,1643.6147,1868.22,1661.9481,1842.1903,1437.572,1883.34
T000137,1984-04-30,1765.4067,2014.1577,1646.5492,1855.019,1350.475,1792.1
T000137,1984-05-31,1698.6566,1807.1377,1648.4177,1902.1003,1457.9678,1933.12
T000137,1984-06-30,1819.4506,2089.5872,1668.7745,1879.8812,1390.1677,1083.72
T000137,1984-07-31,1180.9451,1196.4395,1654.1499,1843.8243,1694.8973,1559.41
T000137,1984-08-31,1653.0693,1704.3258,1690.0248,1893.379,1373.9065,1599.59
T000138,1983-09-30,6061.1367,7109.0737,5718.804,5866.2964,5477.29,5817.33
T000138,1983-10-31,5638.702,6144.5015,5860.478,6006.395,6512.2134,6448.91
T000138,1983-11-30,6277.1265,6569.2314,5860.009,6022.604,6022.543,5805.83
T000138,1983-12-31,5660.33,5852.3857,5922.077,6134.637,6280.665,4485.53
T000138,1984-01-31,4793.9116,4964.717,5892.506,6083.834,6623.3945,6672.82
T000138,1984-02-29,6634.45,6834.065,6038.6445,6241.1597,5799.4727,6475.32
T000138,1984-03-31,6260.4355,6146.869,5945.6406,6221.622,5592.751,6927.33
T000138,1984-04-30,6843.928,7088.5674,6192.103,6141.625,6112.118,6733.96
T000138,1984-05-31,6611.905,6628.7734,6135.296,6584.4565,5829.534,6267.82
T000138,1984-06-30,6295.9155,5981.245,6283.0435,6625.2197,5666.807,6729.19
T000138,1984-07-31,6651.3486,6423.4395,6296.9756,6530.8887,6845.519,7107.08
T000138,1984-08-31,6920.7876,7140.7734,6333.87,6613.634,6084.325,6433.7
T000138,1984-09-30,6260.2305,6848.4907,6345.0947,6551.76,5668.623,6256.74
T000138,1984-10-31,6230.9243,6457.294,6389.6646,6560.2095,6271.924,7223.07
T000139,1982-05-31,27120.94,26731.006,26604.744,30141.6,32016.414,27953.2
T000139,1982-06-30,27256.582,31253.303,27020.242,30595.018,34208.535,28329.2
T000139,1982-07-31,26669.783,34599.777,26540.994,29396.814,30681.92,31050.3
T000139,1982-08-31,29177.623,34271.715,26979.36,29820.701,29871.396,36309.6
T000139,1982-09-30,33897.28,39354.277,27521.25,29267.46,31683.209,36262.6
T000139,1982-10-31,33394.305,37212.938,27957.86,29707.283,31961.477,26003.2
T000139,1982-11-30,25754.879,28966.195,28871.803,29133.469,34946.293,28208.5
T000139,1982-12-31,28589.129,32663.715,29449.895,29483.97,36411.688,32988.9
T000139,1983-01-31,31833.607,33461.82,29354.361,29897.98,31581.627,30857.2
T000139,1983-02-28,29961.838,33690.098,29770.857,29776.73,35213.688,32812.3
T000139,1983-03-31,31992.871,34569.17,30415.812,29858.092,32116.475,35186.6
T000139,1983-04-30,34874.29,34402.742,31077.877,30623.87,32380.213,34974.5
T000139,1983-05-31,34564.53,34456.73,31982.066,30428.828,36334.863,40738.1
T000139,1983-06-30,39808.207,39927.21,33261.617,30765.145,34504.344,35189.2
T000140,1983-09-30,2272.0894,2377.6968,2657.4604,2796.222,2411.7776,1619.52
T000140,1983-10-31,1703.7681,1698.4851,2644.346,2865.473,3101.8066,2638.19
T000140,1983-11-30,2576.078,2827.4912,2582.072,2763.207,2483.1548,3089.7
T000140,1983-12-31,2960.6196,3106.091,2613.9612,2725.0889,2317.2463,1752.37
T000140,1984-01-31,1891.4326,1784.04,2590.8337,2781.3738,2813.4988,1729.31
T000140,1984-02-29,1878.4023,1546.6725,2575.3528,2648.2722,2865.7395,2824.54
T000140,1984-03-31,2733.3467,2731.6658,2521.592,2653.3896,2588.2495,1982.94
T000140,1984-04-30,1962.0498,1914.8514,2456.6072,2655.9692,2749.7256,2628.55
T000140,1984-05-31,2537.1973,2892.1384,2448.7136,2661.7603,2612.6975,3412.51
T000140,1984-06-30,3117.4712,3622.1934,2403.4348,2865.4353,2247.3801,2213.52
T000140,1984-07-31,2099.6702,2424.4282,2373.2212,2929.8887,2604.2808,2640.08
T000140,1984-08-31,2575.4636,3088.6353,2511.2427,2848.283,2938.6438,2363.39
T000140,1984-09-30,2276.4045,2538.9744,2412.4395,2623.1953,2363.1997,2178.93
T000140,1984-10-31,2190.3125,2286.399,2481.6208,2626.3843,2647.8374,2813.01
T000141,1984-01-31,2376.3872,2423.5112,2149.375,2256.5193,2248.4175,2078.89
T000141,1984-02-29,2037.2307,2006.1995,2132.738,2254.9124,2144.344,2528.28
T000141,1984-03-31,2476.3188,2644.7195,2187.767,2237.429,2562.9863,2601.36
T000141,1984-04-30,2516.7368,2717.8003,2207.1294,2231.6108,2393.1123,2427.55
T000141,1984-05-31,2322.17,2746.6504,2198.7676,2253.0154,1996.2612,2213.65
T000141,1984-06-30,2156.85,2361.523,2286.9258,2298.211,2470.9314,2431.05
T000141,1984-07-31,2368.8975,2440.5034,2258.4387,2310.2583,2320.1099,2297.77
T000141,1984-08-31,2238.6643,2327.775,2307.9949,2328.301,2364.0273,1766.61
T000141,1984-09-30,1889.5835,1946.3881,2289.039,2309.9915,2531.6667,2619.19
T000141,1984-10-31,2605.6858,2617.756,2359.446,2414.835,2185.3408,2585.54
T000141,1984-11-30,2501.6555,2395.6306,2335.1665,2476.1562,2175.5356,2785.3
T000141,1984-12-31,2761.6548,2816.5986,2427.2473,2430.356,2409.9624,2681.35
T000141,1985-01-31,2640.7727,2625.5867,2424.716,2577.8662,2245.543,2684.64
T000141,1985-02-28,2676.3757,2543.392,2490.5117,2589.05,2214.705,2733.83
T000142,1983-07-31,16914.373,16451.664,20421.68,21471.623,21828.195,21133.1
T000142,1983-08-31,19772.613,19885.525,20330.814,22203.016,19267.35,24431.5
T000142,1983-09-30,23550.926,24169.04,20672.666,23025.818,19864.209,25622.6
T000142,1983-10-31,24982.188,24696.885,21177.312,23321.084,20462.273,22301.2
T000142,1983-11-30,21922.104,19654.748,21376.533,23797.584,20743.533,27042.2
T000142,1983-12-31,25986.41,24849.352,21862.5,24028.781,24422.133,28220.7
T000142,1984-01-31,26506.05,28425.889,22013.092,24056.969,22447.014,23204.1
T000142,1984-02-29,21777.832,26782.709,21820.39,23917.482,17947.357,25212.9
T000142,1984-03-31,23629.314,28188.94,22270.008,24568.54,17966.037,26318.8
T000142,1984-04-30,24978.596,26195.121,22112.016,24535.23,16934.178,18135.7
T000142,1984-05-31,18264.18,18293.762,22537.365,24989.006,20255.463,9838.4
T000142,1984-06-30,12679.24,11608.958,22466.043,25619.266,22673.953,20184.5
T000142,1984-07-31,21561.777,19298.016,22546.725,26098.924,16765.406,23378.1
T000142,1984-08-31,22894.95,18564.105,22999.387,26311.121,17581.447,24379.8
T000143,1988-01-31,2144.6858,2122.4365,1997.1294,1937.8286,2115.953,1927.04
T000143,1988-02-29,1961.9551,1948.2485,2014.6691,2114.707,2119.364,2061.93
T000143,1988-03-31,2070.0278,2145.9702,2050.293,2102.9695,2186.2617,1991.27
T000143,1988-04-30,1982.8319,2039.2605,2043.9956,2140.8994,2177.1125,2091.91
T000143,1988-05-31,2043.852,2165.5276,2071.48,2128.446,2068.3376,2034.09
T000143,1988-06-30,1987.435,2050.5156,2058.0571,2110.5696,2123.465,1952.73
T000143,1988-07-31,1955.2134,1988.812,2069.7961,2078.0505,2084.1592,2051.22
T000143,1988-08-31,2030.9545,2067.5645,2057.234,2103.0051,2030.8097,2010.54
T000143,1988-09-30,2020.3892,2032.4829,2057.1921,2080.8098,1960.1187,2361.69
T000143,1988-10-31,2304.6953,2368.9915,2086.8142,2083.455,1818.2896,2216.09
T000143,1988-11-30,2180.9744,2173.2378,2063.673,2096.3062,1760.76,2207.53
T000143,1988-12-31,2185.116,2192.1226,2106.35,2107.1301,1737.7917,2261.06
T000143,1989-01-31,2248.478,2132.0,2107.336,2143.8987,1763.7422,2031.95
T000143,1989-02-28,2060.0542,1950.5763,2108.7803,2115.2446,1836.5153,2331.71
T000144,1986-11-30,13507.532,15283.998,15129.219,18659.09,15694.618,16047.7
T000144,1986-12-31,15346.064,16404.89,15633.895,18426.734,17222.96,15096.4
T000144,1987-01-31,13946.591,15875.54,14635.575,17030.434,14174.002,3622.75
T000144,1987-02-28,5214.341,5950.2812,14498.334,17841.34,18884.248,15569.2
T000144,1987-03-31,15505.915,18355.22,14178.754,16761.176,13325.901,16337.1
T000144,1987-04-30,14596.374,15602.819,13830.606,16893.998,12443.041,14237.9
T000144,1987-05-31,13593.775,17168.785,13865.156,16927.133,12508.219,14817.6
T000144,1987-06-30,14332.277,15170.689,14033.053,16118.662,15256.607,15353.3
T000144,1987-07-31,15112.714,14851.771,14064.644,16078.173,12336.538,14737.4
T000144,1987-08-31,14449.607,14914.017,14145.409,15922.652,20319.643,16484.3
T000144,1987-09-30,15860.682,18674.137,14448.904,15616.238,15794.509,16301.4
T000144,1987-10-31,14973.24,18777.342,14398.481,15783.691,13824.499,16488.9
T000144,1987-11-30,15674.137,17864.318,14783.86,16005.564,15984.801,18170.1
T000144,1987-12-31,16867.49,19004.305,14957.5625,16046.015,17894.367,15993.9
T000145,1980-06-30,2766.8328,2506.2705,2726.2095,2842.6416,2717.0085,1398.0
T000145,1980-07-31,1585.0887,1480.2072,2770.7698,2843.044,2418.8071,2940.0
T000145,1980-08-31,2889.747,2552.4644,2712.9734,2931.7083,2729.4792,2317.0
T000145,1980-09-30,2320.7349,2341.196,2614.2952,2819.3733,2781.2844,1290.0
T000145,1980-10-31,1407.6488,1861.314,2638.0212,2841.7886,2554.706,3948.0
T000145,1980-11-30,3727.5151,4153.0654,2569.6194,2822.2058,2180.6094,2818.0
T000145,1980-12-31,2640.9277,2425.5964,2682.5823,3021.8086,2432.8706,3693.0
T000145,1981-01-31,3516.2588,3771.579,2774.729,3052.0718,2676.7827,3224.0
T000145,1981-02-28,3156.476,3205.3499,2835.4407,3008.714,2975.696,2562.0
T000145,1981-03-31,2494.7988,2635.7146,2788.8726,3061.6833,2126.1272,3143.0
T000145,1981-04-30,3073.7363,3047.932,2881.2795,3038.9263,3107.013,4183.0
T000145,1981-05-31,3945.2278,4435.1807,2827.5261,3067.3516,2536.6018,2448.0
T000145,1981-06-30,2364.316,2594.025,2881.9548,3144.1191,2384.7627,2230.0
T000145,1981-07-31,2377.4578,2854.6575,2923.8018,3094.4556,3200.205,1325.0
T000146,1982-01-31,860.9922,864.40515,887.72705,864.0602,656.72,890.0
T000146,1982-02-28,860.1265,813.26605,819.1697,865.95764,851.3633,1158.0
T000146,1982-03-31,1121.5553,1088.2601,901.5974,910.4332,906.1709,784.0
T000146,1982-04-30,748.8806,782.24963,840.4884,919.39355,841.6538,1140.0
T000146,1982-05-31,1090.6511,1252.3475,903.1646,959.27673,830.39246,1184.0
T000146,1982-06-30,1101.9164,1210.3076,881.96454,957.8227,767.329,786.0
T000146,1982-07-31,754.45435,789.81915,882.2818,971.3326,763.138,824.0
T000146,1982-08-31,854.5432,920.06635,920.308,899.49835,924.1986,911.0
T000146,1982-09-30,941.46124,849.22614,893.69086,940.99036,829.75586,974.0
T000146,1982-10-31,980.70856,897.1915,959.07263,950.5359,785.51776,839.0
T000146,1982-11-30,864.638,827.72406,924.0792,936.91095,1015.5404,992.0
T000146,1982-12-31,989.9353,930.34863,956.01294,954.227,693.32153,946.0
T000146,1983-01-31,955.2182,822.7383,938.12396,943.0485,941.01556,1139.0
T000146,1983-02-28,1139.3708,1017.6464,989.36456,957.6847,1063.1095,1082.0
T000147,1980-11-30,559.68365,615.7519,557.9493,638.2273,700.85065,569.0
T000147,1980-12-31,564.9391,596.47534,558.5904,608.982,814.0233,588.0
T000147,1981-01-31,588.9426,661.81744,565.6917,589.15735,901.7194,602.0
T000147,1981-02-28,583.94543,729.69324,567.31964,579.96295,881.1094,684.0
T000147,1981-03-31,635.18286,826.4723,582.7639,582.58154,891.7281,818.0
T000147,1981-04-30,738.469,913.60986,601.96674,594.0784,900.3142,836.0
T000147,1981-05-31,755.6191,914.4133,623.6503,608.38824,947.77,878.0
T000147,1981-06-30,813.56714,979.3396,660.85455,620.60077,988.9962,922.0
T000147,1981-07-31,868.1956,1032.0961,691.1386,630.3202,1001.70483,862.0
T000147,1981-08-31,814.73975,987.70044,714.02466,638.16925,972.23987,845.0
T000147,1981-09-30,807.86926,968.2315,742.2946,647.2028,928.61255,785.0
T000147,1981-10-31,769.06134,858.9298,750.4614,667.5378,871.8829,781.0
T000147,1981-11-30,776.5031,816.60425,771.0853,676.7372,821.9146,767.0
T000147,1981-12-31,774.4682,758.2119,781.30896,770.96045,834.54443,804.0
T000148,1982-11-30,53.838055,61.794285,48.041927,48.322617,44.0845,60.0
T000148,1982-12-31,59.26938,60.596302,49.352997,48.668823,54.885864,59.0
T000148,1983-01-31,58.66042,56.129814,51.56189,50.76448,54.303127,63.0
T000148,1983-02-28,61.952538,62.972713,52.931118,49.95228,61.530933,70.0
T000148,1983-03-31,67.51762,73.80683,55.151627,55.993176,58.672688,63.0
T000148,1983-04-30,59.473663,67.95924,54.9615,56.29081,53.60166,57.0
T000148,1983-05-31,53.880787,64.36325,56.352978,58.539482,59.02103,59.0
T000148,1983-06-30,56.978485,63.4609,56.5748,63.134567,58.817135,46.0
T000148,1983-07-31,47.35239,47.40837,56.953583,64.230385,62.912777,44.0
T000148,1983-08-31,47.078568,50.843334,57.692924,63.19033,69.04454,59.0
T000148,1983-09-30,57.898468,59.146667,57.538925,62.454807,56.05852,57.0
T000148,1983-10-31,54.83413,54.62704,57.918922,62.001453,51.84268,59.0
T000148,1983-11-30,58.499607,56.775738,58.258698,60.510544,55.99973,55.0
T000148,1983-12-31,55.693645,47.393574,57.90201,60.169674,53.718124,56.0
T000149,1982-01-31,193.11029,172.71848,211.93434,213.05206,185.35326,260.0
T000149,1982-02-28,257.70984,267.53857,224.21889,212.85971,190.51729,282.0
T000149,1982-03-31,271.5752,260.33997,224.93019,218.07526,225.25638,280.0
T000149,1982-04-30,271.43814,303.83347,227.44983,227.31625,185.24011,248.0
T000149,1982-05-31,246.7904,243.34651,245.3502,227.4496,227.90854,345.0
T000149,1982-06-30,334.94073,334.51337,248.27348,231.69412,198.42354,222.0
T000149,1982-07-31,221.80804,182.52693,254.14525,238.68665,242.63693,258.0
T000149,1982-08-31,267.52155,263.07245,260.7953,233.0901,236.48064,215.0
T000149,1982-09-30,227.19415,191.14072,260.9491,243.4661,257.16678,352.0
T000149,1982-10-31,341.40286,347.48376,265.90576,247.45837,190.20586,305.0
T000149,1982-11-30,302.64343,277.25488,272.01907,274.19336,285.56445,358.0
T000149,1982-12-31,342.23938,367.64856,275.7799,280.33545,204.33965,205.0
T000149,1983-01-31,211.22481,165.99518,282.2108,287.96832,280.5992,363.0
T000149,1983-02-28,357.8871,354.08066,292.2325,285.40677,268.6458,366.0
T000150,1981-11-30,5.093501,5.8381596,5.5543633,6.9442434,7.114427,4.2
T000150,1981-12-31,4.149832,4.332105,5.1124454,6.356436,7.661768,6.6
T000150,1982-01-31,6.1530185,7.7738633,5.1399503,6.4090066,8.555003,6.2
T000150,1982-02-28,5.3882346,8.205389,4.943854,6.3699665,8.585382,7.7
T000150,1982-03-31,6.6740785,10.3396435,5.208497,6.1511927,7.4560523,6.5
T000150,1982-04-30,5.570506,8.768836,5.2551513,6.0451365,8.149122,6.7
T000150,1982-05-31,5.985379,8.297283,5.652391,6.838811,8.623432,8.9
T000150,1982-06-30,7.943481,9.870138,6.0590615,7.2168565,8.46237,4.7
T000150,1982-07-31,4.386959,5.622904,5.952186,6.17285,9.118363,4.7
T000150,1982-08-31,5.0561657,6.464075,6.4264336,5.9447455,8.621306,6.6
T000150,1982-09-30,6.0989265,7.2295613,6.1477532,6.3419447,7.656204,9.8
T000150,1982-10-31,9.144598,9.609321,6.697005,7.347205,6.714866,4.9
T000150,1982-11-30,5.1130896,5.9063272,6.354676,7.001334,9.691572,7.4
T000150,1982-12-31,7.2376056,8.868163,6.8239956,7.271826,6.7332044,5.4
T000151,1982-11-30,289.861,304.46512,304.58612,320.0988,289.18726,348.0
T000151,1982-12-31,338.1743,348.5042,310.40927,318.06833,296.61667,303.0
T000151,1983-01-31,305.17545,290.1403,308.87814,319.47,315.32605,273.0
T000151,1983-02-28,283.85992,278.12244,312.47412,316.4584,348.79672,340.0
T000151,1983-03-31,333.98077,355.5882,313.9602,318.74008,320.44806,346.0
T000151,1983-04-30,331.8153,356.1665,311.93146,322.4782,268.9863,330.0
T000151,1983-05-31,319.8367,335.36237,318.11508,333.5912,296.3918,337.0
T000151,1983-06-30,329.71472,333.95508,314.69403,331.61142,304.56967,315.0
T000151,1983-07-31,314.49677,301.1574,320.01993,336.7619,298.0159,250.0
T000151,1983-08-31,266.85965,253.1773,317.35294,332.84262,353.85538,331.0
T000151,1983-09-30,331.33502,348.42773,320.8731,338.83618,304.8674,337.0
T000151,1983-10-31,324.35242,330.22238,316.25653,338.2665,265.46033,320.0
T000151,1983-11-30,314.69666,330.06586,320.81116,337.84277,296.51584,342.0
T000151,1983-12-31,334.88507,331.37125,320.4223,332.5528,292.3702,300.0
T000152,1982-11-30,219.87885,233.27571,260.41025,273.82098,262.00165,240.0
T000152,1982-12-31,235.48787,256.00888,258.8533,271.96982,268.53397,223.0
T000152,1983-01-31,221.89871,243.10976,256.47513,266.6046,261.66296,212.0
T000152,1983-02-28,221.56735,218.00145,257.3327,261.83917,237.10042,266.0
T000152,1983-03-31,268.0267,251.47044,260.95874,264.2348,256.38022,291.0
T000152,1983-04-30,287.46213,261.89468,265.47513,274.57758,244.01767,263.0
T000152,1983-05-31,263.62656,240.45508,264.31406,275.55435,259.51898,294.0
T000152,1983-06-30,290.9699,286.80322,267.29047,277.01102,258.59436,337.0
T000152,1983-07-31,320.1436,321.60696,268.30374,281.77,253.98573,343.0
T000152,1983-08-31,324.83383,348.83502,269.82727,283.28464,271.10693,301.0
T000152,1983-09-30,286.7753,330.67706,273.9219,286.0528,284.186,265.0
T000152,1983-10-31,255.81645,295.24948,274.94812,283.09164,259.10257,260.0
T000152,1983-11-30,258.47253,280.16385,277.7426,282.67767,277.8659,276.0
T000152,1983-12-31,273.1874,277.5361,278.91748,282.04865,267.7378,238.0
T000153,1982-05-31,48.333443,53.45576,50.604183,52.960808,54.7404,51.26
T000153,1982-06-30,50.744556,53.277637,50.885204,51.907482,51.99538,51.19
T000153,1982-07-31,51.579887,53.370075,51.164062,51.65133,54.38019,54.65
T000153,1982-08-31,54.712704,55.307358,51.72243,51.31677,52.113922,62.4
T000153,1982-09-30,61.6893,60.06893,53.076843,51.840996,52.088264,59.42
T000153,1982-10-31,59.252777,57.683918,53.586273,52.62994,58.826687,58.87
T000153,1982-11-30,58.659634,59.051323,54.99664,53.25978,58.90345,50.37
T000153,1982-12-31,49.977074,50.57242,54.669636,53.558514,61.715874,49.4
T000153,1983-01-31,49.07958,51.76355,54.461494,52.99281,62.86479,46.36
T000153,1983-02-28,45.644123,49.94091,53.252964,53.01409,63.863163,49.12
T000153,1983-03-31,47.822716,56.126152,52.470898,53.247646,58.807167,43.9
T000153,1983-04-30,43.53809,48.40135,52.317707,53.397522,60.033463,45.11
T000153,1983-05-31,45.13416,47.961033,51.332977,52.940273,58.041206,41.59
T000153,1983-06-30,41.544544,41.606644,51.55079,52.86237,57.59819,40.44
T000154,1982-05-31,191.49825,181.56989,182.40973,171.14084,155.92583,194.37
T000154,1982-06-30,195.91187,181.62804,185.01726,187.96104,160.74867,199.7
T000154,1982-07-31,200.75575,187.1109,188.24748,193.9433,164.39653,204.12
T000154,1982-08-31,204.95175,189.9919,191.56787,194.21124,172.52612,210.0
T000154,1982-09-30,209.82492,195.44534,194.10144,198.44368,170.51605,221.51
T000154,1982-10-31,220.62051,205.27994,198.17352,202.27023,178.62784,212.01
T000154,1982-11-30,212.88551,197.60437,200.13037,202.28717,190.25137,212.42
T000154,1982-12-31,213.09337,202.02573,203.78542,202.88867,183.3507,208.62
T000154,1983-01-31,208.178,198.04709,204.24573,203.52266,182.8548,226.59
T000154,1983-02-28,224.62221,220.72435,207.17035,204.94789,184.26541,215.18
T000154,1983-03-31,213.84077,209.70747,207.04922,206.66995,183.03676,213.32
T000154,1983-04-30,213.1129,210.2195,209.36435,208.8574,178.27489,219.51
T000154,1983-05-31,219.81775,208.55182,212.3489,211.1503,185.36452,224.79
T000154,1983-06-30,225.78372,211.70715,214.15189,217.09598,187.73262,238.14
T000155,1982-05-31,136.36578,128.38445,131.15608,132.8779,117.52605,130.6
T000155,1982-06-30,131.52216,125.35545,132.08563,132.4892,121.234406,136.34
T000155,1982-07-31,136.40176,131.7764,132.74922,133.04185,124.793,143.77
T000155,1982-08-31,142.26523,139.59569,133.30304,133.36226,122.8474,144.01
T000155,1982-09-30,142.48618,142.34718,134.14818,133.06473,126.79934,140.38
T000155,1982-10-31,140.09283,139.53792,135.36128,133.9977,126.3939,137.55
T000155,1982-11-30,137.50061,134.85046,136.30943,135.4896,128.26782,138.2
T000155,1982-12-31,138.26283,134.0339,136.745,136.2163,131.36847,142.87
T000155,1983-01-31,143.20732,141.4581,137.91412,136.50545,132.20676,149.37
T000155,1983-02-28,148.5771,147.76118,138.87247,139.13782,126.766556,144.84
T000155,1983-03-31,144.69905,141.29147,139.97379,139.66402,130.1365,153.31
T000155,1983-04-30,152.53554,148.32889,142.0424,140.54575,132.84221,152.82
T000155,1983-05-31,152.29192,145.50548,142.92899,142.6069,134.23557,153.27
T000155,1983-06-30,153.89651,149.42474,145.22021,142.64763,138.16008,161.36
T000156,1982-05-31,231.72766,230.9351,223.28163,226.91548,201.51756,236.48
T000156,1982-06-30,237.66971,224.71956,228.92284,230.49622,200.919,239.14
T000156,1982-07-31,242.45758,221.15062,230.62843,245.32266,215.71625,253.18
T000156,1982-08-31,255.41779,230.97453,236.53226,245.25449,212.1864,260.75
T000156,1982-09-30,262.33057,242.31882,238.41533,244.07024,224.91568,279.14
T000156,1982-10-31,277.44177,265.83496,243.44142,241.9957,219.69258,292.76
T000156,1982-11-30,286.66666,282.20148,246.69395,243.6045,224.27403,273.4
T000156,1982-12-31,268.4195,265.5609,250.55522,245.08276,225.62875,284.29
T000156,1983-01-31,279.4882,279.59085,256.7514,246.74442,234.07773,283.66
T000156,1983-02-28,280.36118,278.1045,258.82922,249.72238,242.55798,281.42
T000156,1983-03-31,278.79587,284.9325,263.70343,249.56314,239.86119,274.43
T000156,1983-04-30,274.22958,271.64255,266.6165,258.69934,245.13574,274.43
T000156,1983-05-31,275.04144,267.3911,269.20676,268.56284,238.4372,274.61
T000156,1983-06-30,277.22763,256.86307,273.93854,277.95016,249.0963,281.35
T000157,1982-05-31,95.22229,100.42421,85.03159,83.6408,92.384865,95.89
T000157,1982-06-30,92.89669,99.42959,86.1365,84.20426,96.3484,91.64
T000157,1982-07-31,89.69801,98.48821,87.47015,84.64776,96.63131,91.67
T000157,1982-08-31,90.303474,96.72842,88.54749,84.99764,92.871056,95.03
T000157,1982-09-30,93.74037,97.70291,89.49252,89.642555,94.39288,92.75
T000157,1982-10-31,92.302185,93.69682,90.57727,93.40321,96.178246,91.78
T000157,1982-11-30,92.20526,93.312454,91.24365,93.82182,92.77519,87.73
T000157,1982-12-31,89.2971,87.04201,92.00596,93.17314,93.17822,91.6
T000157,1983-01-31,92.270454,89.559975,92.202774,93.2041,92.72755,96.79
T000157,1983-02-28,96.477234,93.54485,93.27085,96.083084,92.214134,98.28
T000157,1983-03-31,98.11214,95.96394,93.50953,94.71965,91.10175,96.34
T000157,1983-04-30,96.057915,93.93126,94.07886,93.869865,92.31234,95.48
T000157,1983-05-31,94.43934,94.472206,94.04846,93.75361,90.261024,98.62
T000157,1983-06-30,97.55594,97.41433,94.28713,93.98523,90.6028,79.4
T000158,1982-05-31,315.88977,297.57446,275.44354,275.9056,227.7817,318.58
T000158,1982-06-30,315.7345,298.3614,280.51416,276.85153,243.21881,328.36
T000158,1982-07-31,326.3391,311.0372,287.81784,276.72784,244.54865,336.62
T000158,1982-08-31,334.2223,317.09167,293.43506,284.75336,233.84602,338.9
T000158,1982-09-30,336.47305,321.55728,300.2931,284.639,243.64792,331.85
T000158,1982-10-31,331.68164,315.5616,306.43613,290.09128,256.75952,350.1
T000158,1982-11-30,348.09988,334.93344,312.3852,303.40637,255.27171,339.21
T000158,1982-12-31,339.16824,318.72684,317.50232,308.50647,269.12485,344.05
T000158,1983-01-31,346.54095,322.76514,324.7823,318.03467,282.23004,364.76
T000158,1983-02-28,365.24445,337.75525,330.63702,343.03345,288.48944,368.63
T000158,1983-03-31,369.02292,342.0229,336.32712,341.35767,300.67953,372.88
T000158,1983-04-30,374.288,349.86978,343.93057,349.40036,312.39374,400.16
T000158,1983-05-31,397.56323,374.70334,350.08063,352.0178,304.8518,395.87
T000158,1983-06-30,393.87094,367.20184,355.92053,356.63013,320.5808,401.12
T000159,1982-05-31,161.77802,159.89325,164.56775,165.69391,154.5962,156.52
T000159,1982-06-30,157.18484,152.49358,164.48064,165.02487,153.63203,160.53
T000159,1982-07-31,161.61926,156.5507,164.36665,165.1703,153.70958,159.29
T000159,1982-08-31,160.09996,156.112,164.24663,164.5979,153.6925,151.37
T000159,1982-09-30,153.34795,149.62872,163.4263,164.28952,153.50203,152.51
T000159,1982-10-31,153.5269,149.67995,162.14679,164.40552,151.7136,160.26
T000159,1982-11-30,159.79175,154.90675,161.72633,164.48192,150.9551,158.63
T000159,1982-12-31,158.3463,154.45663,160.86522,164.65907,153.62529,156.35
T000159,1983-01-31,156.84221,155.40932,160.05577,163.2119,155.04527,157.32
T000159,1983-02-28,157.45395,156.1466,159.29826,163.21336,154.26244,157.91
T000159,1983-03-31,157.48215,156.6362,158.41313,163.83655,157.47647,157.6
T000159,1983-04-30,157.035,159.11598,157.89413,163.31715,157.65968,154.9
T000159,1983-05-31,154.43501,158.48831,156.80681,161.64268,155.5835,161.19
T000159,1983-06-30,160.4884,163.17029,157.55139,160.92506,154.26749,162.47
T000160,1982-05-31,290.69788,300.9108,288.70776,298.21414,277.51974,272.7
T000160,1982-06-30,275.8126,273.70258,289.136,297.6962,284.63452,286.26
T000160,1982-07-31,289.21802,285.3177,291.18527,298.94122,283.09845,283.97
T000160,1982-08-31,286.29785,275.1304,290.49026,293.06165,289.22644,294.0
T000160,1982-09-30,296.648,288.60333,293.00543,292.02417,285.50064,302.4
T000160,1982-10-31,301.8564,295.70282,292.6231,299.17508,292.1295,313.91
T000160,1982-11-30,311.06595,310.84442,294.67758,297.89456,288.06458,315.19
T000160,1982-12-31,311.3893,313.7694,295.44955,298.73767,303.0233,313.32
T000160,1983-01-31,309.26392,316.66327,297.7343,299.21225,304.03867,319.96
T000160,1983-02-28,313.50516,325.95715,299.55087,300.23965,301.82535,304.82
T000160,1983-03-31,299.93045,312.13354,299.87204,300.51703,303.96246,294.03
T000160,1983-04-30,291.64374,305.25778,300.98404,299.416,301.69873,298.6
T000160,1983-05-31,296.18527,304.18176,300.0455,299.32343,294.4559,283.94
T000160,1983-06-30,286.5364,285.2048,300.8582,299.82568,298.97363,294.59
T000161,1982-05-31,175.35016,171.58934,173.64798,175.60527,167.04512,181.27
T000161,1982-06-30,181.03954,179.26384,174.49648,174.69553,170.21602,189.19
T000161,1982-07-31,187.4413,185.57971,175.83553,175.49948,166.65907,188.84
T000161,1982-08-31,187.05783,186.60692,176.3337,177.24252,169.19255,179.86
T000161,1982-09-30,180.02994,179.14034,178.0493,177.37328,175.43494,192.51
T000161,1982-10-31,191.43051,190.33824,179.74133,178.63391,172.1726,185.49
T000161,1982-11-30,185.46066,181.6438,180.1144,179.96309,177.1179,186.53
T000161,1982-12-31,187.05034,187.47865,182.51132,179.0741,177.58882,193.44
T000161,1983-01-31,192.22618,191.33388,183.37302,180.22284,175.5161,192.47
T000161,1983-02-28,191.5694,189.24841,184.54138,181.81297,174.21474,191.54
T000161,1983-03-31,192.10838,186.98712,186.72032,184.33612,184.28987,195.9
T000161,1983-04-30,196.5982,192.31448,187.78983,186.80275,182.35617,192.37
T000161,1983-05-31,193.17697,186.61725,189.40295,191.44908,184.96681,190.88
T000161,1983-06-30,191.74379,186.93892,190.37552,191.05383,189.5604,199.04
T000162,1982-05-31,344.3343,334.4594,327.14304,326.57983,290.28473,331.26
T000162,1982-06-30,331.87747,321.76846,329.43723,333.05115,297.0131,341.01
T000162,1982-07-31,342.9733,330.37076,332.99615,333.21646,296.40665,341.95
T000162,1982-08-31,344.473,319.68085,335.4023,340.38336,302.75446,357.12
T000162,1982-09-30,357.8972,336.30563,338.95776,343.2432,313.80722,356.67
T000162,1982-10-31,357.26825,341.68457,341.07898,341.66913,319.1378,366.63
T000162,1982-11-30,365.2069,357.3884,343.9908,341.40988,307.6941,372.19
T000162,1982-12-31,369.29675,358.08072,347.0239,346.13834,318.93433,388.27
T000162,1983-01-31,384.00327,377.5404,350.5138,349.58133,325.99948,386.67
T000162,1983-02-28,382.5076,377.88916,354.16357,352.05814,329.34436,363.38
T000162,1983-03-31,364.33908,361.1515,358.01175,352.73438,335.42477,376.17
T000162,1983-04-30,376.69403,372.68027,362.9517,356.30847,339.53876,392.52
T000162,1983-05-31,389.40796,379.104,364.93228,357.56723,336.0976,367.35
T000162,1983-06-30,368.1517,357.25372,367.61514,369.10883,344.2027,381.08
T000163,1906-04-30,3978.8906,3461.064,4205.872,4245.1724,4329.693,4821.0
T000163,1906-05-31,4893.4917,4600.9277,4380.24,4232.8076,4090.2688,4240.0
T000163,1906-06-30,4258.308,3981.5107,4256.8145,4217.38,4360.0205,3851.0
T000163,1906-07-31,3847.9995,4056.9202,4299.0483,4235.6353,4205.274,5902.0
T000163,1906-08-31,5646.6973,5845.846,4363.9355,4316.8584,4054.502,4110.0
T000163,1906-09-30,4013.0098,3983.7458,4232.71,4354.9,4466.7905,3897.0
T000163,1906-10-31,3889.2285,4270.8745,4451.9736,4349.239,4651.9844,3958.0
T000163,1906-11-30,3934.8003,3996.9172,4278.9536,4311.292,4751.921,4268.0
T000163,1906-12-31,4213.3574,4521.282,4359.0596,4373.9155,4137.462,3914.0
T000163,1907-01-31,3909.066,4025.1714,4293.6973,4374.5806,4596.1357,4205.0
T000163,1907-02-28,4164.6436,4349.84,4201.804,4268.801,3973.2776,4317.0
T000163,1907-03-31,4266.765,4047.8652,4353.3276,4364.3857,3990.0325,4218.0
T000163,1907-04-30,4342.815,3957.8215,4258.3936,4422.498,4630.646,4736.0
T000163,1907-05-31,4707.367,4650.576,4424.9326,4417.2603,4329.2905,4192.0
T000164,1905-12-31,1890.6562,1831.7588,1793.9102,1829.1497,1874.5172,1864.0
T000164,1906-01-31,1821.6069,1899.8569,1851.3168,1835.0952,1589.4413,1974.0
T000164,1906-02-28,1975.415,1886.3113,1873.6576,1891.1396,1933.4054,1845.0
T000164,1906-03-31,1889.316,1797.3887,1882.7048,1927.741,1829.9684,2262.0
T000164,1906-04-30,2218.6265,2196.4934,1948.624,1936.7695,1725.3588,1780.0
T000164,1906-05-31,1784.5017,1715.5454,1882.0314,1928.6713,1877.866,1987.0
T000164,1906-06-30,1982.7208,2003.9111,1976.9872,1921.0176,1808.3528,2428.0
T000164,1906-07-31,2390.397,2369.063,1966.6388,1945.9153,1849.0402,1796.0
T000164,1906-08-31,1824.887,1752.9974,1973.4692,1964.5339,1983.6072,2072.0
T000164,1906-09-30,2075.3057,2076.9553,2022.7072,1950.9702,1933.9208,1938.0
T000164,1906-10-31,1932.4623,1877.5355,2003.2507,1986.0393,1974.6053,2221.0
T000164,1906-11-30,2170.0818,2167.996,2045.1053,2028.3795,1768.7692,2430.0
T000164,1906-12-31,2386.0728,2390.4126,2057.9702,2031.5521,2048.1914,2056.0
T000164,1907-01-31,2037.9211,2108.866,2048.1587,2035.567,1830.3773,2516.0
T000165,1901-12-31,12245.996,14757.348,7532.329,7532.906,4214.7837,6174.0
T000165,1902-01-31,5489.3223,5796.3174,7930.3193,8215.499,5355.546,2923.0
T000165,1902-02-28,3285.2405,3716.7358,8068.9136,7633.3965,6469.1055,4334.0
T000165,1902-03-31,4353.638,5033.9814,7382.3735,7823.592,5084.874,4540.0
T000165,1902-04-30,4270.44,4811.351,7457.1323,6766.938,2677.4438,3875.0
T000165,1902-05-31,4142.673,3526.848,7299.108,6432.7812,6051.4053,4615.0
T000165,1902-06-30,5354.99,1884.0781,7400.453,6311.441,7501.6514,9437.0
T000165,1902-07-31,10095.103,6043.4023,8163.8506,6687.886,10005.777,6417.0
T000165,1902-08-31,6936.0513,4201.9014,8053.875,6783.0337,12296.256,13353.0
T000165,1902-09-30,12304.711,12867.355,8651.524,6788.115,9021.898,10781.0
T000165,1902-10-31,8704.856,9630.747,7751.9194,7409.498,9478.947,15343.0
T000165,1902-11-30,12988.775,16266.885,8363.122,8393.806,9702.129,10415.0
T000165,1902-12-31,8698.525,11999.219,7722.569,8767.07,12832.08,4590.0
T000165,1903-01-31,4007.6736,10420.652,7887.761,8885.135,11274.475,2572.0
T000166,1905-10-31,7537.976,7377.7227,7308.314,7394.8125,7695.021,9215.0
T000166,1905-11-30,8866.827,9154.566,7745.207,8315.704,6983.8306,8258.0
T000166,1905-12-31,8086.458,8144.9526,7338.758,8315.099,7822.9326,6743.0
T000166,1906-01-31,6722.2974,7123.6396,7718.62,8279.73,7004.7476,6898.0
T000166,1906-02-28,7116.016,6433.9463,7281.973,8174.8506,8521.038,8060.0
T000166,1906-03-31,7969.3276,8563.193,7626.193,8242.781,7321.6133,6661.0
T000166,1906-04-30,6380.0684,7117.4697,7315.2227,8212.813,6945.8433,6582.0
T000166,1906-05-31,6491.9683,7052.519,7290.417,8345.657,6807.3467,6921.0
T000166,1906-06-30,6679.2056,7448.6646,7278.8745,7372.123,6801.663,6772.0
T000166,1906-07-31,6924.1284,5736.864,7261.6753,7428.23,6936.6763,5801.0
T000166,1906-08-31,6185.815,5564.9517,7421.1704,7350.7686,8543.63,8710.0
T000166,1906-09-30,8532.709,8515.461,7342.893,7531.7197,7249.8086,7382.0
T000166,1906-10-31,7228.688,7275.88,7322.345,7469.085,6696.611,6831.0
T000166,1906-11-30,6666.482,7415.2373,7242.189,7504.579,7745.799,6421.0
T000167,1901-12-31,5697.5044,5121.355,6427.5913,6436.2163,2643.6082,7044.0
T000167,1902-01-31,6679.1577,6514.3276,6180.593,6450.2583,2038.5596,5615.0
T000167,1902-02-28,5622.9194,5221.201,6506.401,6310.5776,2840.4211,6043.0
T000167,1902-03-31,6098.3823,5466.8306,6407.4595,6202.613,2943.9482,5809.0
T000167,1902-04-30,5756.2583,4006.4949,6545.906,6532.5435,3986.7092,7372.0
T000167,1902-05-31,7524.9653,5979.786,6829.7524,6601.0186,5376.0737,8883.0
T000167,1902-06-30,9032.535,7341.9414,7292.0146,7020.7783,7530.8525,9087.0
T000167,1902-07-31,8882.148,8588.715,7419.4985,6997.2627,6434.26,10160.0
T000167,1902-08-31,9680.928,9599.661,7654.161,7263.614,7625.261,10189.0
T000167,1902-09-30,9516.9,9807.6875,7732.2383,7266.614,7502.808,10996.0
T000167,1902-10-31,10262.275,10896.182,7931.5566,8006.49,7603.099,9523.0
T000167,1902-11-30,9133.919,10218.137,8122.374,8228.678,8199.129,7161.0
T000167,1902-12-31,7171.2026,8145.205,8290.225,8124.698,8299.948,10131.0
T000167,1903-01-31,9729.997,10438.184,8572.979,8196.908,6903.85,6504.0
T000168,1902-02-28,714.13074,507.7579,1023.36346,1009.732,349.05472,563.0
T000168,1902-03-31,605.30237,395.38577,983.5487,988.5471,597.04956,744.0
T000168,1902-04-30,800.2449,488.27405,994.09705,983.6956,627.19946,1166.0
T000168,1902-05-31,1198.8898,892.3768,1046.6243,1014.4961,828.3929,1367.0
T000168,1902-06-30,1351.4446,1152.3059,1090.8955,1050.4204,1054.4016,1586.0
T000168,1902-07-31,1498.4417,1356.465,1147.9731,1114.6938,908.7259,1661.0
T000168,1902-08-31,1550.9958,1483.1733,1146.7787,1147.488,1223.0559,1674.0
T000168,1902-09-30,1497.3174,1704.3923,1179.2346,1160.7483,1210.1849,1205.0
T000168,1902-10-31,1048.2465,1305.2307,1134.7959,1209.1569,1209.8376,1354.0
T000168,1902-11-30,1226.6111,1747.3481,1179.164,1336.1396,1192.6897,955.0
T000168,1902-12-31,919.0169,1191.9664,1148.0641,1300.0828,1144.8147,1301.0
T000168,1903-01-31,1255.7881,1413.7836,1204.1996,1313.2552,983.055,796.0
T000168,1903-02-28,804.1472,824.60254,1191.6113,1327.776,1236.4863,720.0
T000168,1903-03-31,827.7446,670.1398,1199.6034,1128.6033,906.9893,1029.0
T000169,1902-12-31,158131.02,108963.86,209373.28,192785.95,305474.38,97221.0
T000169,1903-01-31,127817.34,91578.74,231792.69,193720.6,338823.9,628919.0
T000169,1903-02-28,557914.56,579897.5,245848.12,227597.88,177118.11,603054.0
T000169,1903-03-31,517759.56,534004.6,246118.42,258553.9,313829.4,329980.0
T000169,1903-04-30,284860.34,442168.78,268903.62,274015.56,369685.6,222985.0
T000169,1903-05-31,188214.28,303077.1,284016.7,292044.25,314932.47,307863.0
T000169,1903-06-30,299904.66,353189.75,276229.94,294554.88,325842.16,172284.0
T000169,1903-07-31,170045.0,202172.42,278767.72,290111.25,432574.38,72886.0
T000169,1903-08-31,78307.234,203358.83,248500.42,282571.06,225910.75,211685.0
T000169,1903-09-30,202421.22,264690.47,267235.06,273340.75,161120.88,111051.0
T000169,1903-10-31,127851.52,20059.016,252206.92,258789.06,243853.5,159814.0
T000169,1903-11-30,179213.53,87588.59,275201.66,238162.7,358487.44,154763.0
T000169,1903-12-31,175025.84,87291.86,252215.81,237725.69,323265.2,54732.0
T000169,1904-01-31,93677.586,-1615.4844,246944.14,232920.72,365682.7,429236.0
T000170,1906-03-31,4379.081,3730.3167,4026.136,4155.364,3367.341,3343.0
T000170,1906-04-30,3355.0913,2865.0867,3834.7998,4019.6785,4121.2144,1380.0
T000170,1906-05-31,1705.324,1846.4031,3779.6997,3999.5376,3732.7039,4260.0
T000170,1906-06-30,4164.2915,4194.9365,3724.8547,3909.645,2972.2734,4485.0
T000170,1906-07-31,4299.181,4229.034,3691.883,4105.723,3619.9858,5131.0
T000170,1906-08-31,4965.514,5348.9795,3935.2722,4130.319,3773.5176,4840.0
T000170,1906-09-30,4621.787,4689.6562,3897.1362,4176.5615,3660.48,4600.0
T000170,1906-10-31,4541.219,4703.748,4135.36,4276.0684,3653.5115,4422.0
T000170,1906-11-30,4180.0786,4081.7695,4064.5977,4303.3447,4072.326,3620.0
T000170,1906-12-31,3581.7556,3606.8428,4054.589,4198.921,3776.622,2970.0
T000170,1907-01-31,2965.4316,3310.0469,3947.9163,4105.9087,3826.9067,4352.0
T000170,1907-02-28,4374.9487,4615.2266,3994.3887,4254.6133,3885.4963,3166.0
T000170,1907-03-31,3106.3557,3532.1423,3891.9067,4218.666,4071.5967,1587.0
T000170,1907-04-30,1701.0455,2135.6377,3751.654,4278.12,3858.3845,1964.0
T000171,1903-12-31,42.448208,41.192688,42.887794,44.143288,36.875885,33.0
T000171,1904-01-31,33.84875,37.12611,42.080288,43.467274,34.70252,61.0
T000171,1904-02-29,58.720554,57.743134,44.025234,44.244736,40.740356,48.0
T000171,1904-03-31,46.128635,43.977505,43.25182,44.89406,40.214096,40.0
T000171,1904-04-30,41.431965,43.357437,45.573036,44.71206,46.604053,45.0
T000171,1904-05-31,45.88082,42.14061,45.09513,44.32054,46.913708,58.0
T000171,1904-06-30,55.740234,55.038036,46.307465,45.7295,42.352367,57.0
T000171,1904-07-31,54.724613,54.99082,46.934097,45.99997,49.15155,38.0
T000171,1904-08-31,37.69699,43.51534,44.81468,46.406216,50.96672,51.0
T000171,1904-09-30,48.513786,57.797356,47.119316,45.60222,39.91089,40.0
T000171,1904-10-31,40.81021,37.920315,45.84135,46.0001,53.292652,59.0
T000171,1904-11-30,58.44393,57.437695,49.666473,49.69752,50.81463,35.0
T000171,1904-12-31,34.937878,35.996277,45.924763,48.792282,52.59314,62.0
T000171,1905-01-31,60.780758,66.76475,50.44174,48.98093,40.982597,42.0
T000172,1902-07-31,16717.742,17084.41,13239.677,12967.861,10597.197,16655.0
T000172,1902-08-31,16311.176,15821.357,13695.886,13231.051,12186.387,15819.0
T000172,1902-09-30,15645.777,15554.789,14182.016,13558.802,13833.156,13901.0
T000172,1902-10-31,13914.682,13597.239,14272.857,14870.726,13317.36,15757.0
T000172,1902-11-30,15691.236,15997.4375,14634.041,15026.016,12755.838,13946.0
T000172,1902-12-31,14246.922,13111.453,14657.594,15065.341,14352.048,14541.0
T000172,1903-01-31,14497.918,13907.167,14680.18,15287.229,13202.31,12697.0
T000172,1903-02-28,12942.612,11953.982,14745.3125,15245.287,14544.966,12065.0
T000172,1903-03-31,12825.343,11407.83,14681.731,15081.459,14583.204,14096.0
T000172,1903-04-30,14177.658,13110.344,14877.642,15479.737,14927.8,15331.0
T000172,1903-05-31,15069.822,14452.869,14660.736,15003.944,14466.797,14500.0
T000172,1903-06-30,14253.898,13765.609,14817.028,15002.648,14160.017,14757.0
T000172,1903-07-31,14328.483,14627.928,14462.594,15112.839,13598.944,15245.0
T000172,1903-08-31,14912.001,15085.921,14538.397,15101.83,13746.689,13842.0
T000173,1906-04-30,483.88696,536.293,468.02573,474.7267,449.26035,464.0
T000173,1906-05-31,459.82764,459.87265,466.2554,474.1899,437.25507,478.0
T000173,1906-06-30,473.1426,472.05634,474.7549,473.58533,469.27448,465.0
T000173,1906-07-31,457.64752,454.30255,469.75174,474.11472,437.4313,444.0
T000173,1906-08-31,457.6667,443.31326,472.4771,474.75052,464.75568,495.0
T000173,1906-09-30,502.77774,501.5955,475.31683,475.04422,462.6339,461.0
T000173,1906-10-31,460.22116,459.0879,470.39035,475.77432,438.49295,498.0
T000173,1906-11-30,495.6819,483.0285,479.53885,474.04877,445.81232,514.0
T000173,1906-12-31,505.47726,500.7244,478.6521,475.81488,477.41962,498.0
T000173,1907-01-31,490.60413,490.29892,482.18463,479.63876,449.88412,522.0
T000173,1907-02-28,511.99158,520.4952,485.45718,487.3941,493.98587,497.0
T000173,1907-03-31,494.52133,495.18948,485.82108,487.75745,492.9854,508.0
T000173,1907-04-30,502.8865,520.6347,490.78625,496.65308,487.21417,509.0
T000173,1907-05-31,506.68054,514.67004,491.00494,499.8711,500.29315,497.0
T000174,1905-05-31,1721.1691,1589.3606,2059.2104,2085.7092,2291.5845,1645.0
T000174,1905-06-30,1644.1885,1774.8815,2046.7883,2140.8196,2625.7983,1540.0
T000174,1905-07-31,1555.1501,1747.6201,1965.8809,2039.9257,2146.9238,1518.0
T000174,1905-08-31,1518.1982,1672.3512,1951.1664,2046.2991,2146.2664,1795.0
T000174,1905-09-30,1749.0946,1864.0264,1908.1339,2060.9104,2436.1802,1901.0
T000174,1905-10-31,1817.6798,1816.4441,1923.4379,2013.0627,2237.7922,1371.0
T000174,1905-11-30,1342.3843,1642.0978,1802.963,2063.0806,2384.0725,1277.0
T000174,1905-12-31,1297.8304,1577.211,1791.9662,2090.7734,2243.5356,1802.0
T000174,1906-01-31,1647.5796,1936.42,1723.1012,2023.4158,1859.5388,1366.0
T000174,1906-02-28,1247.5188,1497.1156,1653.9106,2048.2107,2040.2776,1552.0
T000174,1906-03-31,1474.635,1915.5043,1630.4434,2009.8447,1946.2523,1955.0
T000174,1906-04-30,1842.4532,2228.1565,1614.6697,1925.3307,1626.1575,1772.0
T000174,1906-05-31,1711.7983,1982.6215,1632.5234,1911.3667,1667.7274,1727.0
T000174,1906-06-30,1700.1439,1797.4689,1665.1095,1853.083,1955.3293,1915.0
T000175,1984-03-31,78.623764,82.11768,75.214966,76.916916,81.205635,80.1
T000175,1984-04-30,78.545784,83.174164,75.27227,76.29088,81.801254,81.6
T000175,1984-05-31,79.50799,86.034065,76.10984,76.70456,78.52386,78.2
T000175,1984-06-30,76.32096,80.203995,76.21829,76.47042,73.979935,83.3
T000175,1984-07-31,81.25049,85.27357,77.29718,76.36174,74.14158,85.3
T000175,1984-08-31,83.10864,86.29872,77.51815,77.03892,68.88404,80.0
T000175,1984-09-30,79.22786,79.57418,78.099785,78.72367,67.90408,77.3
T000175,1984-10-31,78.242584,76.0513,79.17848,79.11019,70.398575,76.5
T000175,1984-11-30,78.015305,72.78958,78.95943,79.67679,68.50824,78.4
T000175,1984-12-31,79.5668,73.782265,79.766495,80.23947,69.495575,77.2
T000175,1985-01-31,78.51729,74.24422,79.56442,79.76273,71.258736,75.5
T000175,1985-02-28,76.24987,71.949165,79.36737,79.98677,68.325264,69.9
T000175,1985-03-31,70.75312,66.247086,78.49526,79.45155,73.17591,74.4
T000175,1985-04-30,74.82335,71.22536,78.307434,79.00376,76.734085,76.7
T000176,1984-11-30,6.769345,10.935499,5.7891355,9.000116,6.5059505,7.2
T000176,1984-12-31,6.3313084,8.26607,6.3151236,8.336503,7.6016483,5.5
T000176,1985-01-31,5.628229,5.6441636,6.2055707,8.15848,9.279985,5.6
T000176,1985-02-28,5.5011196,7.360827,6.4527764,7.1796093,9.736785,5.6
T000176,1985-03-31,5.870746,6.6074963,6.115996,6.533515,8.805859,5.0
T000176,1985-04-30,5.2594013,5.809391,6.33672,6.0713124,10.609766,5.4
T000176,1985-05-31,5.1717777,6.162525,5.8496904,5.9539046,11.106089,6.5
T000176,1985-06-30,5.9604435,8.054717,6.0412645,6.191838,11.996849,4.9
T000176,1985-07-31,4.1174884,8.094255,5.851654,6.170604,13.316342,5.2
T000176,1985-08-31,4.2018557,7.9896355,5.961701,5.9793215,12.329893,4.7
T000176,1985-09-30,3.4355392,7.1731935,5.8140826,6.010668,13.747499,5.8
T000176,1985-10-31,4.226651,8.114795,5.7581143,6.114538,12.566521,4.5
T000176,1985-11-30,3.5063226,7.0505557,5.5200047,6.0938015,11.825913,4.8
T000176,1985-12-31,4.0533953,8.649357,5.236835,6.092447,10.498091,4.3
T000177,1984-03-31,4.476818,5.4667177,4.8683567,5.8516393,5.978591,5.6
T000177,1984-04-30,5.2987986,6.4837146,5.2014017,5.6959057,6.0837684,7.3
T000177,1984-05-31,6.565868,7.261646,5.268426,5.6447487,7.4557104,5.3
T000177,1984-06-30,4.766757,6.2446284,5.157712,5.558149,6.514626,5.7
T000177,1984-07-31,5.2915154,7.6288104,5.435299,5.606221,7.274196,8.3
T000177,1984-08-31,7.5966387,9.45199,5.473757,5.5266194,6.5128994,7.8
T000177,1984-09-30,7.288281,8.046915,5.779106,5.716708,6.523492,6.0
T000177,1984-10-31,5.9396663,6.779707,6.068154,5.782674,8.223184,7.7
T000177,1984-11-30,7.5824165,8.446749,6.3218274,6.1889167,6.7704396,8.4
T000177,1984-12-31,7.948476,8.362319,6.5014586,6.4950857,6.1782484,10.1
T000177,1985-01-31,9.737921,10.209351,7.025986,6.4912224,7.069063,9.4
T000177,1985-02-28,9.079592,9.263884,7.1433616,6.8544726,7.3682756,7.1
T000177,1985-03-31,7.099914,7.1522193,7.509657,7.1650767,7.094209,7.0
T000177,1985-04-30,7.2553415,6.9878483,7.6908937,6.931162,8.884754,9.1
T000178,1984-03-31,18.457104,20.018929,18.703686,21.91522,19.851995,23.7
T000178,1984-04-30,23.11387,25.114773,19.473711,21.678116,21.74165,26.0
T000178,1984-05-31,24.59905,25.68583,19.86317,21.321728,22.73703,23.3
T000178,1984-06-30,22.054068,25.3816,19.939772,20.95284,20.896456,25.3
T000178,1984-07-31,24.282942,28.617613,21.040272,21.022482,23.778322,28.0
T000178,1984-08-31,26.847612,29.659048,21.218702,21.192814,24.49677,26.9
T000178,1984-09-30,25.556114,28.624973,22.140266,21.588266,24.750437,19.1
T000178,1984-10-31,19.423925,22.34034,22.628265,21.373184,29.494383,25.3
T000178,1984-11-30,25.194178,27.700573,23.344412,22.193216,25.8655,26.6
T000178,1984-12-31,25.109556,26.65687,23.617529,23.57427,25.709364,30.6
T000178,1985-01-31,29.59606,32.154045,24.774126,25.036211,27.174643,31.1
T000178,1985-02-28,30.314981,31.607502,25.365839,26.040924,27.389229,23.8
T000178,1985-03-31,24.213537,23.798342,25.91169,26.172653,26.656996,25.8
T000178,1985-04-30,25.940235,25.406761,26.4787,25.639187,30.248577,34.1
T000179,1986-11-30,304562.9,283150.0,331090.1,346080.22,284877.34,307591.0
T000179,1986-12-31,303708.78,286040.72,325830.12,347624.38,257424.66,329214.0
T000179,1987-01-31,322644.56,316376.16,320422.1,350540.28,242585.33,341703.0
T000179,1987-02-28,334975.62,334176.47,316752.06,350300.38,231315.53,352793.0
T000179,1987-03-31,348614.72,340497.3,316390.66,346344.12,221947.88,366291.0
T000179,1987-04-30,365354.88,344195.22,318255.66,345047.12,247725.33,366154.0
T000179,1987-05-31,364088.75,352489.4,321700.94,343305.6,251112.12,323056.0
T000179,1987-06-30,323203.97,318028.56,322919.1,342602.12,255224.56,338512.0
T000179,1987-07-31,341294.47,342635.75,327370.1,340439.12,267847.06,354630.0
T000179,1987-08-31,355139.3,344820.78,328804.97,339640.47,279550.06,366305.0
T000179,1987-09-30,368549.16,352242.6,335955.47,341416.3,296760.3,353958.0
T000179,1987-10-31,360298.34,344629.16,342008.84,344274.03,340063.53,358280.0
T000179,1987-11-30,363377.44,350865.66,347180.78,348336.4,337720.66,374104.0
T000179,1987-12-31,374950.66,364436.4,353382.34,363697.22,349912.84,401485.0
T000180,1982-07-31,28558.465,26772.355,38926.523,45880.188,38229.312,34806.7
T000180,1982-08-31,32771.453,36567.605,34454.637,43382.527,33278.19,28389.7
T000180,1982-09-30,27066.324,32203.908,34518.105,45409.727,35111.18,43799.8
T000180,1982-10-31,40759.902,46780.984,32811.17,42581.25,27673.559,35460.4
T000180,1982-11-30,34171.027,33119.598,32534.398,41784.418,37572.85,35460.4
T000180,1982-12-31,35798.23,39486.77,32913.145,41430.402,41089.53,49946.4
T000180,1983-01-31,46545.22,53705.355,34011.484,40116.86,35168.332,46876.2
T000180,1983-02-28,43010.574,53283.97,33410.34,40565.21,30122.209,43359.1
T000180,1983-03-31,40350.645,49743.57,35618.758,41237.25,33560.42,47879.5
T000180,1983-04-30,44857.387,51524.766,35713.895,39585.5,28855.922,28033.8
T000180,1983-05-31,29800.496,27728.412,37113.273,39761.004,41597.35,28034.5
T000180,1983-06-30,32017.64,31453.283,38515.406,40016.44,47083.14,42301.2
T000180,1983-07-31,41325.66,44689.39,38652.016,41815.29,42845.812,44803.1
T000180,1983-08-31,42758.098,47762.79,39684.71,41485.617,35891.746,42242.4
T000181,1981-09-30,539.09515,617.6223,471.49063,562.56903,518.2475,340.44
T000181,1981-10-31,291.04156,472.47412,430.15424,577.88904,551.0209,219.87
T000181,1981-11-30,190.59027,315.90625,418.04666,564.4837,648.87933,420.82
T000181,1981-12-31,360.69055,523.7932,385.2963,522.0854,518.7027,108.75
T000181,1982-01-31,63.437164,296.94043,352.08832,558.7644,714.0255,489.38
T000181,1982-02-28,439.2362,756.1281,371.6802,510.75256,447.42526,624.13
T000181,1982-03-31,516.919,781.52106,364.9844,477.17834,379.78873,200.95
T000181,1982-04-30,184.61063,253.24022,371.36,512.37646,382.10214,392.45
T000181,1982-05-31,365.425,416.3816,397.93082,448.65073,584.921,390.08
T000181,1982-06-30,365.11792,349.5639,375.4136,466.53693,424.282,104.02
T000181,1982-07-31,160.3107,206.92374,371.06323,433.91312,593.08453,936.2
T000181,1982-08-31,877.2799,1061.5273,422.44116,451.128,479.49527,406.63
T000181,1982-09-30,305.0539,387.99713,359.64288,476.63898,412.61426,560.3
T000181,1982-10-31,518.6892,747.29224,452.8422,484.66437,560.89514,567.39
T000182,1984-07-31,5789.0347,6789.9243,5462.0654,5602.941,5231.3843,5556.17
T000182,1984-08-31,5385.562,5868.654,5597.3804,5736.75,6219.8574,6159.39
T000182,1984-09-30,5995.3193,6274.3115,5596.93,5752.229,5752.169,5545.19
T000182,1984-10-31,5406.221,5589.6567,5656.214,5859.242,5998.696,4284.16
T000182,1984-11-30,4578.6973,4741.8315,5627.969,5810.715,6326.041,6373.25
T000182,1984-12-31,6336.603,6527.2544,5767.5483,5960.973,5539.109,6184.62
T000182,1985-01-31,5979.383,5870.914,5678.7197,5942.3105,5341.667,6616.33
T000182,1985-02-28,6536.6743,6770.33,5914.1177,5865.904,5837.7207,6431.64
T000182,1985-03-31,6315.066,6331.176,5859.861,6288.867,5567.8223,5986.43
T000182,1985-04-30,6013.2646,5712.7188,6000.974,6327.7856,5412.3994,6427.08
T000182,1985-05-31,6352.7354,6135.058,6014.279,6237.6904,6538.2,6788.01
T000182,1985-06-30,6610.0806,6820.1924,6049.517,6316.7246,5811.1777,6144.87
T000182,1985-07-31,5979.1865,6541.0396,6060.2363,6257.6274,5414.135,5975.85
T000182,1985-08-31,5951.192,6167.4,6102.8057,6265.699,5990.347,6898.8
T000183,1983-05-31,32.941444,33.363014,29.334042,29.817947,31.203123,24.76
T000183,1983-06-30,25.035135,25.01064,29.37629,30.242287,29.298666,25.52
T000183,1983-07-31,25.566448,26.753046,29.413649,29.620771,31.56894,22.66
T000183,1983-08-31,23.427603,24.04672,28.78489,29.68791,33.05672,28.9
T000183,1983-09-30,28.38507,30.081903,29.386751,29.734064,25.692408,34.04
T000183,1983-10-31,33.298767,34.501087,29.326036,29.989033,28.85373,24.92
T000183,1983-11-30,25.39975,23.15803,29.880213,29.97032,29.190155,19.23
T000183,1983-12-31,20.547869,15.643003,28.72969,27.967327,31.458944,24.38
T000183,1984-01-31,25.22271,23.089638,28.613857,28.188868,33.843136,23.16
T000183,1984-02-29,23.107933,22.327803,27.620848,27.87027,30.03252,25.57
T000183,1984-03-31,24.958843,28.618124,26.732235,28.510126,27.952274,40.98
T000183,1984-04-30,38.31854,43.682117,27.33881,27.975464,25.451704,20.06
T000183,1984-05-31,19.257591,18.755608,25.914083,29.614378,28.413565,25.7
T000183,1984-06-30,25.600628,30.404118,27.590311,28.609531,31.113747,24.27
T000184,1983-09-30,651.89856,866.3312,650.122,779.0482,614.4968,493.44
T000184,1983-10-31,451.80862,587.8174,636.1268,779.81934,732.52563,616.91
T000184,1983-11-30,602.4834,649.55023,625.234,733.142,543.4281,584.97
T000184,1983-12-31,554.53546,599.2035,620.9446,713.2398,799.25507,566.69
T000184,1984-01-31,571.8389,645.4783,607.3022,709.78485,701.8375,594.11
T000184,1984-02-29,586.52515,639.3518,625.70886,688.79706,701.3108,539.27
T000184,1984-03-31,525.5327,608.7755,575.3147,677.9932,695.68317,584.97
T000184,1984-04-30,554.39233,643.81976,602.16473,656.1096,686.7192,710.65
T000184,1984-05-31,662.8126,764.1728,574.1783,646.1993,687.02704,520.99
T000184,1984-06-30,502.461,591.0934,587.8991,624.4396,752.9815,728.93
T000184,1984-07-31,702.73444,855.54724,594.7282,632.2004,765.64935,525.56
T000184,1984-08-31,489.32257,598.5494,594.7875,628.3013,763.726,653.52
T000184,1984-09-30,614.59186,733.36334,607.47235,619.93024,644.96606,621.53
T000184,1984-10-31,584.33844,650.45087,604.82104,620.8339,800.7173,850.03
T000185,1983-07-31,58.493984,57.15407,59.387753,60.04925,59.10846,62.4
T000185,1983-08-31,61.819,61.088764,60.097,60.504288,57.93103,67.89
T000185,1983-09-30,66.40235,65.91526,60.509598,60.51361,55.26645,67.83
T000185,1983-10-31,66.43318,64.608795,60.76085,60.819103,57.36511,66.12
T000185,1983-11-30,65.32108,63.818245,61.30492,62.844696,58.975048,64.62
T000185,1983-12-31,64.31468,63.68661,61.66277,63.32524,61.95363,65.33
T000185,1984-01-31,64.677795,66.87616,61.897064,63.472637,60.837322,65.94
T000185,1984-02-29,64.91107,68.57027,62.20154,63.73301,59.795185,63.33
T000185,1984-03-31,62.452316,65.22021,62.291046,63.820953,56.87593,61.28
T000185,1984-04-30,61.07535,60.76615,62.894142,63.75972,57.735935,61.08
T000185,1984-05-31,61.85277,58.3016,63.247856,64.02288,59.960575,62.94
T000185,1984-06-30,64.0661,59.956173,64.15196,65.06243,62.392925,64.86
T000185,1984-07-31,65.76706,62.424294,64.50429,65.53822,62.57265,65.37
T000185,1984-08-31,65.69343,63.46755,64.66944,65.634186,62.269005,66.89
T000186,1982-07-31,44273.258,39275.156,41932.223,45906.645,35454.66,46243.6
T000186,1982-08-31,45083.887,41684.43,42112.27,46844.125,35111.15,48414.4
T000186,1982-09-30,47435.957,46708.523,42834.1,48684.156,34492.5,45192.4
T000186,1982-10-31,44515.598,40791.53,42612.793,48151.055,35594.33,48806.3
T000186,1982-11-30,48146.35,43635.07,43430.31,47890.445,40676.688,48806.3
T000186,1982-12-31,47670.92,45856.965,43435.668,47098.71,44772.18,50914.9
T000186,1983-01-31,48825.734,53538.54,43943.08,47160.258,37610.83,51717.3
T000186,1983-02-28,48742.445,56092.137,44282.348,47541.33,34580.492,50644.3
T000186,1983-03-31,48340.24,53112.24,44597.777,48449.01,34409.54,57736.8
T000186,1983-04-30,55237.203,57350.812,46213.68,48757.36,33833.125,28301.6
T000186,1983-05-31,30794.652,26883.277,45493.566,49005.81,43395.645,28301.6
T000186,1983-06-30,33428.645,29588.469,46856.812,50317.156,41991.51,49534.0
T000186,1983-07-31,49237.242,44103.58,46263.215,51439.38,37866.32,50079.8
T000186,1983-08-31,48821.523,46735.156,46848.773,51400.35,37179.363,50902.4
T000187,1983-07-31,4766.3296,4391.1123,5313.569,5494.344,5670.395,6042.71
T000187,1983-08-31,6043.3384,6686.798,5351.1646,5570.392,5571.6978,5964.91
T000187,1983-09-30,5778.1494,5977.326,5384.0635,5649.6025,5158.6675,5943.42
T000187,1983-10-31,5820.1763,6469.747,5436.2246,5692.0176,5332.9688,5221.56
T000187,1983-11-30,5058.6025,5264.7197,5516.119,5683.7354,5946.331,6034.75
T000187,1983-12-31,5878.3555,5970.0186,5528.026,5668.2515,4951.7446,5488.95
T000187,1984-01-31,5395.0015,5270.8257,5608.0913,5770.145,6357.163,5607.51
T000187,1984-02-29,5663.3833,5936.3184,5582.762,5668.595,5661.8184,5903.66
T000187,1984-03-31,5825.4053,6136.1553,5648.0156,5865.063,5711.6157,5570.36
T000187,1984-04-30,5464.6846,5928.28,5551.341,5792.7563,5255.317,4643.4
T000187,1984-05-31,4849.7646,4628.1035,5663.337,5825.8467,6108.59,5751.47
T000187,1984-06-30,5666.797,5842.363,5543.843,5836.4307,5193.989,4760.56
T000187,1984-07-31,4789.2295,4353.954,5614.9277,5860.209,5818.0815,5327.36
T000187,1984-08-31,5274.3374,5552.5293,5511.4224,5793.386,5699.2046,5104.5
T000188,1981-03-31,14497.345,14302.271,11333.701,11287.723,10531.834,13528.1
T000188,1981-04-30,12866.449,13078.904,11328.144,11538.968,13226.766,14312.1
T000188,1981-05-31,13537.59,15556.639,11817.472,12515.838,13736.8125,12436.6
T000188,1981-06-30,11476.759,14583.67,11566.417,12683.331,12457.2,9700.24
T000188,1981-07-31,9126.974,11892.317,11759.609,12709.361,12652.075,9131.45
T000188,1981-08-31,8744.768,11133.51,11459.677,12724.428,13617.6455,8362.81
T000188,1981-09-30,8151.4756,9636.565,11271.937,12724.31,11544.758,6594.94
T000188,1981-10-31,7134.3037,7564.4697,11316.113,11380.382,13195.334,8362.81
T000188,1981-11-30,8788.284,8257.816,11158.065,11215.879,12707.719,9561.89
T000188,1981-12-31,9440.653,8081.93,11114.71,11173.712,11147.202,10192.2
T000188,1982-01-31,10257.095,9300.527,10790.746,11098.785,12184.154,11668.0
T000188,1982-02-28,11352.169,10999.631,10892.713,11042.246,11527.019,11375.9
T000188,1982-03-31,10723.813,10694.777,10457.894,11384.257,10788.119,10561.1
T000188,1982-04-30,9943.051,11248.115,10208.386,11931.009,12646.745,10883.9
T000189,1987-09-30,13588.373,16473.566,12553.922,13828.103,13168.449,11862.5
T000189,1987-10-31,11347.565,13795.942,12580.006,14072.191,14882.634,14792.5
T000189,1987-11-30,14006.079,17064.656,12627.854,13872.898,13592.339,13011.9
T000189,1987-12-31,11942.382,14075.332,12573.7,13701.607,12281.309,7242.3
T000189,1988-01-31,8037.917,8731.988,12495.599,13919.181,14445.973,10948.9
T000189,1988-02-29,11479.652,11805.707,12686.082,14245.731,14216.699,13151.5
T000189,1988-03-31,12565.678,13058.96,12458.851,14283.771,11677.45,11315.9
T000189,1988-04-30,11470.827,11400.136,12920.635,14298.538,14096.379,13043.3
T000189,1988-05-31,12796.453,13526.223,12586.453,14225.514,13310.342,12476.0
T000189,1988-06-30,12164.312,11360.455,12801.753,14095.731,12080.681,12853.9
T000189,1988-07-31,12418.895,12683.836,12401.777,13864.385,15048.194,13909.0
T000189,1988-08-31,13372.545,14623.251,12675.417,13654.0205,14617.954,10407.0
T000189,1988-09-30,9832.236,12840.405,11963.153,13820.383,11763.557,10561.3
T000189,1988-10-31,10125.482,12446.77,12197.426,14177.827,13045.736,13578.1
T000190,1986-05-31,9634.762,7904.8037,20656.863,20833.285,26998.664,13925.3
T000190,1986-06-30,15693.684,15300.088,20472.936,22028.535,22292.936,16582.1
T000190,1986-07-31,16177.368,15313.597,20023.293,20920.957,20068.15,19562.7
T000190,1986-08-31,18744.154,20842.26,20001.613,20723.996,17630.256,19731.7
T000190,1986-09-30,19223.121,18059.234,20033.838,21839.89,17360.277,17089.1
T000190,1986-10-31,17733.96,12418.287,19806.205,21866.34,17748.045,16751.1
T000190,1986-11-30,16872.268,12290.375,19605.482,21684.703,24360.887,17232.8
T000190,1986-12-31,15976.532,16334.104,18518.213,21264.22,21344.744,15481.1
T000190,1987-01-31,13920.326,21148.785,17388.543,20944.746,16814.379,14587.1
T000190,1987-02-28,12889.479,21035.033,16418.727,21891.742,14334.774,20384.0
T000190,1987-03-31,18873.969,21481.188,16491.094,20328.611,12636.416,15528.5
T000190,1987-04-30,14657.66,14546.5205,16150.114,19734.705,18074.846,6705.17
T000190,1987-05-31,8587.316,9195.704,16513.676,20048.154,20083.639,15408.5
T000190,1987-06-30,16403.27,18260.066,16314.956,18432.22,13636.586,15754.4
T000191,1986-05-31,14953.135,27285.1,41027.402,46989.836,65828.484,42799.7
T000191,1986-06-30,41910.387,52398.383,38456.87,45212.633,38798.508,42874.6
T000191,1986-07-31,38167.434,46613.145,39362.246,45817.586,39827.254,46076.2
T000191,1986-08-31,44107.664,52607.16,39775.27,46863.64,37776.336,42166.2
T000191,1986-09-30,40565.2,38599.684,40498.4,47034.7,39283.98,40122.6
T000191,1986-10-31,40411.387,38361.066,40999.215,45650.223,37236.84,40980.9
T000191,1986-11-30,40088.05,37569.23,41029.215,44987.617,55663.85,46205.7
T000191,1986-12-31,44345.613,49379.312,41218.14,44838.445,38068.594,38930.5
T000191,1987-01-31,36115.71,45835.902,39959.348,44467.965,41061.098,37418.2
T000191,1987-02-28,36174.086,44922.61,39644.66,46980.473,40864.46,39039.5
T000191,1987-03-31,35792.125,44047.617,38841.67,44393.37,41715.215,50708.4
T000191,1987-04-30,48053.32,53492.203,40413.86,45081.637,37308.336,22166.2
T000191,1987-05-31,25897.037,23769.385,40839.258,45643.555,52280.08,46512.2
T000191,1987-06-30,45170.574,50556.656,41422.527,46288.87,33888.33,44557.2
T000192,1984-10-31,3217.5034,3947.849,3025.9832,3129.683,2972.71,3400.12
T000192,1984-11-30,3192.6785,3830.086,3182.9353,3292.411,3150.0488,3317.04
T000192,1984-12-31,3154.2935,3439.1584,3146.7407,3308.6172,3355.08,3051.22
T000192,1985-01-31,2995.277,3211.9448,3174.6257,3339.6514,3358.604,1689.11
T000192,1985-02-28,1981.91,2100.1943,3218.0227,3342.5361,3916.0862,2979.33
T000192,1985-03-31,3025.833,3317.8748,3153.876,3379.5977,3146.3152,3110.79
T000192,1985-04-30,2927.7922,2810.1167,3230.9866,3446.1177,2820.3818,3460.37
T000192,1985-05-31,3380.9617,3449.785,3184.0276,3361.8748,3150.6628,3633.11
T000192,1985-06-30,3548.7007,3401.5986,3305.0657,3390.7256,3082.2427,3512.06
T000192,1985-07-31,3494.8167,3225.4543,3246.2803,3566.9517,2914.9678,3477.47
T000192,1985-08-31,3428.825,3316.1887,3296.567,3501.9573,3813.5815,4083.36
T000192,1985-09-30,3879.802,4308.9956,3303.037,3520.526,3009.8154,3463.34
T000192,1985-10-31,3254.2395,3754.633,3259.9187,3548.6448,2739.0002,3435.35
T000192,1985-11-30,3283.9275,3758.67,3321.0537,3660.1943,2842.7,3807.06
T000193,1981-11-30,11765.215,13446.059,12692.669,17003.764,13753.777,14770.4
T000193,1981-12-31,14848.989,18558.896,13341.051,16168.865,11452.1,18370.5
T000193,1982-01-31,17384.418,17781.41,13366.762,15665.122,7363.5586,18833.2
T000193,1982-02-28,18262.172,17750.088,13891.673,16059.38,11695.838,19869.8
T000193,1982-03-31,18913.041,19513.113,14817.686,15686.728,11965.385,24182.4
T000193,1982-04-30,23070.373,22693.395,15460.639,16002.538,9353.688,19147.9
T000193,1982-05-31,19073.451,19120.406,16262.081,15725.658,15627.111,21415.3
T000193,1982-06-30,21184.139,20679.268,17106.209,16667.682,16692.57,18037.3
T000193,1982-07-31,17755.44,18020.617,17031.346,17297.63,15318.192,14094.9
T000193,1982-08-31,15171.191,16509.14,17762.584,16813.588,20350.762,18916.5
T000193,1982-09-30,19279.11,18845.379,18183.014,19822.184,18614.691,20267.7
T000193,1982-10-31,19289.518,19642.658,18078.645,19632.229,17243.31,17139.6
T000193,1982-11-30,16833.752,16973.715,19070.592,19463.55,19162.373,17398.8
T000193,1982-12-31,17921.328,17056.08,18753.38,19746.934,20144.883,22748.0
T000194,1982-07-31,1040.0891,1144.7039,1067.9241,1128.6521,1066.5499,1180.43
T000194,1982-08-31,1088.8583,1038.1061,1039.5322,1147.0055,811.49695,1078.13
T000194,1982-09-30,1055.3197,1059.6627,1063.8601,1189.2483,1177.4327,1211.91
T000194,1982-10-31,1197.007,1204.1395,1071.5708,1168.3531,1138.1708,1007.3
T000194,1982-11-30,978.4735,956.2802,1058.5127,1192.8907,1066.4427,1274.87
T000194,1982-12-31,1202.6824,1352.252,1062.766,1191.3496,1362.49,1235.52
T000194,1983-01-31,1115.7877,1343.7324,1052.9777,1234.0438,1152.6709,952.22
T000194,1983-02-28,843.2024,1230.1031,1012.85736,1195.2932,903.8744,865.65
T000194,1983-03-31,818.214,1117.3455,1031.0895,1242.0027,1148.4551,1046.65
T000194,1983-04-30,1002.73535,1116.9011,997.3087,1152.929,974.29376,786.96
T000194,1983-05-31,759.8821,843.7116,1024.7723,1124.7502,1107.3164,409.22
T000194,1983-06-30,536.62,563.6756,993.35425,1123.5543,1210.8986,983.7
T000194,1983-07-31,999.0829,992.2848,1013.152,1125.1288,861.54095,991.57
T000194,1983-08-31,938.931,830.0548,979.19324,1115.6116,873.6632,952.22
T000195,1981-07-31,12333.429,12370.907,12541.441,12671.987,12556.828,12269.4
T000195,1981-08-31,12285.136,12310.211,12510.268,12672.943,12558.025,12093.6
T000195,1981-09-30,12103.162,12134.801,12463.997,12687.108,12512.983,12006.9
T000195,1981-10-31,12027.724,12077.947,12413.551,12698.999,12505.412,11840.0
T000195,1981-11-30,11879.996,11892.172,12353.878,12688.094,12423.76,11828.9
T000195,1981-12-31,11855.491,11883.83,12287.817,12607.496,12352.434,11817.8
T000195,1982-01-31,11835.107,11875.028,12216.941,12607.995,12402.232,11726.5
T000195,1982-02-28,11735.501,11859.989,12149.308,12562.972,12336.834,11686.5
T000195,1982-03-31,11683.592,11886.615,12073.478,12520.851,12275.652,11811.1
T000195,1982-04-30,11791.773,12025.214,12017.078,12468.401,12221.26,11955.7
T000195,1982-05-31,11885.28,12117.295,11985.213,12299.173,12139.977,11940.1
T000195,1982-06-30,11854.635,12126.336,11937.315,12222.793,12154.835,11635.3
T000195,1982-07-31,11573.238,11923.077,11888.473,12192.382,12179.846,11550.8
T000195,1982-08-31,11494.073,11912.468,11829.86,12165.794,12161.894,11452.9
T000196,1981-11-30,5627.0093,8742.171,6659.887,11673.207,6647.898,9822.51
T000196,1981-12-31,8121.245,11892.782,7084.037,11005.916,6528.567,7840.02
T000196,1982-01-31,7212.9336,10593.654,6461.7163,10146.881,7819.7686,2476.72
T000196,1982-02-28,3072.7456,5952.934,7131.769,8942.101,7478.29,10613.7
T000196,1982-03-31,10312.553,12037.927,6806.6953,8699.364,4669.7783,11503.9
T000196,1982-04-30,10538.935,9786.317,7828.465,8945.99,7318.294,9330.57
T000196,1982-05-31,8865.988,10291.516,7776.8706,8700.238,8292.501,8699.87
T000196,1982-06-30,8894.162,10060.442,8311.015,8784.596,10344.579,16068.2
T000196,1982-07-31,15619.68,16540.66,9265.788,9572.147,8382.917,12589.2
T000196,1982-08-31,11979.721,9743.759,9367.125,10801.808,13833.464,14735.4
T000196,1982-09-30,13683.61,17225.996,10335.615,10346.49,13456.217,11770.4
T000196,1982-10-31,10489.523,15042.296,10191.749,10952.633,12145.576,14829.4
T000196,1982-11-30,13780.772,17457.328,11276.729,10930.992,9622.786,12929.5
T000196,1982-12-31,12270.83,12548.746,11264.135,11797.514,14407.031,11782.5
T000197,1982-05-31,12719.052,7656.9326,24111.072,28776.51,28290.36,1130.32
T000197,1982-06-30,2252.713,3710.2168,22084.21,29559.842,30455.69,4296.38
T000197,1982-07-31,3311.4648,11128.739,19611.242,30336.156,26800.928,5911.45
T000197,1982-08-31,4497.3203,11504.598,17293.738,28698.148,19383.33,16140.3
T000197,1982-09-30,13761.66,20925.318,17004.094,26497.77,16653.844,22347.7
T000197,1982-10-31,18640.318,22113.873,15963.861,26496.82,17285.547,21663.7
T000197,1982-11-30,18707.422,23148.748,16137.379,25705.688,15899.828,9564.6
T000197,1982-12-31,9122.866,15298.986,14429.165,26147.88,19904.904,19365.7
T000197,1983-01-31,19141.613,24077.451,15000.35,22789.543,11181.443,18152.7
T000197,1983-02-28,16763.045,19768.148,13686.681,21817.846,12315.62,16209.0
T000197,1983-03-31,15088.496,20220.871,14205.058,22199.43,13232.115,18881.0
T000197,1983-04-30,17230.6,23864.172,13873.276,20704.71,15097.35,21149.8
T000197,1983-05-31,19627.824,27632.18,14585.3545,20472.78,13534.798,17825.2
T000197,1983-06-30,17711.492,20245.393,16478.895,21715.846,18683.906,15936.3
T000198,1983-05-31,364.93268,366.7979,364.65625,373.57153,358.23788,256.32
T000198,1983-06-30,256.29327,271.37213,346.90225,382.50555,361.62103,406.08
T000198,1983-07-31,395.08716,431.6543,356.30414,378.43835,330.6078,264.37
T000198,1983-08-31,265.4203,275.42346,340.04385,379.87146,379.6644,397.03
T000198,1983-09-30,395.50183,414.7414,358.98383,379.73962,313.82886,335.55
T000198,1983-10-31,326.39944,321.53738,345.54733,378.83878,401.08328,405.97
T000198,1983-11-30,395.6953,427.55078,360.44394,379.54834,318.6125,330.61
T000198,1983-12-31,323.26193,312.50317,351.74603,370.36353,366.75357,316.21
T000198,1984-01-31,322.1579,328.05417,347.2398,372.4477,365.1501,390.77
T000198,1984-02-29,377.09933,393.93164,355.13434,367.9425,357.63828,406.91
T000198,1984-03-31,396.84296,427.59283,345.25635,383.0993,366.27997,336.41
T000198,1984-04-30,331.50986,377.25452,360.47485,367.94577,368.685,483.21
T000198,1984-05-31,464.68698,510.55453,359.45587,378.80267,335.43802,354.5
T000198,1984-06-30,346.2867,332.6429,369.57117,381.31808,374.5595,330.15
T000199,1983-01-31,2130.4023,2308.601,2125.3618,2312.3252,2459.6836,2016.21
T000199,1983-02-28,2003.4121,2124.584,2109.986,2272.9814,2553.468,2019.93
T000199,1983-03-31,2019.2261,2290.93,2138.619,2254.0593,2686.173,1822.77
T000199,1983-04-30,1741.4563,2104.1243,2059.5515,2230.0999,2558.0933,2410.52
T000199,1983-05-31,2274.9182,2631.037,2140.4058,2176.5627,2218.464,2239.41
T000199,1983-06-30,2113.1213,2317.6501,2083.671,2188.9297,2522.8901,2555.6
T000199,1983-07-31,2457.9597,2742.7205,2170.585,2178.7217,2221.2273,1952.97
T000199,1983-08-31,1893.7428,1958.0388,2120.27,2187.4648,2510.8423,1536.34
T000199,1983-09-30,1616.4485,1754.6182,2124.8257,2177.0068,2559.626,2313.81
T000199,1983-10-31,2262.0837,2598.7468,2121.3362,2182.7573,2360.593,2105.49
T000199,1983-11-30,2018.4337,2210.3792,2068.2478,2193.336,2067.0305,2191.05
T000199,1983-12-31,2135.6104,2374.6794,2156.956,2197.25,2174.8442,2213.37
T000199,1984-01-31,2126.2861,2247.672,2080.6633,2197.5452,2245.6455,1458.22
T000199,1984-02-29,1510.1177,1484.1259,2117.1003,2218.1384,2144.557,2038.53
T000200,1985-03-31,1749.6443,1816.0377,1857.8019,1975.3066,1721.7402,933.31
T000200,1985-04-30,1150.6002,1008.5259,1824.5258,1885.268,1749.7467,1712.3
T000200,1985-05-31,1827.2272,1619.5566,1894.28,1941.1807,1698.3945,1881.33
T000200,1985-06-30,1823.7417,1558.8293,1816.2299,1934.7661,1551.7251,2307.56
T000200,1985-07-31,2269.9163,2337.185,1932.8665,1997.5583,1723.0398,2447.19
T000200,1985-08-31,2380.5908,2413.0103,1894.5815,1997.7373,1628.2836,1969.51
T000200,1985-09-30,1984.2659,1815.4504,1984.5472,2075.4504,1824.0663,2505.98
T000200,1985-10-31,2390.1692,2371.4482,2011.138,2128.8074,2177.5486,2263.47
T000200,1985-11-30,2166.1455,2154.785,2030.1179,2156.1833,2136.4011,2410.45
T000200,1985-12-31,2296.313,2684.8926,2082.7046,2112.1882,1821.4963,2204.68
T000200,1986-01-31,2105.723,2379.167,2069.173,2176.3315,2021.3506,2814.64
T000200,1986-02-28,2664.3247,2899.5938,2126.0276,2185.1636,1645.6818,2065.05
T000200,1986-03-31,2009.3381,2009.7325,2135.5122,2222.6262,2096.8618,852.47
T000200,1986-04-30,1126.5535,1012.33575,2152.0623,2226.355,2211.6272,2601.52
T000201,1988-01-31,843.8878,837.74176,855.4296,864.55963,869.9527,823.63
T000201,1988-02-29,824.4355,829.7489,848.2045,858.6312,870.0704,814.55
T000201,1988-03-31,814.1381,827.1056,848.9448,857.8676,872.7834,803.69
T000201,1988-04-30,799.9478,824.48535,840.26685,857.6845,864.5871,806.04
T000201,1988-05-31,796.39484,831.04926,838.16473,860.21173,845.4408,814.34
T000201,1988-06-30,804.3249,825.17114,832.981,857.76807,829.9777,811.1
T000201,1988-07-31,806.73303,817.4181,830.1379,853.91406,840.39197,830.07
T000201,1988-08-31,825.80426,840.357,829.7556,850.6098,828.7928,823.89
T000201,1988-09-30,822.11505,828.00903,825.5543,849.9529,823.31274,862.06
T000201,1988-10-31,859.5509,868.2294,829.0359,848.361,804.7168,854.67
T000201,1988-11-30,851.2678,852.455,826.22095,848.7858,804.6584,849.02
T000201,1988-12-31,846.4257,850.1036,829.27216,849.0253,793.13605,840.59
T000201,1989-01-31,836.9292,839.5076,829.7665,847.6691,814.7043,855.8
T000201,1989-02-28,852.2564,858.18365,831.7423,847.1318,813.58923,837.77
T000202,1976-04-30,100.692215,111.175865,81.58214,94.18423,82.95809,96.94
T000202,1976-05-31,88.26608,106.95755,80.608894,94.231346,93.78135,69.98
T000202,1976-06-30,63.913612,91.753845,80.45403,94.157326,84.75057,68.82
T000202,1976-07-31,65.76262,86.35399,81.5556,93.48848,83.01755,64.97
T000202,1976-08-31,67.2289,71.5955,80.03192,82.928215,89.24278,64.17
T000202,1976-09-30,65.77517,64.85693,82.78856,78.67345,83.0401,64.61
T000202,1976-10-31,65.72937,59.253757,79.98672,76.62506,79.804855,65.86
T000202,1976-11-30,70.05839,53.662407,82.768326,74.12457,79.5139,89.66
T000202,1976-12-31,91.41002,76.35131,81.58126,73.95294,85.53912,107.58
T000202,1977-01-31,104.74503,95.08954,84.72572,79.084366,87.25209,142.33
T000202,1977-02-28,134.18373,133.72403,87.82375,81.97449,88.75049,123.32
T000202,1977-03-31,114.51145,122.36074,88.07796,99.919106,100.890724,134.53
T000202,1977-04-30,123.30592,147.70195,94.00433,100.76279,81.69183,117.77
T000202,1977-05-31,107.32565,121.832565,94.32702,103.85299,90.34674,105.25
T000203,1985-11-30,298.40823,311.453,265.91287,309.28625,226.65955,253.6
T000203,1985-12-31,243.54651,258.3968,273.46924,305.72327,233.17905,305.1
T000203,1986-01-31,298.71283,289.92535,268.02594,311.73163,213.4719,269.6
T000203,1986-02-28,262.59848,243.63911,271.80533,307.65662,342.50052,283.9
T000203,1986-03-31,269.45407,331.85223,268.8672,301.87747,263.7907,284.8
T000203,1986-04-30,264.17438,330.56366,271.98474,301.67532,219.92719,283.8
T000203,1986-05-31,271.10696,304.9186,271.72018,306.94965,213.2781,257.1
T000203,1986-06-30,247.15088,249.75656,270.66574,305.74707,261.97675,295.5
T000203,1986-07-31,283.91962,310.03885,270.10916,305.6828,213.70221,20.9
T000203,1986-08-31,64.63214,24.673645,266.76706,314.59387,302.77536,252.0
T000203,1986-09-30,264.4239,280.06644,263.25565,314.70975,205.06369,301.9
T000203,1986-10-31,274.09183,245.2361,264.2673,323.81903,227.32715,245.2
T000203,1986-11-30,234.39877,277.83884,252.75232,312.63992,190.92532,243.4
T000203,1986-12-31,236.89803,262.2249,259.90656,312.7165,252.28163,272.0
T000204,1979-11-30,4042.9192,4230.6245,4200.061,4335.227,4327.969,4100.0
T000204,1979-12-31,4104.423,3969.8145,4233.63,4244.726,4421.6255,4358.0
T000204,1980-01-31,4388.7485,4177.8325,4257.648,4223.1255,4389.469,4828.0
T000204,1980-02-29,4810.3555,4706.4414,4314.5444,4236.944,4328.362,5392.0
T000204,1980-03-31,5278.26,5335.8525,4369.6494,4263.6,4252.089,5465.0
T000204,1980-04-30,5304.7734,5421.256,4426.0596,4312.101,4333.9116,5475.0
T000204,1980-05-31,5309.474,5451.9297,4550.394,4363.032,4407.537,5535.0
T000204,1980-06-30,5409.6934,5486.015,4679.328,4417.372,4683.306,5500.0
T000204,1980-07-31,5398.597,5574.089,4794.947,4609.3594,4836.4644,5908.0
T000204,1980-08-31,5756.9927,6070.937,4951.7085,4716.566,4783.1016,6125.0
T000204,1980-09-30,5962.925,6213.482,5080.723,4756.016,4723.4214,6148.0
T000204,1980-10-31,6054.837,6091.9863,5272.8066,4806.8813,4861.439,6475.0
T000204,1980-11-30,6470.194,6194.08,5480.281,5336.082,5134.783,6523.0
T000204,1980-12-31,6597.6147,6073.12,5663.0615,6069.499,5442.9404,6500.0
T000205,1983-01-31,1524.024,1515.2864,1430.4587,1531.2307,1309.9358,1324.46
T000205,1983-02-28,1347.862,1331.0554,1432.9973,1516.4928,1273.0444,1063.6
T000205,1983-03-31,1159.855,1027.1029,1449.3936,1542.6008,1338.9445,1474.39
T000205,1983-04-30,1477.1809,1406.548,1431.1346,1534.2898,1208.7932,1591.37
T000205,1983-05-31,1541.43,1453.28,1452.9825,1563.1902,1223.1732,1614.9
T000205,1983-06-30,1591.8179,1580.628,1454.1951,1531.7559,1262.6096,1509.35
T000205,1983-07-31,1508.4397,1494.1326,1466.6035,1536.116,1381.18,1698.27
T000205,1983-08-31,1677.8845,1634.6195,1495.5256,1545.196,1305.6249,1581.29
T000205,1983-09-30,1546.2559,1506.2614,1487.8015,1541.2776,1563.3136,1619.61
T000205,1983-10-31,1575.5863,1692.6779,1515.7344,1540.9263,1379.341,1474.39
T000205,1983-11-30,1442.0328,1544.6304,1493.2673,1526.7148,1321.8387,1553.72
T000205,1983-12-31,1528.4204,1613.531,1513.5326,1547.0903,1312.7357,1011.83
T000205,1984-01-31,1032.5623,974.65234,1469.3042,1555.2782,1476.9865,1308.33
T000205,1984-02-29,1335.9655,1378.205,1457.8246,1535.3169,1392.624,1040.07
T000206,1977-05-31,2.8545396,-0.027990818,5.151587,5.1625333,9.419736,5.22
T000206,1977-06-30,5.451698,4.9695263,5.6598287,5.3436966,6.5852895,6.42
T000206,1977-07-31,5.7314415,6.2879786,4.7842884,5.2573833,5.8653846,9.84
T000206,1977-08-31,8.386687,10.49943,5.2348614,5.556959,5.6345997,13.08
T000206,1977-09-30,10.925219,13.804281,4.9741383,5.437008,5.0239763,3.93
T000206,1977-10-31,3.385643,5.5829673,5.0963874,5.735496,8.169157,3.16
T000206,1977-11-30,3.231966,5.8785925,5.825518,5.6440454,9.324301,4.29
T000206,1977-12-31,3.9975867,5.252183,5.247939,5.4126167,7.915225,4.68
T000206,1978-01-31,4.1500087,7.093342,5.4816055,5.66833,5.911856,5.01
T000206,1978-02-28,4.5328045,6.680664,5.449098,5.7459598,5.172692,4.87
T000206,1978-03-31,4.4948335,4.5874987,5.1384873,4.9849195,2.642921,4.63
T000206,1978-04-30,5.0709805,2.2762523,5.815231,5.33538,6.966096,1.66
T000206,1978-05-31,2.8673398,-0.011502266,5.540262,5.3151283,9.717711,5.95
T000206,1978-06-30,6.277548,6.0770006,6.041132,5.3987007,7.2364135,6.98
T000207,1985-11-30,32.39744,32.12028,29.474894,30.148796,26.308672,32.26
T000207,1985-12-31,31.940851,30.775042,30.16567,30.783487,25.645987,31.48
T000207,1986-01-31,31.752531,28.966398,30.395765,30.814878,30.918781,31.79
T000207,1986-02-28,31.603363,31.087444,30.82234,30.9314,30.035282,35.81
T000207,1986-03-31,34.663986,37.253616,31.177044,31.45185,26.828278,35.93
T000207,1986-04-30,34.883156,36.50396,31.486513,31.458286,26.496878,35.67
T000207,1986-05-31,34.670097,35.28891,32.002735,33.045986,28.18156,34.25
T000207,1986-06-30,33.69551,33.251545,32.359608,34.08025,28.870613,28.15
T000207,1986-07-31,29.789202,26.318747,32.98338,33.940342,32.872005,28.25
T000207,1986-08-31,30.123817,27.300705,32.99436,34.230415,32.751236,36.48
T000207,1986-09-30,35.918076,35.153416,33.254837,34.50104,29.340992,40.54
T000207,1986-10-31,39.212765,38.555096,33.766285,34.374763,28.417355,35.73
T000207,1986-11-30,35.218956,34.85786,33.77086,34.240543,30.630045,38.75
T000207,1986-12-31,38.66553,36.897083,34.95137,35.004353,30.809092,34.06
T000208,1985-11-30,34.012383,37.024586,37.708607,39.89716,50.187355,35.1
T000208,1985-12-31,33.692814,37.2982,36.75043,38.437767,41.956192,29.8
T000208,1986-01-31,29.650955,31.160913,36.23944,38.95992,44.884197,33.1
T000208,1986-02-28,32.972298,37.30936,36.13169,39.40211,50.69679,40.3
T000208,1986-03-31,37.16063,44.26834,35.779377,38.505447,34.721684,34.8
T000208,1986-04-30,32.490646,37.886784,34.595932,38.906784,37.192917,29.4
T000208,1986-05-31,29.122143,33.229996,34.899223,39.9825,42.896088,36.2
T000208,1986-06-30,34.157322,38.97422,34.0709,37.33316,34.978867,28.7
T000208,1986-07-31,28.37891,31.628254,33.425446,37.62019,39.667023,22.3
T000208,1986-08-31,24.406271,27.868416,33.746586,37.730827,41.474632,34.4
T000208,1986-09-30,32.696545,36.0142,32.55684,36.431744,29.733395,30.7
T000208,1986-10-31,29.339277,31.30959,32.526184,37.37972,34.900177,30.5
T000208,1986-11-30,30.19327,32.915604,32.465897,35.87334,37.59722,31.4
T000208,1986-12-31,30.562382,32.309307,31.883278,33.210606,33.516575,23.9
T000209,1985-11-30,98.05671,98.96976,98.05748,99.841385,105.640305,106.8
T000209,1985-12-31,103.62367,103.48388,97.066475,100.92292,85.381294,84.4
T000209,1986-01-31,83.90932,79.416954,96.21298,100.113945,101.24004,96.5
T000209,1986-02-28,97.47946,98.20683,97.68561,101.21901,112.55009,120.9
T000209,1986-03-31,114.94231,124.63006,97.28726,101.650215,85.89701,89.0
T000209,1986-04-30,87.60956,93.45348,96.31655,101.262535,93.06221,100.0
T000209,1986-05-31,100.50464,103.76491,100.04625,102.90148,99.76156,117.5
T000209,1986-06-30,112.088806,110.80913,98.86082,103.725204,85.765396,73.0
T000209,1986-07-31,75.816765,71.22246,98.11754,103.75793,101.30642,73.4
T000209,1986-08-31,80.5534,80.43265,99.75759,102.964935,111.22055,107.7
T000209,1986-09-30,103.721344,101.835815,96.76735,104.34837,80.369484,94.8
T000209,1986-10-31,92.727684,91.71396,97.799576,104.377335,98.092865,94.7
T000209,1986-11-30,94.40231,102.33099,97.5302,104.05397,106.53897,98.6
T000209,1986-12-31,94.84323,98.48061,96.059135,103.02951,82.7192,74.2
T000210,1985-11-30,279.85516,283.68042,287.40784,289.64545,314.8277,294.8
T000210,1985-12-31,289.3806,285.81577,285.64618,290.91174,260.2853,249.8
T000210,1986-01-31,250.30751,234.18317,283.3929,290.7259,298.76227,274.4
T000210,1986-02-28,277.35794,276.881,285.70435,293.28067,331.24896,346.2
T000210,1986-03-31,328.82553,359.72766,285.3859,291.8828,246.66034,274.7
T000210,1986-04-30,267.57605,282.84464,281.1624,291.23172,263.25116,279.4
T000210,1986-05-31,280.0376,289.35266,289.15854,299.6726,296.6803,338.4
T000210,1986-06-30,322.77197,327.16492,286.5138,291.68845,260.58957,231.8
T000210,1986-07-31,236.54395,232.37747,282.95117,294.9398,295.79962,228.9
T000210,1986-08-31,244.77243,255.59227,289.70337,291.8056,317.147,316.3
T000210,1986-09-30,304.58118,306.81393,281.14438,291.07126,234.81061,281.3
T000210,1986-10-31,274.7754,272.36777,285.50687,298.9923,277.59274,278.8
T000210,1986-11-30,278.96063,290.3171,285.83493,297.9849,304.91418,268.1
T000210,1986-12-31,264.04138,267.02957,280.52924,292.1728,255.57353,216.9
T000211,1985-11-30,143.14618,133.3549,136.17729,137.72446,132.19467,142.0
T000211,1985-12-31,142.18498,134.19234,139.7491,140.98291,130.56737,150.8
T000211,1986-01-31,149.859,143.6605,138.446,140.02217,123.17575,147.7
T000211,1986-02-28,147.15604,140.8116,140.9309,144.87198,132.39127,163.3
T000211,1986-03-31,159.52412,161.615,142.29065,144.78247,120.35761,151.7
T000211,1986-04-30,149.55463,145.89027,143.31998,147.04326,124.053925,148.1
T000211,1986-05-31,146.41545,148.58005,145.06418,145.8185,123.00367,143.3
T000211,1986-06-30,143.69255,135.48856,145.27466,147.0223,125.85575,138.2
T000211,1986-07-31,139.1991,132.98433,144.59117,146.71559,121.79765,142.7
T000211,1986-08-31,146.16408,136.72432,146.70657,147.62746,128.63216,138.9
T000211,1986-09-30,140.77255,134.94823,144.77434,146.89624,118.37446,152.3
T000211,1986-10-31,151.73097,144.36351,147.95668,146.5076,123.17907,132.4
T000211,1986-11-30,133.86421,122.83422,144.79791,146.51497,128.99098,115.4
T000211,1986-12-31,120.03878,108.857216,145.38191,146.97661,137.55637,123.0
T000212,1985-11-30,113.92495,108.9994,113.547516,115.17606,111.09543,102.8
T000212,1985-12-31,104.4927,98.784706,116.77091,115.39198,114.499146,113.4
T000212,1986-01-31,114.37019,109.61107,113.05416,116.332596,117.224754,114.6
T000212,1986-02-28,113.711494,111.69542,115.190796,116.62992,114.20597,125.1
T000212,1986-03-31,122.016914,127.86374,114.147385,116.765114,104.859375,116.3
T000212,1986-04-30,113.89354,115.88693,113.81333,117.60425,105.42859,117.1
T000212,1986-05-31,114.583984,119.04901,114.198425,117.71197,101.929825,104.5
T000212,1986-06-30,104.886475,102.04148,112.93102,117.78173,112.10512,105.1
T000212,1986-07-31,106.85754,106.893585,113.109985,116.650024,108.28354,99.8
T000212,1986-08-31,102.38514,99.27108,112.20438,116.21963,112.50576,105.0
T000212,1986-09-30,106.427055,108.81176,110.88885,115.84685,103.135086,116.1
T000212,1986-10-31,114.14285,113.79064,112.25329,115.26816,104.915344,101.2
T000212,1986-11-30,101.503746,98.26606,108.97788,114.402176,105.64408,89.2
T000212,1986-12-31,92.925125,88.950035,110.458244,112.13826,116.797516,99.9
T000213,1982-05-31,155.49593,155.65181,167.4105,173.07076,165.09099,156.0
T000213,1982-06-30,155.80971,156.52336,165.0988,173.10779,161.93217,132.0
T000213,1982-07-31,136.56885,130.78735,163.52538,172.43738,164.31946,146.0
T000213,1982-08-31,148.99602,146.25116,162.06192,172.32898,165.38857,138.0
T000213,1982-09-30,137.92395,134.31831,158.88196,171.37448,161.99452,131.0
T000213,1982-10-31,131.57207,136.82742,155.54732,171.37564,156.66415,118.0
T000213,1982-11-30,119.73822,123.850845,150.3711,168.21848,160.67203,115.0
T000213,1982-12-31,116.222824,121.44175,146.14616,168.80197,152.44743,111.0
T000213,1983-01-31,109.77844,117.88272,141.55467,168.44284,158.76833,89.0
T000213,1983-02-28,90.60428,105.268394,134.18602,170.28447,155.78094,96.0
T000213,1983-03-31,93.86271,116.32334,130.51204,161.02773,141.30336,91.0
T000213,1983-04-30,87.804825,106.62862,121.61543,157.1841,139.12375,93.0
T000213,1983-05-31,89.22582,111.39771,119.46779,152.80255,138.79558,100.0
T000213,1983-06-30,94.54605,117.20039,112.717926,147.00684,129.67892,93.0
T000214,1982-05-31,0.89666677,1.103341,0.64934736,0.63394797,0.84095335,0.45
T000214,1982-06-30,0.46357325,0.6362932,0.6964483,0.6355653,0.8613447,1.12
T000214,1982-07-31,1.0682852,1.069147,0.7653929,0.69187546,0.8374554,0.83
T000214,1982-08-31,0.8135495,0.6718543,0.7542083,0.7782599,0.93000793,0.96
T000214,1982-09-30,0.94695467,1.0201397,0.8360594,0.73829764,0.8418557,0.78
T000214,1982-10-31,0.7653291,0.76464766,0.7864485,0.7983921,0.8711499,0.98
T000214,1982-11-30,0.93905044,1.0529633,0.82198083,0.8548995,0.6800526,0.67
T000214,1982-12-31,0.6633685,0.68286395,0.7906943,0.82732314,0.92089915,0.77
T000214,1983-01-31,0.80221003,0.827793,0.8208743,0.88297075,0.80277544,0.57
T000214,1983-02-28,0.5767807,0.47809336,0.8250171,0.88508254,0.7643622,0.88
T000214,1983-03-31,0.88664114,0.8096542,0.8234747,0.8824064,0.8228067,0.9
T000214,1983-04-30,0.8565009,0.84754354,0.85872424,0.92116225,0.77631086,0.88
T000214,1983-05-31,0.8453821,0.84636766,0.78842825,0.92024493,0.5363554,0.72
T000214,1983-06-30,0.771275,0.64094454,0.8609481,0.8713195,0.8121825,1.04
T000215,1982-05-31,83.5849,79.372795,77.76813,78.16331,73.671616,80.1
T000215,1982-06-30,80.69811,79.90959,78.899635,80.19658,73.808014,79.0
T000215,1982-07-31,79.4885,77.45355,79.92097,82.24724,74.38861,75.8
T000215,1982-08-31,76.57554,71.262436,79.99736,80.52859,71.348404,85.2
T000215,1982-09-30,85.21927,80.467026,81.47661,82.5683,76.83578,79.8
T000215,1982-10-31,80.0475,72.305664,80.9676,83.8192,76.94499,84.7
T000215,1982-11-30,85.72328,81.2616,82.32842,83.459404,77.3965,82.5
T000215,1982-12-31,82.711105,79.53181,81.9172,82.44808,79.30056,89.9
T000215,1983-01-31,88.77782,88.39539,82.859726,82.49935,75.43178,89.1
T000215,1983-02-28,87.33533,87.56742,82.78902,84.183556,77.61222,81.7
T000215,1983-03-31,81.11956,80.79422,82.911125,84.06254,74.27967,82.5
T000215,1983-04-30,82.06463,80.636375,83.544685,83.975235,75.86389,86.1
T000215,1983-05-31,85.55776,85.803764,82.99996,83.82228,76.88184,79.7
T000215,1983-06-30,79.98297,79.30001,83.40848,83.89031,75.95033,69.4
T000216,1982-05-31,13.987529,14.122241,13.552621,15.298563,12.36269,12.27
T000216,1982-06-30,12.65895,11.908167,13.948624,15.190858,12.169662,15.35
T000216,1982-07-31,15.138579,14.200867,13.890716,15.0985565,15.5270815,14.02
T000216,1982-08-31,13.63639,14.201766,13.799157,14.987167,14.73994,14.81
T000216,1982-09-30,14.003789,17.354763,13.984924,14.852332,12.168184,15.4
T000216,1982-10-31,14.553561,16.618559,13.73367,15.111657,12.069685,14.7
T000216,1982-11-30,14.2545,15.076371,14.049788,15.013174,12.155001,14.0
T000216,1982-12-31,13.509597,13.693091,14.013931,15.057582,13.792513,10.7
T000216,1983-01-31,11.678965,10.552909,14.273084,15.133158,14.570204,9.6
T000216,1983-02-28,10.5623455,10.277483,13.922402,15.203527,13.519456,15.8
T000216,1983-03-31,15.417924,15.288012,14.071126,15.198134,11.586404,16.1
T000216,1983-04-30,15.410118,15.524715,14.022896,15.3104,11.722154,14.7
T000216,1983-05-31,14.349796,14.650385,13.982535,15.25764,11.93916,13.5
T000216,1983-06-30,13.783921,13.115773,14.22012,15.226996,13.357264,15.6
T000217,1980-09-30,3.1671045,3.4122992,3.266591,3.442227,3.2248554,3.37
T000217,1980-10-31,3.2902334,3.6207411,3.3518922,3.4510486,3.0765882,4.0
T000217,1980-11-30,3.942945,4.0470366,3.4277232,3.481906,3.2752373,3.78
T000217,1980-12-31,3.782394,3.6860533,3.4945514,3.6380181,3.1692631,2.72
T000217,1981-01-31,2.7813292,2.590827,3.5334375,3.5834591,3.163077,3.45
T000217,1981-02-28,3.4808178,3.0821283,3.5079625,3.5966403,3.1676178,3.03
T000217,1981-03-31,3.0810378,2.702447,3.4902227,3.5318193,3.2844844,2.97
T000217,1981-04-30,3.0533974,3.1081264,3.4009237,3.4842746,3.30396,2.34
T000217,1981-05-31,2.4586966,2.3471396,3.3283558,3.4887595,3.3509605,2.88
T000217,1981-06-30,2.952241,2.7987208,3.2439935,3.4944289,3.2690144,1.94
T000217,1981-07-31,2.0020242,1.821199,3.1732054,3.5959754,3.870719,1.97
T000217,1981-08-31,1.9537969,2.4468765,2.9842243,3.6516497,3.4461813,2.19
T000217,1981-09-30,2.0592308,2.332338,2.912793,3.3415368,3.0579379,3.24
T000217,1981-10-31,3.1160154,3.2891197,2.8415086,3.3510437,2.9183955,3.4
T000218,1982-05-31,428.55197,530.2663,455.58667,511.16037,413.7116,421.0
T000218,1982-06-30,408.7698,472.80502,448.48834,493.15463,442.36145,467.0
T000218,1982-07-31,456.58777,462.50113,454.14557,482.4499,413.96008,482.0
T000218,1982-08-31,473.93347,461.7369,458.50928,482.5263,442.02536,535.0
T000218,1982-09-30,531.1514,532.99243,471.11163,486.57483,441.7645,426.0
T000218,1982-10-31,439.02005,453.33295,462.12494,476.2241,444.85547,493.0
T000218,1982-11-30,490.12408,530.4074,475.47656,476.94217,390.46582,511.0
T000218,1982-12-31,508.33722,436.89484,478.46396,486.21857,414.85083,578.0
T000218,1983-01-31,579.4384,522.1113,492.29147,496.17978,485.0805,535.0
T000218,1983-02-28,525.54895,544.499,492.0604,501.0327,497.86813,488.0
T000218,1983-03-31,476.53967,533.7352,492.615,505.48505,466.83786,510.0
T000218,1983-04-30,494.55438,541.2617,498.43024,507.23044,488.03284,440.0
T000218,1983-05-31,442.56308,443.04898,489.99277,505.70908,510.31445,370.0
T000218,1983-06-30,377.42026,376.38412,493.29892,512.09125,517.8143,450.0
T000219,1982-11-30,100.13805,110.806915,115.849724,120.005585,135.22382,94.0
T000219,1982-12-31,91.43457,100.967514,113.65804,121.150795,134.81023,99.0
T000219,1983-01-31,97.415695,107.11782,112.503586,121.181274,130.82558,104.0
T000219,1983-02-28,101.70691,113.95121,110.31886,120.35853,126.3234,106.0
T000219,1983-03-31,103.24984,115.87678,109.77994,120.391426,118.222336,101.0
T000219,1983-04-30,99.40544,104.94536,107.81773,118.36199,117.68251,99.0
T000219,1983-05-31,97.723076,103.84954,106.58847,116.05846,114.05753,103.0
T000219,1983-06-30,101.05081,107.733734,104.85994,112.34268,108.38676,94.0
T000219,1983-07-31,92.50467,101.26247,102.784645,111.95616,107.6529,94.0
T000219,1983-08-31,91.95973,104.82584,101.31992,110.982025,102.92893,98.0
T000219,1983-09-30,95.56261,106.41122,99.67482,109.41515,101.55792,104.0
T000219,1983-10-31,101.56587,111.852844,100.339096,107.955215,104.41676,100.0
T000219,1983-11-30,98.02657,106.46047,99.78751,106.69837,108.12647,108.0
T000219,1983-12-31,105.944115,113.68446,101.17381,105.33425,108.13935,111.0
T000220,1964-11-30,108.393745,107.11266,103.225136,110.79201,18.767105,110.0
T000220,1964-12-31,104.40214,93.46496,102.115906,112.42536,30.14537,101.0
T000220,1965-01-31,100.66502,81.45958,102.788574,112.77214,30.172958,110.0
T000220,1965-02-28,106.34762,80.08806,103.29294,111.55258,63.112724,111.0
T000220,1965-03-31,107.279,96.46093,103.161644,111.09325,70.043335,112.0
T000220,1965-04-30,105.84395,118.941696,104.01786,112.28673,62.273174,109.0
T000220,1965-05-31,103.87774,111.57096,103.166016,115.15571,72.949715,109.0
T000220,1965-06-30,105.33824,107.86256,103.81292,112.61208,88.26641,94.0
T000220,1965-07-31,93.26818,92.68733,102.67437,113.8305,94.2315,52.0
T000220,1965-08-31,63.345917,56.749763,103.587265,114.74869,112.31526,111.0
T000220,1965-09-30,112.916245,113.455505,103.70331,118.80856,86.336365,112.0
T000220,1965-10-31,106.95165,99.56108,103.76251,119.48996,90.16537,115.0
T000220,1965-11-30,111.701706,121.4445,104.928734,115.60638,89.54146,106.0
T000220,1965-12-31,103.47217,100.60259,103.68715,116.496185,94.88055,104.0
T000221,1964-11-30,130.2607,121.91842,120.83715,130.25185,26.529388,132.0
T000221,1964-12-31,127.0548,110.342255,122.179756,130.79764,39.903267,133.0
T000221,1965-01-31,130.9853,107.4398,123.0534,131.80292,39.951912,134.0
T000221,1965-02-28,129.56271,98.61349,123.97847,131.26228,78.04936,134.0
T000221,1965-03-31,129.24231,117.47835,124.39107,130.26071,87.07356,135.0
T000221,1965-04-30,128.08038,141.85269,125.22773,129.89175,85.29618,139.0
T000221,1965-05-31,132.19962,143.11055,125.774704,134.02563,92.115005,135.0
T000221,1965-06-30,131.13626,134.41592,126.791855,134.2417,112.51109,114.0
T000221,1965-07-31,113.69902,113.43372,126.54272,135.50008,114.09092,73.0
T000221,1965-08-31,85.214005,74.07555,127.473236,137.69304,132.18245,130.0
T000221,1965-09-30,133.02528,127.920166,127.17881,140.8818,107.803825,137.0
T000221,1965-10-31,132.84013,121.90356,128.32475,142.76622,109.43938,139.0
T000221,1965-11-30,136.57774,141.16689,128.27098,139.46193,107.62039,137.0
T000221,1965-12-31,134.51605,129.85896,128.85883,140.97144,114.84107,137.0
T000222,1964-11-30,112.206825,103.39625,96.428406,104.97911,19.497437,111.0
T000222,1964-12-31,106.32359,91.729294,96.256165,105.327415,23.69223,99.0
T000222,1965-01-31,97.60381,81.43435,97.1313,105.35338,37.464367,112.0
T000222,1965-02-28,107.51016,89.09039,98.01223,104.94889,53.257404,105.0
T000222,1965-03-31,100.28889,92.03329,97.00015,104.71358,63.214176,103.0
T000222,1965-04-30,97.93746,112.154495,98.775246,104.7403,71.060646,106.0
T000222,1965-05-31,100.94314,110.57411,98.11964,105.31602,75.87889,110.0
T000222,1965-06-30,105.6734,109.971176,100.27636,105.82134,87.28723,92.0
T000222,1965-07-31,93.86432,92.21764,101.7639,105.43833,103.597496,64.0
T000222,1965-08-31,72.99585,66.880745,101.94881,106.290985,106.19587,103.0
T000222,1965-09-30,104.20036,100.04369,102.173,106.99436,89.63819,111.0
T000222,1965-10-31,108.07272,99.89041,102.98656,108.350784,97.59587,121.0
T000222,1965-11-30,117.87581,121.17408,104.14174,109.69013,94.97666,117.0
T000222,1965-12-31,113.528435,117.58568,103.35058,109.285446,95.63969,106.0
T000223,1964-11-30,114.62164,110.49937,108.49683,114.85294,24.802254,117.0
T000223,1964-12-31,112.01309,101.808464,107.09187,115.44408,32.518867,108.0
T000223,1965-01-31,107.2427,87.72865,108.620605,115.792496,34.307556,112.0
T000223,1965-02-28,109.5202,79.84126,108.48879,113.99392,71.21414,111.0
T000223,1965-03-31,107.773834,92.87662,108.71346,115.29786,81.72856,116.0
T000223,1965-04-30,109.82893,125.681656,108.79427,114.67828,78.49464,122.0
T000223,1965-05-31,115.56358,128.19806,109.17513,117.18344,82.15304,120.0
T000223,1965-06-30,115.3118,119.673294,109.62402,115.06032,97.907166,101.0
T000223,1965-07-31,99.43346,98.34613,109.84955,115.743286,107.886154,70.0
T000223,1965-08-31,80.20835,71.88098,110.818474,116.75232,121.99679,110.0
T000223,1965-09-30,113.050354,112.018814,110.254944,118.70305,102.255455,117.0
T000223,1965-10-31,113.23707,111.94722,110.67699,118.80403,97.13503,128.0
T000223,1965-11-30,123.96328,131.35895,111.51855,116.57006,94.13787,131.0
T000223,1965-12-31,125.85768,124.313675,112.2592,117.45306,97.75673,116.0
T000224,1964-11-30,1104.5454,900.6074,1126.5793,1141.2332,370.26617,1185.0
T000224,1964-12-31,1153.1519,1035.8848,1140.7151,1138.7919,408.55872,1199.0
T000224,1965-01-31,1167.1989,1011.4518,1132.7692,1148.7474,417.21716,1097.0
T000224,1965-02-28,1086.2158,823.4375,1135.3779,1151.6575,575.9968,1187.0
T000224,1965-03-31,1162.254,965.6106,1140.0908,1148.348,826.0428,1128.0
T000224,1965-04-30,1112.8843,1079.4904,1131.6926,1147.6222,916.2406,1156.0
T000224,1965-05-31,1139.1547,1155.6199,1142.1144,1150.6146,956.8163,1108.0
T000224,1965-06-30,1107.7556,1113.7241,1132.2477,1149.2216,1121.3967,1101.0
T000224,1965-07-31,1106.4847,1101.9485,1134.9161,1135.7523,1078.8191,1068.0
T000224,1965-08-31,1082.621,1036.8284,1135.3737,1139.2113,1151.622,1075.0
T000224,1965-09-30,1091.0017,1059.8733,1130.5847,1126.295,1140.3302,1121.0
T000224,1965-10-31,1121.626,1106.3655,1136.2233,1128.2123,1115.2793,1091.0
T000224,1965-11-30,1094.0508,1082.8285,1117.7012,1129.6954,1124.2808,1115.0
T000224,1965-12-31,1110.5795,1114.2733,1128.2733,1126.0421,1138.1051,1149.0
T000225,1964-11-30,6107.211,5240.1675,5730.7476,5849.0293,1896.5862,6729.0
T000225,1964-12-31,6441.7764,5854.011,5837.741,5842.1206,2013.127,6642.0
T000225,1965-01-31,6413.6616,5581.5864,5854.344,5918.962,2135.9932,5882.0
T000225,1965-02-28,5773.8306,4518.807,5904.907,5933.5947,3317.4846,6208.0
T000225,1965-03-31,6031.6836,5314.802,5947.4844,5926.979,4265.176,5778.0
T000225,1965-04-30,5635.0244,5827.1157,5882.897,5943.035,4459.3643,5887.0
T000225,1965-05-31,5807.6484,5976.1265,5965.9927,6046.8555,4747.893,6253.0
T000225,1965-06-30,6188.9307,6142.6787,5973.2266,6052.2363,5484.523,5945.0
T000225,1965-07-31,5935.419,5696.888,6031.041,6134.919,5343.4375,5306.0
T000225,1965-08-31,5555.8364,4957.5635,6093.394,6162.324,5999.202,6201.0
T000225,1965-09-30,6325.8003,5855.7773,6124.2715,6190.056,5618.909,6797.0
T000225,1965-10-31,6726.0703,6237.35,6202.7686,6207.759,5498.1436,7007.0
T000225,1965-11-30,6927.1323,6719.7495,6213.411,6160.6543,5818.1655,7401.0
T000225,1965-12-31,7179.329,7265.1104,6291.6567,6427.5537,5775.714,7349.0
T000226,1964-11-30,2778.2732,2291.0723,2674.5981,2744.525,801.0842,3098.0
T000226,1964-12-31,2967.5999,2729.9956,2717.999,2752.285,1013.6659,3094.0
T000226,1965-01-31,2977.143,2769.2244,2718.55,2769.6443,971.9391,2947.0
T000226,1965-02-28,2851.0413,2403.8723,2769.432,2806.424,1135.0658,3136.0
T000226,1965-03-31,3040.12,2605.5017,2817.5647,2847.4534,1929.2158,2768.0
T000226,1965-04-30,2762.549,2634.851,2815.397,2893.351,2258.5044,2915.0
T000226,1965-05-31,2903.8767,2853.9214,2878.0432,2922.0254,2295.079,2915.0
T000226,1965-06-30,2971.1746,2790.9465,2913.3223,2957.025,2803.8674,3082.0
T000226,1965-07-31,3111.3545,2936.8438,2950.8218,2991.757,2652.2678,3014.0
T000226,1965-08-31,3010.4553,2798.811,2964.6,3049.1772,2833.9646,3011.0
T000226,1965-09-30,3033.4714,2955.8472,2980.7415,3031.0544,2820.758,3266.0
T000226,1965-10-31,3260.7554,3075.8296,3027.965,3086.6282,2884.6257,3325.0
T000226,1965-11-30,3308.7693,3212.827,3041.6257,3061.3923,2977.1821,3601.0
T000226,1965-12-31,3514.441,3590.5664,3105.467,3050.4197,3039.3926,3527.0
T000227,1964-11-30,3614.167,1686.9697,4755.9736,4775.8335,1155.4602,3309.0
T000227,1964-12-31,3486.8416,2114.051,4626.069,4762.9683,2167.6929,3415.0
T000227,1965-01-31,3489.6003,2676.6133,4336.0415,4422.21,3012.4072,3237.0
T000227,1965-02-28,3112.4102,2386.9724,4150.132,4490.2983,3724.413,3596.0
T000227,1965-03-31,3279.1548,3678.1733,3931.8757,4551.08,4791.9067,3734.0
T000227,1965-04-30,3182.4307,5049.967,3767.6172,4653.9526,5042.406,4183.0
T000227,1965-05-31,3363.441,5350.7944,3731.414,4532.014,3924.2375,4149.0
T000227,1965-06-30,3418.4,4916.8813,3664.7266,4417.7114,4369.5,4250.0
T000227,1965-07-31,3861.7666,4669.0273,3734.523,4278.5913,4258.83,4391.0
T000227,1965-08-31,4222.403,4855.8535,3768.502,4193.166,4202.237,4466.0
T000227,1965-09-30,4435.1406,5054.029,3845.0002,4112.6406,3463.9458,4773.0
T000227,1965-10-31,4849.7163,4969.537,3941.1035,4057.6565,3174.3477,4724.0
T000227,1965-11-30,4812.8965,4679.8296,4020.9307,4048.4973,3091.7168,4990.0
T000227,1965-12-31,5034.5728,4634.432,4197.4644,4097.5957,3158.9238,5176.0
T000228,1964-11-30,103.460075,83.75835,112.18317,119.303215,32.411186,96.0
T000228,1964-12-31,96.27768,81.80758,111.25989,118.32696,38.754654,102.0
T000228,1965-01-31,101.40938,83.76795,110.72313,117.74358,44.10193,107.0
T000228,1965-02-28,104.71503,79.52414,109.02963,116.47721,51.187443,107.0
T000228,1965-03-31,105.07401,87.42212,109.339066,114.35015,77.640884,113.0
T000228,1965-04-30,110.74617,110.44464,107.80343,114.36307,86.319885,116.0
T000228,1965-05-31,113.51108,113.31319,108.85802,113.773544,93.35347,115.0
T000228,1965-06-30,112.81968,116.8084,107.96157,115.69066,111.406784,102.0
T000228,1965-07-31,102.11836,107.36267,108.60492,114.17288,113.91142,120.0
T000228,1965-08-31,117.697624,126.25827,109.1161,113.57905,104.60971,117.0
T000228,1965-09-30,114.06278,117.8952,109.17834,113.501076,108.44575,125.0
T000228,1965-10-31,121.92963,130.67334,111.1137,113.95199,106.59677,121.0
T000228,1965-11-30,118.11856,122.42429,111.7748,114.25079,108.27234,117.0
T000228,1965-12-31,117.63766,118.32458,114.10628,114.742386,109.258514,118.0
T000229,1964-11-30,107.10723,87.973366,111.12175,114.12274,33.892036,98.0
T000229,1964-12-31,98.22619,82.42006,111.047676,114.254524,39.66189,109.0
T000229,1965-01-31,108.41215,88.58781,111.063965,114.10644,44.52186,113.0
T000229,1965-02-28,110.3473,85.55142,110.51128,114.033,53.066715,115.0
T000229,1965-03-31,112.29284,96.07179,111.132545,113.89288,74.65562,120.0
T000229,1965-04-30,117.10504,115.91197,110.69932,114.03777,83.517456,116.0
T000229,1965-05-31,114.63569,110.721115,111.86675,114.28217,95.15641,121.0
T000229,1965-06-30,119.990654,118.73524,112.57118,115.460014,113.19601,104.0
T000229,1965-07-31,105.40031,105.30121,112.71044,115.02297,117.4088,124.0
T000229,1965-08-31,122.880325,128.6824,114.046165,115.37305,106.05077,122.0
T000229,1965-09-30,119.85555,119.843544,114.09413,115.57479,109.73534,129.0
T000229,1965-10-31,126.18254,130.93289,115.470955,115.68165,106.74249,123.0
T000229,1965-11-30,121.453285,120.96594,116.572174,116.62187,114.199425,112.0
T000229,1965-12-31,114.83204,112.0633,117.72726,116.85643,116.06862,118.0
T000230,1964-11-30,66959.12,53240.926,69752.586,69532.555,24423.473,72997.0
T000230,1964-12-31,71207.64,63420.355,70385.39,70738.63,24261.691,73547.0
T000230,1965-01-31,71691.57,62660.004,70236.04,70674.664,25101.64,65746.0
T000230,1965-02-28,65465.938,49715.176,69870.02,70624.39,34192.754,71742.0
T000230,1965-03-31,70947.27,57132.29,70531.47,70910.695,49956.266,68289.0
T000230,1965-04-30,68178.18,63438.08,70071.47,70812.016,58379.684,71032.0
T000230,1965-05-31,70991.15,69604.36,70987.266,70846.24,61350.438,72410.0
T000230,1965-06-30,72081.73,71566.61,70521.42,70795.16,68501.08,75223.0
T000230,1965-07-31,74315.54,74511.75,71183.86,70914.055,66153.32,78965.0
T000230,1965-08-31,77640.945,76519.72,71662.45,72165.98,69023.11,74466.0
T000230,1965-09-30,74536.53,73070.48,71820.695,72340.57,70243.164,74471.0
T000230,1965-10-31,74508.84,74579.25,72858.914,72668.64,71084.61,74221.0
T000230,1965-11-30,74321.04,73319.42,72881.62,73143.12,72225.305,78419.0
T000230,1965-12-31,77547.516,78683.99,73525.72,73813.34,69960.62,80913.0
T000231,1986-11-30,2243.8525,2084.3499,2255.824,2344.1396,2239.6086,2438.33
T000231,1986-12-31,2418.218,2389.9365,2278.0515,2333.6035,2217.8262,2731.1
T000231,1987-01-31,2617.583,2624.0942,2293.9006,2379.4692,2166.5994,2737.7
T000231,1987-02-28,2628.1377,2757.1016,2296.0457,2380.3755,2349.393,2445.08
T000231,1987-03-31,2356.434,2663.4678,2325.839,2403.4717,2364.0415,2508.22
T000231,1987-04-30,2406.8345,2669.5278,2342.146,2405.8396,2108.7544,1860.19
T000231,1987-05-31,1898.6135,1948.3008,2329.0737,2424.9822,2384.9375,2287.82
T000231,1987-06-30,2274.133,2383.3486,2340.9067,2404.29,2232.0696,1946.74
T000231,1987-07-31,1952.7413,1898.8271,2309.509,2401.2798,2239.7866,1983.0
T000231,1987-08-31,2067.4902,2074.7026,2313.504,2403.576,2190.0403,2260.12
T000231,1987-09-30,2278.3691,2074.5095,2337.296,2433.8408,2243.8904,2451.35
T000231,1987-10-31,2432.5315,2255.201,2323.0742,2427.5159,2114.5042,2501.79
T000231,1987-11-30,2497.748,2352.3877,2369.0579,2418.0884,2384.0173,2349.47
T000231,1987-12-31,2342.2422,2260.6843,2327.0793,2404.9678,2333.807,2666.81
T000232,1987-01-31,2629.046,2717.0642,2803.5872,2879.7393,2755.1506,2562.02
T000232,1987-02-28,2577.5042,2568.4897,2835.363,2904.6611,2657.9336,2177.11
T000232,1987-03-31,2324.6252,2141.9783,2846.97,2874.1318,3023.6616,2771.21
T000232,1987-04-30,2847.196,2623.7495,2867.6882,2905.8872,2733.2737,3023.37
T000232,1987-05-31,2992.571,2688.942,2902.6404,2917.2075,2720.8042,3310.28
T000232,1987-06-30,3267.088,3090.6682,2917.6726,2947.334,2878.237,3690.81
T000232,1987-07-31,3538.2056,3539.0344,2969.0728,3006.4817,2940.6497,3729.39
T000232,1987-08-31,3572.0469,3699.1953,2981.3745,3074.3977,2849.3445,3232.93
T000232,1987-09-30,3120.2944,3344.5586,3014.9626,3128.3992,3246.0867,3396.77
T000232,1987-10-31,3238.3738,3656.5142,3061.081,3182.1812,3033.8247,3091.58
T000232,1987-11-30,2960.9253,3327.1233,3033.1086,3214.4512,2908.6172,2915.49
T000232,1987-12-31,2867.3752,3188.394,3072.9937,3227.7683,2905.0671,2834.48
T000232,1988-01-31,2825.9963,2953.7952,3052.9783,3158.8232,2872.0698,2651.44
T000232,1988-02-29,2680.7637,2632.5364,3053.2854,3082.3545,2782.4834,2321.56
T000233,1987-01-31,1527.0975,1717.2476,1439.2528,1511.7498,1581.3849,1415.98
T000233,1987-02-28,1363.8298,1547.0844,1448.5682,1494.4436,1615.4899,1256.76
T000233,1987-03-31,1289.8789,1379.9038,1467.907,1485.0497,1750.0671,1567.64
T000233,1987-04-30,1555.1604,1613.6906,1476.315,1513.0474,1643.7123,1557.66
T000233,1987-05-31,1494.6517,1627.342,1475.9865,1522.1035,1647.6061,1505.66
T000233,1987-06-30,1475.9574,1617.178,1486.857,1505.1777,1578.6769,1421.22
T000233,1987-07-31,1416.5449,1477.2346,1490.9275,1485.9462,1634.5812,1421.31
T000233,1987-08-31,1425.7799,1405.0308,1499.1683,1486.3955,1636.4027,1433.62
T000233,1987-09-30,1420.2781,1403.4401,1492.4587,1478.7661,1783.1526,1580.53
T000233,1987-10-31,1545.834,1685.39,1504.9672,1481.8812,1632.6354,1363.24
T000233,1987-11-30,1333.7677,1458.1636,1476.7648,1483.3838,1521.5432,1464.93
T000233,1987-12-31,1428.1656,1552.1989,1476.1783,1515.5768,1505.5348,1569.35
T000233,1988-01-31,1517.9146,1582.0604,1471.7295,1504.3947,1513.0034,1307.54
T000233,1988-02-29,1309.1162,1310.2916,1453.9591,1499.0347,1488.9852,1059.42
T000234,1986-11-30,4732.6787,5062.1694,5094.711,5671.34,4800.3267,4038.93
T000234,1986-12-31,4228.842,4237.5146,5039.6343,5296.08,5611.634,4434.5
T000234,1987-01-31,4602.6797,4475.891,5017.8765,5122.895,4895.878,4446.88
T000234,1987-02-28,4616.6743,4118.709,5027.031,5091.579,5586.627,5525.07
T000234,1987-03-31,5515.026,5468.4263,5077.6045,5055.774,5388.143,5774.76
T000234,1987-04-30,5560.0366,5736.666,5075.1284,5125.083,5002.912,5898.16
T000234,1987-05-31,5713.8823,5939.475,5132.6304,5288.124,5167.66,5610.29
T000234,1987-06-30,5405.5234,5678.646,5146.098,5577.11,5660.213,5353.8
T000234,1987-07-31,5149.4253,5630.313,5150.5264,5621.731,5508.8335,4227.33
T000234,1987-08-31,4211.0166,4786.25,5110.3955,5582.466,5942.326,5096.69
T000234,1987-09-30,4963.9604,5838.6064,5088.2793,5547.7847,5377.6313,5328.42
T000234,1987-10-31,5012.509,5747.8916,5055.7905,5529.0405,4884.3164,4644.98
T000234,1987-11-30,4507.9053,5203.3267,5008.9087,5580.86,4993.064,4314.82
T000234,1987-12-31,4390.829,4482.7524,5086.3213,5409.534,5323.2515,4224.02
T000235,1985-05-31,11246.375,10278.84,13669.029,15161.692,17490.05,11074.6
T000235,1985-06-30,10729.629,12879.573,13008.04,15105.036,14059.433,11739.1
T000235,1985-07-31,10875.531,14185.35,13016.905,14802.139,11570.501,10630.9
T000235,1985-08-31,10245.247,12037.154,12248.905,15563.25,11519.745,10839.6
T000235,1985-09-30,10399.678,11167.983,12443.502,15158.173,12849.235,11301.2
T000235,1985-10-31,10564.638,11688.272,11760.668,13687.369,11288.551,2471.74
T000235,1985-11-30,3884.121,3536.4639,11647.255,13874.437,14377.889,11005.4
T000235,1985-12-31,11225.73,12942.23,11249.406,12832.9375,10415.495,11298.4
T000235,1986-01-31,10213.543,10375.672,10976.368,12677.961,9881.507,11042.5
T000235,1986-02-28,10536.262,12644.732,10698.045,13069.887,9428.649,10992.6
T000235,1986-03-31,10461.026,11839.36,10616.788,12424.421,11872.138,12612.4
T000235,1986-04-30,12256.516,12953.919,10637.872,12282.556,8877.328,11955.0
T000235,1986-05-31,11417.408,12043.781,10654.256,12218.643,14897.793,12708.9
T000235,1986-06-30,11996.223,14883.507,10857.222,12151.633,12084.6875,11681.8
T000236,1983-03-31,16507.943,18757.043,15206.61,16862.236,16721.357,2476.65
T000236,1983-04-30,4654.007,5223.3887,15376.757,17035.582,23884.205,18113.2
T000236,1983-05-31,18001.807,20810.043,15384.074,17869.684,16520.938,16593.4
T000236,1983-06-30,14634.265,15169.827,15429.36,18333.941,16377.7295,14190.1
T000236,1983-07-31,13697.823,17691.867,15351.512,17514.809,17723.512,14562.9
T000236,1983-08-31,13876.237,15752.176,15444.085,17420.31,18681.914,17288.1
T000236,1983-09-30,16554.736,17587.918,15258.834,18297.594,14925.227,15344.6
T000236,1983-10-31,14856.901,15387.22,15663.749,18013.984,23223.312,17483.2
T000236,1983-11-30,16443.287,20899.7,15551.769,17842.506,17485.129,16710.3
T000236,1983-12-31,15015.378,19808.822,15552.708,17927.09,12163.94,16603.4
T000236,1984-01-31,15523.176,18089.701,15539.984,18279.906,13944.433,19434.2
T000236,1984-02-29,18271.588,19053.8,15898.035,17720.592,15147.386,14681.0
T000236,1984-03-31,13963.908,15901.985,15181.526,17875.818,13260.882,8733.52
T000236,1984-04-30,10751.212,10917.857,16164.027,17930.846,17786.604,17556.5
T000237,1986-11-30,10631.424,14512.772,13872.736,18882.324,16612.332,14779.6
T000237,1986-12-31,13573.921,16794.797,14509.879,18394.035,17644.484,15593.2
T000237,1987-01-31,13799.126,16722.635,13633.631,17157.836,13886.157,5466.81
T000237,1987-02-28,5956.335,8667.809,13118.253,17644.664,17126.543,12551.3
T000237,1987-03-31,12788.136,16492.418,12883.718,15727.764,12896.518,15419.0
T000237,1987-04-30,14162.253,15159.451,12541.265,15348.087,11162.158,13934.0
T000237,1987-05-31,13815.282,15855.787,12780.739,15382.85,12727.934,12847.0
T000237,1987-06-30,13135.084,13510.177,12906.546,14297.347,15859.391,14100.2
T000237,1987-07-31,14027.481,14577.525,12963.046,13920.058,12711.756,12410.6
T000237,1987-08-31,12392.273,12717.7,13030.563,13973.4,19355.488,14881.9
T000237,1987-09-30,14385.084,15919.377,13418.954,13674.209,17273.375,19728.5
T000237,1987-10-31,18020.656,22047.832,13702.807,14204.479,16245.771,18504.0
T000237,1987-11-30,17178.258,20686.271,14152.77,14348.634,18149.379,19693.3
T000237,1987-12-31,18448.682,21829.484,14901.089,15064.156,20210.06,17278.0
T000238,1982-09-30,522.76416,812.3137,487.51782,633.31274,348.87842,649.41
T000238,1982-10-31,531.23065,710.4577,513.2715,634.8353,393.10657,453.55
T000238,1982-11-30,417.24207,464.79794,455.03967,614.71075,631.65,154.62
T000238,1982-12-31,203.35577,202.61572,495.32205,584.2805,808.37146,80.17
T000238,1983-01-31,164.71072,255.07791,441.06952,588.38794,807.2814,313.82
T000238,1983-02-28,307.66763,477.96304,455.90457,546.6985,522.77844,639.1
T000238,1983-03-31,543.4137,719.97266,430.673,564.6061,288.05707,664.29
T000238,1983-04-30,548.2657,683.3606,433.6049,571.95166,324.02182,522.27
T000238,1983-05-31,478.30484,514.57855,440.12668,539.86865,425.2186,215.32
T000238,1983-06-30,278.31854,194.28879,446.86407,556.7354,714.8823,423.77
T000238,1983-07-31,442.26572,522.3935,451.97348,543.7183,697.8337,586.41
T000238,1983-08-31,516.40576,667.4876,454.89954,580.6108,542.8278,742.18
T000238,1983-09-30,633.4965,956.66675,455.20804,580.2251,311.43085,847.55
T000238,1983-10-31,707.28076,956.65344,475.70154,578.9927,315.14923,624.21
T000239,1988-05-31,1498.6501,1516.993,1409.8756,1551.9872,1626.8574,1656.0
T000239,1988-06-30,1577.5691,1712.4927,1427.5914,1546.7355,1361.0986,1569.0
T000239,1988-07-31,1473.8776,1757.9685,1413.8689,1536.4724,1267.197,1510.0
T000239,1988-08-31,1443.1154,1631.5741,1434.5686,1575.1487,1281.8625,1450.0
T000239,1988-09-30,1390.8055,1516.4469,1411.152,1549.832,1326.9587,1488.0
T000239,1988-10-31,1440.6707,1531.2151,1441.4207,1554.7202,1324.1376,582.0
T000239,1988-11-30,741.728,691.98474,1411.7812,1581.4283,1576.8113,1554.0
T000239,1988-12-31,1590.3428,1673.5028,1445.9365,1624.9768,1146.8239,1485.0
T000239,1989-01-31,1414.9666,1233.7054,1438.165,1638.267,1201.5833,1730.0
T000239,1989-02-28,1684.0704,1724.1682,1477.6136,1593.1432,1258.1937,1525.0
T000239,1989-03-31,1487.7812,1474.3351,1465.3523,1593.1036,1376.3749,1667.0
T000239,1989-04-30,1672.5648,1609.237,1497.5045,1595.9276,1235.9949,1766.0
T000239,1989-05-31,1707.2559,1631.312,1512.3937,1597.1896,1713.4838,1706.0
T000239,1989-06-30,1634.7623,1812.1296,1507.8865,1600.9202,1515.2365,1676.0
T000240,1980-11-30,2679.0056,2850.8413,2762.404,2883.701,2219.2026,3145.19
T000240,1980-12-31,3095.684,3038.8179,2761.0808,2839.643,2575.0308,2709.93
T000240,1981-01-31,2678.8884,2538.761,2803.0732,2887.6838,2594.9678,1666.45
T000240,1981-02-28,1933.5752,1868.5107,2794.5527,2896.7476,3169.3174,3429.73
T000240,1981-03-31,3456.6182,3468.2788,2886.3228,3003.8198,2453.4927,3132.79
T000240,1981-04-30,2992.1226,2750.12,2839.4568,3032.204,2415.0415,3085.52
T000240,1981-05-31,3042.576,3153.4036,2952.4583,2988.3237,2851.119,3645.44
T000240,1981-06-30,3514.585,3465.9673,2960.588,3193.6577,2800.4146,3003.32
T000240,1981-07-31,3000.6367,2814.0505,2977.444,3209.1492,2751.254,3233.28
T000240,1981-08-31,3197.173,3260.1084,3053.2866,3144.982,3546.8618,3996.42
T000240,1981-09-30,3818.8794,4059.146,3076.4277,3243.2798,2880.6885,3090.52
T000240,1981-10-31,2946.3596,3367.9675,3067.7017,3232.6555,2631.7808,3318.23
T000240,1981-11-30,3247.846,3488.6504,3200.5884,3279.1592,2897.0315,3896.09
T000240,1981-12-31,3779.769,3686.6072,3191.4583,3302.0674,2662.5095,2637.11
T000241,1980-11-30,115.502594,121.959404,114.66771,120.53615,89.15698,126.04
T000241,1980-12-31,123.62243,122.2314,114.02143,119.32466,103.267136,115.29
T000241,1981-01-31,113.78009,111.13495,116.19834,120.5168,105.66496,70.08
T000241,1981-02-28,81.3609,73.6214,116.170815,121.266136,127.30415,135.8
T000241,1981-03-31,137.69691,136.4566,118.84446,125.6015,102.8205,134.64
T000241,1981-04-30,129.04648,119.89133,118.6444,126.439735,102.84068,133.03
T000241,1981-05-31,130.78362,135.9339,121.62965,127.2673,114.65288,144.34
T000241,1981-06-30,139.84033,138.9367,123.13965,129.95334,114.293205,129.27
T000241,1981-07-31,128.73512,120.66839,123.88544,131.34624,113.542046,132.76
T000241,1981-08-31,130.72401,130.10898,126.11508,129.31778,146.12473,156.82
T000241,1981-09-30,150.42432,162.97739,127.32417,131.74347,117.34838,133.25
T000241,1981-10-31,127.34847,144.67848,127.23434,132.06122,106.304924,143.07
T000241,1981-11-30,138.99301,150.24294,131.90652,135.72849,116.88825,148.32
T000241,1981-12-31,144.97826,140.83728,131.5725,137.8983,115.542244,117.29
T000242,1984-03-31,515.376,484.01138,534.76135,541.8837,513.29004,505.0
T000242,1984-04-30,517.3726,471.39853,543.6686,543.3137,550.6886,575.0
T000242,1984-05-31,568.07184,572.1166,539.7831,540.06555,514.9094,569.0
T000242,1984-06-30,559.48914,571.8512,540.49426,542.62054,493.65692,604.0
T000242,1984-07-31,587.6902,615.1376,544.6029,545.8494,478.64175,529.0
T000242,1984-08-31,526.4076,510.78156,541.28143,549.288,525.9728,568.0
T000242,1984-09-30,569.1806,555.4574,553.3817,553.02936,523.4145,459.0
T000242,1984-10-31,476.71542,436.3722,546.68976,549.4239,589.7943,552.0
T000242,1984-11-30,555.2739,575.07477,549.35657,547.2782,500.4434,628.0
T000242,1984-12-31,609.5966,606.86346,555.25336,561.19025,505.40237,566.0
T000242,1985-01-31,555.13416,563.98663,544.87384,560.18097,496.0583,597.0
T000242,1985-02-28,593.11615,594.8733,564.80475,572.2641,544.99524,519.0
T000242,1985-03-31,529.7112,486.07645,553.87274,570.97485,553.8157,524.0
T000242,1985-04-30,537.0253,511.7664,564.3902,570.0941,597.95514,537.0
T000243,1964-11-30,117.7191,99.43917,114.26143,116.797455,35.91487,109.0
T000243,1964-12-31,107.61724,92.47022,114.87617,116.77138,43.97014,120.0
T000243,1965-01-31,118.578674,102.115036,115.74038,116.60115,44.541367,120.0
T000243,1965-02-28,118.18151,89.02797,116.02434,117.171684,58.79654,121.0
T000243,1965-03-31,119.282745,99.20594,116.69936,116.98813,80.30419,115.0
T000243,1965-04-30,114.58748,108.27891,117.17378,116.761856,94.14132,120.0
T000243,1965-05-31,118.93502,114.92387,117.239075,117.0524,93.48061,122.0
T000243,1965-06-30,121.50473,116.58726,118.07221,118.2091,114.02795,117.0
T000243,1965-07-31,117.670166,116.39343,117.79627,118.58473,113.36557,117.0
T000243,1965-08-31,117.16317,116.792984,118.49402,118.9554,112.62052,117.0
T000243,1965-09-30,116.963844,115.962036,117.68632,118.44883,111.30765,120.0
T000243,1965-10-31,119.80385,117.581535,118.74347,118.40392,115.15728,121.0
T000243,1965-11-30,120.20599,119.148125,118.253395,118.35281,112.80322,113.0
T000243,1965-12-31,114.01197,112.171,118.55583,118.72505,116.25824,116.0
T000244,1964-11-30,135.22566,117.77547,124.88901,123.65653,37.2349,135.0
T000244,1964-12-31,132.0304,115.58899,124.29618,124.706894,46.34236,139.0
T000244,1965-01-31,136.6102,116.5066,128.33347,127.79848,44.742653,137.0
T000244,1965-02-28,135.01315,100.07125,128.30672,128.39972,75.52806,135.0
T000244,1965-03-31,132.71552,108.049225,130.53156,129.41307,96.57554,140.0
T000244,1965-04-30,136.4048,136.30215,130.65005,129.04782,106.204796,138.0
T000244,1965-05-31,133.8405,137.88455,130.7613,133.00034,106.57886,144.0
T000244,1965-06-30,140.02184,145.50874,132.11417,132.93985,120.97824,134.0
T000244,1965-07-31,132.6976,134.11543,131.73376,139.28181,126.60724,108.0
T000244,1965-08-31,113.31967,110.09482,133.34735,140.1818,133.93327,134.0
T000244,1965-09-30,136.47818,129.92636,133.91318,142.09773,125.943695,142.0
T000244,1965-10-31,141.26273,131.64043,135.78862,142.36813,125.1432,145.0
T000244,1965-11-30,143.32068,139.89543,136.40082,140.81224,123.15371,151.0
T000244,1965-12-31,149.03943,145.58139,137.19804,139.55379,119.435875,145.0
T000245,1964-11-30,125.42393,113.32234,123.06426,125.60536,41.68644,137.0
T000245,1964-12-31,132.163,115.25234,123.2614,126.2531,42.11502,125.0
T000245,1965-01-31,122.81852,101.45635,124.25699,126.11299,46.794228,130.0
T000245,1965-02-28,127.46604,100.14334,125.610344,126.505165,74.44383,137.0
T000245,1965-03-31,132.69054,114.98276,125.16519,127.76966,79.6454,133.0
T000245,1965-04-30,128.77391,131.55684,126.36502,128.61436,90.63166,130.0
T000245,1965-05-31,128.51117,127.82179,127.29752,130.49397,107.14929,126.0
T000245,1965-06-30,124.54142,124.714355,126.4496,130.73305,117.36164,105.0
T000245,1965-07-31,107.38401,105.39824,126.3221,130.18054,121.173096,115.0
T000245,1965-08-31,120.3398,113.77396,127.76121,131.09949,127.16056,128.0
T000245,1965-09-30,126.988266,119.37604,127.11202,132.31386,115.21969,125.0
T000245,1965-10-31,123.69459,122.09447,126.22603,131.57971,116.52669,141.0
T000245,1965-11-30,139.25534,139.07413,128.38887,132.02133,118.981186,125.0
T000245,1965-12-31,123.92976,117.67675,126.71003,130.43973,116.885994,132.0
T000246,1964-11-30,112.19884,97.84137,117.05088,120.3602,36.49424,116.0
T000246,1964-12-31,113.05234,96.73176,118.417694,120.82566,36.26377,121.0
T000246,1965-01-31,119.83676,98.09417,118.11328,120.19917,53.905064,128.0
T000246,1965-02-28,125.69433,98.13689,120.80206,119.949814,62.03628,132.0
T000246,1965-03-31,127.2247,112.74169,119.66213,122.96483,74.9742,126.0
T000246,1965-04-30,121.92806,122.54096,121.3824,124.629906,88.13977,129.0
T000246,1965-05-31,125.68435,124.26848,120.96625,123.59535,95.52309,131.0
T000246,1965-06-30,128.62523,127.88216,121.6782,125.04535,111.19253,93.0
T000246,1965-07-31,98.51921,93.27126,121.115204,125.15022,122.23627,115.0
T000246,1965-08-31,118.595764,116.640434,121.9421,126.2153,116.23025,131.0
T000246,1965-09-30,127.97796,126.196625,121.73498,126.212685,110.11608,136.0
T000246,1965-10-31,133.20721,136.23755,123.422455,129.22527,111.330376,142.0
T000246,1965-11-30,139.70639,138.7187,125.53313,129.7318,112.18745,127.0
T000246,1965-12-31,127.54869,116.5889,126.1989,131.36992,114.30526,134.0
T000247,1989-01-31,14975.939,13893.826,18114.88,18750.973,20537.271,15361.0
T000247,1989-02-28,14994.358,16337.027,17268.748,18953.809,20301.404,13860.0
T000247,1989-03-31,13380.953,16394.21,16825.79,19748.398,20099.322,13814.0
T000247,1989-04-30,12983.06,16960.531,15871.004,19026.781,17608.066,13347.0
T000247,1989-05-31,12676.074,15586.716,15671.221,18812.754,18123.252,14983.0
T000247,1989-06-30,14503.794,16370.477,15419.274,17781.053,18542.59,12659.0
T000247,1989-07-31,12362.225,13931.18,15264.386,17094.328,17463.354,12387.0
T000247,1989-08-31,12087.992,14853.119,14626.68,17008.492,16593.602,14598.0
T000247,1989-09-30,13914.536,15641.93,14638.427,16547.516,15455.907,12052.0
T000247,1989-10-31,11757.201,12958.943,13960.368,16341.284,15311.811,12797.0
T000247,1989-11-30,12833.336,14290.345,14000.151,15836.848,16482.62,14287.0
T000247,1989-12-31,14171.403,15298.932,13662.636,15296.703,16548.186,13932.0
T000247,1990-01-31,13547.149,15572.123,13790.1875,15166.219,17551.164,15662.0
T000247,1990-02-28,14867.629,18291.885,13781.204,15087.566,17509.178,14400.0
T000248,1984-10-31,9440.646,8891.617,10685.508,11039.129,11570.439,10266.0
T000248,1984-11-30,10001.965,10807.532,10438.588,11119.404,11170.775,9637.0
T000248,1984-12-31,9205.256,10761.909,10191.652,11415.8,10805.056,8915.0
T000248,1985-01-31,8453.364,10376.237,9813.837,11680.811,9741.107,9106.0
T000248,1985-02-28,8877.043,10062.547,9768.119,11141.505,10055.558,7420.0
T000248,1985-03-31,7686.501,7613.3677,9582.742,10805.732,10565.748,6636.0
T000248,1985-04-30,7101.095,6884.6104,9526.981,10411.471,10267.382,7699.0
T000248,1985-05-31,7750.752,8286.229,9119.408,10432.741,9949.291,8633.0
T000248,1985-06-30,8468.137,8938.024,9146.861,10179.932,8826.57,7588.0
T000248,1985-07-31,7555.0474,8060.979,8690.247,9881.446,9276.351,7656.0
T000248,1985-08-31,7682.8574,7941.3506,8646.469,9607.52,10130.309,7949.0
T000248,1985-09-30,7890.8438,7877.507,8438.317,9550.052,10578.887,7294.0
T000248,1985-10-31,7108.6895,8382.766,8203.043,9695.735,11533.67,8372.0
T000248,1985-11-30,7779.2393,10585.36,8171.2744,9342.227,10237.171,7219.0
T000249,1983-02-28,13878.762,14738.758,10913.265,10787.001,8876.014,8580.0
T000249,1983-03-31,8903.73,8326.69,10525.982,10845.895,11466.42,7808.0
T000249,1983-04-30,8440.561,9015.64,11066.616,10872.347,11490.493,11730.0
T000249,1983-05-31,11237.263,10623.804,10756.102,11339.64,10165.849,9302.0
T000249,1983-06-30,9173.809,8523.012,10617.383,11119.842,10701.08,9401.0
T000249,1983-07-31,9354.5205,10432.663,10688.192,10947.51,11657.6045,9250.0
T000249,1983-08-31,9138.706,9359.992,9950.027,10712.566,9816.322,11364.0
T000249,1983-09-30,11060.649,11698.471,10586.301,10869.339,10365.684,8107.0
T000249,1983-10-31,8306.465,8110.914,9854.919,11215.71,12838.229,11635.0
T000249,1983-11-30,11257.972,12876.433,10393.954,10878.079,9614.493,11728.0
T000249,1983-12-31,11176.501,11470.177,10103.129,11244.342,9630.028,9850.0
T000249,1984-01-31,9851.888,10039.516,10313.02,11312.58,10886.49,13624.0
T000249,1984-02-29,12766.713,13815.184,10510.57,10852.401,9710.331,6026.0
T000249,1984-03-31,6174.421,6219.171,9727.286,10871.253,10811.568,8055.0
T000250,1986-03-31,244.7352,47.999542,421.71786,425.1162,1100.8357,430.0
T000250,1986-04-30,359.8179,454.20956,514.533,434.03427,888.69836,800.0
T000250,1986-05-31,602.3306,970.45374,364.66193,466.322,643.7103,500.0
T000250,1986-06-30,328.50046,785.65173,387.71362,538.0161,925.9764,580.0
T000250,1986-07-31,397.8092,805.6333,382.2188,573.8685,771.73413,530.0
T000250,1986-08-31,402.7343,622.4409,386.56702,593.6033,1078.3594,370.0
T000250,1986-09-30,240.23077,944.8904,377.2795,625.77716,992.44104,150.0
T000250,1986-10-31,25.437103,624.11554,357.2569,611.28784,550.1853,220.0
T000250,1986-11-30,134.3153,510.51157,318.90973,486.5314,175.51819,80.0
T000250,1986-12-31,91.809784,9.577515,351.84998,415.07117,576.8994,40.0
T000250,1987-01-31,107.43207,-78.79782,315.91876,371.26105,453.58783,190.0
T000250,1987-02-28,253.56105,209.46924,352.47205,320.35266,668.547,90.0
T000250,1987-03-31,162.0588,151.85606,303.11185,287.10596,478.50214,60.0
T000250,1987-04-30,55.36081,105.318665,313.34888,252.09242,602.18146,690.0
T000251,1986-03-31,2896.6792,2717.6992,2374.621,2314.0437,2298.5151,2541.0
T000251,1986-04-30,2469.2063,2256.6602,2377.044,2493.2334,2314.8403,2945.0
T000251,1986-05-31,2867.8591,3113.4429,2465.5103,2479.2046,2618.3733,3897.0
T000251,1986-06-30,3727.9917,4026.6924,2542.6113,2533.142,1966.3823,2642.0
T000251,1986-07-31,2441.3906,2561.615,2544.8445,2580.9858,1835.4308,2949.0
T000251,1986-08-31,2925.9731,2945.4272,2749.815,2728.0476,2288.7146,1824.0
T000251,1986-09-30,1913.3552,1521.2644,2593.6868,2732.2708,2347.8123,1470.0
T000251,1986-10-31,1622.9283,1490.4543,2578.1885,2606.3503,1969.0504,2210.0
T000251,1986-11-30,2304.5786,2154.6692,2574.6953,2599.5034,2492.0293,3098.0
T000251,1986-12-31,3036.3818,2951.789,2535.3218,2768.5356,1738.9473,1491.0
T000251,1987-01-31,1570.1309,1416.1173,2562.1553,2679.719,2166.9539,1670.0
T000251,1987-02-28,1788.7494,1551.2234,2473.0718,2631.1658,2459.144,2239.0
T000251,1987-03-31,2182.0925,1458.878,2511.1042,2543.8774,2215.2666,2235.0
T000251,1987-04-30,2234.5413,2153.2422,2322.0571,2554.3923,2752.4014,2167.0
T000252,1985-03-31,1325.526,1597.5001,1421.0945,1490.3546,1216.3528,768.0
T000252,1985-04-30,747.2702,779.72345,1346.6381,1496.8898,1634.3434,1418.0
T000252,1985-05-31,1329.9951,1689.0618,1289.6998,1521.5625,1266.6942,1420.0
T000252,1985-06-30,1382.4135,1276.5356,1395.9954,1574.8005,1553.9436,1450.0
T000252,1985-07-31,1388.742,1478.544,1355.5822,1554.6854,1311.0198,1650.0
T000252,1985-08-31,1546.3417,1701.9011,1407.9565,1554.5508,1368.5126,1240.0
T000252,1985-09-30,1147.5854,1310.0498,1313.6266,1566.6396,1141.5222,1350.0
T000252,1985-10-31,1277.9841,1372.855,1348.5676,1546.6376,1137.8256,1540.0
T000252,1985-11-30,1517.4598,1568.6783,1296.0432,1529.9994,1298.956,1380.0
T000252,1985-12-31,1398.0723,1565.1141,1323.3752,1490.5591,1304.9474,1310.0
T000252,1986-01-31,1274.3893,1569.5698,1334.1964,1478.2083,1092.6619,1230.0
T000252,1986-02-28,1196.9719,1276.9019,1331.051,1437.7383,1174.4912,1490.0
T000252,1986-03-31,1486.9604,1409.0972,1378.0833,1439.2339,1028.9431,1240.0
T000252,1986-04-30,1259.2804,1099.4875,1386.7935,1428.3235,1385.5123,1560.0
T000253,1982-03-31,3066.7725,2893.8484,3323.0654,3555.2612,3957.8381,2160.0
T000253,1982-04-30,2106.4414,2745.6392,3178.996,3553.2002,4018.6873,2890.0
T000253,1982-05-31,2756.951,3708.064,3035.1262,3573.9958,3037.7026,3170.0
T000253,1982-06-30,2905.0635,3522.9814,3079.141,3532.4504,3086.733,2770.0
T000253,1982-07-31,2555.9539,2633.1775,2970.2234,3429.0798,2442.4263,2370.0
T000253,1982-08-31,2362.3894,2422.2644,2942.8513,3440.6814,3084.435,1910.0
T000253,1982-09-30,1958.4722,2225.8723,2773.1777,3430.7566,2585.837,2400.0
T000253,1982-10-31,2387.833,2482.5955,2746.4683,3305.2744,2006.1312,2400.0
T000253,1982-11-30,2406.3723,2460.6553,2617.57,3251.4688,2615.1375,2950.0
T000253,1982-12-31,2931.5908,3236.465,2640.928,3122.2312,2194.212,2870.0
T000253,1983-01-31,2855.9683,2976.6123,2596.9868,3067.875,2153.1746,2560.0
T000253,1983-02-28,2612.8289,2474.9705,2662.866,2994.8154,2636.9285,3150.0
T000253,1983-03-31,3140.3794,2953.1067,2683.774,2985.6882,2642.098,2180.0
T000253,1983-04-30,2170.5615,2282.2336,2615.0623,2951.435,3032.8215,3370.0
T000254,1985-03-31,1376.9507,1564.6584,1138.15,1276.5782,1241.1794,880.0
T000254,1985-04-30,791.20105,1127.0186,1031.9001,1259.5991,1134.2576,1036.0
T000254,1985-05-31,996.7539,1260.0265,1100.9224,1273.1741,1150.9279,950.0
T000254,1985-06-30,931.173,955.38556,1032.5524,1152.8962,1247.353,530.0
T000254,1985-07-31,541.3806,729.709,1002.5714,1171.7197,1205.2964,750.0
T000254,1985-08-31,761.0565,1011.84436,989.7996,1111.903,1003.54504,640.0
T000254,1985-09-30,655.78143,694.90735,932.19836,1112.0037,1063.7457,750.0
T000254,1985-10-31,721.5153,804.1564,967.1895,1038.7948,952.3043,1030.0
T000254,1985-11-30,1004.7055,986.05554,912.094,1032.7997,1217.5688,1080.0
T000254,1985-12-31,1056.4166,1037.2148,990.8092,1026.0361,1055.9999,590.0
T000254,1986-01-31,588.74554,616.9635,887.02905,1033.5756,1255.3427,840.0
T000254,1986-02-28,808.85095,989.8264,903.5405,1044.2612,1241.2893,1080.0
T000254,1986-03-31,932.7245,1261.633,856.25964,1014.4111,980.6524,920.0
T000254,1986-04-30,815.3998,1122.7705,849.98285,1069.8025,1070.5104,1030.0
T000255,1983-09-30,83354.22,87589.516,86547.06,92977.46,119470.39,59265.0
T000255,1983-10-31,55785.11,71230.87,80510.0,93146.18,107139.65,53539.0
T000255,1983-11-30,46603.7,82938.086,77437.805,98589.016,91794.13,85095.0
T000255,1983-12-31,73758.54,109596.11,71530.9,102220.79,87789.79,71777.0
T000255,1984-01-31,64382.67,85730.484,72895.92,93287.54,81397.695,36612.0
T000255,1984-02-29,38359.312,50055.164,70257.516,89829.39,92108.945,46781.0
T000255,1984-03-31,49368.133,58342.145,70143.35,82918.26,84767.44,69476.0
T000255,1984-04-30,62493.168,70510.13,68870.36,80932.445,59425.633,60524.0
T000255,1984-05-31,57270.4,64894.85,65792.86,84447.98,72672.95,40434.0
T000255,1984-06-30,39866.715,54307.11,62312.668,72332.82,67368.84,42155.0
T000255,1984-07-31,43703.234,41389.15,58110.645,68716.04,63301.64,41402.0
T000255,1984-08-31,44392.875,40209.25,58112.773,72545.08,91758.89,63455.0
T000255,1984-09-30,60528.008,76202.98,58393.43,69381.375,90099.08,30165.0
T000255,1984-10-31,25535.281,57746.945,52221.125,69220.63,68107.34,61688.0
T000256,1985-06-30,166528.64,176625.75,144788.97,165128.6,157749.94,139041.0
T000256,1985-07-31,130598.86,150712.44,142383.78,161915.23,178103.78,170061.0
T000256,1985-08-31,156990.53,199341.56,143445.28,161733.92,124318.69,240458.0
T000256,1985-09-30,219500.9,257993.66,146987.77,166016.6,120115.21,156178.0
T000256,1985-10-31,147496.62,173001.47,144645.25,175194.05,132358.08,102606.0
T000256,1985-11-30,100156.42,121725.87,151205.84,166318.5,137316.7,102483.0
T000256,1985-12-31,116815.43,102417.72,147313.36,162897.22,126745.69,131008.0
T000256,1986-01-31,141482.62,116422.07,153218.31,162899.17,135421.34,209534.0
T000256,1986-02-28,201590.3,186342.53,157827.14,164250.53,120677.56,230767.0
T000256,1986-03-31,218397.56,233548.5,155953.8,166241.52,115468.74,162118.0
T000256,1986-04-30,166457.38,154137.3,167318.1,165490.55,130302.7,152117.0
T000256,1986-05-31,162083.98,122159.09,169436.48,173041.22,162601.9,167278.0
T000256,1986-06-30,164558.86,131981.31,169049.98,177078.72,195832.61,150125.0
T000256,1986-07-31,148982.12,162254.47,163981.47,170481.83,188614.5,176459.0
T000257,1985-03-31,146.38637,185.10245,145.49396,176.06549,135.09113,151.6
T000257,1985-04-30,143.1741,155.93332,144.68599,171.90634,153.11072,181.5
T000257,1985-05-31,179.24483,192.24689,148.33904,170.67574,159.96799,202.6
T000257,1985-06-30,190.9044,200.34618,152.27707,172.52725,146.17836,151.6
T000257,1985-07-31,145.58752,161.57732,147.26138,168.32199,149.18369,190.0
T000257,1985-08-31,182.28094,220.52754,156.78177,168.30641,164.97748,182.2
T000257,1985-09-30,170.42665,190.62073,150.49121,163.90033,131.74463,181.9
T000257,1985-10-31,177.6053,203.08995,161.30775,165.59805,157.04794,173.5
T000257,1985-11-30,172.31847,184.27989,163.758,168.19081,178.22913,132.2
T000257,1985-12-31,134.45242,132.09903,163.24348,166.8652,159.71774,164.4
T000257,1986-01-31,164.51958,176.33722,170.00366,165.27089,192.46928,136.9
T000257,1986-02-28,139.05818,136.97948,165.95258,166.60674,194.97922,145.3
T000257,1986-03-31,144.77289,147.26593,168.87137,172.91664,167.77986,151.7
T000257,1986-04-30,149.13951,151.79028,162.69023,165.55971,217.26979,196.6
T000258,1983-01-31,6612.045,6447.758,5711.137,5929.8525,5362.9155,5859.0
T000258,1983-02-28,5800.4653,6619.9966,5562.136,5943.568,4779.323,6594.0
T000258,1983-03-31,6342.2163,6991.4863,5745.4766,5924.958,4221.282,7083.0
T000258,1983-04-30,6971.6353,6606.667,5811.2153,6390.8706,4870.0225,6870.0
T000258,1983-05-31,6851.4883,6248.4146,6099.841,6662.0767,6032.3374,5399.0
T000258,1983-06-30,5583.007,5487.7,6120.906,6319.9297,5958.809,6405.0
T000258,1983-07-31,6415.076,6627.397,6262.884,6450.8745,5704.0825,6796.0
T000258,1983-08-31,6504.225,6504.5195,6246.2603,7071.051,5757.147,7564.0
T000258,1983-09-30,7296.522,7728.216,6300.9834,6889.453,5940.8247,4832.0
T000258,1983-10-31,5026.17,5115.3057,6237.8687,6919.9756,6691.048,3715.0
T000258,1983-11-30,4255.253,3865.5645,6233.6006,6992.8203,6693.0674,6724.0
T000258,1983-12-31,6580.904,6420.512,6301.519,6968.877,6838.7646,6149.0
T000258,1984-01-31,5886.7646,6130.288,6191.1323,6936.9194,6367.664,5497.0
T000258,1984-02-29,5338.4365,6411.877,6214.1836,6791.869,5619.228,7206.0
T000259,1983-03-31,1758.5912,1727.6921,1843.3347,1854.0063,1595.3468,1460.0
T000259,1983-04-30,1481.7766,1447.9067,1860.1451,1860.9512,1685.2675,1076.0
T000259,1983-05-31,1161.6707,1028.0698,1764.1729,1893.8673,1697.194,1440.0
T000259,1983-06-30,1503.0676,1412.1727,1758.6378,1885.7048,1636.3832,1584.0
T000259,1983-07-31,1592.072,1577.89,1725.5717,1884.4005,1652.0087,1615.0
T000259,1983-08-31,1602.2834,1668.063,1696.782,1899.6351,1448.4707,1949.0
T000259,1983-09-30,1879.3672,1928.034,1717.7451,1893.5792,1369.1752,2163.0
T000259,1983-10-31,2101.046,1960.4022,1731.9729,1935.9004,1465.6744,1986.0
T000259,1983-11-30,1944.8811,1819.5634,1752.6655,1936.8706,1592.9825,1872.0
T000259,1983-12-31,1834.8724,1860.6289,1761.9218,1927.5095,1702.7648,2120.0
T000259,1984-01-31,2036.2499,2185.7793,1779.9476,1935.7897,1565.635,2324.0
T000259,1984-02-29,2201.9263,2456.2349,1797.6373,1964.0569,1630.3167,1893.0
T000259,1984-03-31,1817.8131,2106.0308,1790.8873,1968.6279,1631.9418,2081.0
T000259,1984-04-30,2020.7233,2231.0425,1865.11,1988.5552,1589.7913,1844.0
T000260,1983-05-31,2363.052,2431.0767,2378.8335,2382.7075,2285.3142,2399.0
T000260,1983-06-30,2402.2896,2368.1577,2370.4324,2394.577,2509.8098,2104.0
T000260,1983-07-31,2143.5715,2069.4597,2361.9607,2380.3474,2332.5862,2155.0
T000260,1983-08-31,2193.2554,2263.1436,2359.515,2384.07,2496.0088,2320.0
T000260,1983-09-30,2318.3284,2346.411,2335.524,2368.5974,2299.189,2317.0
T000260,1983-10-31,2283.14,2291.194,2348.9675,2382.6636,2201.8914,2553.0
T000260,1983-11-30,2525.2012,2531.8105,2352.723,2373.524,2408.399,2359.0
T000260,1983-12-31,2359.3823,2267.812,2363.6807,2398.8572,2404.5403,2318.0
T000260,1984-01-31,2316.3284,2344.6877,2351.9363,2402.9019,2440.946,2253.0
T000260,1984-02-29,2244.893,2308.7126,2350.9543,2407.2607,2525.1787,2507.0
T000260,1984-03-31,2458.0842,2541.137,2347.1287,2397.551,2285.1492,2297.0
T000260,1984-04-30,2250.809,2384.6177,2328.4573,2382.6729,2380.1929,2292.0
T000260,1984-05-31,2277.5007,2394.7603,2319.6807,2410.7349,2335.8528,2317.0
T000260,1984-06-30,2294.4482,2317.3542,2329.384,2364.7886,2368.6987,2089.0
T000261,1983-07-31,234.68243,246.24283,240.58441,253.47896,263.44962,237.0
T000261,1983-08-31,232.9068,240.36339,239.54077,248.4558,244.33978,250.0
T000261,1983-09-30,248.09424,255.19559,242.32758,248.01799,259.35864,255.0
T000261,1983-10-31,253.79092,259.64767,241.38359,247.13823,249.43839,239.0
T000261,1983-11-30,235.95444,239.6635,242.87875,244.84508,250.87799,264.0
T000261,1983-12-31,260.31442,265.6789,243.8154,245.16377,265.23245,265.0
T000261,1984-01-31,260.1074,270.96243,245.16803,248.66733,269.38995,258.0
T000261,1984-02-29,252.83287,273.02313,246.4732,247.81604,251.97331,237.0
T000261,1984-03-31,233.53435,250.46732,247.61018,248.30945,272.70712,281.0
T000261,1984-04-30,272.70624,288.20245,249.6121,250.42152,250.52315,217.0
T000261,1984-05-31,215.68855,224.00441,246.38156,249.84834,274.07928,236.0
T000261,1984-06-30,237.00792,255.9166,249.88846,245.61024,259.6834,245.0
T000261,1984-07-31,243.45381,240.64682,249.04997,246.62022,259.51443,215.0
T000261,1984-08-31,217.09468,219.3512,246.27777,246.32811,255.65154,251.0
T000262,1983-05-31,1426.2524,1550.38,1550.504,1642.0818,1646.3019,1546.0
T000262,1983-06-30,1533.7772,1570.2638,1536.7217,1615.2401,1568.8972,1496.0
T000262,1983-07-31,1466.6625,1487.7396,1542.7869,1597.3129,1619.7238,1324.0
T000262,1983-08-31,1346.935,1413.8176,1527.3298,1596.4431,1686.6571,1620.0
T000262,1983-09-30,1615.351,1657.4058,1544.6346,1597.3759,1544.7202,1550.0
T000262,1983-10-31,1517.7944,1515.564,1530.0334,1591.1859,1590.9886,1624.0
T000262,1983-11-30,1599.1266,1661.0614,1545.4926,1594.4967,1676.3987,1619.0
T000262,1983-12-31,1568.9224,1672.8397,1535.8143,1584.9415,1627.347,1521.0
T000262,1984-01-31,1498.566,1609.9001,1535.4211,1585.4028,1577.0433,1528.0
T000262,1984-02-29,1503.8204,1609.3737,1538.8881,1584.1909,1705.4995,1574.0
T000262,1984-03-31,1520.125,1639.9685,1525.9911,1576.8121,1585.7971,1402.0
T000262,1984-04-30,1367.84,1488.9048,1523.9509,1576.1438,1567.8928,1412.0
T000262,1984-05-31,1421.7693,1532.5559,1516.6215,1580.8789,1639.503,1533.0
T000262,1984-06-30,1518.4246,1576.1384,1521.8395,1565.0879,1502.9897,1529.0
T000263,1983-03-31,1369.1191,1353.0093,1427.2474,1463.8237,1373.7213,1439.0
T000263,1983-04-30,1422.0991,1474.0469,1437.1511,1471.4475,1309.0806,1342.0
T000263,1983-05-31,1343.5842,1309.0952,1413.0193,1473.7562,1340.1901,1397.0
T000263,1983-06-30,1402.1821,1342.5348,1434.1825,1450.7698,1294.5485,1286.0
T000263,1983-07-31,1307.8622,1226.9165,1398.7925,1450.8845,1455.0254,1250.0
T000263,1983-08-31,1283.981,1236.4717,1404.194,1437.198,1361.5625,1362.0
T000263,1983-09-30,1360.1643,1356.8561,1382.4108,1429.4064,1384.0916,1367.0
T000263,1983-10-31,1358.1091,1381.0492,1369.6749,1435.1578,1356.0226,1488.0
T000263,1983-11-30,1458.6349,1529.9667,1381.5793,1414.5574,1329.1355,1491.0
T000263,1983-12-31,1467.4423,1478.2466,1372.6823,1409.4945,1357.4144,1286.0
T000263,1984-01-31,1294.4211,1289.3618,1384.8197,1414.944,1433.614,1439.0
T000263,1984-02-29,1425.7064,1464.487,1384.5785,1410.7794,1447.4567,1374.0
T000263,1984-03-31,1350.9366,1409.5609,1376.7341,1405.3376,1375.551,1406.0
T000263,1984-04-30,1384.074,1472.1058,1382.9276,1403.375,1373.6531,1416.0
T000264,1983-03-31,17.278242,18.173532,18.450466,18.84469,19.64514,17.5
T000264,1983-04-30,17.272505,18.563614,18.319,18.692896,19.014952,17.0
T000264,1983-05-31,16.69116,16.443003,18.211977,18.601738,21.126978,18.8
T000264,1983-06-30,18.504826,19.780542,18.116526,18.687302,21.325506,18.3
T000264,1983-07-31,17.719856,20.393637,18.257341,18.720842,22.245165,17.0
T000264,1983-08-31,16.445515,19.993484,17.864054,18.854877,19.769125,17.1
T000264,1983-09-30,16.49856,18.724642,18.157698,18.546417,20.25085,17.4
T000264,1983-10-31,16.868956,17.42993,17.807592,18.191175,19.346945,16.8
T000264,1983-11-30,16.652046,16.385237,18.075634,18.11257,20.568447,16.2
T000264,1983-12-31,16.166086,17.270617,17.511368,17.97694,19.573528,15.7
T000264,1984-01-31,15.842202,17.196295,17.533978,18.228647,19.081242,18.3
T000264,1984-02-29,17.869162,19.451513,17.318296,18.067587,17.451872,18.0
T000264,1984-03-31,17.630543,17.904713,17.402323,17.988085,18.15901,18.9
T000264,1984-04-30,18.67084,18.892994,17.524576,17.954527,17.696388,18.9
T000265,1983-05-31,63.672848,68.946495,60.167587,63.524727,60.32762,57.1
T000265,1983-06-30,55.249397,58.044346,60.140957,63.038998,63.517693,52.8
T000265,1983-07-31,52.967407,58.241947,58.271034,63.794453,70.06308,59.5
T000265,1983-08-31,58.72169,64.20245,59.635925,62.017597,67.11363,70.0
T000265,1983-09-30,68.36158,77.42767,59.934967,62.0836,70.036446,68.9
T000265,1983-10-31,65.99321,70.42209,61.905426,62.98962,60.585518,59.3
T000265,1983-11-30,57.39727,59.666935,60.486504,62.056694,66.64166,53.8
T000265,1983-12-31,52.276917,55.051895,61.547672,62.335938,69.51224,71.8
T000265,1984-01-31,70.350945,73.40126,61.059406,61.88132,64.026886,65.9
T000265,1984-02-29,65.78331,67.76006,62.095856,63.332527,73.11569,70.1
T000265,1984-03-31,68.75833,78.34389,62.878902,62.712814,64.401665,50.3
T000265,1984-04-30,50.55952,50.694817,62.31394,63.26274,68.532166,79.9
T000265,1984-05-31,76.84201,83.534904,64.47648,63.227745,59.570038,69.5
T000265,1984-06-30,68.43625,63.20378,64.29504,64.110374,69.86451,61.7
T000266,1983-05-31,6.6533747,6.8233805,6.9649625,7.185804,7.064839,6.85
T000266,1983-06-30,6.832683,6.5736203,6.945123,7.1396074,6.8749437,6.96
T000266,1983-07-31,6.8770633,6.8148446,6.9229336,7.160177,6.961134,6.57
T000266,1983-08-31,6.578051,6.904842,6.889451,7.1854725,7.142345,7.01
T000266,1983-09-30,6.992013,7.131775,6.8891673,7.108957,6.6221595,6.79
T000266,1983-10-31,6.732173,6.638773,6.8586235,7.0163994,6.745954,6.66
T000266,1983-11-30,6.6510267,6.741288,6.836549,7.0844245,7.3038735,6.88
T000266,1983-12-31,6.816913,6.982428,6.8365602,6.9605494,6.921882,6.3
T000266,1984-01-31,6.2945642,6.627248,6.733631,6.992899,6.899053,6.36
T000266,1984-02-29,6.3970556,6.571474,6.7710023,7.033113,7.082564,6.95
T000266,1984-03-31,6.7801747,6.963166,6.695916,6.949165,6.8029017,6.61
T000266,1984-04-30,6.519102,6.733962,6.7256837,6.901848,6.8804083,6.98
T000266,1984-05-31,6.962089,7.2077985,6.7545376,6.891318,7.0101895,6.84
T000266,1984-06-30,6.7804914,6.8920727,6.7467265,6.902441,6.881246,6.57
T000267,1983-07-31,2.7594304,2.6399183,2.6124191,2.8731358,2.5705636,1.28
T000267,1983-08-31,1.5300677,1.1936427,2.6266434,2.8554425,2.687255,2.3
T000267,1983-09-30,2.4360993,2.5809798,2.64908,2.7092676,2.4014785,2.75
T000267,1983-10-31,2.7107341,2.4545722,2.586003,2.9750512,2.0659907,2.51
T000267,1983-11-30,2.4700987,2.369077,2.6776085,2.7628195,1.9827776,2.67
T000267,1983-12-31,2.644859,2.5255365,2.5643656,2.865444,2.3120515,2.47
T000267,1984-01-31,2.5293515,2.0241468,2.67875,2.7432895,1.9903173,2.72
T000267,1984-02-29,2.7445679,2.3638635,2.578275,2.8555908,2.9182942,2.6
T000267,1984-03-31,2.5177612,2.638711,2.6312284,2.8331168,2.8195086,2.76
T000267,1984-04-30,2.5747318,3.133516,2.5353112,2.8538108,2.0116446,2.33
T000267,1984-05-31,2.1836035,2.6203516,2.5287778,2.9470408,2.292746,2.02
T000267,1984-06-30,2.0001974,2.1871393,2.4509492,2.883342,2.4248967,2.64
T000267,1984-07-31,2.5188484,2.5661602,2.465157,2.7784984,2.4039223,0.94
T000267,1984-08-31,1.1365628,1.2551578,2.3645685,2.840866,2.7619903,2.34
T000268,1982-07-31,1.944514,2.1537151,1.8240889,1.9728858,1.6857483,1.73
T000268,1982-08-31,1.7173967,1.6870351,1.7982323,1.9431034,2.040371,1.8
T000268,1982-09-30,1.8530163,1.8265358,1.8507305,1.8959547,1.8707479,1.7
T000268,1982-10-31,1.7219064,1.7451564,1.8212863,1.8405551,1.9548209,1.64
T000268,1982-11-30,1.670805,1.749474,1.7832987,1.8524959,1.8382221,1.59
T000268,1982-12-31,1.6059381,1.5561757,1.8123116,1.8246726,1.9257556,1.52
T000268,1983-01-31,1.5495434,1.5363715,1.7218996,1.8101687,2.151711,1.0
T000268,1983-02-28,1.0675789,1.1315451,1.74902,1.8212385,2.286858,1.27
T000268,1983-03-31,1.253963,1.5191044,1.6172056,1.835248,2.2059083,2.13
T000268,1983-04-30,1.9516065,2.257996,1.7282346,1.8375082,2.0149918,1.81
T000268,1983-05-31,1.6414049,1.9761443,1.6291662,1.8425219,2.019671,1.7
T000268,1983-06-30,1.5778295,2.0215914,1.693645,1.8186283,2.031478,1.52
T000268,1983-07-31,1.4380913,1.6336848,1.6343236,1.8157188,1.8925549,1.82
T000268,1983-08-31,1.7656698,1.8354931,1.6440799,1.8022009,1.9703314,1.27
T000269,1983-05-31,10.640577,9.838857,9.987886,9.53841,9.298575,7.92
T000269,1983-06-30,8.146877,7.854581,9.438564,9.605141,10.072927,11.52
T000269,1983-07-31,11.397099,12.070313,10.053897,9.671242,9.949486,11.69
T000269,1983-08-31,11.295701,10.862465,9.851984,10.505409,10.478165,12.28
T000269,1983-09-30,11.812685,12.480185,10.36094,10.891422,10.351343,11.1
T000269,1983-10-31,10.5334015,11.42535,10.2685375,10.901172,11.219158,10.06
T000269,1983-11-30,9.666247,10.77491,10.292804,10.771996,9.834687,9.26
T000269,1983-12-31,9.014582,9.992624,10.155532,10.62271,10.489177,10.47
T000269,1984-01-31,10.442385,11.03895,10.128871,10.693062,10.435789,9.7
T000269,1984-02-29,9.753766,10.157249,10.279202,10.656369,9.890228,9.9
T000269,1984-03-31,9.969351,10.3936205,10.169082,10.649044,9.981683,10.61
T000269,1984-04-30,10.586424,10.371604,10.512736,10.667356,9.38498,8.87
T000269,1984-05-31,8.896361,8.138602,10.232078,10.491754,9.5411415,8.07
T000269,1984-06-30,8.430632,7.09212,10.407836,10.33723,10.200513,9.16
T000270,1983-03-31,34.85767,33.631073,39.272705,43.16655,35.005474,37.1
T000270,1983-04-30,38.0939,36.9152,38.498283,41.453934,36.58271,44.7
T000270,1983-05-31,44.449333,43.294727,39.4203,43.173122,34.1505,41.4
T000270,1983-06-30,40.44896,38.6178,38.594517,43.302773,37.55321,43.0
T000270,1983-07-31,41.636513,43.17588,39.360794,43.070026,37.391495,43.6
T000270,1983-08-31,41.145622,46.80886,38.824142,43.025387,34.404552,39.9
T000270,1983-09-30,38.23516,42.125885,38.99813,43.53192,36.224213,44.8
T000270,1983-10-31,42.643337,47.210125,39.312637,43.071487,38.5265,31.0
T000270,1983-11-30,30.334465,34.07758,38.036114,43.206215,39.498497,25.2
T000270,1983-12-31,27.823444,30.834911,38.982437,42.05465,39.38197,39.3
T000270,1984-01-31,39.55375,39.552345,38.535015,42.271984,37.015842,46.6
T000270,1984-02-29,44.720997,43.641884,39.758957,42.64215,34.411865,35.4
T000270,1984-03-31,35.58411,35.754696,39.26846,41.465443,39.55532,41.5
T000270,1984-04-30,41.574635,41.597633,39.954758,40.732,36.76442,43.0
T000271,1982-10-31,2.0709813,1.9714286,1.9046987,1.9001086,1.6127094,2.29
T000271,1982-11-30,2.2438712,2.1954815,2.0427144,1.9827999,1.8282098,2.24
T000271,1982-12-31,2.1334019,2.1484308,1.9429278,2.0460486,1.6719196,2.19
T000271,1983-01-31,2.1743007,2.215631,2.012936,2.0824733,1.9775552,1.93
T000271,1983-02-28,1.9636724,2.071207,2.02839,2.0685136,1.9740204,1.83
T000271,1983-03-31,1.8545653,1.685218,2.0339506,2.0685434,1.7756478,2.13
T000271,1983-04-30,2.0988731,2.131387,2.0578732,2.0804563,1.7486731,2.1
T000271,1983-05-31,2.04365,1.9656817,2.0487034,2.1276922,1.7899123,1.88
T000271,1983-06-30,1.896406,1.763703,2.0707312,2.0583446,1.4959321,2.02
T000271,1983-07-31,2.1027582,1.823259,2.0604491,2.094535,2.039925,2.62
T000271,1983-08-31,2.6140704,2.3180938,2.1534226,2.1111858,1.8746917,2.22
T000271,1983-09-30,2.2062004,2.1275923,2.113921,2.1192288,2.1606667,1.93
T000271,1983-10-31,1.9399468,2.064625,2.1452618,2.1114438,1.9228992,1.89
T000271,1983-11-30,1.8390641,1.8717815,2.0952866,2.1105154,1.9550611,2.16
T000272,1983-05-31,19.126413,18.207277,21.682634,21.98168,22.470552,22.1
T000272,1983-06-30,22.21823,20.802109,21.70536,22.30032,21.522255,23.0
T000272,1983-07-31,22.607233,21.743204,21.841305,22.396215,21.873774,20.5
T000272,1983-08-31,20.480688,22.10962,21.57219,22.282862,22.753042,22.7
T000272,1983-09-30,22.23848,23.399612,21.739119,22.190136,20.597223,21.7
T000272,1983-10-31,21.363493,21.06126,21.511063,22.303373,20.671448,21.7
T000272,1983-11-30,21.66971,21.58559,21.771454,22.337893,23.183052,23.1
T000272,1983-12-31,22.726873,23.291443,21.80219,22.26365,21.479288,20.9
T000272,1984-01-31,20.736317,21.827576,21.56151,22.239935,20.347248,21.3
T000272,1984-02-29,21.349453,21.899479,21.905441,22.342781,21.067116,23.3
T000272,1984-03-31,22.829647,22.443695,21.674618,22.181286,20.500727,20.4
T000272,1984-04-30,20.258467,20.085728,21.686232,22.226463,20.64736,23.3
T000272,1984-05-31,23.681337,23.407612,22.101107,22.257793,22.200476,24.2
T000272,1984-06-30,24.049866,23.557516,22.155611,22.483082,20.878607,24.2
T000273,1983-03-31,4.574835,4.7648826,3.9837377,4.1113944,3.9618933,4.58
T000273,1983-04-30,4.392089,4.680791,4.0381694,4.2118473,3.7799194,4.43
T000273,1983-05-31,4.34741,4.5861263,4.1489234,4.214781,4.0414705,4.51
T000273,1983-06-30,4.467231,4.5889516,4.1910663,4.261871,3.8461535,4.46
T000273,1983-07-31,4.459631,4.41625,4.2856507,4.394322,3.7943654,4.34
T000273,1983-08-31,4.415563,4.19301,4.3402066,4.5327096,3.902314,4.92
T000273,1983-09-30,4.9452834,4.5760374,4.4706135,4.628402,3.7159145,5.36
T000273,1983-10-31,5.370426,4.8127546,4.59085,4.691885,3.8622444,5.33
T000273,1983-11-30,5.347084,4.9654107,4.6753545,4.7237067,4.4034915,4.95
T000273,1983-12-31,4.919444,4.6728344,4.742176,4.747298,4.248689,4.87
T000273,1984-01-31,4.8772035,4.676634,4.8045926,4.779541,4.4657946,5.12
T000273,1984-02-29,5.0885396,4.9147997,4.826329,4.814823,4.694718,5.69
T000273,1984-03-31,5.572334,5.650112,4.906571,4.79803,4.6483765,5.74
T000273,1984-04-30,5.5839486,5.85571,4.9631667,4.8216896,4.520023,5.98
T000274,1983-07-31,2.5277236,2.490978,2.1648967,2.3964567,1.9874418,1.18
T000274,1983-08-31,1.3851446,1.0992761,2.1061492,2.3661726,2.2573192,2.35
T000274,1983-09-30,2.4261732,2.5839252,2.2607837,2.3631623,1.8952056,2.62
T000274,1983-10-31,2.4954553,2.4322574,2.150264,2.389208,1.6713068,2.66
T000274,1983-11-30,2.5471723,2.5733924,2.3127115,2.3947153,1.4021387,3.11
T000274,1983-12-31,3.0156176,2.890852,2.3247876,2.4645748,2.078274,2.5
T000274,1984-01-31,2.5378466,2.1380973,2.3978999,2.5031772,1.9128311,2.55
T000274,1984-02-29,2.5622635,2.4319263,2.432808,2.5257661,2.5840275,2.34
T000274,1984-03-31,2.3087502,2.427539,2.4332647,2.4984825,2.6421337,3.01
T000274,1984-04-30,2.8330038,3.3080559,2.468593,2.5463433,1.7797265,2.23
T000274,1984-05-31,2.1694903,2.2794564,2.4354115,2.5490472,2.3367395,2.1
T000274,1984-06-30,2.120953,2.210707,2.4418387,2.524429,2.26468,2.65
T000274,1984-07-31,2.5638304,2.3541794,2.485189,2.6000123,2.3969827,1.0
T000274,1984-08-31,1.2251985,1.115998,2.4066029,2.594385,2.8248048,2.46
T000275,1983-05-31,8.077597,8.482401,8.563996,8.64506,8.548949,9.06
T000275,1983-06-30,9.05619,9.022441,8.615699,8.532224,7.838086,7.2
T000275,1983-07-31,7.398366,6.756267,8.556718,8.658252,8.746427,9.29
T000275,1983-08-31,9.218871,9.393186,8.702961,8.671093,8.558614,9.26
T000275,1983-09-30,9.09418,8.968697,8.635134,8.693331,8.202685,9.65
T000275,1983-10-31,9.58039,9.484929,8.857498,8.660449,8.009275,9.07
T000275,1983-11-30,9.030868,8.55858,8.797905,8.745991,9.405086,10.73
T000275,1983-12-31,10.479526,10.554029,8.964531,9.205879,8.472197,8.04
T000275,1984-01-31,8.025126,8.067705,8.828947,9.120035,9.536355,7.71
T000275,1984-02-29,7.920848,8.391566,8.922896,8.86942,9.353964,8.43
T000275,1984-03-31,8.276642,8.579719,8.779018,8.788713,8.770218,8.54
T000275,1984-04-30,8.381478,8.731111,8.708698,9.016847,8.835897,9.06
T000275,1984-05-31,8.966903,9.177525,8.971136,8.888282,9.318947,10.09
T000275,1984-06-30,9.92641,10.185808,8.792814,8.864982,8.699121,9.2
T000276,1983-05-31,2.2110052,2.10199,2.1824725,2.452359,2.267048,2.3
T000276,1983-06-30,2.2765954,2.2117877,2.1446981,2.4310107,2.449832,2.09
T000276,1983-07-31,2.022741,2.1298652,2.172739,2.359967,3.1181688,2.01
T000276,1983-08-31,1.8026047,2.5367932,2.0828638,2.348401,2.491109,1.96
T000276,1983-09-30,1.7117993,2.5020788,2.0553775,2.3587022,2.080329,2.07
T000276,1983-10-31,1.8372746,2.4884596,2.01504,2.4444153,2.1402996,1.91
T000276,1983-11-30,1.7607955,2.226705,1.976875,2.3584492,2.1220427,1.43
T000276,1983-12-31,1.376291,1.7519014,1.9364803,2.234419,1.9633775,0.67
T000276,1984-01-31,0.941046,0.8466971,1.9376318,2.2540364,2.2803943,1.7
T000276,1984-02-29,1.7252545,1.8238401,1.8992969,2.2265584,1.5931598,1.84
T000276,1984-03-31,1.7546955,1.5736916,1.8763486,2.228972,1.4787686,1.46
T000276,1984-04-30,1.4857342,1.5187409,1.7974615,2.1594768,1.555039,1.7
T000276,1984-05-31,1.6918224,1.616857,1.7767748,2.0907393,1.6858287,1.88
T000276,1984-06-30,1.8511481,1.6951362,1.7394588,2.1009724,1.7668438,2.06
T000277,1983-01-31,1.7765197,1.9314839,1.521034,1.6534498,1.6501592,1.55
T000277,1983-02-28,1.4535254,1.7016037,1.3977326,1.6174041,1.5349109,1.68
T000277,1983-03-31,1.6276956,1.8384794,1.5295382,1.6422621,1.6412776,1.85
T000277,1983-04-30,1.7211076,1.8867964,1.477062,1.6297381,1.5290196,1.55
T000277,1983-05-31,1.5050908,1.7003393,1.5040709,1.6318239,1.7513623,1.32
T000277,1983-06-30,1.3345087,1.6438993,1.5485198,1.6056535,1.6869214,1.97
T000277,1983-07-31,1.942344,1.881596,1.5844618,1.6735688,1.5561714,1.91
T000277,1983-08-31,1.8439194,1.9137765,1.6395146,1.7299104,1.6748691,2.04
T000277,1983-09-30,1.9388839,2.105853,1.6788888,1.7137218,1.7313908,1.77
T000277,1983-10-31,1.7497513,1.7596871,1.714738,1.7210604,1.4966207,1.74
T000277,1983-11-30,1.8032866,1.6852793,1.7587564,1.7312334,1.8675526,1.78
T000277,1983-12-31,1.7735448,1.5287554,1.7638235,1.8096737,1.8903167,1.93
T000277,1984-01-31,1.8871092,2.0213692,1.7619975,1.8034993,1.9132516,1.71
T000277,1984-02-29,1.6707202,1.9046271,1.7742074,1.8166668,1.6461742,1.76
T000278,1983-05-31,10.705034,10.9899,10.824341,11.1613,10.47174,11.3
T000278,1983-06-30,11.039307,11.163972,10.77031,11.222017,10.735898,6.2
T000278,1983-07-31,6.927817,6.2890873,10.647325,11.2194805,11.453,10.7
T000278,1983-08-31,10.902238,11.659749,10.726465,11.117077,10.390599,10.9
T000278,1983-09-30,10.391315,10.034806,10.506369,11.229826,9.652473,10.2
T000278,1983-10-31,9.955435,10.826829,10.514032,11.272071,9.444292,11.0
T000278,1983-11-30,10.739144,11.2242365,10.455595,11.196439,10.71885,9.8
T000278,1983-12-31,9.934059,9.34836,10.416677,11.229732,9.552148,10.1
T000278,1984-01-31,10.019991,10.041047,10.3948345,11.126991,12.111183,10.0
T000278,1984-02-29,9.7824,10.622553,10.313857,11.140314,11.104594,11.6
T000278,1984-03-31,10.988798,12.579898,10.377406,11.095108,9.034597,10.5
T000278,1984-04-30,10.125344,11.1284685,10.238275,11.301446,9.892637,10.7
T000278,1984-05-31,10.527839,11.013523,10.328604,11.170564,10.13239,11.3
T000278,1984-06-30,10.863386,11.081315,10.359828,11.153293,10.062373,6.0
T000279,1983-07-31,4.976369,4.726955,4.8905935,5.1748695,5.115659,4.94
T000279,1983-08-31,4.8693748,4.8956304,4.8681397,5.127181,4.809615,4.71
T000279,1983-09-30,4.6570263,4.933485,4.821042,5.116058,5.242642,5.07
T000279,1983-10-31,4.993696,5.3096,4.8154182,5.0920863,4.533369,5.13
T000279,1983-11-30,4.950875,5.27152,4.7989373,5.0662093,4.583771,5.28
T000279,1983-12-31,5.1912026,5.3938107,4.8431325,5.105155,4.654587,4.87
T000279,1984-01-31,4.8872356,4.9112844,4.872566,4.97842,4.9955444,5.08
T000279,1984-02-29,5.0821643,5.1579957,4.9358,4.9857173,4.658241,5.1
T000279,1984-03-31,5.1274853,5.0600824,4.977544,5.0696,5.0654693,5.62
T000279,1984-04-30,5.549006,5.5885153,5.040786,5.1006703,4.7448473,4.45
T000279,1984-05-31,4.446723,4.4323797,4.9884953,5.0441027,4.987996,5.08
T000279,1984-06-30,5.1166043,5.128954,5.054701,5.072831,5.058365,4.92
T000279,1984-07-31,4.906406,4.749746,5.040072,5.131097,5.406397,4.82
T000279,1984-08-31,4.8354955,5.0639014,5.020884,5.0604405,5.258694,5.02
T000280,1983-05-31,88.49562,85.50373,86.355316,88.19867,82.558945,85.2
T000280,1983-06-30,86.48402,85.876465,86.620964,88.67418,81.76579,86.7
T000280,1983-07-31,86.99785,84.67723,87.1734,88.51311,76.92665,83.2
T000280,1983-08-31,83.03594,78.726135,86.609146,88.24624,85.30668,81.3
T000280,1983-09-30,82.25261,79.43756,86.79033,88.21708,86.75789,78.1
T000280,1983-10-31,79.46889,78.28419,85.67517,88.039055,89.7376,78.2
T000280,1983-11-30,78.32852,81.39762,85.34879,87.39908,88.02987,80.3
T000280,1983-12-31,78.80708,82.5758,84.637375,86.95226,86.16886,76.7
T000280,1984-01-31,75.55349,78.19706,83.13274,87.62674,83.39711,71.0
T000280,1984-02-29,70.70386,74.20524,82.262634,88.20244,85.10782,73.1
T000280,1984-03-31,72.846886,73.43753,80.508095,86.944176,82.42235,68.7
T000280,1984-04-30,69.017525,70.405426,79.48022,87.03578,84.147934,66.1
T000280,1984-05-31,66.40035,71.45377,77.37269,86.232544,81.73196,66.6
T000280,1984-06-30,66.7558,71.83801,75.80897,85.325,76.28689,73.1
T000281,1982-05-31,1.7394998,1.9016646,1.795406,1.8856595,1.6659428,1.76
T000281,1982-06-30,1.723778,1.7788457,1.7687625,1.8932679,1.683431,1.79
T000281,1982-07-31,1.7490488,1.7955127,1.765186,1.8334858,1.5415479,1.61
T000281,1982-08-31,1.6412885,1.589451,1.7591127,1.8191298,1.798652,1.74
T000281,1982-09-30,1.8010452,1.7456372,1.7732731,1.8204001,1.747103,1.52
T000281,1982-10-31,1.5419003,1.4782561,1.7619618,1.8319012,1.7586361,1.84
T000281,1982-11-30,1.8401194,1.8574147,1.7587043,1.8277569,1.6963748,1.96
T000281,1982-12-31,1.8956254,1.8996242,1.7850404,1.8248105,1.6455494,2.09
T000281,1983-01-31,2.0326874,2.0271125,1.782177,1.8295155,1.6224632,1.95
T000281,1983-02-28,1.914881,1.9396973,1.801448,1.8531929,1.9165854,2.2
T000281,1983-03-31,2.1396089,2.2690878,1.833597,1.9142214,1.8005186,1.77
T000281,1983-04-30,1.7613173,1.8431945,1.8324143,1.8642663,1.9133412,1.99
T000281,1983-05-31,1.9664925,2.1435795,1.8813603,1.8974779,1.8355199,2.0
T000281,1983-06-30,1.9435365,1.9632354,1.8729042,1.9034038,1.7701706,1.87
T000282,1983-05-31,1.8242576,1.8375256,1.8904748,1.9075038,1.9911165,1.92
T000282,1983-06-30,1.9134676,1.7365633,1.8932025,1.9423735,1.9684186,1.81
T000282,1983-07-31,1.7651261,1.7238392,1.8955517,1.9663477,2.3624413,1.79
T000282,1983-08-31,1.71643,2.0657637,1.8632522,1.9280164,2.1290143,1.85
T000282,1983-09-30,1.7179956,2.1877518,1.8280412,1.9491638,1.7431302,1.78
T000282,1983-10-31,1.662904,2.0141647,1.8280417,2.009832,1.756455,1.81
T000282,1983-11-30,1.7491293,1.9616817,1.8021324,1.9644513,1.7996799,1.39
T000282,1983-12-31,1.3867166,1.4279299,1.7867037,1.93429,1.6340683,0.67
T000282,1984-01-31,0.86668766,0.71965426,1.7428408,1.9663917,1.8142962,1.62
T000282,1984-02-29,1.639534,1.607286,1.7263167,1.9398185,1.5101207,1.75
T000282,1984-03-31,1.6629878,1.5606676,1.6756369,1.9453287,1.2455704,1.36
T000282,1984-04-30,1.3711296,1.5186064,1.635128,1.9587194,1.3333399,1.73
T000282,1984-05-31,1.7294618,1.6541991,1.631535,1.8807766,1.3337812,1.74
T000282,1984-06-30,1.7364718,1.4521936,1.626662,1.8926657,1.4392385,1.83
T000283,1983-01-31,0.7662101,0.93853116,0.73553646,0.76995647,0.7519186,0.73
T000283,1983-02-28,0.68418616,0.79610306,0.7327053,0.75774723,0.6964705,0.74
T000283,1983-03-31,0.7383641,0.67241764,0.756633,0.7562515,0.8176932,0.75
T000283,1983-04-30,0.74215156,0.70272094,0.7425479,0.76830226,0.9946313,0.6
T000283,1983-05-31,0.61117023,0.6995097,0.7378762,0.7581247,0.96230096,0.57
T000283,1983-06-30,0.5845456,0.7440815,0.72485816,0.7488238,0.8781518,0.9
T000283,1983-07-31,0.84562945,0.9674369,0.74186033,0.77228165,0.745171,0.78
T000283,1983-08-31,0.7146092,0.7567884,0.72288305,0.7827428,0.81563044,0.89
T000283,1983-09-30,0.82473034,0.9714262,0.755155,0.7843398,0.8069444,0.82
T000283,1983-10-31,0.80828583,0.8166515,0.76159644,0.7875789,0.8132446,0.83
T000283,1983-11-30,0.8423778,0.84699094,0.7794205,0.80036455,0.8324921,0.86
T000283,1983-12-31,0.8320511,0.87815934,0.78218746,0.81616217,0.8738723,1.01
T000283,1984-01-31,0.9603301,1.0485741,0.7882506,0.81773263,0.67786807,0.56
T000283,1984-02-29,0.56524134,0.6023344,0.7804439,0.8006521,0.7604017,0.54
T000284,1983-07-31,0.8108254,0.88461125,0.8018867,0.8560809,1.0005674,0.83
T000284,1983-08-31,0.8091961,0.8913161,0.806839,0.84746766,0.9713129,0.8
T000284,1983-09-30,0.7759037,0.9200804,0.8110226,0.8382834,0.97249824,0.83
T000284,1983-10-31,0.79840153,0.91363895,0.80818856,0.8423242,0.8922259,0.77
T000284,1983-11-30,0.72517914,0.8015539,0.8077351,0.82418627,0.86588955,0.82
T000284,1983-12-31,0.78920186,0.84053844,0.8040125,0.81978136,0.91236943,0.79
T000284,1984-01-31,0.79416174,0.80414766,0.81242234,0.8153956,0.9575456,0.86
T000284,1984-02-29,0.8551574,0.9266269,0.8113511,0.8167898,0.8904363,0.79
T000284,1984-03-31,0.78015786,0.8472934,0.8133969,0.82043713,0.9176779,0.93
T000284,1984-04-30,0.89750403,0.9814174,0.82155573,0.8158217,0.8247371,0.82
T000284,1984-05-31,0.79207957,0.8114738,0.8183588,0.8223581,0.8431259,0.93
T000284,1984-06-30,0.9141538,0.92856354,0.84052855,0.8414267,0.84061104,0.92
T000284,1984-07-31,0.89935905,0.8828721,0.8412056,0.8456977,0.92799085,0.9
T000284,1984-08-31,0.8892243,0.9662099,0.8487972,0.8445503,0.8773744,1.0
T000285,1983-03-31,0.99585295,1.0536354,0.8094868,0.85178494,0.6740948,1.01
T000285,1983-04-30,0.9787427,0.9985235,0.8417246,0.8599114,0.80759645,0.98
T000285,1983-05-31,0.9431895,0.9924103,0.8633413,0.88591135,0.7982475,0.31
T000285,1983-06-30,0.40893477,0.3332376,0.8495253,0.8820527,0.96330464,0.94
T000285,1983-07-31,0.97538817,1.0135713,0.88184744,0.9001781,0.7878661,0.94
T000285,1983-08-31,0.8974261,0.79171735,0.86937684,0.94951653,0.82712173,0.92
T000285,1983-09-30,0.89273304,0.96405256,0.88339835,0.94341016,0.75537765,0.97
T000285,1983-10-31,0.93950045,0.9977125,0.8862687,0.9597221,0.88792634,1.18
T000285,1983-11-30,1.164216,1.1305656,0.92394686,0.9674564,0.7141579,0.95
T000285,1983-12-31,0.9360894,0.83936095,0.92336315,1.0094291,1.0655563,0.93
T000285,1984-01-31,0.91513926,0.94999397,0.94756657,0.9850352,0.97901565,1.15
T000285,1984-02-29,1.086248,1.1815101,0.955736,1.0018711,0.78022075,0.99
T000285,1984-03-31,0.9465115,1.0435634,0.9384898,1.0145482,0.83183455,0.93
T000285,1984-04-30,0.91124314,1.0289814,0.95337313,1.0077522,0.86317277,0.97
T000286,1983-07-31,8.613201,8.209801,8.618783,8.7182665,8.873748,8.39
T000286,1983-08-31,8.475738,8.22262,8.653562,8.651627,8.391641,8.67
T000286,1983-09-30,8.699582,8.741055,8.689892,8.693174,8.663938,8.78
T000286,1983-10-31,8.765973,8.575456,8.64466,8.721186,8.408857,9.91
T000286,1983-11-30,9.698542,9.780514,8.808126,8.795449,8.163669,8.86
T000286,1983-12-31,8.843132,8.729192,8.685512,8.781006,8.90086,9.02
T000286,1984-01-31,9.089374,9.03318,8.93333,8.808605,8.687775,8.83
T000286,1984-02-29,8.782948,8.688463,8.819654,8.842272,8.818827,8.59
T000286,1984-03-31,8.615662,8.610979,8.864633,8.847591,8.813048,9.72
T000286,1984-04-30,9.560377,9.865607,8.939719,8.823718,8.637704,8.8
T000286,1984-05-31,8.70135,8.88015,8.790307,8.845212,8.420001,9.1
T000286,1984-06-30,9.114046,9.136006,9.05183,8.940927,8.587714,8.6
T000286,1984-07-31,8.696204,8.237852,8.903324,8.9335,9.294186,8.2
T000286,1984-08-31,8.34574,8.174347,9.008705,8.895826,8.809349,9.3
T000287,1983-05-31,3.4619539,3.5820384,3.6331875,3.667538,3.5470052,3.84
T000287,1983-06-30,3.7980757,3.770988,3.6599576,3.7087522,3.4748847,2.73
T000287,1983-07-31,2.896582,2.6961203,3.6424294,3.7084181,3.9267554,3.59
T000287,1983-08-31,3.6742744,3.813455,3.6760283,3.7200577,3.4587061,3.82
T000287,1983-09-30,3.7243915,3.666804,3.6672788,3.7486343,3.3019624,3.75
T000287,1983-10-31,3.67046,3.7159903,3.6614366,3.725308,3.2094958,3.52
T000287,1983-11-30,3.524836,3.3482518,3.6847675,3.714652,3.7226226,3.86
T000287,1983-12-31,3.9022985,3.6336665,3.7031987,3.7561336,3.4840214,3.82
T000287,1984-01-31,3.8091948,3.5799055,3.7205532,3.8282814,4.0152884,3.88
T000287,1984-02-29,3.8116002,4.0234146,3.7157042,3.8572264,3.8584526,4.45
T000287,1984-03-31,4.2346163,4.6691523,3.7545688,3.9400537,3.323185,4.12
T000287,1984-04-30,3.9565487,4.167375,3.7283714,3.9751334,3.3843977,3.97
T000287,1984-05-31,3.932943,3.9805024,3.8284998,3.9532895,3.7388742,4.02
T000287,1984-06-30,3.947469,3.958569,3.8192208,3.9848242,3.5712786,2.72
T000288,1983-05-31,1807.6481,1790.7684,1726.0165,1800.3688,1583.4913,1770.0
T000288,1983-06-30,1748.9004,1678.8651,1720.637,1789.7386,1831.8528,1700.0
T000288,1983-07-31,1683.2103,1735.4729,1722.3859,1782.0808,1786.8116,1790.0
T000288,1983-08-31,1740.8064,1925.8514,1717.4482,1775.6285,1655.4797,1750.0
T000288,1983-09-30,1708.3981,1853.336,1706.1595,1802.9385,1590.2933,1820.0
T000288,1983-10-31,1776.9974,1865.1333,1726.6051,1789.4692,1610.4879,1750.0
T000288,1983-11-30,1719.8676,1726.2292,1718.2999,1790.8999,1607.0063,1360.0
T000288,1983-12-31,1440.1171,1363.4897,1736.3624,1803.8246,1763.0621,1710.0
T000288,1984-01-31,1750.1143,1714.5253,1735.6285,1809.4282,1628.9084,1660.0
T000288,1984-02-29,1654.5026,1545.2296,1730.1912,1826.8937,1611.5883,1860.0
T000288,1984-03-31,1842.3325,1861.0739,1742.6815,1791.095,1560.8513,1810.0
T000288,1984-04-30,1780.2924,1750.4176,1726.7426,1806.015,1645.8029,1810.0
T000288,1984-05-31,1801.5852,1782.1357,1746.1324,1808.2362,1600.4752,1740.0
T000288,1984-06-30,1730.3647,1708.1528,1733.5485,1796.5587,1886.814,1790.0
T000289,1983-03-31,680.1499,765.8696,535.7639,759.423,545.1631,737.0
T000289,1983-04-30,684.45557,800.4917,555.42126,752.93427,532.0406,737.0
T000289,1983-05-31,684.6699,785.7882,553.31226,748.8317,532.22797,738.0
T000289,1983-06-30,689.8898,813.09064,569.06573,738.1122,536.6882,746.0
T000289,1983-07-31,691.5924,851.48694,579.77563,742.8936,512.07227,689.0
T000289,1983-08-31,637.2324,819.3722,587.09827,737.6394,509.073,760.0
T000289,1983-09-30,718.22095,873.4241,624.76495,775.1757,512.35767,719.0
T000289,1983-10-31,707.95654,734.9979,644.71655,813.51166,570.4098,651.0
T000289,1983-11-30,675.5383,643.89,682.48535,765.77856,628.2864,665.0
T000289,1983-12-31,699.8022,603.0695,702.15094,788.0479,679.3914,626.0
T000289,1984-01-31,654.2129,549.8415,710.75977,786.0353,697.12915,659.0
T000289,1984-02-29,663.2344,640.2111,708.84314,773.739,741.0949,664.0
T000289,1984-03-31,652.373,681.20703,695.4466,743.12787,718.8629,685.0
T000289,1984-04-30,669.8937,718.8266,698.5142,739.319,724.9897,690.0
T000290,1983-05-31,79.193436,112.45209,87.942314,108.69335,85.680084,59.0
T000290,1983-06-30,60.334953,64.68027,88.863846,106.69805,112.27206,44.0
T000290,1983-07-31,49.76743,54.369926,86.11695,105.98135,107.02456,93.0
T000290,1983-08-31,84.439255,101.61472,84.88949,101.72621,100.27751,105.0
T000290,1983-09-30,94.799446,114.72859,83.45337,103.341064,85.36466,103.0
T000290,1983-10-31,96.261826,106.95208,86.731544,103.05603,105.38562,96.0
T000290,1983-11-30,88.82738,103.65003,83.70441,101.84174,104.512344,87.0
T000290,1983-12-31,80.470924,104.44783,84.52618,100.494835,113.58609,80.0
T000290,1984-01-31,73.36258,100.2649,82.635,97.98304,112.12277,83.0
T000290,1984-02-29,74.31671,110.202644,81.59898,94.57671,103.49003,61.0
T000290,1984-03-31,53.52972,90.20124,77.03308,96.084145,91.060524,67.0
T000290,1984-04-30,62.265717,87.77504,80.60911,97.89031,95.25167,78.0
T000290,1984-05-31,73.12576,79.118126,79.825066,96.72383,86.650246,74.0
T000290,1984-06-30,74.10482,76.59355,81.18487,91.71544,105.95692,44.0
T000291,1983-01-31,22.835695,23.152864,21.621637,24.605282,20.432,27.0
T000291,1983-02-28,25.756802,27.56335,21.8398,24.426933,18.792078,19.9
T000291,1983-03-31,19.673653,20.234003,21.51622,23.879187,20.999868,24.3
T000291,1983-04-30,23.898872,25.630432,22.00214,23.702053,19.287436,11.8
T000291,1983-05-31,12.585733,10.665229,20.984514,22.605612,22.892338,11.8
T000291,1983-06-30,13.604364,13.679776,20.761894,22.61071,23.905981,22.0
T000291,1983-07-31,21.156788,23.497414,20.703754,23.73327,22.896004,25.2
T000291,1983-08-31,23.094967,28.73198,20.433512,23.679453,17.374968,24.4
T000291,1983-09-30,22.845251,26.147537,21.54593,24.200706,18.733616,16.2
T000291,1983-10-31,15.8618145,15.278076,20.600138,22.64482,20.524769,22.1
T000291,1983-11-30,21.885105,18.978327,21.729618,23.760284,21.678352,18.8
T000291,1983-12-31,18.646551,17.566113,20.24573,23.576246,26.397778,20.4
T000291,1984-01-31,20.153841,26.04834,20.850275,22.515852,20.485298,18.2
T000291,1984-02-29,16.96229,23.174065,19.309387,22.225353,15.715881,23.7
T000292,1983-05-31,197.14886,193.2139,184.16954,185.73558,180.62941,196.0
T000292,1983-06-30,196.26355,191.21756,185.01491,186.2194,182.1575,196.0
T000292,1983-07-31,195.26955,193.43735,186.78671,186.69337,182.5191,203.0
T000292,1983-08-31,200.97563,205.80664,188.66464,186.26768,188.9508,206.0
T000292,1983-09-30,203.92226,203.37146,190.17317,187.55661,186.21236,207.0
T000292,1983-10-31,205.4807,206.2999,192.74437,189.48512,193.4574,198.0
T000292,1983-11-30,197.45009,199.74825,194.22697,189.24716,202.4795,196.0
T000292,1983-12-31,195.22295,198.19057,195.6957,191.80722,196.48924,195.0
T000292,1984-01-31,194.60538,199.2026,196.06577,193.65239,200.10522,186.0
T000292,1984-02-29,188.09596,187.17445,196.24628,194.16902,197.16576,211.0
T000292,1984-03-31,209.7522,208.27829,198.68878,202.3268,193.81952,193.0
T000292,1984-04-30,193.11667,186.41766,197.81168,201.5075,198.89662,200.0
T000292,1984-05-31,201.43512,198.99521,200.23065,200.62737,197.95981,194.0
T000292,1984-06-30,194.88771,190.65662,198.75978,200.26247,199.19379,187.0
T000293,1983-05-31,11.771196,12.3656435,12.375371,12.961621,12.254429,12.1
T000293,1983-06-30,12.145447,12.393955,12.257803,12.597831,11.900626,13.5
T000293,1983-07-31,13.573001,12.809853,12.654632,12.780961,11.562723,13.0
T000293,1983-08-31,13.125589,12.693905,12.683783,12.752046,12.944995,12.8
T000293,1983-09-30,12.784742,12.534078,12.8099785,12.791815,12.142943,14.0
T000293,1983-10-31,13.7547,14.0287695,12.844469,12.757737,12.24741,13.4
T000293,1983-11-30,13.247171,13.440572,12.8316145,13.2555685,13.137917,13.8
T000293,1983-12-31,13.687173,14.1127825,13.020027,13.515355,12.889393,13.7
T000293,1984-01-31,13.532188,13.998366,13.040636,13.476413,13.397365,12.9
T000293,1984-02-29,12.863715,13.313286,13.181019,13.379562,13.176084,17.9
T000293,1984-03-31,17.235209,18.27211,13.626226,13.618122,12.778934,16.9
T000293,1984-04-30,16.227201,16.84473,13.639193,13.851915,12.313566,17.1
T000293,1984-05-31,16.720997,17.160038,14.450203,13.931262,12.754749,16.5
T000293,1984-06-30,16.427282,15.588562,14.752274,14.185639,13.890207,17.6
T000294,1983-05-31,89.3546,133.3068,105.14117,125.2601,135.61043,107.0
T000294,1983-06-30,98.30383,129.05132,112.10359,120.56003,152.39166,108.0
T000294,1983-07-31,103.05658,131.60208,111.0012,122.94027,178.0599,106.0
T000294,1983-08-31,106.29796,137.52013,115.45503,124.650566,166.1106,130.0
T000294,1983-09-30,124.0471,159.40495,118.90917,125.362076,165.14473,136.0
T000294,1983-10-31,129.75244,141.5629,122.62763,127.921326,161.00772,147.0
T000294,1983-11-30,141.69539,145.25453,129.22917,127.52127,177.6491,168.0
T000294,1983-12-31,158.9459,177.35808,132.99973,127.072845,181.84917,143.0
T000294,1984-01-31,133.53053,155.78488,134.37196,128.80128,165.68835,139.0
T000294,1984-02-29,129.04753,158.6342,134.76451,140.23752,171.35202,143.0
T000294,1984-03-31,131.62463,168.35086,133.58887,139.0675,157.69438,167.0
T000294,1984-04-30,154.11696,188.7751,134.49153,142.90228,129.9516,174.0
T000294,1984-05-31,165.33049,196.25787,139.56757,144.70575,130.95488,179.0
T000294,1984-06-30,174.19057,188.57341,144.58786,148.73528,110.85945,109.0
T000295,1983-07-31,82.90842,79.18156,73.480545,74.34159,65.49098,72.3
T000295,1983-08-31,72.734215,72.369316,74.466156,73.73873,64.09738,68.2
T000295,1983-09-30,68.62613,61.059586,75.21007,73.774254,71.4718,60.2
T000295,1983-10-31,62.05851,55.24337,72.63045,73.30452,72.87046,67.7
T000295,1983-11-30,68.279495,70.74557,73.22485,72.76347,78.15954,61.9
T000295,1983-12-31,62.530457,66.547775,69.8656,73.25072,71.33944,72.9
T000295,1984-01-31,71.24395,76.795105,72.1618,72.7925,68.51808,70.3
T000295,1984-02-29,68.824524,68.52966,69.87205,73.968414,73.98719,62.5
T000295,1984-03-31,62.502445,63.505898,71.349396,73.65157,75.999596,81.8
T000295,1984-04-30,79.75726,81.31898,71.72485,73.54084,69.2244,74.0
T000295,1984-05-31,73.5528,68.7174,71.41815,73.49368,75.574684,75.8
T000295,1984-06-30,73.78822,78.55981,71.89827,73.60726,72.36937,78.3
T000295,1984-07-31,75.44198,81.543236,70.60959,76.12343,70.99885,62.2
T000295,1984-08-31,62.073757,68.08362,69.919586,74.15673,68.9814,70.4
T000296,1983-05-31,108.87336,115.11888,106.79338,108.7876,100.758484,93.0
T000296,1983-06-30,94.61218,92.36648,106.58628,110.25389,108.18317,92.0
T000296,1983-07-31,94.67715,93.29421,105.77616,108.4686,101.68175,102.0
T000296,1983-08-31,101.31758,94.31959,106.599976,108.98202,108.63626,90.0
T000296,1983-09-30,91.07953,87.01117,103.60865,107.27144,106.09491,94.0
T000296,1983-10-31,95.12164,95.786125,104.57319,107.20128,108.64237,114.0
T000296,1983-11-30,112.04258,113.7374,102.4027,108.06888,100.42362,117.0
T000296,1983-12-31,113.10653,114.7492,104.41793,109.71434,103.50491,120.0
T000296,1984-01-31,115.64665,122.82108,103.63176,111.27831,104.30937,107.0
T000296,1984-02-29,104.2347,111.69752,104.61244,111.0912,104.71342,116.0
T000296,1984-03-31,112.37196,119.509674,105.33447,111.25296,95.69639,93.0
T000296,1984-04-30,93.46471,93.05258,104.0987,111.49912,110.973564,115.0
T000296,1984-05-31,112.7368,121.798035,105.47047,110.728745,95.80206,103.0
T000296,1984-06-30,102.08408,104.01505,104.95421,108.5629,101.81018,110.0
T000297,1983-05-31,77.86299,85.75741,82.209404,89.650566,83.42976,65.1
T000297,1983-06-30,65.391235,73.127396,77.957306,87.29545,82.41136,94.6
T000297,1983-07-31,93.9514,98.20509,83.22591,86.40962,76.024,82.4
T000297,1983-08-31,80.98278,73.34082,81.298996,87.19403,81.22657,90.3
T000297,1983-09-30,91.11413,86.99052,84.37896,86.38868,83.77123,86.9
T000297,1983-10-31,86.8409,84.76186,83.645256,85.80593,84.33231,96.4
T000297,1983-11-30,95.914696,92.06834,84.49225,86.98582,81.17033,108.8
T000297,1983-12-31,105.10903,110.07668,85.938545,89.06482,87.80504,104.9
T000297,1984-01-31,100.01314,109.884705,85.453575,89.72502,87.906456,83.6
T000297,1984-02-29,80.76224,90.84459,88.66485,89.15129,86.33637,90.4
T000297,1984-03-31,89.12656,97.549774,89.1956,89.74781,96.39176,83.4
T000297,1984-04-30,83.19417,81.32679,89.47657,91.17796,92.183784,93.2
T000297,1984-05-31,91.65314,98.8775,90.42658,91.24782,92.39546,70.7
T000297,1984-06-30,72.286736,72.72731,90.11156,89.79975,94.23343,71.7
T000298,1983-07-31,51.12023,53.25092,52.113914,54.12373,49.89526,54.6
T000298,1983-08-31,53.427906,56.749504,52.276257,54.10021,49.641464,56.5
T000298,1983-09-30,55.44193,54.463066,52.451168,55.019226,52.941574,52.8
T000298,1983-10-31,52.36604,53.856274,52.220238,55.103497,54.203716,47.9
T000298,1983-11-30,47.84336,50.376366,52.505604,54.55275,57.505444,52.3
T000298,1983-12-31,51.350464,53.996506,52.089714,53.72842,52.022617,49.0
T000298,1984-01-31,47.43193,52.37879,51.479187,53.930397,55.83858,43.3
T000298,1984-02-29,42.272392,48.271465,50.33745,55.263214,50.703754,50.1
T000298,1984-03-31,49.379723,52.435448,50.407536,52.471848,51.903797,44.3
T000298,1984-04-30,44.409832,44.05659,50.15684,51.87782,53.17464,52.0
T000298,1984-05-31,52.537975,52.820072,50.77465,52.239662,54.770996,47.4
T000298,1984-06-30,46.74209,49.45675,50.113396,51.810467,52.688107,45.5
T000298,1984-07-31,45.033104,47.134228,49.815186,50.865543,46.184147,58.0
T000298,1984-08-31,56.771957,55.72287,50.16161,50.670685,49.98842,60.4
T000299,1983-05-31,489.1206,525.4983,497.86722,512.79236,550.1177,486.0
T000299,1983-06-30,480.85535,507.43167,501.0199,505.0499,546.59344,506.0
T000299,1983-07-31,500.6754,529.3093,499.08673,502.49506,543.57666,495.0
T000299,1983-08-31,488.18323,509.0348,505.31314,504.5926,584.4424,496.0
T000299,1983-09-30,495.45752,506.30618,503.65845,503.70343,584.1245,511.0
T000299,1983-10-31,505.6974,519.50226,509.23724,509.82803,606.38153,537.0
T000299,1983-11-30,522.4099,562.00507,507.3102,506.57758,588.3381,551.0
T000299,1983-12-31,528.2716,581.63745,509.18912,507.74448,576.011,577.0
T000299,1984-01-31,551.45404,620.6225,510.58246,512.02905,554.8097,512.0
T000299,1984-02-29,497.06363,543.3886,510.9694,518.5429,567.1639,512.0
T000299,1984-03-31,502.3153,548.55054,516.5222,522.2927,549.2287,504.0
T000299,1984-04-30,500.57443,519.3325,515.67944,520.6567,555.3657,524.0
T000299,1984-05-31,520.223,542.99634,518.53973,520.9804,515.53925,520.0
T000299,1984-06-30,517.74896,532.45746,520.84607,521.5594,512.1016,517.0
T000300,1983-07-31,35.76784,39.50254,31.764494,34.192158,29.995005,31.6
T000300,1983-08-31,32.43748,29.842295,33.313374,35.298157,24.277168,31.9
T000300,1983-09-30,32.994633,25.382648,34.19581,35.92019,35.13157,19.1
T000300,1983-10-31,20.850407,20.038387,32.998657,35.808697,36.61242,33.8
T000300,1983-11-30,34.188026,35.153355,33.609215,36.472122,28.072086,33.0
T000300,1983-12-31,32.896748,31.889124,33.073162,35.81348,35.653065,34.1
T000300,1984-01-31,33.77892,33.751152,34.142784,34.79356,36.664925,41.5
T000300,1984-02-29,39.671585,41.80253,33.942272,35.7783,36.381668,36.7
T000300,1984-03-31,35.69352,39.275208,34.858776,36.10657,35.83833,35.2
T000300,1984-04-30,33.508465,34.64673,34.65519,36.230522,31.80125,36.0
T000300,1984-05-31,34.206394,35.64457,34.486126,36.95159,34.78036,31.1
T000300,1984-06-30,29.201134,32.84279,33.511726,37.0345,31.079565,33.4
T000300,1984-07-31,33.325687,37.029503,33.523514,37.251137,31.974087,25.8
T000300,1984-08-31,26.306808,31.5575,32.302708,36.26651,31.16509,32.5
T000301,1983-01-31,345.8632,333.59943,351.36697,329.57587,313.64536,358.0
T000301,1983-02-28,360.53607,363.60336,353.73846,327.55365,398.68832,348.0
T000301,1983-03-31,365.59418,359.44434,360.30304,331.8153,357.12686,353.0
T000301,1983-04-30,365.10934,325.42035,364.59406,339.55252,313.12012,348.0
T000301,1983-05-31,356.02682,300.1593,365.66943,375.568,385.5552,281.0
T000301,1983-06-30,277.00623,243.21414,355.9493,379.8105,316.0115,286.0
T000301,1983-07-31,277.36493,297.22437,336.48358,378.9628,326.3856,332.0
T000301,1983-08-31,321.57727,364.68237,337.77164,383.89685,337.44437,389.0
T000301,1983-09-30,375.25763,384.035,337.19675,370.12122,323.2909,471.0
T000301,1983-10-31,451.8387,482.76825,351.68765,377.5088,356.566,507.0
T000301,1983-11-30,486.63025,512.2706,366.09207,384.45355,336.32565,461.0
T000301,1983-12-31,442.8859,433.24704,377.39273,387.87067,301.44562,355.0
T000301,1984-01-31,355.58234,346.98065,382.54413,379.131,341.93344,364.0
T000301,1984-02-29,369.7754,327.5455,382.12112,376.80887,324.62146,380.0
T000302,1983-05-31,442.00217,443.67346,418.18323,442.05817,406.86047,414.0
T000302,1983-06-30,412.38992,390.87497,420.53986,444.49564,403.9161,470.0
T000302,1983-07-31,464.3228,464.2101,423.48007,445.83026,483.01675,439.0
T000302,1983-08-31,427.81372,465.2136,422.17938,446.5849,448.6146,432.0
T000302,1983-09-30,412.40155,489.56543,420.83792,446.5222,386.45108,443.0
T000302,1983-10-31,422.23138,470.70508,422.61322,457.91632,412.16473,436.0
T000302,1983-11-30,418.6345,455.4288,417.8638,448.6015,400.51486,411.0
T000302,1983-12-31,401.69394,424.50262,424.75696,451.39493,421.371,282.0
T000302,1984-01-31,309.67535,300.50085,419.97867,452.21198,462.18076,409.0
T000302,1984-02-29,417.6922,416.35956,425.25717,458.5267,402.20114,410.0
T000302,1984-03-31,398.77042,388.87518,417.391,462.07236,404.39392,434.0
T000302,1984-04-30,429.76053,450.1531,423.04324,450.6634,387.91394,421.0
T000302,1984-05-31,413.81802,404.7658,415.35263,439.55734,395.36005,429.0
T000302,1984-06-30,429.3394,410.30725,420.38815,450.06323,404.5023,461.0
T000303,1983-03-31,566.6143,529.36285,470.91553,520.46344,374.97772,648.0
T000303,1983-04-30,616.7992,614.74414,473.79504,549.6909,432.65295,575.0
T000303,1983-05-31,547.7549,571.40796,479.38037,599.49384,542.2534,619.0
T000303,1983-06-30,571.99365,665.34845,489.08398,601.6792,560.5248,614.0
T000303,1983-07-31,550.4687,704.0787,487.22034,589.83704,546.51263,607.0
T000303,1983-08-31,531.6066,753.2088,494.6623,594.0689,454.33096,572.0
T000303,1983-09-30,494.5129,717.9158,492.39178,593.5558,402.41473,462.0
T000303,1983-10-31,423.59232,557.4483,492.5397,591.4523,409.07367,293.0
T000303,1983-11-30,312.25412,344.9534,498.6947,626.40094,486.0739,186.0
T000303,1983-12-31,244.83723,212.22815,492.4152,635.7999,475.70102,293.0
T000303,1984-01-31,340.46515,276.05075,496.088,560.39374,419.4316,519.0
T000303,1984-02-29,516.75824,448.2669,497.2477,554.1226,377.05966,596.0
T000303,1984-03-31,568.95593,520.56024,504.23105,548.97186,372.22787,647.0
T000303,1984-04-30,617.27026,586.27374,505.52573,585.56726,393.22684,607.0
T000304,1983-07-31,371.26926,351.40952,361.12393,366.5618,378.9173,363.0
T000304,1983-08-31,366.35785,362.90094,364.24277,367.8058,368.1403,377.0
T000304,1983-09-30,372.2449,387.4721,364.39438,372.80078,379.38864,379.0
T000304,1983-10-31,373.93015,384.0993,362.37775,370.5102,347.68433,349.0
T000304,1983-11-30,344.42892,339.83008,363.71692,371.65298,367.8305,365.0
T000304,1983-12-31,364.42184,363.50903,362.2153,373.12283,382.22437,396.0
T000304,1984-01-31,390.73166,401.08804,365.8861,373.20758,371.2339,355.0
T000304,1984-02-29,351.19455,372.55472,361.32022,374.46765,362.24573,352.0
T000304,1984-03-31,352.18787,374.27832,366.21124,375.009,369.81784,413.0
T000304,1984-04-30,402.5755,406.82986,366.72574,375.8087,340.38617,364.0
T000304,1984-05-31,364.63492,345.14307,368.54358,374.9764,369.67752,383.0
T000304,1984-06-30,384.79788,384.4424,376.72607,373.21167,376.04883,414.0
T000304,1984-07-31,409.84402,400.26373,375.4067,377.85034,355.66766,420.0
T000304,1984-08-31,416.36978,425.19775,381.85803,377.83237,359.47052,402.0
T000305,1983-05-31,1013.52686,924.9873,843.60614,801.5988,785.3627,1063.0
T000305,1983-06-30,1018.02454,943.6105,826.1714,847.9205,788.468,1049.0
T000305,1983-07-31,996.2489,1055.6115,842.1007,1009.9936,919.8278,1124.0
T000305,1983-08-31,1038.5435,1194.8386,853.06036,1019.54706,930.257,936.0
T000305,1983-09-30,840.428,1068.73,844.4418,1021.5835,928.8917,1010.0
T000305,1983-10-31,892.13556,1250.0753,860.95233,1028.0615,885.23596,875.0
T000305,1983-11-30,753.1246,1112.9862,826.17883,1015.4409,788.88824,645.0
T000305,1983-12-31,601.41235,861.06964,842.8235,1006.06696,739.3845,397.0
T000305,1984-01-31,461.77466,475.7391,833.508,1038.1633,867.9004,412.0
T000305,1984-02-29,480.50058,399.03952,821.31903,1029.3234,797.566,573.0
T000305,1984-03-31,605.27606,513.3469,828.8516,866.1211,780.8496,717.0
T000305,1984-04-30,734.80334,657.2799,809.5503,838.0168,853.21686,1050.0
T000305,1984-05-31,1011.9505,951.1354,841.2433,843.74384,770.343,1135.0
T000305,1984-06-30,1065.7063,981.2383,826.25214,863.1511,743.3176,1053.0
T000306,1983-07-31,98.33675,84.22395,71.02371,70.284515,68.39681,103.4
T000306,1983-08-31,100.93623,89.3532,73.42305,74.592445,74.24365,94.6
T000306,1983-09-30,92.58525,94.56142,76.52479,76.4664,72.21984,93.6
T000306,1983-10-31,90.09545,95.92872,79.05464,77.50922,61.379692,104.7
T000306,1983-11-30,100.492966,97.203865,80.87634,82.038185,50.854813,97.9
T000306,1983-12-31,96.17207,90.05622,83.08461,81.21919,61.350437,87.5
T000306,1984-01-31,88.54929,86.999214,85.43649,82.565125,61.396404,77.4
T000306,1984-02-29,79.17813,71.42688,87.07709,84.33498,52.217583,59.5
T000306,1984-03-31,64.44745,48.961807,87.14818,86.7264,62.744408,94.0
T000306,1984-04-30,94.936,78.01055,89.84993,89.33919,55.34276,80.5
T000306,1984-05-31,82.21656,58.526085,88.528175,90.35962,61.237434,78.2
T000306,1984-06-30,82.05023,67.69243,89.48385,87.4168,66.17493,100.8
T000306,1984-07-31,100.196175,87.43463,89.79558,87.90206,73.31605,105.4
T000306,1984-08-31,102.06139,93.84282,90.376144,95.132904,71.32151,90.0
T000307,1983-05-31,824.9657,843.63824,764.63416,784.32007,721.178,848.0
T000307,1983-06-30,825.14777,844.38104,760.5948,790.53265,741.16626,829.0
T000307,1983-07-31,810.9842,821.9877,767.4667,797.055,775.7952,888.0
T000307,1983-08-31,858.70154,899.9127,773.2971,799.9799,809.1141,870.0
T000307,1983-09-30,838.3379,904.60535,777.08844,830.6775,757.3111,903.0
T000307,1983-10-31,873.2846,948.0839,796.0713,830.4349,740.8494,809.0
T000307,1983-11-30,796.5634,842.6293,791.5782,833.3752,770.5163,814.0
T000307,1983-12-31,801.1235,842.3645,803.57263,843.4438,728.7767,607.0
T000307,1984-01-31,633.4792,597.00073,796.50867,805.3578,826.12054,638.0
T000307,1984-02-29,683.3011,647.8166,798.10614,817.2574,811.3454,786.0
T000307,1984-03-31,789.09534,742.90186,801.86066,828.41425,793.245,798.0
T000307,1984-04-30,792.28955,772.69366,797.5285,833.392,787.0618,905.0
T000307,1984-05-31,887.94183,886.99585,818.7135,842.0467,774.9248,907.0
T000307,1984-06-30,888.54395,861.10535,810.7637,850.06036,783.76337,896.0
T000308,1983-07-31,225.90878,233.12762,192.36844,207.09712,178.75131,250.0
T000308,1983-08-31,246.65558,252.5126,200.37682,210.27975,204.15729,243.0
T000308,1983-09-30,236.99231,241.84245,205.47246,210.07254,205.11595,183.0
T000308,1983-10-31,180.77626,187.2767,204.68909,208.29324,198.21188,198.0
T000308,1983-11-30,195.34995,213.05331,208.52039,207.96078,208.48172,156.0
T000308,1983-12-31,158.2941,157.65782,200.79099,209.32709,210.3287,154.0
T000308,1984-01-31,160.11346,162.08105,202.9149,199.63736,222.84644,160.0
T000308,1984-02-29,165.15869,177.18303,199.53217,198.24448,239.12973,158.0
T000308,1984-03-31,162.21344,157.2415,199.05417,199.79648,205.4353,203.0
T000308,1984-04-30,198.87692,197.54669,200.95041,199.28624,211.45709,211.0
T000308,1984-05-31,201.16928,194.02135,199.81142,211.34212,208.66508,228.0
T000308,1984-06-30,215.67712,213.71017,200.99788,212.12372,189.9875,222.0
T000308,1984-07-31,213.28261,224.04755,196.23677,214.75606,223.18056,241.0
T000308,1984-08-31,229.29086,252.9743,199.08023,218.1661,200.19714,243.0
T000309,1983-07-31,679.1231,656.92096,660.58685,686.4697,595.32965,695.0
T000309,1983-08-31,704.7621,673.0236,673.2221,681.7532,610.44214,634.0
T000309,1983-09-30,635.4719,583.7401,665.2396,684.1912,654.16864,631.0
T000309,1983-10-31,636.7966,650.97156,655.107,679.6774,628.2775,635.0
T000309,1983-11-30,637.259,657.7922,665.55835,678.6022,653.1069,554.0
T000309,1983-12-31,562.56616,548.1968,643.4202,663.1352,662.9544,624.0
T000309,1984-01-31,617.64166,637.14185,657.6072,659.6286,710.2757,679.0
T000309,1984-02-29,660.1067,713.32635,639.62213,679.9157,684.29675,566.0
T000309,1984-03-31,566.86127,591.79877,653.90576,659.38605,679.3764,564.0
T000309,1984-04-30,561.3598,594.88837,632.2516,655.991,672.8966,637.0
T000309,1984-05-31,623.87994,612.6092,638.5098,657.9492,672.72687,651.0
T000309,1984-06-30,633.3179,658.0992,629.1185,656.1798,657.4878,603.0
T000309,1984-07-31,598.0934,648.162,624.76416,667.5356,687.5588,588.0
T000309,1984-08-31,583.4516,654.2101,612.5324,659.70483,609.85785,619.0
T000310,1983-07-31,433.35684,438.881,383.61182,414.3243,393.17828,401.0
T000310,1983-08-31,394.93878,411.79694,388.82837,414.3389,393.30057,444.0
T000310,1983-09-30,435.74704,476.2856,400.12802,407.75278,395.68918,403.0
T000310,1983-10-31,398.7127,410.97925,395.75464,412.6657,405.3619,414.0
T000310,1983-11-30,403.92868,443.18707,404.6181,413.0563,399.7621,407.0
T000310,1983-12-31,399.06705,428.55045,401.30746,418.74512,440.00433,367.0
T000310,1984-01-31,376.07117,378.82767,410.84262,431.43768,432.38446,383.0
T000310,1984-02-29,390.32364,388.95776,412.1797,431.2226,454.65143,388.0
T000310,1984-03-31,385.8363,377.3742,412.7505,425.5721,451.0235,440.0
T000310,1984-04-30,426.32272,441.1514,417.03433,423.53494,416.94696,358.0
T000310,1984-05-31,354.3148,366.6173,404.24725,420.79013,436.70526,352.0
T000310,1984-06-30,354.93515,368.86078,405.1663,420.16183,411.7055,357.0
T000310,1984-07-31,354.42612,355.8467,390.97836,419.03802,437.04123,331.0
T000310,1984-08-31,329.0683,353.07425,388.56638,423.937,418.68286,353.0
T000311,1983-07-31,914.63837,1203.321,926.52094,1071.6123,1128.7018,943.0
T000311,1983-08-31,880.4935,1121.2318,936.3988,1028.4368,1098.948,1016.0
T000311,1983-09-30,1023.88824,1128.8016,988.1958,1043.7484,1245.7043,1103.0
T000311,1983-10-31,1077.9524,1134.5852,1001.8353,1072.4191,1167.3141,1042.0
T000311,1983-11-30,985.0757,1137.3031,996.0692,1045.8875,1173.7532,979.0
T000311,1983-12-31,948.73236,1076.8965,1024.9956,1039.8075,1140.3331,879.0
T000311,1984-01-31,893.1267,883.7007,1007.98425,1038.8839,1211.3221,956.0
T000311,1984-02-29,956.9638,997.6566,1018.15326,1039.0842,1264.1875,949.0
T000311,1984-03-31,924.0199,1013.76843,1005.8116,996.7003,1326.2345,1083.0
T000311,1984-04-30,1021.5198,1218.5762,1015.7826,1009.28033,1147.0854,904.0
T000311,1984-05-31,856.75867,1062.3887,990.17365,1015.84326,1122.0182,1061.0
T000311,1984-06-30,1000.75446,1160.9213,1002.7268,1018.5967,1010.06934,950.0
T000311,1984-07-31,907.2392,908.6904,992.3819,1013.7086,1076.737,881.0
T000311,1984-08-31,887.7981,872.54517,987.39746,1017.5878,1080.1254,868.0
T000312,1983-05-31,1227.3823,1263.3816,1208.0786,1218.6263,1171.6746,1149.0
T000312,1983-06-30,1146.4471,1152.1152,1201.9615,1218.8795,1238.2172,1196.0
T000312,1983-07-31,1201.7406,1200.2847,1207.7332,1214.4481,1152.5436,1239.0
T000312,1983-08-31,1237.0673,1217.1957,1212.2684,1219.1254,1204.6808,1196.0
T000312,1983-09-30,1198.7784,1197.8174,1205.5304,1213.6161,1164.2222,1256.0
T000312,1983-10-31,1247.9058,1249.1,1222.5244,1213.7512,1156.9941,1246.0
T000312,1983-11-30,1248.1674,1200.0553,1215.9093,1215.0934,1164.9108,1255.0
T000312,1983-12-31,1262.0898,1218.2505,1231.9473,1225.3251,1215.5264,1257.0
T000312,1984-01-31,1252.5349,1236.4384,1227.1543,1226.7024,1227.8575,1155.0
T000312,1984-02-29,1161.7614,1160.4758,1226.2482,1228.6708,1226.5834,1329.0
T000312,1984-03-31,1312.3528,1343.6248,1235.3755,1243.6923,1203.3698,1234.0
T000312,1984-04-30,1221.9269,1222.7484,1223.9552,1246.2439,1223.2771,1305.0
T000312,1984-05-31,1289.8844,1328.2617,1244.4126,1249.235,1184.4053,1261.0
T000312,1984-06-30,1257.7516,1246.5148,1242.7415,1258.7957,1245.9142,1255.0
T000313,1983-07-31,119.2552,119.05818,134.29445,150.93645,140.23782,89.0
T000313,1983-08-31,100.944855,93.917465,135.34375,149.41928,140.56769,102.0
T000313,1983-09-30,105.27434,104.60839,132.47995,144.48215,129.42871,143.0
T000313,1983-10-31,138.42563,142.56288,130.9828,143.66072,109.32495,164.0
T000313,1983-11-30,158.15402,161.12784,135.3246,144.12415,114.55071,155.0
T000313,1983-12-31,150.61438,154.98361,132.23283,143.77191,116.952614,163.0
T000313,1984-01-31,161.23396,156.26756,140.37605,148.87498,134.22865,163.0
T000313,1984-02-29,157.8489,158.10527,139.27588,150.65077,149.90242,171.0
T000313,1984-03-31,164.01654,178.92068,144.67075,151.86552,142.71626,178.0
T000313,1984-04-30,168.19225,193.91551,145.36166,150.44351,130.04678,179.0
T000313,1984-05-31,167.57626,187.27495,148.7416,152.14287,124.635925,180.0
T000313,1984-06-30,171.78378,182.46298,152.59128,159.77658,137.92703,190.0
T000313,1984-07-31,187.35083,191.11905,157.68147,164.44531,150.3559,122.0
T000313,1984-08-31,132.00562,128.16292,160.31335,166.33813,158.3913,193.0
T000314,1983-07-31,716.7522,642.6277,715.7057,736.34686,669.13837,784.0
T000314,1983-08-31,782.65186,738.3492,729.2806,745.9404,621.77484,786.0
T000314,1983-09-30,780.7369,723.3326,739.37476,751.90674,683.8066,764.0
T000314,1983-10-31,770.3684,729.11847,740.572,748.082,691.0519,777.0
T000314,1983-11-30,783.3589,729.35944,755.76733,748.4191,696.9792,787.0
T000314,1983-12-31,787.5687,735.18243,753.57855,746.0081,729.1631,846.0
T000314,1984-01-31,836.2647,834.5326,767.59326,758.4966,731.5223,890.0
T000314,1984-02-29,867.5979,896.52277,769.81946,772.2427,682.52045,753.0
T000314,1984-03-31,746.8849,756.911,773.46204,776.487,694.2103,868.0
T000314,1984-04-30,850.3246,858.2257,789.64233,786.2894,692.1499,798.0
T000314,1984-05-31,799.1341,734.7776,787.1941,807.8633,743.85675,759.0
T000314,1984-06-30,773.5249,756.85004,800.3829,798.1471,748.29254,748.0
T000314,1984-07-31,762.34753,738.3122,796.3719,805.70233,733.25323,820.0
T000314,1984-08-31,817.1797,795.0572,796.38116,805.1739,643.68353,804.0
T000315,1983-07-31,1993.4937,2104.0752,1791.4711,1884.2615,1825.1631,2163.0
T000315,1983-08-31,2100.3225,2203.0476,1843.9814,1896.2928,1683.8639,1681.0
T000315,1983-09-30,1723.8356,1720.279,1869.0405,1886.9253,2025.1119,2169.0
T000315,1983-10-31,2161.8306,2217.035,1909.9365,1900.7722,1765.4799,2235.0
T000315,1983-11-30,2176.4712,2140.119,1925.3014,1922.3989,1851.8008,1922.0
T000315,1983-12-31,1934.916,2018.5613,1935.5427,1902.4355,1986.4119,1908.0
T000315,1984-01-31,1915.2666,1949.3789,1979.7086,1963.992,2011.6094,2031.0
T000315,1984-02-29,2022.9237,2007.4321,1963.5878,1976.8452,1971.034,1954.0
T000315,1984-03-31,1962.2994,1933.7782,2013.1716,2033.5548,2248.0044,2107.0
T000315,1984-04-30,2083.366,2207.1804,2005.8936,1995.8489,2063.5847,1882.0
T000315,1984-05-31,1854.7219,1929.2539,2015.7638,2024.2319,1988.818,2008.0
T000315,1984-06-30,1974.6564,1974.4724,2015.758,1997.1432,2022.6816,1920.0
T000315,1984-07-31,1908.7206,1851.2603,2006.2942,1993.1472,2193.0137,1983.0
T000315,1984-08-31,1965.8939,2080.7473,1993.9524,2024.3944,1900.3262,1519.0
T000316,1983-09-30,365.06232,428.04608,375.39392,409.5318,469.00433,306.0
T000316,1983-10-31,309.25266,364.15045,385.35693,402.152,527.5966,422.0
T000316,1983-11-30,408.27267,457.3552,384.78415,406.78387,469.92334,400.0
T000316,1983-12-31,369.76727,433.01926,384.904,408.99237,466.9875,352.0
T000316,1984-01-31,336.31363,422.19604,385.4204,402.37463,480.07025,313.0
T000316,1984-02-29,308.7635,327.28082,382.9138,403.13916,490.5028,326.0
T000316,1984-03-31,323.79944,360.93335,375.59372,403.87863,483.7038,342.0
T000316,1984-04-30,331.53058,385.6949,376.03867,395.1831,514.0321,407.0
T000316,1984-05-31,381.62842,469.6524,371.75647,392.98557,403.82748,369.0
T000316,1984-06-30,342.80872,419.36032,369.69916,391.0619,389.3655,365.0
T000316,1984-07-31,348.6886,387.14313,366.7969,400.05875,394.8106,405.0
T000316,1984-08-31,389.61505,403.89972,370.5107,394.8498,408.50702,346.0
T000316,1984-09-30,334.9101,362.71356,362.509,391.89584,385.69275,297.0
T000316,1984-10-31,311.58362,336.36798,365.48508,389.12604,411.55606,384.0
T000317,1983-05-31,445.34042,450.6794,429.7382,437.70154,397.56094,437.0
T000317,1983-06-30,432.48718,410.81598,427.14206,439.74518,423.53796,413.0
T000317,1983-07-31,415.18362,411.3887,427.48523,438.40973,440.5986,440.0
T000317,1983-08-31,435.37766,458.1985,427.0466,438.73975,418.7126,400.0
T000317,1983-09-30,399.73938,419.44495,422.63898,442.03796,416.769,442.0
T000317,1983-10-31,435.81726,463.37073,427.3752,439.47827,410.5808,417.0
T000317,1983-11-30,410.12433,414.827,421.52298,440.02536,411.78403,425.0
T000317,1983-12-31,428.26666,420.22815,431.8063,434.97964,422.60675,454.0
T000317,1984-01-31,454.35672,439.16766,433.1099,436.88287,435.2238,414.0
T000317,1984-02-29,417.82672,405.6782,431.5858,436.83435,431.70682,419.0
T000317,1984-03-31,416.88565,430.49637,431.8951,433.9185,428.89832,411.0
T000317,1984-04-30,409.98532,405.32147,425.424,431.65723,431.07642,418.0
T000317,1984-05-31,417.48608,421.0765,427.08905,428.40323,430.22253,407.0
T000317,1984-06-30,405.9847,419.8378,420.30655,430.3541,457.0337,433.0
T000318,1982-11-30,17.93462,18.096561,17.842531,18.414196,17.45565,19.3
T000318,1982-12-31,19.22639,19.34125,17.98691,18.292435,16.893185,19.0
T000318,1983-01-31,18.940063,18.475498,18.028528,18.292591,16.953997,19.8
T000318,1983-02-28,19.685629,19.4924,18.306293,18.28951,17.513765,19.0
T000318,1983-03-31,18.99564,18.53969,18.331598,18.30221,17.86687,19.9
T000318,1983-04-30,19.838417,19.842987,18.590126,18.3743,17.865528,20.2
T000318,1983-05-31,20.032602,19.830868,18.69734,18.43885,19.114653,19.3
T000318,1983-06-30,19.247936,19.490679,18.805212,18.534174,19.224426,20.2
T000318,1983-07-31,20.010712,20.719,19.111082,18.52919,19.286602,19.5
T000318,1983-08-31,19.462637,19.542145,19.118366,18.662912,18.948793,20.1
T000318,1983-09-30,20.037556,20.144978,19.484041,19.734474,19.208303,19.8
T000318,1983-10-31,19.7461,19.448706,19.46826,19.686468,19.464537,18.0
T000318,1983-11-30,18.34702,17.916307,19.53195,19.722956,19.768764,20.2
T000318,1983-12-31,20.214203,20.260618,19.645706,20.027477,19.565502,19.8
T000319,1983-07-31,5.7892504,5.7409744,5.857215,5.991227,5.8271613,5.94
T000319,1983-08-31,5.93124,5.933079,5.8879523,5.9829316,5.6672707,5.88
T000319,1983-09-30,5.8521466,5.79438,5.858699,5.980676,5.947094,5.78
T000319,1983-10-31,5.7866344,5.8451667,5.863604,5.9419265,5.8262854,5.96
T000319,1983-11-30,5.9166617,6.060896,5.878449,5.9746118,5.772571,5.83
T000319,1983-12-31,5.8295627,5.844044,5.851085,5.9396987,5.731505,6.01
T000319,1984-01-31,5.978639,6.0270805,5.9032216,5.9660044,5.82036,6.04
T000319,1984-02-29,5.991329,5.9856195,5.874303,5.9809155,5.734036,5.51
T000319,1984-03-31,5.577135,5.5313025,5.8937716,5.941497,5.89005,6.06
T000319,1984-04-30,6.0541525,6.1095986,5.9000297,6.0006557,5.799215,5.88
T000319,1984-05-31,5.85266,5.7783275,5.8852553,5.9580812,5.78248,6.07
T000319,1984-06-30,6.0333247,6.134151,5.9205914,5.9704804,5.7891135,5.84
T000319,1984-07-31,5.823794,5.8435063,5.8908453,5.941488,5.9072576,6.02
T000319,1984-08-31,6.0077868,6.0665035,5.9217715,5.942796,5.690155,6.0
T000320,1982-11-30,13.522665,14.341369,15.681652,17.932707,16.865343,15.6
T000320,1982-12-31,15.296075,16.811045,15.335742,17.541285,16.245134,15.3
T000320,1983-01-31,14.642302,16.23145,15.17897,16.75214,14.918337,17.4
T000320,1983-02-28,16.714426,18.817154,15.164576,16.617266,15.30367,17.6
T000320,1983-03-31,16.918922,18.865156,15.135328,16.457508,15.631157,18.5
T000320,1983-04-30,17.819508,19.646744,15.425529,16.300926,14.547096,18.6
T000320,1983-05-31,18.107183,19.404976,15.800331,16.418238,16.404068,19.4
T000320,1983-06-30,18.882902,20.348661,16.253416,16.462486,15.760052,19.8
T000320,1983-07-31,19.166548,20.3906,16.702614,16.586086,15.701768,20.4
T000320,1983-08-31,19.944664,21.001413,17.264597,16.605892,16.43004,22.1
T000320,1983-09-30,21.64258,21.96276,17.885996,16.808563,16.805578,22.3
T000320,1983-10-31,21.980925,22.080826,18.397707,17.16941,17.605757,20.3
T000320,1983-11-30,20.620735,20.716366,19.075548,19.17611,19.595192,22.3
T000320,1983-12-31,22.334818,22.248331,19.710976,19.488144,18.90724,21.8
T000321,1983-03-31,20.556086,19.983809,21.31715,22.175095,19.79943,21.0
T000321,1983-04-30,20.925262,21.192541,21.097479,22.002684,20.02629,20.6
T000321,1983-05-31,20.677153,20.099867,21.024487,21.857685,20.33089,21.2
T000321,1983-06-30,21.19858,21.149181,20.967464,21.59986,20.449759,21.2
T000321,1983-07-31,21.120296,21.068703,20.912252,21.592482,21.678457,20.7
T000321,1983-08-31,20.640394,21.350899,20.813038,21.65293,21.31786,22.9
T000321,1983-09-30,22.492374,23.72763,21.037954,21.501413,21.14245,22.5
T000321,1983-10-31,22.166454,22.946762,20.997272,21.498154,20.984566,23.0
T000321,1983-11-30,22.687592,23.069365,21.408482,21.539585,21.585346,22.7
T000321,1983-12-31,22.36408,22.509197,21.477062,21.578085,21.819187,20.6
T000321,1984-01-31,20.853205,20.91671,21.597136,21.394278,22.79438,22.8
T000321,1984-02-29,22.739174,23.503635,21.790663,21.357513,22.009691,21.8
T000321,1984-03-31,21.672913,21.884344,21.660593,21.51501,22.113977,21.4
T000321,1984-04-30,21.398186,21.917282,21.902647,21.66847,22.268383,14.0
T000322,1983-05-31,17.276182,17.398304,14.648794,14.685566,11.472116,16.6
T000322,1983-06-30,16.440203,16.164452,14.817041,14.789947,12.797767,16.4
T000322,1983-07-31,16.309242,16.388783,15.13914,15.022309,12.9911585,17.0
T000322,1983-08-31,16.932003,16.016708,15.526853,15.272878,13.674198,16.5
T000322,1983-09-30,16.672468,15.519572,15.733876,15.242665,14.688693,16.4
T000322,1983-10-31,16.58238,16.057386,16.005081,15.471541,15.0903635,18.3
T000322,1983-11-30,18.235817,18.014639,16.16524,16.187738,14.39367,17.3
T000322,1983-12-31,17.3634,16.421316,16.48311,16.569056,15.472683,15.7
T000322,1984-01-31,15.919082,14.920266,16.569792,16.66943,16.318039,15.7
T000322,1984-02-29,15.9885025,15.123384,16.661339,16.66347,17.020367,16.6
T000322,1984-03-31,16.67709,16.15251,16.652487,16.560272,16.507673,16.2
T000322,1984-04-30,16.250109,15.737611,16.754017,16.89176,17.002241,16.5
T000322,1984-05-31,16.31474,16.65839,16.531803,16.910648,15.897099,16.7
T000322,1984-06-30,16.498459,16.44087,16.638004,16.832758,15.338455,16.7
T000323,1982-11-30,11.668995,11.855171,13.72549,15.1110735,13.495419,16.2
T000323,1982-12-31,16.272137,18.022402,14.521163,14.865093,13.285639,12.8
T000323,1983-01-31,12.596779,11.902851,13.699251,14.766489,10.592624,13.2
T000323,1983-02-28,13.2348795,12.230025,14.19426,14.644128,12.303101,12.6
T000323,1983-03-31,12.910984,11.951075,13.685743,14.456928,15.27837,12.7
T000323,1983-04-30,12.889744,13.425782,13.449524,14.170654,12.353187,15.3
T000323,1983-05-31,14.971385,16.09961,13.983605,14.223312,13.809706,13.9
T000323,1983-06-30,13.855266,14.087261,13.586304,14.481287,15.616939,12.2
T000323,1983-07-31,11.918262,12.649573,14.027778,14.28506,13.641365,11.3
T000323,1983-08-31,11.346308,11.789151,13.159506,14.103101,16.046322,11.8
T000323,1983-09-30,11.921225,11.673649,13.625114,13.638355,15.369369,8.5
T000323,1983-10-31,8.409872,9.411842,12.546288,13.760783,15.489935,13.4
T000323,1983-11-30,12.980162,15.968571,12.828097,13.994626,14.445598,14.7
T000323,1983-12-31,13.910883,15.295882,12.796765,13.552794,13.321859,11.6
T000324,1983-03-31,2.4043906,2.2866745,2.30257,2.3392007,2.2142203,2.45
T000324,1983-04-30,2.466598,2.4117808,2.345435,2.337162,2.212587,2.62
T000324,1983-05-31,2.598355,2.5497482,2.35908,2.3624651,2.263903,2.79
T000324,1983-06-30,2.7588177,2.7189693,2.4095602,2.4396157,2.220916,2.68
T000324,1983-07-31,2.6660342,2.6022234,2.4327543,2.442098,2.4189463,2.59
T000324,1983-08-31,2.6002896,2.5645797,2.4844215,2.480832,2.459408,2.58
T000324,1983-09-30,2.5521042,2.5620232,2.4980278,2.4932501,2.4434571,2.94
T000324,1983-10-31,2.8805928,2.8880405,2.5497017,2.491345,2.4190733,2.6
T000324,1983-11-30,2.5829751,2.6469731,2.5344005,2.49662,2.5396705,2.67
T000324,1983-12-31,2.6370711,2.7705953,2.583033,2.5376678,2.3653383,2.46
T000324,1984-01-31,2.4882445,2.3636067,2.6036534,2.5737684,2.4986806,3.07
T000324,1984-02-29,3.0610757,2.9242852,2.6764987,2.5811052,2.486985,3.24
T000324,1984-03-31,3.2116756,3.041635,2.7316751,2.7388017,2.5742514,2.96
T000324,1984-04-30,2.9561749,2.955791,2.7533605,2.6990082,2.5333266,2.82
T000325,1983-05-31,42.861633,46.1169,42.586685,45.79738,42.51909,45.5
T000325,1983-06-30,44.47934,45.47401,42.479607,45.111446,43.87942,42.8
T000325,1983-07-31,42.811268,41.70917,43.087643,44.74143,44.67257,46.3
T000325,1983-08-31,46.039726,46.299328,43.269253,44.709545,46.510464,44.7
T000325,1983-09-30,43.935455,46.36403,42.90961,44.711216,45.67921,41.5
T000325,1983-10-31,40.345306,46.742565,42.755333,44.530735,42.811962,43.9
T000325,1983-11-30,43.105396,45.599922,42.96171,43.92837,43.107788,37.8
T000325,1983-12-31,37.944115,37.692474,42.453926,43.979733,45.9863,37.0
T000325,1984-01-31,37.534153,38.319836,42.620472,43.931503,47.924828,36.5
T000325,1984-02-29,36.47896,39.393032,41.9697,43.648457,46.72838,46.8
T000325,1984-03-31,45.50379,49.22136,42.737762,43.8179,41.776577,26.7
T000325,1984-04-30,27.1648,27.826864,40.92168,43.838127,45.47168,43.7
T000325,1984-05-31,42.753002,45.675224,41.567287,43.781105,41.53019,45.7
T000325,1984-06-30,43.796196,41.548927,41.40173,45.013893,43.395218,42.7
T000326,1983-05-31,11.9818,12.90525,10.851474,11.866861,10.472471,11.6
T000326,1983-06-30,11.359079,11.265004,10.959222,11.893425,10.570741,11.6
T000326,1983-07-31,11.560821,11.469966,11.00791,11.833547,12.38216,10.6
T000326,1983-08-31,10.5377655,10.985542,10.94321,11.56879,12.463574,11.7
T000326,1983-09-30,11.387221,12.948968,11.0260515,11.441617,11.509308,12.5
T000326,1983-10-31,11.982235,13.700892,11.076806,11.770113,11.8904505,12.0
T000326,1983-11-30,11.416093,12.792037,11.097419,11.801654,11.082124,13.5
T000326,1983-12-31,13.017588,14.373373,11.485359,11.894286,12.026183,11.7
T000326,1984-01-31,11.706796,11.748565,11.639041,12.357719,12.521945,11.1
T000326,1984-02-29,11.3848505,10.964125,11.949623,12.460389,12.752275,9.3
T000326,1984-03-31,9.399507,9.482851,11.704365,12.26909,13.47653,7.7
T000326,1984-04-30,7.944736,8.353986,11.334332,12.22962,12.001881,11.0
T000326,1984-05-31,10.828306,11.832945,11.254047,11.729534,11.865543,9.5
T000326,1984-06-30,9.36231,10.037632,10.913587,11.726501,11.943681,11.0
T000327,1982-09-30,63.069992,61.256035,52.029633,56.227505,48.032978,52.7
T000327,1982-10-31,52.709465,53.406403,53.03564,56.181236,57.680943,61.1
T000327,1982-11-30,58.887554,63.52607,53.80889,55.617004,51.250587,59.5
T000327,1982-12-31,57.47078,59.449135,53.184853,55.377884,48.019432,53.9
T000327,1983-01-31,53.284744,59.41642,54.164173,56.201366,56.02427,56.4
T000327,1983-02-28,55.126568,60.192528,53.8029,55.245964,51.154114,60.7
T000327,1983-03-31,59.4758,61.754063,55.125572,56.03902,49.506466,62.5
T000327,1983-04-30,62.477737,61.30727,57.66164,56.911427,58.523438,61.7
T000327,1983-05-31,61.995037,59.154396,58.111816,57.655388,56.61654,59.2
T000327,1983-06-30,58.552685,58.30837,59.068886,58.452385,56.248474,50.6
T000327,1983-07-31,52.182434,47.98719,58.797783,57.444878,61.319534,57.5
T000327,1983-08-31,58.049587,55.482418,58.867966,60.67241,61.6012,57.3
T000327,1983-09-30,56.181038,57.964447,57.74128,61.18446,59.671974,59.4
T000327,1983-10-31,59.108173,64.6243,58.350155,59.77986,60.47558,53.2
T000328,1983-03-31,0.8401796,0.91490746,0.86379784,0.9238246,0.78460747,1.04
T000328,1983-04-30,0.9682385,1.0615919,0.87431717,0.95170116,0.6909643,0.72
T000328,1983-05-31,0.7123552,0.82544804,0.8470375,0.9114538,0.8408392,0.64
T000328,1983-06-30,0.6929529,0.7374905,0.83362746,0.91487974,0.83102596,0.78
T000328,1983-07-31,0.8220507,0.73327035,0.89422834,0.9147902,0.82708114,0.83
T000328,1983-08-31,0.8251372,0.74584645,0.8682428,0.9067607,0.93747276,0.76
T000328,1983-09-30,0.73299474,0.8182815,0.89586484,0.9062592,0.7147475,0.59
T000328,1983-10-31,0.58671254,0.5673525,0.80530924,0.8992654,0.68382037,0.9
T000328,1983-11-30,0.87215155,0.76213974,0.863257,0.90519315,0.71869415,0.49
T000328,1983-12-31,0.4988121,0.36622792,0.77089816,0.9167935,0.9916421,0.84
T000328,1984-01-31,0.81733716,1.0349447,0.80126107,0.9048078,0.8589287,0.72
T000328,1984-02-29,0.6895107,0.9019748,0.75475377,0.8952651,0.7508352,0.88
T000328,1984-03-31,0.8324259,0.96498597,0.7791996,0.91351414,0.58186156,1.11
T000328,1984-04-30,1.011503,1.079923,0.7848013,0.8950493,0.68712366,0.97
T000329,1983-02-28,7.316736,6.3759913,9.163031,9.978983,10.380749,8.02
T000329,1983-03-31,7.938171,7.9617147,8.911556,9.8990555,10.969289,11.3
T000329,1983-04-30,10.569233,12.174475,8.999757,9.904355,9.870211,11.69
T000329,1983-05-31,10.632637,13.308527,8.852109,10.12586,9.890548,11.06
T000329,1983-06-30,9.935972,12.864364,9.005382,10.267997,8.653419,9.98
T000329,1983-07-31,9.224609,10.8396,9.200266,10.195567,9.421807,9.66
T000329,1983-08-31,9.401725,9.774212,9.356716,10.19802,9.60276,9.91
T000329,1983-09-30,9.915718,9.931541,9.512366,10.152009,9.585663,11.08
T000329,1983-10-31,10.972517,11.76436,9.637858,10.135168,8.617938,11.67
T000329,1983-11-30,11.397212,12.293711,9.860075,10.162973,7.552102,11.51
T000329,1983-12-31,11.406053,11.264191,10.029772,10.339085,7.8741007,11.02
T000329,1984-01-31,11.263462,9.902156,10.461973,10.8231735,9.044586,11.01
T000329,1984-02-29,11.492032,9.30271,10.756389,10.979191,10.064117,11.45
T000329,1984-03-31,11.681742,10.453154,10.977576,11.006077,11.100221,11.15
T000330,1983-05-31,13.845102,20.342499,14.778773,16.81887,13.470373,16.3
T000330,1983-06-30,14.445589,18.656242,15.11493,16.954348,11.908492,12.1
T000330,1983-07-31,11.661123,12.969963,14.864464,16.841276,9.830603,1.9
T000330,1983-08-31,3.9035053,2.2607346,14.79539,16.968615,14.318221,14.9
T000330,1983-09-30,15.425684,14.538046,14.779651,16.676176,8.559405,15.0
T000330,1983-10-31,15.031806,10.550542,14.792169,17.434595,9.435467,16.0
T000330,1983-11-30,16.506104,17.897066,14.916609,16.57428,8.366919,16.7
T000330,1983-12-31,16.247318,14.545474,14.769215,17.590734,7.296545,16.2
T000330,1984-01-31,15.451242,12.533025,14.740987,17.716396,6.339446,16.2
T000330,1984-02-29,15.598405,13.832188,14.729146,17.30602,16.261478,18.3
T000330,1984-03-31,17.200521,19.320175,14.877496,17.191397,11.676753,17.1
T000330,1984-04-30,15.415827,20.22181,14.779987,17.206093,10.939312,17.8
T000330,1984-05-31,16.449305,20.664677,15.139191,17.893469,12.446121,16.4
T000330,1984-06-30,15.505663,17.752415,15.01009,17.214672,12.600362,16.2
T000331,1982-07-31,6.103584,6.820656,6.1840014,6.937959,6.3654265,6.89
T000331,1982-08-31,6.5932674,6.850276,6.2006516,7.0062017,6.9175286,5.9
T000331,1982-09-30,5.732151,6.171396,6.150125,6.9087477,7.4428754,6.29
T000331,1982-10-31,6.020103,7.456272,6.0615373,6.8548484,5.936656,3.9
T000331,1982-11-30,3.7873561,5.0077558,5.8380227,7.087506,5.7982235,4.44
T000331,1982-12-31,4.357335,5.6384788,5.637411,7.0304084,5.6100016,6.34
T000331,1983-01-31,6.0111117,6.497103,5.792106,6.7723517,5.177617,7.11
T000331,1983-02-28,7.080487,7.1680675,5.946054,6.944815,5.5425153,4.53
T000331,1983-03-31,4.842916,4.318191,6.123633,6.917393,6.388102,5.67
T000331,1983-04-30,5.566359,5.5181503,5.950922,6.853437,5.4015245,8.77
T000331,1983-05-31,8.310854,8.172992,6.258736,6.91542,5.6064305,8.65
T000331,1983-06-30,8.254141,8.463031,6.2099595,6.7777414,6.0238237,7.03
T000331,1983-07-31,6.686899,7.4609275,6.4024277,6.8840833,6.3197374,7.37
T000331,1983-08-31,7.015202,8.208513,6.4486465,7.037586,6.465932,5.69
T000332,1983-03-31,9.41571,11.086603,9.592086,10.779984,9.8619175,10.7
T000332,1983-04-30,10.417792,11.610182,9.487648,10.619364,9.880896,9.4
T000332,1983-05-31,9.144841,10.7949705,9.366904,10.614273,10.769909,8.8
T000332,1983-06-30,8.711333,10.035142,9.550764,10.2978115,9.415557,7.8
T000332,1983-07-31,8.067914,7.9238367,9.424086,10.176278,11.34535,11.2
T000332,1983-08-31,10.884325,12.307485,9.586407,10.10701,9.350938,11.7
T000332,1983-09-30,11.14831,11.722593,9.751378,10.17122,9.31789,10.3
T000332,1983-10-31,10.004875,10.184856,9.86359,10.035946,10.276459,9.9
T000332,1983-11-30,10.072245,9.883444,10.1318655,10.12532,11.814601,8.6
T000332,1983-12-31,8.813045,8.711477,9.92495,10.088993,12.2638,9.9
T000332,1984-01-31,9.694864,10.647616,10.052352,10.081522,12.146929,13.9
T000332,1984-02-29,13.134152,14.712927,10.258579,10.160151,11.1419735,10.3
T000332,1984-03-31,9.683939,11.41541,10.056276,10.423013,10.84723,11.6
T000332,1984-04-30,10.930228,12.629368,10.582383,10.459246,10.92448,11.4
T000333,1983-01-31,513.59644,564.85394,432.24402,499.46436,495.51807,459.0
T000333,1983-02-28,441.688,570.7348,442.2152,502.02777,479.42474,467.0
T000333,1983-03-31,457.25757,529.06714,453.77145,514.86926,547.53876,470.0
T000333,1983-04-30,456.92432,438.91937,447.98654,501.97128,429.7785,533.0
T000333,1983-05-31,529.0829,516.4972,466.2673,502.43225,592.3781,440.0
T000333,1983-06-30,440.07648,484.92374,462.27878,500.90662,561.24023,695.0
T000333,1983-07-31,627.98584,762.75244,479.48764,504.6006,401.87558,451.0
T000333,1983-08-31,415.94073,440.89316,462.15573,494.22156,509.61893,496.0
T000333,1983-09-30,493.1851,587.23206,499.35687,507.3457,617.3148,405.0
T000333,1983-10-31,371.9408,411.4261,475.6344,499.5482,545.67206,161.0
T000333,1983-11-30,196.26941,231.66052,454.3567,511.81693,598.8436,393.0
T000333,1983-12-31,408.99063,509.86838,473.42767,500.00858,617.30176,570.0
T000333,1984-01-31,523.872,576.719,447.95557,504.89178,359.35034,394.0
T000333,1984-02-29,375.5075,382.25778,472.08936,509.2244,476.06436,358.0
T000334,1982-12-31,490.0898,527.66034,469.2691,470.22375,431.2866,528.0
T000334,1983-01-31,511.96924,522.4654,472.1899,483.42996,459.84015,553.0
T000334,1983-02-28,539.55817,552.92883,479.4961,481.37888,454.78583,515.0
T000334,1983-03-31,518.4011,499.4567,489.83853,493.6553,467.21542,462.0
T000334,1983-04-30,474.01935,453.12766,497.7503,490.24014,479.66595,433.0
T000334,1983-05-31,446.81543,413.80728,499.02188,489.9004,455.7552,501.0
T000334,1983-06-30,501.34378,459.20886,499.05948,509.1303,419.3042,548.0
T000334,1983-07-31,542.0433,499.9339,505.74493,511.73206,421.0774,573.0
T000334,1983-08-31,566.93787,538.4263,505.57034,508.12445,423.4186,500.0
T000334,1983-09-30,502.20404,486.49057,507.1384,521.3657,461.5881,462.0
T000334,1983-10-31,472.23688,454.66568,508.7779,519.3268,469.16293,432.0
T000334,1983-11-30,443.97577,406.3691,504.11725,518.6453,494.87265,471.0
T000334,1983-12-31,472.44104,458.83096,499.25787,515.58044,470.30664,512.0
T000334,1984-01-31,500.23535,506.915,497.9566,518.5816,452.2539,510.0
T000335,1982-05-31,1999.1759,1945.6962,1331.3972,1345.5184,1163.21,2827.0
T000335,1982-06-30,2684.748,2810.5273,1498.7726,1423.5728,1334.2462,1742.0
T000335,1982-07-31,1668.0776,1692.9962,1489.6,1487.8413,1382.1256,1274.0
T000335,1982-08-31,1315.0286,1335.7959,1632.3043,1461.4658,1448.6045,1984.0
T000335,1982-09-30,1946.0579,1844.2153,1616.8237,1476.1653,1583.3534,1995.0
T000335,1982-10-31,1954.5914,1868.8505,1652.8915,1535.9287,1441.6631,2030.0
T000335,1982-11-30,1994.2218,2237.7256,1732.655,1560.6146,1603.8354,2060.0
T000335,1982-12-31,1989.8126,2190.8655,1719.7762,1582.0162,1554.2356,2088.0
T000335,1983-01-31,2076.2397,1956.3716,1897.2338,1628.6742,1479.1239,2100.0
T000335,1983-02-28,2144.5842,1787.3118,1928.053,2002.3624,2124.0168,1750.0
T000335,1983-03-31,1844.7771,1416.9067,2021.4573,2070.6406,2000.126,2300.0
T000335,1983-04-30,2285.5444,2078.8337,1999.5353,2008.77,1905.8167,2155.0
T000335,1983-05-31,2105.0107,2018.7249,2026.4175,2182.2742,2091.0774,2015.0
T000335,1983-06-30,1972.6057,2097.9392,1980.3868,2166.954,1912.7844,1507.0
T000336,1982-04-30,6555.572,6083.9785,7105.9697,7368.015,7057.367,5425.0
T000336,1982-05-31,5529.4224,5796.419,7110.24,7217.2217,7656.878,8374.0
T000336,1982-06-30,8046.216,8691.145,6988.0215,7100.9917,7037.016,5895.0
T000336,1982-07-31,5757.814,5992.99,6830.995,7158.091,6469.223,4698.0
T000336,1982-08-31,4938.2812,5512.496,6870.6094,7542.6934,8041.0107,7045.0
T000336,1982-09-30,6835.1006,7596.0107,6586.4536,7113.973,6765.2153,5831.0
T000336,1982-10-31,5653.4697,5822.449,6631.919,7213.725,6087.6133,6243.0
T000336,1982-11-30,6345.652,6732.733,6717.894,7411.5303,7837.299,9000.0
T000336,1982-12-31,8528.008,8802.195,6802.5156,7267.2256,6169.225,6587.0
T000336,1983-01-31,6410.7056,6157.1724,6661.4634,7181.6123,6309.284,5464.0
T000336,1983-02-28,5725.8687,6045.465,6860.9316,7430.6997,8510.026,6147.0
T000336,1983-03-31,5975.0024,5962.0273,6563.2417,6746.6514,6600.569,6365.0
T000336,1983-04-30,6191.8887,6924.9385,6398.787,6828.9697,6794.883,6368.0
T000336,1983-05-31,6288.628,7484.898,6590.055,7137.7944,7957.334,6494.0
T000337,1982-05-31,268.39783,240.78845,359.55423,466.1842,536.2711,558.0
T000337,1982-06-30,535.6025,704.13,429.02817,449.06076,390.7478,260.0
T000337,1982-07-31,229.33755,261.5984,368.07016,459.62512,485.09113,502.0
T000337,1982-08-31,498.07828,547.19073,422.64197,461.22006,380.5636,255.0
T000337,1982-09-30,237.2468,223.48532,380.71347,448.24158,580.4313,190.0
T000337,1982-10-31,186.11476,335.8694,342.0063,460.48077,420.29095,304.0
T000337,1982-11-30,277.91492,389.27637,384.14938,425.7859,390.96762,306.0
T000337,1982-12-31,300.6526,334.972,320.27414,446.9235,453.26425,192.0
T000337,1983-01-31,185.6849,264.41306,376.4532,372.90436,455.3611,442.0
T000337,1983-02-28,409.61465,543.8822,293.43637,408.36987,393.68805,331.0
T000337,1983-03-31,314.8355,309.37482,383.72845,395.51953,368.22495,189.0
T000337,1983-04-30,178.91898,206.96997,301.03156,372.1316,415.34586,484.0
T000337,1983-05-31,442.84793,499.10297,351.00558,377.70853,404.55447,212.0
T000337,1983-06-30,181.699,295.07004,290.48727,373.55157,318.9447,256.0
T000338,1982-07-31,646.89215,578.6117,675.87964,690.72015,618.62494,703.0
T000338,1982-08-31,668.8791,566.4125,660.25287,703.39954,641.6509,455.0
T000338,1982-09-30,437.4334,448.6683,621.04034,722.8267,611.66376,472.0
T000338,1982-10-31,455.4662,503.88684,589.8116,730.1376,614.88196,1142.0
T000338,1982-11-30,1078.0122,1172.3813,615.1728,710.3826,430.74298,334.0
T000338,1982-12-31,338.4832,349.93588,557.12256,748.57825,693.69775,307.0
T000338,1983-01-31,325.4381,514.45435,591.0184,764.2748,544.3814,333.0
T000338,1983-02-28,314.0632,356.534,542.4453,638.30475,520.7196,370.0
T000338,1983-03-31,393.43762,348.55197,535.0088,620.3066,437.4146,303.0
T000338,1983-04-30,320.31223,313.32416,535.36914,606.7019,693.13135,280.0
T000338,1983-05-31,263.34464,347.5833,432.15262,568.2793,449.9331,344.0
T000338,1983-06-30,360.72858,333.75232,507.7988,553.28217,562.4462,325.0
T000338,1983-07-31,365.18613,370.67725,426.3416,556.973,811.615,337.0
T000338,1983-08-31,310.8448,399.10263,461.8011,464.8871,621.1418,739.0
T000339,1982-09-30,1589.5898,1706.0018,1400.1079,1524.2638,1541.5499,1302.0
T000339,1982-10-31,1281.812,1484.2377,1399.1183,1543.2373,1641.3126,1890.0
T000339,1982-11-30,1790.5287,2071.7788,1436.0,1520.8811,1552.7826,2069.0
T000339,1982-12-31,1942.3958,2108.2275,1461.6412,1555.0156,1399.7949,1827.0
T000339,1983-01-31,1731.8999,1869.9594,1512.9095,1545.5786,1619.1392,1311.0
T000339,1983-02-28,1298.3325,1455.0485,1532.3196,1525.7676,1699.3108,1643.0
T000339,1983-03-31,1595.3303,1763.1755,1537.7815,1537.1304,1424.5994,1503.0
T000339,1983-04-30,1493.3616,1493.4547,1554.614,1543.7549,1679.4062,1376.0
T000339,1983-05-31,1396.8983,1562.3834,1546.0367,1521.5635,1704.161,1604.0
T000339,1983-06-30,1561.7892,1708.013,1556.282,1553.7477,1453.7754,1580.0
T000339,1983-07-31,1602.1115,1552.5193,1596.8523,1579.7646,1593.9988,2554.0
T000339,1983-08-31,2487.4312,2388.7212,1737.7849,1676.6779,1637.5088,1976.0
T000339,1983-09-30,1916.4976,1742.0775,1700.1149,1756.1678,1755.8612,2549.0
T000339,1983-10-31,2463.922,2636.289,1876.9609,1748.2795,1700.0142,2888.0
T000340,1983-01-31,17.215588,19.047262,15.819014,18.079706,21.039936,18.4
T000340,1983-02-28,17.979239,21.749409,16.141462,17.592312,19.603254,20.8
T000340,1983-03-31,20.058983,22.663853,16.835655,17.585295,17.060497,18.2
T000340,1983-04-30,17.894924,18.036867,16.896507,17.517231,19.934374,23.6
T000340,1983-05-31,22.836994,24.282158,17.987932,17.959747,18.972498,23.6
T000340,1983-06-30,22.870604,22.236073,18.252983,18.244465,21.705963,23.4
T000340,1983-07-31,22.946968,24.502254,19.26693,18.112911,24.093624,23.2
T000340,1983-08-31,22.2724,25.452663,19.775751,18.96788,24.417564,21.1
T000340,1983-09-30,20.424519,23.711632,20.010096,19.256842,23.86553,20.9
T000340,1983-10-31,20.15304,23.323238,20.49739,19.8005,24.413963,20.8
T000340,1983-11-30,20.32674,22.067904,20.491016,20.136251,23.294893,17.6
T000340,1983-12-31,17.9737,18.506046,20.857838,20.26,23.723896,19.4
T000340,1984-01-31,19.65648,20.068928,20.813402,20.108644,22.988775,22.1
T000340,1984-02-29,22.101175,21.99197,21.314571,21.308931,21.45915,20.6
T000341,1983-07-31,21.719595,25.358719,18.72848,20.555872,22.223581,22.0
T000341,1983-08-31,20.647144,24.654535,18.99844,20.360523,21.109995,20.9
T000341,1983-09-30,20.358015,23.355886,19.787693,20.25446,24.11538,21.1
T000341,1983-10-31,20.885286,21.548037,20.17894,20.532476,23.863379,24.1
T000341,1983-11-30,23.3783,24.255932,20.614584,20.846958,24.185274,20.2
T000341,1983-12-31,19.722143,22.065327,20.5076,20.476723,25.635338,23.0
T000341,1984-01-31,22.341059,25.571875,20.984278,20.475637,23.142443,19.3
T000341,1984-02-29,18.952168,20.455719,20.906822,20.830898,24.688305,20.7
T000341,1984-03-31,20.541405,22.208735,21.253475,20.903315,25.553701,23.6
T000341,1984-04-30,22.934542,23.940697,21.624468,21.325851,24.930973,23.1
T000341,1984-05-31,22.543472,25.009102,21.572159,21.51553,23.471172,22.9
T000341,1984-06-30,22.472614,23.752188,22.272314,21.508522,22.573782,23.5
T000341,1984-07-31,22.790705,23.249493,21.995947,21.89779,22.058212,24.6
T000341,1984-08-31,24.087528,23.596317,22.495058,22.46924,21.391144,24.2
T000342,1982-11-30,15.024873,13.732923,15.474542,16.536041,16.067959,16.5
T000342,1982-12-31,16.424517,16.130045,15.7533455,16.763422,16.183594,15.7
T000342,1983-01-31,15.335017,16.772533,15.310822,16.486034,13.886803,17.5
T000342,1983-02-28,16.905409,18.98272,15.729239,16.517668,13.217645,13.5
T000342,1983-03-31,13.596694,13.672641,15.400268,16.586107,15.530582,14.4
T000342,1983-04-30,14.339422,15.00142,15.527575,16.649178,14.638472,18.7
T000342,1983-05-31,18.725445,17.993946,16.2903,17.448788,15.384989,18.8
T000342,1983-06-30,18.96127,17.184093,16.608368,17.470114,15.576796,18.9
T000342,1983-07-31,18.480782,18.013996,16.931097,17.240505,15.449232,17.1
T000342,1983-08-31,16.603685,16.967892,16.679308,17.495913,15.64519,18.5
T000342,1983-09-30,18.184319,18.071737,17.050694,17.801949,15.50215,13.5
T000342,1983-10-31,14.023462,13.158753,16.523203,17.92986,18.196703,12.4
T000342,1983-11-30,12.901678,14.013007,16.43918,17.701359,18.254992,12.2
T000342,1983-12-31,12.080532,13.791685,15.875272,17.710842,16.502872,15.9
T000343,1983-06-30,4.1141076,4.372146,5.0375714,5.639949,6.0671287,4.01
T000343,1983-07-31,3.8405008,4.902612,4.871489,5.5272393,5.4291344,6.26
T000343,1983-08-31,6.0276527,6.4985833,5.10827,5.484394,4.8624916,5.58
T000343,1983-09-30,5.4157434,5.11753,5.0201783,5.470192,5.7086606,5.75
T000343,1983-10-31,5.507998,5.9363794,5.1957707,5.6323943,5.6129403,4.97
T000343,1983-11-30,4.7105665,5.1939826,4.9799337,5.630632,5.6122837,7.3
T000343,1983-12-31,6.841983,8.167818,5.188052,5.6260114,4.681579,8.09
T000343,1984-01-31,7.5396338,8.461525,5.240735,5.6808634,4.782258,6.08
T000343,1984-02-29,5.726147,6.803379,5.3375225,6.0226607,5.072082,5.79
T000343,1984-03-31,5.5442777,6.255827,5.72164,6.1003394,5.117148,6.11
T000343,1984-04-30,6.1346006,5.9995594,5.7098823,6.3970566,5.4161897,6.2
T000343,1984-05-31,6.349688,6.342947,5.98894,6.442612,5.524219,6.4
T000343,1984-06-30,6.4320617,6.4796824,6.028875,6.3349977,5.1402264,6.07
T000343,1984-07-31,6.147961,5.5130568,6.1431,6.4548144,5.04435,6.24
T000344,1982-07-31,12.048637,11.351523,11.515963,12.329456,9.745112,13.0
T000344,1982-08-31,12.574681,11.672014,11.123581,12.434229,11.411859,12.9
T000344,1982-09-30,12.555745,12.225971,11.439872,12.533533,11.256722,12.9
T000344,1982-10-31,12.216618,13.602799,11.27335,12.966581,11.101705,13.4
T000344,1982-11-30,12.6337595,14.840223,11.295952,13.230142,10.815006,13.6
T000344,1982-12-31,12.609837,15.34927,11.397073,13.040883,9.5703,12.1
T000344,1983-01-31,11.641401,13.299215,11.589193,13.166106,10.825932,12.5
T000344,1983-02-28,12.740278,12.6635275,12.183421,13.574657,10.690364,12.8
T000344,1983-03-31,13.092764,11.306395,12.435299,13.808705,11.362481,11.9
T000344,1983-04-30,12.348145,10.844503,12.754668,13.562561,11.598275,12.2
T000344,1983-05-31,12.413721,11.737875,12.685342,13.580757,11.219449,15.4
T000344,1983-06-30,15.3124,14.35603,12.941291,13.632326,10.087545,15.7
T000344,1983-07-31,15.7606325,14.598896,13.173393,13.336799,12.349148,16.3
T000344,1983-08-31,16.066702,15.374245,13.544091,13.60401,13.339795,15.0
T000345,1983-05-31,10.916512,12.152992,9.645762,9.495306,6.9841847,13.05
T000345,1983-06-30,12.61244,12.329521,9.534671,9.505647,7.1710763,8.42
T000345,1983-07-31,8.464196,8.751174,9.441017,9.344508,7.000643,11.61
T000345,1983-08-31,11.6216755,11.716995,10.363467,10.115553,8.145397,8.03
T000345,1983-09-30,8.507793,6.6347747,9.786952,10.2915535,8.077366,8.74
T000345,1983-10-31,9.322573,7.5539083,10.721895,10.014413,8.492167,8.53
T000345,1983-11-30,8.92313,6.9693727,10.148661,9.499127,10.285236,8.25
T000345,1983-12-31,8.470675,6.5420856,10.309241,9.656113,7.9688253,6.95
T000345,1984-01-31,7.05128,5.952396,9.681478,9.594334,10.697382,7.3
T000345,1984-02-29,7.419421,7.73144,9.355939,9.91543,11.440159,7.12
T000345,1984-03-31,6.84071,7.916539,9.113985,9.451382,9.386069,7.52
T000345,1984-04-30,7.498859,8.576461,8.524057,9.787161,11.238922,9.9
T000345,1984-05-31,9.264521,10.230973,9.022821,9.620404,9.535647,8.53
T000345,1984-06-30,7.693633,8.422095,8.1859865,9.865685,8.931566,9.08
T000346,1983-05-31,34.925583,34.63903,31.129427,32.35883,29.788107,34.6
T000346,1983-06-30,33.96238,32.18734,30.918365,34.014732,30.635872,32.8
T000346,1983-07-31,31.623407,33.325405,31.362694,33.899006,38.685608,32.6
T000346,1983-08-31,30.633919,38.025547,31.059896,34.437817,35.402805,39.4
T000346,1983-09-30,35.799297,46.234554,31.506067,34.46352,27.645239,35.7
T000346,1983-10-31,32.667942,39.418423,31.682297,35.35529,30.031567,38.2
T000346,1983-11-30,36.201817,41.587494,32.450817,34.833225,30.885757,28.5
T000346,1983-12-31,27.83901,29.151405,32.511463,35.449215,30.134668,29.6
T000346,1984-01-31,32.47719,29.988855,34.009155,35.66171,33.139618,29.5
T000346,1984-02-29,30.78538,28.128544,33.8368,36.0402,32.40367,33.7
T000346,1984-03-31,33.056004,31.735825,33.04258,35.62077,25.509424,27.0
T000346,1984-04-30,27.568079,26.858234,33.47632,35.40824,30.702724,33.0
T000346,1984-05-31,33.05811,30.92375,32.481068,35.208076,28.292065,28.8
T000346,1984-06-30,29.009161,24.016975,32.985134,35.81259,32.768818,27.3
T000347,1982-07-31,38.24949,36.84703,46.29534,49.24567,49.5475,40.7
T000347,1982-08-31,41.454247,40.9134,46.049522,48.941586,45.53407,45.4
T000347,1982-09-30,45.32672,47.973946,46.057243,48.536266,45.391582,48.7
T000347,1982-10-31,47.656277,46.839993,46.266727,48.962616,43.23447,45.6
T000347,1982-11-30,44.338596,44.849545,45.168243,47.474113,42.972164,47.6
T000347,1982-12-31,46.72758,47.41958,45.85756,48.56566,47.65581,49.5
T000347,1983-01-31,48.80607,49.510014,45.383926,48.517567,45.987125,48.4
T000347,1983-02-28,47.298256,51.62665,45.779602,49.037445,47.301857,46.6
T000347,1983-03-31,45.48297,50.136776,45.61857,48.915977,43.872295,45.5
T000347,1983-04-30,44.213852,47.240337,45.560535,48.568653,44.36177,49.5
T000347,1983-05-31,47.49721,52.181072,45.751854,48.243767,42.29431,47.7
T000347,1983-06-30,47.369156,48.540993,45.958096,48.098278,44.579903,40.8
T000347,1983-07-31,41.912045,41.70956,46.53529,48.35238,46.34917,64.0
T000347,1983-08-31,63.18108,62.620613,48.616306,49.327904,43.34267,80.0
T000348,1983-05-31,97.87585,109.001945,95.331375,101.262634,81.57062,119.9
T000348,1983-06-30,115.515945,114.3282,97.81932,105.81138,103.181915,41.1
T000348,1983-07-31,48.300907,42.71322,94.599464,103.600975,121.01832,79.7
T000348,1983-08-31,85.928894,100.99764,97.61251,103.60266,101.28409,99.9
T000348,1983-09-30,95.89791,101.9299,95.70649,105.28556,87.80032,78.1
T000348,1983-10-31,74.9503,81.569336,94.16093,104.165855,75.626335,108.4
T000348,1983-11-30,102.332695,105.31709,95.54042,103.377235,86.61368,89.6
T000348,1983-12-31,90.630005,76.94354,93.7051,103.399025,90.29678,98.3
T000348,1984-01-31,100.508835,93.78934,96.85907,107.05297,101.9334,96.4
T000348,1984-02-29,94.23773,100.89614,94.702774,104.337036,110.92941,132.2
T000348,1984-03-31,122.95987,141.08318,98.39863,106.94957,68.1539,113.7
T000348,1984-04-30,105.48476,113.49731,96.49895,106.795044,82.79969,116.6
T000348,1984-05-31,111.560646,123.26904,99.09315,108.1859,87.51304,129.9
T000348,1984-06-30,121.848816,125.94121,101.060684,108.4241,83.19281,65.9
T000349,1982-07-31,29.992117,29.869925,31.241152,31.343943,30.589592,31.5
T000349,1982-08-31,31.629803,31.233156,30.949774,31.384384,25.278154,33.9
T000349,1982-09-30,33.846977,34.04797,31.8503,31.65161,26.454386,34.5
T000349,1982-10-31,34.333828,31.993366,31.999243,31.512285,26.516678,31.9
T000349,1982-11-30,31.740974,28.620596,31.878267,31.892084,27.086697,37.6
T000349,1982-12-31,37.373432,36.31674,32.96163,32.221287,29.27791,34.9
T000349,1983-01-31,35.4895,32.49209,32.82868,32.719482,31.846146,37.2
T000349,1983-02-28,36.891006,37.69839,33.859604,33.088104,31.141397,37.7
T000349,1983-03-31,36.917767,36.99095,33.974594,33.04432,31.659111,36.2
T000349,1983-04-30,35.66675,34.701153,34.44996,33.146275,31.489344,33.9
T000349,1983-05-31,33.417564,34.05391,34.53334,34.140938,34.129116,36.7
T000349,1983-06-30,36.547535,36.89074,34.613216,35.351913,32.347614,30.4
T000349,1983-07-31,31.19617,29.965132,34.867535,35.416115,35.604706,30.0
T000349,1983-08-31,30.837376,30.78952,34.56048,35.558277,34.483406,38.7
T000350,1983-05-31,43.529484,45.59823,38.033596,36.238373,29.839218,50.3
T000350,1983-06-30,49.05985,48.02875,39.28454,38.267616,37.386887,30.5
T000350,1983-07-31,31.459076,28.281322,38.845676,38.503273,39.644882,32.3
T000350,1983-08-31,35.0133,35.685036,40.677677,38.311604,40.797295,43.9
T000350,1983-09-30,44.543488,42.37031,40.56798,40.80806,37.938843,33.7
T000350,1983-10-31,33.052948,32.08114,40.208935,40.957336,34.014233,49.0
T000350,1983-11-30,47.438915,48.410717,41.839314,40.137417,36.545246,41.5
T000350,1983-12-31,41.824856,34.15021,41.470097,43.095943,38.369915,46.5
T000350,1984-01-31,47.474186,41.444897,43.47084,45.015656,39.872772,47.2
T000350,1984-02-29,46.68319,42.869648,43.083794,43.874718,49.698696,61.6
T000350,1984-03-31,58.389755,61.07824,44.815422,45.461773,35.2505,53.7
T000350,1984-04-30,50.969734,53.491005,44.486473,47.048172,39.97633,54.5
T000350,1984-05-31,52.78006,56.7549,46.013294,48.7796,39.359516,57.8
T000350,1984-06-30,55.21682,54.109974,46.966557,50.480957,37.974796,40.6
T000351,1982-11-30,6.1601887,7.683142,5.4092336,6.6584187,4.7054257,6.2
T000351,1982-12-31,5.7617674,6.854949,5.516613,6.387576,4.346609,7.0
T000351,1983-01-31,6.837337,6.7585382,5.8013105,6.5525537,4.2939377,4.0
T000351,1983-02-28,4.6210575,2.8442593,5.970767,6.4704185,6.501596,5.5
T000351,1983-03-31,5.7810383,5.3652854,6.0262895,6.6297855,5.8339467,7.3
T000351,1983-04-30,6.9162993,7.1223187,6.054879,6.6693387,4.46136,6.8
T000351,1983-05-31,6.583703,6.8549314,6.0243134,6.762019,4.759311,7.7
T000351,1983-06-30,7.457452,7.7005453,6.2666674,6.7730913,5.6390414,7.8
T000351,1983-07-31,7.6068125,7.4456644,6.253614,7.0600715,5.4574537,6.4
T000351,1983-08-31,6.5143003,6.0672226,6.550056,6.867275,7.0992317,6.5
T000351,1983-09-30,6.4324703,7.126148,6.663351,6.8841214,6.705043,7.5
T000351,1983-10-31,7.0529613,7.7670727,6.6297097,7.0035105,5.08541,6.6
T000351,1983-11-30,6.2750926,6.7521286,6.6423607,6.876757,5.3385205,7.1
T000351,1983-12-31,6.946701,7.016509,6.7116218,6.9643803,6.069822,6.9
T000352,1983-05-31,6878.7744,6613.632,6367.3623,6189.389,6316.93,7201.0
T000352,1983-06-30,7031.7905,6955.819,6367.299,6371.371,6259.709,7601.0
T000352,1983-07-31,7334.213,7577.2773,6436.154,6514.9526,6320.641,7581.0
T000352,1983-08-31,7284.031,7708.678,6501.5093,6543.1646,6583.328,7090.0
T000352,1983-09-30,6885.225,7398.113,6595.1743,6618.242,6656.91,6929.0
T000352,1983-10-31,6748.855,7262.3467,6687.392,6711.5527,6698.445,6398.0
T000352,1983-11-30,6352.731,6657.539,6664.143,6641.2686,6680.4775,6423.0
T000352,1983-12-31,6410.2324,6649.6265,6715.3447,6650.588,6456.9365,6176.0
T000352,1984-01-31,6249.8,6153.641,6700.5063,6625.2905,6499.99,6138.0
T000352,1984-02-29,6267.2773,5979.375,6732.038,6582.7617,6460.1416,6717.0
T000352,1984-03-31,6785.13,6291.0923,6775.3403,6708.135,6536.0215,6466.0
T000352,1984-04-30,6572.5776,5974.731,6794.706,6768.5854,6758.902,7312.0
T000352,1984-05-31,7298.2285,6959.0044,6878.451,6716.633,6655.7104,7763.0
T000352,1984-06-30,7568.834,7323.115,6883.199,6761.76,6763.118,8161.0
T000353,1983-01-31,3116.8176,2915.2312,2996.0498,2964.608,3002.0303,2772.0
T000353,1983-02-28,2813.8035,2522.8489,3002.6165,2979.0107,3088.3064,2594.0
T000353,1983-03-31,2625.948,2558.0542,2947.5623,2970.3308,3084.2905,2922.0
T000353,1983-04-30,2881.935,2958.9736,2925.6868,2972.4243,3015.123,2842.0
T000353,1983-05-31,2769.5127,2925.3398,2868.1006,2985.054,2855.5142,2915.0
T000353,1983-06-30,2855.1328,3050.0332,2878.8447,3010.0327,2954.253,2997.0
T000353,1983-07-31,2944.5244,3142.2852,2847.5461,2981.3252,3014.66,2852.0
T000353,1983-08-31,2822.8647,2923.6555,2898.2017,2960.1082,2916.485,2863.0
T000353,1983-09-30,2857.6626,2898.8794,2876.204,2949.6704,2961.3718,3255.0
T000353,1983-10-31,3203.5427,3231.0393,2934.4949,2944.4214,2865.1392,3173.0
T000353,1983-11-30,3110.284,3091.5486,2918.661,2945.181,2688.2422,3003.0
T000353,1983-12-31,3007.2769,2999.5532,2953.4846,2958.326,2938.9546,3375.0
T000353,1984-01-31,3348.598,3371.7087,2980.4531,2961.3484,2893.6304,3151.0
T000353,1984-02-29,3157.7798,3099.69,2988.8657,3008.9053,2988.654,3207.0
T000354,1983-03-31,3694.3733,4093.4795,3618.4429,3862.8555,3307.4553,3887.0
T000354,1983-04-30,3804.328,4114.4297,3706.084,3882.0256,3459.079,3726.0
T000354,1983-05-31,3715.7788,3729.736,3725.2344,4009.19,3543.9512,3553.0
T000354,1983-06-30,3654.7888,3512.8684,3797.7249,3934.4414,3684.0112,3594.0
T000354,1983-07-31,3739.4375,3474.394,3872.2542,3953.266,3823.972,4185.0
T000354,1983-08-31,4229.9287,3839.8662,3933.362,4102.648,3666.8325,3918.0
T000354,1983-09-30,3894.6025,3587.78,3957.471,4183.756,3872.6316,4033.0
T000354,1983-10-31,3995.0269,3872.2563,3945.3718,4088.6692,3893.9321,4177.0
T000354,1983-11-30,4117.455,4036.9917,3965.3706,4065.5747,3956.113,4200.0
T000354,1983-12-31,4126.0815,4222.657,3943.969,4066.3762,4104.1978,3751.0
T000354,1984-01-31,3690.051,3928.1365,3936.4324,4046.0972,4200.7754,4305.0
T000354,1984-02-29,4145.3203,4659.8447,3936.94,4111.4346,3766.4922,4000.0
T000354,1984-03-31,3876.471,4099.5566,3948.4731,4107.7104,3603.2537,3879.0
T000354,1984-04-30,3850.5227,3979.8699,3966.4592,4107.255,3592.0613,3691.0
T000355,1983-07-31,2128.8923,2121.6401,2211.1313,2194.235,2067.6396,2146.0
T000355,1983-08-31,2170.8992,2092.268,2246.392,2211.699,2058.3706,2146.0
T000355,1983-09-30,2174.7588,2000.9291,2252.9888,2236.4395,2217.911,2135.0
T000355,1983-10-31,2177.9749,1967.4817,2263.002,2250.2148,2162.8293,2305.0
T000355,1983-11-30,2328.0227,2115.434,2286.4048,2248.3103,2203.1235,2501.0
T000355,1983-12-31,2481.5225,2347.8152,2293.2822,2253.6328,2260.5964,2801.0
T000355,1984-01-31,2700.749,2739.285,2328.8303,2272.5754,2183.755,2785.0
T000355,1984-02-29,2675.165,2720.809,2331.2485,2306.191,2230.7913,2401.0
T000355,1984-03-31,2350.0027,2442.6067,2357.2913,2421.2202,2423.7048,2598.0
T000355,1984-04-30,2518.7407,2687.3652,2383.3154,2442.4072,2351.1313,2334.0
T000355,1984-05-31,2306.2964,2402.5618,2362.0413,2434.3342,2403.7192,2299.0
T000355,1984-06-30,2294.1353,2438.2568,2401.8796,2421.7114,2316.2258,2150.0
T000355,1984-07-31,2168.4668,2157.345,2371.074,2393.9973,2294.94,2288.0
T000355,1984-08-31,2299.7437,2258.829,2386.495,2400.9294,2227.3804,2331.0
T000356,1983-03-31,22777.955,24572.51,23149.994,24468.08,23540.992,23914.0
T000356,1983-04-30,23330.623,25970.64,23670.924,24428.3,23373.752,22186.0
T000356,1983-05-31,22171.12,23267.16,23418.025,23878.12,23817.027,21200.0
T000356,1983-06-30,21483.025,21915.764,23500.22,23793.594,22546.572,21671.0
T000356,1983-07-31,21941.418,21265.94,23740.338,23257.78,24064.719,21561.0
T000356,1983-08-31,22099.463,20422.008,23562.773,23453.03,23779.102,24616.0
T000356,1983-09-30,24873.58,23300.824,24212.21,23556.91,24014.172,26138.0
T000356,1983-10-31,26019.164,24476.404,24036.72,23414.846,24808.467,29467.0
T000356,1983-11-30,28594.621,28476.324,24722.484,24207.814,24569.928,30850.0
T000356,1983-12-31,29535.863,30388.328,24713.43,24878.771,24668.46,26600.0
T000356,1984-01-31,25761.047,27221.414,25003.332,25324.787,25915.045,27487.0
T000356,1984-02-29,26380.422,28807.688,25401.287,25854.092,25594.174,25057.0
T000356,1984-03-31,24423.883,26129.494,25113.154,26022.518,25955.729,24179.0
T000356,1984-04-30,23762.533,26426.256,25322.115,25966.95,25123.828,23294.0
T000357,1983-05-31,4794.677,5105.6963,5099.4824,5249.161,4864.5137,4668.0
T000357,1983-06-30,4708.538,4617.8994,5126.4976,5175.8604,4920.8564,4402.0
T000357,1983-07-31,4539.909,4255.573,5095.844,5039.84,5002.971,4795.0
T000357,1983-08-31,4918.468,4546.037,5182.8687,5053.1187,5104.4404,4981.0
T000357,1983-09-30,5061.437,4591.0474,5109.977,5041.184,4981.444,5454.0
T000357,1983-10-31,5474.6978,5104.404,5232.7266,5057.7476,5135.899,5746.0
T000357,1983-11-30,5621.4326,5431.559,5177.9224,5190.1606,5114.815,6128.0
T000357,1983-12-31,5926.404,5999.8755,5255.714,5250.0796,5177.6274,6197.0
T000357,1984-01-31,5946.742,6227.0986,5265.044,5371.3706,5340.2456,5445.0
T000357,1984-02-29,5283.536,5625.8594,5295.776,5633.6665,5500.8877,5698.0
T000357,1984-03-31,5489.4116,6117.458,5351.529,5630.5396,5307.006,5428.0
T000357,1984-04-30,5275.172,5729.9507,5315.058,5607.325,5252.149,5107.0
T000357,1984-05-31,5069.82,5435.043,5365.777,5606.232,5120.3906,4914.0
T000357,1984-06-30,4945.7207,5019.765,5349.726,5616.1226,5199.2715,4629.0
T000358,1983-02-28,1320.4968,1392.8951,1457.438,1548.0787,1449.4323,1238.0
T000358,1983-03-31,1275.646,1328.6567,1497.1108,1531.2201,1459.524,1282.0
T000358,1983-04-30,1315.8625,1257.5255,1465.3877,1515.695,1425.1208,1013.0
T000358,1983-05-31,1084.5833,958.55664,1444.3093,1537.3776,1465.5698,1577.0
T000358,1983-06-30,1574.0018,1625.0165,1483.1366,1526.8921,1411.0125,1623.0
T000358,1983-07-31,1597.1614,1536.1243,1449.3948,1536.3174,1408.1158,1877.0
T000358,1983-08-31,1845.0762,1852.5697,1547.4719,1545.8739,1356.4033,1990.0
T000358,1983-09-30,1935.524,1822.5422,1546.2194,1587.4989,1629.5825,2189.0
T000358,1983-10-31,2098.9468,2076.233,1626.5148,1670.0605,1516.8905,2381.0
T000358,1983-11-30,2235.8784,2369.9292,1665.178,1689.8134,1671.8688,2133.0
T000358,1983-12-31,2033.9991,2248.8506,1712.1686,1707.7087,1614.943,1991.0
T000358,1984-01-31,1885.6176,2171.1917,1764.1512,1716.9932,1568.2633,2038.0
T000358,1984-02-29,1959.822,2114.9773,1799.8193,1775.0453,1673.9209,1425.0
T000358,1984-03-31,1471.9955,1476.3195,1803.0693,1785.5344,1821.8977,1280.0
T000359,1983-05-31,2273.9292,2655.1243,2414.4775,2612.2188,2312.1387,1714.0
T000359,1983-06-30,1785.9143,1818.0034,2370.7148,2629.424,2385.9792,1596.0
T000359,1983-07-31,1754.6863,1628.7847,2385.5781,2530.8828,2370.117,2296.0
T000359,1983-08-31,2302.5273,2163.1868,2390.3433,2501.1392,2449.0315,2481.0
T000359,1983-09-30,2469.5747,2266.845,2398.587,2487.1843,2292.0322,2916.0
T000359,1983-10-31,2870.0051,2763.6787,2475.6694,2486.7087,2381.1587,2773.0
T000359,1983-11-30,2693.9727,2565.8477,2434.5012,2526.2595,2463.847,2887.0
T000359,1983-12-31,2766.253,2839.4233,2492.4888,2656.434,2524.1074,3242.0
T000359,1984-01-31,3066.1592,3341.9902,2493.7927,2656.3892,2730.1191,3116.0
T000359,1984-02-29,2926.0022,3394.1562,2534.0354,2762.0178,2443.8906,2700.0
T000359,1984-03-31,2514.0735,3095.8975,2556.141,2841.9563,2407.8892,2231.0
T000359,1984-04-30,2132.2124,2604.2537,2544.3474,2850.7593,2459.645,2420.0
T000359,1984-05-31,2352.27,2589.5938,2559.545,2780.1548,2380.3618,2100.0
T000359,1984-06-30,2163.4207,2115.2795,2566.921,2652.1128,2589.9712,1782.0
T000360,1982-10-31,354.5013,369.50256,336.83472,349.0921,298.54114,392.0
T000360,1982-11-30,375.16833,378.9197,335.3326,349.92377,278.53625,284.0
T000360,1982-12-31,291.5212,285.20093,334.44897,349.13766,321.73236,298.0
T000360,1983-01-31,314.8954,290.8226,343.2412,353.36298,331.3737,319.0
T000360,1983-02-28,327.1905,276.04193,339.22665,358.72852,322.72568,321.0
T000360,1983-03-31,322.8646,305.3222,343.09174,354.1703,336.73932,320.0
T000360,1983-04-30,321.194,321.7043,335.95694,338.11697,314.63922,384.0
T000360,1983-05-31,372.92853,372.7707,338.9142,339.24222,272.8037,365.0
T000360,1983-06-30,354.84143,336.93866,337.572,348.72958,338.48483,353.0
T000360,1983-07-31,348.508,352.77972,339.52405,350.73517,362.53598,313.0
T000360,1983-08-31,308.19165,334.59857,338.04538,349.86786,349.76532,273.0
T000360,1983-09-30,278.9498,294.67624,331.05383,350.7362,342.68643,407.0
T000360,1983-10-31,392.63815,418.0807,340.54233,353.68756,320.2497,404.0
T000360,1983-11-30,381.50455,394.74878,333.08975,354.46243,296.59537,263.0
T000361,1982-08-31,676.3297,766.0442,900.14343,943.6945,994.3815,773.0
T000361,1982-09-30,785.71545,834.8423,897.45355,932.8705,949.5951,767.0
T000361,1982-10-31,762.7075,798.103,890.1842,923.63226,864.5896,684.0
T000361,1982-11-30,708.7138,730.8061,892.80316,926.2933,842.4607,790.0
T000361,1982-12-31,800.2433,736.5076,880.4074,861.94666,820.9595,941.0
T000361,1983-01-31,948.0379,767.97076,907.4814,878.747,874.235,895.0
T000361,1983-02-28,912.7337,757.0286,899.3059,923.7849,1003.5738,949.0
T000361,1983-03-31,937.3762,924.69836,902.6497,920.3247,976.9078,1189.0
T000361,1983-04-30,1108.7119,1226.6587,903.3571,928.87476,864.5368,1247.0
T000361,1983-05-31,1148.785,1288.9679,902.2514,966.94794,926.0603,1136.0
T000361,1983-06-30,1045.7985,1242.2651,916.44385,990.14105,949.5987,952.0
T000361,1983-07-31,888.2947,1075.9027,931.4379,1016.5324,943.2009,717.0
T000361,1983-08-31,734.4468,806.029,936.1321,1014.6916,992.4525,862.0
T000361,1983-09-30,873.6776,940.84155,936.3293,966.338,976.4883,862.0
T000362,1982-12-31,202.10693,210.54248,234.77295,233.3536,225.23035,183.0
T000362,1983-01-31,191.30951,170.71686,235.12898,224.56184,239.44818,215.0
T000362,1983-02-28,224.89757,193.91412,237.69362,223.47133,237.70969,215.0
T000362,1983-03-31,225.87099,179.00275,237.6949,225.43428,254.30826,282.0
T000362,1983-04-30,282.78833,255.2777,244.72481,233.65216,249.82988,329.0
T000362,1983-05-31,312.29825,303.8431,245.97691,236.49146,259.39532,344.0
T000362,1983-06-30,319.4908,344.73398,248.95552,240.46252,257.7808,335.0
T000362,1983-07-31,306.9778,350.18134,253.45094,264.3353,281.3453,298.0
T000362,1983-08-31,277.99738,322.1151,258.59094,266.35867,266.11264,256.0
T000362,1983-09-30,243.57768,286.8476,261.15833,276.37885,283.14343,224.0
T000362,1983-10-31,221.60425,262.37222,259.21393,275.52365,276.6538,226.0
T000362,1983-11-30,225.7782,260.53262,259.1902,262.18585,260.35852,232.0
T000362,1983-12-31,230.66061,239.06917,260.7092,253.64574,241.26918,200.0
T000362,1984-01-31,207.89168,184.30023,261.41504,249.74065,257.34454,255.0
T000363,1982-10-31,581.2218,621.82153,640.1448,643.81946,630.5449,612.0
T000363,1982-11-30,608.7342,613.8371,636.6677,642.4271,585.3312,546.0
T000363,1982-12-31,567.0851,546.31287,642.40265,640.3868,598.3174,641.0
T000363,1983-01-31,651.04205,611.5186,650.3977,644.3173,561.86975,677.0
T000363,1983-02-28,682.60547,585.20636,654.62006,654.597,601.8925,721.0
T000363,1983-03-31,733.4288,635.6636,677.0518,655.20557,683.1997,758.0
T000363,1983-04-30,753.2751,696.3722,678.3061,658.1501,723.91315,849.0
T000363,1983-05-31,813.8015,840.023,692.7463,690.07684,668.93896,851.0
T000363,1983-06-30,799.04877,849.81116,690.8933,691.7706,701.89355,820.0
T000363,1983-07-31,772.86066,860.8856,702.7673,721.25385,697.3565,776.0
T000363,1983-08-31,738.12787,829.46265,708.56964,759.3663,704.0176,618.0
T000363,1983-09-30,620.4654,668.6238,709.0465,759.2514,738.32336,624.0
T000363,1983-10-31,632.9122,687.1059,714.04175,765.89716,725.0553,658.0
T000363,1983-11-30,658.00494,661.78436,708.7387,717.4443,651.2259,580.0
T000364,1982-12-31,404.067,367.14462,370.133,393.8291,324.0844,393.0
T000364,1983-01-31,398.88513,353.38403,370.22064,392.20477,310.2727,419.0
T000364,1983-02-28,423.80038,374.48334,390.7065,400.1601,342.86777,398.0
T000364,1983-03-31,399.38922,359.6335,383.87988,397.43774,370.14728,388.0
T000364,1983-04-30,387.26956,368.03668,393.62976,399.4107,345.5939,367.0
T000364,1983-05-31,372.40454,342.17383,387.55225,385.7781,348.22888,407.0
T000364,1983-06-30,408.07834,379.1673,394.873,389.7064,320.14594,462.0
T000364,1983-07-31,449.36908,430.9772,397.86768,404.19675,305.43365,376.0
T000364,1983-08-31,377.13235,364.29376,394.09836,402.47156,329.82782,381.0
T000364,1983-09-30,382.33377,384.10867,402.00006,398.98416,306.54657,341.0
T000364,1983-10-31,348.22812,307.2553,390.75415,401.34708,317.83716,329.0
T000364,1983-11-30,339.58823,310.74393,392.4693,401.75867,335.8882,286.0
T000364,1983-12-31,295.87418,265.92212,379.472,403.0469,346.44785,252.0
T000364,1984-01-31,264.41895,257.148,364.10605,403.04233,312.0484,270.0
T000365,1982-10-31,12736.923,12218.554,12990.327,13174.731,12558.227,11448.0
T000365,1982-11-30,11682.156,12012.771,12750.796,13162.417,12289.357,13371.0
T000365,1982-12-31,13307.248,13129.296,12885.314,13128.733,12398.19,15252.0
T000365,1983-01-31,14826.905,14585.715,12886.446,13310.64,12336.153,12992.0
T000365,1983-02-28,12807.998,13042.075,12825.299,13322.853,13173.607,12983.0
T000365,1983-03-31,12823.439,13947.434,12975.922,13365.93,12925.107,13465.0
T000365,1983-04-30,13211.48,13646.961,12943.361,13257.281,12420.244,15059.0
T000365,1983-05-31,14725.402,15226.092,13137.412,13368.931,12899.205,10494.0
T000365,1983-06-30,10619.618,10876.434,12987.747,13408.232,13966.415,12602.0
T000365,1983-07-31,12662.26,13221.699,12935.416,13313.401,11822.593,13848.0
T000365,1983-08-31,13704.565,13211.769,13263.606,13415.763,13490.854,13351.0
T000365,1983-09-30,13374.805,13531.173,13145.01,13444.303,13112.875,13970.0
T000365,1983-10-31,13859.569,13993.147,13465.337,13495.841,13101.742,11941.0
T000365,1983-11-30,12155.746,11848.883,13067.314,13439.801,13279.126,14772.0
T000366,1982-08-31,21358.498,20212.344,19655.861,19447.62,18280.03,24539.0
T000366,1982-09-30,23853.203,23265.96,20122.578,19911.375,18103.162,20985.0
T000366,1982-10-31,20937.594,19816.64,20009.238,20077.988,20345.648,25837.0
T000366,1982-11-30,25394.22,26273.428,20982.701,20655.594,20106.646,24665.0
T000366,1982-12-31,23786.729,24163.854,20797.184,21224.031,20378.611,22842.0
T000366,1983-01-31,22158.812,24385.23,21255.19,21276.914,19099.998,23004.0
T000366,1983-02-28,22259.6,23494.068,21709.09,21992.71,19783.756,20583.0
T000366,1983-03-31,20808.84,19738.758,21500.64,21868.557,19520.453,23089.0
T000366,1983-04-30,23294.225,22420.086,22440.127,22551.43,21911.41,21494.0
T000366,1983-05-31,21994.018,20944.375,22113.535,22931.764,22144.105,24456.0
T000366,1983-06-30,24653.912,24018.943,23178.627,23180.178,19968.541,26802.0
T000366,1983-07-31,26607.473,24589.004,23293.777,23591.734,21656.5,25738.0
T000366,1983-08-31,25614.488,23330.457,23760.594,23710.943,22079.184,30178.0
T000366,1983-09-30,29450.107,28384.193,24387.094,24235.434,22132.229,25440.0
T000367,1982-12-31,11918.677,11728.253,12706.307,13388.401,14100.802,13719.0
T000367,1983-01-31,13480.443,14217.029,12870.334,13494.356,13639.801,15220.0
T000367,1983-02-28,14528.542,16336.7295,12899.007,13552.039,12237.164,14873.0
T000367,1983-03-31,14211.35,15855.601,12974.315,13660.822,12040.885,14697.0
T000367,1983-04-30,14197.85,14872.203,13297.852,13584.176,12190.637,13510.0
T000367,1983-05-31,13507.975,12448.581,13409.772,13832.246,13222.823,12709.0
T000367,1983-06-30,13191.43,12249.803,13575.483,13662.541,14768.262,13545.0
T000367,1983-07-31,13745.828,14066.945,13565.494,13977.103,13662.594,15479.0
T000367,1983-08-31,15111.981,16237.406,13692.018,13992.848,12191.93,15920.0
T000367,1983-09-30,15391.709,16266.065,13824.87,14125.845,12709.05,15326.0
T000367,1983-10-31,14949.02,15140.547,13985.766,14307.085,13150.905,15838.0
T000367,1983-11-30,15952.321,15009.657,14551.507,14606.974,14341.348,12868.0
T000367,1983-12-31,13363.038,12056.814,14495.095,14404.135,15870.865,13954.0
T000367,1984-01-31,14076.868,14277.09,14647.209,14490.097,15037.604,16323.0
T000368,1982-10-31,28135.172,27800.646,25864.754,26231.389,22322.7,25121.0
T000368,1982-11-30,25770.76,23815.455,26265.783,26312.787,24822.447,27363.0
T000368,1982-12-31,28174.484,26566.598,26750.389,26376.383,25369.467,30279.0
T000368,1983-01-31,30041.908,28897.38,27076.457,26832.016,24912.371,30646.0
T000368,1983-02-28,30117.129,30389.797,27239.037,26744.004,24622.84,30247.0
T000368,1983-03-31,29698.627,30074.023,27794.137,26930.514,25644.307,27863.0
T000368,1983-04-30,27916.527,26858.691,27934.447,27374.69,26300.37,28786.0
T000368,1983-05-31,28984.926,27584.453,28390.79,27485.129,28941.586,26065.0
T000368,1983-06-30,26516.645,25795.438,28211.48,27150.1,29804.111,28411.0
T000368,1983-07-31,28403.344,29683.299,28432.084,28582.574,27214.553,31064.0
T000368,1983-08-31,30442.625,31105.48,28665.17,28912.33,26321.574,29386.0
T000368,1983-09-30,28960.496,28422.395,28558.273,29488.127,26932.11,30546.0
T000368,1983-10-31,30286.355,29519.648,29132.639,29675.398,27771.9,26436.0
T000368,1983-11-30,27160.363,24858.996,28922.752,29530.832,29369.404,28118.0
T000369,1982-12-31,9468.364,8157.043,9219.491,9793.235,7697.0312,8706.0
T000369,1983-01-31,9192.542,7652.343,9654.161,10185.067,8135.8027,12381.0
T000369,1983-02-28,12506.621,10700.243,10101.924,10354.609,8887.218,11661.0
T000369,1983-03-31,11668.291,10011.914,10188.808,10523.225,9262.708,11058.0
T000369,1983-04-30,11116.893,10376.398,10583.809,10565.524,9597.88,10158.0
T000369,1983-05-31,10338.826,8827.332,10672.416,10551.304,10039.507,10817.0
T000369,1983-06-30,10801.153,9277.706,10748.54,11369.918,9105.363,10454.0
T000369,1983-07-31,10491.751,9666.583,10689.271,11026.676,10231.092,9715.0
T000369,1983-08-31,9796.678,9838.572,10607.365,10727.658,9369.336,15535.0
T000369,1983-09-30,14850.041,15159.455,11153.729,11113.712,7766.843,10476.0
T000369,1983-10-31,10290.418,9586.268,10714.485,11141.61,9194.277,10174.0
T000369,1983-11-30,10192.849,10376.648,11333.532,11019.775,8308.538,7040.0
T000369,1983-12-31,7504.3813,5864.336,10707.326,11053.142,9004.469,7732.0
T000369,1984-01-31,8464.551,7047.7095,10691.833,11146.733,8648.8,9257.0
T000370,1983-02-28,827.25885,887.9125,884.7172,886.70447,902.81256,1031.0
T000370,1983-03-31,998.05115,1011.7656,870.9393,868.17816,705.4298,782.0
T000370,1983-04-30,808.708,709.5733,894.4324,877.3133,905.2587,843.0
T000370,1983-05-31,879.1117,834.84845,911.3864,878.5044,1041.14,1076.0
T000370,1983-06-30,1034.2876,1036.3579,907.3438,897.167,795.9297,853.0
T000370,1983-07-31,846.97107,850.9479,908.272,912.4089,869.498,1020.0
T000370,1983-08-31,1009.2678,1004.8262,943.3362,914.0826,984.24445,1228.0
T000370,1983-09-30,1173.3414,1150.731,941.4525,938.1746,831.92096,790.0
T000370,1983-10-31,800.06024,771.35724,934.3148,928.03687,1029.8046,772.0
T000370,1983-11-30,818.974,858.4131,964.50793,925.43005,1102.0856,1202.0
T000370,1983-12-31,1139.6376,1193.5773,951.48755,929.586,833.0549,1041.0
T000370,1984-01-31,994.6922,1009.3808,956.11993,953.62665,920.58575,801.0
T000370,1984-02-29,813.19794,893.8107,968.70166,960.8361,1098.4956,894.0
T000370,1984-03-31,864.31055,910.708,940.3093,917.6614,808.64087,853.0
T000371,1982-12-31,48.639015,45.589417,57.07941,59.139477,53.99172,45.5
T000371,1983-01-31,48.2824,44.867054,58.09619,58.391148,55.889545,58.5
T000371,1983-02-28,59.17955,54.973663,58.14342,58.408264,48.079784,69.7
T000371,1983-03-31,68.95874,60.565514,60.136253,59.207348,47.97391,81.2
T000371,1983-04-30,79.859795,70.16829,62.082672,59.802773,56.096893,79.0
T000371,1983-05-31,77.06799,69.92835,63.29871,64.20198,62.497536,77.7
T000371,1983-06-30,74.94337,76.41277,64.76828,65.82259,62.995785,77.5
T000371,1983-07-31,73.46003,79.61218,65.53633,69.31427,66.35087,87.8
T000371,1983-08-31,82.081474,92.177,66.96449,70.863884,59.71947,81.6
T000371,1983-09-30,76.33413,86.57895,67.50002,71.20544,61.627438,62.9
T000371,1983-10-31,61.528088,70.13399,68.55122,71.39894,64.35435,55.7
T000371,1983-11-30,57.516388,58.977962,69.50586,72.93888,64.82278,55.1
T000371,1983-12-31,58.139202,51.40854,69.44685,74.8291,64.91064,56.6
T000371,1984-01-31,60.02413,50.548756,71.170784,71.2456,67.44784,75.3
T000372,1982-10-31,361.95218,407.38458,329.00797,347.37573,316.76694,275.0
T000372,1982-11-30,265.7771,285.1073,317.4591,333.90543,305.9929,234.0
T000372,1982-12-31,250.70038,260.37738,325.53903,325.37823,302.10776,254.0
T000372,1983-01-31,271.16336,216.71786,316.29636,317.7409,316.48126,305.0
T000372,1983-02-28,317.91833,249.40292,325.12448,323.15588,330.77725,296.0
T000372,1983-03-31,309.77643,265.37863,324.4045,321.8138,398.03314,347.0
T000372,1983-04-30,341.481,354.96918,320.5308,320.25516,356.25354,455.0
T000372,1983-05-31,421.5182,461.716,332.24225,331.53827,320.29642,438.0
T000372,1983-06-30,402.66934,437.32187,324.43466,335.9708,381.0536,386.0
T000372,1983-07-31,354.97647,415.17133,337.5556,353.89105,384.3707,324.0
T000372,1983-08-31,305.4263,369.5686,333.80533,354.6866,392.7582,283.0
T000372,1983-09-30,284.15137,336.5313,335.78906,353.82327,401.18353,296.0
T000372,1983-10-31,285.23828,356.9738,327.15665,354.57196,375.0189,291.0
T000372,1983-11-30,273.52264,339.17004,322.14536,340.00836,315.8909,245.0
T000373,1982-02-28,426.92358,429.29633,355.5526,359.52634,319.1215,379.0
T000373,1982-03-31,377.29132,370.53687,364.80237,360.25244,352.32663,408.0
T000373,1982-04-30,405.81967,395.5436,373.5471,364.8895,361.68515,371.0
T000373,1982-05-31,370.76,355.0844,370.9056,372.121,370.92505,357.0
T000373,1982-06-30,357.65298,374.6578,375.87726,371.67682,363.53857,376.0
T000373,1982-07-31,368.96027,389.51633,370.57785,371.65826,330.82574,366.0
T000373,1982-08-31,363.1056,364.52908,372.73825,373.12115,321.42047,338.0
T000373,1982-09-30,347.85605,315.88745,377.91745,376.6899,368.28763,321.0
T000373,1982-10-31,334.61862,288.46576,377.28418,380.5546,379.5625,322.0
T000373,1982-11-30,333.7614,293.72977,377.65045,376.88327,383.6922,332.0
T000373,1982-12-31,334.81073,321.68607,369.30493,374.75186,382.112,420.0
T000373,1983-01-31,404.87955,410.2575,372.97992,373.6876,345.87732,391.0
T000373,1983-02-28,376.70847,378.48532,363.22232,384.86172,359.85406,331.0
T000373,1983-03-31,331.54596,338.38303,364.42566,392.60748,400.8172,336.0
T000374,1982-08-31,701.8535,668.12134,918.47723,1008.47363,1075.0273,890.0
T000374,1982-09-30,896.70667,949.24243,937.46454,963.1444,954.4081,1002.0
T000374,1982-10-31,963.1616,1029.8572,920.46326,972.72424,787.65784,872.0
T000374,1982-11-30,865.9664,888.27124,925.45593,953.1293,808.85986,1033.0
T000374,1982-12-31,1027.7869,925.8865,947.9454,937.88416,834.06976,916.0
T000374,1983-01-31,958.63293,724.92065,948.9289,982.34875,1042.2168,935.0
T000374,1983-02-28,981.72314,895.03595,973.364,983.0505,1118.3298,720.0
T000374,1983-03-31,715.4641,754.98315,926.9447,985.8378,1054.404,1425.0
T000374,1983-04-30,1318.9319,1536.3069,964.7696,988.7021,811.94775,1395.0
T000374,1983-05-31,1258.3293,1408.1926,953.6535,1013.9253,968.43933,1082.0
T000374,1983-06-30,1016.7392,1197.7234,984.3861,1030.3057,988.4417,864.0
T000374,1983-07-31,852.9093,940.5291,1020.1174,1016.47626,1182.6143,658.0
T000374,1983-08-31,726.0278,692.8347,986.83136,1017.88855,1151.9753,984.0
T000374,1983-09-30,983.1643,1060.787,1016.23663,1010.21796,1095.1759,1128.0
T000375,1983-02-28,21225.293,21700.436,22133.67,21209.955,23479.61,28459.0
T000375,1983-03-31,27058.09,26690.809,21546.297,21589.225,17120.523,23251.0
T000375,1983-04-30,22963.76,22826.785,22268.049,22394.133,20797.172,22044.0
T000375,1983-05-31,22680.469,23012.086,23001.979,22925.834,24652.848,26093.0
T000375,1983-06-30,25411.998,24269.867,22700.023,23846.627,18283.727,21362.0
T000375,1983-07-31,21478.045,18924.79,23164.664,23355.988,24612.18,21035.0
T000375,1983-08-31,21833.895,20921.836,23484.83,22872.27,26777.621,28981.0
T000375,1983-09-30,27501.438,29342.574,23492.527,23564.68,18915.885,21633.0
T000375,1983-10-31,21178.207,21634.553,23193.205,23358.35,22767.037,23793.0
T000375,1983-11-30,23733.623,24752.473,24015.133,23995.78,25116.6,32405.0
T000375,1983-12-31,30665.914,31295.336,24036.566,24112.97,20543.086,18092.0
T000375,1984-01-31,18671.523,17675.752,23651.215,24021.986,24967.57,21357.0
T000375,1984-02-29,22484.666,23426.34,24828.402,23794.586,26540.406,27637.0
T000375,1984-03-31,26193.346,25746.475,23913.3,23739.691,19621.39,24664.0
T000376,1982-12-31,668.7078,638.97577,697.83136,707.35004,732.79175,758.0
T000376,1983-01-31,770.9628,796.7165,713.98346,727.58636,766.20807,774.0
T000376,1983-02-28,756.5431,778.8738,708.8185,733.5686,687.67065,892.0
T000376,1983-03-31,855.0659,957.02527,733.8538,735.03564,666.3445,832.0
T000376,1983-04-30,787.67145,867.3447,730.1478,741.16437,716.398,837.0
T000376,1983-05-31,819.7983,830.11755,758.588,751.2619,617.76135,783.0
T000376,1983-06-30,801.2358,727.7556,774.87695,755.82635,842.8572,642.0
T000376,1983-07-31,681.88745,600.00055,782.3553,754.6302,830.0449,782.0
T000376,1983-08-31,791.91675,789.847,786.735,807.9723,785.58105,824.0
T000376,1983-09-30,811.2897,829.957,783.7046,811.38,751.7954,993.0
T000376,1983-10-31,961.4109,981.6135,810.085,819.99475,709.2939,1037.0
T000376,1983-11-30,1000.38196,988.56256,813.93964,833.82837,779.55023,763.0
T000376,1983-12-31,779.0816,715.2353,834.99194,831.0465,856.49805,859.0
T000376,1984-01-31,866.78754,836.981,850.70703,827.20984,874.7699,963.0
T000377,1982-10-31,25574.113,24847.703,24567.857,24985.268,21873.645,24084.0
T000377,1982-11-30,24379.273,22602.09,24192.387,24959.078,23424.064,25307.0
T000377,1982-12-31,25515.885,24972.818,24661.023,24927.082,23769.32,26888.0
T000377,1983-01-31,26233.787,26867.361,24491.002,24920.94,22226.848,27467.0
T000377,1983-02-28,26722.92,28596.148,24580.46,25215.676,22678.984,27325.0
T000377,1983-03-31,26720.084,28048.547,25112.607,24942.049,23212.621,25150.0
T000377,1983-04-30,25344.855,23953.6,25301.76,25192.516,24119.834,26941.0
T000377,1983-05-31,27354.42,26251.867,25998.564,26469.602,26340.39,25690.0
T000377,1983-06-30,26024.41,25269.182,25997.355,26639.502,26746.783,27434.0
T000377,1983-07-31,27413.6,27724.879,26400.193,26668.88,24170.115,29299.0
T000377,1983-08-31,28780.73,28877.031,26501.049,26805.852,25487.842,28971.0
T000377,1983-09-30,28552.535,28009.953,26652.695,26875.553,25362.607,31253.0
T000377,1983-10-31,31030.766,30746.533,27346.549,27582.887,27221.717,26407.0
T000377,1983-11-30,26775.1,26038.207,27312.09,27431.713,28440.719,27186.0
T000378,1982-02-28,38864.555,35309.723,39424.59,41243.035,41870.484,33755.0
T000378,1982-03-31,34023.066,34421.773,39396.414,40907.777,39209.484,44439.0
T000378,1982-04-30,43108.09,43961.457,39154.953,40665.227,36020.887,43894.0
T000378,1982-05-31,42793.426,43378.523,39186.062,41295.01,38657.33,42890.0
T000378,1982-06-30,41360.41,45371.906,39470.39,42062.848,36568.64,36009.0
T000378,1982-07-31,35825.504,36552.637,39330.023,42137.418,33711.46,38665.0
T000378,1982-08-31,39544.46,37087.58,40480.56,41211.99,33204.203,41871.0
T000378,1982-09-30,42255.664,36756.543,40517.57,41968.906,34828.555,40239.0
T000378,1982-10-31,40583.707,37689.1,40541.195,41404.047,32956.39,42734.0
T000378,1982-11-30,43075.508,41546.58,40911.2,41218.055,32934.35,40133.0
T000378,1982-12-31,40801.812,37038.824,40672.02,41259.062,34327.22,30257.0
T000378,1983-01-31,31495.475,28901.5,40124.555,41469.996,39560.55,39899.0
T000378,1983-02-28,39870.9,40032.88,39705.742,41222.05,37958.45,40123.0
T000378,1983-03-31,39652.668,38474.055,40142.06,41657.27,37938.54,43484.0
T000379,1982-08-31,46634.234,47949.766,47595.996,48887.863,43740.746,57606.0
T000379,1982-09-30,55991.367,58898.156,49068.71,49160.535,46731.68,51392.0
T000379,1982-10-31,51050.63,49904.023,48853.63,49432.793,49339.65,34754.0
T000379,1982-11-30,36491.29,36670.77,49098.516,49665.05,51750.363,56288.0
T000379,1982-12-31,55281.58,58044.58,49633.934,49502.508,48162.793,56704.0
T000379,1983-01-31,55373.207,55208.84,49603.188,50230.246,47863.324,52897.0
T000379,1983-02-28,52484.03,55627.066,51117.848,49935.54,47849.36,39227.0
T000379,1983-03-31,39463.973,39320.7,49674.82,49907.258,50932.938,49399.0
T000379,1983-04-30,50232.11,45605.977,50743.508,50207.297,47298.12,49209.0
T000379,1983-05-31,49376.875,45912.684,49977.67,50589.395,56104.543,52333.0
T000379,1983-06-30,51988.02,55250.26,50738.895,51106.574,50211.6,55712.0
T000379,1983-07-31,53492.78,57413.723,50239.414,52073.203,44740.9,58107.0
T000379,1983-08-31,56193.625,58254.74,51326.03,53131.6,48533.477,57883.0
T000379,1983-09-30,56600.95,55552.047,51831.875,54140.246,51995.695,42177.0
T000380,1984-09-30,5.0177865,5.389568,4.8680096,5.0877576,4.8579187,5.09
T000380,1984-10-31,4.9549484,5.3032985,4.8802886,5.061898,4.909536,5.08
T000380,1984-11-30,5.0349007,5.1742373,4.919963,5.07587,4.9445252,5.37
T000380,1984-12-31,5.3619423,5.3469286,5.005373,5.145501,5.0594406,5.51
T000380,1985-01-31,5.472021,5.478812,5.061614,5.1622496,5.161927,5.55
T000380,1985-02-28,5.4780207,5.598039,5.1286545,5.1519184,4.9860883,5.57
T000380,1985-03-31,5.4971924,5.586565,5.1827283,5.1553154,4.942963,5.63
T000380,1985-04-30,5.5927887,5.519064,5.2422853,5.272025,5.0430837,5.6
T000380,1985-05-31,5.5836535,5.4500537,5.2873845,5.28485,5.2358274,5.22
T000380,1985-06-30,5.2715073,5.2302146,5.3208303,5.2630367,5.4096327,5.24
T000380,1985-07-31,5.29413,5.4010344,5.355899,5.238851,5.354503,5.36
T000380,1985-08-31,5.349778,5.406376,5.365332,5.3353405,5.21539,5.44
T000380,1985-09-30,5.3878603,5.379937,5.3955064,5.385035,5.1947083,5.51
T000380,1985-10-31,5.48605,5.3340983,5.4262023,5.396539,5.320299,5.41
T000381,1988-01-31,743.3569,751.3145,670.44806,644.3862,693.25934,674.31
T000381,1988-02-29,683.2876,684.4324,679.2899,659.6462,684.48615,744.36
T000381,1988-03-31,745.286,771.66614,699.11835,718.4343,704.4384,742.17
T000381,1988-04-30,741.49585,734.5731,700.31195,733.3047,708.63824,759.69
T000381,1988-05-31,754.17053,755.1984,720.07666,735.28125,700.7545,739.99
T000381,1988-06-30,737.2046,734.12726,723.6498,728.70483,752.5851,713.71
T000381,1988-07-31,718.05664,712.87305,730.175,744.8432,714.334,724.66
T000381,1988-08-31,718.1488,710.9596,729.0765,754.57324,719.7708,704.96
T000381,1988-09-30,709.6523,703.29675,730.9344,740.62115,720.35297,836.32
T000381,1988-10-31,818.5943,828.5621,741.0989,737.6542,668.15204,761.88
T000381,1988-11-30,754.4923,747.51263,734.4504,744.0742,674.4615,766.26
T000381,1988-12-31,762.93604,773.2276,750.81824,742.4294,675.9435,805.66
T000381,1989-01-31,798.94836,760.68164,750.7512,763.0537,632.525,694.01
T000381,1989-02-28,704.2975,664.0167,749.5008,759.7225,661.2185,838.51
T000382,1987-05-31,2170.1787,2360.6562,2001.0323,2073.8196,1972.1443,2469.32
T000382,1987-06-30,2408.3308,2597.801,2087.6846,2077.2844,2071.1035,2369.22
T000382,1987-07-31,2318.385,2383.7332,2106.6047,2098.457,2010.6782,2352.53
T000382,1987-08-31,2345.157,2365.791,2190.4563,2128.4421,2143.7803,2378.75
T000382,1987-09-30,2387.4502,2362.6838,2223.1907,2157.1768,2355.453,2145.17
T000382,1987-10-31,2184.0369,2168.777,2242.7158,2354.0784,2359.2637,2295.33
T000382,1987-11-30,2304.3442,2388.8813,2282.3733,2341.0208,2433.7305,2216.67
T000382,1987-12-31,2207.2778,2270.0916,2275.3628,2383.236,2423.5464,2328.7
T000382,1988-01-31,2275.2039,2410.6501,2305.9587,2369.374,2302.4602,2264.34
T000382,1988-02-29,2212.404,2282.624,2291.0166,2349.4731,2363.8264,2173.77
T000382,1988-03-31,2176.5337,2213.9355,2304.0845,2313.273,2320.0676,2283.41
T000382,1988-04-30,2260.85,2301.6057,2290.1013,2341.0566,2260.6782,2238.12
T000382,1988-05-31,2249.0837,2262.5479,2290.054,2316.3474,2181.987,2629.02
T000382,1988-06-30,2565.5732,2637.1484,2323.0293,2319.2866,2024.1018,2466.94
T000383,1963-11-30,268.29654,240.26158,249.1875,246.94086,224.40724,269.0
T000383,1963-12-31,270.8953,228.31342,253.91483,257.79614,243.81996,270.0
T000383,1964-01-31,273.31506,250.10452,256.3763,250.90445,270.59875,315.0
T000383,1964-02-29,305.64804,308.77573,260.70346,252.19913,261.27954,364.0
T000383,1964-03-31,343.4622,368.32596,264.36823,260.20728,247.15968,347.0
T000383,1964-04-30,325.531,356.90634,268.86542,275.71213,267.72083,312.0
T000383,1964-05-31,297.84576,327.9566,277.25247,281.82028,271.5688,274.0
T000383,1964-06-30,270.16022,282.59662,281.948,286.00314,277.73248,237.0
T000383,1964-07-31,245.40034,242.242,282.5829,284.3106,289.96075,278.0
T000383,1964-08-31,280.43027,283.75467,285.28116,288.90933,274.96002,284.0
T000383,1964-09-30,281.41693,278.88397,285.47873,289.81677,250.05426,277.0
T000383,1964-10-31,281.13446,263.7874,290.4319,290.30908,259.63223,317.0
T000383,1964-11-30,319.75687,280.80243,295.70483,294.8085,257.57492,313.0
T000383,1964-12-31,316.74637,262.17218,301.60568,304.76016,272.80847,318.0
T000384,1976-11-30,741.5844,745.8344,763.5043,777.2744,669.4,972.98
T000384,1976-12-31,942.8889,955.22473,796.61914,774.6,705.9394,657.62
T000384,1977-01-31,671.6415,577.38574,777.30835,777.0203,795.16,607.53
T000384,1977-02-28,664.9064,616.89276,800.30396,776.9194,792.0681,681.21
T000384,1977-03-31,703.3437,650.3699,782.2212,771.85175,890.50696,876.02
T000384,1977-04-30,849.6449,865.29144,785.8085,796.2389,696.07697,880.14
T000384,1977-05-31,849.3073,891.846,796.2625,795.98364,792.4204,841.87
T000384,1977-06-30,810.88605,868.18005,778.13495,808.26843,744.7519,815.3
T000384,1977-07-31,792.9951,775.5619,808.8058,850.5771,776.22186,718.84
T000384,1977-08-31,718.54376,703.4305,775.7859,842.19586,899.10095,733.36
T000384,1977-09-30,743.75183,765.09375,804.55255,836.5062,857.18317,955.55
T000384,1977-10-31,918.59143,1001.322,787.15173,841.6509,708.5059,757.54
T000384,1977-11-30,739.09515,792.25464,790.75806,820.60815,750.3886,912.49
T000384,1977-12-31,877.2943,943.04114,799.3397,809.19727,695.9023,619.14
T000385,1982-11-30,2337.7102,2578.2527,2921.874,3230.6956,3179.065,2252.0
T000385,1982-12-31,2252.27,2412.8604,2854.0037,3200.8977,3368.655,1990.0
T000385,1983-01-31,1969.3994,2133.7087,2783.4807,3141.0786,2780.077,2354.0
T000385,1983-02-28,2304.0425,2528.1018,2649.3628,3034.8704,3147.9326,2639.0
T000385,1983-03-31,2527.8535,2722.6821,2634.5073,2923.9048,2935.881,2915.0
T000385,1983-04-30,2746.397,3155.4885,2590.685,2874.8274,3017.6558,2977.0
T000385,1983-05-31,2822.4934,3455.759,2567.6274,2918.1235,3320.9502,3105.0
T000385,1983-06-30,2875.0889,3667.3545,2592.6326,3109.2952,3038.6125,2994.0
T000385,1983-07-31,2734.8323,3324.1545,2588.4631,3084.6821,2812.166,2454.0
T000385,1983-08-31,2275.9048,2797.76,2607.4377,2850.453,3082.163,2372.0
T000385,1983-09-30,2289.1523,2685.4727,2589.8071,2758.4995,2970.119,2709.0
T000385,1983-10-31,2607.2026,3125.7122,2593.577,2751.2222,2809.617,2833.0
T000385,1983-11-30,2746.6562,3131.8516,2644.8743,2720.639,2857.167,3173.0
T000385,1983-12-31,3086.3435,3412.8687,2716.614,2730.075,2749.737,2350.0
T000386,1985-11-30,129.90848,130.30249,120.36849,128.5196,107.240585,127.0
T000386,1985-12-31,124.63856,120.98398,120.81963,129.03201,111.360405,130.0
T000386,1986-01-31,129.2344,122.69958,122.008705,129.25223,115.01819,134.0
T000386,1986-02-28,131.10057,129.29636,122.43798,128.41354,137.6101,131.0
T000386,1986-03-31,127.02225,138.69186,122.81248,128.87778,116.1879,131.0
T000386,1986-04-30,125.48477,143.31592,123.31995,128.4022,106.72305,131.0
T000386,1986-05-31,126.66598,135.72234,123.69996,130.70009,107.91021,130.0
T000386,1986-06-30,127.12565,128.90959,124.39178,131.91716,111.982475,114.0
T000386,1986-07-31,114.54138,113.71911,124.5505,132.3705,116.25927,81.0
T000386,1986-08-31,91.35153,82.26343,124.82757,134.62682,125.449295,124.0
T000386,1986-09-30,126.59716,122.70789,124.62609,135.85835,108.649155,128.0
T000386,1986-10-31,124.83971,115.85107,124.863625,136.57796,109.04097,125.0
T000386,1986-11-30,123.62567,124.59819,124.27212,133.2499,109.48922,121.0
T000386,1986-12-31,120.35852,116.95349,123.33452,132.80875,115.6231,119.0
T000387,1984-11-30,516.91235,508.71854,517.3121,519.6904,496.26553,517.0
T000387,1984-12-31,517.2861,510.98303,517.2738,518.4763,494.89218,514.7
T000387,1985-01-31,514.7891,509.9465,516.6983,517.3373,493.2477,513.3
T000387,1985-02-28,513.6725,508.61832,516.6664,517.03955,492.94452,511.6
T000387,1985-03-31,512.41223,506.37885,515.99457,516.8778,496.45218,511.8
T000387,1985-04-30,512.47675,506.8336,515.922,516.7735,497.89853,507.3
T000387,1985-05-31,508.1116,503.5721,514.66766,517.52734,500.85626,507.3
T000387,1985-06-30,507.95264,505.75287,513.92413,518.3715,501.3085,506.5
T000387,1985-07-31,507.01752,504.7237,512.7148,517.938,502.0462,502.5
T000387,1985-08-31,503.95544,500.94092,511.59302,517.925,504.9886,498.3
T000387,1985-09-30,500.07578,497.27118,510.36633,517.5403,507.4347,497.9
T000387,1985-10-31,499.30508,497.77557,508.54596,516.6916,507.7758,496.1
T000387,1985-11-30,496.80557,498.1563,507.23526,516.021,508.0045,493.8
T000387,1985-12-31,494.1715,497.51617,505.00735,516.06793,507.27625,492.0
T000388,1984-11-30,4511.377,4246.7744,4049.3816,4055.5981,3861.9915,4558.0
T000388,1984-12-31,4534.5386,4220.3853,4107.2437,4130.0034,3987.2231,4955.0
T000388,1985-01-31,4863.5596,5061.856,4190.3335,4154.321,3893.3276,5071.0
T000388,1985-02-28,4983.618,4988.0713,4276.9116,4287.955,3858.0735,5311.0
T000388,1985-03-31,5257.586,5099.4126,4422.2383,4364.5254,3874.973,5494.0
T000388,1985-04-30,5456.321,5225.3438,4556.1924,4367.1265,4549.1274,5561.0
T000388,1985-05-31,5479.2363,5373.6494,4701.114,4467.5396,4392.706,5728.0
T000388,1985-06-30,5644.7534,5709.8647,4861.138,4506.9834,4566.7466,5865.0
T000388,1985-07-31,5805.6,5764.114,4996.546,4689.5503,4452.559,6042.0
T000388,1985-08-31,5975.245,5752.0625,5159.8955,4903.4175,4555.468,6420.0
T000388,1985-09-30,6340.5176,5984.348,5341.1914,4999.319,4796.248,6585.0
T000388,1985-10-31,6595.461,6137.161,5519.151,5499.6006,5078.399,6879.0
T000388,1985-11-30,6917.0034,6653.348,5736.6147,5620.6074,5277.048,6949.0
T000388,1985-12-31,6930.001,6673.663,5925.4805,5897.745,5158.257,7150.0
T000389,1984-11-30,5177.7075,4782.611,4568.97,4734.6514,4133.3423,5002.0
T000389,1984-12-31,5018.0503,4537.6406,4621.346,4781.0195,4271.3813,5244.0
T000389,1985-01-31,5214.884,5052.746,4724.6,4717.9785,4283.0825,5483.0
T000389,1985-02-28,5447.578,5241.25,4787.03,4727.5176,4148.0557,5414.0
T000389,1985-03-31,5411.2607,5129.0586,4869.581,4774.083,4295.07,5360.0
T000389,1985-04-30,5377.2866,5171.147,4969.0156,4797.94,4514.849,5703.0
T000389,1985-05-31,5647.624,5517.219,5054.1436,4834.38,4430.9707,5775.0
T000389,1985-06-30,5698.9907,5596.284,5160.9233,4968.7334,4508.9297,5829.0
T000389,1985-07-31,5799.747,5707.574,5271.653,4971.549,4686.613,6010.0
T000389,1985-08-31,5976.3345,5722.068,5375.8564,5333.1553,4698.966,5644.0
T000389,1985-09-30,5658.8564,5241.722,5457.0166,5501.1284,4954.982,5996.0
T000389,1985-10-31,6053.0566,5607.1406,5593.605,5621.9634,5228.5664,6684.0
T000389,1985-11-30,6687.7207,6351.9697,5687.6733,5729.7197,5199.531,6291.0
T000389,1985-12-31,6291.1333,6084.0894,5767.5586,5750.154,5124.481,6498.0
T000390,1984-11-30,1.9403727,1.9306298,1.9133521,1.9136307,1.9037668,1.93
T000390,1984-12-31,1.9314818,1.922059,1.9161842,1.9262245,1.9144726,1.92
T000390,1985-01-31,1.9216017,1.9122822,1.9197915,1.9257982,1.9143676,1.91
T000390,1985-02-28,1.9113123,1.9065036,1.9199082,1.9224335,1.92801,1.91
T000390,1985-03-31,1.9097896,1.9092892,1.9190671,1.921222,1.9243568,1.91
T000390,1985-04-30,1.9095848,1.9103017,1.919543,1.9198703,1.912321,1.93
T000390,1985-05-31,1.9278951,1.9305267,1.920345,1.9181033,1.9087181,1.93
T000390,1985-06-30,1.9298755,1.9217558,1.9231015,1.9176476,1.9028465,1.95
T000390,1985-07-31,1.9488293,1.9434869,1.9264932,1.9179289,1.9046242,1.95
T000390,1985-08-31,1.9481678,1.9358703,1.9287319,1.9277574,1.9017156,1.96
T000390,1985-09-30,1.9579641,1.9458472,1.9318029,1.927999,1.9010371,1.96
T000390,1985-10-31,1.9580425,1.9504387,1.9339485,1.9388305,1.9085007,1.95
T000390,1985-11-30,1.9478455,1.94255,1.935154,1.9382538,1.903921,1.96
T000390,1985-12-31,1.9574248,1.9536512,1.9386911,1.9387535,1.9163569,1.95
T000391,1978-09-30,124.804016,121.36319,122.22423,124.17387,118.802444,125.0
T000391,1978-10-31,125.274864,121.72131,122.873375,124.69042,119.04154,118.8
T000391,1978-11-30,119.5203,115.80753,122.79254,124.37626,120.02063,118.9
T000391,1978-12-31,119.52554,116.93665,122.74893,124.04284,118.98202,121.7
T000391,1979-01-31,121.86673,119.2259,122.66915,124.125496,117.817474,123.1
T000391,1979-02-28,123.074,121.107925,122.80488,123.52277,116.26365,122.0
T000391,1979-03-31,121.912346,120.41676,122.78081,123.19052,117.3163,123.2
T000391,1979-04-30,122.895226,121.368866,122.681435,122.87262,116.62115,127.9
T000391,1979-05-31,127.37247,124.76803,123.37016,123.86373,115.48998,121.8
T000391,1979-06-30,122.0437,119.26128,122.76572,123.82861,117.23859,125.7
T000391,1979-07-31,125.6799,124.923546,123.56705,123.94524,115.5385,129.8
T000391,1979-08-31,129.20251,127.71804,123.53479,124.111496,116.096176,127.4
T000391,1979-09-30,126.947014,126.346664,123.78597,124.68492,117.699936,121.4
T000391,1979-10-31,121.52258,121.89248,123.875206,124.92799,119.67578,114.1
T000392,1978-10-31,132.60535,130.05669,130.33595,130.58046,126.33683,132.9
T000392,1978-11-30,133.08675,130.02197,130.83823,132.71513,127.20352,133.2
T000392,1978-12-31,133.42564,130.405,131.35083,132.92747,127.387344,122.8
T000392,1979-01-31,123.87247,120.0917,130.99818,132.84348,129.99886,125.2
T000392,1979-02-28,126.03958,123.86787,130.60757,132.35262,127.59235,127.9
T000392,1979-03-31,128.04045,125.179245,130.4613,132.38257,127.934525,129.0
T000392,1979-04-30,129.01826,127.99446,130.1855,131.6218,127.32826,127.2
T000392,1979-05-31,127.03033,126.474815,129.97534,131.56195,126.635765,127.7
T000392,1979-06-30,127.38037,126.44727,129.28592,131.47365,124.75939,134.3
T000392,1979-07-31,133.72739,131.22215,130.11044,132.1496,125.9893,126.9
T000392,1979-08-31,127.08385,124.985886,129.07089,132.21529,128.33617,133.6
T000392,1979-09-30,133.11372,134.01108,129.99658,132.10313,125.25562,138.0
T000392,1979-10-31,136.79117,136.60358,129.84012,132.53348,125.7721,134.8
T000392,1979-11-30,133.88889,134.5693,130.09253,133.23476,126.05769,126.2
T000393,1978-09-30,138.7593,135.56192,137.46254,139.18336,130.51552,139.1
T000393,1978-10-31,139.4644,134.3357,138.09895,140.03,131.26468,140.3
T000393,1978-11-30,140.91534,135.94032,138.99316,140.71733,133.4549,134.6
T000393,1978-12-31,135.34117,129.73152,138.96791,140.34515,135.32135,128.2
T000393,1979-01-31,129.58476,124.38089,138.13351,139.59904,134.83871,126.4
T000393,1979-02-28,127.801476,122.50226,137.65524,139.05261,136.5287,128.5
T000393,1979-03-31,129.44632,125.88953,136.23984,138.45702,136.53792,130.8
T000393,1979-04-30,130.34311,129.94016,135.86365,138.28781,133.71527,132.8
T000393,1979-05-31,131.83253,132.7697,134.22891,138.98941,131.6719,133.5
T000393,1979-06-30,132.36665,132.2601,134.5373,139.0537,130.57199,131.6
T000393,1979-07-31,131.2532,130.70052,133.12701,137.738,131.04155,131.8
T000393,1979-08-31,132.17284,130.40347,133.26147,137.02472,131.82642,128.6
T000393,1979-09-30,129.05376,127.67171,132.0856,136.54796,131.32828,126.8
T000393,1979-10-31,127.40462,127.78985,131.18573,136.59929,130.91446,120.4
T000394,1978-09-30,130.16333,127.80649,127.50954,127.92755,124.47801,130.7
T000394,1978-10-31,130.7927,128.58337,128.12509,129.24973,125.15202,130.6
T000394,1978-11-30,130.61096,128.40842,128.44366,129.01895,124.874466,130.2
T000394,1978-12-31,130.3301,127.90807,128.92343,129.1666,124.118286,129.5
T000394,1979-01-31,129.60507,127.66599,129.09036,128.99922,124.72198,129.1
T000394,1979-02-28,129.15387,127.70604,129.17139,129.45865,124.80605,128.7
T000394,1979-03-31,128.81012,127.65841,129.32263,129.26743,124.187935,127.6
T000394,1979-04-30,127.916084,126.01213,129.28763,129.29187,123.952225,128.5
T000394,1979-05-31,128.63164,126.70406,129.38461,129.63217,124.05025,129.0
T000394,1979-06-30,129.15508,127.09649,129.37401,129.64949,125.101074,129.4
T000394,1979-07-31,129.5424,127.80374,129.50795,129.74883,124.82042,129.1
T000394,1979-08-31,129.20786,127.64365,129.37248,129.57628,125.351906,129.6
T000394,1979-09-30,129.62367,128.11403,129.36823,129.51668,125.049255,129.3
T000394,1979-10-31,129.28459,127.833206,129.20682,129.50803,126.00131,129.0
T000395,1978-11-30,139.50114,138.95296,128.09488,128.6725,120.024635,143.0
T000395,1978-12-31,141.02124,139.62283,128.7431,130.13258,119.6917,134.0
T000395,1979-01-31,133.89981,130.59315,130.51595,134.02052,133.67845,139.0
T000395,1979-02-28,137.99194,140.8889,131.85143,133.48355,133.16618,141.0
T000395,1979-03-31,138.39594,144.36261,132.47644,134.67809,127.679504,141.0
T000395,1979-04-30,138.28387,145.09987,133.31485,134.30632,123.94075,142.0
T000395,1979-05-31,140.01979,141.47243,134.71217,135.0968,128.35852,145.0
T000395,1979-06-30,143.79237,140.55173,135.91153,136.38542,127.04305,118.0
T000395,1979-07-31,122.446724,112.6865,137.07434,137.15308,143.20868,136.0
T000395,1979-08-31,139.66162,135.63199,138.29239,140.44592,133.25244,144.0
T000395,1979-09-30,143.18378,136.17235,139.11983,143.51308,130.48096,155.0
T000395,1979-10-31,152.9461,152.04204,140.35657,143.95308,127.568665,162.0
T000395,1979-11-30,158.31804,156.54779,141.88268,143.33232,135.08713,164.0
T000395,1979-12-31,161.21118,158.3038,143.55188,146.17177,129.60452,151.0
T000396,1978-09-30,143.10172,139.11421,137.20224,134.94934,129.16191,142.9
T000396,1978-10-31,143.15556,138.76509,138.34003,140.02997,129.28818,142.6
T000396,1978-11-30,143.31305,138.08406,139.65222,141.20775,130.50769,138.7
T000396,1978-12-31,139.66867,132.90775,140.29088,143.45773,132.88522,139.6
T000396,1979-01-31,140.30017,133.90048,140.62506,143.25148,134.39178,137.5
T000396,1979-02-28,138.20769,131.78181,140.84486,142.83472,136.63428,140.1
T000396,1979-03-31,140.74379,136.5756,140.79236,143.05273,134.6128,140.6
T000396,1979-04-30,140.58197,137.14032,141.06119,142.49287,131.26,142.4
T000396,1979-05-31,142.04027,139.5616,140.91176,141.58263,130.61897,142.7
T000396,1979-06-30,142.19511,138.96135,141.35567,141.7893,131.00491,141.8
T000396,1979-07-31,141.6394,139.31943,141.14276,141.79558,130.36061,141.2
T000396,1979-08-31,141.26518,138.818,141.2383,141.83586,130.85555,138.3
T000396,1979-09-30,138.63913,136.49951,140.69601,141.9992,131.48538,132.6
T000396,1979-10-31,133.34818,131.35037,140.06592,142.62338,132.316,128.0
T000397,1978-07-31,128.75359,124.50311,122.298355,122.63482,116.29379,127.7
T000397,1978-08-31,128.02965,122.72116,123.44625,126.78271,118.12022,127.8
T000397,1978-09-30,128.21085,122.75377,124.57915,126.91443,119.0333,129.2
T000397,1978-10-31,129.57811,124.80039,125.40611,126.617516,121.53919,128.5
T000397,1978-11-30,128.79921,124.76192,125.95683,126.45691,121.00563,128.2
T000397,1978-12-31,128.33357,125.54352,126.524925,127.333786,119.50799,128.7
T000397,1979-01-31,128.68309,125.76466,126.94671,128.50304,118.708244,128.2
T000397,1979-02-28,128.3237,124.23029,127.51784,128.66359,115.6633,130.9
T000397,1979-03-31,130.76797,127.090454,128.14859,129.3497,116.872856,131.5
T000397,1979-04-30,131.3461,127.70855,128.4717,129.7554,117.53267,132.5
T000397,1979-05-31,132.43394,129.13963,129.15039,129.37701,118.14043,127.6
T000397,1979-06-30,128.1072,124.168106,129.18912,129.07632,119.27435,132.7
T000397,1979-07-31,132.86414,129.16821,129.75456,129.69453,117.02707,133.9
T000397,1979-08-31,133.89696,129.8406,129.97527,129.53642,119.593796,133.0
T000398,1976-11-30,159.14502,158.29231,155.07869,157.86925,137.38042,160.0
T000398,1976-12-31,158.4404,155.09471,154.33917,158.62836,142.57535,161.0
T000398,1977-01-31,160.47354,154.66496,155.87881,159.31107,141.51834,164.0
T000398,1977-02-28,163.81432,158.11217,156.62357,159.36809,156.939,167.0
T000398,1977-03-31,165.18835,164.68858,158.08403,159.55746,145.91013,165.0
T000398,1977-04-30,162.2674,165.69963,157.95981,161.99905,142.22113,172.0
T000398,1977-05-31,168.98674,173.35114,159.44955,163.3276,146.26953,167.0
T000398,1977-06-30,165.10603,164.39566,159.35126,163.46126,146.42802,161.0
T000398,1977-07-31,160.68039,159.62614,160.518,163.77333,151.8784,135.0
T000398,1977-08-31,140.89085,135.80818,160.66548,163.9266,164.17545,166.0
T000398,1977-09-30,167.32814,165.90877,161.38492,166.83456,148.44852,178.0
T000398,1977-10-31,175.2045,169.67476,163.74258,166.88202,151.43835,180.0
T000398,1977-11-30,177.93257,178.12308,164.41823,165.50563,149.49408,188.0
T000398,1977-12-31,184.98773,181.21446,167.84637,166.66081,151.97533,185.0
T000399,1978-04-30,107.579185,111.83626,106.023155,107.26851,105.44282,103.0
T000399,1978-05-31,102.61212,102.28607,105.99888,106.31445,108.42101,102.0
T000399,1978-06-30,102.934,101.0278,105.988945,106.5024,108.52416,104.0
T000399,1978-07-31,103.79971,102.74235,105.84202,106.249825,111.91539,111.0
T000399,1978-08-31,110.21074,112.27729,106.04343,106.4742,107.795494,114.0
T000399,1978-09-30,112.07968,116.443115,106.43473,106.71391,105.392746,118.0
T000399,1978-10-31,115.502174,120.21498,106.66533,107.837845,103.509735,117.0
T000399,1978-11-30,114.71261,116.46827,107.8098,108.311455,106.46678,112.0
T000399,1978-12-31,111.001785,112.07865,108.502625,109.290245,109.14294,105.0
T000399,1979-01-31,106.15465,106.21605,109.46905,109.20336,112.08911,117.0
T000399,1979-02-28,116.38005,118.64788,110.097404,110.43562,106.98576,115.0
T000399,1979-03-31,113.808014,113.7074,110.53845,110.60227,108.18315,117.0
T000399,1979-04-30,115.88039,118.71847,111.4674,110.346886,107.37361,116.0
T000399,1979-05-31,116.013374,113.772484,112.461876,112.661766,110.5424,121.0
T000400,1978-11-30,130.28693,128.97986,124.26546,131.2919,115.70807,129.0
T000400,1978-12-31,129.02176,121.910675,124.95488,133.72006,116.88165,132.0
T000400,1979-01-31,130.71973,126.178,125.43064,133.38165,134.10756,133.0
T000400,1979-02-28,129.83813,136.86697,125.53557,132.59822,124.275475,134.0
T000400,1979-03-31,129.11668,144.99142,125.53732,132.72942,112.90291,142.0
T000400,1979-04-30,136.29877,149.19792,126.57038,134.05225,111.56246,138.0
T000400,1979-05-31,134.0177,138.53398,126.80314,133.45796,115.505394,125.0
T000400,1979-06-30,123.59023,124.50496,128.41148,134.31926,121.60372,90.0
T000400,1979-07-31,98.64084,90.77686,128.45564,135.61942,134.355,122.0
T000400,1979-08-31,126.19094,123.86116,128.27087,136.21262,119.51866,134.0
T000400,1979-09-30,131.49272,126.12373,129.28218,136.9303,115.26515,138.0
T000400,1979-10-31,135.94525,136.95927,129.1459,134.9847,112.80289,143.0
T000400,1979-11-30,139.99767,137.91069,130.47633,138.44577,117.98498,143.0
T000400,1979-12-31,142.35532,135.2057,131.83202,138.27562,121.451675,146.0
T000401,1978-11-30,123.25252,130.26505,113.014824,117.3465,107.55033,127.0
T000401,1978-12-31,124.19107,125.93376,113.86724,117.62718,111.519394,110.0
T000401,1979-01-31,111.4396,109.712746,114.93949,117.601234,118.934364,116.0
T000401,1979-02-28,116.69821,117.56371,116.02832,116.809326,121.96561,122.0
T000401,1979-03-31,120.30373,124.27996,115.93911,117.137665,115.7831,127.0
T000401,1979-04-30,123.76623,132.17783,117.29774,117.19774,110.191025,128.0
T000401,1979-05-31,125.370895,129.53911,118.05307,117.36492,112.8182,137.0
T000401,1979-06-30,135.206,134.64127,120.32771,120.0416,114.8911,116.0
T000401,1979-07-31,117.41049,111.26554,120.98798,120.98736,126.44321,119.0
T000401,1979-08-31,122.56463,120.3938,123.797585,120.20334,128.46951,134.0
T000401,1979-09-30,133.17857,132.84567,124.160934,123.15272,118.836075,136.0
T000401,1979-10-31,133.60791,134.05194,124.86191,124.363655,115.80138,150.0
T000401,1979-11-30,145.88618,149.93991,127.7264,125.14732,120.62209,141.0
T000401,1979-12-31,138.36443,137.53197,127.29414,127.50109,120.93327,129.0
T000402,1978-05-31,97.88466,90.625854,125.73383,128.45192,127.474625,130.0
T000402,1978-06-30,131.30292,131.35532,125.89589,130.83778,109.85951,133.0
T000402,1978-07-31,130.60976,123.81331,126.55857,131.31377,113.51779,137.0
T000402,1978-08-31,135.05145,137.60649,127.608635,131.73607,110.21825,131.0
T000402,1978-09-30,129.9112,124.84655,127.84211,132.5678,117.09983,128.0
T000402,1978-10-31,129.39062,120.30584,129.10919,133.16135,113.559555,134.0
T000402,1978-11-30,133.68713,124.920204,129.59224,132.30504,135.24554,138.0
T000402,1978-12-31,136.11842,137.7105,130.0938,133.68875,123.31742,141.0
T000402,1979-01-31,137.02806,146.6153,130.65097,133.48361,117.35761,143.0
T000402,1979-02-28,139.19972,145.66132,131.12729,135.53992,116.48437,143.0
T000402,1979-03-31,140.11385,141.69386,132.18001,137.03883,122.3363,136.0
T000402,1979-04-30,134.08362,133.83519,132.84616,136.97458,125.067,97.0
T000402,1979-05-31,104.42558,98.3819,133.41202,137.46059,138.84065,143.0
T000402,1979-06-30,144.14316,145.15846,134.2114,140.08589,120.84122,144.0
T000403,1978-05-31,121.34088,118.04614,118.42717,118.01236,113.58119,123.0
T000403,1978-06-30,122.80435,120.89918,119.07795,118.97284,113.69347,126.0
T000403,1978-07-31,125.74365,123.41118,120.160515,120.879074,115.4872,126.0
T000403,1978-08-31,125.887054,122.82249,121.12534,121.44792,114.01875,123.0
T000403,1978-09-30,123.144806,119.78435,121.7936,122.36952,116.458565,125.0
T000403,1978-10-31,125.06085,121.5381,122.761215,122.968475,116.50679,127.0
T000403,1978-11-30,127.236946,123.09802,123.25221,124.15707,117.062874,129.0
T000403,1978-12-31,129.13814,125.60797,124.16374,125.07481,116.08495,128.0
T000403,1979-01-31,128.09222,124.5624,124.607086,124.48948,115.81007,129.0
T000403,1979-02-28,128.67494,125.548836,125.43628,125.299934,115.15827,131.0
T000403,1979-03-31,130.62808,127.22943,126.01217,125.31451,116.508995,130.0
T000403,1979-04-30,130.12819,126.8814,126.60266,126.417465,117.46946,128.0
T000403,1979-05-31,128.41714,125.41598,127.30024,127.13923,117.794495,135.0
T000403,1979-06-30,134.57507,131.15779,128.24779,128.25475,117.6324,137.0
T000404,1978-11-30,132.312,136.58723,123.30887,124.74092,116.91787,144.0
T000404,1978-12-31,138.28561,141.79639,123.61687,124.77424,117.02283,126.0
T000404,1979-01-31,124.19023,125.17145,123.58158,125.39561,118.670456,116.0
T000404,1979-02-28,119.03652,119.17224,126.39328,125.254684,132.9707,127.0
T000404,1979-03-31,127.53948,128.06686,125.332146,126.18773,122.343025,126.0
T000404,1979-04-30,125.02545,124.72449,126.2609,126.2589,119.80426,133.0
T000404,1979-05-31,131.54164,135.86627,126.92658,125.97695,120.39,125.0
T000404,1979-06-30,124.34555,122.5833,125.965324,125.98239,115.066444,136.0
T000404,1979-07-31,135.61641,131.69737,128.89142,128.48715,117.82278,126.0
T000404,1979-08-31,127.84885,116.61063,128.32782,128.32874,134.81631,124.0
T000404,1979-09-30,125.86364,123.25175,129.64131,127.96302,127.61346,134.0
T000404,1979-10-31,133.24068,135.09215,129.1375,127.74665,126.11689,144.0
T000404,1979-11-30,141.27893,143.02766,130.12042,128.82365,120.49673,154.0
T000404,1979-12-31,148.85277,151.98267,131.50116,129.70827,123.29018,127.0
T000405,1978-11-30,139.97345,143.50375,128.40605,139.43045,117.637566,126.0
T000405,1978-12-31,125.71652,125.68713,125.68768,135.61504,114.92997,130.0
T000405,1979-01-31,128.86586,130.04074,129.481,135.42558,139.5534,139.0
T000405,1979-02-28,134.07921,143.10008,127.02639,140.06824,124.748985,142.0
T000405,1979-03-31,135.44032,152.13835,130.28194,139.13928,113.44132,122.0
T000405,1979-04-30,120.33019,128.8445,128.1743,136.58185,117.988846,131.0
T000405,1979-05-31,130.88759,133.60522,129.77605,135.50839,120.33989,136.0
T000405,1979-06-30,132.70828,132.11281,130.43202,138.17284,113.94591,86.0
T000405,1979-07-31,95.1626,80.27573,130.4612,138.30826,138.54765,133.0
T000405,1979-08-31,136.7559,139.25626,131.73349,138.76129,118.04676,141.0
T000405,1979-09-30,136.24628,128.54935,130.41785,142.82828,113.16263,148.0
T000405,1979-10-31,144.44019,147.52661,133.00748,140.13866,114.58441,148.0
T000405,1979-11-30,143.1438,145.68353,132.43826,143.23283,130.47525,129.0
T000405,1979-12-31,128.21188,126.96424,132.89542,140.58167,114.72586,136.0
T000406,1978-11-30,161.92989,160.40866,149.79938,155.29425,141.08914,143.0
T000406,1978-12-31,144.86118,140.4775,147.0528,150.09618,136.52222,147.0
T000406,1979-01-31,149.03291,144.46645,151.34845,151.65941,152.36304,156.0
T000406,1979-02-28,152.29184,154.23364,148.27,152.01193,142.73093,165.0
T000406,1979-03-31,160.01175,167.16121,151.76683,154.12686,132.73114,150.0
T000406,1979-04-30,149.04866,150.3599,150.32819,154.85883,140.71361,163.0
T000406,1979-05-31,162.67578,163.45946,152.68509,156.86174,141.0694,171.0
T000406,1979-06-30,167.50984,165.67891,154.18712,158.70667,137.15846,126.0
T000406,1979-07-31,131.86377,120.882034,154.10301,158.13187,158.97456,161.0
T000406,1979-08-31,163.26268,165.95113,156.89214,158.31963,142.34279,166.0
T000406,1979-09-30,163.18268,155.04097,155.11696,164.30212,138.76372,179.0
T000406,1979-10-31,175.35687,176.0942,159.18999,162.04259,140.84947,176.0
T000406,1979-11-30,172.69257,172.46877,158.63701,162.50081,157.17307,156.0
T000406,1979-12-31,156.92532,155.3812,160.22647,163.37369,142.20053,162.0
T000407,1978-11-30,130.31067,137.45436,122.755035,140.90839,112.08886,117.0
T000407,1978-12-31,116.00643,120.811516,117.9401,140.43076,106.60169,126.0
T000407,1979-01-31,122.29315,129.43857,122.456795,137.3168,136.18639,135.0
T000407,1979-02-28,127.43096,143.38316,118.49514,137.3681,116.99224,133.0
T000407,1979-03-31,123.265976,149.74783,122.476364,136.23642,101.019516,105.0
T000407,1979-04-30,102.75855,117.72588,118.915924,138.64084,105.8577,117.0
T000407,1979-05-31,117.292915,122.89807,120.64364,133.14127,112.716965,128.0
T000407,1979-06-30,122.828285,126.374374,121.02759,139.31387,103.90994,57.0
T000407,1979-07-31,69.40294,52.67067,120.4127,136.57848,134.82661,119.0
T000407,1979-08-31,123.89036,131.38948,121.252556,133.49994,110.2604,132.0
T000407,1979-09-30,124.88876,117.13548,119.5218,139.32996,104.85056,136.0
T000407,1979-10-31,132.0712,138.65744,121.83031,135.32309,105.12341,137.0
T000407,1979-11-30,130.34888,137.23558,121.3886,137.436,125.25742,111.0
T000407,1979-12-31,109.194984,111.18702,120.20616,135.90073,104.81046,128.0
T000408,1976-11-30,135.09854,130.38406,122.6024,120.43845,119.4051,124.0
T000408,1976-12-31,124.2111,118.457054,123.43801,121.813965,123.3251,146.0
T000408,1977-01-31,143.22852,143.37714,125.81457,124.43841,117.99698,134.0
T000408,1977-02-28,133.24084,130.5404,125.67105,126.78432,130.49863,138.0
T000408,1977-03-31,136.31458,136.88383,128.73611,127.49674,121.84603,133.0
T000408,1977-04-30,131.82713,128.5062,128.55772,129.08441,133.95111,148.0
T000408,1977-05-31,145.45142,151.87894,130.29321,130.53374,126.17565,121.0
T000408,1977-06-30,120.177444,123.734184,129.49298,130.10028,128.22552,144.0
T000408,1977-07-31,142.84253,150.13068,132.09196,130.47897,121.05984,133.0
T000408,1977-08-31,132.7299,124.68051,133.46681,132.139,128.9166,123.0
T000408,1977-09-30,124.973045,118.26805,133.32072,131.33315,128.8612,145.0
T000408,1977-10-31,145.01328,141.62244,137.01219,132.99077,134.2635,139.0
T000408,1977-11-30,139.28632,131.64134,134.11678,140.49515,124.95345,127.0
T000408,1977-12-31,129.53723,124.63493,137.79771,139.0548,134.27779,148.0
T000409,1976-11-30,95.982506,96.37965,109.32742,117.22664,105.83098,116.0
T000409,1976-12-31,113.7155,116.71925,110.716064,119.045105,114.781334,121.0
T000409,1977-01-31,118.969894,122.55625,109.9184,119.92241,109.28422,126.0
T000409,1977-02-28,122.78787,129.25073,111.9442,120.57368,110.94424,126.0
T000409,1977-03-31,121.6145,127.3443,111.9622,119.97189,107.02581,121.0
T000409,1977-04-30,116.966194,117.67807,112.72611,120.2477,108.26783,125.0
T000409,1977-05-31,121.6016,128.18463,113.27036,119.4306,107.5892,123.0
T000409,1977-06-30,119.96539,129.16066,113.047775,120.04875,105.94128,128.0
T000409,1977-07-31,124.60955,134.45349,114.865326,120.36018,103.74276,119.0
T000409,1977-08-31,117.60061,125.69804,115.668884,122.32017,110.53487,119.0
T000409,1977-09-30,120.527374,120.21688,118.12646,126.33384,104.70281,124.0
T000409,1977-10-31,125.71415,118.13662,120.86734,127.2513,113.60832,145.0
T000409,1977-11-30,145.15189,135.3272,124.83352,127.986465,111.393845,125.0
T000409,1977-12-31,125.80995,113.41043,124.51236,129.92552,121.793755,128.0
T000410,1974-11-30,287.87152,272.81302,275.28226,276.7869,239.87138,305.0
T000410,1974-12-31,300.3093,295.824,278.5579,274.97302,234.5208,275.0
T000410,1975-01-31,276.67535,263.53006,278.14435,279.18207,240.7881,289.0
T000410,1975-02-28,290.3435,283.47443,283.1046,278.26013,242.3957,286.0
T000410,1975-03-31,286.55646,269.50427,282.1722,278.71893,252.08383,292.0
T000410,1975-04-30,291.28128,286.0294,284.85538,283.1117,247.5486,294.0
T000410,1975-05-31,294.40607,285.24252,287.24884,286.80936,255.30148,292.0
T000410,1975-06-30,293.4606,279.7187,286.953,286.90247,252.47385,319.0
T000410,1975-07-31,316.7233,303.64252,292.77527,294.5235,265.35852,305.0
T000410,1975-08-31,304.53583,287.79025,291.437,296.3895,274.01816,297.0
T000410,1975-09-30,299.84937,292.9676,297.00653,295.66843,283.31943,328.0
T000410,1975-10-31,325.80502,321.13428,298.357,295.96655,276.58777,325.0
T000410,1975-11-30,321.34317,312.86322,300.0139,299.58704,278.59592,342.0
T000410,1975-12-31,336.0407,338.92502,305.57535,298.39307,279.31055,315.0
T000411,1978-11-30,1.4895179,1.8741322,1.7136371,2.0130124,1.9773556,3.12
T000411,1978-12-31,2.7147813,3.205534,1.6557946,1.8508644,0.9405468,1.03
T000411,1979-01-31,1.0151641,0.9939392,1.6492537,1.9244341,2.1707919,1.11
T000411,1979-02-28,1.3193147,1.6555245,1.7570518,1.8602846,2.02813,1.51
T000411,1979-03-31,1.4811697,1.3998778,1.7167965,1.822785,1.6953695,1.89
T000411,1979-04-30,1.8372606,1.8928887,1.7028813,1.8571858,1.5429242,2.38
T000411,1979-05-31,2.248401,2.512171,1.8274192,1.8691628,2.0562813,2.44
T000411,1979-06-30,2.2630265,2.562586,1.6796802,1.8018206,0.8400951,2.04
T000411,1979-07-31,2.020361,1.8056396,1.9493543,1.8801862,2.0027096,2.09
T000411,1979-08-31,2.1197183,1.8394877,1.8861535,1.8543979,2.4040482,2.14
T000411,1979-09-30,2.0645604,2.1870127,2.0049727,2.0001879,2.2122486,2.41
T000411,1979-10-31,2.3127956,2.7434268,1.9665427,1.9660304,1.9210466,2.14
T000411,1979-11-30,2.0168056,2.36561,2.0332239,2.0854619,2.2335985,3.97
T000411,1979-12-31,3.5796704,4.058412,2.1413555,2.135338,1.3688343,1.28
T000412,1984-11-30,1009.03253,988.1429,994.5209,1002.4112,965.0171,1005.1
T000412,1984-12-31,1006.44556,988.43884,996.89856,1004.6921,973.48254,996.2
T000412,1985-01-31,997.7771,980.1416,998.23553,1003.4096,959.6335,989.6
T000412,1985-02-28,991.1121,976.5532,998.57886,1001.4171,957.29803,984.9
T000412,1985-03-31,986.7032,973.4899,997.44086,1000.11304,959.5559,985.4
T000412,1985-04-30,986.3546,975.38727,997.1384,999.0997,954.4844,984.7
T000412,1985-05-31,985.4493,975.4099,996.03375,996.92145,954.90247,984.5
T000412,1985-06-30,985.9896,974.4806,995.4148,995.6811,958.3111,991.5
T000412,1985-07-31,992.08295,980.9555,994.89,995.2009,960.6823,987.5
T000412,1985-08-31,988.35455,975.4328,994.0698,995.4263,963.10645,985.4
T000412,1985-09-30,987.0441,974.8874,992.6649,995.7519,966.6972,984.9
T000412,1985-10-31,985.83405,978.26825,990.4506,996.28064,969.40424,976.8
T000412,1985-11-30,977.4705,973.2499,988.00885,996.4102,970.0052,977.1
T000412,1985-12-31,977.6101,976.6054,985.94855,995.88416,975.5539,972.0
T000413,1985-11-30,92.9858,96.3112,89.97567,96.48336,82.69826,87.0
T000413,1985-12-31,86.49677,84.75103,89.17815,95.67484,87.72878,91.0
T000413,1986-01-31,90.537506,89.27956,89.741165,95.581,93.23081,96.0
T000413,1986-02-28,93.03758,97.92999,89.23004,95.55862,98.58978,89.0
T000413,1986-03-31,85.749084,98.89009,88.73372,94.71826,88.61757,97.0
T000413,1986-04-30,92.52763,107.19398,89.310036,94.39141,82.191536,98.0
T000413,1986-05-31,93.5855,100.54818,88.9513,95.24361,83.25814,93.0
T000413,1986-06-30,90.037964,94.73141,89.82413,95.62057,86.96973,74.0
T000413,1986-07-31,75.72922,78.37172,89.47658,94.83232,93.867874,72.0
T000413,1986-08-31,77.21028,77.780075,89.54984,96.07454,88.841995,90.0
T000413,1986-09-30,90.08186,88.43031,89.88104,96.060196,82.48154,91.0
T000413,1986-10-31,89.170204,87.318214,89.444016,95.45831,84.577545,90.0
T000413,1986-11-30,88.53055,91.30514,89.350586,93.58596,83.569016,85.0
T000413,1986-12-31,85.29119,84.24644,88.442276,93.45738,85.997215,89.0
T000414,1985-11-30,130.91571,131.86447,122.03994,129.82645,107.8099,127.0
T000414,1985-12-31,124.75972,121.48932,122.470146,130.30124,111.36791,132.0
T000414,1986-01-31,131.48431,124.52007,123.84732,131.57852,114.01137,135.0
T000414,1986-02-28,132.51663,128.8634,124.35517,129.70944,140.85832,133.0
T000414,1986-03-31,129.12462,140.10545,124.82806,129.24025,117.96033,134.0
T000414,1986-04-30,128.36902,145.65991,125.321365,130.79108,108.25647,134.0
T000414,1986-05-31,129.57564,138.26022,125.73734,132.9534,109.76159,134.0
T000414,1986-06-30,130.81828,132.7997,126.477,135.76015,114.22083,118.0
T000414,1986-07-31,118.00674,118.1194,126.49532,135.96416,118.17655,80.0
T000414,1986-08-31,90.86455,81.5687,127.01009,137.69792,129.05936,128.0
T000414,1986-09-30,130.4312,127.50899,126.734116,139.36948,109.60721,130.0
T000414,1986-10-31,126.42831,117.63611,126.974304,139.9013,111.624504,126.0
T000414,1986-11-30,124.58899,126.63863,126.3517,136.63145,111.035774,122.0
T000414,1986-12-31,121.58234,117.55245,125.46959,134.06099,118.48618,118.0
T000415,1985-11-30,116.69459,118.58126,108.24932,117.29195,92.78013,112.0
T000415,1985-12-31,110.669876,105.924515,108.18079,116.34308,98.695984,122.0
T000415,1986-01-31,121.3656,114.13538,110.5791,117.51573,100.17023,125.0
T000415,1986-02-28,121.43897,118.34166,110.41074,117.13909,124.3035,123.0
T000415,1986-03-31,118.57939,131.63635,111.581406,118.53755,105.85588,121.0
T000415,1986-04-30,114.75086,133.54303,111.75305,118.9883,96.97203,126.0
T000415,1986-05-31,120.54519,130.85065,112.7802,120.100334,96.4941,119.0
T000415,1986-06-30,115.52842,118.36577,113.2066,119.75696,105.477646,102.0
T000415,1986-07-31,102.708885,104.82004,113.63519,119.74189,108.32051,67.0
T000415,1986-08-31,77.53659,70.71717,114.0531,122.87453,116.45447,120.0
T000415,1986-09-30,121.69182,118.44083,114.34022,125.99556,96.13289,120.0
T000415,1986-10-31,116.44587,106.05215,115.43982,126.65293,100.33551,119.0
T000415,1986-11-30,117.45056,118.85912,114.85072,127.17935,97.200455,108.0
T000415,1986-12-31,107.97148,101.10688,114.68792,126.21211,105.375465,107.0
T000416,1985-11-30,113.84084,115.14578,105.639114,113.75646,91.27646,110.0
T000416,1985-12-31,108.75775,104.41518,105.522484,113.846405,96.16408,120.0
T000416,1986-01-31,119.24503,112.8177,108.02886,114.03673,98.99014,124.0
T000416,1986-02-28,120.45245,118.430885,108.03548,114.728516,120.43876,121.0
T000416,1986-03-31,116.59139,129.61006,109.2685,114.18557,102.66645,119.0
T000416,1986-04-30,113.04008,130.443,109.74531,115.84217,94.73398,126.0
T000416,1986-05-31,120.7318,129.65326,111.05216,116.59237,96.57987,116.0
T000416,1986-06-30,112.874626,114.88451,111.24067,116.67784,103.41845,99.0
T000416,1986-07-31,100.24467,102.44716,112.0335,116.452675,107.049805,71.0
T000416,1986-08-31,80.63328,74.54957,112.28638,119.302765,112.89179,119.0
T000416,1986-09-30,120.17589,116.2534,112.92435,121.63498,95.15781,120.0
T000416,1986-10-31,116.653244,106.96643,114.193405,124.11704,99.74176,120.0
T000416,1986-11-30,118.36992,118.923325,113.82999,123.62064,98.24742,108.0
T000416,1986-12-31,108.05488,100.49707,114.04019,122.7023,105.60484,106.0
T000417,1985-11-30,149.21367,152.0362,132.98557,138.03061,117.09774,155.0
T000417,1985-12-31,147.95358,147.93666,133.19682,140.52177,111.52958,141.0
T000417,1986-01-31,140.84627,130.3143,135.35207,144.19481,124.81343,142.0
T000417,1986-02-28,141.08018,137.84111,136.96591,144.36209,158.53943,144.0
T000417,1986-03-31,139.65053,150.77017,136.77563,145.74841,129.15536,144.0
T000417,1986-04-30,138.10599,158.72339,137.23328,146.75218,118.91337,144.0
T000417,1986-05-31,138.6823,150.84149,137.69917,148.92325,123.1936,151.0
T000417,1986-06-30,145.19727,149.886,137.25447,149.43915,117.75449,120.0
T000417,1986-07-31,120.74742,119.28669,137.9781,150.09438,133.93184,75.0
T000417,1986-08-31,90.5795,74.45642,138.81541,152.58347,149.39713,136.0
T000417,1986-09-30,138.83594,132.39224,137.98918,155.32619,121.134705,150.0
T000417,1986-10-31,144.19148,135.93318,138.3897,157.58139,118.57782,148.0
T000417,1986-11-30,144.22551,149.97386,138.32123,152.69028,116.92768,153.0
T000417,1986-12-31,147.89828,149.68295,137.64993,152.67761,117.144905,134.0
T000418,1978-09-30,162.33482,145.6928,165.58183,165.2223,134.20943,169.5
T000418,1978-10-31,172.44945,150.0348,170.81381,169.90134,155.92664,196.1
T000418,1978-11-30,194.47469,180.62743,169.82745,169.49236,149.36176,164.8
T000418,1978-12-31,166.17395,151.779,172.11873,169.80588,160.59637,176.1
T000418,1979-01-31,174.81158,169.51553,170.84111,168.70273,165.622,180.7
T000418,1979-02-28,175.46478,172.03339,171.07701,172.33058,173.69711,192.1
T000418,1979-03-31,185.06764,198.83339,170.20695,176.39253,164.2198,161.0
T000418,1979-04-30,157.82242,172.67296,170.2313,179.20422,183.31299,164.7
T000418,1979-05-31,160.1374,180.22533,167.34615,173.22514,157.26912,140.1
T000418,1979-06-30,139.84134,143.6129,167.97568,173.61996,171.30806,126.6
T000418,1979-07-31,132.71388,133.86937,165.47649,173.74876,174.63123,133.6
T000418,1979-08-31,137.60219,130.44832,165.92078,169.73099,166.57446,135.1
T000418,1979-09-30,137.1862,131.43341,158.2194,170.4056,157.55621,134.6
T000418,1979-10-31,137.0813,132.57906,161.19234,171.72607,169.31445,162.1
T000419,1978-11-30,-68.83081,683.4574,1531.3198,2008.3169,2201.6472,796.0
T000419,1978-12-31,481.0675,833.62415,1084.6989,1810.8495,1812.7532,622.0
T000419,1979-01-31,490.86047,923.031,1294.8707,1850.3059,3032.3677,2643.0
T000419,1979-02-28,2394.9534,3445.3696,1207.2744,1724.8789,2173.9336,532.0
T000419,1979-03-31,358.9264,998.13934,1162.125,1787.0992,2387.139,2404.0
T000419,1979-04-30,2116.454,3602.19,1285.4042,1752.4143,1739.8479,1322.0
T000419,1979-05-31,1027.2906,1088.997,1200.3845,1657.4656,1946.878,135.0
T000419,1979-06-30,32.172363,644.17926,1113.49,1424.0057,1277.8835,1781.0
T000419,1979-07-31,1542.2792,2113.8967,1198.9578,1615.0627,2219.0068,209.0
T000419,1979-08-31,169.10376,797.4287,861.095,1397.4158,1452.7328,2388.0
T000419,1979-09-30,2152.1885,3336.001,1369.2073,1374.0505,1469.9987,1420.0
T000419,1979-10-31,1233.3333,1799.9081,1037.6545,1324.1321,1883.3002,945.0
T000419,1979-11-30,922.428,1123.0591,1475.0569,1302.0919,1286.8695,1877.0
T000419,1979-12-31,1757.6687,1540.4939,1299.4749,1245.8962,1774.2448,577.0
T000420,1984-11-30,153060.98,146712.4,143824.16,146011.2,134796.3,152974.0
T000420,1984-12-31,153098.5,146848.17,145351.16,147291.97,137248.12,156452.0
T000420,1985-01-31,156201.08,150615.22,147068.45,146748.38,136771.75,158635.0
T000420,1985-02-28,158144.23,152614.34,148507.72,148562.69,137180.66,162069.0
T000420,1985-03-31,161463.77,156609.33,150324.97,148567.06,137579.94,163759.0
T000420,1985-04-30,163206.25,158314.56,152077.48,151198.72,138104.84,165672.0
T000420,1985-05-31,165013.17,160264.38,153998.89,151178.05,137746.61,167073.0
T000420,1985-06-30,166603.45,161243.7,156065.8,151642.67,139467.86,170788.0
T000420,1985-07-31,170344.02,165111.47,158085.25,154936.3,142236.11,173241.0
T000420,1985-08-31,172803.72,166838.11,160274.19,159441.38,144047.98,172605.0
T000420,1985-09-30,172629.73,165925.6,162436.42,159153.52,148047.39,173026.0
T000420,1985-10-31,173232.06,165620.27,164584.73,163532.23,149814.92,170950.0
T000420,1985-11-30,171388.36,163655.44,165950.28,165784.69,153832.23,166865.0
T000420,1985-12-31,167985.55,160499.5,167163.06,169258.55,158398.78,166596.0
T000421,1978-11-30,61.787964,877.2246,1048.4365,1568.3779,1608.6644,222.0
T000421,1978-12-31,-32.06787,406.88586,717.2663,1473.7429,1405.898,422.0
T000421,1979-01-31,319.4375,503.6106,807.3254,1319.6548,1841.6653,1633.0
T000421,1979-02-28,1520.9437,2135.6687,817.26624,1166.1803,1687.6636,232.0
T000421,1979-03-31,144.66931,638.945,739.9595,1072.5425,1634.4834,1404.0
T000421,1979-04-30,1154.542,2253.9688,812.37146,1058.6659,1200.79,1322.0
T000421,1979-05-31,948.09155,1348.7063,769.3696,1032.5487,1343.9606,135.0
T000421,1979-06-30,-8.055664,505.89178,710.26904,968.58496,926.3756,581.0
T000421,1979-07-31,495.0954,1093.8514,726.05176,935.1104,1709.9833,209.0
T000421,1979-08-31,105.01404,736.6045,555.33435,861.6292,1170.6141,1168.0
T000421,1979-09-30,979.3446,1764.6372,789.02795,850.989,1179.2524,314.0
T000421,1979-10-31,188.40009,909.07544,565.2183,885.26733,1422.1202,529.0
T000421,1979-11-30,425.27448,990.23975,755.0254,719.099,759.65076,557.0
T000421,1979-12-31,444.3842,311.46112,633.30914,709.64014,1266.0583,127.0
T000422,1978-09-30,122.742065,119.9559,119.429504,120.27225,115.58062,122.8
T000422,1978-10-31,123.021835,119.66142,120.087296,122.03448,116.72626,123.1
T000422,1978-11-30,123.38768,119.93436,120.79189,122.459885,117.12806,116.8
T000422,1978-12-31,117.546776,113.7903,120.77443,122.100845,118.23681,118.1
T000422,1979-01-31,118.635254,116.11942,120.78682,121.7616,117.08952,120.6
T000422,1979-02-28,120.69074,118.0626,120.85097,121.91032,116.36401,121.6
T000422,1979-03-31,121.58612,119.81192,120.955,121.734695,114.41742,119.9
T000422,1979-04-30,119.836685,118.28068,120.983986,121.20001,115.56429,121.2
T000422,1979-05-31,120.96966,119.28429,120.86819,121.319176,113.5654,126.1
T000422,1979-06-30,125.65408,122.85809,121.615875,121.880455,114.17737,120.1
T000422,1979-07-31,120.36519,117.69583,121.05057,121.6471,115.66137,123.7
T000422,1979-08-31,123.69782,122.95471,121.83606,122.01854,113.94183,128.8
T000422,1979-09-30,128.15657,126.60398,121.919655,122.26858,114.10224,126.8
T000422,1979-10-31,126.27652,125.26051,122.2007,122.488976,115.8166,120.6
T000423,1978-09-30,131.18068,129.75246,137.92813,134.53046,135.3112,132.5
T000423,1978-10-31,132.93573,126.8556,137.65295,138.40099,135.81096,135.9
T000423,1978-11-30,136.07637,132.10208,138.11981,138.915,136.69382,120.6
T000423,1978-12-31,121.13649,117.97994,136.19653,138.25633,139.05717,108.0
T000423,1979-01-31,110.39172,108.65977,133.3173,139.06747,137.37653,106.6
T000423,1979-02-28,108.7707,105.885345,131.30199,139.63742,138.17783,108.0
T000423,1979-03-31,108.800415,108.760895,127.56234,140.09552,136.1731,113.8
T000423,1979-04-30,111.92237,118.76011,126.046524,140.40834,128.44116,116.1
T000423,1979-05-31,113.819336,121.589714,121.82609,140.4024,124.324905,117.3
T000423,1979-06-30,115.55166,120.758484,122.10574,138.23273,122.37944,113.5
T000423,1979-07-31,112.66745,116.95558,118.392456,130.91553,124.697495,114.9
T000423,1979-08-31,114.97966,117.16178,118.75771,128.66483,123.80466,111.6
T000423,1979-09-30,111.21458,114.37205,116.164246,125.21763,122.957306,116.7
T000423,1979-10-31,115.38036,123.491844,115.3232,124.85997,121.31897,106.8
T000424,1978-09-30,120.66651,116.81384,126.99269,125.803505,127.77617,122.5
T000424,1978-10-31,123.20685,113.759285,126.6343,131.06227,128.66893,124.8
T000424,1978-11-30,125.10805,121.06336,127.02411,130.83333,129.45503,106.2
T000424,1978-12-31,106.511475,104.62146,124.53261,129.28107,132.61734,90.0
T000424,1979-01-31,92.43108,91.61403,120.79156,130.23592,128.89363,86.4
T000424,1979-02-28,88.797905,86.52544,118.35197,130.76788,132.24579,86.3
T000424,1979-03-31,87.45504,89.290085,113.53182,131.19095,130.08759,97.9
T000424,1979-04-30,95.11817,104.375626,112.1525,130.7375,117.76908,100.3
T000424,1979-05-31,97.21103,106.574265,106.88263,131.31305,114.00595,99.6
T000424,1979-06-30,97.62539,103.81067,107.36714,128.27837,111.05519,101.5
T000424,1979-07-31,99.91456,104.49783,103.094406,117.49531,111.151665,103.1
T000424,1979-08-31,103.160645,103.533035,103.80421,113.93724,112.05488,99.6
T000424,1979-09-30,99.18669,101.72174,101.23959,112.19878,111.69386,108.4
T000424,1979-10-31,106.161545,116.05351,100.62231,111.66131,108.39746,91.0
T000425,1978-09-30,151.2961,156.409,159.06282,160.33836,154.18376,151.5
T000425,1978-10-31,151.352,152.94972,159.07454,160.293,154.48305,157.3
T000425,1978-11-30,157.22177,152.79227,159.21582,159.97902,157.4438,147.8
T000425,1978-12-31,148.51181,144.48149,158.76735,159.91467,158.11559,142.6
T000425,1979-01-31,144.72969,142.29645,157.29898,160.07982,159.4433,145.5
T000425,1979-02-28,146.99483,143.39836,156.27075,158.36122,154.12386,149.8
T000425,1979-03-31,150.15863,146.20705,154.46838,157.76321,155.07533,144.7
T000425,1979-04-30,144.60558,146.03687,152.65733,159.69322,155.99348,146.5
T000425,1979-05-31,145.44035,151.02866,150.61464,159.96419,152.74591,151.3
T000425,1979-06-30,149.85425,154.39093,150.43527,157.19568,151.33388,136.9
T000425,1979-07-31,137.0935,142.18945,148.14302,158.25233,157.66083,137.6
T000425,1979-08-31,136.85599,143.52731,147.81578,156.59322,152.42725,134.5
T000425,1979-09-30,132.93454,138.11865,144.97765,154.62457,150.92867,132.6
T000425,1979-10-31,132.21858,138.67635,144.33408,154.12253,152.76138,137.3
T000426,1978-09-30,150.61496,146.18272,141.24417,140.08568,136.31496,150.3
T000426,1978-10-31,150.58096,146.06812,143.06693,146.16641,132.60513,140.5
T000426,1978-11-30,142.68254,135.03409,144.81473,148.34114,137.20407,134.3
T000426,1978-12-31,136.91158,124.90425,145.02414,148.86102,138.76497,138.4
T000426,1979-01-31,139.40352,129.05598,144.63019,148.7306,137.8282,131.9
T000426,1979-02-28,133.61838,125.66897,144.15749,148.00816,139.59296,135.8
T000426,1979-03-31,137.14928,134.26143,143.32243,145.81702,140.31828,135.2
T000426,1979-04-30,134.44167,133.96127,142.0188,144.34622,137.98465,137.7
T000426,1979-05-31,136.45164,135.91545,141.30754,143.84851,136.84492,141.2
T000426,1979-06-30,139.74968,137.42494,141.03098,143.80655,139.31921,139.3
T000426,1979-07-31,138.29034,138.39034,140.2783,143.60075,134.74622,139.1
T000426,1979-08-31,138.27733,138.44658,139.4183,144.0409,132.00041,133.2
T000426,1979-09-30,132.97495,133.3236,138.03067,144.19736,132.70462,121.2
T000426,1979-10-31,122.23213,123.46274,136.2281,144.88383,129.34995,115.3
T000427,1978-09-30,153.10837,149.51181,146.45772,143.55008,132.54028,153.9
T000427,1978-10-31,154.1158,149.09483,147.87155,146.51685,133.29738,152.7
T000427,1978-11-30,153.0307,145.66006,148.97798,150.80641,133.776,150.1
T000427,1978-12-31,150.86238,143.51494,150.00154,151.06772,138.01689,153.5
T000427,1979-01-31,154.09673,148.36763,150.58147,151.73195,139.24593,153.3
T000427,1979-02-28,153.53596,148.26147,151.4091,152.54825,138.54971,154.5
T000427,1979-03-31,154.84685,149.5897,152.14462,152.82327,142.81787,158.2
T000427,1979-04-30,158.24873,152.05174,153.18634,153.9103,142.27945,157.4
T000427,1979-05-31,157.39284,151.20009,153.76384,156.12198,141.43979,157.2
T000427,1979-06-30,157.34477,152.27411,154.64758,156.17494,144.84917,155.3
T000427,1979-07-31,155.36984,151.64882,154.65155,155.5327,144.69115,157.1
T000427,1979-08-31,156.69345,154.39081,154.93712,155.56006,143.45775,155.4
T000427,1979-09-30,155.52599,152.70871,154.9358,155.12045,145.53194,154.1
T000427,1979-10-31,154.43192,151.62611,154.87642,155.52205,145.14966,144.7
T000428,1978-07-31,117.28744,114.04991,114.43011,115.43973,110.3553,118.0
T000428,1978-08-31,118.39739,115.02095,115.02571,117.141846,112.58149,116.8
T000428,1978-09-30,117.087494,113.91851,115.52856,117.267815,113.3009,117.3
T000428,1978-10-31,117.238075,115.13667,115.86919,117.25658,112.961494,120.3
T000428,1978-11-30,120.11083,117.94663,116.42519,117.05669,112.61491,116.3
T000428,1978-12-31,116.28442,114.28326,116.33974,116.60299,111.56194,114.5
T000428,1979-01-31,114.573875,113.032814,116.679085,116.55889,111.11744,112.0
T000428,1979-02-28,112.44386,111.01652,116.121956,116.26875,112.23735,106.2
T000428,1979-03-31,107.25775,105.44266,115.56839,116.29572,112.27401,107.0
T000428,1979-04-30,107.91297,106.54047,114.938835,116.49686,112.01196,108.7
T000428,1979-05-31,108.92949,107.139595,114.07495,116.53604,111.70976,108.6
T000428,1979-06-30,108.71681,107.46287,113.6194,116.8827,110.692314,106.4
T000428,1979-07-31,106.787094,105.92279,112.54011,116.73726,112.3901,106.4
T000428,1979-08-31,106.81399,105.465866,111.9283,116.43953,110.72338,104.5
T000429,1978-09-30,133.51395,130.88087,131.07033,132.34012,128.05035,134.5
T000429,1978-10-31,134.58531,132.38269,131.64122,132.46922,128.72702,134.4
T000429,1978-11-30,134.35934,132.51604,131.85811,132.38672,128.38666,132.8
T000429,1978-12-31,133.02696,130.84225,132.31812,132.24786,127.59976,133.0
T000429,1979-01-31,133.1427,131.23152,132.54227,132.08276,127.77304,133.0
T000429,1979-02-28,132.97273,131.25996,132.5964,132.77437,127.8715,133.1
T000429,1979-03-31,133.13046,132.11935,132.91994,132.8384,126.63988,133.2
T000429,1979-04-30,133.30411,131.58687,133.00485,133.7066,127.41508,134.2
T000429,1979-05-31,134.15407,132.21312,133.28877,133.94533,127.379654,134.3
T000429,1979-06-30,134.45166,132.02,133.51016,134.05307,129.63852,134.9
T000429,1979-07-31,135.09743,133.00156,133.7717,133.92503,129.7004,135.1
T000429,1979-08-31,135.1795,133.51321,133.86757,133.9613,129.50731,135.7
T000429,1979-09-30,135.68416,134.37512,134.04752,133.8573,129.58252,135.9
T000429,1979-10-31,135.68517,134.49168,134.1697,133.9473,129.6421,136.1
T000430,1978-09-30,123.32886,121.89286,121.05695,120.84261,118.100044,124.5
T000430,1978-10-31,124.52897,122.71729,121.503654,122.38316,117.12736,125.0
T000430,1978-11-30,124.923256,122.44512,121.95685,122.22727,117.66767,126.9
T000430,1978-12-31,126.5659,124.74052,122.50384,122.0814,118.53578,125.9
T000430,1979-01-31,125.604996,124.2437,122.81049,122.43448,118.72568,125.7
T000430,1979-02-28,125.57612,125.30379,123.39913,122.530624,119.61961,123.9
T000430,1979-03-31,123.98229,122.70481,123.57931,122.771194,120.74043,124.7
T000430,1979-04-30,124.703896,123.58065,123.898094,123.101944,120.00009,124.7
T000430,1979-05-31,124.83651,123.48157,124.23762,123.8481,121.60835,125.5
T000430,1979-06-30,125.64034,124.49157,124.482376,124.702995,121.181915,124.4
T000430,1979-07-31,124.55153,122.93633,124.80338,125.46484,121.95674,126.3
T000430,1979-08-31,126.398796,124.515495,125.05829,125.762955,122.17875,125.3
T000430,1979-09-30,125.535126,122.49382,125.3184,126.08526,123.621765,125.4
T000430,1979-10-31,125.640724,123.84001,125.31957,125.76773,123.74099,125.3
T000431,1978-09-30,126.24757,120.75334,120.24901,123.15569,116.24574,126.6
T000431,1978-10-31,127.17125,121.28604,121.747444,124.15811,116.634445,126.9
T000431,1978-11-30,127.23999,121.76989,122.6822,124.03802,117.75303,126.8
T000431,1978-12-31,126.99533,122.48268,123.547264,124.45352,118.514015,127.3
T000431,1979-01-31,127.39087,123.928406,124.28457,125.614944,118.45793,127.6
T000431,1979-02-28,127.59728,123.684906,124.91212,126.53622,114.754715,127.9
T000431,1979-03-31,127.938354,123.57356,125.70065,126.47602,113.79055,130.3
T000431,1979-04-30,130.14922,126.0927,126.39328,127.52528,114.07907,130.2
T000431,1979-05-31,130.04503,125.98108,126.94096,128.45164,114.210335,131.3
T000431,1979-06-30,131.34673,127.30569,127.76178,128.63336,114.76139,128.8
T000431,1979-07-31,129.16039,124.21924,128.0472,128.7244,114.70174,132.3
T000431,1979-08-31,132.34604,127.817055,128.7314,128.88052,114.11151,132.4
T000431,1979-09-30,132.52824,127.88584,129.0183,128.70663,116.670425,131.0
T000431,1979-10-31,131.36325,128.16191,129.46152,128.72775,116.26627,127.1
T000432,1978-08-31,124.58093,119.16452,115.775246,118.68114,111.52589,124.2
T000432,1978-09-30,124.72522,119.129715,117.42473,120.08925,113.81442,125.6
T000432,1978-10-31,126.278915,120.09926,119.265,121.261986,114.49571,124.9
T000432,1978-11-30,125.19753,119.11352,120.295715,121.90596,114.62474,125.3
T000432,1978-12-31,125.43889,120.45984,121.43178,123.07887,116.19222,126.6
T000432,1979-01-31,126.63988,122.59633,122.331436,124.11734,117.16157,126.8
T000432,1979-02-28,126.7952,122.08597,123.14116,124.61601,111.12064,127.5
T000432,1979-03-31,127.464485,122.905914,124.119484,124.582985,111.988655,129.6
T000432,1979-04-30,129.44955,125.11464,124.86859,125.91041,112.12575,129.0
T000432,1979-05-31,128.85728,124.34906,125.63626,127.623405,111.2316,130.3
T000432,1979-06-30,130.43802,125.63654,126.5706,127.3763,111.592735,129.6
T000432,1979-07-31,129.89474,124.04913,127.03297,127.62532,110.951996,132.1
T000432,1979-08-31,132.04451,126.87573,127.81201,127.82961,111.616745,131.2
T000432,1979-09-30,131.39294,126.21767,128.22366,127.95534,114.31735,129.2
T000433,1978-09-30,125.37237,119.68985,117.53982,118.88319,111.42199,126.0
T000433,1978-10-31,126.78054,120.0228,119.405075,121.51103,113.88373,126.0
T000433,1978-11-30,126.433044,120.954765,120.558846,121.89234,114.953026,128.5
T000433,1978-12-31,128.2969,125.121,121.92997,123.461044,117.63821,130.3
T000433,1979-01-31,129.74255,126.86374,122.98289,123.63182,116.07967,131.2
T000433,1979-02-28,130.6826,125.7223,124.317245,124.038,112.64851,133.5
T000433,1979-03-31,133.2084,128.38344,125.65984,124.0114,115.31954,135.0
T000433,1979-04-30,134.91054,130.34453,126.94052,127.24134,115.74561,137.4
T000433,1979-05-31,137.11108,133.6346,128.57156,128.50839,114.97045,136.2
T000433,1979-06-30,136.30597,131.63786,129.84639,129.65305,116.257324,136.5
T000433,1979-07-31,136.3139,130.84895,131.17476,130.58801,115.97207,139.8
T000433,1979-08-31,139.41368,133.19582,132.41928,130.41899,118.95194,140.7
T000433,1979-09-30,140.6773,134.60136,133.5142,132.88284,121.71172,137.5
T000433,1979-10-31,138.21664,133.18715,134.59956,134.83682,121.57212,137.4
T000434,1978-09-30,117.77403,111.55991,109.82421,112.46128,105.40309,118.9
T000434,1978-10-31,119.52936,113.28624,111.748505,113.54082,106.25388,118.5
T000434,1978-11-30,118.69524,112.25891,112.98589,114.39931,105.75456,119.3
T000434,1978-12-31,119.36849,113.23649,114.304146,115.77758,105.95671,120.6
T000434,1979-01-31,120.695175,115.38778,115.43733,117.72077,107.9038,121.1
T000434,1979-02-28,121.18026,115.835175,116.44479,118.49767,102.74372,122.1
T000434,1979-03-31,122.01233,116.54312,117.623695,118.556,102.882744,124.1
T000434,1979-04-30,123.85068,118.58442,118.50949,119.064705,103.72474,121.9
T000434,1979-05-31,121.892395,116.31115,119.25027,121.05995,103.13785,124.9
T000434,1979-06-30,125.010086,119.70543,120.374626,120.70311,103.418274,123.1
T000434,1979-07-31,123.5229,116.80722,120.72135,121.80645,102.76115,124.7
T000434,1979-08-31,124.87738,119.308235,121.63694,121.778145,103.165474,123.0
T000434,1979-09-30,123.376976,117.62185,121.88826,121.86666,106.01312,120.6
T000434,1979-10-31,121.29925,116.356544,122.02847,122.928604,105.77524,116.5
T000435,1978-09-30,138.28476,133.72533,132.3002,134.06204,126.854614,139.6
T000435,1978-10-31,139.77606,134.43352,134.06825,135.26999,127.1207,139.3
T000435,1978-11-30,139.63405,134.42487,134.89777,135.64462,128.85448,139.8
T000435,1978-12-31,140.06068,136.36038,135.86815,136.0909,129.10376,139.8
T000435,1979-01-31,139.90788,137.08609,136.67122,135.81602,130.06537,140.8
T000435,1979-02-28,140.70341,136.799,137.32826,138.33432,126.52459,140.4
T000435,1979-03-31,140.51836,135.28168,138.27455,139.83661,127.01755,141.5
T000435,1979-04-30,141.81908,136.90353,138.97206,140.28981,128.57169,142.7
T000435,1979-05-31,142.7449,137.99016,139.73746,141.63437,128.20284,143.5
T000435,1979-06-30,143.51021,139.13286,140.25812,142.07863,129.66058,134.0
T000435,1979-07-31,134.9463,130.19734,140.1115,141.71733,132.2708,143.1
T000435,1979-08-31,143.13446,139.67113,140.49841,141.7882,128.34586,145.5
T000435,1979-09-30,145.29042,140.36597,140.9096,141.75891,131.7431,144.5
T000435,1979-10-31,144.58838,142.50203,141.28175,141.02197,130.8393,139.3
T000436,1978-09-30,110.42499,103.673134,108.61058,113.36173,106.02029,107.9
T000436,1978-10-31,108.82965,103.0005,108.8524,113.11164,105.18397,111.1
T000436,1978-11-30,111.79912,106.72011,109.55727,112.26904,107.105286,109.5
T000436,1978-12-31,109.67142,104.799446,109.42779,111.975075,107.827156,109.3
T000436,1979-01-31,109.07338,106.86102,109.474266,111.507515,106.492386,109.4
T000436,1979-02-28,108.99405,109.6843,109.244514,110.6091,104.19739,106.7
T000436,1979-03-31,106.49385,105.86708,109.16672,110.27432,99.93686,110.4
T000436,1979-04-30,109.67944,108.87536,109.35156,110.200775,99.25689,110.4
T000436,1979-05-31,109.839455,108.35875,109.144966,109.90282,100.52893,111.4
T000436,1979-06-30,110.99093,110.3828,109.62918,109.942276,97.41413,109.3
T000436,1979-07-31,109.61121,107.79573,109.49065,109.84859,98.86479,111.8
T000436,1979-08-31,112.39133,108.9946,109.95423,110.00422,97.50802,111.6
T000436,1979-09-30,112.09181,108.059875,109.88431,110.0705,100.46596,109.3
T000436,1979-10-31,109.89222,107.301384,110.07432,109.89991,100.76576,102.9
T000437,1985-11-30,120.47733,121.41188,114.57311,118.68535,107.02135,110.0
T000437,1985-12-31,109.971565,106.82822,115.266136,119.00225,112.156906,90.0
T000437,1986-01-31,96.442085,93.069275,115.413414,118.596405,120.83265,128.0
T000437,1986-02-28,127.91662,130.1523,117.0414,120.19962,105.183624,123.0
T000437,1986-03-31,119.95896,118.0302,116.0239,122.257324,102.74388,116.0
T000437,1986-04-30,115.10176,116.292145,118.24099,120.679214,106.463455,123.0
T000437,1986-05-31,122.52712,114.39684,117.89915,121.19142,109.02327,121.0
T000437,1986-06-30,122.252525,109.94534,119.50606,123.45563,110.66387,120.0
T000437,1986-07-31,120.298706,115.296165,119.25854,122.33436,125.95181,118.0
T000437,1986-08-31,116.607155,121.906815,118.5752,121.951324,114.6064,123.0
T000437,1986-09-30,119.01411,129.72395,118.40707,122.79137,100.856865,123.0
T000437,1986-10-31,120.601875,122.499825,118.57184,124.89509,111.50914,120.0
T000437,1986-11-30,118.4303,118.567955,118.455055,123.80181,112.47338,100.0
T000437,1986-12-31,100.85063,100.304054,117.32403,123.98201,116.893974,83.0
T000438,1984-11-30,235.89697,230.617,233.89401,236.431,226.71103,235.1
T000438,1984-12-31,235.61931,230.64334,234.2431,236.45999,227.26463,231.9
T000438,1985-01-31,232.38235,227.95941,234.14615,235.85385,226.29501,231.1
T000438,1985-02-28,231.48068,227.78265,234.14734,235.42531,225.75192,230.1
T000438,1985-03-31,230.54417,227.70358,233.67885,234.94608,226.21944,229.6
T000438,1985-04-30,229.84023,227.36028,233.47766,234.8464,225.53348,229.2
T000438,1985-05-31,229.36732,227.51971,232.732,234.4454,227.42412,229.6
T000438,1985-06-30,229.5458,228.38754,232.54018,234.55142,227.57816,229.8
T000438,1985-07-31,229.79964,228.35841,231.96103,234.55846,227.15584,228.8
T000438,1985-08-31,229.17754,227.68152,231.61845,234.1927,228.36722,227.5
T000438,1985-09-30,228.01497,225.94905,231.13878,233.41031,227.93887,226.1
T000438,1985-10-31,226.73685,224.5638,230.23682,233.10048,228.74731,220.3
T000438,1985-11-30,221.26862,220.84552,229.2046,233.26602,229.77534,218.2
T000438,1985-12-31,219.22139,220.06259,227.75449,233.36752,228.64314,214.0
T000439,1985-11-30,117.08614,116.718864,112.256065,113.89011,106.845215,122.0
T000439,1985-12-31,121.215065,121.09893,114.03592,115.06762,115.83276,118.0
T000439,1986-01-31,118.23839,120.13783,114.28848,114.268005,114.10741,119.0
T000439,1986-02-28,117.86213,120.290695,115.887505,117.26229,103.555115,113.0
T000439,1986-03-31,112.52495,111.40938,115.659904,115.96635,108.649666,99.0
T000439,1986-04-30,101.00681,96.83643,115.06414,116.74395,109.86185,99.0
T000439,1986-05-31,100.6301,96.65184,113.80416,117.43367,106.626465,99.0
T000439,1986-06-30,102.27853,93.60092,113.72916,118.92593,113.70849,115.0
T000439,1986-07-31,115.6175,110.153366,114.22529,117.570435,109.26749,115.0
T000439,1986-08-31,113.387344,111.44775,112.946594,119.24169,109.3515,114.0
T000439,1986-09-30,112.46565,115.10191,113.36721,118.3506,103.96486,126.0
T000439,1986-10-31,123.45871,120.1944,113.61542,118.5414,108.20178,127.0
T000439,1986-11-30,124.50874,121.2193,114.05521,121.72618,108.97891,127.0
T000439,1986-12-31,123.90783,126.90571,114.890335,120.81973,115.73927,116.0
T000440,1985-11-30,111.10246,111.90673,103.697235,102.41261,101.932785,107.0
T000440,1985-12-31,106.61898,105.60535,104.33352,104.89606,103.29682,104.0
T000440,1986-01-31,104.86716,105.135475,105.46535,104.09904,105.17795,110.0
T000440,1986-02-28,109.86976,109.91315,106.01965,104.2976,102.591385,110.0
T000440,1986-03-31,109.31108,109.06583,106.103035,104.88632,101.02536,108.0
T000440,1986-04-30,107.91568,107.01449,107.43611,106.95597,103.34824,113.0
T000440,1986-05-31,113.19766,108.817314,107.94263,107.23032,104.84835,116.0
T000440,1986-06-30,116.44541,111.41872,109.68483,110.12931,105.56235,114.0
T000440,1986-07-31,114.44943,111.302635,110.14849,110.02464,108.90983,114.0
T000440,1986-08-31,113.64142,111.35687,111.21832,111.18016,107.04598,116.0
T000440,1986-09-30,114.83494,114.03002,111.32449,112.75833,106.887314,113.0
T000440,1986-10-31,112.625336,110.299706,111.57056,112.1639,108.453354,109.0
T000440,1986-11-30,109.353,108.433136,111.436165,111.94661,109.91171,102.0
T000440,1986-12-31,102.6786,102.45212,110.755745,111.940765,110.78976,101.0
T000441,1985-11-30,130.19669,119.68686,117.19119,114.74672,117.9605,125.0
T000441,1985-12-31,123.60334,117.266106,116.84303,116.790955,120.25234,105.0
T000441,1986-01-31,105.93988,109.662636,116.29636,116.325005,127.733475,136.0
T000441,1986-02-28,130.15144,143.21088,117.349075,116.809296,114.49395,129.0
T000441,1986-03-31,121.94394,132.13893,114.76903,122.319084,110.95434,116.0
T000441,1986-04-30,112.3999,126.69937,117.443344,124.07925,117.366714,109.0
T000441,1986-05-31,109.52484,111.76061,116.78478,121.32788,119.44588,106.0
T000441,1986-06-30,108.69049,105.6039,117.447624,115.079124,117.0348,108.0
T000441,1986-07-31,110.19538,106.66359,118.43496,115.51656,125.92751,111.0
T000441,1986-08-31,112.28094,109.29221,117.35192,113.9993,112.62096,122.0
T000441,1986-09-30,121.188705,117.88463,118.50008,114.62465,104.63916,124.0
T000441,1986-10-31,124.07573,113.34372,118.04776,116.09402,117.03378,131.0
T000441,1986-11-30,130.07559,122.49894,119.98612,120.77686,121.26339,121.0
T000441,1986-12-31,119.64818,119.94584,118.347694,123.230255,125.490105,122.0
T000442,1985-11-30,3767.5066,3748.3416,3672.6921,3647.0708,3575.5166,3836.0
T000442,1985-12-31,3825.6216,3806.6267,3693.7866,3661.1782,3586.4106,3917.0
T000442,1986-01-31,3905.9492,3876.7595,3721.7056,3677.7559,3611.8687,3960.0
T000442,1986-02-28,3952.244,3898.3213,3752.4736,3735.545,3640.8706,4026.0
T000442,1986-03-31,4016.667,3955.2498,3789.4846,3778.9033,3680.9148,4089.0
T000442,1986-04-30,4077.5728,4004.6414,3827.7632,3786.9858,3701.559,4143.0
T000442,1986-05-31,4129.311,4062.2998,3868.505,3796.9297,3752.4458,4206.0
T000442,1986-06-30,4188.3457,4136.706,3911.829,3827.9692,3802.6843,4292.0
T000442,1986-07-31,4270.196,4232.1646,3959.8916,3866.6443,3840.547,4398.0
T000442,1986-08-31,4372.422,4324.949,4018.2925,3900.255,3860.7812,4494.0
T000442,1986-09-30,4468.7285,4403.9106,4081.3623,3965.666,3906.9507,4609.0
T000442,1986-10-31,4583.6055,4505.168,4154.45,4075.8818,3983.396,4728.0
T000442,1986-11-30,4703.5986,4607.4736,4233.94,4136.6333,4050.537,4834.0
T000442,1986-12-31,4812.837,4686.838,4318.3286,4224.6987,4122.6987,4942.0
T000443,1985-11-30,15158.817,14561.178,13694.579,13406.098,12803.561,15040.0
T000443,1985-12-31,15047.926,14446.203,13910.327,13779.954,13251.174,15199.0
T000443,1986-01-31,15176.219,14581.986,14138.246,14179.267,13475.209,15343.0
T000443,1986-02-28,15353.03,14623.154,14363.412,14253.8,13714.735,15383.0
T000443,1986-03-31,15440.734,14810.764,14549.643,14564.939,13979.106,15443.0
T000443,1986-04-30,15470.301,14887.398,14725.623,14945.135,13948.814,15594.0
T000443,1986-05-31,15593.715,15133.521,14876.134,14937.363,14127.784,16150.0
T000443,1986-06-30,16117.354,15581.054,15096.712,15100.177,14090.312,15916.0
T000443,1986-07-31,15912.555,15251.748,15202.157,15352.678,14056.803,16004.0
T000443,1986-08-31,16016.846,15423.915,15406.527,15665.1875,14290.932,16509.0
T000443,1986-09-30,16493.154,15761.385,15561.491,15781.1045,14121.883,16728.0
T000443,1986-10-31,16713.762,15956.948,15710.411,15795.443,14019.768,16664.0
T000443,1986-11-30,16645.363,16077.986,15858.335,15855.281,14224.232,16307.0
T000443,1986-12-31,16318.504,15726.859,15957.022,15869.502,14233.953,16131.0
T000444,1984-11-30,142662.02,137218.19,134021.48,133629.1,124212.18,143593.0
T000444,1984-12-31,143641.31,138017.77,135677.75,135849.75,126094.84,144598.0
T000444,1985-01-31,144680.44,139020.73,137238.95,137293.23,127834.72,145694.0
T000444,1985-02-28,145776.2,140108.94,138705.45,138921.94,129115.17,146402.0
T000444,1985-03-31,146501.05,140901.4,140064.28,140358.56,130088.27,147420.0
T000444,1985-04-30,147509.1,142063.86,141382.84,142126.42,131037.73,148560.0
T000444,1985-05-31,148594.3,143123.53,142635.95,143377.3,131531.31,149642.0
T000444,1985-06-30,149651.69,144196.25,143863.64,144549.23,132226.34,150753.0
T000444,1985-07-31,150733.72,145351.02,145029.73,145895.47,133285.61,152046.0
T000444,1985-08-31,151990.17,146623.08,146171.67,146983.8,133734.66,152802.0
T000444,1985-09-30,152787.22,147347.38,147268.3,147766.31,134511.0,153015.0
T000444,1985-10-31,153079.22,147669.8,148264.14,148649.83,135175.56,152606.0
T000444,1985-11-30,152769.02,147567.5,149111.0,149445.17,135993.03,152197.0
T000444,1985-12-31,152456.27,147473.52,149835.86,149984.52,136788.55,152051.0
T000445,1985-11-30,10966.31,10631.49,10443.596,10458.127,9893.486,11036.0
T000445,1985-12-31,11035.823,10716.148,10537.084,10539.876,10031.91,11038.0
T000445,1986-01-31,11039.328,10711.482,10625.385,10629.3545,9988.14,11093.0
T000445,1986-02-28,11089.324,10785.035,10709.127,10688.844,10043.763,11159.0
T000445,1986-03-31,11152.279,10848.075,10783.071,10768.699,10135.033,11253.0
T000445,1986-04-30,11245.473,10954.785,10859.911,10846.478,10203.813,11373.0
T000445,1986-05-31,11362.641,11075.19,10940.413,10935.673,10245.895,11479.0
T000445,1986-06-30,11476.0625,11162.888,11023.46,11026.905,10304.783,11640.0
T000445,1986-07-31,11632.02,11310.841,11118.519,11135.732,10376.841,11722.0
T000445,1986-08-31,11711.375,11364.753,11204.919,11243.996,10443.598,11815.0
T000445,1986-09-30,11805.646,11449.399,11299.927,11316.088,10524.703,11917.0
T000445,1986-10-31,11903.773,11571.974,11388.215,11309.048,10611.769,11917.0
T000445,1986-11-30,11905.33,11581.531,11467.066,11365.42,10675.723,11989.0
T000445,1986-12-31,11979.091,11678.296,11553.621,11419.611,10770.594,11994.0
T000446,1985-11-30,2584.326,2501.6875,2467.8748,2479.1545,2340.6675,2599.0
T000446,1985-12-31,2601.4731,2515.645,2489.32,2495.788,2360.5527,2593.0
T000446,1986-01-31,2595.1963,2510.1086,2508.2898,2522.8645,2375.3257,2613.0
T000446,1986-02-28,2612.6355,2534.719,2527.716,2530.0073,2384.9324,2628.0
T000446,1986-03-31,2627.2178,2555.6926,2543.1104,2546.8303,2406.7744,2638.0
T000446,1986-04-30,2636.9102,2566.7317,2559.458,2565.27,2398.117,2663.0
T000446,1986-05-31,2661.2578,2595.581,2576.299,2571.634,2412.782,2690.0
T000446,1986-06-30,2687.0889,2621.1624,2593.0056,2594.7136,2423.5344,2713.0
T000446,1986-07-31,2711.079,2640.691,2611.8296,2613.0503,2426.194,2735.0
T000446,1986-08-31,2733.951,2663.5852,2630.502,2641.7654,2452.9583,2751.0
T000446,1986-09-30,2749.2454,2671.5654,2648.8618,2651.2424,2457.42,2757.0
T000446,1986-10-31,2755.9907,2674.6738,2666.4302,2654.712,2476.792,2711.0
T000446,1986-11-30,2716.044,2639.6025,2677.4897,2670.483,2514.5771,2706.0
T000446,1986-12-31,2712.2244,2644.721,2688.1567,2685.5518,2511.5828,2673.0
T000447,1984-11-30,223.56573,218.64525,210.93054,209.10493,202.3284,227.93
T000447,1984-12-31,227.5972,222.41965,213.37859,211.82114,203.90663,231.58
T000447,1985-01-31,231.12848,225.58745,215.95871,213.34418,206.1363,234.76
T000447,1985-02-28,234.25641,228.44952,218.67636,216.49205,208.33508,238.51
T000447,1985-03-31,237.97104,231.82883,221.55864,219.4749,210.49553,241.37
T000447,1985-04-30,240.97786,233.9484,224.47638,222.2521,212.62888,245.92
T000447,1985-05-31,245.38937,238.2371,227.61662,225.22078,214.33711,250.27
T000447,1985-06-30,249.59006,242.38805,230.73242,227.24178,216.49667,255.29
T000447,1985-07-31,254.5257,247.64867,234.20416,229.4197,219.08049,259.81
T000447,1985-08-31,259.03162,251.59477,237.8195,233.18849,221.0413,264.74
T000447,1985-09-30,263.9827,255.57275,241.73,238.19426,223.55923,270.63
T000447,1985-10-31,269.8876,260.3496,245.96411,242.49568,227.3165,274.38
T000447,1985-11-30,273.81085,263.61118,250.12115,246.31317,231.06932,278.39
T000447,1985-12-31,277.85876,267.7203,254.49771,250.80614,235.49261,278.71
T000448,1985-11-30,110.77898,106.928604,98.48869,95.53141,91.796104,113.99
T000448,1985-12-31,113.70669,109.2337,100.91095,99.231155,93.4144,116.95
T000448,1986-01-31,116.68078,111.46521,103.35219,101.36685,95.69729,120.07
T000448,1986-02-28,119.818504,114.02387,105.89071,105.03788,97.770874,122.49
T000448,1986-03-31,122.251,116.142624,108.3959,107.66202,100.02959,125.1
T000448,1986-04-30,124.9216,118.53347,110.98995,109.383934,101.74556,129.75
T000448,1986-05-31,129.35687,122.942085,113.71285,111.81364,103.10664,133.39
T000448,1986-06-30,132.8726,126.258064,116.409775,114.41013,104.23827,136.65
T000448,1986-07-31,136.11522,129.65701,119.41571,117.20857,106.17498,139.65
T000448,1986-08-31,139.0961,132.10419,122.431786,119.570526,107.228134,141.49
T000448,1986-09-30,141.06189,133.22646,125.421585,122.78116,109.328316,141.12
T000448,1986-10-31,141.05307,132.68443,128.20148,126.255684,112.89626,141.22
T000448,1986-11-30,141.472,132.93181,130.74167,129.88217,115.06189,141.06
T000448,1986-12-31,141.5173,132.61754,132.88933,132.50685,116.98595,139.22
T000449,1985-11-30,150.79167,145.61041,133.86343,129.57571,125.97893,154.36
T000449,1985-12-31,154.05516,147.61678,137.02487,134.9011,127.09603,158.16
T000449,1986-01-31,157.94705,150.67148,140.40424,138.84137,130.69193,161.8
T000449,1986-02-28,161.67519,153.48398,143.73845,143.6035,134.29758,164.75
T000449,1986-03-31,164.62904,156.01363,147.03348,147.39261,136.18867,167.73
T000449,1986-04-30,167.57843,159.10548,150.30371,148.99873,138.83884,173.07
T000449,1986-05-31,172.63258,164.37823,153.64941,151.62822,140.4144,176.84
T000449,1986-06-30,176.23792,167.62912,156.94318,154.64755,140.80757,180.66
T000449,1986-07-31,180.08028,171.49039,160.5616,158.01965,142.74493,186.12
T000449,1986-08-31,185.45096,176.18758,164.34143,161.98926,143.73135,188.76
T000449,1986-09-30,188.18298,178.00967,168.01407,165.29668,145.77644,187.67
T000449,1986-10-31,187.56049,176.71104,171.57239,169.54549,150.09993,186.77
T000449,1986-11-30,187.02936,175.74622,174.64761,173.5992,153.04936,184.7
T000449,1986-12-31,185.42952,173.55106,177.06006,176.95784,155.58948,181.8
T000450,1985-11-30,212.83798,191.30089,176.50633,202.24731,168.67844,245.62
T000450,1985-12-31,242.3516,252.12555,196.78969,208.08351,194.39719,337.28
T000450,1986-01-31,324.20654,339.25397,202.59964,213.12364,113.110504,213.13
T000450,1986-02-28,210.17717,192.26503,206.42604,214.56645,163.95964,204.59
T000450,1986-03-31,198.07611,205.42955,214.93115,208.78076,162.5926,209.76
T000450,1986-04-30,212.29268,161.70319,215.02924,230.54227,204.86447,375.69
T000450,1986-05-31,369.8756,384.85718,235.26332,228.85492,183.33765,215.5
T000450,1986-06-30,218.64249,207.11783,227.40894,226.9587,250.22374,153.4
T000450,1986-07-31,153.4128,203.95435,229.00734,225.36264,190.62976,232.68
T000450,1986-08-31,221.47186,214.35493,238.62517,231.7797,208.41573,217.01
T000450,1986-09-30,223.43138,165.44562,234.55428,232.72441,206.98695,306.83
T000450,1986-10-31,309.80835,304.54504,258.31097,235.35046,269.5816,344.66
T000450,1986-11-30,327.5583,341.55713,242.88379,236.00508,181.83112,242.59
T000450,1986-12-31,237.87672,225.42645,264.93295,242.32599,226.51082,391.14
T000451,1985-11-30,1757.4154,1831.3033,2090.4673,2394.7595,2215.3884,1526.0
T000451,1985-12-31,1536.3129,1620.6072,2069.4297,2407.0688,2187.973,1453.0
T000451,1986-01-31,1447.9578,1644.9178,1936.1223,2358.3757,2132.8896,1784.0
T000451,1986-02-28,1713.1748,1938.3491,1934.8533,2295.187,2004.8187,1553.0
T000451,1986-03-31,1503.6594,1703.3383,1831.9391,2271.0957,1978.7101,1571.0
T000451,1986-04-30,1543.6292,1779.1458,1818.8694,2249.0312,1993.7086,1415.0
T000451,1986-05-31,1380.643,1597.1411,1731.5704,2094.3032,1915.0343,1526.0
T000451,1986-06-30,1485.0054,1727.2432,1693.1543,2012.7189,1826.9567,1290.0
T000451,1986-07-31,1266.7477,1561.0986,1621.1309,1978.9559,1962.9124,1145.0
T000451,1986-08-31,1122.3811,1493.8683,1542.6355,1931.5099,1839.9386,1180.0
T000451,1986-09-30,1133.9456,1499.7385,1495.5331,1817.4115,1734.8662,1100.0
T000451,1986-10-31,1069.097,1388.9916,1427.2218,1810.5295,1870.7018,1028.0
T000451,1986-11-30,971.9834,1341.1663,1410.926,1728.0801,1933.1091,940.0
T000451,1986-12-31,874.7998,1310.2695,1300.6803,1706.2142,2045.2688,1005.0
T000452,1985-11-30,41.947613,39.812634,50.48887,52.476814,52.136116,34.67
T000452,1985-12-31,34.966415,36.38005,47.882374,53.28522,48.970528,39.59
T000452,1986-01-31,39.593296,41.874493,47.407597,53.681118,49.142048,41.11
T000452,1986-02-28,40.988148,41.31188,45.933617,53.292355,48.322887,42.3
T000452,1986-03-31,42.073498,41.951614,46.17517,53.355278,46.959667,45.1
T000452,1986-04-30,44.491234,45.39308,44.607464,52.772644,47.611618,43.24
T000452,1986-05-31,42.379837,42.48089,44.743984,48.813892,45.853794,39.3
T000452,1986-06-30,38.856182,39.29013,42.778236,47.616467,45.119827,37.25
T000452,1986-07-31,37.61519,40.86481,41.861763,48.385994,49.35343,32.33
T000452,1986-08-31,32.27562,38.126324,40.180298,47.136276,44.302063,30.4
T000452,1986-09-30,30.406898,36.9567,38.948833,47.041546,44.867783,29.94
T000452,1986-10-31,30.129444,36.67877,38.044735,45.809086,45.760902,25.78
T000452,1986-11-30,25.626379,30.92691,36.655876,45.11913,44.756214,19.87
T000452,1986-12-31,19.569069,24.560928,35.497013,43.903698,45.335648,28.25
T000453,1985-11-30,64.292725,62.869305,62.308563,63.393646,56.326683,65.0
T000453,1985-12-31,64.424805,64.987816,63.050777,64.82532,54.906815,63.0
T000453,1986-01-31,62.435913,60.162148,62.839626,64.26669,56.16031,59.0
T000453,1986-02-28,58.731064,58.44485,62.72943,64.25306,55.67275,57.0
T000453,1986-03-31,57.234337,57.854214,62.30688,64.13253,57.515385,59.0
T000453,1986-04-30,59.429546,57.90659,61.859123,64.48399,52.697067,58.0
T000453,1986-05-31,58.594555,54.216747,62.497887,62.551765,57.087963,56.0
T000453,1986-06-30,56.920395,52.76728,61.433693,62.699966,59.362015,54.0
T000453,1986-07-31,55.24416,52.93371,61.192623,62.7292,59.045345,57.0
T000453,1986-08-31,58.12472,56.19952,60.05761,60.917675,57.38872,58.0
T000453,1986-09-30,58.399925,55.12714,60.181465,61.134285,59.317432,49.0
T000453,1986-10-31,49.30737,48.040344,58.22777,61.961834,60.599422,47.0
T000453,1986-11-30,46.934547,50.262623,56.92803,63.279205,60.431324,41.0
T000453,1986-12-31,41.190193,44.426704,54.86734,63.083603,60.269226,37.0
T000454,1984-11-30,111784.75,107473.555,104673.71,104797.25,102096.73,112909.0
T000454,1984-12-31,113483.78,108338.62,106392.52,108753.32,103922.87,114558.0
T000454,1985-01-31,115198.77,109640.87,108009.445,110420.32,105398.49,114646.0
T000454,1985-02-28,115105.34,110157.24,109273.93,111047.07,106156.21,117146.0
T000454,1985-03-31,117126.89,112903.78,110700.03,111519.27,106416.73,121497.0
T000454,1985-04-30,121085.37,116661.59,112084.41,113002.766,106465.14,123199.0
T000454,1985-05-31,122820.33,117863.695,113520.47,115206.85,104961.53,124442.0
T000454,1985-06-30,124095.59,119405.664,115215.95,115400.38,104021.96,128154.0
T000454,1985-07-31,127509.25,123172.22,116947.234,115653.09,103364.98,129335.0
T000454,1985-08-31,128590.125,124230.17,118472.625,116068.51,103956.2,130988.0
T000454,1985-09-30,130428.18,126278.695,120335.64,117324.39,105223.52,131813.0
T000454,1985-10-31,131421.97,126376.79,121969.24,119466.945,105704.23,133598.0
T000454,1985-11-30,133338.5,127360.21,123889.05,119737.2,105806.42,134783.0
T000454,1985-12-31,134784.62,128349.71,125689.02,122112.03,109930.97,133817.0
T000455,1978-11-30,1075.8092,1077.4893,1093.3292,1110.6425,948.9662,1030.0
T000455,1978-12-31,1039.0206,993.43646,1091.8263,1122.5618,992.2618,1027.0
T000455,1979-01-31,1058.5334,955.043,1107.4265,1138.01,992.49286,1113.0
T000455,1979-02-28,1137.8622,1053.4589,1116.5001,1140.1345,1022.6277,1217.0
T000455,1979-03-31,1210.1681,1149.8551,1127.7312,1147.5232,969.6226,1218.0
T000455,1979-04-30,1200.691,1144.5564,1131.1064,1156.5668,976.6819,1303.0
T000455,1979-05-31,1289.4275,1238.8821,1149.6838,1151.4387,1066.7474,1199.0
T000455,1979-06-30,1193.8191,1124.6324,1150.288,1160.7257,1107.4208,1298.0
T000455,1979-07-31,1284.3857,1274.6761,1173.7051,1179.5026,1135.9897,1315.0
T000455,1979-08-31,1289.4722,1317.1241,1181.1075,1186.4813,1164.2291,1315.0
T000455,1979-09-30,1279.7104,1351.2037,1192.3308,1195.8282,1089.0509,1391.0
T000455,1979-10-31,1351.945,1420.6338,1217.7179,1206.5814,1093.02,1294.0
T000455,1979-11-30,1283.4648,1267.0804,1223.348,1253.6276,1123.122,1215.0
T000455,1979-12-31,1231.9279,1152.9056,1257.1592,1273.397,1180.6093,1144.0
T000456,1979-07-31,3.3498547,2.3049374,3.818836,3.9334779,3.310394,3.37
T000456,1979-08-31,3.509191,3.4515083,3.840597,3.9557965,3.13698,4.08
T000456,1979-09-30,3.9289162,4.0162654,3.8952975,3.9318013,3.1827354,3.64
T000456,1979-10-31,3.526042,3.8642614,3.6129622,3.9297445,3.0238523,3.92
T000456,1979-11-30,3.8990798,3.82094,4.0102763,3.8883936,3.409497,4.21
T000456,1979-12-31,4.223597,3.822564,3.7513924,3.9028404,3.967105,3.44
T000456,1980-01-31,3.5933783,3.2804818,4.0151834,4.033759,4.302236,3.9
T000456,1980-02-29,3.953841,4.0660763,3.8014972,3.9109275,4.162214,5.53
T000456,1980-03-31,5.2849874,5.456087,4.132274,3.9731305,3.796248,5.76
T000456,1980-04-30,5.35375,5.5390406,4.0558743,4.1451283,3.581498,5.76
T000456,1980-05-31,5.402725,5.780362,4.2708354,4.2734504,4.339019,7.63
T000456,1980-06-30,7.283276,7.8734684,4.6135483,4.413752,4.075183,3.63
T000456,1980-07-31,3.7606688,3.279089,4.533635,4.3997746,5.1394596,3.64
T000456,1980-08-31,3.8537498,4.2674747,4.8635664,4.366243,5.204221,5.63
T000457,1979-09-30,3.9411104,3.9935193,3.3638546,3.4452186,2.7438343,4.78
T000457,1979-10-31,4.438575,4.388573,3.5349119,3.653513,2.9794023,4.1
T000457,1979-11-30,3.8772178,3.8951325,3.43919,3.8501563,3.0555863,4.5
T000457,1979-12-31,4.2704444,4.727125,3.6710927,3.8759358,4.378165,3.68
T000457,1980-01-31,3.4282737,4.179343,3.5194314,3.857492,3.0516188,3.25
T000457,1980-02-29,3.1400855,3.7748241,3.6534085,3.8844616,3.0923152,3.75
T000457,1980-03-31,3.7022755,4.032053,3.6728828,3.9519727,3.3153698,2.82
T000457,1980-04-30,2.8618877,2.5057697,3.6252153,4.063357,3.1986296,4.18
T000457,1980-05-31,4.091555,4.0500674,3.8280544,4.115562,2.9650621,4.18
T000457,1980-06-30,4.40286,3.6138945,3.9054668,4.266714,3.8294725,8.05
T000457,1980-07-31,7.7431374,7.478792,4.402514,4.334324,2.4089594,4.6
T000457,1980-08-31,4.4721437,3.558445,4.1616035,4.596221,3.9524093,5.2
T000457,1980-09-30,5.1787686,5.1973295,4.7075696,4.475352,3.547782,3.72
T000457,1980-10-31,3.6096685,3.195662,4.405799,4.4715652,4.4617586,4.45
T000458,1979-07-31,21.567078,22.11939,24.507442,25.718365,19.335365,23.33
T000458,1979-08-31,23.147602,22.50771,24.544481,25.635035,19.66259,23.59
T000458,1979-09-30,23.437193,22.0134,24.65336,25.436842,18.402935,21.59
T000458,1979-10-31,21.796144,19.728645,24.281961,25.238724,18.243067,21.3
T000458,1979-11-30,21.907688,19.33165,24.033978,24.992044,18.812452,20.57
T000458,1979-12-31,21.36345,18.323685,23.450207,24.648186,19.419943,20.36
T000458,1980-01-31,21.129807,19.712059,22.903425,24.76081,19.965183,19.49
T000458,1980-02-29,20.092764,20.160212,22.3055,25.045332,20.427523,19.32
T000458,1980-03-31,19.46791,19.90745,21.813328,24.931313,19.420996,20.15
T000458,1980-04-30,20.07329,20.612339,21.487415,24.36187,21.088825,19.45
T000458,1980-05-31,19.141468,20.240189,21.146265,23.722841,21.927937,19.22
T000458,1980-06-30,18.863163,20.178947,20.91999,23.047678,21.864908,19.36
T000458,1980-07-31,18.881138,20.483303,20.545904,22.563921,23.212692,18.87
T000458,1980-08-31,18.526348,20.42054,20.310623,22.009748,23.146622,18.19
T000459,1980-11-30,90.33876,93.34323,89.55819,92.36392,100.088806,93.8
T000459,1980-12-31,92.90464,95.84491,90.360756,92.791626,101.11161,95.9
T000459,1981-01-31,94.87519,98.49749,91.249794,93.1641,101.52775,95.4
T000459,1981-02-28,93.911514,97.89271,91.662704,92.678,99.870964,93.3
T000459,1981-03-31,92.054565,95.57767,92.10386,92.21825,102.24202,90.7
T000459,1981-04-30,89.41553,94.05032,92.02664,91.95644,103.9674,88.3
T000459,1981-05-31,86.97687,93.87756,91.62656,91.74932,103.17979,89.1
T000459,1981-06-30,87.530624,96.03577,91.31731,91.261604,100.27547,86.3
T000459,1981-07-31,85.2455,91.870636,91.064354,91.33756,98.182495,88.1
T000459,1981-08-31,86.59932,91.9879,90.909225,91.3933,94.72109,86.5
T000459,1981-09-30,85.730034,86.94808,90.580315,91.560905,93.634445,82.3
T000459,1981-10-31,83.15805,82.86561,90.14639,91.51196,92.46389,79.8
T000459,1981-11-30,81.03974,80.43009,89.195694,91.04161,91.172646,78.5
T000459,1981-12-31,79.448814,78.26061,87.784775,91.34945,87.984924,82.0
T000460,1980-11-30,92.54452,97.239395,87.78977,89.56,99.25658,93.5
T000460,1980-12-31,93.27071,96.70205,89.07392,91.41654,102.98326,96.1
T000460,1981-01-31,94.84982,98.093765,90.789314,94.63237,97.82747,101.0
T000460,1981-02-28,99.13769,102.16838,91.658516,93.618195,99.4188,98.2
T000460,1981-03-31,96.68506,100.91389,92.587204,92.2445,103.112686,93.8
T000460,1981-04-30,91.99275,99.053276,92.94666,94.281715,99.68262,92.6
T000460,1981-05-31,91.042885,99.57469,93.25783,94.91637,97.57534,90.7
T000460,1981-06-30,89.91527,94.17198,93.53199,93.87087,95.1514,86.9
T000460,1981-07-31,86.60003,88.57075,93.41622,94.545074,93.532234,87.4
T000460,1981-08-31,86.76375,89.01915,92.75899,93.25417,90.412605,84.9
T000460,1981-09-30,85.56475,84.17896,92.40739,93.24495,87.6608,75.4
T000460,1981-10-31,77.63342,74.72043,91.32669,93.2355,87.2885,72.6
T000460,1981-11-30,74.935905,70.20787,89.66764,93.42352,85.63768,77.2
T000460,1981-12-31,78.69531,73.53497,87.95907,93.6891,84.19304,77.7
T000461,1980-11-30,93.080086,94.444954,89.66399,95.41824,91.755486,93.0
T000461,1980-12-31,93.844475,94.41317,91.24111,95.80923,95.016,97.7
T000461,1981-01-31,97.92916,98.194595,92.60614,96.113335,96.55063,99.9
T000461,1981-02-28,98.7685,97.471306,93.56097,96.13648,97.52454,101.2
T000461,1981-03-31,99.90046,101.6795,94.510056,95.284424,104.20858,101.3
T000461,1981-04-30,99.644485,104.90248,95.48383,94.77103,104.90808,100.4
T000461,1981-05-31,98.44287,104.300735,96.132904,96.3093,103.52345,101.5
T000461,1981-06-30,99.19355,106.01201,97.042305,95.84133,105.986534,102.8
T000461,1981-07-31,100.11749,107.46655,97.492966,95.43571,102.69412,102.1
T000461,1981-08-31,99.80609,106.39671,98.11592,96.7141,98.030815,100.9
T000461,1981-09-30,100.063774,103.83789,98.941826,97.68431,96.6138,98.7
T000461,1981-10-31,99.33804,97.66907,99.53031,100.73796,95.01589,99.6
T000461,1981-11-30,99.98647,96.45208,100.105774,101.761856,93.16822,101.2
T000461,1981-12-31,102.0494,96.85567,100.69062,102.55671,94.26727,103.2
T000462,1981-02-28,120.419624,122.96374,112.37552,123.673935,111.38712,124.0
T000462,1981-03-31,121.93529,122.7755,113.51255,125.09622,111.586395,128.0
T000462,1981-04-30,123.22638,129.99925,113.86673,124.976425,134.67291,129.0
T000462,1981-05-31,122.72627,141.19682,114.55086,124.34268,117.01374,127.0
T000462,1981-06-30,119.367874,143.40892,115.41836,123.814674,108.25417,125.0
T000462,1981-07-31,119.61513,136.01965,116.04714,125.244896,111.42608,127.0
T000462,1981-08-31,121.29471,132.20631,116.95483,124.4086,111.397064,111.0
T000462,1981-09-30,109.05698,115.12043,117.512375,124.27373,116.92999,77.0
T000462,1981-10-31,86.93786,84.30812,118.67873,126.12995,129.4388,130.0
T000462,1981-11-30,130.91739,133.1052,119.78889,127.75318,108.259155,129.0
T000462,1981-12-31,124.86693,117.87694,121.092636,130.75795,111.154686,137.0
T000462,1982-01-31,134.81583,137.17746,123.337685,132.62466,113.19245,133.0
T000462,1982-02-28,129.97911,126.79044,123.277664,131.65254,118.664925,135.0
T000462,1982-03-31,134.35815,130.8212,125.368744,132.06506,116.096954,136.0
T000463,1981-04-30,153.88791,156.96893,152.19228,152.0385,157.16055,156.8
T000463,1981-05-31,151.35928,160.08336,149.37883,152.01605,137.98514,158.3
T000463,1981-06-30,155.50674,162.36066,150.95685,151.88377,133.06348,166.1
T000463,1981-07-31,165.78207,164.64705,152.98735,153.98141,145.46542,161.7
T000463,1981-08-31,161.51201,144.76724,154.128,155.3746,145.85078,160.8
T000463,1981-09-30,160.76083,162.1412,156.16792,157.50298,154.92488,163.0
T000463,1981-10-31,163.528,164.12775,157.3497,158.55154,148.58194,172.6
T000463,1981-11-30,171.42822,169.91498,159.18669,159.69164,134.96873,178.3
T000463,1981-12-31,175.91858,168.89272,161.3105,160.07268,149.90388,177.9
T000463,1982-01-31,175.98984,162.15326,163.15213,159.82207,153.22952,175.5
T000463,1982-02-28,176.241,172.94724,165.79175,162.44427,168.0168,175.6
T000463,1982-03-31,175.55727,182.53964,167.5148,163.51613,160.81741,175.4
T000463,1982-04-30,175.15309,173.52414,169.10791,167.14525,162.06337,177.5
T000463,1982-05-31,174.32762,174.32834,170.5698,167.53383,165.38078,173.5
T000464,1981-04-30,137.01752,138.98215,136.30077,144.72539,146.9546,137.6
T000464,1981-05-31,137.75378,143.41585,136.01634,143.15573,148.46498,139.9
T000464,1981-06-30,138.97574,146.45216,135.88266,141.39624,151.39984,143.1
T000464,1981-07-31,140.27113,150.02493,136.14636,140.68857,151.80914,147.5
T000464,1981-08-31,143.57378,154.27371,137.04561,139.68263,156.25992,151.8
T000464,1981-09-30,147.45543,159.96625,138.54816,139.81042,160.92656,154.7
T000464,1981-10-31,150.299,163.27762,140.5458,140.23326,160.40466,161.2
T000464,1981-11-30,156.65115,169.14378,142.89204,140.67017,161.9832,161.9
T000464,1981-12-31,157.51125,169.4386,144.88307,141.42377,161.70198,163.6
T000464,1982-01-31,160.09486,171.18791,147.59482,142.45642,159.74849,163.3
T000464,1982-02-28,161.02695,167.778,150.18219,143.44254,160.90163,165.0
T000464,1982-03-31,163.74414,167.58717,152.75764,146.40352,161.36676,163.7
T000464,1982-04-30,162.82231,165.5277,154.96129,149.87387,162.76645,166.8
T000464,1982-05-31,166.30101,169.25739,157.24666,155.83362,160.33513,169.2
T000465,1980-04-30,138.51343,120.28927,145.41527,141.76994,125.63295,125.0
T000465,1980-05-31,132.6057,103.52287,138.7162,139.68167,159.00385,156.0
T000465,1980-06-30,156.40689,149.37708,146.8653,143.08601,141.08734,166.0
T000465,1980-07-31,160.52635,163.69907,141.6604,142.1939,133.02652,154.0
T000465,1980-08-31,148.34163,159.62123,144.72238,147.28043,140.75015,236.0
T000465,1980-09-30,218.867,234.1655,149.75197,147.27849,118.9576,146.0
T000465,1980-10-31,141.70477,134.88326,145.02853,154.03935,156.21677,121.0
T000465,1980-11-30,126.98335,141.06271,156.54218,152.82533,169.50761,140.0
T000465,1980-12-31,140.75989,141.56223,150.50558,149.28014,155.63242,141.0
T000465,1981-01-31,140.52031,145.01645,150.86511,151.26108,138.03853,152.0
T000465,1981-02-28,149.16539,159.1285,153.54314,152.98868,153.97966,148.0
T000465,1981-03-31,144.42726,148.38159,145.39166,148.30421,121.794624,145.0
T000465,1981-04-30,147.0973,130.57611,157.78052,151.59769,141.39124,132.0
T000465,1981-05-31,140.3135,110.47862,149.55792,151.08624,180.54445,170.0
T000466,1980-11-30,1407.2979,1353.8962,1431.056,1461.4235,1423.8972,1567.0
T000466,1980-12-31,1540.415,1545.5077,1453.3982,1476.7223,1289.9209,1460.0
T000466,1981-01-31,1447.8429,1368.4382,1451.4991,1481.9004,1289.9866,1497.0
T000466,1981-02-28,1498.4019,1387.4044,1472.819,1518.044,1406.816,1602.0
T000466,1981-03-31,1567.6914,1502.3484,1483.6849,1517.4834,1395.2047,1793.0
T000466,1981-04-30,1725.6547,1773.3152,1491.4427,1550.4364,1203.294,1422.0
T000466,1981-05-31,1410.6674,1457.6322,1485.4523,1563.1974,1356.5947,1761.0
T000466,1981-06-30,1731.7906,1838.4246,1517.4922,1543.0515,1215.926,1574.0
T000466,1981-07-31,1544.0253,1453.2876,1510.5188,1566.4634,1223.79,1239.0
T000466,1981-08-31,1320.3832,1171.7925,1538.951,1560.2013,1459.7937,1593.0
T000466,1981-09-30,1616.9291,1564.5621,1552.5446,1624.8378,1376.5376,1663.0
T000466,1981-10-31,1636.8696,1564.5889,1532.9862,1628.3097,1163.7163,1675.0
T000466,1981-11-30,1669.5997,1621.9568,1594.8322,1615.0785,1356.214,1844.0
T000466,1981-12-31,1823.2194,1728.2153,1586.2032,1648.7053,1401.1722,1509.0
T000467,1980-11-30,1246.7688,1195.7173,1230.9971,1290.1865,1239.0731,1452.0
T000467,1980-12-31,1420.5815,1492.2089,1261.1879,1309.9764,1194.1877,1291.0
T000467,1981-01-31,1261.6259,1235.1353,1259.047,1315.5168,1024.488,1408.0
T000467,1981-02-28,1392.0494,1351.1539,1295.4811,1323.7614,1234.8718,1552.0
T000467,1981-03-31,1505.2316,1419.8827,1315.5598,1324.7102,1267.556,1610.0
T000467,1981-04-30,1554.2341,1571.3112,1326.5459,1352.1194,1087.0334,1338.0
T000467,1981-05-31,1329.0747,1379.0171,1347.9291,1362.8738,1258.7181,1698.0
T000467,1981-06-30,1678.7819,1764.6506,1376.0519,1386.4186,1122.825,1519.0
T000467,1981-07-31,1473.743,1446.1709,1380.4275,1430.497,1108.6991,1121.0
T000467,1981-08-31,1179.0803,1087.5605,1413.773,1407.0457,1305.6271,1444.0
T000467,1981-09-30,1487.6185,1371.8804,1435.1589,1471.5961,1300.6754,1627.0
T000467,1981-10-31,1602.8915,1500.4421,1439.9204,1488.2462,1141.4156,1593.0
T000467,1981-11-30,1583.5883,1528.7397,1487.0262,1500.7683,1330.6118,1691.0
T000467,1981-12-31,1675.9371,1623.7908,1487.4695,1498.6628,1353.7292,1450.0
T000468,1980-11-30,141.12538,150.45168,137.453,144.48215,123.81035,118.0
T000468,1980-12-31,119.188774,117.89003,137.49066,144.55293,138.81042,127.0
T000468,1981-01-31,130.63857,124.53262,137.01416,146.18787,128.48091,130.0
T000468,1981-02-28,131.95955,123.32285,138.75789,145.46758,150.70782,136.0
T000468,1981-03-31,135.86044,138.24991,137.28163,142.02316,135.91316,155.0
T000468,1981-04-30,149.17795,157.97002,139.00743,142.37784,123.265396,153.0
T000468,1981-05-31,147.93944,153.51892,137.69783,145.39333,127.68438,153.0
T000468,1981-06-30,150.83788,147.81468,140.72134,150.74538,139.67847,147.0
T000468,1981-07-31,145.3936,145.42377,140.15916,152.00409,141.35085,105.0
T000468,1981-08-31,111.09496,110.377914,139.99982,150.26146,153.03351,155.0
T000468,1981-09-30,152.42111,165.25739,140.91765,150.773,129.61961,155.0
T000468,1981-10-31,147.84108,153.69614,139.41623,150.96733,127.533455,146.0
T000468,1981-11-30,141.79286,154.65314,140.96005,150.85324,122.990685,130.0
T000468,1981-12-31,131.42245,127.75789,141.29494,152.7768,141.9365,117.0
T000469,1981-01-31,1928.1731,1961.4868,1863.0679,2009.1749,1926.313,2041.0
T000469,1981-02-28,1987.6818,2068.2249,1889.7755,2009.0469,1826.0728,2196.0
T000469,1981-03-31,2121.924,2177.6235,1904.2189,2038.9451,1690.329,1995.0
T000469,1981-04-30,1942.8958,2017.6868,1910.7251,2037.7561,2067.8137,2100.0
T000469,1981-05-31,2003.9114,2173.9634,1935.8866,2032.7745,1677.8707,2127.0
T000469,1981-06-30,2025.0988,2148.4426,1936.1622,2029.478,1612.3877,2086.0
T000469,1981-07-31,2049.6765,2164.2769,1959.353,2057.2234,1757.3193,2007.0
T000469,1981-08-31,2012.4777,2104.427,1959.8995,2059.434,1724.5336,1784.0
T000469,1981-09-30,1792.0355,1830.7163,1962.2106,2069.672,1576.2125,1386.0
T000469,1981-10-31,1531.3842,1239.7339,1985.5505,2101.1843,1841.5382,2071.0
T000469,1981-11-30,2104.9546,1922.0923,1980.4852,2134.691,1702.3746,2126.0
T000469,1981-12-31,2075.7925,1992.8098,2000.3274,2135.7878,1618.3403,1946.0
T000469,1982-01-31,1938.0328,1907.6844,1981.9883,2086.724,1705.356,1938.0
T000469,1982-02-28,1933.0002,1832.5004,1996.1049,2083.893,1920.3285,2127.0
T000470,1980-06-30,90.06178,96.41829,92.73939,105.57762,88.10507,91.8
T000470,1980-07-31,91.242355,97.79669,93.14403,103.75081,98.552574,99.1
T000470,1980-08-31,96.82353,102.55702,92.44154,103.18294,115.06942,100.3
T000470,1980-09-30,96.35623,109.17105,92.21886,102.22879,107.79981,103.7
T000470,1980-10-31,98.35118,116.32951,93.12392,101.31187,101.400826,113.4
T000470,1980-11-30,108.19403,124.58897,94.33427,102.31087,106.451996,109.1
T000470,1980-12-31,103.70141,115.9582,95.44218,102.00314,108.54857,92.3
T000470,1981-01-31,89.2024,103.347984,95.8448,101.471985,113.068695,77.5
T000470,1981-02-28,79.791885,88.89054,97.79817,99.684296,119.30508,110.3
T000470,1981-03-31,108.46754,114.37545,98.48871,102.13949,105.05335,102.0
T000470,1981-04-30,98.42208,102.351234,99.09498,101.957184,113.565994,97.9
T000470,1981-05-31,95.30982,110.2451,99.32263,102.6094,108.48491,89.3
T000470,1981-06-30,89.07993,91.21918,98.884575,101.29754,107.9183,97.7
T000470,1981-07-31,99.08147,99.245316,99.877884,103.17964,108.79437,98.5
T000471,1980-04-30,236.87148,216.81966,200.19063,206.9081,163.16698,181.0
T000471,1980-05-31,185.15645,159.31757,195.5369,202.45671,180.34756,78.0
T000471,1980-06-30,92.89229,90.70344,193.55719,202.2372,231.57918,191.0
T000471,1980-07-31,199.66985,178.7805,191.93425,197.57175,224.64384,208.0
T000471,1980-08-31,194.19186,162.37479,189.40956,200.94855,230.32399,157.0
T000471,1980-09-30,147.33302,197.35927,179.69998,205.79367,265.09326,165.0
T000471,1980-10-31,150.17374,242.94522,171.79636,207.22684,268.24384,215.0
T000471,1980-11-30,189.6748,267.6472,179.54648,199.20798,191.70119,229.0
T000471,1980-12-31,210.70145,234.47475,180.91307,200.32616,263.9729,184.0
T000471,1981-01-31,167.46103,213.87286,185.17105,201.58974,277.4223,168.0
T000471,1981-02-28,152.34143,217.11118,182.08606,195.68506,191.77615,223.0
T000471,1981-03-31,212.02193,239.425,189.66135,194.38379,185.2156,103.0
T000471,1981-04-30,111.94211,104.72541,175.66365,195.72382,222.96272,140.0
T000471,1981-05-31,139.94583,174.99333,175.6672,192.57492,175.54079,114.0
T000472,1981-02-28,123.59632,126.84543,115.78008,121.21823,116.2868,121.0
T000472,1981-03-31,118.39569,122.398346,116.7076,124.271866,130.2213,123.0
T000472,1981-04-30,119.76251,128.43553,117.08176,124.59759,128.77069,128.0
T000472,1981-05-31,122.70565,140.21483,117.173485,124.19571,120.01871,127.0
T000472,1981-06-30,122.035286,140.01436,117.83952,124.899414,115.013374,123.0
T000472,1981-07-31,119.040825,130.52419,118.141495,124.32763,114.035965,122.0
T000472,1981-08-31,119.260086,123.33118,119.623116,126.43982,114.75993,99.0
T000472,1981-09-30,103.58847,98.161804,120.21772,127.61979,126.302414,113.0
T000472,1981-10-31,117.36591,114.18862,121.58245,128.69963,121.19353,128.0
T000472,1981-11-30,126.97131,122.86632,122.153885,129.12473,115.71102,133.0
T000472,1981-12-31,131.17462,130.31284,123.14986,128.05876,115.78664,136.0
T000472,1982-01-31,132.47685,132.82599,123.779724,126.71836,120.196434,138.0
T000472,1982-02-28,136.0408,134.47833,124.824974,127.91641,119.66902,129.0
T000472,1982-03-31,128.4442,127.392914,125.46618,127.470245,134.30257,131.0
T000473,1981-02-28,92.27329,111.73735,102.1759,109.421005,133.82048,98.0
T000473,1981-03-31,93.436035,112.55624,101.43339,107.56418,133.20638,100.0
T000473,1981-04-30,95.07426,113.187164,100.96342,105.67438,133.38347,103.0
T000473,1981-05-31,98.06708,115.22366,100.804,104.481,128.72092,104.0
T000473,1981-06-30,99.14223,114.489136,100.801094,103.67686,127.044785,103.0
T000473,1981-07-31,98.85457,112.81547,100.778694,103.3539,126.002075,102.0
T000473,1981-08-31,98.365395,111.57626,100.9868,103.1132,125.73874,103.0
T000473,1981-09-30,99.43091,112.51936,101.08685,102.89115,122.52049,107.0
T000473,1981-10-31,103.1155,115.56369,101.67929,102.90027,119.038284,110.0
T000473,1981-11-30,106.054214,117.28878,102.22683,102.9967,116.16947,111.0
T000473,1981-12-31,107.68451,117.15557,103.19058,103.30343,114.63816,111.0
T000473,1982-01-31,108.53655,115.964386,104.311485,103.81252,113.40582,109.0
T000473,1982-02-28,107.88328,112.13519,105.40445,104.297714,113.274796,111.0
T000473,1982-03-31,110.52026,113.19104,106.56707,105.49343,112.07727,112.0
T000474,1980-02-29,2.4455056,2.032062,2.798536,2.9764023,0.85062504,2.8
T000474,1980-03-31,2.8004818,2.3571415,2.8132675,2.9591358,1.2349895,3.3
T000474,1980-04-30,3.187632,2.5800395,2.8690667,2.9665704,1.4268775,3.11
T000474,1980-05-31,2.987124,2.6688643,2.8424368,2.9818869,1.8173634,3.06
T000474,1980-06-30,2.9766273,3.0567842,2.9306679,2.9764793,2.2953525,3.08
T000474,1980-07-31,3.0457568,2.9265172,2.913468,2.995663,2.5380914,3.08
T000474,1980-08-31,3.0582576,2.938301,2.9621234,3.085532,3.0465522,2.52
T000474,1980-09-30,2.6206942,2.6446962,2.9652221,3.0099938,3.3556814,3.11
T000474,1980-10-31,3.1161187,3.2738755,2.9818735,3.1024013,2.9313846,3.62
T000474,1980-11-30,3.4824867,3.5911798,3.0400307,3.1502705,2.7592032,3.59
T000474,1980-12-31,3.4678366,3.6036549,3.0589755,3.187785,3.0313249,3.4
T000474,1981-01-31,3.3129075,3.3708775,3.1303232,3.2395332,2.9982653,2.72
T000474,1981-02-28,2.7987683,2.6777368,3.1385922,3.233931,3.195866,3.19
T000474,1981-03-31,3.2389877,3.1318462,3.1770904,3.1883235,3.333877,3.67
T000475,1981-02-28,122.495476,119.27668,122.697,125.31643,122.52437,117.9
T000475,1981-03-31,119.22582,119.60481,123.18054,125.41503,126.13835,122.2
T000475,1981-04-30,122.26904,124.98742,123.72877,124.9836,128.31522,123.9
T000475,1981-05-31,122.75661,127.158165,122.159164,124.80256,117.143524,129.8
T000475,1981-06-30,128.59135,130.37772,125.62376,125.01396,120.24552,130.5
T000475,1981-07-31,130.17082,125.635124,124.12914,125.03388,125.184074,131.8
T000475,1981-08-31,131.42346,128.98541,126.84427,127.12265,126.34541,125.4
T000475,1981-09-30,126.00707,124.110115,125.43191,125.3064,130.48537,127.0
T000475,1981-10-31,127.205986,129.10735,127.2452,125.62232,131.17726,153.9
T000475,1981-11-30,149.17822,155.05858,128.32162,126.50375,121.16022,131.4
T000475,1981-12-31,128.47504,130.89949,127.16681,127.794266,128.73221,132.7
T000475,1982-01-31,131.21254,138.8095,130.93372,128.16814,130.06522,130.1
T000475,1982-02-28,129.63815,127.84881,130.09932,129.35773,131.14023,126.4
T000475,1982-03-31,127.81557,126.406746,131.0413,130.27307,132.54327,129.9
T000476,1980-12-31,837.60315,930.9061,846.8741,949.4219,601.3515,830.0
T000476,1981-01-31,852.7641,813.3664,883.84753,975.9508,848.5927,543.0
T000476,1981-02-28,617.66113,494.123,877.85815,1001.8348,911.4143,696.0
T000476,1981-03-31,766.9268,741.6912,888.483,994.7979,806.8842,1021.0
T000476,1981-04-30,1031.9773,951.98914,928.86743,1006.6665,770.97095,1160.0
T000476,1981-05-31,1128.268,1006.2356,934.99036,1038.6757,739.52374,1210.0
T000476,1981-06-30,1165.4741,1072.9248,973.9291,1046.2961,897.6512,1376.0
T000476,1981-07-31,1337.0541,1262.3905,1005.3304,1041.108,958.4402,1108.0
T000476,1981-08-31,1087.6901,1041.6337,1013.86835,1069.0176,1102.4059,1100.0
T000476,1981-09-30,1048.6409,1222.926,1034.8344,1068.7764,1076.8228,1038.0
T000476,1981-10-31,971.3531,1121.3583,1015.29083,1078.385,960.09357,1266.0
T000476,1981-11-30,1161.2454,1394.6594,1033.4545,1093.4677,809.39923,1042.0
T000476,1981-12-31,1008.9708,1126.811,1032.7185,1107.9607,926.4476,776.0
T000476,1982-01-31,802.44806,851.63824,1025.8448,1113.0009,859.376,482.0
T000477,1980-12-31,211.63428,211.76291,193.56741,186.33324,178.83253,238.0
T000477,1981-01-31,231.60387,229.99432,197.5334,192.26854,170.77406,211.0
T000477,1981-02-28,210.64761,201.4221,199.13538,206.34442,192.26984,223.0
T000477,1981-03-31,225.56372,219.79146,207.0367,208.27408,192.65288,210.0
T000477,1981-04-30,211.77353,197.1047,206.99467,209.86447,195.31094,228.0
T000477,1981-05-31,227.23291,220.27122,212.12343,210.10036,193.437,236.0
T000477,1981-06-30,234.30612,225.75885,214.42996,210.40504,202.05008,244.0
T000477,1981-07-31,242.77779,235.07916,216.77745,216.50995,188.28624,228.0
T000477,1981-08-31,229.06912,214.60808,221.96906,221.21014,200.1674,224.0
T000477,1981-09-30,226.60576,209.54602,223.65285,220.56403,207.4899,254.0
T000477,1981-10-31,253.24736,240.92163,228.56808,223.65416,208.3994,241.0
T000477,1981-11-30,240.73654,232.26921,228.24248,224.00253,214.89706,257.0
T000477,1981-12-31,254.79988,253.9076,234.5337,232.6117,206.92982,308.0
T000477,1982-01-31,299.27057,294.2499,238.85054,235.5558,201.6106,237.0
T000478,1981-04-30,142.16663,177.58566,145.19693,152.53014,205.28897,167.5
T000478,1981-05-31,158.79817,187.81493,147.42375,152.69214,189.38892,201.8
T000478,1981-06-30,193.36005,226.3097,153.47821,152.71175,198.82254,188.8
T000478,1981-07-31,179.44658,209.94354,155.01352,153.68216,166.65111,197.0
T000478,1981-08-31,189.11102,201.14404,162.42972,155.86118,158.5415,189.8
T000478,1981-09-30,183.35056,191.22516,166.74706,160.42331,173.0781,189.7
T000478,1981-10-31,188.94983,182.53854,171.3561,166.05249,154.63127,169.0
T000478,1981-11-30,171.0625,161.58414,173.38354,167.67393,172.98543,199.6
T000478,1981-12-31,200.40826,202.36699,177.63976,172.43155,167.13797,217.2
T000478,1982-01-31,214.19516,205.45502,183.75648,177.28487,160.67221,246.3
T000478,1982-02-28,242.65039,239.26428,189.68716,183.50583,170.6628,203.4
T000478,1982-03-31,205.40193,191.73177,194.22093,185.06827,188.9621,242.5
T000478,1982-04-30,241.86597,227.6198,204.31966,207.84326,174.25717,242.2
T000478,1982-05-31,240.842,211.46747,207.18849,209.89447,204.12775,278.7
T000479,1980-12-31,157.12979,160.9765,150.24075,148.76968,150.64662,157.9
T000479,1981-01-31,157.78429,156.68867,150.792,151.24553,152.88628,140.2
T000479,1981-02-28,142.59573,139.71422,151.37363,150.91559,153.68648,153.4
T000479,1981-03-31,153.48386,153.21385,152.35748,152.01654,153.53502,163.0
T000479,1981-04-30,161.2198,159.68832,152.44801,153.27815,148.30997,161.3
T000479,1981-05-31,160.18864,161.03572,153.82037,154.9625,149.15372,157.6
T000479,1981-06-30,157.49542,157.96646,154.32771,154.5682,155.05106,165.5
T000479,1981-07-31,164.85158,161.86765,156.16623,156.89151,149.63705,151.1
T000479,1981-08-31,151.61319,146.10986,155.36122,156.33664,159.63579,153.5
T000479,1981-09-30,154.87471,155.74284,157.33368,155.62126,157.06213,178.0
T000479,1981-10-31,174.96123,176.06091,158.03545,157.06036,144.16489,174.5
T000479,1981-11-30,172.01193,170.27002,159.13518,157.70837,148.86098,178.2
T000479,1981-12-31,176.56262,177.81201,162.24968,161.2318,155.79019,175.8
T000479,1982-01-31,174.33829,171.51733,163.08003,163.301,153.39972,159.4
T000480,1980-12-31,207.04372,198.4406,188.31866,186.22179,176.37991,272.4
T000480,1981-01-31,259.5935,266.0808,192.64522,188.28465,162.1587,189.5
T000480,1981-02-28,187.4812,179.76668,191.1107,191.15329,193.5091,204.8
T000480,1981-03-31,203.60336,217.12509,200.59402,192.08217,183.22072,192.2
T000480,1981-04-30,192.18597,185.30243,198.26822,193.33138,200.41617,240.4
T000480,1981-05-31,234.02158,246.07619,203.64914,194.45428,171.81511,205.3
T000480,1981-06-30,201.7907,202.79346,203.94714,200.00505,197.08818,211.8
T000480,1981-07-31,210.2044,217.81746,202.7178,200.04803,165.1035,214.2
T000480,1981-08-31,216.7252,189.77795,214.10605,205.07309,200.01178,219.3
T000480,1981-09-30,224.35585,197.66325,211.43594,204.22798,207.14403,221.8
T000480,1981-10-31,226.36426,206.09323,221.24446,223.65756,218.50827,240.8
T000480,1981-11-30,239.30005,234.14374,214.99615,216.36118,195.96736,253.0
T000480,1981-12-31,246.23528,241.20184,224.44684,221.32884,205.77505,324.6
T000480,1982-01-31,309.13916,314.5786,227.4146,225.19,195.76747,223.6
T000481,1981-01-31,125.12501,131.27794,118.37774,122.857216,118.204544,128.4
T000481,1981-02-28,125.29492,128.45427,117.34029,121.31235,115.24597,106.3
T000481,1981-03-31,108.45563,109.59242,118.00236,123.628136,130.96478,118.5
T000481,1981-04-30,118.61639,123.10198,118.34461,122.60273,126.34481,120.2
T000481,1981-05-31,117.35718,121.882744,117.47738,120.86991,120.89131,120.8
T000481,1981-06-30,118.393074,129.21191,118.10576,122.56261,119.85833,130.3
T000481,1981-07-31,126.71962,134.55983,118.49245,121.11736,117.47125,131.4
T000481,1981-08-31,128.24948,131.1766,119.28128,121.70952,115.3363,114.1
T000481,1981-09-30,115.68988,112.83884,120.72211,121.290726,133.91739,115.0
T000481,1981-10-31,117.826775,117.904495,121.9162,121.005936,132.39511,130.2
T000481,1981-11-30,128.41452,131.86916,122.33578,122.47948,122.935715,134.4
T000481,1981-12-31,132.15482,134.97766,123.476456,123.919846,124.63537,138.5
T000481,1982-01-31,134.37173,140.9681,124.19807,124.01188,125.78372,138.1
T000481,1982-02-28,134.5709,138.39299,124.975525,125.92535,121.250374,121.5
T000482,1981-02-28,133.02365,129.69429,122.33122,119.89234,114.23323,132.95
T000482,1981-03-31,132.81377,130.08824,124.315994,120.46988,117.544,139.83
T000482,1981-04-30,139.37112,136.09526,126.702805,125.82645,117.80313,139.97
T000482,1981-05-31,139.8343,134.24399,128.12166,127.14998,118.76003,138.51
T000482,1981-06-30,138.96437,132.9348,130.62498,126.763985,124.73131,138.1
T000482,1981-07-31,138.41899,133.10933,131.87836,130.79312,124.37638,144.54
T000482,1981-08-31,143.99013,139.75043,133.68628,132.82912,123.48163,145.56
T000482,1981-09-30,145.15877,140.20218,135.32147,133.86888,128.69516,145.32
T000482,1981-10-31,145.25124,141.08495,136.8135,137.60475,127.05944,146.12
T000482,1981-11-30,145.58565,141.83148,138.5516,138.77095,128.19016,140.48
T000482,1981-12-31,141.6541,134.60706,139.99005,139.7371,134.7583,151.52
T000482,1982-01-31,151.71265,145.80255,142.12077,144.71188,131.96558,146.98
T000482,1982-02-28,146.75403,139.91501,142.14217,144.59384,133.3867,140.45
T000482,1982-03-31,141.34496,137.21228,143.54327,144.3812,132.59572,141.04
T000483,1980-12-31,142.72249,154.54398,137.38605,150.01114,126.01448,148.0
T000483,1981-01-31,145.80438,147.6255,137.48975,147.14014,135.62105,137.0
T000483,1981-02-28,138.46611,135.25838,138.24197,146.18481,130.76135,137.0
T000483,1981-03-31,136.35747,134.98468,138.43843,145.44019,155.90317,155.0
T000483,1981-04-30,151.33775,159.28508,139.49626,145.58418,141.6186,152.0
T000483,1981-05-31,146.21832,157.23111,140.20116,145.22496,135.40576,153.0
T000483,1981-06-30,148.79947,162.16339,140.71446,146.8846,143.58174,152.0
T000483,1981-07-31,145.52872,157.8608,141.16489,145.8809,142.2669,153.0
T000483,1981-08-31,148.58667,158.283,142.19098,149.0824,141.87737,113.0
T000483,1981-09-30,118.38752,122.557236,143.25885,149.80133,162.80304,151.0
T000483,1981-10-31,151.57745,161.02312,143.78854,153.21605,135.83774,159.0
T000483,1981-11-30,154.17151,151.96931,146.69478,153.91283,138.35693,165.0
T000483,1981-12-31,161.61624,166.04347,148.17627,154.78687,139.20546,161.0
T000483,1982-01-31,158.82874,156.41528,149.8555,157.33087,144.27315,160.0
T000484,1980-04-30,427.9808,420.66364,439.9223,447.8351,365.087,426.9
T000484,1980-05-31,425.16428,423.21957,437.1627,448.79364,387.7083,423.7
T000484,1980-06-30,423.4268,430.11212,437.45325,446.85004,444.5013,421.4
T000484,1980-07-31,421.45328,427.2851,434.04544,444.88782,445.94705,418.9
T000484,1980-08-31,418.69476,425.00854,434.30856,440.83838,444.5625,418.2
T000484,1980-09-30,417.53604,425.34866,429.9422,440.6869,440.32214,418.7
T000484,1980-10-31,417.1384,425.01376,429.68668,441.5146,438.9233,420.0
T000484,1980-11-30,417.32324,428.0849,426.53317,438.99176,437.75735,418.3
T000484,1980-12-31,416.50528,426.60007,425.49048,436.87906,438.27264,417.1
T000484,1981-01-31,416.11008,426.13202,424.16394,432.79968,441.22107,416.8
T000484,1981-02-28,414.12418,424.30554,422.5753,430.75528,442.82532,418.3
T000484,1981-03-31,413.8312,430.25845,420.9857,429.39304,437.52084,415.8
T000484,1981-04-30,411.19418,428.4866,419.51935,427.54242,436.26367,426.1
T000484,1981-05-31,421.6416,436.57944,419.57413,424.32587,431.05035,420.4
T000485,1981-04-30,0.83021295,1.2992992,1.2623352,1.5605203,2.0314736,1.02
T000485,1981-05-31,0.99395746,1.3353739,1.1427752,1.4778088,1.4901502,1.21
T000485,1981-06-30,1.1238949,1.1837884,1.2459208,1.362726,1.439492,0.25
T000485,1981-07-31,0.28001344,0.43362498,1.0545567,1.4237503,1.8954084,0.55
T000485,1981-08-31,0.5012157,0.8847574,1.0866343,1.3683902,1.5723541,0.89
T000485,1981-09-30,0.71686995,1.3068378,0.8932771,1.2454853,1.4808336,0.92
T000485,1981-10-31,0.7802776,1.3156635,0.99254596,1.2588339,1.5382315,1.04
T000485,1981-11-30,0.9023416,1.3270564,0.90908825,1.168754,1.5144807,0.75
T000485,1981-12-31,0.6104585,1.1725832,0.8977952,1.2100914,1.6879104,1.09
T000485,1982-01-31,0.9590427,1.4547551,0.9153232,1.1563803,1.2785907,0.65
T000485,1982-02-28,0.5611115,0.75608945,0.86349195,1.0825943,1.5774946,1.11
T000485,1982-03-31,0.98952556,1.4931824,0.9005921,1.0344508,1.0660568,0.58
T000485,1982-04-30,0.5097738,0.7209778,0.8224849,1.0706512,1.3809901,0.87
T000485,1982-05-31,0.78148735,1.2110102,0.8450193,1.0589267,1.0845726,1.07
T000486,1980-06-30,2222.1309,2233.0542,1915.1299,1973.1492,1302.8022,1669.0
T000486,1980-07-31,1688.6501,1561.3296,1886.1978,1866.1183,1497.0974,1880.0
T000486,1980-08-31,1937.8195,1861.8679,1963.8134,1959.6835,1754.8046,2511.0
T000486,1980-09-30,2463.3308,2253.3347,1984.3146,1999.8256,1664.7688,2362.0
T000486,1980-10-31,2315.0347,2249.4194,2015.7288,2033.012,1715.4021,2737.0
T000486,1980-11-30,2698.9404,2699.328,2142.3635,2074.786,1893.6262,2535.0
T000486,1980-12-31,2492.384,2346.6113,2144.035,2127.824,1845.4456,2988.0
T000486,1981-01-31,2898.1128,2803.9766,2278.6626,2187.8564,1847.85,2226.0
T000486,1981-02-28,2263.3403,1991.4681,2269.432,2181.4067,2356.7478,2721.0
T000486,1981-03-31,2718.087,2769.3079,2383.1914,2287.789,2103.6768,2969.0
T000486,1981-04-30,2913.766,2867.4722,2427.7715,2307.09,2116.651,2981.0
T000486,1981-05-31,2945.6797,2960.957,2487.9873,2422.943,2263.6545,3237.0
T000486,1981-06-30,3142.3682,3158.8613,2618.8296,2564.2163,2280.2446,2523.0
T000486,1981-07-31,2575.7075,2344.9802,2614.1538,2623.1208,2429.3704,2702.0
T000487,1980-06-30,2754.7844,2844.997,2100.844,2223.755,1377.5957,2088.0
T000487,1980-07-31,2074.3452,1989.0253,2074.831,2209.4304,1595.5568,2338.0
T000487,1980-08-31,2381.9353,2401.2097,2219.3857,2220.174,2099.3477,3098.0
T000487,1980-09-30,3011.991,2863.7234,2239.1787,2262.8428,1861.3438,3040.0
T000487,1980-10-31,2941.054,2901.379,2329.7095,2291.4248,1989.8492,3246.0
T000487,1980-11-30,3187.5723,3296.7563,2491.7803,2331.2764,2427.4731,3014.0
T000487,1980-12-31,2977.4434,2936.9934,2512.8564,2405.739,2241.1775,2883.0
T000487,1981-01-31,2859.7095,2789.8228,2645.8723,2488.1094,2431.4624,2574.0
T000487,1981-02-28,2658.0557,2400.5442,2689.6355,2445.859,3032.5854,3224.0
T000487,1981-03-31,3214.5205,3200.7493,2757.4092,2696.2407,2657.437,3289.0
T000487,1981-04-30,3237.19,3292.524,2834.449,2709.6853,2744.5417,3605.0
T000487,1981-05-31,3562.4995,3627.3647,2945.4417,2835.7986,2790.0918,3883.0
T000487,1981-06-30,3751.9148,3647.2168,3052.7092,3302.246,2749.261,2957.0
T000487,1981-07-31,3017.8853,2714.2808,3101.2908,3224.5906,3081.8972,3200.0
T000488,1981-11-30,154.30466,154.51865,148.21106,150.20549,140.28548,150.5
T000488,1981-12-31,150.27928,146.03516,148.33647,151.27608,139.4968,149.9
T000488,1982-01-31,150.89607,144.85764,149.52705,151.13474,147.23093,156.8
T000488,1982-02-28,156.19334,152.9443,150.0246,152.59094,148.04669,153.4
T000488,1982-03-31,152.21594,154.09523,149.86575,152.05833,141.84157,154.3
T000488,1982-04-30,153.14519,156.71632,150.7948,152.20186,140.71614,154.5
T000488,1982-05-31,153.59665,152.48415,150.62683,152.32048,139.38402,156.8
T000488,1982-06-30,155.68498,152.50905,151.61377,153.22844,140.38602,140.9
T000488,1982-07-31,142.99196,138.44002,151.5117,152.6082,150.4806,146.6
T000488,1982-08-31,149.1077,147.85732,152.04498,153.53986,146.25534,153.2
T000488,1982-09-30,153.03818,149.624,152.1721,153.83049,142.9444,154.2
T000488,1982-10-31,153.54463,151.39882,152.27177,154.22081,144.61497,157.4
T000488,1982-11-30,156.07161,154.42593,152.92502,154.91225,145.72267,150.6
T000488,1982-12-31,150.92224,147.31996,151.9792,153.79893,145.97916,151.0
T000489,1980-02-29,2.5550077,2.1718612,2.8327699,3.129691,0.918267,2.77
T000489,1980-03-31,2.7828493,2.5090837,2.7898302,3.0804102,1.2162954,3.3
T000489,1980-04-30,3.1814966,2.6827018,2.8448284,3.0267797,1.4277421,2.94
T000489,1980-05-31,2.8110898,2.4509923,2.775362,2.9802687,1.9686947,2.87
T000489,1980-06-30,2.8181472,3.00572,2.8595285,3.008959,2.7009182,3.08
T000489,1980-07-31,3.013103,3.1405013,2.8477612,2.952798,2.901606,3.0
T000489,1980-08-31,2.90115,3.1017625,2.8692212,2.980484,3.2832086,2.84
T000489,1980-09-30,2.8066463,3.217693,2.9061313,2.9418528,3.620697,3.29
T000489,1980-10-31,3.1847038,3.5979335,2.9190402,2.9488919,3.2537422,3.32
T000489,1980-11-30,3.1512032,3.4611123,2.9658175,2.9679022,3.0511093,3.35
T000489,1980-12-31,3.2696836,3.4826953,3.026398,2.979121,3.471187,3.53
T000489,1981-01-31,3.4584005,3.5575562,3.096279,3.0201373,3.3311052,3.07
T000489,1981-02-28,3.0716062,3.1408982,3.1099925,3.0941467,3.3467193,2.3
T000489,1981-03-31,2.3980083,2.4931931,3.1164806,3.0654898,3.6083364,4.02
T000490,1974-11-30,118.62042,112.86769,114.98318,116.38723,109.902756,125.0
T000490,1974-12-31,124.568436,120.069405,116.36272,116.59184,105.76728,114.0
T000490,1975-01-31,115.04707,108.555855,116.348946,116.91676,108.74988,119.0
T000490,1975-02-28,119.76061,116.21248,117.97726,116.01389,108.420944,130.0
T000490,1975-03-31,128.34589,124.43686,118.11661,117.23726,105.972,118.0
T000490,1975-04-30,117.61287,114.409355,118.089905,119.302216,103.53391,116.0
T000490,1975-05-31,117.127525,114.330864,119.74801,118.08184,109.24711,120.0
T000490,1975-06-30,120.26285,115.23864,118.857,119.992744,107.18254,120.0
T000490,1975-07-31,119.823395,115.66628,119.85383,120.52028,109.98228,115.0
T000490,1975-08-31,116.538025,112.62984,119.69033,119.65144,114.60064,121.0
T000490,1975-09-30,120.77526,119.262024,119.308914,120.44131,106.99254,121.0
T000490,1975-10-31,120.57807,116.233894,120.009964,119.94194,109.09117,122.0
T000490,1975-11-30,122.37507,118.1416,120.119125,120.87695,114.02868,127.0
T000490,1975-12-31,126.05554,123.36586,120.987656,122.41099,112.0538,118.0
T000491,1974-11-30,127.0283,121.01998,124.89794,128.2163,121.67784,132.0
T000491,1974-12-31,132.44429,124.4865,126.18131,129.4612,117.128334,120.0
T000491,1975-01-31,122.22907,112.25037,126.25508,128.32426,117.500565,132.0
T000491,1975-02-28,132.74843,127.425705,128.76434,127.06684,119.646,148.0
T000491,1975-03-31,145.26709,140.09895,128.31833,127.90391,112.95615,133.0
T000491,1975-04-30,131.93738,126.396645,130.16106,130.40671,115.20661,125.0
T000491,1975-05-31,127.13072,120.465836,131.38574,128.75365,117.53571,133.0
T000491,1975-06-30,133.3451,124.50392,131.5358,133.32492,113.599495,131.0
T000491,1975-07-31,130.46376,124.755196,130.8826,131.9051,118.42376,127.0
T000491,1975-08-31,128.45645,126.33437,131.88138,131.01292,121.91475,140.0
T000491,1975-09-30,137.84407,138.70442,130.55742,130.94455,108.424866,131.0
T000491,1975-10-31,130.24985,124.74866,131.85066,132.4006,113.35139,130.0
T000491,1975-11-30,131.8232,125.50118,132.32524,132.72253,123.05823,131.0
T000491,1975-12-31,131.34477,123.7457,132.62769,133.98625,119.18753,119.0
T000492,1974-11-30,109.801544,116.87758,104.016785,107.22289,100.54604,130.0
T000492,1974-12-31,123.846466,128.66257,106.155945,108.135796,92.10527,97.0
T000492,1975-01-31,98.80026,93.11647,105.27672,108.03352,116.78096,100.0
T000492,1975-02-28,103.09724,103.27554,108.723595,107.43965,114.62962,104.0
T000492,1975-03-31,102.8001,103.99589,106.05914,106.97471,108.557434,108.0
T000492,1975-04-30,106.27951,113.21484,107.09596,108.612076,102.55847,113.0
T000492,1975-05-31,109.96876,116.84763,107.034874,108.41541,101.29883,115.0
T000492,1975-06-30,112.443,114.87386,105.66065,108.09014,92.95638,101.0
T000492,1975-07-31,102.811554,94.86731,108.94229,108.19905,111.3437,97.0
T000492,1975-08-31,100.92747,92.47652,107.84964,107.81626,118.42343,110.0
T000492,1975-09-30,109.94649,110.87745,109.6477,108.78801,108.90323,110.0
T000492,1975-10-31,108.36639,110.54852,107.36726,110.077705,105.30246,119.0
T000492,1975-11-30,115.32946,120.63028,109.26018,110.28853,103.0016,124.0
T000492,1975-12-31,119.14073,121.23842,107.95041,111.98984,101.26783,96.0
T000493,1974-11-30,116.67829,119.998505,107.09201,106.59647,98.19017,112.0
T000493,1974-12-31,110.78883,109.695694,108.58052,108.033424,99.99941,108.0
T000493,1975-01-31,109.67742,105.3965,109.71485,108.97406,111.025734,107.0
T000493,1975-02-28,108.16961,104.047874,109.95716,110.17244,109.837555,106.0
T000493,1975-03-31,106.28103,107.58038,109.44514,109.39559,105.02822,111.0
T000493,1975-04-30,110.46391,112.274635,110.02209,109.47564,102.94619,115.0
T000493,1975-05-31,113.31903,112.79931,109.51728,109.30766,99.40805,116.0
T000493,1975-06-30,115.04398,112.2361,110.658455,111.081535,104.20227,103.0
T000493,1975-07-31,105.12524,99.1401,110.73619,110.519615,112.776436,107.0
T000493,1975-08-31,109.37461,105.01881,111.62738,110.88827,110.77514,116.0
T000493,1975-09-30,115.239426,113.6851,111.44781,112.75413,108.47879,120.0
T000493,1975-10-31,118.006256,118.7134,111.89086,112.582954,106.126274,124.0
T000493,1975-11-30,120.64847,124.01857,112.17807,112.669014,104.18002,111.0
T000493,1975-12-31,110.340385,109.55186,111.96274,113.79691,109.10279,108.0
T000494,1972-04-30,147.48741,154.70468,140.42928,150.61855,123.23732,148.0
T000494,1972-05-31,143.99507,141.17642,139.94269,150.15083,127.38582,141.0
T000494,1972-06-30,141.24196,130.43741,141.19968,150.43639,131.49478,145.0
T000494,1972-07-31,142.73016,139.80176,140.50978,150.71313,156.71036,144.0
T000494,1972-08-31,141.07693,153.58815,140.4608,149.67146,138.50102,146.0
T000494,1972-09-30,140.14915,162.19534,139.55228,148.88206,119.64352,146.0
T000494,1972-10-31,140.61066,154.57146,139.5197,152.29872,120.29899,148.0
T000494,1972-11-30,143.29826,148.10371,139.51614,150.34862,122.47941,129.0
T000494,1972-12-31,128.18771,127.93578,139.57788,151.66061,129.0983,91.0
T000494,1973-01-31,102.468,93.96617,140.31064,152.04524,143.07695,142.0
T000494,1973-02-28,144.86575,141.72392,140.20285,154.72745,122.77379,151.0
T000494,1973-03-31,146.41963,139.09805,140.52728,155.34338,121.331566,156.0
T000494,1973-04-30,152.58192,158.3731,141.36453,151.62141,122.15604,158.0
T000494,1973-05-31,154.24515,152.96292,141.67287,151.96527,125.20665,150.0
T000495,1980-11-30,126.06019,123.729485,120.73563,124.102684,113.26485,128.4
T000495,1980-12-31,128.87239,126.09835,122.41822,124.55138,116.482315,128.6
T000495,1981-01-31,129.09879,126.479836,123.38008,126.52861,119.38578,132.2
T000495,1981-02-28,131.87086,129.76448,124.7676,126.80532,117.66208,133.1
T000495,1981-03-31,132.94635,129.35176,125.92872,127.05687,123.44342,129.6
T000495,1981-04-30,129.95941,126.72541,126.79234,127.394295,127.348305,128.3
T000495,1981-05-31,128.4445,129.19319,127.39376,127.75183,129.67714,132.5
T000495,1981-06-30,131.7197,135.18562,127.96077,127.530174,128.37323,131.4
T000495,1981-07-31,130.32889,132.69838,128.5119,127.570206,127.196175,130.2
T000495,1981-08-31,129.13635,131.4233,128.96742,128.20734,127.35931,129.1
T000495,1981-09-30,128.48035,128.69086,129.37842,130.95679,126.46393,122.6
T000495,1981-10-31,123.69112,120.66818,129.44186,131.17444,128.43982,115.1
T000495,1981-11-30,117.236725,114.57695,128.81487,131.63725,129.13712,114.1
T000495,1981-12-31,116.00198,113.62308,127.217514,131.05214,126.39393,120.7
T000496,1980-11-30,82.179535,87.2499,82.96215,84.244995,98.11165,82.6
T000496,1980-12-31,81.97728,86.07531,83.567566,84.562805,99.89123,88.0
T000496,1981-01-31,86.72753,91.745094,84.22724,84.84343,99.61684,87.5
T000496,1981-02-28,85.42371,90.64392,84.42191,84.55665,97.845856,86.6
T000496,1981-03-31,84.52887,91.01749,84.564995,84.13416,98.42407,84.6
T000496,1981-04-30,82.182365,90.01306,84.51193,84.43135,98.88405,84.7
T000496,1981-05-31,82.24856,91.2478,84.26124,84.53188,96.11739,85.2
T000496,1981-06-30,82.78729,92.01302,84.45471,84.67777,95.27715,84.9
T000496,1981-07-31,83.10503,90.987915,84.46627,85.394554,92.00902,85.0
T000496,1981-08-31,83.323105,88.845726,84.911514,85.68174,88.132835,83.3
T000496,1981-09-30,82.444176,85.11824,84.7713,85.541626,87.03657,80.9
T000496,1981-10-31,81.338425,80.99677,84.985916,84.43496,85.47819,80.6
T000496,1981-11-30,81.55511,80.1009,84.43922,84.277824,83.57664,80.2
T000496,1981-12-31,81.3069,78.840576,84.32976,84.450775,83.33842,82.3
T000497,1980-11-30,94.03734,95.41978,89.23517,90.498856,92.23567,95.6
T000497,1980-12-31,95.36353,95.21797,90.39727,91.05266,95.78262,95.6
T000497,1981-01-31,95.19105,97.00818,91.45027,92.10471,95.596054,96.5
T000497,1981-02-28,95.242355,96.968445,92.10022,92.39318,93.017746,96.6
T000497,1981-03-31,95.59276,96.454704,92.69311,93.04004,96.056656,94.2
T000497,1981-04-30,93.74708,95.883705,92.8899,93.43877,99.29971,93.0
T000497,1981-05-31,92.355774,97.07954,93.06944,94.06787,97.692505,91.7
T000497,1981-06-30,91.28516,96.39985,93.32108,94.01736,96.74889,89.0
T000497,1981-07-31,89.010506,91.26633,93.46377,94.167274,95.50331,90.1
T000497,1981-08-31,89.572464,90.88443,93.421234,93.91062,93.397804,89.6
T000497,1981-09-30,89.07591,87.963295,93.16392,93.38865,91.40526,85.3
T000497,1981-10-31,86.27916,83.70528,92.694046,92.94234,92.442055,80.4
T000497,1981-11-30,82.06695,80.78004,91.52312,93.22605,92.14677,81.5
T000497,1981-12-31,82.59587,81.69454,90.33676,93.45555,89.19591,82.2
T000498,1980-11-30,73.37752,76.74924,76.655525,80.17555,92.18186,74.5
T000498,1980-12-31,74.38395,77.74951,76.54501,78.7813,94.35585,74.8
T000498,1981-01-31,74.05366,79.581825,76.01098,78.297646,97.64199,76.9
T000498,1981-02-28,74.01816,85.14565,75.57755,77.791664,94.056564,79.1
T000498,1981-03-31,75.09471,88.074326,75.22014,78.010025,96.01135,77.3
T000498,1981-04-30,72.83699,86.058014,75.07662,77.82175,96.19983,73.4
T000498,1981-05-31,69.71857,83.27587,75.20579,77.08331,99.19784,75.5
T000498,1981-06-30,71.98695,85.7142,75.44372,76.59286,98.008675,78.1
T000498,1981-07-31,74.502335,88.01023,75.76409,76.52797,94.30524,77.9
T000498,1981-08-31,73.957756,86.25687,75.9081,76.63401,88.95897,76.8
T000498,1981-09-30,73.70491,82.40601,75.89823,76.22961,85.80359,73.8
T000498,1981-10-31,72.87758,77.033295,76.10289,75.869156,85.18612,71.2
T000498,1981-11-30,71.52836,73.61968,75.95867,75.86945,84.42769,71.6
T000498,1981-12-31,72.016464,73.33969,75.72637,75.830025,83.33703,73.2
T000499,1980-11-30,90.40328,96.68344,90.41441,92.89727,111.46138,94.1
T000499,1980-12-31,92.93867,99.35668,91.83938,93.66573,113.3938,95.6
T000499,1981-01-31,93.67163,101.80082,92.312035,93.54705,112.919,96.1
T000499,1981-02-28,92.79748,101.35746,92.60275,93.56432,109.56356,94.9
T000499,1981-03-31,91.676704,100.8949,92.72769,94.43336,113.20478,91.0
T000499,1981-04-30,88.17145,99.60397,92.59382,93.99588,113.93845,88.4
T000499,1981-05-31,85.78616,98.85031,92.23441,93.87651,110.49773,88.7
T000499,1981-06-30,86.05274,98.94401,91.94821,93.43737,108.38116,87.5
T000499,1981-07-31,85.10515,95.8247,91.901924,93.41884,104.308846,86.9
T000499,1981-08-31,84.324776,92.76805,91.30533,92.601326,98.25423,86.7
T000499,1981-09-30,85.39815,89.8217,90.893715,92.1622,95.9659,82.0
T000499,1981-10-31,82.863266,83.03827,90.38371,92.040184,95.1354,78.4
T000499,1981-11-30,79.65445,78.87618,89.282455,91.28005,91.862305,76.8
T000499,1981-12-31,77.87865,77.31758,87.793594,91.7831,91.658104,78.7
T000500,1980-10-31,91.49429,90.3584,91.06839,94.68466,96.35005,94.1
T000500,1980-11-30,95.36771,91.74175,92.00955,95.75333,99.84992,95.6
T000500,1980-12-31,97.72993,98.60935,93.06846,95.50788,100.29093,96.1
T000500,1981-01-31,95.70859,100.1898,92.884476,95.05224,93.62017,94.9
T000500,1981-02-28,92.82417,93.27829,93.14583,94.39256,94.24938,91.0
T000500,1981-03-31,89.3339,89.67831,92.59382,94.14493,107.351295,88.4
T000500,1981-04-30,86.470406,96.74649,92.23441,93.937225,108.704994,88.7
T000500,1981-05-31,86.47194,98.98694,91.94821,93.51284,107.08394,87.5
T000500,1981-06-30,84.87739,97.23882,91.901924,93.555984,107.84418,86.9
T000500,1981-07-31,84.05916,95.23502,91.30533,92.99996,103.01915,86.7
T000500,1981-08-31,84.03688,91.924904,90.893715,92.47566,97.87978,82.0
T000500,1981-09-30,81.809456,83.02865,90.38371,92.040184,96.501884,78.4
T000500,1981-10-31,79.79242,79.24723,89.282455,91.28005,97.03854,76.8
T000500,1981-11-30,77.62171,79.28304,87.793594,91.7831,92.801636,78.7
T000501,1980-11-30,99.083046,104.485954,87.023415,89.351295,93.02904,103.8
T000501,1980-12-31,103.87622,104.3358,90.8507,90.757996,96.61113,104.4
T000501,1981-01-31,105.359825,104.45386,93.50067,97.25079,97.96794,106.4
T000501,1981-02-28,106.54054,106.303566,95.74991,98.989075,95.4808,107.9
T000501,1981-03-31,107.58873,106.98771,98.03939,98.88728,98.5303,103.1
T000501,1981-04-30,102.71482,102.60241,99.245735,99.09077,101.52486,99.3
T000501,1981-05-31,99.05377,100.9643,100.44691,107.22569,101.394844,99.2
T000501,1981-06-30,98.91691,100.35381,101.16298,106.713646,100.90304,92.8
T000501,1981-07-31,93.37954,91.73897,101.53713,106.370636,99.70595,90.6
T000501,1981-08-31,90.70481,89.85868,100.844986,105.39465,97.274216,89.5
T000501,1981-09-30,89.709465,87.32964,99.85945,104.367325,93.59807,84.8
T000501,1981-10-31,86.26868,82.22141,98.663315,103.255905,91.491905,81.4
T000501,1981-11-30,83.543,78.559265,97.00441,102.88392,90.15679,82.6
T000501,1981-12-31,84.14242,79.08472,95.15373,102.607346,86.72331,86.9
T000502,1980-11-30,79.87216,88.361465,76.00322,80.463776,93.25009,82.6
T000502,1980-12-31,80.63983,89.10277,77.616905,80.80216,94.97182,86.6
T000502,1981-01-31,84.609985,92.088036,79.15148,81.39622,90.69158,91.3
T000502,1981-02-28,89.02272,93.117874,80.48539,81.680824,88.28626,97.8
T000502,1981-03-31,95.35839,99.04071,82.29861,81.11296,91.37407,90.1
T000502,1981-04-30,88.22225,93.52745,82.93607,81.929405,91.575554,87.9
T000502,1981-05-31,86.35086,95.22037,84.72374,83.30595,88.58465,88.1
T000502,1981-06-30,86.98217,91.656334,85.459305,84.857605,88.213524,84.4
T000502,1981-07-31,83.990906,85.073364,86.01578,87.44425,86.65528,84.5
T000502,1981-08-31,84.106026,84.96749,86.69883,87.09904,85.92824,81.8
T000502,1981-09-30,82.25287,81.26666,86.15407,86.40173,82.686844,76.6
T000502,1981-10-31,78.23118,75.67925,86.564224,86.79689,82.65862,72.3
T000502,1981-11-30,74.49978,70.37126,85.21601,86.69688,84.13493,68.4
T000502,1981-12-31,70.69438,64.0197,84.49685,86.37048,84.05719,70.9
T000503,1980-11-30,91.63398,98.418686,87.67975,89.394714,100.91501,97.5
T000503,1980-12-31,95.79169,100.24468,89.46541,89.541214,102.73762,97.4
T000503,1981-01-31,95.761406,99.69128,90.48514,89.64952,102.664604,102.4
T000503,1981-02-28,100.089485,105.03613,91.85329,92.012375,99.26835,106.2
T000503,1981-03-31,104.01988,108.603065,93.1187,92.198166,102.82902,104.5
T000503,1981-04-30,102.280304,108.38622,94.32929,92.68218,101.68991,103.8
T000503,1981-05-31,101.526276,108.21109,95.96577,92.96207,101.441055,108.3
T000503,1981-06-30,105.88354,112.48986,97.66933,94.26256,101.45332,104.8
T000503,1981-07-31,103.42703,106.73098,98.901184,96.63144,99.56761,101.9
T000503,1981-08-31,101.2519,103.27917,100.43768,99.47281,98.99779,100.2
T000503,1981-09-30,100.80556,98.07536,101.24731,102.84024,98.47453,98.8
T000503,1981-10-31,100.078835,94.11973,101.82973,103.12101,98.3856,95.9
T000503,1981-11-30,97.69046,92.84813,101.98262,103.06897,100.782814,92.8
T000503,1981-12-31,94.665474,90.71971,101.2725,102.664955,98.561676,96.4
T000504,1980-11-30,82.51435,90.325386,84.82075,89.07109,102.597145,90.3
T000504,1980-12-31,89.26436,93.566895,86.71256,89.96551,103.59839,92.8
T000504,1981-01-31,91.61472,94.31659,87.7218,90.90799,102.4825,92.3
T000504,1981-02-28,89.94023,95.284454,88.02423,89.976555,99.53512,91.9
T000504,1981-03-31,89.52118,96.319084,88.32825,88.814896,101.562546,86.7
T000504,1981-04-30,84.84954,92.72022,87.98786,88.38302,103.047455,83.8
T000504,1981-05-31,81.934875,92.08788,87.74479,88.04353,102.686134,85.2
T000504,1981-06-30,82.80319,93.627106,87.30342,87.19954,100.282196,80.8
T000504,1981-07-31,78.78812,88.13622,87.080284,87.44663,95.587166,78.5
T000504,1981-08-31,76.779205,85.27764,86.50708,87.885,91.848885,76.9
T000504,1981-09-30,76.3762,79.01651,85.6659,87.491776,87.84348,72.7
T000504,1981-10-31,73.61276,72.276825,84.84192,87.28553,86.58275,68.0
T000504,1981-11-30,69.88827,67.700485,83.34397,87.6501,85.792915,66.4
T000504,1981-12-31,68.32942,66.74212,81.36503,88.40597,81.846466,70.6
T000505,1980-11-30,104.56163,107.0765,102.89744,103.9041,112.082756,109.9
T000505,1980-12-31,109.777855,111.52614,104.63071,106.77608,117.73527,113.3
T000505,1981-01-31,113.177536,117.333305,106.07758,108.020805,116.975555,114.1
T000505,1981-02-28,112.425995,118.65748,106.93907,109.00976,111.78562,113.8
T000505,1981-03-31,111.67982,117.8703,108.1397,108.169075,114.70636,111.0
T000505,1981-04-30,108.732086,113.50132,108.71012,110.40675,113.47001,107.2
T000505,1981-05-31,106.33136,110.10173,109.18909,111.24134,113.018265,108.9
T000505,1981-06-30,108.6477,112.638336,109.84918,110.97235,112.40213,110.0
T000505,1981-07-31,109.63212,111.16718,110.13892,111.74016,107.522804,107.1
T000505,1981-08-31,106.2902,108.220085,110.06745,110.938774,104.65083,108.9
T000505,1981-09-30,108.42765,108.89658,109.808945,110.83738,101.40812,99.7
T000505,1981-10-31,101.20285,97.06066,109.240074,111.08054,100.9702,92.3
T000505,1981-11-30,94.87113,89.84131,108.30809,111.20519,103.65149,92.4
T000505,1981-12-31,94.44855,88.587006,106.65307,111.08925,104.10447,97.1
T000506,1980-11-30,92.43671,92.463615,102.639206,104.28845,107.66938,97.8
T000506,1980-12-31,98.30249,100.605194,102.1603,104.02968,107.49173,102.2
T000506,1981-01-31,101.6508,102.796394,102.52792,104.26573,106.25819,100.6
T000506,1981-02-28,99.51185,100.87598,101.84856,104.06718,107.35919,107.3
T000506,1981-03-31,105.55859,107.333206,102.50332,103.69175,111.59174,100.2
T000506,1981-04-30,98.08857,101.59227,101.2485,104.00587,109.307014,98.5
T000506,1981-05-31,96.60986,105.1309,100.96731,104.38872,109.08098,95.2
T000506,1981-06-30,93.302986,101.157715,99.75153,104.456894,106.1599,88.0
T000506,1981-07-31,87.17402,93.10626,98.252045,104.30391,103.34591,84.5
T000506,1981-08-31,83.88994,90.757416,97.25576,105.31398,104.02411,81.5
T000506,1981-09-30,81.72583,87.77768,94.81291,105.140945,99.706856,70.3
T000506,1981-10-31,71.23748,76.741455,93.64479,103.22872,97.669914,60.7
T000506,1981-11-30,62.896626,66.0582,90.170975,102.99236,96.92448,62.4
T000506,1981-12-31,63.37327,63.350845,88.06815,100.99442,93.377396,66.9
T000507,1980-11-30,99.31454,99.45316,104.67482,109.0875,108.097435,97.5
T000507,1980-12-31,98.778786,99.47436,103.551956,108.70692,112.28825,110.3
T000507,1981-01-31,109.29426,114.11892,104.33309,108.19059,109.11091,124.1
T000507,1981-02-28,119.77544,125.60623,105.26706,109.12461,105.134056,126.3
T000507,1981-03-31,121.741806,127.2752,106.161285,109.21463,111.24503,128.5
T000507,1981-04-30,123.74914,132.70575,108.37359,110.522514,114.834465,127.2
T000507,1981-05-31,122.9888,133.00764,109.9517,112.858215,115.94947,129.5
T000507,1981-06-30,125.78229,135.97983,112.758675,115.82535,116.48593,127.7
T000507,1981-07-31,124.996864,132.25159,114.87229,115.63511,118.10735,135.9
T000507,1981-08-31,132.37947,139.67848,117.60732,116.51504,113.207756,129.0
T000507,1981-09-30,127.173935,130.06493,119.62833,117.250946,116.79979,119.5
T000507,1981-10-31,120.7024,119.983215,121.80491,118.382416,119.280815,107.9
T000507,1981-11-30,111.639534,104.84743,122.681984,119.927,122.70385,103.1
T000507,1981-12-31,107.52427,97.0673,122.43525,121.33893,126.186295,108.1
T000508,1980-11-30,76.77057,81.57202,78.540504,81.70744,91.449036,79.2
T000508,1980-12-31,79.08696,81.700874,79.56149,82.62327,93.71411,86.2
T000508,1981-01-31,85.381905,89.04459,81.22968,84.83291,94.11724,94.0
T000508,1981-02-28,91.672874,95.90504,82.479324,84.33628,92.415436,94.1
T000508,1981-03-31,91.57312,96.446495,83.33957,84.01793,95.385925,89.2
T000508,1981-04-30,86.83588,93.64704,84.46348,84.05333,96.418625,88.5
T000508,1981-05-31,86.52244,93.422455,85.41689,84.545,96.15263,87.7
T000508,1981-06-30,85.855125,92.05884,85.56429,84.4389,95.00244,83.1
T000508,1981-07-31,81.84976,88.553795,85.764496,85.04937,91.913925,80.5
T000508,1981-08-31,79.17333,86.61554,85.26606,84.446945,86.9992,79.9
T000508,1981-09-30,78.97428,82.904724,84.9042,84.589714,81.901184,75.4
T000508,1981-10-31,76.32767,75.47071,84.684845,83.62948,82.44023,69.9
T000508,1981-11-30,72.08704,68.2083,84.15102,83.78634,81.95872,69.1
T000508,1981-12-31,71.43724,65.19896,83.03697,83.36637,79.628494,73.2
T000509,1980-11-30,115.56639,113.79064,110.66115,112.19258,107.92418,112.5
T000509,1980-12-31,113.9155,111.14303,112.096306,115.94182,112.135216,112.8
T000509,1981-01-31,113.795975,112.099144,113.221825,117.05264,112.07274,113.5
T000509,1981-02-28,113.11974,111.29832,113.26179,118.034775,110.20987,113.0
T000509,1981-03-31,112.21081,111.11749,113.40885,116.452,114.088036,106.1
T000509,1981-04-30,106.00093,108.282814,112.53012,115.39804,117.418945,101.8
T000509,1981-05-31,101.43678,108.10424,111.43713,114.85448,114.66968,102.4
T000509,1981-06-30,101.76699,106.21028,110.694244,114.45214,112.055595,95.8
T000509,1981-07-31,96.10797,97.12636,109.669426,114.71986,114.809555,94.9
T000509,1981-08-31,94.49326,97.39569,108.16455,114.96353,110.45216,90.5
T000509,1981-09-30,90.60519,91.80909,105.830345,115.90538,106.85847,81.4
T000509,1981-10-31,82.91576,83.1301,103.637375,115.32945,104.80049,73.5
T000509,1981-11-30,75.70868,75.66275,100.022026,115.091156,104.11809,74.4
T000509,1981-12-31,76.04217,77.04295,96.70974,113.320564,103.06585,83.1
T000510,1980-11-30,76.53407,89.952995,71.897934,73.19394,92.39994,81.5
T000510,1980-12-31,77.89764,89.05476,72.8883,73.32977,93.515015,83.0
T000510,1981-01-31,80.18485,90.98016,74.652275,73.35989,90.517944,85.6
T000510,1981-02-28,82.27997,91.23689,75.690605,74.06612,86.87602,83.7
T000510,1981-03-31,81.31672,87.4458,76.738464,74.76372,88.17746,82.9
T000510,1981-04-30,81.144905,87.44422,78.000374,74.78042,88.85693,82.7
T000510,1981-05-31,80.978966,88.357185,78.45535,75.146805,87.76577,84.5
T000510,1981-06-30,82.642654,90.891205,79.77004,75.53596,86.035286,82.3
T000510,1981-07-31,81.23488,87.16341,80.48669,76.709625,86.02372,82.2
T000510,1981-08-31,81.190796,85.31494,81.45851,86.333466,82.65587,81.5
T000510,1981-09-30,81.45148,80.38363,82.21669,85.78881,82.16528,77.8
T000510,1981-10-31,78.95574,75.742516,82.48832,85.72412,83.4646,74.8
T000510,1981-11-30,76.2416,73.87191,82.12489,85.66023,84.34374,75.7
T000510,1981-12-31,76.66511,75.30515,81.19087,84.66246,81.155594,82.4
T000511,1980-11-30,105.28281,104.04429,96.55996,101.88131,98.50127,109.2
T000511,1980-12-31,109.92239,106.95085,99.21128,103.63975,104.94207,114.2
T000511,1981-01-31,114.15558,113.14667,101.282684,105.1364,104.28294,115.4
T000511,1981-02-28,113.76845,113.36218,102.81194,104.07355,103.2955,117.0
T000511,1981-03-31,114.966995,116.14313,104.725395,102.54625,109.00518,112.6
T000511,1981-04-30,110.22823,113.94973,105.58952,103.274765,111.07256,110.5
T000511,1981-05-31,108.109146,116.86214,106.41625,105.373825,108.25317,111.1
T000511,1981-06-30,108.55402,117.414406,107.44441,106.92189,106.46982,106.9
T000511,1981-07-31,106.036476,109.063965,108.10666,108.14132,103.25009,106.2
T000511,1981-08-31,105.81498,105.66308,109.05353,111.76618,102.4291,105.2
T000511,1981-09-30,105.946266,100.77582,109.2308,110.98892,101.249435,99.7
T000511,1981-10-31,102.20952,94.44188,109.74755,111.8489,100.95135,99.4
T000511,1981-11-30,101.911995,93.72437,108.86645,111.99661,97.457726,101.2
T000511,1981-12-31,103.0846,94.03955,108.34122,110.87663,96.88774,102.6
T000512,1981-02-28,5509.455,5676.294,4265.8496,4202.4375,3442.6353,3946.0
T000512,1981-03-31,3973.887,3665.621,4227.9473,4241.6494,4211.2026,3672.0
T000512,1981-04-30,3913.2996,3763.0083,4425.359,4247.1426,4248.8384,4260.0
T000512,1981-05-31,4349.1,3940.026,4366.874,4413.874,4264.858,4846.0
T000512,1981-06-30,4797.177,4668.3867,4452.168,4558.473,3903.0576,4896.0
T000512,1981-07-31,4804.6367,4857.048,4509.2407,4470.566,4052.1423,5061.0
T000512,1981-08-31,4961.0527,4966.574,4454.448,4497.499,3721.826,4931.0
T000512,1981-09-30,4938.3003,4454.9746,4692.695,4571.54,4340.2285,4602.0
T000512,1981-10-31,4667.115,4172.3203,4620.6533,4515.204,4978.04,4692.0
T000512,1981-11-30,4741.806,4589.464,4770.723,4692.736,4754.1465,5036.0
T000512,1981-12-31,4941.699,5118.1416,4661.073,4829.092,4243.7896,5000.0
T000512,1982-01-31,4873.372,5053.2705,4753.0186,4895.3706,4290.831,6297.0
T000512,1982-02-28,5994.448,6286.476,4801.329,4898.94,4036.329,4243.0
T000512,1982-03-31,4272.8765,3988.7126,4761.5366,4960.163,4751.941,4003.0
T000513,1973-09-30,145.12404,144.31096,141.68973,141.21094,135.15665,148.0
T000513,1973-10-31,147.32788,146.07672,143.00359,142.43951,136.12015,148.0
T000513,1973-11-30,148.48099,144.40796,143.62038,143.05089,136.11093,150.0
T000513,1973-12-31,150.61983,145.7172,145.12013,143.77843,140.34056,153.0
T000513,1974-01-31,152.82492,149.62521,146.00261,147.199,141.47998,156.0
T000513,1974-02-28,155.05139,153.965,147.09543,147.1092,139.477,156.0
T000513,1974-03-31,155.2683,153.25705,148.27568,146.72151,140.22131,157.0
T000513,1974-04-30,156.6172,153.46356,149.43283,149.40628,142.90056,159.0
T000513,1974-05-31,158.29291,154.94218,150.61569,149.64679,144.8007,152.0
T000513,1974-06-30,152.87958,148.9729,151.56398,151.3796,149.47865,155.0
T000513,1974-07-31,155.67868,154.55641,152.87889,151.19069,146.08174,158.0
T000513,1974-08-31,157.5032,155.33412,153.19264,151.5061,144.89305,163.0
T000513,1974-09-30,162.18813,159.643,154.83748,153.76518,146.043,162.0
T000513,1974-10-31,161.88121,157.0212,155.75638,155.49564,148.85219,161.0
T000514,1982-01-31,405.6678,382.3036,363.36124,369.45248,337.63367,418.4
T000514,1982-02-28,416.34198,397.3502,371.81656,369.72287,333.3914,440.3
T000514,1982-03-31,435.09964,422.86133,379.22897,370.79764,333.80704,459.13
T000514,1982-04-30,450.96277,442.67487,386.819,373.9181,327.6507,433.72
T000514,1982-05-31,430.09705,415.79144,394.60797,377.7646,342.37305,428.5
T000514,1982-06-30,428.90833,413.15002,403.22754,380.49765,342.0198,415.21
T000514,1982-07-31,417.6684,393.31,407.20895,401.7131,347.60318,410.6
T000514,1982-08-31,414.92728,390.41867,412.38275,402.28622,360.41238,412.2
T000514,1982-09-30,415.94083,390.44388,415.58478,427.69595,365.90326,484.4
T000514,1982-10-31,481.14606,455.44083,424.50238,433.24902,357.36804,491.8
T000514,1982-11-30,489.51474,450.53183,433.60544,436.87955,380.8352,529.5
T000514,1982-12-31,526.33704,493.74146,445.89322,435.42133,394.17514,598.9
T000514,1983-01-31,589.8064,552.9666,461.95944,447.14133,393.5946,638.6
T000514,1983-02-28,625.9949,598.0697,478.34738,452.68143,415.77045,618.5
T000515,1982-01-31,739.0549,721.1494,636.0217,621.23987,555.26385,758.71
T000515,1982-02-28,745.1865,735.98914,649.6472,624.43774,578.6258,733.25
T000515,1982-03-31,726.9701,725.89874,664.7638,623.9849,608.0651,766.94
T000515,1982-04-30,757.74854,760.17566,678.1792,631.74786,587.76917,753.08
T000515,1982-05-31,746.0207,726.66595,689.88684,633.86786,610.4507,744.87
T000515,1982-06-30,745.76624,721.4729,704.2261,647.3725,646.33276,740.87
T000515,1982-07-31,747.4154,713.5404,714.6097,751.1262,658.4413,743.0
T000515,1982-08-31,754.59326,702.472,727.3015,756.37604,670.4752,808.9
T000515,1982-09-30,815.7956,746.6357,747.2161,780.2441,706.33044,1001.5
T000515,1982-10-31,986.11414,924.6918,771.0886,785.7111,701.9876,1019.7
T000515,1982-11-30,1001.60315,948.92584,790.4227,791.52014,748.8679,1067.5
T000515,1982-12-31,1047.0145,1027.2854,829.3977,792.3842,771.97754,1159.4
T000515,1983-01-31,1129.5059,1088.3159,864.64575,814.0159,725.01654,1089.4
T000515,1983-02-28,1068.3931,1025.7527,890.38153,824.8642,784.0181,1087.3
T000516,1982-01-31,4.700029,4.8498697,4.339869,4.3554487,4.0593677,4.32
T000516,1982-02-28,4.2496033,4.4136643,4.184724,4.3522854,3.6118371,4.82
T000516,1982-03-31,4.721143,4.764902,4.46459,4.406928,3.9607158,4.88
T000516,1982-04-30,4.868587,4.624966,4.3620224,4.4156837,4.260342,3.94
T000516,1982-05-31,4.091421,3.7469254,4.5130186,4.497611,4.540953,4.44
T000516,1982-06-30,4.5536766,4.515317,4.4755144,4.459665,4.3954086,4.76
T000516,1982-07-31,4.7177877,4.485179,4.5420694,4.562351,4.239219,4.82
T000516,1982-08-31,4.686476,4.7169895,4.523407,4.5530357,4.002803,5.02
T000516,1982-09-30,4.9143643,5.0649085,4.555597,4.600523,4.522961,4.89
T000516,1982-10-31,4.8697047,4.7897453,4.604029,4.6316466,4.1568465,4.47
T000516,1982-11-30,4.5649557,4.2481356,4.6398735,4.672171,4.89142,4.85
T000516,1982-12-31,4.837098,4.934405,4.7043934,4.64642,4.8345547,5.68
T000516,1983-01-31,5.4917526,5.642681,4.7646427,5.0168386,4.247534,4.92
T000516,1983-02-28,4.8561172,4.926092,4.7635584,4.9236636,4.326285,4.58
T000517,1981-11-30,383.68292,409.5027,344.71954,379.0425,308.31403,427.3
T000517,1981-12-31,409.78378,406.76694,339.98355,390.70554,299.4492,429.4
T000517,1982-01-31,418.76184,406.12637,351.3701,393.57047,322.37466,407.1
T000517,1982-02-28,396.4076,382.9045,356.1897,400.17874,342.27026,421.2
T000517,1982-03-31,405.9844,419.82437,357.61728,398.28326,306.04074,411.7
T000517,1982-04-30,396.0014,436.47357,362.95413,398.01196,291.37952,363.3
T000517,1982-05-31,360.85422,385.25433,360.47626,393.9936,314.6492,361.9
T000517,1982-06-30,362.26257,371.3098,367.59555,396.16818,300.49387,280.0
T000517,1982-07-31,300.12866,271.48868,365.6803,395.03375,363.46857,220.7
T000517,1982-08-31,252.42142,209.73674,370.99612,405.90826,377.58362,304.3
T000517,1982-09-30,308.14944,294.59366,360.32806,406.13757,355.89438,321.7
T000517,1982-10-31,319.33966,302.10565,361.87732,388.10645,355.03412,301.8
T000517,1982-11-30,298.9104,294.0675,354.16376,350.76312,374.8509,401.1
T000517,1982-12-31,387.51187,379.59412,354.44934,391.78494,378.38544,394.9
T000518,1973-11-30,164.34029,166.90417,150.89291,150.80968,140.63693,157.0
T000518,1973-12-31,155.60234,151.59537,152.36674,152.73209,143.48216,155.0
T000518,1974-01-31,157.10597,150.38239,154.43936,155.22054,152.99896,159.0
T000518,1974-02-28,159.60167,154.08981,155.0551,156.9322,157.26591,158.0
T000518,1974-03-31,156.93452,159.8269,155.00826,157.97343,147.73634,166.0
T000518,1974-04-30,163.48787,168.36224,156.66592,157.80832,143.95338,167.0
T000518,1974-05-31,164.60329,164.02658,156.34062,158.17381,143.0548,165.0
T000518,1974-06-30,164.00365,160.17941,158.5316,161.26039,150.62912,149.0
T000518,1974-07-31,151.37177,144.40718,158.656,159.97688,158.30472,145.0
T000518,1974-08-31,149.32773,142.73474,159.69193,160.86726,159.13849,166.0
T000518,1974-09-30,165.79958,163.3123,159.92783,161.9805,149.95216,169.0
T000518,1974-10-31,167.0961,163.9262,160.36613,162.78505,149.90665,173.0
T000518,1974-11-30,169.7345,171.44614,161.13599,162.15129,146.12823,161.0
T000518,1974-12-31,160.84769,155.6907,161.09,163.14714,153.2341,158.0
T000519,1973-11-30,178.7287,184.01047,175.8718,184.26491,155.26878,176.0
T000519,1973-12-31,174.76018,167.52742,176.17194,184.63799,165.34143,175.0
T000519,1974-01-31,175.78105,167.84286,175.35321,184.79115,160.59103,182.0
T000519,1974-02-28,180.16772,175.73633,176.09528,183.26738,187.02065,182.0
T000519,1974-03-31,178.96107,187.91061,174.95453,183.0426,168.76442,185.0
T000519,1974-04-30,179.16975,195.79913,175.7786,182.61766,158.75078,191.0
T000519,1974-05-31,185.79619,196.10822,175.731,184.91847,160.0629,191.0
T000519,1974-06-30,186.99426,189.87244,177.43437,185.07289,169.17386,188.0
T000519,1974-07-31,184.58632,188.50555,178.51657,185.71996,167.53865,139.0
T000519,1974-08-31,147.61679,143.52974,179.11313,186.34358,186.56836,189.0
T000519,1974-09-30,191.00697,195.15135,180.4625,188.31364,162.53645,190.0
T000519,1974-10-31,185.86978,177.9177,180.95497,189.74059,168.55972,199.0
T000519,1974-11-30,196.70393,200.92062,182.9628,186.75993,167.83084,193.0
T000519,1974-12-31,190.92027,189.01161,183.873,189.64166,178.82703,195.0
T000520,1973-11-30,167.09055,164.00288,156.52081,157.85878,147.40756,168.0
T000520,1973-12-31,167.28746,161.3827,158.32008,158.75462,146.34682,165.0
T000520,1974-01-31,165.7256,157.0793,159.42052,161.40108,157.73332,167.0
T000520,1974-02-28,166.77968,162.07611,160.55093,160.7765,158.9561,167.0
T000520,1974-03-31,165.49011,166.57988,160.72198,160.5569,150.90051,170.0
T000520,1974-04-30,167.86066,172.93245,161.61485,162.01671,146.99904,173.0
T000520,1974-05-31,170.74677,172.17047,162.3669,162.3343,147.29477,171.0
T000520,1974-06-30,169.65718,167.79535,163.53496,167.80176,150.75331,150.0
T000520,1974-07-31,152.73056,146.31174,164.66422,168.22018,161.29575,153.0
T000520,1974-08-31,157.48637,149.29446,165.17056,169.26422,160.72342,171.0
T000520,1974-09-30,171.21896,164.42168,166.24612,171.91948,156.01991,180.0
T000520,1974-10-31,178.45741,174.27986,167.31003,171.60991,154.66261,181.0
T000520,1974-11-30,179.1262,176.22256,168.04512,171.24527,157.64168,181.0
T000520,1974-12-31,179.81618,175.13129,169.54892,171.00974,158.74513,175.0
T000521,1973-11-30,153.36383,152.0917,146.23424,149.80142,131.66623,146.0
T000521,1973-12-31,145.93121,137.92627,147.24156,150.3122,130.51767,148.0
T000521,1974-01-31,149.90694,141.56416,147.8717,150.27725,148.1984,153.0
T000521,1974-02-28,152.60748,149.29314,148.53766,151.53416,140.701,150.0
T000521,1974-03-31,148.3351,153.21106,147.6461,150.78024,134.06021,156.0
T000521,1974-04-30,153.19865,159.42255,148.80351,152.53874,132.50052,155.0
T000521,1974-05-31,152.50131,151.97723,148.02473,151.85306,133.4121,152.0
T000521,1974-06-30,150.9481,148.95831,149.55173,153.89908,141.04626,115.0
T000521,1974-07-31,120.983894,113.923065,148.58182,153.89316,155.34508,133.0
T000521,1974-08-31,137.63132,135.2649,147.95262,154.90678,144.5221,156.0
T000521,1974-09-30,153.26091,151.70557,148.60953,156.07387,139.80118,158.0
T000521,1974-10-31,155.26825,157.43866,148.178,156.26889,137.67136,161.0
T000521,1974-11-30,157.49503,161.24988,149.36197,155.88234,139.03944,158.0
T000521,1974-12-31,156.9819,152.94876,149.88226,156.66043,141.10857,149.0
T000522,1973-11-30,124.55918,123.97828,123.821266,120.29203,119.595894,124.0
T000522,1973-12-31,124.51906,119.798874,124.48928,127.14674,121.04041,125.0
T000522,1974-01-31,126.504555,120.0741,125.605484,128.39558,125.33026,129.0
T000522,1974-02-28,130.33434,124.75364,126.546425,129.0387,126.78035,121.0
T000522,1974-03-31,121.88983,117.482445,126.03656,127.94564,124.73037,130.0
T000522,1974-04-30,128.97554,129.92874,126.22357,127.49629,123.79422,132.0
T000522,1974-05-31,130.35004,129.0326,126.21083,127.05072,123.42626,129.0
T000522,1974-06-30,128.16693,127.48773,126.22528,127.09137,120.660965,124.0
T000522,1974-07-31,124.05543,123.74961,126.63499,126.79732,123.86851,116.0
T000522,1974-08-31,117.19842,116.18603,125.67025,126.99608,122.95513,125.0
T000522,1974-09-30,124.82891,124.72498,126.000374,126.818565,119.871956,125.0
T000522,1974-10-31,124.75596,124.14488,125.30026,127.01515,118.87186,127.0
T000522,1974-11-30,126.79099,126.454994,125.76533,126.37525,115.200554,121.0
T000522,1974-12-31,121.631714,118.27612,124.90816,126.55337,119.235016,120.0
T000523,1973-11-30,136.05594,135.01755,128.2803,131.16463,120.28113,130.0
T000523,1973-12-31,130.08157,126.46156,127.77079,131.52068,124.51491,135.0
T000523,1974-01-31,135.00743,130.93579,130.02708,132.70235,126.21081,139.0
T000523,1974-02-28,136.89122,135.58647,129.45995,133.44691,134.15503,139.0
T000523,1974-03-31,136.39247,142.04608,130.67836,132.76122,120.3052,129.0
T000523,1974-04-30,126.869835,133.45888,130.05626,132.75403,120.59519,137.0
T000523,1974-05-31,135.35036,138.21953,131.17755,132.96918,118.57566,131.0
T000523,1974-06-30,130.13615,127.9956,130.87437,134.32253,123.338326,116.0
T000523,1974-07-31,118.2648,115.52445,131.17674,133.81042,127.751785,113.0
T000523,1974-08-31,117.72072,114.47132,131.28265,134.8309,127.586235,133.0
T000523,1974-09-30,133.17336,128.2074,130.90474,136.06766,118.18117,138.0
T000523,1974-10-31,136.19003,130.70679,132.38292,136.0899,121.86919,140.0
T000523,1974-11-30,138.38235,137.3896,131.62743,136.85567,123.7146,133.0
T000523,1974-12-31,132.39734,128.97755,132.55254,136.74515,123.92043,135.0
T000524,1981-11-30,154.88927,157.14601,149.27887,150.66638,143.31119,146.7
T000524,1981-12-31,146.94975,142.96669,149.10643,150.80586,139.7972,143.7
T000524,1982-01-31,146.13501,138.80258,150.4013,150.02501,149.38855,151.7
T000524,1982-02-28,152.20482,147.20653,150.44821,151.22401,149.89334,149.3
T000524,1982-03-31,148.61076,149.47885,150.19632,152.21358,140.87422,152.8
T000524,1982-04-30,151.94887,154.57983,150.54457,151.56831,138.91757,153.5
T000524,1982-05-31,152.41254,149.58092,150.24141,151.5977,139.4823,156.5
T000524,1982-06-30,155.23402,150.35883,151.1569,154.36053,142.20622,138.0
T000524,1982-07-31,140.2137,135.20844,150.2217,153.29944,154.45541,144.8
T000524,1982-08-31,146.95895,147.66635,150.78198,153.26105,148.50735,151.0
T000524,1982-09-30,149.9813,149.72562,149.94043,153.65732,143.05444,150.9
T000524,1982-10-31,149.59776,151.29306,149.69917,154.25957,144.42868,152.4
T000524,1982-11-30,150.21974,152.0531,149.7804,153.14883,143.93341,141.7
T000524,1982-12-31,142.3617,140.60738,148.28659,153.21796,144.39731,141.9
T000525,1980-11-30,159.57835,160.506,146.26134,147.41931,136.53613,164.0
T000525,1980-12-31,161.71721,161.22519,147.38538,149.74785,134.68407,150.0
T000525,1981-01-31,151.67383,143.23997,150.27116,150.68585,151.46533,153.0
T000525,1981-02-28,154.6957,149.08867,151.85577,152.15541,149.50371,155.0
T000525,1981-03-31,155.26312,150.79266,152.8746,154.1061,149.96388,164.0
T000525,1981-04-30,162.56165,163.6761,153.74687,153.77118,140.78372,164.0
T000525,1981-05-31,161.97057,160.54048,154.9763,155.15848,140.07451,168.0
T000525,1981-06-30,166.40985,162.47623,155.85503,156.33643,137.74164,150.0
T000525,1981-07-31,153.15184,141.35318,157.64563,156.11626,156.47914,155.0
T000525,1981-08-31,158.16714,151.06235,158.80984,157.46306,152.38182,162.0
T000525,1981-09-30,162.07314,156.22249,159.56291,161.07497,151.35963,173.0
T000525,1981-10-31,170.5039,171.1322,160.21414,159.37158,143.27588,175.0
T000525,1981-11-30,171.5717,171.18661,161.30304,160.17519,147.09682,178.0
T000525,1981-12-31,175.6159,172.62494,162.26717,165.87476,145.54091,162.0
T000526,1981-11-30,139.83345,140.97043,136.07368,139.24841,133.10822,149.7
T000526,1981-12-31,148.37198,146.13829,137.32356,139.76845,133.08751,151.1
T000526,1982-01-31,149.79723,146.78587,138.25252,140.36055,135.33423,157.1
T000526,1982-02-28,154.83148,155.52759,139.74606,143.28906,136.47475,155.6
T000526,1982-03-31,152.77403,156.26549,140.42342,143.65207,133.32054,147.8
T000526,1982-04-30,145.39273,149.79883,141.39795,143.84973,133.25307,156.7
T000526,1982-05-31,154.48729,159.1123,143.49004,144.86386,137.03662,160.7
T000526,1982-06-30,158.88054,159.30246,144.89224,146.3949,137.83955,155.9
T000526,1982-07-31,155.65834,155.52013,147.90929,147.80434,142.01132,157.4
T000526,1982-08-31,158.46094,157.11813,150.61357,152.90656,145.44162,166.4
T000526,1982-09-30,166.58675,160.19925,153.35023,156.90483,142.60335,165.7
T000526,1982-10-31,166.28226,156.33469,155.5807,159.03297,150.70877,169.3
T000526,1982-11-30,170.25972,162.06873,158.29076,159.9842,156.1943,167.2
T000526,1982-12-31,167.85765,160.74495,159.2933,164.15837,156.71022,159.7
T000527,1981-11-30,1898.0637,1808.1656,1720.2057,1681.7683,1484.9362,1957.7
T000527,1981-12-31,1954.2114,1856.4171,1757.2727,1725.9749,1527.0753,2004.4
T000527,1982-01-31,1998.4447,1901.0568,1792.424,1773.6289,1568.864,2034.7
T000527,1982-02-28,2029.0027,1923.0377,1829.3854,1802.4921,1629.9902,2077.5
T000527,1982-03-31,2074.5134,1957.1005,1867.7521,1824.5494,1698.2637,2139.1
T000527,1982-04-30,2138.0107,2017.258,1907.4136,1888.4974,1733.2471,2135.7
T000527,1982-05-31,2139.0144,2025.6926,1943.5519,1941.0265,1778.9615,2176.1
T000527,1982-06-30,2176.6704,2083.3538,1985.3386,1974.5311,1801.1819,2166.0
T000527,1982-07-31,2162.0906,2058.8853,2015.3276,1991.1307,1813.0468,2226.8
T000527,1982-08-31,2220.7188,2115.021,2052.5234,2029.0392,1848.3083,2238.9
T000527,1982-09-30,2237.5452,2122.7317,2080.815,2088.8113,1907.6552,2247.9
T000527,1982-10-31,2253.9172,2143.5881,2112.8474,2128.5178,1902.4154,2346.5
T000527,1982-11-30,2346.3918,2229.6143,2152.7954,2152.949,1913.4525,2413.0
T000527,1982-12-31,2408.4053,2284.3838,2184.0916,2196.8787,1941.9349,2476.9
T000528,1981-11-30,3.2270823,3.720308,1.8786461,1.6851925,2.1461484,3.55
T000528,1981-12-31,3.323683,3.8964214,2.222008,1.8867991,2.2980423,3.39
T000528,1982-01-31,3.141012,3.509839,2.3200278,1.8892107,2.390213,3.72
T000528,1982-02-28,3.5396013,4.1014843,2.5714316,1.9237225,2.1708028,4.45
T000528,1982-03-31,4.2666893,4.587137,2.8297353,1.9458365,2.0671906,4.97
T000528,1982-04-30,4.8286524,4.6984053,3.101742,2.078712,2.2027779,4.29
T000528,1982-05-31,4.3371453,3.7465794,3.4596786,3.2352805,3.1140065,3.16
T000528,1982-06-30,3.4658325,2.619272,3.6352613,4.35787,3.6850197,3.89
T000528,1982-07-31,4.2154202,3.2771106,3.8920527,4.574297,3.7705035,3.64
T000528,1982-08-31,3.7997704,2.779863,3.8824792,4.596094,4.0544524,3.17
T000528,1982-09-30,3.1876884,2.6790996,3.8891459,4.29486,3.8854837,3.4
T000528,1982-10-31,3.303859,3.4106164,3.7193983,4.1063833,3.8125124,3.35
T000528,1982-11-30,3.3449228,3.3358774,3.7412653,3.9966784,3.5232158,2.79
T000528,1982-12-31,2.9116054,2.6158683,3.7154336,3.9104238,3.4978824,2.04
T000529,1981-11-30,49.675377,49.4896,46.65786,43.93374,46.975155,49.56
T000529,1981-12-31,49.8864,49.133717,47.289944,48.19916,47.504852,51.41
T000529,1982-01-31,51.503906,50.53244,48.257755,48.536552,46.36923,52.01
T000529,1982-02-28,51.89531,50.22489,49.044167,49.974106,47.62628,52.68
T000529,1982-03-31,52.45313,50.490547,49.539726,51.38253,47.571663,52.02
T000529,1982-04-30,52.318527,48.61668,50.45942,52.28586,49.276665,50.39
T000529,1982-05-31,51.295418,49.075935,50.67643,51.887,50.518883,51.41
T000529,1982-06-30,51.76113,50.3929,51.107353,51.85249,48.652176,51.57
T000529,1982-07-31,51.35687,50.12617,50.996,51.41502,48.030487,52.02
T000529,1982-08-31,51.53525,50.955936,51.27075,51.718292,46.7005,53.42
T000529,1982-09-30,52.82077,51.85437,51.2329,51.711494,43.173885,51.01
T000529,1982-10-31,51.032455,49.432774,51.392437,52.040546,44.13475,49.99
T000529,1982-11-30,50.4843,48.399033,51.641438,51.76357,44.426376,53.03
T000529,1982-12-31,53.243828,50.41935,51.821766,52.445595,44.540894,53.89
T000530,1981-12-31,78.48045,54.159317,78.97974,77.18422,46.14637,81.6
T000530,1982-01-31,83.060745,73.367676,82.58376,76.61029,65.498955,81.4
T000530,1982-02-28,76.64116,65.35265,78.76983,80.60437,48.989902,73.6
T000530,1982-03-31,71.36602,71.81244,75.52678,82.318436,55.32336,39.0
T000530,1982-04-30,42.54567,47.49101,73.94402,86.23512,78.910934,45.4
T000530,1982-05-31,47.112083,52.066284,67.25372,82.943665,58.332253,37.8
T000530,1982-06-30,38.17167,41.13777,69.274376,84.385475,60.42257,56.4
T000530,1982-07-31,56.823067,60.271954,65.298996,86.04537,66.50377,60.5
T000530,1982-08-31,59.056007,52.417187,68.034386,74.80428,46.944557,92.4
T000530,1982-09-30,89.518814,85.66588,66.74766,74.52952,46.97885,51.3
T000530,1982-10-31,55.64124,27.791065,67.39074,74.93726,77.67386,29.2
T000530,1982-11-30,34.541748,28.552433,62.994724,70.53125,74.90396,98.8
T000530,1982-12-31,93.52027,103.26959,64.04022,73.50645,68.80873,112.5
T000530,1983-01-31,103.88539,118.2092,64.26756,75.50359,62.701458,138.5
T000531,1981-12-31,338.4116,325.68164,275.1559,271.0996,236.15036,358.7
T000531,1982-01-31,355.66235,332.91013,285.63092,277.48697,249.52966,371.7
T000531,1982-02-28,366.81595,346.43756,296.04205,282.14532,261.00006,397.5
T000531,1982-03-31,391.39435,375.77817,308.7123,291.0078,276.44733,351.7
T000531,1982-04-30,351.3785,337.40262,315.9557,297.4587,288.92908,371.3
T000531,1982-05-31,371.97125,357.9538,330.47452,302.64392,280.9259,383.3
T000531,1982-06-30,382.69763,359.92886,336.3655,314.3612,297.65796,388.0
T000531,1982-07-31,387.13943,365.38373,347.03555,343.45364,305.3805,392.1
T000531,1982-08-31,392.96448,368.0343,357.10886,350.9986,319.35123,393.8
T000531,1982-09-30,397.25726,367.6709,363.53857,380.70786,328.6378,423.9
T000531,1982-10-31,425.63855,384.68497,377.35916,390.66797,334.77783,418.7
T000531,1982-11-30,421.8592,376.98297,382.25833,394.1615,364.76514,424.1
T000531,1982-12-31,425.38837,392.00586,391.87564,402.912,354.67252,434.2
T000531,1983-01-31,433.11972,405.7303,396.8745,397.6897,344.33688,440.2
T000532,1981-11-30,102.803764,105.608025,101.95247,102.32565,107.25874,104.6
T000532,1981-12-31,103.53391,106.12573,102.39281,102.381584,107.10841,107.0
T000532,1982-01-31,105.84849,108.79054,102.85622,102.59128,106.161415,108.3
T000532,1982-02-28,107.49307,109.61219,103.388405,102.75809,105.9751,109.3
T000532,1982-03-31,108.72471,109.957825,104.12078,103.69079,105.82561,111.2
T000532,1982-04-30,110.45294,111.2816,104.96594,104.15047,106.22968,111.7
T000532,1982-05-31,110.729416,112.242035,105.715515,104.24083,106.53423,112.3
T000532,1982-06-30,111.393616,113.57777,106.6381,104.46451,105.77211,112.9
T000532,1982-07-31,112.03555,113.51553,107.49789,105.83376,105.387115,114.6
T000532,1982-08-31,113.898895,113.45609,108.68526,106.21403,106.06595,116.4
T000532,1982-09-30,115.99016,114.31562,109.808174,107.13373,107.80558,118.4
T000532,1982-10-31,118.20735,116.78364,110.99223,110.21131,108.671715,120.0
T000532,1982-11-30,120.03123,118.90399,112.37206,111.77976,108.94115,121.8
T000532,1982-12-31,121.69935,119.30592,113.8206,113.21501,109.715065,122.5
T000533,1981-11-30,5149.923,4760.1807,5002.8755,5094.1377,4208.188,5112.0
T000533,1981-12-31,5133.1113,4838.4565,5002.312,5093.295,4034.4165,4966.0
T000533,1982-01-31,4992.756,4785.201,5008.9634,5058.982,3863.2375,4876.0
T000533,1982-02-28,4906.1733,4635.672,5003.045,5032.8687,3663.2673,4981.0
T000533,1982-03-31,4991.4897,4676.365,5008.7817,5020.1987,3758.7236,4902.0
T000533,1982-04-30,4922.536,4650.614,5006.506,5006.5347,3926.185,4876.0
T000533,1982-05-31,4898.6787,4687.8467,4997.0073,4999.265,3952.8733,4880.0
T000533,1982-06-30,4910.393,4641.023,4985.202,4995.4937,4083.1638,4877.0
T000533,1982-07-31,4914.9297,4627.318,4981.6763,5000.059,4279.315,4912.0
T000533,1982-08-31,4943.7607,4695.517,4971.374,4994.228,4411.8945,4833.0
T000533,1982-09-30,4864.281,4723.8657,4943.8535,4974.72,4485.3887,4924.0
T000533,1982-10-31,4942.1,4854.0864,4940.09,4975.7876,4530.0273,4557.0
T000533,1982-11-30,4593.7954,4471.9673,4889.117,5021.5063,4679.053,4478.0
T000533,1982-12-31,4505.4385,4510.0337,4852.702,5036.122,4728.687,4246.0
T000534,1981-11-30,76470.375,76358.61,75589.56,75417.49,75042.734,76753.0
T000534,1981-12-31,76655.6,76591.47,75735.01,75489.17,75356.49,77283.0
T000534,1982-01-31,77151.266,77157.06,75903.3,75551.08,75410.49,77350.0
T000534,1982-02-28,77231.91,77211.55,76071.8,75694.24,75621.734,77778.0
T000534,1982-03-31,77661.47,77643.86,76335.086,75853.36,75899.75,77860.0
T000534,1982-04-30,77790.2,77523.17,76542.08,76196.88,76148.77,78063.0
T000534,1982-05-31,78004.38,77775.56,76778.58,76473.42,76379.97,78264.0
T000534,1982-06-30,78246.016,77983.78,77026.0,76631.47,76740.3,78306.0
T000534,1982-07-31,78304.99,77970.164,77225.43,76901.65,76794.42,78476.0
T000534,1982-08-31,78466.85,78003.99,77463.6,77337.65,77119.31,78508.0
T000534,1982-09-30,78535.72,78051.98,77640.91,77505.94,77420.16,78479.0
T000534,1982-10-31,78537.04,77991.49,77843.91,78114.69,77368.41,78938.0
T000534,1982-11-30,78955.01,78409.47,78038.836,78124.83,77418.22,79266.0
T000534,1982-12-31,79263.86,78646.96,78220.805,78500.61,77665.22,79197.0
T000535,1983-11-30,126.1209,118.91568,111.94347,113.276276,103.48253,120.0
T000535,1983-12-31,120.350746,112.85932,113.31276,114.01223,106.970055,115.0
T000535,1984-01-31,115.69216,109.40029,115.07335,115.8184,109.43525,122.0
T000535,1984-02-29,122.63966,114.889565,116.292534,119.54341,108.58269,124.0
T000535,1984-03-31,124.48745,115.93736,117.49079,122.3952,107.01017,123.0
T000535,1984-04-30,123.477325,117.169464,118.75609,120.8718,105.790886,124.0
T000535,1984-05-31,123.43705,120.229645,119.309654,119.77159,104.06956,123.0
T000535,1984-06-30,122.297455,117.923515,120.50069,119.45663,103.966225,124.0
T000535,1984-07-31,124.03509,117.26807,121.10119,120.151085,104.667336,118.0
T000535,1984-08-31,119.049614,111.345314,121.41674,121.9228,104.95,118.0
T000535,1984-09-30,118.95324,112.350876,121.19048,120.92217,101.08001,121.0
T000535,1984-10-31,121.68542,116.48599,121.69154,121.65714,104.6068,117.0
T000535,1984-11-30,117.355125,114.028854,120.70997,121.21339,103.84593,114.0
T000535,1984-12-31,114.83706,111.43967,120.47337,120.95438,104.19572,114.0
T000536,1981-11-30,85032.01,84533.695,83980.08,83868.336,82634.08,85227.0
T000536,1981-12-31,85178.125,84759.73,84124.81,83856.53,83057.266,85596.0
T000536,1982-01-31,85517.76,85268.31,84298.586,84052.4,82851.516,85567.0
T000536,1982-02-28,85497.19,85139.96,84470.836,84128.05,83093.586,86189.0
T000536,1982-03-31,86109.86,85691.93,84744.15,84296.97,83450.24,86132.0
T000536,1982-04-30,86075.76,85505.27,84912.875,84616.31,83849.94,86340.0
T000536,1982-05-31,86293.47,85881.734,85154.3,85028.06,83968.86,86534.0
T000536,1982-06-30,86557.39,86001.18,85396.07,85035.766,84464.875,86635.0
T000536,1982-07-31,86669.836,85996.37,85592.93,85309.625,84538.67,86982.0
T000536,1982-08-31,86980.555,86271.375,85831.81,85889.47,85079.15,86902.0
T000536,1982-09-30,86937.53,86352.46,85991.94,85955.22,85356.18,87027.0
T000536,1982-10-31,87071.72,86472.11,86234.86,86348.94,85259.3,87000.0
T000536,1982-11-30,87019.92,86337.19,86370.234,86349.375,85390.875,87331.0
T000536,1982-12-31,87332.46,86681.16,86552.37,86872.02,85782.58,86868.0
T000537,1983-11-30,2187.2925,2065.8328,2003.6552,2058.6123,1956.6594,2295.0
T000537,1983-12-31,2284.2632,2215.5347,2044.106,2078.2134,1892.8121,2494.0
T000537,1984-01-31,2473.7307,2396.7134,2096.8054,2137.3088,1877.0632,2390.0
T000537,1984-02-29,2389.6555,2255.2085,2139.752,2158.494,1923.9274,2334.0
T000537,1984-03-31,2330.5327,2139.7,2200.1843,2178.7395,1837.4349,2249.0
T000537,1984-04-30,2254.0408,2059.6465,2215.0542,2188.6357,1892.563,2221.0
T000537,1984-05-31,2239.275,2122.1907,2226.9304,2220.0105,1797.4814,2254.0
T000537,1984-06-30,2269.7651,2140.3584,2241.159,2249.4753,1788.8123,2252.0
T000537,1984-07-31,2256.7175,2124.0593,2240.01,2270.804,1781.6544,2382.0
T000537,1984-08-31,2378.9138,2219.2988,2278.647,2282.6467,1793.3346,2481.0
T000537,1984-09-30,2481.1587,2328.9944,2303.654,2318.0457,1887.1995,2485.0
T000537,1984-10-31,2492.4365,2317.039,2346.2917,2356.1714,1912.1919,2421.0
T000537,1984-11-30,2435.1687,2206.7776,2358.0713,2341.1794,1981.8253,2366.0
T000537,1984-12-31,2372.825,2195.898,2368.8267,2326.4705,2030.1831,2481.0
T000538,1973-11-30,6.2184424,5.917329,6.296698,6.4922247,5.96666,6.14
T000538,1973-12-31,6.1899643,5.682422,6.2836423,6.498317,6.1096435,5.3
T000538,1974-01-31,5.430177,5.0439095,6.2255716,6.4841037,6.24246,5.69
T000538,1974-02-28,5.754848,5.6784387,6.2249875,6.4204607,6.1643276,5.81
T000538,1974-03-31,5.8118424,5.673321,6.10579,6.356192,6.050044,5.7
T000538,1974-04-30,5.675208,5.5877814,6.157136,6.32997,5.806127,5.88
T000538,1974-05-31,5.855898,5.719504,6.0055676,6.294141,6.043469,6.11
T000538,1974-06-30,6.063894,5.962805,6.09325,6.283621,5.671542,6.05
T000538,1974-07-31,5.9836965,5.8630414,5.979733,6.279434,5.736679,6.26
T000538,1974-08-31,6.2387977,6.2076163,6.0233836,6.2965145,5.8144636,6.09
T000538,1974-09-30,6.007903,6.0837455,5.9564276,6.2688956,5.5054765,6.19
T000538,1974-10-31,6.156508,6.1876435,5.967579,6.311853,5.3371973,6.22
T000538,1974-11-30,6.1917124,6.2878375,5.964779,6.2674866,5.558609,6.4
T000538,1974-12-31,6.3466706,6.4298687,5.9845037,6.2382793,5.370855,6.07
T000539,1981-11-30,1069.939,1064.1351,1061.9575,1064.207,1052.7878,1079.0
T000539,1981-12-31,1078.7246,1072.1871,1065.0852,1066.6693,1056.6438,1086.0
T000539,1982-01-31,1085.6143,1078.8854,1067.5112,1068.9032,1058.913,1085.0
T000539,1982-02-28,1084.5513,1078.6646,1069.9836,1069.4325,1059.4478,1089.0
T000539,1982-03-31,1088.301,1081.9904,1073.0903,1071.1082,1063.6127,1095.0
T000539,1982-04-30,1094.3196,1085.5662,1075.7161,1072.6692,1062.7323,1093.0
T000539,1982-05-31,1092.952,1084.3708,1078.1829,1076.4204,1061.863,1094.0
T000539,1982-06-30,1094.0818,1088.7019,1081.1914,1077.5897,1064.1074,1096.0
T000539,1982-07-31,1095.3953,1089.5208,1083.3734,1077.6003,1062.3772,1098.0
T000539,1982-08-31,1097.2959,1089.994,1086.1003,1078.6876,1066.0465,1100.0
T000539,1982-09-30,1099.8076,1091.5625,1088.4525,1088.5779,1070.9633,1105.0
T000539,1982-10-31,1104.947,1095.3729,1091.0847,1095.1157,1072.835,1105.0
T000539,1982-11-30,1105.7756,1094.4397,1094.003,1095.5203,1076.9781,1111.0
T000539,1982-12-31,1111.5009,1100.5392,1096.8494,1098.1013,1080.4958,1109.0
T000540,1981-11-30,35550.703,34860.01,33854.2,33660.8,32401.498,34896.0
T000540,1981-12-31,34984.027,33870.438,34045.562,34274.938,32971.1,34886.0
T000540,1982-01-31,34994.355,34066.94,34351.54,34547.45,33303.113,35345.0
T000540,1982-02-28,35393.953,34588.742,34486.664,34567.055,33681.89,36450.0
T000540,1982-03-31,36408.348,35658.984,34732.715,34652.023,33417.137,36296.0
T000540,1982-04-30,36294.555,35485.65,34960.008,34646.06,33927.645,37141.0
T000540,1982-05-31,37104.75,36446.64,35278.82,35488.03,33778.75,36822.0
T000540,1982-06-30,36769.387,35809.867,35530.293,35835.33,33799.285,37342.0
T000540,1982-07-31,37311.18,36498.242,35875.51,35767.36,34168.08,37969.0
T000540,1982-08-31,37869.7,36996.195,36125.24,35846.586,34395.062,37746.0
T000540,1982-09-30,37616.94,36917.715,36291.184,36081.94,34456.824,39106.0
T000540,1982-10-31,38960.625,38438.72,36738.645,36155.64,34842.89,38713.0
T000540,1982-11-30,38674.543,37828.125,36866.34,36354.637,34599.676,39417.0
T000540,1982-12-31,39384.523,38675.402,37396.99,37335.46,34669.613,40707.0
T000541,1983-11-30,773.1317,690.05975,650.6547,642.1108,656.8715,370.0
T000541,1983-12-31,411.16968,341.20715,622.3035,633.9372,731.12744,529.0
T000541,1984-01-31,542.2378,588.89246,649.4973,610.37274,641.58496,674.0
T000541,1984-02-29,652.70953,618.0216,620.9364,615.4415,584.5431,870.0
T000541,1984-03-31,825.6527,825.4065,672.46576,745.77563,620.0601,478.0
T000541,1984-04-30,462.9513,460.50735,625.2794,628.48395,737.2953,696.0
T000541,1984-05-31,679.8578,700.9199,653.77625,726.69037,614.5697,370.0
T000541,1984-06-30,378.1729,296.93848,607.7001,734.80756,795.6464,696.0
T000541,1984-07-31,669.8936,855.4352,617.76135,764.99426,749.9198,761.0
T000541,1984-08-31,686.33435,864.58984,607.8975,752.30054,547.11725,304.0
T000541,1984-09-30,312.02563,416.72308,557.53156,774.9776,584.8049,1000.0
T000541,1984-10-31,964.47626,1001.77625,667.7724,762.0838,595.57904,283.0
T000541,1984-11-30,285.08594,134.85223,559.20447,781.56573,734.5287,522.0
T000541,1984-12-31,550.4098,648.1125,655.6896,630.83624,628.03876,870.0
T000542,1980-11-30,2.7209496,2.294991,2.6623275,2.6261885,2.7399824,3.07
T000542,1980-12-31,2.972293,2.8253746,2.6516364,2.7100534,2.8288798,3.08
T000542,1981-01-31,2.888392,3.0793576,2.6187425,2.8531373,2.9131167,2.97
T000542,1981-02-28,2.7372797,3.274397,2.5986,2.9198272,2.7943609,2.82
T000542,1981-03-31,2.5726027,3.2596228,2.5880995,3.0388985,2.7854967,2.56
T000542,1981-04-30,2.350475,3.0011063,2.5547569,3.0082715,2.7244422,2.04
T000542,1981-05-31,1.9508531,2.4649427,2.5306997,2.900027,2.7783961,1.87
T000542,1981-06-30,1.9155827,2.2306514,2.496508,2.7748814,2.649278,1.82
T000542,1981-07-31,1.9077246,1.9683442,2.488553,2.6910186,2.5639372,2.04
T000542,1981-08-31,2.0888636,2.0269456,2.4665449,2.5117602,2.5188618,2.12
T000542,1981-09-30,2.1746063,1.9425356,2.4657292,2.4776175,2.6075954,2.3
T000542,1981-10-31,2.3723357,2.0789697,2.4402173,2.471091,2.617214,2.55
T000542,1981-11-30,2.5609887,2.3211641,2.4486437,2.4763556,2.8365715,2.97
T000542,1981-12-31,2.8505814,2.8846862,2.4470022,2.4851487,2.8227172,2.93
T000543,1978-11-30,227.53348,221.77629,190.41055,182.9887,180.98186,235.0
T000543,1978-12-31,232.89468,225.31622,196.45847,189.79193,188.16025,243.0
T000543,1979-01-31,241.15804,231.5856,203.58055,202.36053,190.7546,248.0
T000543,1979-02-28,246.59186,234.73572,210.06786,204.7642,196.25653,249.0
T000543,1979-03-31,248.34154,236.03139,216.47055,208.69754,200.77055,247.0
T000543,1979-04-30,246.7338,234.94284,221.81837,212.78662,204.1336,257.0
T000543,1979-05-31,256.371,245.51694,227.48686,219.28354,205.27774,265.0
T000543,1979-06-30,264.50372,250.32878,233.3427,226.27135,207.57921,258.0
T000543,1979-07-31,259.12225,241.9831,238.4126,238.80212,209.28413,262.0
T000543,1979-08-31,263.08148,245.23541,244.34732,251.9012,215.24399,264.0
T000543,1979-09-30,265.1423,243.0931,248.47452,255.69627,221.33078,261.0
T000543,1979-10-31,262.96378,240.28635,252.31583,263.04758,226.42322,254.0
T000543,1979-11-30,256.2036,235.73907,254.12804,264.63815,230.91115,245.0
T000543,1979-12-31,247.35437,228.63145,254.30853,261.51825,227.15489,243.0
T000544,1973-11-30,31.770845,31.896551,32.509953,36.016613,33.30119,33.0
T000544,1973-12-31,32.81415,33.97754,32.018272,35.98874,34.104916,34.0
T000544,1974-01-31,33.398067,36.292953,31.848919,35.25133,32.62227,33.0
T000544,1974-02-28,32.0945,35.368626,31.399239,34.97745,30.620209,33.0
T000544,1974-03-31,32.410526,34.427586,31.78784,34.862164,33.01243,34.0
T000544,1974-04-30,33.570255,35.42176,31.688343,34.093945,34.37485,30.0
T000544,1974-05-31,30.053408,32.378082,31.768318,33.847397,34.38236,20.0
T000544,1974-06-30,21.227222,22.745033,31.193998,34.361965,35.708923,26.0
T000544,1974-07-31,26.305264,27.883064,30.726017,33.099575,35.89785,31.0
T000544,1974-08-31,29.900133,31.854658,30.660818,32.407135,35.44139,36.0
T000544,1974-09-30,34.853806,38.649925,31.288925,32.46574,35.391922,47.0
T000544,1974-10-31,44.832832,48.28607,32.62606,33.03777,34.600433,50.0
T000544,1974-11-30,47.43347,49.304707,33.882988,34.906776,35.789394,55.0
T000544,1974-12-31,52.142715,54.874107,36.15508,36.27177,38.658287,58.0
T000545,1969-11-30,147.90031,144.73558,143.39995,143.62856,137.82388,148.0
T000545,1969-12-31,147.90479,144.70753,144.18207,144.36423,136.77058,150.0
T000545,1970-01-31,149.90466,146.68886,145.06682,144.23602,138.10568,150.0
T000545,1970-02-28,149.9748,146.30646,145.72963,146.66425,137.70987,150.0
T000545,1970-03-31,149.96754,147.08943,146.51903,146.45735,138.33945,152.0
T000545,1970-04-30,151.82295,149.47177,147.31935,146.27391,139.8653,153.0
T000545,1970-05-31,152.67621,150.0565,147.96657,146.27481,139.78438,153.0
T000545,1970-06-30,152.82988,150.10191,148.82707,147.31361,140.97897,153.0
T000545,1970-07-31,153.0441,150.18623,149.54724,149.38289,142.91545,153.0
T000545,1970-08-31,153.21126,149.72766,150.33224,150.9381,142.28847,153.0
T000545,1970-09-30,153.30135,149.97787,150.9884,150.79486,144.50119,154.0
T000545,1970-10-31,154.12357,151.04538,151.5144,152.67812,145.66003,155.0
T000545,1970-11-30,154.89253,152.01898,152.0396,152.50441,146.43831,155.0
T000545,1970-12-31,155.06221,152.08919,152.62964,152.27739,147.47531,157.0
T000546,1970-04-30,17857.188,22720.457,30392.484,36693.406,35152.508,28009.0
T000546,1970-05-31,26689.637,34189.047,29029.059,36107.703,31947.81,16620.0
T000546,1970-06-30,15964.337,19757.816,28524.82,33543.21,26069.627,17263.0
T000546,1970-07-31,19370.172,20154.875,28402.678,32142.85,23860.648,19621.0
T000546,1970-08-31,21445.508,14193.023,28929.678,25337.145,34172.125,42770.0
T000546,1970-09-30,40737.22,36138.02,30258.879,25866.371,20121.523,16915.0
T000546,1970-10-31,18087.334,11846.346,27823.62,25404.13,40323.664,32604.0
T000546,1970-11-30,32926.902,37570.73,29554.232,24885.07,30538.0,50303.0
T000546,1970-12-31,44513.86,46720.664,29165.127,34180.348,28323.07,33622.0
T000546,1971-01-31,30147.373,37605.63,27769.059,38153.41,31503.543,32397.0
T000546,1971-02-28,28000.264,42011.617,30509.725,37375.44,36188.36,31917.0
T000546,1971-03-31,28212.57,38224.594,27711.861,35206.125,21522.746,17461.0
T000546,1971-04-30,17344.598,23930.125,29665.434,35885.305,34601.44,28253.0
T000546,1971-05-31,26940.201,33599.363,28689.96,35268.453,29628.344,15700.0
T000547,1980-11-30,18.255913,19.890629,19.409842,20.557322,19.322577,18.5
T000547,1980-12-31,18.342682,18.69159,19.3649,20.291506,20.62829,17.63
T000547,1981-01-31,17.607096,17.448187,19.21091,19.627245,20.110193,16.53
T000547,1981-02-28,16.934944,16.507515,19.182325,19.271845,21.29017,19.63
T000547,1981-03-31,19.604437,19.57033,19.045698,19.196415,20.70092,19.24
T000547,1981-04-30,18.634794,19.407198,18.926218,19.276285,20.00654,20.42
T000547,1981-05-31,19.670368,21.721188,18.73384,19.946924,19.872585,20.33
T000547,1981-06-30,19.472467,21.510996,18.718685,19.891243,20.04087,19.2
T000547,1981-07-31,18.648207,20.553202,18.688679,19.944864,19.86991,17.92
T000547,1981-08-31,17.597372,19.238754,18.766132,19.85572,21.042353,18.31
T000547,1981-09-30,17.980782,19.812319,18.661673,19.229153,19.898746,17.84
T000547,1981-10-31,17.479446,18.959188,18.731243,19.134632,19.107847,17.85
T000547,1981-11-30,17.71616,18.747473,18.564333,19.132025,18.99272,17.97
T000547,1981-12-31,17.754692,18.17511,18.594948,18.48935,19.192055,18.1
T000548,1980-08-31,10.188974,9.873429,10.810526,10.793769,10.449318,9.7
T000548,1980-09-30,9.906411,9.301231,10.695938,10.691458,10.881376,10.4
T000548,1980-10-31,10.462728,9.964799,10.785452,10.755849,10.427514,10.3
T000548,1980-11-30,10.281695,9.789521,10.601255,10.700822,10.518814,10.9
T000548,1980-12-31,10.852309,10.613967,10.66436,10.74388,10.962725,11.2
T000548,1981-01-31,10.925232,11.125797,10.573472,10.726544,10.77835,12.0
T000548,1981-02-28,11.672622,12.371615,10.6151905,11.0825405,10.759863,12.2
T000548,1981-03-31,11.820603,12.608489,10.696979,11.197631,10.7864685,10.9
T000548,1981-04-30,10.607082,11.205797,10.71555,11.213742,10.534531,10.2
T000548,1981-05-31,10.092491,10.671366,10.792767,11.2230625,10.656399,10.4
T000548,1981-06-30,10.383943,10.627036,10.705111,10.803721,10.653819,10.3
T000548,1981-07-31,10.366959,10.353072,10.74651,10.683471,10.446494,9.3
T000548,1981-08-31,9.485291,9.568558,10.62271,10.706984,10.833392,9.4
T000548,1981-09-30,9.62867,9.424659,10.58083,10.605576,10.490315,9.7
T000549,1980-11-30,7.8570127,7.708821,8.050725,7.9409657,8.057038,9.7
T000549,1980-12-31,9.466764,9.380743,8.176367,8.223877,8.3232975,8.5
T000549,1981-01-31,8.270134,8.469864,8.026383,8.348948,8.197916,9.3
T000549,1981-02-28,9.000451,9.905592,8.219917,8.656266,8.24145,9.7
T000549,1981-03-31,9.323059,9.944585,8.2501335,8.815655,8.132916,8.3
T000549,1981-04-30,8.0163555,8.63119,8.228499,8.658652,7.9044456,7.6
T000549,1981-05-31,7.449929,8.279337,8.298241,8.701051,8.416635,8.0
T000549,1981-06-30,7.911142,8.43385,8.134032,8.330064,7.6769805,8.1
T000549,1981-07-31,8.094095,8.118086,8.358251,8.302036,7.900932,6.7
T000549,1981-08-31,6.9600506,6.9012704,8.164089,8.348136,8.902754,7.1
T000549,1981-09-30,7.282578,7.194098,8.209438,8.250417,8.01919,7.2
T000549,1981-10-31,7.3179584,6.7284975,8.078698,7.9950757,8.115815,8.0
T000549,1981-11-30,8.105116,7.4571257,8.230057,8.007458,8.672697,8.3
T000549,1981-12-31,8.118318,7.931192,8.126305,8.323612,8.510851,8.4
T000550,1980-08-31,13.286018,13.086214,13.029372,13.039868,12.999809,14.3
T000550,1980-09-30,14.4709015,13.281134,13.543407,13.4524555,13.035375,13.4
T000550,1980-10-31,13.578513,12.574962,13.468288,13.123712,14.068699,14.0
T000550,1980-11-30,13.993119,13.408891,13.700486,13.575544,13.860425,13.8
T000550,1980-12-31,13.456973,13.428745,13.497999,13.637563,13.481663,13.6
T000550,1981-01-31,13.316415,13.898271,13.44448,13.773782,13.613578,12.1
T000550,1981-02-28,11.985882,12.57713,13.261271,13.835609,13.659422,12.8
T000550,1981-03-31,12.640682,13.319254,13.129671,13.781523,13.721685,12.2
T000550,1981-04-30,12.120015,12.856012,13.159571,13.831393,13.789091,11.8
T000550,1981-05-31,11.82248,12.784044,12.958499,13.856515,13.279768,12.3
T000550,1981-06-30,12.183263,12.687045,13.068632,13.464553,12.218099,12.2
T000550,1981-07-31,12.208662,11.438023,12.865747,13.357274,12.421387,11.7
T000550,1981-08-31,11.884121,10.56994,12.934964,13.187606,13.182998,11.9
T000550,1981-09-30,12.09669,11.7536335,12.603001,12.931694,13.221621,13.0
T000551,1980-11-30,166.32936,194.26291,192.72305,215.3813,218.68498,222.0
T000551,1980-12-31,209.81581,242.43665,190.60532,208.83362,203.31369,196.0
T000551,1981-01-31,185.1711,207.67625,187.36224,205.90715,208.21732,181.0
T000551,1981-02-28,178.72481,186.75153,190.17203,206.60138,225.39607,201.0
T000551,1981-03-31,194.3705,209.52791,189.48651,205.38354,242.79736,174.0
T000551,1981-04-30,164.90558,207.26749,184.5321,201.896,214.11456,179.0
T000551,1981-05-31,169.85573,216.24527,185.46568,201.43237,204.40865,177.0
T000551,1981-06-30,166.51564,199.71335,180.59482,192.7012,192.37794,155.0
T000551,1981-07-31,152.39276,156.69736,182.02118,188.22855,194.46593,132.0
T000551,1981-08-31,137.07556,141.9332,177.08485,192.904,229.45341,175.0
T000551,1981-09-30,174.83807,195.2946,180.0786,186.5446,202.734,135.0
T000551,1981-10-31,133.86993,142.9677,174.29376,186.87299,196.15765,182.0
T000551,1981-11-30,178.94478,197.39311,175.79471,187.23158,203.57648,184.0
T000551,1981-12-31,171.78767,176.57356,174.11475,184.25702,191.94522,170.0
T000552,1980-11-30,36.096413,45.0937,51.899124,54.198112,63.866653,35.82
T000552,1980-12-31,36.778088,40.075985,50.06179,52.718124,69.1322,46.04
T000552,1981-01-31,42.522316,63.04302,49.8725,54.944664,58.34648,34.37
T000552,1981-02-28,29.430264,53.43289,45.008087,50.59295,35.096508,30.81
T000552,1981-03-31,29.963009,36.94064,47.210125,45.61841,32.247963,30.54
T000552,1981-04-30,35.44675,13.000893,46.537083,44.930817,64.24861,31.42
T000552,1981-05-31,36.674576,17.073826,49.940998,44.181896,67.58608,32.36
T000552,1981-06-30,36.2807,30.434881,47.9936,43.43095,71.01141,54.57
T000552,1981-07-31,52.708252,55.624405,47.303524,42.64476,51.500233,116.13
T000552,1981-08-31,101.90242,113.78569,50.46092,44.1228,43.504654,76.51
T000552,1981-09-30,64.17903,72.86007,45.474937,48.112503,58.91851,63.7
T000552,1981-10-31,57.96069,78.486145,53.653305,50.134228,72.70147,37.78
T000552,1981-11-30,35.958397,48.09613,51.63755,49.98257,78.89531,55.52
T000552,1981-12-31,53.079914,71.219055,52.689716,55.862984,64.26007,55.19
T000553,1980-11-30,30.972837,35.46826,40.266586,40.953392,47.284256,30.84
T000553,1980-12-31,31.899849,33.610703,40.044292,40.540543,53.50429,40.32
T000553,1981-01-31,37.47439,50.725838,39.313103,43.61003,45.600605,30.43
T000553,1981-02-28,26.419327,43.450375,36.16043,41.683434,30.676208,27.53
T000553,1981-03-31,26.374727,34.52311,37.54011,38.398907,29.439178,25.74
T000553,1981-04-30,28.148895,16.354023,36.63628,36.797817,48.22647,26.77
T000553,1981-05-31,29.89133,19.41081,38.91517,36.564987,48.70783,26.01
T000553,1981-06-30,28.678598,25.89175,37.704758,36.163,54.678825,37.77
T000553,1981-07-31,37.682632,38.645664,37.264782,35.433613,37.327187,72.87
T000553,1981-08-31,65.140564,70.91705,39.02477,36.173027,34.383537,52.66
T000553,1981-09-30,46.22683,48.262516,35.89626,37.982372,43.150528,54.61
T000553,1981-10-31,50.5968,61.138557,40.64223,39.117336,50.580627,31.0
T000553,1981-11-30,29.564648,37.046566,39.02461,39.53218,56.56611,47.2
T000553,1981-12-31,45.29897,58.412918,41.09432,43.31411,49.048035,47.53
T000554,1980-11-30,41.431534,51.8163,51.251705,49.916355,71.29801,83.16
T000554,1980-12-31,72.20474,99.29033,54.669365,55.80846,55.819756,26.8
T000554,1981-01-31,21.447432,45.034164,48.254646,54.18671,48.418514,26.88
T000554,1981-02-28,29.363707,40.405083,51.10031,46.330902,37.18331,28.59
T000554,1981-03-31,34.65041,5.7216454,51.157795,46.265198,62.246323,30.46
T000554,1981-04-30,38.12624,13.378315,53.832863,44.494194,76.09479,35.9
T000554,1981-05-31,40.729057,31.451649,54.527206,43.644066,72.932594,45.81
T000554,1981-06-30,45.566494,48.429012,47.803795,42.608467,46.795357,132.15
T000554,1981-07-31,116.956726,124.96156,58.13359,48.289738,43.625168,105.99
T000554,1981-08-31,91.47453,93.2094,50.24578,50.87162,67.759315,48.96
T000554,1981-09-30,44.9173,63.4056,59.470234,58.076443,83.428856,40.8
T000554,1981-10-31,39.24825,57.187134,57.54943,57.71016,87.10972,72.23
T000554,1981-11-30,66.92363,81.16895,57.88557,58.718456,74.449234,52.22
T000554,1981-12-31,42.84146,72.00407,55.575855,63.131447,69.56897,38.09
T000555,1980-11-30,35.522778,43.57088,41.443283,42.42594,55.441303,57.11
T000555,1980-12-31,49.010468,68.45849,41.796307,44.95481,42.523514,22.58
T000555,1981-01-31,18.550774,36.439346,38.542,47.137466,42.05285,21.8
T000555,1981-02-28,23.592299,33.27637,38.437477,38.437656,31.382385,23.92
T000555,1981-03-31,27.448772,11.255409,39.968575,39.116665,46.183025,25.77
T000555,1981-04-30,30.395634,16.599976,40.419704,36.733513,56.76265,30.19
T000555,1981-05-31,32.76852,27.642057,42.04111,36.440002,52.279278,33.27
T000555,1981-06-30,33.810764,33.410194,36.710594,35.29486,33.451843,83.17
T000555,1981-07-31,74.97293,76.98064,43.307877,37.848843,38.480293,76.02
T000555,1981-08-31,66.64583,65.5774,38.528385,40.080338,47.164925,39.48
T000555,1981-09-30,36.493683,48.429287,43.01158,42.628788,60.85914,33.58
T000555,1981-10-31,32.124718,48.07255,42.75402,42.76547,61.110497,62.79
T000555,1981-11-30,57.33692,69.598656,43.53441,44.334763,52.312782,43.96
T000555,1981-12-31,36.727062,55.66632,41.967896,47.886345,52.71956,31.5
T000556,1981-10-31,0.10718584,4.111662,1.268507,2.274759,8.576904,1.48
T000556,1981-11-30,0.113948345,4.020671,1.3008046,1.9401219,8.688709,1.46
T000556,1981-12-31,0.18109941,4.33103,1.3281976,1.6848444,10.412432,1.4
T000556,1982-01-31,0.19025898,4.806834,1.3124412,1.579611,9.668519,1.64
T000556,1982-02-28,0.48595357,4.8334727,1.3764377,1.4596182,9.12806,1.37
T000556,1982-03-31,0.33810472,4.143247,1.342452,1.4107376,8.137369,1.28
T000556,1982-04-30,0.4627211,3.7224371,1.3857846,1.363444,7.0694695,1.56
T000556,1982-05-31,0.75674343,3.5746682,1.3598418,1.3845782,5.906838,1.35
T000556,1982-06-30,0.61194026,2.8925614,1.3646497,1.3905053,4.8962436,1.39
T000556,1982-07-31,0.8457279,2.7058277,1.3945683,1.3850906,4.630867,1.07
T000556,1982-08-31,0.67288244,2.2752237,1.3706033,1.3928958,4.1149836,1.59
T000556,1982-09-30,1.2329413,2.554279,1.4256685,1.4244412,3.273249,1.25
T000556,1982-10-31,0.9558405,1.940212,1.3942151,1.4314499,3.1371927,1.66
T000556,1982-11-30,1.4921108,2.2816446,1.436734,1.4196887,2.322201,1.64
T000557,1981-10-31,0.03379613,0.2288378,0.07988278,0.11712997,0.39878386,0.13
T000557,1981-11-30,0.081150115,0.2371929,0.084142074,0.099719465,0.3748235,0.1
T000557,1981-12-31,0.053276718,0.16860124,0.08897364,0.09635963,0.4355954,0.08
T000557,1982-01-31,0.04790373,0.1866968,0.08940011,0.090506166,0.4428914,0.08
T000557,1982-02-28,0.046790138,0.2039199,0.09354323,0.0894451,0.4401392,0.05
T000557,1982-03-31,0.013618872,0.1676204,0.08431571,0.09395804,0.39757147,0.04
T000557,1982-04-30,-0.0045224875,0.17431755,0.08372858,0.09337953,0.37845168,0.04
T000557,1982-05-31,-0.007618502,0.14504312,0.07151353,0.096866176,0.31969643,0.07
T000557,1982-06-30,0.029247977,0.16752389,0.07402416,0.09373533,0.2809174,0.06
T000557,1982-07-31,0.03068006,0.15954146,0.06815021,0.09341483,0.25735685,0.03
T000557,1982-08-31,0.010714814,0.09717033,0.071524,0.091475315,0.203195,0.06
T000557,1982-09-30,0.04250159,0.10295487,0.06740259,0.0798637,0.15820226,0.04
T000557,1982-10-31,0.02876553,0.06325053,0.06424246,0.08430726,0.14210176,0.07
T000557,1982-11-30,0.062937886,0.091640614,0.06216131,0.08116569,0.07911892,0.06
T000558,1981-10-31,-0.03406453,0.86263025,0.29053283,0.63424075,1.8307283,0.14
T000558,1981-11-30,-0.16348064,0.7223308,0.24038073,0.5612098,1.7927331,0.13
T000558,1981-12-31,-0.13015234,0.7893095,0.24799824,0.47282985,2.133615,0.15
T000558,1982-01-31,-0.11016703,0.92105424,0.21523331,0.38187495,2.1245553,0.22
T000558,1982-02-28,-0.03571683,0.8605572,0.22760284,0.308738,1.9755654,0.13
T000558,1982-03-31,-0.11563498,0.8366925,0.19090842,0.29282215,1.9073787,0.18
T000558,1982-04-30,-0.023669064,0.8166975,0.18818592,0.27315778,1.5706013,0.16
T000558,1982-05-31,-0.052854776,0.70661086,0.16467565,0.2527859,1.315516,0.11
T000558,1982-06-30,-0.09966195,0.5605408,0.15656751,0.24505734,1.1469145,0.1
T000558,1982-07-31,-0.060971737,0.4427598,0.1558923,0.20752636,1.1367712,0.06
T000558,1982-08-31,-0.06026146,0.45758528,0.13889065,0.20510031,1.086085,0.14
T000558,1982-09-30,0.009427488,0.53942335,0.14956702,0.19636472,0.8099811,0.16
T000558,1982-10-31,0.029871732,0.44039768,0.1365925,0.1867769,0.7202898,0.19
T000558,1982-11-30,0.08875115,0.38710108,0.15027277,0.15663001,0.55953217,0.23
T000559,1981-10-31,0.13586354,1.0720844,0.39226723,0.62686014,2.079836,0.48
T000559,1981-11-30,0.22619605,1.0552483,0.42620096,0.53164464,2.2130203,0.43
T000559,1981-12-31,0.15230274,1.0248526,0.41572285,0.4977823,2.4859948,0.41
T000559,1982-01-31,0.123606324,1.1316803,0.41049865,0.49657214,2.317663,0.49
T000559,1982-02-28,0.19210923,1.2733448,0.41949815,0.47414365,2.2899814,0.35
T000559,1982-03-31,0.108692765,0.9806276,0.4035359,0.4687839,2.070315,0.29
T000559,1982-04-30,0.07656896,0.9830454,0.4055122,0.46029982,1.8810989,0.36
T000559,1982-05-31,0.13291562,0.90473926,0.37975162,0.4618047,1.5666503,0.41
T000559,1982-06-30,0.20938319,0.85652155,0.39139324,0.44449168,1.3103985,0.35
T000559,1982-07-31,0.21546549,0.7702241,0.37857583,0.43525738,1.1867398,0.2
T000559,1982-08-31,0.112798244,0.5181175,0.37495404,0.43990314,0.92986906,0.29
T000559,1982-09-30,0.21384028,0.43860188,0.3715095,0.40921438,0.7839906,0.29
T000559,1982-10-31,0.2260417,0.3917879,0.36123723,0.40072316,0.75353324,0.4
T000559,1982-11-30,0.375562,0.54905456,0.36603874,0.39161998,0.57196975,0.37
T000560,1981-09-30,-0.1098569,0.4793938,0.07906741,0.17309985,1.4937996,0.07
T000560,1981-10-31,-0.259862,0.6446314,0.072115004,0.14333609,1.7502623,0.07
T000560,1981-11-30,-0.27995557,0.6559342,0.07406348,0.12689894,1.9275862,0.05
T000560,1981-12-31,-0.24016011,0.7993364,0.07293111,0.10444853,2.2153578,0.09
T000560,1982-01-31,-0.18587226,1.0707604,0.069203295,0.10054453,1.9617242,0.09
T000560,1982-02-28,-0.14402473,0.8750744,0.073371604,0.087655686,1.5365332,0.08
T000560,1982-03-31,-0.14339241,0.687838,0.07058669,0.08879876,1.257459,0.09
T000560,1982-04-30,-0.058076084,0.46277022,0.07513684,0.08631192,0.8182037,0.09
T000560,1982-05-31,-0.010064483,0.3024237,0.07337842,0.08650075,0.5623058,0.08
T000560,1982-06-30,0.010911629,0.21447758,0.07696274,0.08551921,0.39388725,0.05
T000560,1982-07-31,0.008783564,0.15404665,0.07354667,0.08548478,0.32745308,0.09
T000560,1982-08-31,0.053364016,0.18696909,0.076677926,0.087332286,0.2521156,0.06
T000560,1982-09-30,0.03547381,0.13468035,0.07552431,0.076830134,0.22878577,0.06
T000560,1982-10-31,0.04195644,0.122890726,0.0764335,0.076555885,0.19803983,0.06
T000561,1981-10-31,-0.1287911,0.52299094,0.017391631,0.26083854,1.3114128,0.02
T000561,1981-11-30,-0.18958509,0.49146295,0.01665227,0.1818233,1.3619893,0.02
T000561,1981-12-31,-0.20501292,0.5927087,0.016522152,0.12298271,1.6869569,0.01
T000561,1982-01-31,-0.2129451,0.583349,0.014354275,0.07656324,1.6042087,0.02
T000561,1982-02-28,-0.19122088,0.5787872,0.016198691,0.051968314,1.6768477,0.01
T000561,1982-03-31,-0.21370423,0.58025104,0.01348402,0.029386267,1.5025691,0.01
T000561,1982-04-30,-0.16014594,0.52676237,0.01527769,0.023846777,1.4066111,0.02
T000561,1982-05-31,-0.1523113,0.5750138,0.01390986,0.023230063,1.1896266,0.01
T000561,1982-06-30,-0.17556274,0.42253348,0.014074568,0.014119541,0.88566303,0.02
T000561,1982-07-31,-0.13411039,0.28692734,0.015141452,0.0135283135,0.85183,0.02
T000561,1982-08-31,-0.1033359,0.33533767,0.014755198,0.012932967,0.7287044,0.02
T000561,1982-09-30,-0.062618345,0.28299832,0.016546164,0.013381315,0.5065578,0.02
T000561,1982-10-31,-0.05888325,0.2379407,0.016782062,0.025048196,0.4260605,0.03
T000561,1982-11-30,-0.020453662,0.17449015,0.017778,0.023662318,0.2948477,0.01
T000562,1981-10-31,-100.99432,169.8187,26.215279,71.59369,488.7084,19.0
T000562,1981-11-30,-66.31018,181.04565,30.909595,55.44667,622.96484,20.0
T000562,1981-12-31,-59.46689,250.79083,23.099316,43.04076,555.8226,25.0
T000562,1982-01-31,-38.79811,212.82172,27.248184,41.00482,515.57446,25.0
T000562,1982-02-28,-46.64206,268.8406,21.701376,41.677006,515.6682,26.0
T000562,1982-03-31,-30.437897,217.59729,21.819353,43.998604,356.85028,21.0
T000562,1982-04-30,-35.533638,134.04182,21.81341,29.536873,259.6293,26.0
T000562,1982-05-31,-19.515709,74.951035,22.022501,29.427713,255.76646,12.0
T000562,1982-06-30,-12.444412,71.41342,20.925375,31.082909,240.1679,14.0
T000562,1982-07-31,-9.240936,120.44943,20.157047,29.70099,188.74725,18.0
T000562,1982-08-31,-1.7932816,90.73033,20.81568,25.18793,127.765,20.0
T000562,1982-09-30,0.82756424,71.66892,20.231546,22.814445,135.75175,9.0
T000562,1982-10-31,-8.25737,33.50595,20.101574,22.360783,86.439896,26.0
T000562,1982-11-30,15.381763,37.46026,19.925907,21.837973,76.655106,18.0
T000563,1981-10-31,-58.704285,495.157,86.44132,306.57278,822.3156,94.0
T000563,1981-11-30,-96.14911,350.45615,98.173035,232.0528,906.58466,124.0
T000563,1981-12-31,-34.284607,429.34802,95.18562,187.99107,1396.3201,104.0
T000563,1982-01-31,-52.04956,585.85156,98.27803,149.66513,1273.416,104.0
T000563,1982-02-28,-13.828857,566.47644,98.4772,119.48176,1217.9238,114.0
T000563,1982-03-31,-13.916962,534.40576,102.02243,102.52929,1119.6628,85.0
T000563,1982-04-30,-24.642578,395.434,96.90362,101.31596,968.1625,91.0
T000563,1982-05-31,-27.513977,376.8127,98.55446,102.48612,889.4369,94.0
T000563,1982-06-30,-28.01764,361.864,95.93008,98.3516,755.2568,83.0
T000563,1982-07-31,-17.785492,317.67947,98.262566,99.318474,743.46045,70.0
T000563,1982-08-31,-29.151825,341.41623,94.53572,101.73323,679.58765,80.0
T000563,1982-09-30,-2.364853,292.9611,95.090675,98.72943,562.5071,54.0
T000563,1982-10-31,-11.053436,247.79868,90.883865,97.049324,474.6005,90.0
T000563,1982-11-30,54.95649,235.25047,91.15681,96.47827,351.23517,87.0
T000564,1981-10-31,-152.49646,1175.905,173.09882,506.66626,2801.1362,207.0
T000564,1981-11-30,-237.82544,1083.4202,187.7602,398.27472,2944.2454,197.0
T000564,1981-12-31,-244.1549,1167.365,179.98558,301.63593,3389.7588,183.0
T000564,1982-01-31,-250.0282,1410.2639,180.2054,264.4235,3392.5303,217.0
T000564,1982-02-28,-223.39282,1471.456,183.92932,226.31143,3200.2632,188.0
T000564,1982-03-31,-247.71338,1297.4597,179.79376,209.59816,2902.5776,174.0
T000564,1982-04-30,-195.28949,1151.2966,183.5534,193.88127,2503.882,188.0
T000564,1982-05-31,-136.12073,1017.2509,178.92334,196.73811,2095.7124,232.0
T000564,1982-06-30,-61.349792,887.3205,185.6841,191.58946,1644.1915,197.0
T000564,1982-07-31,-26.99121,725.35645,185.43306,197.84998,1481.2156,124.0
T000564,1982-08-31,-36.35437,618.7011,187.7356,192.12129,1182.0059,183.0
T000564,1982-09-30,60.218475,545.8662,190.50208,192.8626,895.27484,184.0
T000564,1982-10-31,75.07953,425.7856,189.6755,198.03647,723.5448,172.0
T000564,1982-11-30,111.842514,347.07925,189.77519,194.44405,549.50104,216.0
T000565,1981-10-31,-165.57556,484.64774,101.5605,245.83313,1149.8569,150.0
T000565,1981-11-30,-85.93494,546.0489,94.73882,204.16696,1293.6794,193.0
T000565,1981-12-31,-17.267273,761.0151,100.182465,175.29068,1299.9263,162.0
T000565,1982-01-31,-24.342896,697.3009,102.65219,159.6767,1175.1685,255.0
T000565,1982-02-28,59.794037,722.47327,123.17834,151.4077,1120.9423,173.0
T000565,1982-03-31,18.249908,552.74005,123.270584,142.93272,895.8627,168.0
T000565,1982-04-30,74.50195,453.50452,141.85335,136.59846,714.0368,201.0
T000565,1982-05-31,118.93565,399.77505,142.60226,135.0799,569.5118,127.0
T000565,1982-06-30,65.52385,251.87659,142.9166,141.3462,469.3167,167.0
T000565,1982-07-31,128.34604,275.66763,160.04625,141.03653,470.0246,117.0
T000565,1982-08-31,92.7274,243.99928,149.59834,151.5433,437.38315,422.0
T000565,1982-09-30,372.7129,519.7939,196.44275,170.80544,303.7659,192.0
T000565,1982-10-31,155.69965,208.37894,181.33615,188.36032,390.71732,251.0
T000565,1982-11-30,225.6594,306.34808,220.92542,197.1482,311.9164,191.0
T000566,1981-10-31,4985.1367,5543.552,4070.6409,4686.796,4021.042,4305.0
T000566,1981-11-30,4302.9336,4419.8154,4139.437,4670.6196,5470.0137,5484.0
T000566,1981-12-31,5429.985,5508.1133,4391.9,4652.7046,5485.245,4252.0
T000566,1982-01-31,3957.9514,4481.322,4179.7725,4682.743,5876.169,5740.0
T000566,1982-02-28,5332.9385,7154.8027,4430.816,4629.8613,5916.4404,4825.0
T000566,1982-03-31,4455.6455,5329.1484,4387.343,4593.5283,6443.239,5127.0
T000566,1982-04-30,4777.6743,6016.4907,4532.372,4674.7607,6188.312,4242.0
T000566,1982-05-31,3992.3818,5142.269,4601.232,4545.6553,7551.162,4826.0
T000566,1982-06-30,4494.7847,6250.505,4605.8823,4598.622,6162.399,3287.0
T000566,1982-07-31,3075.0823,4059.6318,4708.5684,4735.4814,6097.485,4675.0
T000566,1982-08-31,4556.7363,5158.149,4580.73,4630.9106,5901.5938,5293.0
T000566,1982-09-30,5016.859,4916.4233,4914.9043,4739.354,5872.46,4933.0
T000566,1982-10-31,4804.9614,5164.963,4638.4443,4618.81,5358.2344,4598.0
T000566,1982-11-30,4698.5454,5028.33,4902.5977,4892.269,5695.18,5576.0
T000567,1981-10-31,8.500309,22.025034,7.3847904,14.731102,19.30793,0.38
T000567,1981-11-30,-2.1287937,16.740349,14.510359,14.7317505,21.70708,0.78
T000567,1981-12-31,1.1353369,-0.80276966,12.058991,12.228878,32.842358,0.59
T000567,1982-01-31,1.1360216,12.36167,10.959168,12.369521,21.361263,1.35
T000567,1982-02-28,-0.052622795,12.356364,12.15118,13.610678,28.642277,2.29
T000567,1982-03-31,-0.81349945,14.569421,5.7187815,8.195167,-3.4608347,4.83
T000567,1982-04-30,4.5267553,1.0495343,13.561172,8.929124,5.235834,8.84
T000567,1982-05-31,10.996765,-5.5078125,8.230013,9.780448,23.121016,6.47
T000567,1982-06-30,8.32723,-1.2082777,14.136549,11.696227,26.386765,4.22
T000567,1982-07-31,4.7416105,7.2504597,7.7621784,10.3378315,20.006184,5.27
T000567,1982-08-31,3.0304384,10.524018,10.617332,12.518835,24.348106,81.22
T000567,1982-09-30,67.35081,84.44524,12.484171,11.76999,-0.98844624,4.29
T000567,1982-10-31,-3.4199991,4.3693843,6.604469,15.170638,25.868793,0.91
T000567,1982-11-30,0.26924324,25.368198,15.282463,14.196742,25.872002,0.82
T000568,1970-11-30,131917.22,161999.3,151347.14,160023.39,169546.1,148373.0
T000568,1970-12-31,141753.03,168254.48,146928.48,157980.02,119730.94,115123.0
T000568,1971-01-31,116269.63,119780.55,153472.36,154587.77,158656.67,118593.0
T000568,1971-02-28,124424.11,117955.67,146474.06,152070.19,143902.61,112430.0
T000568,1971-03-31,120134.734,96410.45,154792.69,157648.47,158654.62,144953.0
T000568,1971-04-30,150442.53,129733.57,147564.25,153192.34,152863.08,141763.0
T000568,1971-05-31,141687.95,126674.7,153803.02,156202.45,166133.34,215235.0
T000568,1971-06-30,201936.27,210481.98,152312.81,156058.22,130717.92,181969.0
T000568,1971-07-31,168895.03,172595.55,150552.7,161029.6,171458.23,194516.0
T000568,1971-08-31,182621.14,209881.47,155738.55,164539.52,165739.22,168004.0
T000568,1971-09-30,157198.95,177300.81,154625.95,163225.47,180448.28,153168.0
T000568,1971-10-31,145749.48,179997.61,155119.98,163753.39,165378.6,143077.0
T000568,1971-11-30,135818.7,168396.16,155533.03,163233.64,170215.92,168463.0
T000568,1971-12-31,160435.94,189725.77,152213.14,161626.31,125575.484,115000.0
T000569,1983-11-30,92606.92,92782.914,92543.5,92368.6,91858.21,92731.0
T000569,1983-12-31,92601.38,93126.586,92637.516,92382.43,91116.06,92665.0
T000569,1984-01-31,92638.2,92620.625,92715.78,92386.92,90888.086,92798.0
T000569,1984-02-29,92956.36,92036.836,92857.49,92472.56,91262.29,93112.0
T000569,1984-03-31,93337.96,91791.14,93112.9,93593.055,92121.51,93474.0
T000569,1984-04-30,93753.15,92281.74,93244.516,93706.64,92182.7,93582.0
T000569,1984-05-31,93837.234,92710.48,93387.63,93532.47,92286.23,96114.0
T000569,1984-06-30,95794.18,95205.77,93576.63,93358.164,91478.9,97185.0
T000569,1984-07-31,96565.7,96145.28,93690.22,93518.74,91975.875,96690.0
T000569,1984-08-31,96185.93,96416.95,93951.984,93765.6,92769.164,94975.0
T000569,1984-09-30,94792.92,95110.58,94273.63,93953.47,93696.55,95530.0
T000569,1984-10-31,95303.35,95699.0,94492.62,94162.76,93571.805,95637.0
T000569,1984-11-30,95422.62,95500.586,94619.31,94209.4,94204.97,95517.0
T000569,1984-12-31,95376.9,95861.69,94804.414,94216.25,93758.45,94704.0
T000570,1983-11-30,84919.11,86571.68,84798.23,86282.82,84682.1,85536.0
T000570,1983-12-31,84943.74,86858.41,84874.19,86163.09,84226.47,84491.0
T000570,1984-01-31,84344.484,85359.19,84892.05,85928.17,84364.42,84764.0
T000570,1984-02-29,84990.43,85072.97,85086.44,85826.61,84296.09,85588.0
T000570,1984-03-31,85764.83,84957.016,85366.81,86014.234,85022.734,86584.0
T000570,1984-04-30,86702.195,85945.35,85588.68,86162.16,84901.64,87278.0
T000570,1984-05-31,87314.25,86663.56,85877.84,86146.52,85290.27,88460.0
T000570,1984-06-30,88303.56,87739.99,86073.9,86217.03,85467.66,89608.0
T000570,1984-07-31,89115.766,88870.23,86343.625,86374.16,86552.72,89367.0
T000570,1984-08-31,88859.56,89310.35,86572.52,86425.984,87297.01,87949.0
T000570,1984-09-30,87572.38,88789.414,86904.74,86452.48,87744.336,88697.0
T000570,1984-10-31,88156.85,89713.02,87164.58,86703.06,87112.99,88542.0
T000570,1984-11-30,88038.97,89049.79,87292.55,87306.09,87235.73,88494.0
T000570,1984-12-31,88083.26,89128.46,87569.37,87355.17,87026.09,86856.0
T000571,1981-11-30,3065.1223,3507.2188,3396.7405,3686.5273,3484.8435,2856.0
T000571,1981-12-31,2853.3586,3175.5525,3391.0898,3680.8684,3460.5154,2853.0
T000571,1982-01-31,2901.588,3007.526,3358.8335,3419.921,3342.874,2802.0
T000571,1982-02-28,2872.7832,2747.2644,3371.8447,3372.8884,3332.3137,2897.0
T000571,1982-03-31,2967.5496,2740.9568,3353.8948,3353.496,3578.1165,3273.0
T000571,1982-04-30,3312.1409,3078.4985,3376.455,3359.06,3610.9883,3415.0
T000571,1982-05-31,3386.3599,3249.7559,3357.9587,3354.6008,3627.4521,3780.0
T000571,1982-06-30,3658.8105,3728.1304,3358.642,3363.7102,3637.9973,3931.0
T000571,1982-07-31,3727.2534,3984.0493,3345.1938,3473.93,3575.823,3842.0
T000571,1982-08-31,3632.4976,4052.6826,3340.8516,3627.2117,3586.0884,3396.0
T000571,1982-09-30,3227.1814,3780.2217,3343.6084,3645.569,3714.3018,3447.0
T000571,1982-10-31,3273.5457,3895.5232,3343.5178,3623.4985,3480.7446,3081.0
T000571,1982-11-30,2959.7163,3445.9995,3305.592,3596.9045,3429.7612,2850.0
T000571,1982-12-31,2840.4934,3208.9248,3302.1997,3584.28,3365.8618,2672.0
T000572,1981-11-30,81842.9,83085.23,81397.57,82920.71,81090.3,82680.0
T000572,1981-12-31,82102.875,83705.51,81480.79,82834.48,80695.836,81638.0
T000572,1982-01-31,81397.52,82373.18,81531.555,82659.164,80954.63,81963.0
T000572,1982-02-28,82070.29,82349.8,81756.16,82412.44,80815.78,82691.0
T000572,1982-03-31,82773.37,82241.555,82006.82,82588.695,81401.14,83311.0
T000572,1982-04-30,83365.08,82893.74,82202.65,82697.164,81319.09,83863.0
T000572,1982-05-31,83915.8,83441.47,82505.17,82716.52,81631.35,84680.0
T000572,1982-06-30,84622.33,84038.42,82715.36,82622.5,81750.65,85677.0
T000572,1982-07-31,85418.34,84912.11,83016.88,83171.71,82729.89,85525.0
T000572,1982-08-31,85230.83,85282.664,83234.72,83254.3,83381.94,84553.0
T000572,1982-09-30,84356.89,85035.27,83561.42,83333.29,83845.766,85250.0
T000572,1982-10-31,84865.195,85844.945,83819.22,83422.14,83477.086,85460.0
T000572,1982-11-30,85054.83,85634.87,83987.09,83456.91,83777.77,85645.0
T000572,1982-12-31,85263.53,85960.0,84260.48,83450.53,83647.43,84184.0
T000573,1981-11-30,7518.4087,6435.3667,7775.342,8361.415,7848.5684,7195.0
T000573,1981-12-31,7381.657,6491.092,7807.264,8264.443,7569.7,8174.0
T000573,1982-01-31,8058.0693,7486.02,7851.609,8255.333,7179.8164,8033.0
T000573,1982-02-28,7896.608,7187.51,7795.1953,8129.359,7503.0747,7525.0
T000573,1982-03-31,7510.6636,7063.1436,7803.416,7981.773,7277.078,6890.0
T000573,1982-04-30,6973.968,6555.9565,7676.0547,7939.259,6818.057,6304.0
T000573,1982-05-31,6414.824,6265.1963,7554.7603,7977.521,6747.758,7655.0
T000573,1982-06-30,7491.9727,7672.9424,7517.0464,7935.1016,5958.385,7577.0
T000573,1982-07-31,7382.5723,7479.7217,7391.196,7992.9087,5385.429,7323.0
T000573,1982-08-31,7252.642,7313.219,7410.538,7905.944,5499.614,7026.0
T000573,1982-09-30,7125.218,6531.2236,7341.2144,7769.938,5821.4688,6833.0
T000573,1982-10-31,7058.364,6199.0024,7369.82,7730.8,6225.851,7095.0
T000573,1982-11-30,7300.616,6659.356,7324.625,7539.9297,6610.461,7022.0
T000573,1982-12-31,7201.156,6931.9653,7272.7705,7452.356,6342.6997,7848.0
T000574,1981-11-30,92944.49,92599.266,92520.77,92418.555,91187.33,93279.0
T000574,1981-12-31,93285.98,92871.84,92744.58,92480.22,91244.055,93484.0
T000574,1982-01-31,93462.836,92965.0,92784.93,92696.3,91428.41,93455.0
T000574,1982-02-28,93452.516,92966.24,92962.27,92815.63,91732.33,93712.0
T000574,1982-03-31,93727.09,93154.31,93125.26,93419.25,91912.016,94439.0
T000574,1982-04-30,94424.42,93788.984,93278.55,93476.75,92153.99,94557.0
T000574,1982-05-31,94512.26,93910.74,93419.234,93463.414,92212.0,94643.0
T000574,1982-06-30,94665.04,94044.73,93628.3,93559.59,92656.52,95333.0
T000574,1982-07-31,95283.516,94649.17,93842.06,93635.55,92548.766,95487.0
T000574,1982-08-31,95400.79,94801.6,94008.72,93775.055,93045.695,95203.0
T000574,1982-09-30,95148.836,94877.69,94217.91,93900.02,92809.336,95342.0
T000574,1982-10-31,95238.06,94986.516,94384.48,93931.86,92890.49,95899.0
T000574,1982-11-30,95824.17,95345.24,94613.83,94055.766,93173.89,95910.0
T000574,1982-12-31,95918.516,95371.35,94819.16,94254.49,93811.664,95516.0
T000575,1981-11-30,2869.648,2583.0835,2428.3154,2420.9019,2174.6033,2919.0
T000575,1981-12-31,2971.786,2562.7437,2531.1667,2613.4204,2369.9756,2785.0
T000575,1982-01-31,2866.868,2440.4297,2632.2551,2953.329,2531.918,2515.0
T000575,1982-02-28,2605.593,2127.29,2704.4312,3035.231,2659.5093,2294.0
T000575,1982-03-31,2397.8237,1865.0258,2715.0115,2989.6895,2668.5952,2035.0
T000575,1982-04-30,2134.1138,1625.4952,2703.7068,2955.59,2604.9756,1998.0
T000575,1982-05-31,2058.9844,1744.7548,2620.8103,2852.191,2372.2236,2215.0
T000575,1982-06-30,2193.2056,2073.1423,2582.0332,2755.2024,2043.2745,2317.0
T000575,1982-07-31,2263.9023,2196.6648,2498.0059,2686.2563,1983.6455,2387.0
T000575,1982-08-31,2339.3708,2270.584,2492.0312,2691.5142,1960.6719,2314.0
T000575,1982-09-30,2281.7256,2124.3862,2436.2725,2668.8403,1722.2616,2330.0
T000575,1982-10-31,2325.3586,2093.8552,2416.4004,2673.8337,1621.1505,2556.0
T000575,1982-11-30,2537.898,2359.753,2392.2183,2668.447,1605.7137,2594.0
T000575,1982-12-31,2575.2573,2451.7668,2362.3293,2657.8184,1494.2996,2283.0
T000576,1981-11-30,8.483608,7.5748816,8.369285,9.184192,8.272444,8.3
T000576,1981-12-31,8.439924,7.488187,8.539416,9.183659,8.214622,7.8
T000576,1982-01-31,7.869728,6.9319115,8.462878,9.053133,8.370353,7.6
T000576,1982-02-28,7.668133,6.9626503,8.456898,8.860878,8.047943,7.5
T000576,1982-03-31,7.5355024,7.0424676,8.314657,8.659679,7.4513597,7.5
T000576,1982-04-30,7.4909916,7.254551,8.2007885,8.579548,6.946218,7.3
T000576,1982-05-31,7.222095,7.2689586,8.076934,8.584317,6.770814,7.5
T000576,1982-06-30,7.4394054,7.444191,7.925371,8.62789,6.6464934,7.8
T000576,1982-07-31,7.7411227,7.4980903,7.945078,8.540324,6.428345,7.9
T000576,1982-08-31,7.8886786,7.4622335,7.846843,8.536886,6.487263,7.8
T000576,1982-09-30,7.8205485,7.406717,7.8445196,8.228677,6.2330337,7.9
T000576,1982-10-31,7.9413056,7.5886045,7.7646937,8.180917,6.2571306,8.1
T000576,1982-11-30,8.1666155,7.814782,7.7586255,8.135945,6.419534,7.9
T000576,1982-12-31,7.9725194,7.7630467,7.720312,8.1191225,6.6842737,7.4
T000577,1981-11-30,7.073672,6.202716,6.664301,7.1745534,6.3843017,6.5
T000577,1981-12-31,6.682942,5.7261286,6.8153296,7.4184647,6.6586623,5.8
T000577,1982-01-31,5.9561987,5.0095778,6.7647367,7.34584,6.5772696,5.7
T000577,1982-02-28,5.830748,5.025139,6.769098,7.237317,6.4837856,5.6
T000577,1982-03-31,5.688149,5.1006618,6.6085567,7.0502844,6.1253185,5.4
T000577,1982-04-30,5.4033527,5.1144347,6.513169,6.9088345,5.6712646,5.6
T000577,1982-05-31,5.5488806,5.4975867,6.321375,6.823839,5.3716846,6.0
T000577,1982-06-30,5.9165916,5.768694,6.285173,6.8212204,5.253955,6.1
T000577,1982-07-31,6.0253277,5.791813,6.203249,6.7850323,4.9944944,5.9
T000577,1982-08-31,5.885451,5.518196,6.134779,6.7972517,5.0464,6.1
T000577,1982-09-30,6.0679483,5.7311726,6.071745,6.489187,4.6583977,6.3
T000577,1982-10-31,6.291176,5.977243,5.9866743,6.478344,4.6658955,6.5
T000577,1982-11-30,6.496154,6.4442253,5.9728293,6.4501743,4.6659946,6.2
T000577,1982-12-31,6.2277613,6.18037,5.9345536,6.390661,4.7813177,5.6
T000578,1981-11-30,7.9656014,7.1187334,7.955454,8.5947,8.072552,8.0
T000578,1981-12-31,8.050608,7.2271147,8.081458,8.580291,7.933283,7.5
T000578,1982-01-31,7.5043383,6.765059,7.9969974,8.346818,8.091935,7.5
T000578,1982-02-28,7.503023,6.934791,7.978966,8.173091,7.3438907,7.3
T000578,1982-03-31,7.293227,6.931933,7.846247,8.083833,6.7495623,7.4
T000578,1982-04-30,7.340922,7.3113933,7.758853,8.050763,6.5317254,6.8
T000578,1982-05-31,6.7226405,6.897367,7.6244054,8.1408205,6.291852,7.1
T000578,1982-06-30,7.034281,7.218738,7.500666,8.181998,6.073698,7.6
T000578,1982-07-31,7.539132,7.312895,7.5403385,7.9657216,5.7905483,7.7
T000578,1982-08-31,7.7012362,7.3069534,7.4864044,7.9161305,5.8768077,7.5
T000578,1982-09-30,7.5646143,7.1023655,7.531938,7.7915277,5.95016,7.6
T000578,1982-10-31,7.7056804,7.2081337,7.479398,7.7567415,6.022832,7.7
T000578,1982-11-30,7.800908,7.2814703,7.4896555,7.713601,6.283517,7.6
T000578,1982-12-31,7.680108,7.3811016,7.4535723,7.7141023,6.5141454,6.9
T000579,1981-11-30,18.846413,17.637222,19.726793,20.457226,19.025085,19.9
T000579,1981-12-31,20.035536,18.62229,20.221378,20.507578,18.884916,19.9
T000579,1982-01-31,19.845736,18.335814,19.942577,20.296837,19.579624,19.2
T000579,1982-02-28,19.194036,18.522497,19.940096,19.993677,18.970348,19.1
T000579,1982-03-31,19.028013,18.580027,19.771946,19.782946,17.817215,19.2
T000579,1982-04-30,19.283882,18.848276,19.663992,19.874838,18.245716,18.5
T000579,1982-05-31,18.37809,18.475481,19.579166,19.78782,17.453135,18.4
T000579,1982-06-30,18.409142,18.372553,19.20468,19.95882,17.484793,18.1
T000579,1982-07-31,18.13995,17.628437,19.330408,19.79323,17.086075,19.7
T000579,1982-08-31,19.636509,19.034199,19.12518,19.768797,16.589996,18.6
T000579,1982-09-30,18.697609,18.19308,19.11778,19.893116,17.14157,19.0
T000579,1982-10-31,19.093172,18.902695,19.057981,19.582386,16.856512,19.0
T000579,1982-11-30,19.277838,18.023335,19.044735,19.412014,17.482592,18.9
T000579,1982-12-31,19.092205,18.66515,18.984186,19.449087,18.338203,18.7
T000580,1981-11-30,7.7764635,6.9245615,7.655834,8.4295435,7.5778427,7.5
T000580,1981-12-31,7.6510696,6.7163773,7.8344073,8.35816,7.46712,7.1
T000580,1982-01-31,7.169919,6.3059516,7.72662,8.222212,7.6593914,6.8
T000580,1982-02-28,6.882582,6.151724,7.7534895,8.080313,7.4729958,6.8
T000580,1982-03-31,6.8475943,6.3644733,7.585414,7.8618393,6.919769,6.7
T000580,1982-04-30,6.700714,6.4480767,7.4977636,7.8020225,6.552352,6.6
T000580,1982-05-31,6.5226655,6.597734,7.337617,7.8177366,6.3214,6.8
T000580,1982-06-30,6.7341213,6.726449,7.2283287,7.8748136,6.163924,7.1
T000580,1982-07-31,7.0183825,6.8571596,7.205271,7.761713,5.8526316,7.1
T000580,1982-08-31,7.094117,6.721538,7.1184235,7.754408,6.074609,7.1
T000580,1982-09-30,7.110468,6.786723,7.1058726,7.4655714,5.584855,7.3
T000580,1982-10-31,7.3155694,6.975602,7.0465107,7.4008045,5.6499457,7.4
T000580,1982-11-30,7.451364,7.187399,7.027609,7.3637037,5.794092,7.1
T000580,1982-12-31,7.1788487,7.0383964,7.0028424,7.3371396,6.1482143,6.7
T000581,1981-11-30,13.988784,12.831067,13.830239,14.6749525,13.896173,13.7
T000581,1981-12-31,13.852842,12.680517,13.975641,14.646237,14.090986,13.2
T000581,1982-01-31,13.299751,12.007195,13.927342,14.520238,13.541195,13.7
T000581,1982-02-28,13.739814,13.058243,13.963998,14.417686,12.970978,12.5
T000581,1982-03-31,12.470914,11.957777,13.755764,14.195492,11.778818,13.0
T000581,1982-04-30,12.929513,13.008785,13.668945,14.05475,11.297416,12.2
T000581,1982-05-31,12.113651,12.0228405,13.47195,14.080294,11.2705555,13.3
T000581,1982-06-30,13.2733135,13.003439,13.406756,13.976895,10.490762,12.9
T000581,1982-07-31,12.960508,12.05809,13.424596,13.987593,11.127699,13.6
T000581,1982-08-31,13.617941,12.968245,13.348609,13.990876,10.689939,12.7
T000581,1982-09-30,12.780007,11.991497,13.268653,13.977264,11.072533,13.5
T000581,1982-10-31,13.586505,13.303776,13.184801,13.848559,10.620889,13.6
T000581,1982-11-30,13.678431,12.784772,13.203805,13.701285,10.909861,13.6
T000581,1982-12-31,13.6843605,13.198318,13.135492,13.768483,11.530121,12.5
T000582,1981-11-30,5.0723844,4.372236,5.0872717,5.584538,5.027237,4.7
T000582,1981-12-31,4.856315,4.052713,5.1604743,5.5087237,5.065612,4.1
T000582,1982-01-31,4.2630043,3.4414797,5.1351504,5.4709573,5.222884,4.1
T000582,1982-02-28,4.23233,3.502686,5.1060715,5.381457,5.043682,4.1
T000582,1982-03-31,4.157181,3.613803,4.9846644,5.1769395,4.685214,3.9
T000582,1982-04-30,3.8827763,3.6228786,4.8557744,5.0564547,4.393855,4.0
T000582,1982-05-31,3.945148,3.9654527,4.6879096,5.096859,4.21773,4.4
T000582,1982-06-30,4.289246,4.351038,4.6093187,5.089176,3.8541403,4.5
T000582,1982-07-31,4.393412,4.3133197,4.5268493,5.0734973,3.6789188,4.2
T000582,1982-08-31,4.1813912,3.9950128,4.442799,5.0893435,3.8898757,4.6
T000582,1982-09-30,4.555332,4.4338694,4.4141827,4.943206,3.451046,4.4
T000582,1982-10-31,4.4094048,4.2351227,4.3107424,4.8621984,3.267322,4.6
T000582,1982-11-30,4.6384025,4.6419206,4.330886,4.8318133,3.3189611,4.3
T000582,1982-12-31,4.3744044,4.227372,4.262129,4.6506076,3.4621856,3.8
T000583,1981-04-30,4.7897654,4.526392,4.6440153,5.067941,4.4531555,4.8
T000583,1981-05-31,4.812899,4.434922,4.7940087,5.0349746,4.5649905,4.7
T000583,1981-06-30,4.694614,4.241633,4.7315755,4.94037,4.607326,4.6
T000583,1981-07-31,4.6218147,4.1611576,4.8131733,4.9307256,4.651574,4.6
T000583,1981-08-31,4.652272,4.3150353,4.729677,4.7736344,4.2057204,4.8
T000583,1981-09-30,4.806799,4.6192513,4.780366,4.8397617,3.8190541,4.6
T000583,1981-10-31,4.5240564,4.5322423,4.709353,4.792063,3.4797304,4.4
T000583,1981-11-30,4.378463,4.369895,4.679357,4.844229,3.5353622,4.8
T000583,1981-12-31,4.7675567,4.6385283,4.687199,4.77599,3.3757243,5.0
T000583,1982-01-31,5.0103006,4.607802,4.71172,4.784588,3.5855188,4.5
T000583,1982-02-28,4.523537,4.288019,4.6954126,4.8059397,3.784074,4.5
T000583,1982-03-31,4.5379806,4.3969207,4.6771865,4.7996473,3.7694957,4.7
T000583,1982-04-30,4.7439966,4.501036,4.676233,4.7581053,3.6724415,4.5
T000583,1982-05-31,4.573639,4.2921777,4.647488,4.7653556,4.018451,4.5
T000584,1981-04-30,11.563152,9.82023,11.659799,12.863307,11.537096,11.0
T000584,1981-05-31,11.302038,9.523084,11.822985,12.737327,11.767633,9.4
T000584,1981-06-30,9.682119,8.091269,11.67706,12.645264,11.824867,9.3
T000584,1981-07-31,9.528597,8.242376,11.573513,12.223553,11.167245,9.1
T000584,1981-08-31,9.180072,8.094056,11.269395,11.883864,10.3871765,9.0
T000584,1981-09-30,8.914552,8.594104,10.9451885,11.736308,10.071271,9.0
T000584,1981-10-31,8.843368,9.147159,10.600557,11.932807,9.868973,9.3
T000584,1981-11-30,9.103898,9.358383,10.309985,11.955048,9.044124,9.6
T000584,1981-12-31,9.440537,9.347095,10.155857,11.875966,8.755348,9.8
T000584,1982-01-31,9.761789,9.368736,9.959512,11.801635,8.95654,9.8
T000584,1982-02-28,9.826911,9.382745,9.874988,10.737619,8.33676,9.7
T000584,1982-03-31,9.8173275,9.490117,9.647675,10.71115,8.187855,9.8
T000584,1982-04-30,9.961919,9.735907,9.589539,10.607612,8.217897,9.7
T000584,1982-05-31,9.830946,9.662439,9.471795,10.326431,8.493867,8.4
T000585,1981-11-30,9.136184,8.077325,9.09157,10.001921,9.01747,8.8
T000585,1981-12-31,8.954653,7.8019304,9.209925,9.8516865,8.872736,8.1
T000585,1982-01-31,8.227096,7.136486,9.163075,9.728509,9.282926,8.0
T000585,1982-02-28,8.110587,7.265893,9.117303,9.524116,8.754799,7.7
T000585,1982-03-31,7.778136,7.103849,8.94865,9.289526,7.8376417,7.6
T000585,1982-04-30,7.5870914,7.3335004,8.775697,9.175782,7.8503966,7.6
T000585,1982-05-31,7.506385,7.573151,8.5802555,9.2415,7.56671,7.8
T000585,1982-06-30,7.690674,7.7712317,8.402394,9.287004,7.251587,8.0
T000585,1982-07-31,7.9294887,7.7477865,8.336901,9.239137,6.9840527,8.2
T000585,1982-08-31,8.185317,7.7725725,8.232555,9.196582,6.8581314,8.0
T000585,1982-09-30,8.012035,7.6189117,8.169721,8.741719,6.8099823,8.1
T000585,1982-10-31,8.180098,7.8755713,8.055988,8.622052,6.79032,8.3
T000585,1982-11-30,8.399315,8.110772,8.028237,8.511754,6.754836,8.1
T000585,1982-12-31,8.198049,7.986941,7.9587173,8.443684,7.0102496,7.4
T000586,1981-11-30,17.712349,16.118204,18.370043,18.704124,17.733507,16.2
T000586,1981-12-31,16.658453,14.591166,18.592821,18.908377,17.230064,15.4
T000586,1982-01-31,15.956905,13.932047,18.475632,18.610886,18.048592,15.5
T000586,1982-02-28,16.029161,13.59751,18.633598,18.311686,16.811993,16.0
T000586,1982-03-31,16.212374,13.955141,18.233366,17.668127,15.479873,15.3
T000586,1982-04-30,15.309929,13.725567,18.069641,17.37235,15.786741,14.1
T000586,1982-05-31,14.015044,12.840424,17.354633,17.537868,14.8926115,17.0
T000586,1982-06-30,16.705627,16.202612,17.102957,18.188,14.395283,17.7
T000586,1982-07-31,17.33231,17.083847,16.793926,18.591534,14.247292,17.1
T000586,1982-08-31,16.769754,16.959497,16.592314,18.657867,14.234472,15.8
T000586,1982-09-30,15.579792,16.255926,16.323124,18.503792,13.754105,14.9
T000586,1982-10-31,15.050503,15.029519,16.11507,18.391626,13.443569,15.4
T000586,1982-11-30,15.623798,15.155078,15.922908,17.462893,13.766468,13.9
T000586,1982-12-31,14.307159,13.766417,15.667708,17.24323,14.548465,14.9
T000587,1981-11-30,10.343622,8.515873,10.859715,12.2062645,10.8488655,9.4
T000587,1981-12-31,9.743287,7.948899,10.874958,11.960738,10.898476,8.1
T000587,1982-01-31,8.347769,6.7442527,10.755904,11.715471,10.993124,8.0
T000587,1982-02-28,8.150371,6.9080086,10.48502,11.360957,10.13845,7.3
T000587,1982-03-31,7.396451,6.475295,10.139236,11.042634,10.232356,7.6
T000587,1982-04-30,7.5059857,7.336873,9.753921,10.979782,9.643984,7.3
T000587,1982-05-31,7.1095963,7.4599466,9.324037,11.247017,9.412295,7.6
T000587,1982-06-30,7.3406305,7.992159,8.981744,11.247875,8.54826,7.8
T000587,1982-07-31,7.6378217,7.6966367,8.697223,10.985651,7.980375,8.2
T000587,1982-08-31,8.19485,7.9058,8.498692,10.445592,7.6862793,8.0
T000587,1982-09-30,8.076842,7.6354294,8.30672,9.483488,7.5390525,8.2
T000587,1982-10-31,8.385964,8.211198,8.090791,9.390922,7.3017597,8.3
T000587,1982-11-30,8.428006,8.447693,8.001891,9.125531,7.2408986,8.5
T000587,1982-12-31,8.646493,8.651846,7.9231534,8.9317,7.3367453,6.9
T000588,1981-11-30,10.740623,8.63859,11.2286415,12.90681,11.150181,9.7
T000588,1981-12-31,10.173706,8.157577,11.193224,12.446385,11.673683,8.2
T000588,1982-01-31,8.525897,6.6483307,11.2055,12.384276,11.484463,8.0
T000588,1982-02-28,8.207359,6.800315,10.8185,11.890289,11.084333,7.4
T000588,1982-03-31,7.5230484,6.412948,10.585197,11.499046,10.512619,7.7
T000588,1982-04-30,7.5919356,7.22867,10.083596,11.296767,9.756784,7.4
T000588,1982-05-31,7.1787343,7.447592,9.68681,11.53809,9.811078,7.5
T000588,1982-06-30,7.1835976,7.8641825,9.235857,11.573718,8.671443,7.3
T000588,1982-07-31,7.1534567,7.2333555,8.8657,11.451622,8.386951,7.7
T000588,1982-08-31,7.695704,7.549809,8.572907,10.9501915,8.207586,7.4
T000588,1982-09-30,7.478473,7.091702,8.277417,9.786738,7.8547835,8.1
T000588,1982-10-31,8.256741,8.306942,8.009576,9.561379,7.0641775,7.7
T000588,1982-11-30,7.8829937,7.874787,7.8500266,9.262942,7.234282,8.3
T000588,1982-12-31,8.511079,8.483081,7.7486105,8.984374,6.9140296,6.5
T000589,1975-11-30,517.3529,418.91376,602.9489,634.0092,191.5,622.0
T000589,1975-12-31,607.04535,541.04407,602.568,630.60016,196.02078,615.0
T000589,1976-01-31,600.3796,518.59247,602.21295,632.7486,205.48871,613.0
T000589,1976-02-29,599.0072,475.09442,601.7267,632.0121,279.48553,614.0
T000589,1976-03-31,599.75397,485.56244,600.5558,629.9047,420.17825,605.0
T000589,1976-04-30,596.8417,572.87573,599.52954,627.9005,483.09283,604.0
T000589,1976-05-31,599.8042,593.51263,599.1762,625.50116,544.716,600.0
T000589,1976-06-30,592.5432,621.35046,595.34534,623.05475,588.4383,599.0
T000589,1976-07-31,590.2691,625.6163,595.89044,623.6519,578.76324,602.0
T000589,1976-08-31,595.5102,626.55383,595.31067,623.44324,595.96027,606.0
T000589,1976-09-30,598.1746,622.5554,595.5787,615.30414,581.1344,610.0
T000589,1976-10-31,608.7088,618.1,601.40967,617.6322,593.9011,609.0
T000589,1976-11-30,614.0963,597.12756,608.20844,618.94196,610.6541,603.0
T000589,1976-12-31,602.3985,585.76764,607.10065,620.6433,608.9573,610.0
T000590,1975-11-30,183.90717,157.43237,195.96313,213.1987,63.422546,186.0
T000590,1975-12-31,185.68515,175.88675,193.32266,210.0839,78.29468,183.0
T000590,1976-01-31,181.6879,167.1676,191.19725,207.3513,78.64145,182.0
T000590,1976-02-29,178.97052,136.92244,189.84845,203.73831,113.506615,182.0
T000590,1976-03-31,180.3923,145.04532,188.48773,199.66872,180.27815,185.0
T000590,1976-04-30,179.92567,197.42043,187.80151,197.45627,204.56767,186.0
T000590,1976-05-31,179.49799,202.51657,187.14398,195.05998,213.93079,188.0
T000590,1976-06-30,179.09134,210.9978,186.59721,192.69926,242.89066,190.0
T000590,1976-07-31,182.00455,210.03967,186.68011,191.1624,239.1115,192.0
T000590,1976-08-31,184.35924,210.19579,186.6295,190.78383,234.746,188.0
T000590,1976-09-30,180.5948,206.35126,186.50726,189.98761,231.21475,191.0
T000590,1976-10-31,183.72833,209.45699,186.97473,189.5857,225.00648,193.0
T000590,1976-11-30,186.0379,208.96771,187.25725,189.3009,219.51225,190.0
T000590,1976-12-31,184.0068,204.00543,187.59239,189.1736,214.96027,197.0
T000591,1975-11-30,587.7773,488.73193,577.4439,574.442,180.27277,605.0
T000591,1975-12-31,592.81177,528.8898,580.7122,575.3937,204.08002,604.0
T000591,1976-01-31,593.775,514.53625,584.1631,580.34015,214.84518,604.0
T000591,1976-02-29,594.42975,454.78503,587.7724,580.7742,287.51437,606.0
T000591,1976-03-31,599.8206,478.26044,590.85297,581.8722,436.5086,610.0
T000591,1976-04-30,605.6985,587.4686,594.2469,588.7916,491.65192,610.0
T000591,1976-05-31,607.7679,594.47253,597.42737,594.7933,525.26526,611.0
T000591,1976-06-30,611.6403,608.6433,600.4896,603.5613,601.4147,613.0
T000591,1976-07-31,614.2755,608.9015,603.38367,609.643,603.5311,613.0
T000591,1976-08-31,614.2125,608.02325,605.70526,612.95435,603.67694,613.0
T000591,1976-09-30,613.4472,607.1299,607.6126,614.69696,604.4409,616.0
T000591,1976-10-31,615.37024,609.1673,609.0052,612.9223,604.71924,622.0
T000591,1976-11-30,621.17786,615.65234,610.7744,612.6703,605.7387,622.0
T000591,1976-12-31,621.2237,616.8887,611.97327,612.61487,599.678,624.0
T000592,1975-04-30,623.1755,514.113,628.43964,629.67413,195.66016,633.0
T000592,1975-05-31,622.1726,549.24097,629.0622,629.65265,220.19131,645.0
T000592,1975-06-30,635.1542,548.6353,631.06134,631.18774,229.22006,646.0
T000592,1975-07-31,635.0116,482.5255,632.26984,632.2166,305.31708,650.0
T000592,1975-08-31,642.56024,511.44257,634.93365,632.36285,465.74078,651.0
T000592,1975-09-30,644.3994,625.38904,636.9589,632.76263,529.4664,660.0
T000592,1975-10-31,655.02094,647.3668,639.28064,635.96204,564.1052,662.0
T000592,1975-11-30,659.4264,664.6922,641.97516,639.2803,646.3423,660.0
T000592,1975-12-31,658.61346,662.93604,644.9259,639.47955,647.2829,663.0
T000592,1976-01-31,661.92456,662.6222,648.38855,640.4044,646.65753,664.0
T000592,1976-02-29,662.5919,661.6425,650.5283,643.2362,647.642,673.0
T000592,1976-03-31,671.702,669.1888,654.39386,655.1722,648.772,674.0
T000592,1976-04-30,673.62427,669.51764,656.7629,655.81885,651.11487,672.0
T000592,1976-05-31,672.8488,666.1914,660.45856,660.93286,654.41113,674.0
T000593,1978-11-30,481.0597,415.01263,487.7711,515.29175,473.4683,405.0
T000593,1978-12-31,429.66113,343.63147,498.485,523.4216,505.03394,374.0
T000593,1979-01-31,399.9224,299.8273,499.52118,523.25494,513.8242,345.0
T000593,1979-02-28,367.29865,262.9258,496.9677,516.32874,487.52713,359.0
T000593,1979-03-31,373.58087,290.6051,486.44165,488.82495,474.90634,350.0
T000593,1979-04-30,351.34726,296.77457,472.66003,456.61325,413.33755,343.0
T000593,1979-05-31,335.4088,309.01245,450.97397,455.27457,379.97467,331.0
T000593,1979-06-30,321.7463,305.25958,430.08026,466.12326,382.67596,314.0
T000593,1979-07-31,305.52188,297.19046,407.65076,472.2685,355.07343,293.0
T000593,1979-08-31,286.27377,290.0309,385.31787,482.06808,339.8259,273.0
T000593,1979-09-30,271.458,293.31,361.90128,467.867,316.94492,253.0
T000593,1979-10-31,257.08426,278.76367,342.98148,452.542,279.73862,228.0
T000593,1979-11-30,239.88358,250.59982,321.90784,437.92358,270.64877,206.0
T000593,1979-12-31,226.42914,216.37401,307.39117,422.04163,282.36957,205.0
T000594,1978-11-30,301.29697,448.19577,303.60843,375.90536,462.3188,377.0
T000594,1978-12-31,332.8943,482.48264,302.836,361.37463,486.97952,394.0
T000594,1979-01-31,347.3873,495.89413,305.73657,352.7732,510.02515,404.0
T000594,1979-02-28,360.23764,501.40118,314.82166,343.83173,498.21768,407.0
T000594,1979-03-31,367.94006,489.19144,325.3581,339.11795,498.17825,430.0
T000594,1979-04-30,393.75598,510.15637,338.2018,338.28897,500.47678,459.0
T000594,1979-05-31,423.57968,537.8129,353.03903,341.07254,498.46637,480.0
T000594,1979-06-30,448.65973,551.0356,370.44775,345.9125,481.14587,506.0
T000594,1979-07-31,481.54193,559.0691,391.8662,354.97134,489.5753,530.0
T000594,1979-08-31,511.14368,559.88403,412.75974,388.33408,494.86285,557.0
T000594,1979-09-30,543.62085,573.449,436.00507,443.0788,506.44867,584.0
T000594,1979-10-31,573.7883,596.6844,458.50656,460.80365,512.6444,605.0
T000594,1979-11-30,595.6847,614.2206,480.47363,475.21707,510.83142,632.0
T000594,1979-12-31,617.6735,636.19464,502.51456,476.61353,506.55936,655.0
T000595,1978-11-30,622.66394,550.0379,599.37024,655.49066,621.0612,621.0
T000595,1978-12-31,616.8091,571.642,598.3534,635.4195,636.8298,671.0
T000595,1979-01-31,657.2152,641.7814,603.9991,623.67566,568.66974,658.0
T000595,1979-02-28,639.14246,642.2832,601.3184,623.74695,483.67474,626.0
T000595,1979-03-31,609.6558,638.11475,606.79694,619.96295,490.13394,615.0
T000595,1979-04-30,600.54626,618.66125,607.9853,622.5105,425.8924,586.0
T000595,1979-05-31,580.89874,573.1078,605.3159,621.2944,401.20715,553.0
T000595,1979-06-30,562.803,527.02985,608.18115,621.899,416.6674,551.0
T000595,1979-07-31,568.40686,505.7522,604.73035,615.3379,414.9709,598.0
T000595,1979-08-31,607.86206,539.8987,608.1448,615.78845,403.49176,583.0
T000595,1979-09-30,597.26416,526.64557,604.7774,612.22186,442.86554,586.0
T000595,1979-10-31,601.76556,538.6764,607.65045,609.1611,458.84967,599.0
T000595,1979-11-30,605.6527,537.9703,604.11346,609.96814,479.26892,590.0
T000595,1979-12-31,593.03345,537.3738,600.6071,608.54456,539.1876,636.0
T000596,1978-11-30,552.50726,480.96823,506.37354,532.12616,499.90988,556.0
T000596,1978-12-31,555.7656,500.70038,512.2858,540.6913,526.7948,596.0
T000596,1979-01-31,585.69446,559.5947,519.8142,527.29095,509.25812,593.0
T000596,1979-02-28,577.4039,571.0916,522.63165,535.2799,445.2425,570.0
T000596,1979-03-31,555.86206,571.0707,529.65094,539.2982,420.43137,558.0
T000596,1979-04-30,545.96893,557.5546,534.12415,540.3296,420.28482,532.0
T000596,1979-05-31,526.5202,522.58154,534.84174,541.7163,411.15936,504.0
T000596,1979-06-30,508.72696,485.00085,538.82916,539.8834,385.54193,497.0
T000596,1979-07-31,507.20056,463.7502,537.95514,543.50775,379.49573,517.0
T000596,1979-08-31,525.97217,469.26193,541.27893,540.4839,369.72534,514.0
T000596,1979-09-30,527.2875,457.22052,540.80774,539.0407,388.06158,532.0
T000596,1979-10-31,543.6179,473.9963,544.0251,539.6685,405.19772,541.0
T000596,1979-11-30,546.73267,478.3597,542.811,541.82196,418.34375,538.0
T000596,1979-12-31,541.3575,489.65024,540.7032,547.1603,457.31696,580.0
T000597,1978-11-30,213.61661,293.82062,249.57407,303.52023,299.25555,224.0
T000597,1978-12-31,216.1491,274.3224,249.49123,290.80945,329.01102,220.0
T000597,1979-01-31,215.9549,250.7315,247.93376,275.7818,326.10104,232.0
T000597,1979-02-28,230.36395,248.88177,249.04123,262.29617,333.72882,258.0
T000597,1979-03-31,254.7063,272.65866,250.01585,255.85521,359.27298,278.0
T000597,1979-04-30,268.82654,297.69168,252.37598,256.30743,364.37988,287.0
T000597,1979-05-31,272.0553,319.08502,253.06226,255.49266,380.47855,303.0
T000597,1979-06-30,279.22815,348.37564,255.69464,266.41125,388.48584,313.0
T000597,1979-07-31,281.80978,367.05753,258.0391,267.94748,378.86005,286.0
T000597,1979-08-31,256.00125,345.88364,261.18808,269.5882,382.44238,277.0
T000597,1979-09-30,252.42152,337.2419,265.63312,269.01962,368.79578,268.0
T000597,1979-10-31,249.20657,320.65485,265.55078,272.18713,352.98105,266.0
T000597,1979-11-30,253.37837,312.30383,268.83212,277.61182,332.84235,267.0
T000597,1979-12-31,261.20703,299.25925,271.3344,280.01483,310.04227,252.0
T000598,1970-11-30,112.58902,160.66669,131.74605,158.86661,155.617,372.0
T000598,1970-12-31,318.66205,402.56976,132.16104,149.58868,66.858025,75.0
T000598,1971-01-31,58.79184,74.50778,119.65091,159.36008,170.52344,58.0
T000598,1971-02-28,72.48723,135.69482,146.19759,145.50899,180.37546,66.0
T000598,1971-03-31,70.180664,61.310097,132.90279,139.08966,183.95462,126.0
T000598,1971-04-30,125.570206,143.77731,132.67018,143.47209,122.55016,164.0
T000598,1971-05-31,150.9295,194.8367,142.92004,148.75977,183.96448,116.0
T000598,1971-06-30,102.0753,144.3035,113.31213,132.41238,28.484688,111.0
T000598,1971-07-31,115.365,73.05577,149.3903,139.80301,133.18399,112.0
T000598,1971-08-31,126.350655,63.4357,125.02334,137.42615,213.62106,127.0
T000598,1971-09-30,132.35236,110.781555,149.35858,144.59212,187.82819,147.0
T000598,1971-10-31,135.90953,182.33063,121.898384,139.5489,142.41814,125.0
T000598,1971-11-30,104.271774,169.04012,134.51688,162.34413,155.11893,324.0
T000598,1971-12-31,273.07004,340.82428,135.25813,148.77681,58.21347,73.0
T000599,1970-11-30,14706.893,27958.389,34772.668,41593.207,48699.086,25248.0
T000599,1970-12-31,26775.703,32755.139,34541.465,34782.63,45020.883,26444.0
T000599,1971-01-31,25595.188,25921.652,34151.152,33974.133,49507.562,23196.0
T000599,1971-02-28,22307.846,31946.803,33408.73,35061.89,44206.086,9792.0
T000599,1971-03-31,12581.91,18850.387,32356.838,32979.688,40258.848,51280.0
T000599,1971-04-30,47695.973,49347.562,33457.363,32317.893,16559.586,29647.0
T000599,1971-05-31,29132.25,13366.748,32681.604,34426.02,48188.8,33545.0
T000599,1971-06-30,34676.746,35128.41,34916.87,33060.793,49100.69,27848.0
T000599,1971-07-31,27068.895,29761.17,33219.605,33866.477,46450.336,34723.0
T000599,1971-08-31,33017.34,39524.742,32370.697,35816.13,37338.934,55081.0
T000599,1971-09-30,47710.71,58879.57,33760.15,38424.652,46275.53,51978.0
T000599,1971-10-31,43555.32,59758.42,30442.645,39029.59,27592.463,17077.0
T000599,1971-11-30,14461.68,28262.836,34160.785,36000.7,43666.047,24435.0
T000599,1971-12-31,26743.652,32016.125,33116.312,34501.195,45952.086,25235.0
T000600,1971-11-30,123.40907,176.6058,161.86475,203.00996,171.53458,97.0
T000600,1971-12-31,103.80868,137.92892,171.07098,206.34734,153.32095,202.0
T000600,1972-01-31,193.78142,208.80394,167.87744,206.76721,182.43185,167.0
T000600,1972-02-29,153.46478,171.07692,165.10097,199.332,124.262535,25.0
T000600,1972-03-31,51.910286,65.92137,165.56,194.18039,188.64862,201.0
T000600,1972-04-30,201.67508,210.61386,165.07532,198.5145,103.06396,170.0
T000600,1972-05-31,160.46684,101.37114,168.86137,203.82625,134.95084,167.0
T000600,1972-06-30,166.49008,176.57574,166.06032,193.56866,214.22284,176.0
T000600,1972-07-31,167.5843,197.39188,167.86348,188.93231,167.4595,180.0
T000600,1972-08-31,169.88162,178.24284,163.3726,191.62808,121.28049,187.0
T000600,1972-09-30,171.98727,193.93599,166.29985,192.90947,233.3119,239.0
T000600,1972-10-31,214.40866,267.33105,165.18422,191.57156,160.55695,165.0
T000600,1972-11-30,144.35677,203.99557,164.92912,188.52087,134.88658,65.0
T000600,1972-12-31,78.78332,106.70958,166.38672,200.64236,195.76709,233.0
T000601,1970-11-30,9490.344,11931.529,8951.845,10295.925,7066.5405,13501.0
T000601,1970-12-31,12327.799,13755.752,9207.804,10249.56,7165.0796,4510.0
T000601,1971-01-31,4865.2563,4644.427,8867.358,10247.229,9258.584,5812.0
T000601,1971-02-28,6782.193,7160.5254,9382.992,10445.215,8852.418,6500.0
T000601,1971-03-31,6965.254,5452.92,8920.578,10385.807,8619.7705,8704.0
T000601,1971-04-30,8706.751,8858.754,9149.748,10107.162,7238.946,10105.0
T000601,1971-05-31,9767.793,9723.109,9051.251,10066.88,7906.0254,9581.0
T000601,1971-06-30,9262.745,9328.626,8785.942,9848.756,6533.1562,9888.0
T000601,1971-07-31,9671.426,8808.401,9262.883,10061.487,9038.269,9245.0
T000601,1971-08-31,9087.939,8477.949,8945.679,9983.578,10598.477,10314.0
T000601,1971-09-30,9853.639,11095.992,9391.104,10271.641,9566.44,9407.0
T000601,1971-10-31,8797.249,10920.16,8850.546,10242.349,8301.646,10656.0
T000601,1971-11-30,9776.622,12225.817,9145.519,10671.617,7943.3706,17190.0
T000601,1971-12-31,15512.758,17713.938,9499.946,10410.936,6550.5547,4129.0
T000602,1969-11-30,7.3930655,3.4305916,14.030426,13.910226,7.231974,17.0
T000602,1969-12-31,15.979241,17.153185,12.883967,14.785353,7.7036657,11.0
T000602,1970-01-31,10.226892,11.012285,13.246851,15.598153,3.677721,15.0
T000602,1970-02-28,15.1355,15.307084,13.558815,15.047922,6.3253245,18.0
T000602,1970-03-31,17.321453,12.537248,14.781617,15.536867,10.422604,19.0
T000602,1970-04-30,17.73813,14.913588,14.686103,16.914116,7.8753834,9.0
T000602,1970-05-31,9.49703,8.122707,14.847294,16.460707,17.904795,12.0
T000602,1970-06-30,12.131392,13.589094,14.448387,14.959935,12.510694,15.0
T000602,1970-07-31,14.245388,12.947423,14.084084,16.758802,12.287682,13.0
T000602,1970-08-31,12.916426,16.08833,13.803896,16.88064,16.282965,21.0
T000602,1970-09-30,19.426273,21.754023,14.703311,16.75025,12.3780575,28.0
T000602,1970-10-31,26.12994,28.14251,15.22545,17.31762,9.747656,8.0
T000602,1970-11-30,9.107546,8.662846,15.611746,17.413277,19.880424,28.0
T000602,1970-12-31,26.259842,26.94706,17.540758,17.444729,10.223799,11.0
T000603,1970-11-30,595.31445,676.7599,672.43005,681.8936,786.70886,721.0
T000603,1970-12-31,702.8767,818.85333,685.53845,676.159,632.3485,780.0
T000603,1971-01-31,740.5247,756.1398,671.87177,675.7778,649.49066,610.0
T000603,1971-02-28,595.33136,618.90063,676.2878,680.4766,723.36273,653.0
T000603,1971-03-31,671.29395,684.09485,679.3739,684.24023,793.4246,724.0
T000603,1971-04-30,710.75793,780.08624,680.5161,684.9121,674.2869,775.0
T000603,1971-05-31,748.17035,788.2854,698.72437,717.99567,605.1981,541.0
T000603,1971-06-30,552.91797,517.9963,679.9615,703.1863,716.52655,650.0
T000603,1971-07-31,635.1351,693.83997,681.34265,677.5387,650.07855,587.0
T000603,1971-08-31,597.6235,525.1063,668.07764,679.4976,696.8282,632.0
T000603,1971-09-30,651.8481,650.5561,678.2244,679.7701,788.04126,581.0
T000603,1971-10-31,574.62915,617.30457,660.0941,675.8223,720.14484,594.0
T000603,1971-11-30,588.7742,658.73895,641.46826,682.46643,639.917,693.0
T000603,1971-12-31,672.2584,682.1291,663.309,679.73425,703.1841,628.0
T000604,1970-11-30,4560.21,4349.8237,4491.6753,4908.081,4484.8403,4821.0
T000604,1970-12-31,4786.5005,4734.1206,4632.4673,4908.7964,4671.938,4027.0
T000604,1971-01-31,4020.2222,3856.5042,4515.4917,4917.086,4436.7065,3987.0
T000604,1971-02-28,4066.984,4117.275,4574.3853,4819.275,4507.959,4165.0
T000604,1971-03-31,4205.4897,4067.9663,4508.236,4762.433,4379.843,4303.0
T000604,1971-04-30,4303.4727,3927.1897,4499.617,4756.3486,4254.425,4516.0
T000604,1971-05-31,4454.897,4571.2285,4492.33,4649.1846,4399.4243,4322.0
T000604,1971-06-30,4301.946,4365.291,4422.573,4647.3545,3974.8398,4716.0
T000604,1971-07-31,4612.423,4602.885,4496.417,4620.5435,3511.2441,4281.0
T000604,1971-08-31,4272.97,3940.3604,4373.8,4637.5933,3854.2769,4392.0
T000604,1971-09-30,4390.53,4088.6628,4449.661,4618.254,3666.599,4466.0
T000604,1971-10-31,4453.247,4359.922,4362.8345,4590.868,3831.497,4283.0
T000604,1971-11-30,4326.71,4433.012,4356.9175,4665.3,3724.9436,4579.0
T000604,1971-12-31,4555.3535,4684.4688,4372.0493,4569.045,3642.3135,3014.0
T000605,1970-11-30,3920.1614,3916.3489,4120.437,4164.1743,4274.4385,7005.0
T000605,1970-12-31,6519.392,6926.6035,4190.9976,4140.1016,3491.1938,4185.0
T000605,1971-01-31,3988.054,4157.186,4030.6216,4249.02,4409.2266,3744.0
T000605,1971-02-28,3763.291,4483.982,4368.1094,4215.355,4188.812,4209.0
T000605,1971-03-31,4174.9473,3834.704,4260.885,4179.924,4550.88,4042.0
T000605,1971-04-30,4020.4185,4077.0022,4227.661,4259.3335,4181.788,4071.0
T000605,1971-05-31,3991.8127,4463.1274,4283.397,4333.713,4714.6133,4142.0
T000605,1971-06-30,4078.3928,4589.5034,4038.875,4192.808,3264.7185,4092.0
T000605,1971-07-31,4077.613,3906.4348,4410.067,4315.944,3883.422,4399.0
T000605,1971-08-31,4449.3047,3832.882,4195.6353,4326.1157,4615.481,4206.0
T000605,1971-09-30,4265.183,3968.3667,4462.6895,4444.2207,4638.931,3878.0
T000605,1971-10-31,3943.5835,3912.7737,4182.627,4308.5454,4269.7666,4064.0
T000605,1971-11-30,4040.1436,4073.4365,4356.934,4402.0396,4704.522,7666.0
T000605,1971-12-31,7075.287,7546.8,4452.2935,4393.907,3599.2498,4200.0
T000606,1970-11-30,7336.657,6129.13,7650.482,8124.181,7585.8267,10064.0
T000606,1970-12-31,9774.948,8973.791,7879.2305,8041.628,7534.203,9474.0
T000606,1971-01-31,8978.819,8403.728,7654.656,8145.746,8611.169,10863.0
T000606,1971-02-28,10166.295,11082.347,7984.25,8347.094,9485.12,9490.0
T000606,1971-03-31,8529.343,10083.179,7812.623,9634.855,8686.638,9046.0
T000606,1971-04-30,8099.3745,10899.031,7935.43,9861.271,7419.813,7852.0
T000606,1971-05-31,6938.7764,10056.378,7811.2925,9731.686,8250.999,7089.0
T000606,1971-06-30,6488.1377,8994.094,7633.1357,9436.667,6582.844,6537.0
T000606,1971-07-31,6381.2944,7560.207,7893.3853,8551.516,7874.179,5374.0
T000606,1971-08-31,5819.8735,5663.201,7724.74,8138.847,8732.682,4084.0
T000606,1971-09-30,4725.6177,3758.7573,7925.3726,8140.6533,8002.1074,6718.0
T000606,1971-10-31,7001.7563,6028.5796,7615.0415,8059.0127,7850.484,7842.0
T000606,1971-11-30,7998.6997,6280.757,8016.519,8264.242,7901.1133,11529.0
T000606,1971-12-31,11144.244,10307.564,8068.9497,8073.518,7943.4463,10126.0
T000607,1970-11-30,2906.5945,3837.2642,3080.6008,3241.7053,3764.7844,4512.0
T000607,1970-12-31,3979.0098,5351.6494,2871.526,3103.039,1957.3824,1552.0
T000607,1971-01-31,1578.0323,1483.381,3151.0327,3153.8428,3320.0781,1735.0
T000607,1971-02-28,2129.849,2108.0977,2976.278,2935.125,3530.6208,1761.0
T000607,1971-03-31,1988.679,950.38477,3218.1865,3018.6094,3815.6267,2914.0
T000607,1971-04-30,3036.8997,2509.4756,2948.2524,2990.024,3229.5583,3823.0
T000607,1971-05-31,3711.605,3811.2483,3279.162,3113.0815,4091.327,4723.0
T000607,1971-06-30,4218.975,4764.7417,2995.9836,3085.8904,1763.6881,4561.0
T000607,1971-07-31,4204.381,4175.0474,3264.2253,3267.209,3871.0684,3734.0
T000607,1971-08-31,3524.877,4025.4265,3201.9268,3493.1292,4076.6384,2644.0
T000607,1971-09-30,2568.9402,2849.788,3320.7498,3496.4338,4137.4214,2900.0
T000607,1971-10-31,2742.1816,3770.3315,3174.558,3444.0393,3885.1785,3415.0
T000607,1971-11-30,3085.6545,4140.9097,3234.9285,3742.2104,3641.17,4490.0
T000607,1971-12-31,3948.0137,5149.4893,3199.9883,3636.027,1991.9688,2004.0
T000608,1970-11-30,7274.6426,8923.01,10996.497,12415.979,11402.63,10738.0
T000608,1970-12-31,10148.831,12880.302,10780.002,12527.982,12751.028,5655.0
T000608,1971-01-31,5812.1724,5911.7837,10796.654,12011.932,11792.49,7209.0
T000608,1971-02-28,7853.5205,8891.258,10272.934,11984.6,9961.833,7734.0
T000608,1971-03-31,8017.967,6089.159,10805.912,11644.918,12026.951,12675.0
T000608,1971-04-30,12484.111,10857.738,10492.434,11567.229,9974.301,13554.0
T000608,1971-05-31,12938.57,12838.67,10940.711,12356.575,13239.869,9448.0
T000608,1971-06-30,9103.572,10565.91,10224.536,11678.34,10902.187,13894.0
T000608,1971-07-31,12843.159,14328.906,10784.0,11984.981,12842.561,13847.0
T000608,1971-08-31,12405.854,15371.174,10231.623,12094.038,11758.287,9735.0
T000608,1971-09-30,8692.082,11548.674,10572.192,12130.79,13092.946,10771.0
T000608,1971-10-31,9649.659,14157.672,10368.143,11893.019,11702.02,6792.0
T000608,1971-11-30,6714.9316,9078.844,10097.892,12230.154,11306.27,10257.0
T000608,1971-12-31,9709.114,11620.64,10490.013,11507.481,9811.634,4879.0
T000609,1970-11-30,30088.535,35785.46,38828.137,43332.203,40934.12,33444.0
T000609,1970-12-31,32678.447,39755.92,40135.184,40368.875,43524.043,25286.0
T000609,1971-01-31,25258.938,27785.984,39299.867,39389.69,48854.438,29872.0
T000609,1971-02-28,31422.139,31353.793,37720.566,36485.12,32196.39,33694.0
T000609,1971-03-31,35922.156,25796.67,39923.477,37481.84,48392.68,41527.0
T000609,1971-04-30,42196.746,34791.74,39018.195,36704.81,46952.42,50683.0
T000609,1971-05-31,48576.83,47026.234,41296.68,39227.008,46380.453,39554.0
T000609,1971-06-30,38087.305,41622.887,37873.105,39221.9,47729.625,51227.0
T000609,1971-07-31,46468.074,55911.977,40345.16,43496.227,46446.61,62672.0
T000609,1971-08-31,55693.35,65264.562,39011.355,44129.453,39796.582,31883.0
T000609,1971-09-30,29238.523,39648.094,39057.727,45306.664,53025.38,33838.0
T000609,1971-10-31,32165.477,48629.594,40584.51,43471.887,46724.242,29974.0
T000609,1971-11-30,28715.35,35144.125,38136.773,39483.47,44521.336,32522.0
T000609,1971-12-31,31625.93,37393.47,39701.36,39599.1,44774.914,25913.0
T000610,1970-11-30,1417.1747,1630.6873,1821.3658,1947.3851,1922.0604,1701.0
T000610,1970-12-31,1669.2599,1846.4111,1842.2402,1908.9675,1832.1676,1168.0
T000610,1971-01-31,1198.0378,1139.1069,1820.3435,1912.2902,1926.6885,1303.0
T000610,1971-02-28,1430.1223,1366.4525,1783.3159,1895.0815,1677.8638,1653.0
T000610,1971-03-31,1704.4987,1348.1763,1832.1079,1933.024,1859.2808,1930.0
T000610,1971-04-30,1921.1501,1675.8298,1803.6313,1898.1975,1804.8936,2263.0
T000610,1971-05-31,2192.7952,2133.454,1872.6849,1932.982,1982.7004,2083.0
T000610,1971-06-30,1971.071,2071.0127,1798.9098,1937.2334,1866.1254,2300.0
T000610,1971-07-31,2128.726,2379.4048,1857.758,1955.8306,2059.2256,2467.0
T000610,1971-08-31,2255.7075,2617.4402,1827.0648,2075.8665,2064.088,1847.0
T000610,1971-09-30,1705.1191,2177.1475,1838.2379,2092.5522,2033.3494,1554.0
T000610,1971-10-31,1459.583,2032.4984,1848.7599,2006.2429,1971.7144,1359.0
T000610,1971-11-30,1384.2231,1573.9785,1794.1445,1972.3126,1916.3593,1903.0
T000610,1971-12-31,1832.5197,2024.3833,1850.175,1938.9705,1741.8822,1032.0
T000611,1970-11-30,5801.342,7176.1064,6967.859,7492.4116,5351.6807,7217.0
T000611,1970-12-31,6049.6465,8273.11,7169.9087,7705.437,6885.094,7097.0
T000611,1971-01-31,6568.256,6857.9697,6506.552,8245.877,7974.767,6007.0
T000611,1971-02-28,6005.5986,7567.667,6859.2856,7696.4785,8302.785,952.0
T000611,1971-03-31,1479.9878,3038.9832,6194.6685,7911.6997,7946.342,12151.0
T000611,1971-04-30,11609.607,13018.426,7084.3794,7811.213,5641.567,4978.0
T000611,1971-05-31,3997.3083,4053.783,6347.528,7768.5483,6610.863,4691.0
T000611,1971-06-30,4685.235,6309.2026,6830.5024,7586.908,4610.752,6416.0
T000611,1971-07-31,6576.9224,4895.3076,6645.541,6923.1084,7443.5703,5232.0
T000611,1971-08-31,5641.664,3884.3276,6402.1016,7070.098,6369.569,6553.0
T000611,1971-09-30,6557.839,6914.8184,6731.5386,7151.4854,9928.022,8202.0
T000611,1971-10-31,7351.8413,10185.777,5932.0947,7191.5566,6873.6587,5685.0
T000611,1971-11-30,4950.8145,7111.6455,6663.921,6903.639,4263.8096,3702.0
T000611,1971-12-31,3530.2805,4621.7773,5929.701,7620.0195,8729.348,6203.0
T000612,1970-11-30,8201.023,9751.805,7310.675,8479.712,6046.543,8590.0
T000612,1970-12-31,7946.267,9537.596,7755.729,8648.56,8036.3623,4542.0
T000612,1971-01-31,4967.316,5323.4043,7547.4287,8580.399,9520.808,5239.0
T000612,1971-02-28,5661.7524,6565.4814,7608.4565,8622.575,7421.3447,4892.0
T000612,1971-03-31,5059.508,4886.714,7462.5107,8665.339,8333.187,7782.0
T000612,1971-04-30,7790.738,7717.451,7538.1504,8553.811,6689.959,9702.0
T000612,1971-05-31,9125.473,9042.586,7696.4146,8892.588,6224.013,5728.0
T000612,1971-06-30,5937.844,5107.2197,7337.1187,8139.24,7322.2676,8398.0
T000612,1971-07-31,8803.947,7608.66,7901.0,8561.379,9236.918,9532.0
T000612,1971-08-31,9070.063,8705.401,7637.669,8794.566,8190.741,7443.0
T000612,1971-09-30,7134.9243,8262.731,7665.1616,8595.046,8562.425,10693.0
T000612,1971-10-31,9668.337,12346.205,7845.2725,8607.207,7483.461,10032.0
T000612,1971-11-30,8890.086,10752.874,7577.3384,8617.018,5975.3867,9247.0
T000612,1971-12-31,8553.34,9907.336,8081.592,9073.766,7947.812,4487.0
T000613,1970-11-30,23.680868,33.178654,35.756313,35.975334,52.92534,52.0
T000613,1970-12-31,45.499065,57.25232,35.258865,35.067627,40.040874,19.0
T000613,1971-01-31,16.257395,23.239239,32.925533,37.957146,52.563545,23.0
T000613,1971-02-28,23.334946,40.732845,32.5962,34.44516,43.179417,36.0
T000613,1971-03-31,35.177544,38.81564,34.807854,34.497433,37.783226,28.0
T000613,1971-04-30,28.567041,24.523556,33.923634,34.12946,40.247227,32.0
T000613,1971-05-31,31.135332,31.893505,36.890045,33.156937,49.428986,29.0
T000613,1971-06-30,29.683033,25.753233,32.397984,32.67362,29.33736,42.0
T000613,1971-07-31,40.35349,38.62674,36.40737,32.93467,38.767166,60.0
T000613,1971-08-31,55.4961,56.582565,34.610596,34.266678,42.30933,53.0
T000613,1971-09-30,48.322342,58.70082,35.748646,36.55923,38.954384,22.0
T000613,1971-10-31,21.106245,32.35433,35.72208,36.08821,44.867542,20.0
T000613,1971-11-30,21.134655,24.507744,36.20464,35.93194,48.298798,59.0
T000613,1971-12-31,52.975372,58.999077,36.602844,37.80655,38.487415,31.0
T000614,1977-11-30,32.002506,36.06444,29.313335,31.57605,28.545364,31.6
T000614,1977-12-31,30.144005,34.356026,29.60929,31.803837,28.172062,26.9
T000614,1978-01-31,26.695988,29.190508,29.473671,31.794605,28.87652,26.6
T000614,1978-02-28,27.315182,27.574926,29.804218,32.1249,28.198606,27.6
T000614,1978-03-31,28.34086,26.322992,29.862667,31.825943,28.201763,27.1
T000614,1978-04-30,27.811213,25.327175,30.051668,30.991837,29.588917,29.8
T000614,1978-05-31,29.845512,29.495037,29.76549,30.842884,27.725681,29.1
T000614,1978-06-30,29.14472,28.02687,29.727163,30.536598,28.13315,32.6
T000614,1978-07-31,32.485188,31.240725,30.114737,30.547707,29.470589,31.6
T000614,1978-08-31,31.12762,29.968786,29.958395,31.007286,31.913904,31.1
T000614,1978-09-30,30.428589,32.232983,30.09999,31.03653,30.60645,33.2
T000614,1978-10-31,32.006287,34.81552,30.197609,31.739979,30.467735,33.6
T000614,1978-11-30,32.18219,35.385536,30.072996,31.936817,28.106028,34.0
T000614,1978-12-31,32.619205,35.934277,30.491768,32.430134,28.43474,28.4
T000615,1967-11-30,55.847664,55.471806,56.075714,56.214764,54.75811,55.89
T000615,1967-12-31,55.91165,55.635376,56.05952,56.134808,54.672016,55.6
T000615,1968-01-31,55.6142,55.417725,56.00326,56.112743,54.68149,56.1
T000615,1968-02-29,56.108536,55.913826,56.01208,56.10864,54.623665,56.18
T000615,1968-03-31,56.20003,55.752514,56.026085,56.133636,54.690804,55.81
T000615,1968-04-30,55.84512,55.5019,56.010834,56.12893,54.872498,55.71
T000615,1968-05-31,55.74325,55.439537,55.992767,56.134083,55.01808,55.83
T000615,1968-06-30,55.885086,55.594124,55.950573,56.107063,55.059757,56.05
T000615,1968-07-31,56.080833,55.816288,55.96273,56.095833,55.137604,55.49
T000615,1968-08-31,55.55561,55.30316,55.882,56.15275,55.459118,55.58
T000615,1968-09-30,55.602627,55.571545,55.851566,56.154938,55.494125,55.45
T000615,1968-10-31,55.48582,55.486954,55.78649,56.070286,55.693085,55.07
T000615,1968-11-30,55.172417,55.192238,55.756237,56.03393,55.78674,55.25
T000615,1968-12-31,55.276344,55.334442,55.692123,55.96171,55.766422,54.6
T000616,1970-11-30,16.443895,26.065098,34.443207,43.850273,51.167233,39.0
T000616,1970-12-31,34.353733,50.43022,33.39363,42.940716,35.99082,35.0
T000616,1971-01-31,29.06525,36.313984,33.786392,42.0391,37.82327,17.0
T000616,1971-02-28,17.654665,29.89912,31.698116,41.528107,38.408154,26.0
T000616,1971-03-31,27.408455,31.73777,34.13579,39.96303,35.529087,41.0
T000616,1971-04-30,39.269535,36.663586,32.59467,40.17135,28.418892,28.0
T000616,1971-05-31,28.69955,25.193174,35.108486,40.437603,48.221306,35.0
T000616,1971-06-30,34.844658,39.022823,33.24539,38.815014,32.160583,43.0
T000616,1971-07-31,39.722614,42.259556,34.78312,39.312496,30.680132,42.0
T000616,1971-08-31,38.34494,43.32821,33.411667,40.719555,35.342583,43.0
T000616,1971-09-30,39.141075,45.56276,34.92067,41.02853,42.165512,29.0
T000616,1971-10-31,26.371254,37.773197,32.649445,41.432148,34.106087,19.0
T000616,1971-11-30,20.039932,29.514677,34.252525,41.663746,43.454388,49.0
T000616,1971-12-31,45.4186,55.8133,34.479984,41.555637,30.329973,41.0
