unique_id,ds,NBEATS,NLinear,KAN,MLP,DLinear,y
T000000,1991-03-31,7632.289,5548.685,8649.31,7122.7183,6215.0674,5117.5793
T000000,1991-06-30,7911.065,4731.4683,8665.427,7251.749,5162.179,8526.838
T000000,1991-09-30,11378.66,8701.605,9892.2705,7109.648,10394.368,16595.3848
T000000,1991-12-31,16031.29,13857.414,9495.7,7069.9097,8125.605,7145.835
T000000,1992-03-31,8059.7847,6216.88,8819.655,7417.243,6470.2485,5465.9154
T000000,1992-06-30,8257.5625,5029.984,8979.999,7528.434,5304.1094,9303.35
T000000,1992-09-30,12231.371,9290.963,10551.457,7403.0605,10815.94,16747.1845
T000000,1992-12-31,16212.462,14163.8125,9906.714,7366.4287,8594.6875,6915.52
T000001,1991-03-31,326940.44,306541.12,334895.88,325187.62,302282.56,247941.03
T000001,1991-06-30,307915.06,254088.06,326316.8,328337.88,277948.7,308605.74
T000001,1991-09-30,374739.47,320174.94,347685.78,317061.4,388986.1,487843.4
T000001,1991-12-31,478917.6,457025.72,346099.84,315774.1,352865.94,326568.18
T000001,1992-03-31,342391.66,318688.1,332514.03,315892.16,293146.12,269902.06
T000001,1992-06-30,327863.56,259619.94,337906.25,318852.0,259941.12,343546.41
T000001,1992-09-30,410114.38,353473.97,373865.47,316592.6,393547.06,511731.1
T000001,1992-12-31,505774.03,471982.3,369157.44,316055.4,347733.8,348666.69
T000002,2003-06-30,227131.42,217536.06,246776.64,229426.77,263674.22,42304.0
T000002,2003-09-30,64155.906,113160.93,188972.4,229599.69,228830.67,188983.0
T000002,2003-12-31,210054.94,207982.7,190666.5,229679.3,202094.62,239926.0
T000002,2004-03-31,247668.12,223445.55,177373.03,229328.17,177804.31,219281.0
T000002,2004-06-30,228440.03,181838.56,166115.05,225493.05,216336.94,263012.0
T000002,2004-09-30,282426.97,217860.28,227636.75,227372.36,202463.8,263708.0
T000002,2004-12-31,285250.3,256606.0,246012.36,230032.89,274377.84,305695.0
T000002,2005-03-31,316185.8,236902.94,263120.12,235532.62,248035.97,260754.0
T000003,2003-06-30,64540.586,59386.65,65074.93,63650.008,67444.89,16254.0
T000003,2003-09-30,22682.879,30399.117,52155.965,63889.418,58835.312,43384.0
T000003,2003-12-31,51372.11,50667.484,53115.223,63845.242,55949.715,63979.0
T000003,2004-03-31,65998.76,63295.37,49192.668,63731.68,51769.258,58812.0
T000003,2004-06-30,58989.785,50825.844,44210.5,59720.86,53750.816,63616.0
T000003,2004-09-30,68450.766,51883.395,56867.56,64284.62,49162.32,63246.0
T000003,2004-12-31,70951.56,61174.176,62591.746,63666.21,72726.98,88251.0
T000003,2005-03-31,91186.49,69627.81,69211.73,63878.34,72276.97,74078.0
T000004,2003-06-30,86020.91,78935.375,86415.44,83843.71,88599.195,19229.0
T000004,2003-09-30,27301.36,42864.94,68486.195,82657.62,85925.016,65387.0
T000004,2003-12-31,72258.76,72718.625,68272.94,81513.914,69772.14,86103.0
T000004,2004-03-31,89246.45,82297.27,66507.87,81433.62,67291.32,86579.0
T000004,2004-06-30,87803.6,70764.51,62514.8,81647.63,75637.13,99266.0
T000004,2004-09-30,105740.984,79080.57,84129.89,82447.14,77286.37,100165.0
T000004,2004-12-31,107881.68,95401.46,92726.85,84117.48,100570.16,122930.0
T000004,2005-03-31,128275.16,96674.164,102681.39,87171.08,96840.86,114837.0
T000005,2003-06-30,99679.14,92135.06,94223.75,89529.56,96817.99,18613.0
T000005,2003-09-30,28932.645,42471.312,75822.336,87000.98,86086.14,64353.0
T000005,2003-12-31,76801.45,76488.6,77105.28,87017.96,80250.56,99663.0
T000005,2004-03-31,103451.36,95085.94,74608.73,86861.17,75888.03,103716.0
T000005,2004-06-30,103076.32,81636.34,69700.23,87053.586,84614.88,91466.0
T000005,2004-09-30,99417.55,73120.5,87959.94,93499.305,81505.38,91010.0
T000005,2004-12-31,103717.766,93001.34,96349.195,92471.32,110313.125,125095.0
T000005,2005-03-31,130448.375,103723.17,104279.87,92604.58,103447.93,120415.0
T000006,2003-06-30,40632.94,40338.562,42853.145,41710.215,45510.9,6654.0
T000006,2003-09-30,11575.641,21217.473,33091.28,41543.88,38353.03,28464.0
T000006,2003-12-31,34622.73,34658.844,33181.824,39694.18,37351.14,43623.0
T000006,2004-03-31,45040.133,42333.08,30747.344,39654.016,34126.312,36860.0
T000006,2004-06-30,38321.832,34194.9,27683.67,38933.938,38362.535,39977.0
T000006,2004-09-30,44355.707,35648.723,36715.836,39194.676,31361.262,39061.0
T000006,2004-12-31,45911.707,41962.863,40381.4,39401.164,47193.22,53763.0
T000006,2005-03-31,55547.56,44325.31,42832.83,39520.723,42919.184,44596.0
T000007,2003-06-30,336360.53,312682.62,344066.06,335098.4,339504.9,47552.0
T000007,2003-09-30,91868.61,143553.3,276715.06,337049.22,357157.56,232277.0
T000007,2003-12-31,255772.12,268643.06,252586.75,336323.38,290178.78,261900.0
T000007,2004-03-31,279578.72,274944.44,231118.17,333752.34,271976.6,220047.0
T000007,2004-06-30,230075.19,215187.22,181695.25,329203.78,267267.03,256814.0
T000007,2004-09-30,292381.44,240705.98,241872.77,299614.03,270786.25,317836.0
T000007,2004-12-31,341550.2,317635.9,266852.22,297212.3,324953.75,331553.0
T000007,2005-03-31,347940.53,267414.16,279691.44,321727.94,348608.0,316826.0
T000008,2003-06-30,127346.39,98322.55,114228.336,104931.44,118469.08,27600.0
T000008,2003-09-30,42084.13,45277.383,95151.76,105366.53,118742.6,104663.0
T000008,2003-12-31,113464.25,100625.36,95952.484,105389.13,100239.445,115118.0
T000008,2004-03-31,120993.36,99925.445,95753.94,109353.3,99818.2,112141.0
T000008,2004-06-30,112959.19,85509.97,86883.2,113055.76,104863.65,124267.0
T000008,2004-09-30,135376.5,95962.96,114162.18,114208.78,107650.6,147036.0
T000008,2004-12-31,156150.6,130692.31,125326.86,113860.586,127842.85,155746.0
T000008,2005-03-31,162433.2,119531.07,134261.78,116507.07,130670.56,142300.0
T000009,2003-06-30,77339.484,67064.09,82853.54,72737.625,83961.086,15467.0
T000009,2003-09-30,20739.137,42520.938,61861.477,69058.2,70842.09,71250.0
T000009,2003-12-31,76166.34,74733.49,62843.41,72029.414,58142.812,79287.0
T000009,2004-03-31,82971.984,69067.92,59911.562,72478.3,51576.39,64129.0
T000009,2004-06-30,69370.81,52161.285,54790.203,72625.664,78657.5,92507.0
T000009,2004-09-30,98542.95,74652.625,77207.91,73157.51,71134.484,83106.0
T000009,2004-12-31,89726.68,85909.68,79376.49,79334.86,93418.27,96931.0
T000009,2005-03-31,100084.19,70954.62,83647.21,79606.33,71459.94,86979.0
T000010,2003-06-30,83474.39,76064.06,101977.45,108261.26,115068.914,15060.0
T000010,2003-09-30,27648.078,46902.668,77022.52,96932.62,90622.47,75450.0
T000010,2003-12-31,88698.64,87966.21,81269.41,96320.73,90588.16,103391.0
T000010,2004-03-31,103725.45,94515.63,68170.555,95937.914,68745.31,74919.0
T000010,2004-06-30,81821.55,62626.082,63629.73,96360.61,89016.64,118625.0
T000010,2004-09-30,129608.15,95337.07,93222.53,96924.21,79212.14,109970.0
T000010,2004-12-31,123466.086,108064.91,101566.52,97143.99,130571.55,160406.0
T000010,2005-03-31,163795.78,119460.266,116469.8,97485.55,110348.016,122959.0
T000011,2003-06-30,59805.508,47843.324,65507.36,62112.527,69883.75,8639.0
T000011,2003-09-30,14080.781,26860.787,48782.125,58373.02,61185.613,49963.0
T000011,2003-12-31,56312.46,52299.38,51944.523,58370.793,48263.406,73215.0
T000011,2004-03-31,75404.02,62088.46,48063.38,58338.617,43759.773,61108.0
T000011,2004-06-30,64278.918,45972.59,46029.426,58512.168,58788.785,78788.0
T000011,2004-09-30,84623.03,61928.6,65519.33,59269.867,55414.324,77397.0
T000011,2004-12-31,85312.84,72311.8,72632.49,61998.996,78433.016,99617.0
T000011,2005-03-31,102644.625,70128.58,79498.97,62372.5,72082.69,84415.0
T000012,2003-06-30,584997.75,527599.9,599371.4,602446.75,625025.4,156247.0
T000012,2003-09-30,215248.9,319439.7,499968.22,598601.25,617431.2,598359.0
T000012,2003-12-31,622986.1,594004.94,494214.94,597110.25,512600.56,543072.0
T000012,2004-03-31,563271.3,500888.8,471903.03,585968.56,483414.22,481812.0
T000012,2004-06-30,505517.2,425489.53,425495.75,587577.56,551010.75,500956.0
T000012,2004-09-30,557720.3,473932.4,538306.8,578093.2,540531.7,562476.0
T000012,2004-12-31,590204.06,612618.8,526271.1,567065.2,625752.06,529551.0
T000012,2005-03-31,547220.56,465588.62,515733.66,559713.5,540650.0,502032.0
T000013,2003-06-30,2286087.2,1544676.0,1876022.0,1205333.4,1498887.0,1104599.0
T000013,2003-09-30,1327019.1,1091693.8,1761587.4,1204970.9,1569989.1,2401131.0
T000013,2003-12-31,2616628.0,1934418.6,1963607.9,1289503.9,1310241.8,2830720.0
T000013,2004-03-31,3042220.5,2035333.5,2137060.2,1430033.9,1410831.2,2919108.0
T000013,2004-06-30,3104924.2,1916208.8,2267726.2,1544980.2,1745479.9,2749023.0
T000013,2004-09-30,3106212.8,1957408.0,2701552.2,1890984.0,1937695.0,3311344.0
T000013,2004-12-31,3648517.0,2648252.5,2966786.5,2176404.5,2254041.0,3266387.0
T000013,2005-03-31,3533438.0,2346772.5,3049876.5,2190619.2,2297871.0,3038791.0
T000014,2003-06-30,21898.025,20774.297,22384.809,21943.072,24812.959,6062.72
T000014,2003-09-30,7834.8926,11820.158,18299.268,21761.729,21217.328,21503.71
T000014,2003-12-31,23133.654,21857.07,18989.904,21702.72,18587.924,24250.88
T000014,2004-03-31,25095.475,22267.969,18714.662,21696.125,18415.965,23208.85
T000014,2004-06-30,23558.445,19939.861,18133.973,21750.377,21604.75,22829.93
T000014,2004-09-30,24710.182,20539.979,22821.186,22003.5,20606.473,24061.42
T000014,2004-12-31,25934.865,24549.78,23683.943,22015.88,25619.793,25766.56
T000014,2005-03-31,26646.709,21743.428,24015.635,22269.896,24241.494,24836.45
T000015,2003-06-30,40754.156,37354.594,40770.652,36191.746,38601.246,12632.0
T000015,2003-09-30,16105.57,22148.133,33837.35,36265.797,37129.37,38527.6
T000015,2003-12-31,40868.574,38565.387,34053.77,36640.848,31331.613,42306.48
T000015,2004-03-31,43911.39,38090.812,34070.785,38771.78,30982.182,40589.02
T000015,2004-06-30,41107.074,33254.184,32473.03,39357.668,36147.14,41456.37
T000015,2004-09-30,44812.25,34701.668,40594.348,40107.094,37334.633,43929.66
T000015,2004-12-31,46634.027,42507.4,42197.363,40720.492,44710.273,44795.07
T000015,2005-03-31,46222.195,36700.383,42641.83,40921.184,43926.25,43856.12
T000016,2003-06-30,29257.916,26229.822,29144.4,24867.387,27640.244,8248.32
T000016,2003-09-30,10852.994,14662.294,23975.338,24933.576,26631.121,28410.88
T000016,2003-12-31,30174.715,27600.14,24404.938,25628.617,22367.854,30816.64
T000016,2004-03-31,32099.191,27231.559,24469.166,28375.475,22252.127,27856.2
T000016,2004-06-30,28315.988,22843.453,22951.496,28400.68,25661.44,28882.24
T000016,2004-09-30,31437.66,24391.883,28874.545,28851.033,25674.205,30120.3
T000016,2004-12-31,32033.654,29672.645,29616.059,28731.61,31490.645,30458.72
T000016,2005-03-31,31453.348,24957.164,29286.424,29100.996,31529.543,25997.68
T000017,2003-06-30,11672.337,8701.471,11008.126,4517.123,7941.35,3763.35
T000017,2003-09-30,5171.9844,4308.8438,9248.714,4390.7393,6617.967,10273.13
T000017,2003-12-31,11699.215,9120.715,9427.153,4619.341,4935.199,11874.81
T000017,2004-03-31,13270.805,9575.512,9332.177,10440.817,4639.6787,11434.31
T000017,2004-06-30,12368.23,8077.8975,9072.445,10477.304,6088.6167,11921.31
T000017,2004-09-30,13549.754,8479.309,11335.307,10780.167,6361.154,13012.75
T000017,2004-12-31,14450.735,9903.332,12103.072,10858.233,8496.685,13669.53
T000017,2005-03-31,14981.828,8679.936,12495.804,11021.829,15118.367,11328.34
T000018,2002-12-31,638.0835,637.0519,568.96014,671.7837,660.7544,598.0
T000018,2003-03-31,611.6689,569.40094,581.31647,645.0731,583.84125,531.0
T000018,2003-06-30,580.77545,567.97894,584.4125,635.2047,651.8281,585.0
T000018,2003-09-30,620.0671,603.0312,593.5536,604.44385,671.20166,584.0
T000018,2003-12-31,592.88104,608.8057,577.3737,589.75525,636.5567,578.0
T000018,2004-03-31,597.20465,576.9973,567.208,588.75024,572.8428,482.0
T000018,2004-06-30,537.94073,518.6199,557.57385,590.19135,597.0004,486.0
T000018,2004-09-30,535.3364,581.63416,535.3047,582.7905,595.5424,453.0
T000019,2002-12-31,587.64874,504.91318,506.89825,492.67978,517.17554,512.0
T000019,2003-03-31,521.3987,452.92545,510.96075,514.0064,510.53348,429.0
T000019,2003-06-30,467.95325,441.01157,513.0127,514.552,513.10944,513.0
T000019,2003-09-30,537.8791,510.98648,517.68024,513.1167,505.3399,559.0
T000019,2003-12-31,559.68744,523.2996,506.11838,513.3328,507.98416,512.0
T000019,2004-03-31,518.5785,465.83292,497.97787,516.5043,479.69873,474.0
T000019,2004-06-30,509.11243,449.79636,511.5482,517.72565,506.5625,568.0
T000019,2004-09-30,592.7995,541.45325,533.2548,515.9221,556.4958,590.0
T000020,2002-12-31,2880.204,2370.1387,2284.5537,2147.8435,2091.5505,2260.0
T000020,2003-03-31,2418.4753,1915.8165,2381.112,2163.3162,2221.9612,2408.0
T000020,2003-06-30,2574.6594,2194.4236,2451.2913,2180.0024,2387.6968,2559.0
T000020,2003-09-30,2716.638,2373.4414,2571.518,2277.276,2571.2952,3023.0
T000020,2003-12-31,3048.2305,2619.1128,2573.5842,2279.9075,2356.0242,2245.0
T000020,2004-03-31,2423.8154,2050.5325,2526.2773,2286.7344,2356.3774,2421.0
T000020,2004-06-30,2620.885,2284.7908,2537.8435,2388.5222,2365.0833,2853.0
T000020,2004-09-30,3042.8604,2653.6208,2691.078,2427.2395,2598.6343,3290.0
T000021,2002-12-31,2417.1453,2064.0505,1845.7402,1552.8842,1695.5044,1693.0
T000021,2003-03-31,1824.7756,1425.766,1864.0859,1727.2941,1597.6339,1671.0
T000021,2003-06-30,1932.0974,1559.2915,1932.7041,1730.5686,1760.7173,2358.0
T000021,2003-09-30,2578.9512,2095.5288,2109.7534,1720.7351,2161.3184,2916.0
T000021,2003-12-31,2889.7085,2362.5554,2164.9058,1721.132,1975.2466,1969.0
T000021,2004-03-31,2117.2322,1689.8317,2165.1533,1976.1306,1929.2617,1817.0
T000021,2004-06-30,2130.2322,1707.168,2235.2332,1968.8602,1956.478,2535.0
T000021,2004-09-30,2786.2007,2347.169,2392.88,2005.4825,2354.5889,3173.0
T000022,2002-12-31,2081.6746,1892.1649,1905.8033,1797.7358,1914.8899,1961.0
T000022,2003-03-31,1997.7715,1799.3945,1938.8348,1831.5873,1851.732,1848.0
T000022,2003-06-30,1934.9963,1780.5494,1961.678,1834.7462,1922.4681,1928.0
T000022,2003-09-30,1987.1469,1871.4244,1962.9738,1854.8534,1934.2803,2047.0
T000022,2003-12-31,2065.169,1946.9801,1952.5096,1855.3871,1911.5314,1958.0
T000022,2004-03-31,1990.6868,1856.6248,1937.5991,1937.0431,1851.6768,1795.0
T000022,2004-06-30,1874.0042,1762.1156,1923.372,1938.5912,1890.407,2043.0
T000022,2004-09-30,2104.6257,1958.0472,1972.1622,1936.6318,1939.6488,2112.0
T000023,2002-12-31,1020.36505,905.26117,948.5863,939.94543,922.27924,899.0
T000023,2003-03-31,990.9744,870.0548,1023.0777,942.25024,978.3668,1285.0
T000023,2003-06-30,1293.3274,1111.8865,1027.1808,939.7722,966.65826,924.0
T000023,2003-09-30,980.27185,845.4927,1010.68115,932.2495,1036.8093,981.0
T000023,2003-12-31,1027.713,940.99817,1003.70447,931.90344,936.23486,917.0
T000023,2004-03-31,1016.606,948.0739,1061.3422,933.5977,1004.4913,1236.0
T000023,2004-06-30,1236.6373,1134.9736,1023.1685,931.1363,938.85254,985.0
T000023,2004-09-30,1035.352,923.2728,1019.3916,957.0764,980.9,991.0
T000024,2002-12-31,4829.696,4595.631,4029.376,4412.19,4696.536,4132.0
T000024,2003-03-31,4230.346,3747.8389,4151.42,4408.5386,4074.0752,3386.0
T000024,2003-06-30,3876.3975,3450.2383,4178.3813,4415.826,4418.1147,4201.0
T000024,2003-09-30,4532.5576,4198.6187,4244.869,4247.611,4841.6587,4797.0
T000024,2003-12-31,4760.523,4742.9307,4157.429,4236.896,4585.4365,4203.0
T000024,2004-03-31,4294.082,4159.826,4089.542,4244.0884,3847.089,3697.0
T000024,2004-06-30,4157.7446,3681.9985,4186.008,4265.865,4022.1,4806.0
T000024,2004-09-30,5174.2817,4667.046,4439.193,4253.425,4762.176,5183.0
T000025,2002-12-31,1014.7511,967.88855,739.68854,633.2699,702.75604,570.0
T000025,2003-03-31,632.3375,528.41516,710.38806,630.0737,508.1341,521.0
T000025,2003-06-30,704.97595,526.8578,728.08264,637.595,519.7109,736.0
T000025,2003-09-30,884.1615,753.2119,768.3697,628.3516,812.37524,1036.0
T000025,2003-12-31,995.58374,954.87555,723.987,624.7645,666.25867,602.0
T000025,2004-03-31,660.15985,598.9323,698.44366,616.838,499.3969,532.0
T000025,2004-06-30,700.7696,508.1513,709.87524,623.85266,482.0187,893.0
T000025,2004-09-30,1037.781,826.75714,803.4899,615.857,831.39087,1230.0
T000026,2002-12-31,1008.9646,846.99005,676.0358,583.5281,722.94604,560.0
T000026,2003-03-31,607.8583,401.23694,633.231,587.8877,555.6996,300.0
T000026,2003-06-30,514.1477,328.2899,657.22107,599.6357,611.0969,772.0
T000026,2003-09-30,917.5868,750.6479,717.2008,587.59503,804.24615,1117.0
T000026,2003-12-31,1084.0813,907.3082,696.1246,583.2072,714.7023,601.0
T000026,2004-03-31,642.51996,456.67624,658.655,623.7029,565.89886,287.0
T000026,2004-06-30,507.37323,293.83102,674.7333,634.46857,622.8279,823.0
T000026,2004-09-30,977.9535,790.99176,759.54254,625.0157,851.44354,1079.0
T000027,2002-12-31,7976.8657,6534.8794,5155.49,3754.5515,4920.1377,4133.0
T000027,2003-03-31,4577.148,3067.1914,4973.9844,4311.3755,4188.6094,3070.0
T000027,2003-06-30,4582.633,2980.8,5268.7554,4358.1455,4622.245,7110.0
T000027,2003-09-30,8161.4976,6285.2485,5996.0522,4296.1313,6094.3994,9187.0
T000027,2003-12-31,8960.033,7209.6865,5877.484,4280.753,5598.2725,4788.0
T000027,2004-03-31,5308.222,3751.1892,5709.6553,4991.8467,5067.9297,3656.0
T000027,2004-06-30,5290.6943,3525.419,6092.01,5016.5557,5303.1265,7358.0
T000027,2004-09-30,8485.184,6678.1777,6647.881,4966.2295,7046.0728,9519.0
T000028,2002-12-31,2386.5405,2203.036,2089.9333,2139.7173,2145.6565,2224.0
T000028,2003-03-31,2269.2224,1977.0436,2153.5488,2189.6633,2080.8264,2081.0
T000028,2003-06-30,2222.2295,1949.4021,2205.1648,2183.1492,2187.6182,2383.0
T000028,2003-09-30,2492.3105,2215.2754,2293.2297,2187.1099,2409.5442,3023.0
T000028,2003-12-31,3053.4814,2619.5044,2448.9404,2187.588,2344.7004,2438.0
T000028,2004-03-31,2501.287,2209.1257,2441.3823,2217.4482,2322.811,2187.0
T000028,2004-06-30,2369.0957,2095.4055,2469.9348,2218.3174,2350.2573,2579.0
T000028,2004-09-30,2751.037,2513.8616,2616.9893,2243.2976,2483.6533,2875.0
T000029,2002-12-31,2775.5417,2579.1992,2438.998,2250.9368,2457.3494,2417.0
T000029,2003-03-31,2463.5254,2193.804,2427.7463,2325.055,2256.8945,2201.0
T000029,2003-06-30,2376.9448,2090.1338,2431.9001,2329.0188,2311.0286,2505.0
T000029,2003-09-30,2661.0767,2448.1536,2518.6501,2322.3118,2625.8381,2875.0
T000029,2003-12-31,2864.6416,2742.9248,2512.8699,2322.0479,2503.8584,2583.0
T000029,2004-03-31,2624.0093,2394.7239,2514.9812,2432.8857,2297.498,2424.0
T000029,2004-06-30,2605.1387,2218.432,2574.5413,2441.5854,2424.1992,2715.0
T000029,2004-09-30,2890.2744,2524.42,2678.5137,2439.5676,2798.5728,2992.0
T000030,2002-12-31,1275.0582,1073.8563,871.7105,666.7103,826.63745,704.0
T000030,2003-03-31,769.4269,569.7268,845.1495,731.5019,704.6997,513.0
T000030,2003-06-30,740.15906,534.5515,880.81085,738.9257,762.8176,1062.0
T000030,2003-09-30,1207.7178,1001.41156,954.2385,727.5994,982.73254,1298.0
T000030,2003-12-31,1254.6614,1105.1062,893.7716,724.06805,881.0442,711.0
T000030,2004-03-31,779.694,627.45886,851.767,737.24005,671.1088,547.0
T000030,2004-06-30,782.85767,566.5407,896.02844,748.8758,712.5608,1140.0
T000030,2004-09-30,1290.2756,1041.5992,976.76465,734.9935,994.6277,1384.0
T000031,2002-12-31,347.81403,323.68658,277.04813,313.33133,316.22827,294.0
T000031,2003-03-31,309.5998,281.54852,298.65125,305.26108,316.21417,246.0
T000031,2003-06-30,275.2547,268.5314,294.98547,305.6164,302.05313,195.0
T000031,2003-09-30,231.02274,241.06705,278.89676,297.61972,332.6355,306.0
T000031,2003-12-31,310.1458,314.99796,265.69138,297.00793,274.3086,301.0
T000031,2004-03-31,311.90036,296.92978,260.56827,295.71884,255.44891,271.0
T000031,2004-06-30,293.9616,260.01242,262.8114,297.11542,255.81903,291.0
T000031,2004-09-30,323.68402,296.47913,293.25452,293.90506,314.35593,333.0
T000032,2002-12-31,3247.3352,2491.5098,1596.0139,875.4207,1240.0898,801.0
T000032,2003-03-31,1042.7511,297.6869,1396.7251,897.04333,733.3323,192.0
T000032,2003-06-30,1004.5834,329.25256,1482.721,938.3339,928.0573,1859.0
T000032,2003-09-30,2460.9302,1884.1807,1803.626,887.01337,1642.6891,3397.0
T000032,2003-12-31,3231.8984,2590.4385,1597.9476,876.7914,1215.8225,762.0
T000032,2004-03-31,1007.3911,410.66602,1386.7903,893.3515,586.53467,197.0
T000032,2004-06-30,1052.2178,289.85022,1472.1919,937.7064,728.05115,1725.0
T000032,2004-09-30,2380.272,1768.7069,1771.623,885.68024,1715.4812,3148.0
T000033,2002-12-31,164.7798,165.1604,170.83858,178.14264,186.4536,221.0
T000033,2003-03-31,218.44467,190.46024,167.16176,178.07329,156.3932,120.0
T000033,2003-06-30,135.31282,110.41623,154.3631,178.40714,171.73328,136.0
T000033,2003-09-30,152.20833,133.27235,153.29207,171.035,173.38638,163.0
T000033,2003-12-31,179.5629,171.99664,168.32288,165.25264,189.21289,284.0
T000033,2004-03-31,284.87238,230.7648,179.25311,165.15814,157.35838,159.0
T000033,2004-06-30,175.17484,129.1814,178.91405,162.08652,172.98709,170.0
T000033,2004-09-30,191.53363,161.5807,187.83975,162.23114,186.00266,180.0
T000034,2002-12-31,353.40344,323.8915,253.93471,226.81966,253.74623,236.0
T000034,2003-03-31,245.83505,204.32796,247.61545,241.07063,223.17386,180.0
T000034,2003-06-30,228.48007,184.08984,252.65128,242.746,236.75325,273.0
T000034,2003-09-30,313.53687,275.6171,275.2437,240.5513,292.45233,378.0
T000034,2003-12-31,370.78217,332.23,270.2412,239.8518,266.76776,223.0
T000034,2004-03-31,235.2113,205.58905,253.81473,241.01083,227.9914,179.0
T000034,2004-06-30,228.34015,180.91345,257.40268,243.00883,224.30998,289.0
T000034,2004-09-30,330.98877,280.87933,282.02567,241.63892,291.86136,392.0
T000035,2002-12-31,360.3567,355.89886,307.58978,335.0815,353.20523,312.0
T000035,2003-03-31,324.65234,313.26044,315.2637,334.09933,329.8804,283.0
T000035,2003-06-30,312.9783,305.99918,319.76163,317.40988,335.63577,336.0
T000035,2003-09-30,362.7767,345.2852,326.55746,316.3557,346.67252,371.0
T000035,2003-12-31,375.7189,366.9739,326.32797,315.98422,336.75415,362.0
T000035,2004-03-31,371.03726,353.84952,335.39352,317.10483,319.18903,349.0
T000035,2004-06-30,374.4646,337.93933,352.6094,335.112,324.787,400.0
T000035,2004-09-30,424.3581,382.6571,372.31436,338.37698,374.2279,437.0
T000036,2002-12-31,529.14343,505.12155,483.21326,502.57578,537.7655,488.0
T000036,2003-03-31,492.4197,452.47446,489.07742,503.24188,473.3942,416.0
T000036,2003-06-30,449.59705,434.12885,489.11423,503.92932,517.56213,500.0
T000036,2003-09-30,518.5446,492.69357,488.7858,503.2268,508.86966,525.0
T000036,2003-12-31,525.2826,507.7701,483.86658,502.07092,514.17267,551.0
T000036,2004-03-31,553.95245,504.2625,495.85757,503.1438,474.42642,485.0
T000036,2004-06-30,514.7112,458.77356,511.9993,504.44772,507.4253,585.0
T000036,2004-09-30,608.1405,545.5395,537.51044,502.9351,545.6945,596.0
T000037,2002-12-31,1068.8796,917.8522,563.64594,382.8241,592.22595,367.0
T000037,2003-03-31,434.58887,328.16113,511.361,394.30585,325.03754,146.0
T000037,2003-06-30,407.8905,202.28873,529.71826,404.05862,295.60297,542.0
T000037,2003-09-30,755.3391,573.4188,615.32666,391.6019,667.8257,1108.0
T000037,2003-12-31,1067.3508,891.1151,559.65875,388.20898,547.9955,380.0
T000037,2004-03-31,440.1953,279.29852,499.037,407.9686,324.92953,158.0
T000037,2004-06-30,404.7769,179.01733,514.4916,418.35974,339.06186,756.0
T000037,2004-09-30,960.5776,691.29004,668.6547,406.3854,661.7449,1402.0
T000038,2002-12-31,2125.7173,1991.5804,1961.1768,1858.7064,1952.7222,2019.0
T000038,2003-03-31,2047.2158,1841.108,1961.6797,1882.6768,1896.0721,1959.0
T000038,2003-06-30,2027.2705,1808.0869,1970.368,1912.9889,1918.4595,1951.0
T000038,2003-09-30,2057.546,1869.9863,2018.993,1960.0647,2029.8317,2139.0
T000038,2003-12-31,2155.3215,2053.3718,2024.7896,1957.7776,2033.2928,2031.0
T000038,2004-03-31,2056.9626,1963.7803,2012.6277,1959.6321,1990.0121,1971.0
T000038,2004-06-30,2028.8334,1847.734,2012.6876,1967.3782,1910.9678,1815.0
T000038,2004-09-30,1921.0543,1788.412,2003.0193,1967.8994,2086.688,1981.0
T000039,2002-06-30,11794.133,10009.084,12212.41,10440.847,11350.166,14800.0
T000039,2002-09-30,15124.214,12084.689,11893.48,10735.899,10171.396,8400.0
T000039,2002-12-31,9618.396,7585.2715,11114.588,10774.044,10980.826,11500.0
T000039,2003-03-31,12511.533,10051.475,11039.456,10731.297,10107.467,10500.0
T000039,2003-06-30,11952.186,10100.657,11767.018,10733.858,11818.372,11000.0
T000039,2003-09-30,10951.309,10202.057,10248.347,10685.559,11043.547,11100.0
T000039,2003-12-31,11952.413,9154.378,11087.757,11087.278,10755.628,13100.0
T000039,2004-03-31,13858.111,10964.158,11481.138,11172.613,10874.485,13300.0
T000040,2002-06-30,8530.43,8207.556,7911.392,8918.373,9347.296,8100.0
T000040,2002-09-30,8261.435,8410.337,7472.3877,8686.736,8292.741,6400.0
T000040,2002-12-31,7136.137,6690.416,7330.793,8184.603,8664.918,6500.0
T000040,2003-03-31,6955.4814,6468.0483,7138.7407,7691.667,7370.684,5500.0
T000040,2003-06-30,6454.945,6397.8594,6807.8457,7481.8247,9286.3545,7200.0
T000040,2003-09-30,7488.032,7720.8667,6433.185,7264.869,6838.5513,6300.0
T000040,2003-12-31,6956.3027,7407.746,6363.893,7154.4507,7301.232,8000.0
T000040,2004-03-31,8544.023,7797.5513,6749.544,7154.1357,5911.462,7200.0
T000041,1999-06-30,2891.8896,2383.5542,2940.6863,2946.4414,3252.803,2937.0
T000041,1999-09-30,2993.8652,2519.3618,2798.516,2957.776,2875.7078,2606.0
T000041,1999-12-31,2845.561,2247.4146,2852.3474,2955.3328,3043.8828,2972.0
T000041,2000-03-31,3103.8389,2505.761,2763.7617,2954.7527,2862.1619,2012.0
T000041,2000-06-30,2272.1802,2116.394,2653.1433,2958.126,3206.5898,3525.0
T000041,2000-09-30,3605.747,3216.2979,2796.2993,2953.556,2590.9146,2586.0
T000041,2000-12-31,2767.326,2464.6948,2774.205,2757.8042,2676.0251,2791.0
T000041,2001-03-31,2885.365,2402.1113,2667.2568,2751.1023,2673.8066,1649.0
T000042,1999-06-30,3868.5195,2528.7522,3070.5828,3343.4175,3409.6504,4743.0
T000042,1999-09-30,4732.43,3489.7637,3171.6191,3331.9229,3394.9805,2601.0
T000042,1999-12-31,3159.8,1872.0723,3370.5952,3349.7378,3935.8018,3963.0
T000042,2000-03-31,4337.1514,3225.7908,3587.0662,3333.0332,3445.2131,2447.0
T000042,2000-06-30,2997.4377,2548.8406,3600.5273,3220.8677,4292.614,4327.0
T000042,2000-09-30,4361.0195,3866.5488,3321.9358,3213.6472,3128.8328,2833.0
T000042,2000-12-31,3294.3684,3009.9297,3438.1064,3243.822,3229.1584,2583.0
T000042,2001-03-31,2925.109,2642.302,2949.0327,2887.5823,2607.688,1761.0
T000043,1999-06-30,1854.3911,1332.6562,1599.0988,1622.1523,1670.8201,2119.0
T000043,1999-09-30,2249.8667,1590.6858,1790.3894,1714.3048,2002.957,1743.0
T000043,1999-12-31,1843.8232,1587.6309,1943.1244,1714.3428,1943.486,1775.0
T000043,2000-03-31,1855.1251,1667.5686,1812.4232,1759.1521,1970.4393,1870.0
T000043,2000-06-30,2007.9426,1443.6478,1909.5748,1789.5988,1627.6586,1982.0
T000043,2000-09-30,2073.719,1802.1782,1843.9225,1787.5615,2144.4285,2206.0
T000043,2000-12-31,2307.6973,1964.9226,1962.2977,1796.1498,1834.6853,2076.0
T000043,2001-03-31,2152.3066,2018.5303,2021.3127,1796.2975,1820.7576,1564.0
T000044,1999-06-30,10413.068,7901.3027,9303.738,9589.49,9739.181,11811.0
T000044,1999-09-30,11908.459,9271.754,9611.865,9573.887,9598.551,8780.0
T000044,1999-12-31,9660.783,7386.463,9880.815,9590.515,10852.099,10333.0
T000044,2000-03-31,10913.834,8875.821,9961.021,9916.643,10223.624,8633.0
T000044,2000-06-30,9493.938,8220.631,10137.094,9437.256,11097.314,11756.0
T000044,2000-09-30,11844.768,10665.613,9906.961,9426.487,9658.267,9460.0
T000044,2000-12-31,10133.651,9051.479,10026.576,9563.684,9543.732,9336.0
T000044,2001-03-31,9810.696,8882.205,9644.785,9435.395,8884.209,7140.0
T000045,1999-12-31,1056178.4,1136655.0,1020697.6,1064819.8,1082661.4,977065.0
T000045,2000-03-31,1051221.9,1118412.9,1000539.1,1053793.9,1001376.3,1139771.0
T000045,2000-06-30,1188543.8,1140594.5,1034986.2,1052984.1,955241.7,1110297.0
T000045,2000-09-30,1170875.8,1074681.1,1049966.1,1064427.8,1108463.0,1343571.0
T000045,2000-12-31,1388042.8,1201032.4,1146238.5,1093147.1,1140753.5,1164861.0
T000045,2001-03-31,1225821.2,1153855.4,1181024.1,1110088.2,1245586.5,1297206.0
T000045,2001-06-30,1342398.8,1263336.6,1222270.4,1109596.5,1169505.9,1258976.0
T000045,2001-09-30,1316866.0,1238087.1,1275609.5,1112601.9,1190559.6,1348981.0
T000046,1999-12-31,56605.344,44873.26,39048.53,43442.535,72737.3,43389.0
T000046,2000-03-31,57292.35,57444.992,40223.21,43129.15,33077.883,39858.0
T000046,2000-06-30,52296.555,62600.242,40162.73,42177.434,10997.41,37167.0
T000046,2000-09-30,52068.39,54940.14,40490.06,40202.465,8713.477,42138.0
T000046,2000-12-31,57633.297,52556.195,41003.96,40102.992,19090.018,42378.0
T000046,2001-03-31,57698.11,51724.27,40352.555,40098.99,31760.615,43703.0
T000046,2001-06-30,58335.516,57894.51,41222.402,42000.688,37669.16,40296.0
T000046,2001-09-30,54996.043,59835.285,42043.406,40562.664,35148.938,40494.0
T000047,1999-12-31,12140.83,6408.088,7584.408,7888.7915,10921.748,9564.0
T000047,2000-03-31,14112.541,8603.962,8356.651,7856.4556,17691.354,10687.0
T000047,2000-06-30,13781.53,12429.821,9188.597,7798.2134,8286.953,9690.0
T000047,2000-09-30,13343.854,14545.406,9661.124,7748.852,7025.043,13739.0
T000047,2000-12-31,17553.03,15995.257,11018.062,7719.7827,1266.6289,11711.0
T000047,2001-03-31,15862.991,14132.426,11333.553,7774.6685,8860.256,11189.0
T000047,2001-06-30,15085.05,13431.633,11390.969,9181.167,7972.252,10180.0
T000047,2001-09-30,14264.237,14867.901,11944.885,9751.292,11634.765,14574.0
T000048,1999-12-31,9445.03,9113.225,8994.748,9027.282,10287.164,10991.0
T000048,2000-03-31,11373.625,10155.165,9572.29,9033.667,9536.278,9391.0
T000048,2000-06-30,10066.799,9782.232,9779.048,9036.741,10133.257,11891.0
T000048,2000-09-30,12248.385,11370.826,10331.863,9038.404,9795.682,11281.0
T000048,2000-12-31,11772.424,10750.64,10876.443,9132.139,10271.956,11924.0
T000048,2001-03-31,12306.016,10789.447,11054.264,9457.5625,10369.426,11435.0
T000048,2001-06-30,12262.785,10358.894,11658.662,9496.807,11515.402,14310.0
T000048,2001-09-30,14848.658,13075.354,12314.69,9938.576,11743.284,12686.0
T000049,1999-12-31,281422.2,189271.1,237737.58,217150.98,259307.81,258262.0
T000049,2000-03-31,279387.56,181116.78,247674.55,217876.95,260135.4,258600.0
T000049,2000-06-30,285808.3,202600.44,263010.88,218536.77,256034.81,331280.0
T000049,2000-09-30,349083.7,261473.23,279694.44,218520.48,258607.47,380644.0
T000049,2000-12-31,397070.34,285369.8,307295.03,229809.92,255953.38,363852.0
T000049,2001-03-31,382131.62,291808.78,329803.0,263575.8,283027.3,328087.0
T000049,2001-06-30,357324.16,282656.06,347641.94,264185.03,294372.0,411948.0
T000049,2001-09-30,439597.78,353381.4,373997.94,265439.1,303260.4,381071.0
T000050,1999-12-31,60215.78,40485.086,49579.875,27453.744,50662.477,51101.0
T000050,2000-03-31,58681.305,42526.844,59711.56,27822.398,41969.81,47235.0
T000050,2000-06-30,51546.453,51810.605,53843.453,27277.654,42199.258,44084.0
T000050,2000-09-30,50496.652,38712.34,50240.75,45012.2,31361.332,42149.0
T000050,2000-12-31,48685.23,40262.188,46655.9,44727.316,39347.707,25316.0
T000050,2001-03-31,32996.06,31355.842,40118.535,45031.34,39574.234,22623.0
T000050,2001-06-30,27692.145,28605.037,34163.81,44792.945,37618.86,22374.0
T000050,2001-09-30,27567.285,28319.47,29931.621,44730.906,36529.22,23638.0
T000051,1999-12-31,18652.541,17595.242,18849.57,18800.146,23863.797,21107.0
T000051,2000-03-31,21892.37,21713.027,18384.988,18748.203,18831.68,17606.0
T000051,2000-06-30,19044.016,19988.03,18109.15,18538.86,19272.857,20248.0
T000051,2000-09-30,21432.75,20387.744,18613.51,18548.738,14917.648,19431.0
T000051,2000-12-31,21717.545,18998.988,19781.238,18756.627,19275.705,23179.0
T000051,2001-03-31,24271.154,21818.254,20170.57,18735.54,19560.213,19670.0
T000051,2001-06-30,21032.662,20572.12,20518.012,18810.244,22036.525,21538.0
T000051,2001-09-30,23015.877,22263.508,20811.734,19570.562,18370.1,18951.0
T000052,1999-09-30,482231.16,316273.75,345087.56,168070.73,280728.2,480055.0
T000052,1999-12-31,519819.5,344048.2,405928.6,171661.3,265040.03,585763.0
T000052,2000-03-31,635442.0,423620.62,471110.38,231996.25,290323.84,552441.0
T000052,2000-06-30,612962.25,389379.62,512749.25,245765.42,310017.94,552788.0
T000052,2000-09-30,624037.4,410818.47,538566.6,351097.06,340327.44,594479.0
T000052,2000-12-31,672649.1,454077.72,574048.6,378830.62,344661.12,650497.0
T000052,2001-03-31,720853.6,489207.44,588811.1,462532.25,404327.4,703928.0
T000052,2001-06-30,786988.06,501552.62,625109.8,492587.5,422135.75,780805.0
T000053,2003-06-30,126160.47,110451.95,129343.734,127665.875,126763.54,61712.0
T000053,2003-09-30,76431.24,85552.01,118790.65,127831.45,134184.83,141036.0
T000053,2003-12-31,144680.56,137678.17,115579.21,127611.21,121014.61,124336.0
T000053,2004-03-31,127726.69,111315.55,110882.43,127330.53,115472.48,113736.0
T000053,2004-06-30,120480.41,94575.71,106699.27,127547.11,120204.47,111586.0
T000053,2004-09-30,125906.875,99746.92,124758.9,126215.375,130851.875,129709.0
T000053,2004-12-31,132805.03,130823.2,120810.305,125403.07,143228.42,129007.0
T000053,2005-03-31,130598.29,114262.12,120570.41,125202.51,122062.39,114060.0
T000054,2002-06-30,153414.39,129282.3,125711.125,115316.61,101295.89,113319.0
T000054,2002-09-30,125634.32,110199.54,125956.266,115453.34,135170.02,145588.0
T000054,2002-12-31,146833.25,141939.45,127507.02,115260.836,121478.01,117014.0
T000054,2003-03-31,125907.664,127809.87,131872.47,117770.945,123609.85,120342.0
T000054,2003-06-30,129562.055,118955.94,122519.25,117756.09,104156.664,88690.0
T000054,2003-09-30,103306.71,97923.41,121026.74,118266.28,130294.414,154111.0
T000054,2003-12-31,155432.47,145317.34,121512.69,117894.57,112210.8,116661.0
T000054,2004-03-31,124794.305,113688.01,118980.2,118098.66,118875.76,127114.0
T000055,2002-06-30,150768.36,147411.16,137204.31,131139.73,129149.8,136330.0
T000055,2002-09-30,144680.0,136495.61,134382.92,137383.72,143470.64,169011.0
T000055,2002-12-31,172446.03,153887.48,142593.02,137697.9,134452.61,120725.0
T000055,2003-03-31,131579.0,129990.25,142053.02,138144.84,149685.7,139137.0
T000055,2003-06-30,147163.77,132216.31,139665.72,138126.55,130116.03,143418.0
T000055,2003-09-30,152877.34,130154.34,146549.44,139735.16,154283.14,244065.0
T000055,2003-12-31,250312.56,186746.9,164812.27,140477.62,150921.6,164585.0
T000055,2004-03-31,178187.97,136817.12,168306.81,145528.25,167573.17,146343.0
T000056,2002-06-30,91588.29,83219.23,83042.73,83994.664,74542.85,75792.0
T000056,2002-09-30,80182.74,75585.33,81735.484,84039.914,86039.13,81393.0
T000056,2002-12-31,81630.61,79872.01,78913.164,81898.08,80461.945,68873.0
T000056,2003-03-31,72568.14,71577.92,79718.59,81953.97,79611.5,74002.0
T000056,2003-06-30,76855.34,74656.75,74750.31,81938.83,77409.83,33729.0
T000056,2003-09-30,41087.86,49047.375,65749.79,80289.36,80463.45,91143.0
T000056,2003-12-31,92877.7,84857.55,67833.86,80204.22,67372.61,69645.0
T000056,2004-03-31,74628.984,67727.97,67249.81,76503.89,72410.54,72399.0
T000057,2002-06-30,70586.91,63274.234,67047.41,70017.83,71328.48,52762.0
T000057,2002-09-30,57012.29,58878.93,64867.54,69633.08,71892.63,65016.0
T000057,2002-12-31,67314.26,67212.88,62780.402,67205.29,56283.367,66271.0
T000057,2003-03-31,70428.555,68047.35,64076.17,66510.984,68553.07,56535.0
T000057,2003-06-30,58216.355,60519.336,59291.312,65246.707,62595.656,42584.0
T000057,2003-09-30,49040.023,53173.598,57768.543,65252.09,67569.23,60814.0
T000057,2003-12-31,64304.25,65999.04,57715.043,64917.715,58312.527,60095.0
T000057,2004-03-31,64037.613,62386.562,55134.586,64789.29,64593.92,60412.0
T000058,2002-06-30,149489.31,123872.516,137263.73,118231.13,132700.44,121621.0
T000058,2002-09-30,127669.586,120894.11,133542.25,122458.586,135077.28,131756.0
T000058,2002-12-31,136349.75,121134.234,132974.56,122562.51,122359.51,144331.0
T000058,2003-03-31,151986.77,122751.54,135627.34,124233.98,123796.375,135250.0
T000058,2003-06-30,142089.67,118783.41,132385.78,132487.33,139246.88,28691.0
T000058,2003-09-30,41956.945,65313.55,108930.99,133257.75,136377.84,122661.0
T000058,2003-12-31,131645.97,133327.69,110377.125,132799.6,110950.75,127943.0
T000058,2004-03-31,135127.14,114827.055,107536.37,132533.23,101614.64,120680.0
T000059,2002-06-30,51207.062,45129.68,43970.035,45751.297,38204.883,44440.0
T000059,2002-09-30,49421.43,44334.1,45005.348,44865.35,52741.633,62602.0
T000059,2002-12-31,61650.74,53583.555,46274.65,44858.832,45395.766,38061.0
T000059,2003-03-31,42613.508,37747.46,47086.215,45064.5,47565.973,41490.0
T000059,2003-06-30,46623.457,41572.863,45691.57,44909.023,44171.22,38676.0
T000059,2003-09-30,44070.71,42958.3,47546.81,42035.51,53062.67,71125.0
T000059,2003-12-31,70994.98,61336.098,48325.137,42026.42,41777.875,41437.0
T000059,2004-03-31,46167.215,36528.684,46925.2,42257.145,43826.07,50655.0
T000060,2002-06-30,52874.977,50103.32,51932.555,52441.223,41831.406,44182.0
T000060,2002-09-30,50825.816,47120.72,49512.71,52402.66,57097.51,55183.0
T000060,2002-12-31,54109.38,53193.023,44512.27,52363.207,48628.246,40410.0
T000060,2003-03-31,45363.15,43299.664,46547.99,52667.53,47991.098,45368.0
T000060,2003-06-30,50527.914,46590.43,45737.617,48075.18,45407.504,17007.0
T000060,2003-09-30,25157.21,28783.783,41002.438,46257.848,56849.355,49523.0
T000060,2003-12-31,49944.184,48861.777,38376.484,45991.395,40758.18,40837.0
T000060,2004-03-31,46033.49,40453.742,38795.15,45959.83,44097.08,45472.0
T000061,2002-06-30,54993.133,53878.42,49910.62,48194.125,45620.645,38513.0
T000061,2002-09-30,41890.38,42121.066,47991.94,48248.457,47152.81,50245.0
T000061,2002-12-31,53461.08,48243.25,47071.957,48210.793,41051.19,46002.0
T000061,2003-03-31,51045.19,45836.906,48673.777,48266.277,52807.727,53238.0
T000061,2003-06-30,52812.895,52355.258,46844.848,48161.242,47648.28,35883.0
T000061,2003-09-30,39653.13,40357.285,46476.22,48255.348,48102.652,42837.0
T000061,2003-12-31,46019.902,42746.453,44160.09,46842.46,39759.566,46876.0
T000061,2004-03-31,51318.91,45065.77,45864.707,46824.637,51925.42,53744.0
T000062,2002-06-30,14221065.0,11960045.0,13249969.0,12707517.0,12919873.0,13600549.0
T000062,2002-09-30,14223433.0,12065086.0,13496510.0,12748662.0,13089532.0,14266771.0
T000062,2002-12-31,14805594.0,12623826.0,13765915.0,12864906.0,13851596.0,14224851.0
T000062,2003-03-31,14625396.0,12560982.0,13892799.0,13104297.0,13886947.0,13201545.0
T000062,2003-06-30,13739701.0,12234100.0,13764063.0,13248656.0,14143458.0,10687853.0
T000062,2003-09-30,11293790.0,11264003.0,13134731.0,13253869.0,13665782.0,14212222.0
T000062,2003-12-31,14584676.0,13605347.0,13225594.0,13355470.0,12983335.0,14453995.0
T000062,2004-03-31,14678531.0,13182606.0,13154571.0,13608649.0,12749502.0,13677181.0
T000063,2002-06-30,1087445.2,1085974.5,1061353.5,1010944.56,1017481.0,1011326.0
T000063,2002-09-30,1048883.2,1041773.4,1061528.0,1016722.5,1029059.4,1138526.0
T000063,2002-12-31,1148792.1,1079273.5,1053717.5,1022601.6,998831.94,975122.0
T000063,2003-03-31,1013790.25,979968.5,1043743.75,1023437.1,1082346.5,978711.0
T000063,2003-06-30,1008331.4,980797.94,1019068.44,1015899.7,1010891.9,856034.0
T000063,2003-09-30,910037.44,933023.25,1005144.94,1016508.5,1057748.9,1169074.0
T000063,2003-12-31,1174562.6,1097827.1,1003021.4,1015500.7,962329.2,948791.0
T000063,2004-03-31,986990.25,899358.6,981795.8,1017062.3,990934.9,968438.0
T000064,2002-06-30,77692.4,76461.016,72307.68,70860.48,71346.914,65165.0
T000064,2002-09-30,67868.4,70173.98,72106.84,70685.49,71498.875,67309.0
T000064,2002-12-31,69079.81,70430.8,68307.99,70322.07,68981.34,62348.0
T000064,2003-03-31,65123.145,65317.25,69123.484,70272.46,68866.336,55587.0
T000064,2003-06-30,57227.62,63147.586,62527.633,69836.984,67620.52,53115.0
T000064,2003-09-30,56462.516,59697.383,60309.46,67691.586,65895.555,63076.0
T000064,2003-12-31,64875.234,65512.16,59158.258,66338.36,62487.44,68345.0
T000064,2004-03-31,70453.03,66477.266,60039.652,66329.63,66879.836,62749.0
T000065,2003-12-31,244839.94,222311.9,204904.8,204978.36,226626.89,243176.0
T000065,2004-03-31,242320.3,207049.89,207521.53,205593.86,203110.47,188873.0
T000065,2004-06-30,208565.62,170362.06,215905.89,206224.98,209507.45,252262.0
T000065,2004-09-30,269933.9,231822.69,232601.92,205569.8,241025.44,312956.0
T000065,2004-12-31,321694.38,269778.5,251814.92,206024.9,250057.9,278709.0
T000065,2005-03-31,280714.8,238050.86,253890.98,216517.31,231025.33,219527.0
T000065,2005-06-30,245317.34,203688.78,261544.64,223441.12,241674.14,270782.0
T000065,2005-09-30,297282.03,255924.97,274935.25,228463.4,257860.33,325633.0
T000066,2003-12-31,165069.5,165056.2,161012.97,177819.77,166148.36,192582.0
T000066,2004-03-31,199962.94,184791.16,160323.88,177524.5,175838.58,185175.0
T000066,2004-06-30,185533.34,166171.61,156615.9,177746.05,163286.31,153363.0
T000066,2004-09-30,168344.84,157602.72,169282.33,178586.67,181550.17,181659.0
T000066,2004-12-31,191537.16,181007.5,179445.06,177644.69,175527.83,190143.0
T000066,2005-03-31,197066.7,174326.62,178727.22,178479.06,202274.92,193547.0
T000066,2005-06-30,194847.75,169478.75,178739.33,182771.89,187562.88,135461.0
T000066,2005-09-30,150850.72,146805.4,174122.94,183411.69,197504.33,176242.0
T000067,2003-12-31,35556.68,34541.016,33882.48,36460.68,33152.086,33371.0
T000067,2004-03-31,35141.55,32044.188,32441.828,35669.332,38016.363,34706.0
T000067,2004-06-30,34712.848,32936.22,32454.557,34860.637,32701.77,30274.0
T000067,2004-09-30,32546.164,32842.344,33035.203,34208.69,35378.47,34593.0
T000067,2004-12-31,36017.86,34221.258,33230.87,34049.527,32220.04,37608.0
T000067,2005-03-31,39236.613,35688.29,34469.95,34105.906,36730.555,43633.0
T000067,2005-06-30,43994.54,38453.426,36581.465,34142.797,34534.41,33110.0
T000067,2005-09-30,35807.656,33040.574,36745.293,34103.234,38448.59,41267.0
T000068,2003-12-31,64850.53,56561.676,68658.05,65498.023,74704.64,84961.0
T000068,2004-03-31,84589.586,77808.61,64404.887,65090.14,60893.34,51669.0
T000068,2004-06-30,58635.89,51995.133,60539.95,65286.824,70448.68,62783.0
T000068,2004-09-30,68204.195,61251.312,61685.367,63720.223,50779.348,47090.0
T000068,2004-12-31,59169.664,53939.426,64701.53,59243.617,71361.84,89622.0
T000068,2005-03-31,90379.11,76714.43,63688.082,59027.617,57329.67,59301.0
T000068,2005-06-30,65606.5,58475.375,63765.562,59119.39,72267.516,71446.0
T000068,2005-09-30,76140.23,64208.547,65261.71,59116.3,50733.414,53571.0
T000069,2003-12-31,46492.53,40083.664,38486.773,37607.902,35006.902,50909.0
T000069,2004-03-31,51474.266,42535.42,38847.754,37622.883,37463.47,39338.0
T000069,2004-06-30,40861.203,34433.64,39296.723,39068.316,42233.457,40714.0
T000069,2004-09-30,43809.43,40502.707,43499.65,39275.13,40624.676,37019.0
T000069,2004-12-31,39747.945,39349.76,43163.402,39044.22,41662.84,49760.0
T000069,2005-03-31,50141.098,41698.027,42050.035,39738.68,39946.453,40531.0
T000069,2005-06-30,42781.773,37472.695,41657.793,40935.28,43127.23,41699.0
T000069,2005-09-30,44454.008,40170.25,41686.26,41004.02,38903.27,37267.0
T000070,2003-12-31,24423.52,23081.22,22201.266,22120.922,20527.53,29225.0
T000070,2004-03-31,29923.568,25574.963,22799.195,22078.076,23164.896,21343.0
T000070,2004-06-30,21915.887,19280.139,22469.562,22013.166,21809.781,19083.0
T000070,2004-09-30,21145.797,19454.203,22458.639,22076.97,23227.17,20435.0
T000070,2004-12-31,22769.408,20277.934,23380.66,21557.158,21457.086,23493.0
T000070,2005-03-31,23428.15,23816.648,21245.402,21492.285,23994.266,20693.0
T000070,2005-06-30,21075.17,21636.62,20738.674,20860.686,20172.408,17735.0
T000070,2005-09-30,19999.613,19541.297,20386.834,20954.336,17553.643,19174.0
T000071,2003-12-31,31564.492,31284.115,21312.719,25970.021,19404.406,21909.0
T000071,2004-03-31,26021.36,22452.922,22163.723,26102.182,22830.617,25503.0
T000071,2004-06-30,28399.994,24023.781,21177.182,25746.395,25511.275,26288.0
T000071,2004-09-30,29433.965,26647.139,26561.955,25771.514,27689.53,24446.0
T000071,2004-12-31,25615.799,28889.557,24322.791,24646.975,25449.227,22548.0
T000071,2005-03-31,25822.594,21971.133,24668.541,24639.84,23325.844,29046.0
T000071,2005-06-30,31511.81,26790.518,25835.373,24638.26,25635.13,27740.0
T000071,2005-09-30,30033.643,28087.754,25786.113,25748.08,29193.611,32931.0
T000072,2003-12-31,20443.639,17465.03,18747.43,18952.645,20366.191,18202.0
T000072,2004-03-31,19266.723,16064.422,18318.219,18889.293,16356.686,18931.0
T000072,2004-06-30,20662.6,17874.305,18302.219,18951.387,22373.12,22603.0
T000072,2004-09-30,22792.164,20486.951,19832.025,18938.826,17607.102,19714.0
T000072,2004-12-31,20659.465,19048.693,19678.13,19006.59,20865.246,18576.0
T000072,2005-03-31,19411.854,16030.754,19745.727,19032.03,16915.855,18417.0
T000072,2005-06-30,20053.326,18435.28,20165.459,19013.283,22941.64,22679.0
T000072,2005-09-30,22846.865,21636.488,20015.133,19012.094,17979.059,18071.0
T000073,2003-12-31,57100.87,43111.047,51334.23,43053.844,45020.766,59967.0
T000073,2004-03-31,63650.336,49752.668,53043.9,49446.344,49804.555,60398.0
T000073,2004-06-30,60443.47,47837.27,51277.63,51706.5,50260.125,44439.0
T000073,2004-09-30,49314.17,39257.703,53071.64,51966.85,47303.156,48620.0
T000073,2004-12-31,54611.496,48442.047,53634.906,51547.043,51072.76,58407.0
T000073,2005-03-31,61181.61,53014.133,54072.98,51582.35,53307.395,74523.0
T000073,2005-06-30,74804.89,59124.918,56819.395,51716.51,53368.6,55710.0
T000073,2005-09-30,60251.23,46012.27,58141.38,56526.695,55552.613,55720.0
T000074,2003-12-31,44165.824,36750.75,41817.348,39868.875,40410.645,58472.0
T000074,2004-03-31,63776.586,47627.05,46699.695,41572.44,40541.227,72125.0
T000074,2004-06-30,72863.34,49777.926,46006.938,41786.496,45872.117,47844.0
T000074,2004-09-30,54840.984,32750.652,52498.133,48612.965,47891.36,60361.0
T000074,2004-12-31,67690.234,52032.777,59054.953,48866.914,54375.5,70961.0
T000074,2005-03-31,77488.99,56008.562,64199.715,51548.34,58046.496,94162.0
T000074,2005-06-30,96057.125,65214.234,68697.65,51786.418,59099.426,48930.0
T000074,2005-09-30,57493.258,40650.777,66697.414,52177.516,63944.65,66761.0
T000075,2003-12-31,29462.383,27306.63,28213.178,29473.764,28047.732,34127.0
T000075,2004-03-31,34911.305,30676.865,29409.682,29440.734,28090.408,31578.0
T000075,2004-06-30,32774.58,28577.615,30253.912,29472.104,32252.197,35511.0
T000075,2004-09-30,35927.703,31962.953,32286.81,29486.152,31008.268,29357.0
T000075,2004-12-31,30651.355,30049.447,32722.424,29554.184,32843.98,36125.0
T000075,2005-03-31,37093.836,33902.03,33082.37,29575.43,30327.316,36284.0
T000075,2005-06-30,37779.133,33801.133,34455.637,29660.71,32991.15,38442.0
T000075,2005-09-30,39128.414,35623.863,34898.867,29684.041,32590.092,36001.0
T000076,2003-12-31,108325.32,102015.15,106514.35,106086.35,105361.67,112039.0
T000076,2004-03-31,115741.79,109949.04,106639.445,105892.92,115423.93,114017.0
T000076,2004-06-30,114180.08,110565.055,105440.56,105833.27,108952.79,101065.0
T000076,2004-09-30,104958.266,100267.336,106688.61,103723.16,104385.58,105884.0
T000076,2004-12-31,110904.25,105741.88,108302.57,103724.79,110084.69,112335.0
T000076,2005-03-31,116195.41,114610.43,109161.71,106457.07,119978.555,122725.0
T000076,2005-06-30,123400.75,118017.07,110646.17,106448.74,109446.75,104542.0
T000076,2005-09-30,109327.89,106420.04,110458.664,106632.71,115055.82,107725.0
T000077,2003-12-31,21586.2,17550.674,21970.064,18294.664,22086.234,28227.0
T000077,2004-03-31,30356.11,26721.865,23059.896,17987.709,26117.97,31090.0
T000077,2004-06-30,30054.828,25541.305,22236.434,17945.07,21228.193,16529.0
T000077,2004-09-30,19366.418,13709.667,22216.008,18141.025,18996.074,19540.0
T000077,2004-12-31,24221.926,18670.553,23862.963,20323.303,23333.13,31027.0
T000077,2005-03-31,33296.74,28995.518,25587.826,20125.982,27724.129,34811.0
T000077,2005-06-30,33706.633,29495.367,25254.904,20084.191,22072.05,17756.0
T000077,2005-09-30,20943.604,17008.543,24700.973,20275.234,20279.322,19706.0
T000078,2003-12-31,160363.48,130042.07,168243.22,130560.664,151593.45,243887.0
T000078,2004-03-31,253808.5,211962.45,175029.97,128671.9,168358.62,205423.0
T000078,2004-06-30,200454.98,162852.86,165878.19,128644.11,143208.83,111924.0
T000078,2004-09-30,136018.53,103061.125,163380.08,130099.25,123682.734,125132.0
T000078,2004-12-31,162984.48,133718.25,177780.6,131057.336,148933.72,233761.0
T000078,2005-03-31,243409.56,212064.88,176138.34,128828.94,162952.64,235242.0
T000078,2005-06-30,229472.53,188575.38,173538.7,128997.3,135147.84,105370.0
T000078,2005-09-30,131853.61,100119.42,165843.72,130071.97,118870.05,131141.0
T000079,2003-12-31,41384.812,32242.244,35340.527,36456.938,37184.1,42822.0
T000079,2004-03-31,44262.79,39030.285,35199.965,36362.85,44453.906,41024.0
T000079,2004-06-30,40015.4,37884.53,34342.76,36275.656,37877.434,21294.0
T000079,2004-09-30,26881.52,24506.482,34575.23,36559.55,31184.16,33099.0
T000079,2004-12-31,39076.086,34627.68,35078.145,36325.965,37817.426,45111.0
T000079,2005-03-31,46667.27,40662.016,36179.977,36275.82,41379.23,42466.0
T000079,2005-06-30,41499.96,37342.285,34814.688,36401.6,36588.797,21780.0
T000079,2005-09-30,27447.969,23769.158,34557.523,36695.164,35432.312,36886.0
T000080,2003-12-31,112190.336,96143.836,101630.85,102126.805,110210.6,137604.0
T000080,2004-03-31,138862.0,128185.516,102126.52,101769.36,116851.35,115398.0
T000080,2004-06-30,113937.516,100594.875,98597.2,102138.05,96377.56,67115.0
T000080,2004-09-30,85440.41,66617.42,100934.99,102927.766,98831.086,98183.0
T000080,2004-12-31,115926.62,100951.39,107706.57,99965.46,121450.0,143354.0
T000080,2005-03-31,145495.4,135335.58,108755.88,99781.336,130160.8,125542.0
T000080,2005-06-30,124266.36,111144.49,106087.35,100624.805,100899.15,68894.0
T000080,2005-09-30,88178.45,71179.22,105462.44,101519.19,104209.664,108281.0
T000081,2003-12-31,73161.945,68149.445,65723.484,69674.03,73741.734,83688.0
T000081,2004-03-31,84972.26,79796.81,68227.82,69560.51,74738.13,70564.0
T000081,2004-06-30,71451.805,67700.49,67382.6,69600.016,66396.47,58163.0
T000081,2004-09-30,65203.73,58646.637,69135.07,68954.94,68275.46,75363.0
T000081,2004-12-31,81037.75,74702.35,73380.25,68675.375,75275.016,81428.0
T000081,2005-03-31,82460.85,81018.36,71581.76,68661.94,78775.96,78397.0
T000081,2005-06-30,79486.97,74929.375,72546.78,68905.04,67099.945,61256.0
T000081,2005-09-30,68796.92,66016.37,73582.195,69235.02,71819.625,82462.0
T000082,2003-12-31,1246229.0,1160069.9,1191648.5,1206447.4,1218927.2,1475168.0
T000082,2004-03-31,1488314.1,1347442.9,1203002.8,1204989.4,1252500.9,1307155.0
T000082,2004-06-30,1302578.8,1163416.2,1188972.0,1206886.9,1200051.2,1111254.0
T000082,2004-09-30,1197572.6,1077511.9,1244124.8,1212519.2,1192906.2,1273451.0
T000082,2004-12-31,1363713.8,1262634.4,1312263.0,1224492.0,1295566.5,1522968.0
T000082,2005-03-31,1541279.0,1399708.1,1315528.9,1226272.4,1329769.4,1468847.0
T000082,2005-06-30,1470446.6,1307401.0,1332379.2,1229030.8,1263484.6,1143332.0
T000082,2005-09-30,1243706.8,1132365.9,1331705.2,1232728.9,1253165.9,1348839.0
T000083,2003-12-31,114722.3,103233.17,87936.55,85286.09,96361.67,103780.0
T000083,2004-03-31,103371.984,86925.664,87669.01,85667.72,85375.54,75898.0
T000083,2004-06-30,87517.44,67943.69,92295.31,86056.59,85639.69,111914.0
T000083,2004-09-30,123590.55,104073.266,102870.43,85630.96,106866.64,153639.0
T000083,2004-12-31,158154.72,128407.875,112881.24,85878.25,108627.42,122305.0
T000083,2005-03-31,124157.72,102175.53,112992.8,93105.69,102914.83,92035.0
T000083,2005-06-30,107496.734,83736.91,117264.875,94535.48,103770.805,121113.0
T000083,2005-09-30,137834.34,113465.484,125926.81,101136.164,117834.95,160034.0
T000084,2003-12-31,130475.69,122647.71,126365.516,120132.57,123025.3,157911.0
T000084,2004-03-31,166338.75,153012.2,126133.6,120047.08,135495.34,143083.0
T000084,2004-06-30,147098.72,135565.33,121733.82,120244.055,118211.64,121152.0
T000084,2004-09-30,134182.12,132236.1,132738.55,121535.0,129533.805,144029.0
T000084,2004-12-31,156907.89,147742.4,143364.86,123059.5,126104.555,156902.0
T000084,2005-03-31,164604.86,137796.03,142037.89,130965.6,151416.73,158254.0
T000084,2005-06-30,162903.34,131509.89,144192.58,139918.05,153738.72,111544.0
T000084,2005-09-30,124550.25,120181.65,141263.27,140402.16,156188.97,140855.0
T000085,2003-12-31,17411.494,15979.69,16353.89,19214.807,17974.24,17455.0
T000085,2004-03-31,18396.088,16739.613,15572.601,17646.332,21208.547,13409.0
T000085,2004-06-30,13921.027,14354.336,15312.986,16554.596,17072.105,13928.0
T000085,2004-09-30,15294.976,16637.758,15078.064,15989.234,17582.15,14252.0
T000085,2004-12-31,15753.758,15060.748,15126.068,15267.365,15018.005,18238.0
T000085,2005-03-31,19201.553,17813.922,15078.602,15246.501,18097.17,22200.0
T000085,2005-06-30,22788.457,19409.926,17207.158,15319.017,16669.76,14676.0
T000085,2005-09-30,16195.011,15549.216,16905.055,15324.107,18719.264,18907.0
T000086,2003-12-31,37443.023,28628.367,38745.484,33603.137,42227.117,54542.0
T000086,2004-03-31,54726.645,48191.17,35758.332,33311.105,29167.062,21202.0
T000086,2004-06-30,29066.848,25711.426,33363.48,33673.05,39660.906,35461.0
T000086,2004-09-30,40477.984,37345.793,33219.04,33375.582,19784.602,20691.0
T000086,2004-12-31,31764.385,27927.121,35826.992,29237.428,38910.484,55569.0
T000086,2005-03-31,56866.113,45611.19,33805.496,28990.656,25744.863,28561.0
T000086,2005-06-30,35457.523,29072.91,34501.95,29510.172,41917.96,44016.0
T000086,2005-09-30,48322.547,38206.01,36021.234,29414.818,23904.861,23626.0
T000087,2003-12-31,27240.996,22336.791,21195.955,21164.816,20121.55,31850.0
T000087,2004-03-31,32088.29,25155.432,21251.164,21167.906,20427.525,17355.0
T000087,2004-06-30,19794.023,15713.729,21271.506,21353.426,24957.031,24484.0
T000087,2004-09-30,26927.352,24965.352,24496.781,21291.113,22208.441,17847.0
T000087,2004-12-31,20330.582,20787.805,24059.105,19421.766,24097.014,29229.0
T000087,2005-03-31,29267.37,23168.596,22300.309,19491.48,20539.49,17827.0
T000087,2005-06-30,20510.979,17444.0,22388.781,19610.537,24338.23,24923.0
T000087,2005-09-30,27058.906,23985.363,22044.088,19590.225,20598.846,18463.0
T000088,2003-12-31,10721.566,9168.833,9695.248,8503.107,8391.123,16547.0
T000088,2004-03-31,16650.633,13037.825,10081.551,8463.518,8716.067,6501.0
T000088,2004-06-30,7834.3335,5721.875,9705.91,8217.666,8786.363,8131.0
T000088,2004-09-30,9702.725,7972.0933,9449.782,8211.2295,8165.295,7439.0
T000088,2004-12-31,9842.704,7550.7197,10586.153,8200.883,8792.428,12074.0
T000088,2005-03-31,11758.389,11655.262,8650.642,8144.4443,8994.723,6822.0
T000088,2005-06-30,7968.7935,7711.896,8457.252,8204.874,7328.1294,7930.0
T000088,2005-09-30,9723.897,8307.868,8334.675,8122.9785,4355.6875,6527.0
T000089,2003-12-31,22685.652,21547.623,13966.974,16332.98,13319.594,14909.0
T000089,2004-03-31,18091.666,14535.004,14598.293,15407.385,13773.723,16636.0
T000089,2004-06-30,19377.547,15671.465,14004.083,15372.4375,17273.857,18531.0
T000089,2004-09-30,20979.463,19203.91,18335.559,15447.99,17577.979,15959.0
T000089,2004-12-31,17125.795,20532.938,16338.467,15353.143,16138.268,15319.0
T000089,2005-03-31,17794.684,14843.896,16504.156,15452.143,13142.816,20521.0
T000089,2005-06-30,22801.533,18330.646,17834.78,15470.526,16357.163,21833.0
T000089,2005-09-30,23493.035,20517.307,18335.021,16141.754,19500.66,24370.0
T000090,2003-12-31,8959.911,7563.8823,8166.544,7373.6567,7888.6694,9443.0
T000090,2004-03-31,10024.304,7872.693,7511.3584,7354.179,4502.748,6188.0
T000090,2004-06-30,8132.189,6276.3857,7442.459,7408.9316,9475.064,11406.0
T000090,2004-09-30,11829.095,10494.89,8707.037,7360.2437,5658.3687,6545.0
T000090,2004-12-31,7935.4473,7671.962,8430.37,7367.421,8723.939,8399.0
T000090,2005-03-31,8958.794,6845.532,7912.0366,7350.8633,4857.76,5660.0
T000090,2005-06-30,7573.533,6393.56,8445.035,7395.2397,9764.677,10757.0
T000090,2005-09-30,11125.07,10206.417,7905.8745,7351.352,6007.268,6418.0
T000091,2003-12-31,36032.727,25379.2,32783.965,26542.35,27440.432,41941.0
T000091,2004-03-31,44384.863,32841.004,33774.195,29028.006,31582.965,37852.0
T000091,2004-06-30,38127.824,29043.305,32718.078,29157.443,30834.662,28724.0
T000091,2004-09-30,32154.168,26312.746,34265.32,29511.506,29792.178,29467.0
T000091,2004-12-31,34334.664,30297.434,35142.367,30014.475,31629.031,39182.0
T000091,2005-03-31,40965.164,33696.473,34510.234,30040.875,34420.31,49368.0
T000091,2005-06-30,50056.273,36897.125,36837.934,32177.205,33718.098,40413.0
T000091,2005-09-30,43701.695,31143.076,38817.98,37231.555,35675.5,36588.0
T000092,2003-12-31,16380.017,11667.016,17132.672,15652.137,16504.846,24014.0
T000092,2004-03-31,27371.559,19484.553,19451.576,16498.998,17057.344,32696.0
T000092,2004-06-30,32768.57,21605.81,18478.652,16569.707,16632.148,21790.0
T000092,2004-09-30,25035.195,13306.318,21991.338,17875.635,19203.14,23644.0
T000092,2004-12-31,27892.39,19950.291,25089.139,22350.012,21853.195,32254.0
T000092,2005-03-31,36191.66,24199.383,28393.805,22668.951,25731.791,40432.0
T000092,2005-06-30,40956.37,27199.438,29599.863,22805.646,24549.148,24171.0
T000092,2005-09-30,27651.352,18524.617,29183.22,24404.465,30693.916,28299.0
T000093,2003-12-31,8331.737,6799.6846,7850.2656,7910.677,7723.3984,10519.0
T000093,2004-03-31,11071.707,8757.193,8249.036,7885.7563,7155.845,7104.0
T000093,2004-06-30,8687.961,7014.6357,8460.11,7902.5747,10229.481,12138.0
T000093,2004-09-30,12368.324,10650.167,9257.286,7868.032,7394.486,6793.0
T000093,2004-12-31,7993.5454,7905.627,9217.436,7448.883,9455.873,11035.0
T000093,2005-03-31,11745.25,9576.218,9114.334,7415.404,6163.2114,9448.0
T000093,2005-06-30,10969.131,8542.856,10126.2,8846.122,10482.217,14426.0
T000093,2005-09-30,14707.385,12073.926,10470.243,8822.005,9184.64,8785.0
T000094,2003-12-31,42183.305,37041.562,44219.508,47609.633,46798.008,45376.0
T000094,2004-03-31,48973.098,47029.305,43170.6,46099.0,53292.88,49728.0
T000094,2004-06-30,49046.812,48272.953,41749.926,45842.223,44696.51,35042.0
T000094,2004-09-30,38083.355,36521.875,40535.79,40580.08,38955.984,39836.0
T000094,2004-12-31,45918.18,39322.473,42365.88,40719.543,42855.33,50800.0
T000094,2005-03-31,54662.945,51340.47,44823.305,40467.67,53521.86,59966.0
T000094,2005-06-30,59687.73,55198.453,46384.055,40418.277,46363.523,41698.0
T000094,2005-09-30,45023.902,40563.867,46959.1,42506.273,45741.902,41219.0
T000095,2003-12-31,9583.746,6986.46,10345.7705,7710.867,9238.978,13377.0
T000095,2004-03-31,14985.68,12976.978,11049.836,7502.6304,12206.85,15873.0
T000095,2004-06-30,15191.932,12887.99,10284.771,7474.8315,8847.957,6134.0
T000095,2004-09-30,7794.2734,4838.099,9876.147,7184.3545,6722.7295,7903.0
T000095,2004-12-31,10943.183,7609.175,10782.121,8390.535,9285.942,14394.0
T000095,2005-03-31,16030.822,13507.926,11786.267,8224.096,12168.412,18112.0
T000095,2005-06-30,17377.332,14671.311,11574.452,8196.585,9014.281,7527.0
T000095,2005-09-30,9304.226,6801.417,11333.363,8289.501,7818.5405,8087.0
T000096,2003-12-31,77556.28,60406.08,84080.695,62799.766,71507.664,123822.0
T000096,2004-03-31,129464.17,106284.47,86883.125,61783.555,84654.914,101712.0
T000096,2004-06-30,99296.28,78662.875,81780.234,61843.688,70579.64,51584.0
T000096,2004-09-30,64095.824,49738.18,79866.68,62559.16,60784.35,62622.0
T000096,2004-12-31,82448.42,67536.81,88378.93,65803.805,72643.04,116813.0
T000096,2005-03-31,122116.22,105150.91,86807.97,64689.023,83612.92,126933.0
T000096,2005-06-30,124437.23,95836.484,88225.13,64806.207,68317.42,52806.0
T000096,2005-09-30,66527.11,47530.586,84930.72,65386.742,66131.43,69170.0
T000097,2003-12-31,25992.479,19441.246,23182.824,22326.127,23490.652,27819.0
T000097,2004-03-31,28751.766,25969.686,22357.262,22264.406,28402.945,24734.0
T000097,2004-06-30,24253.418,23961.736,21226.232,22167.598,23076.107,11776.0
T000097,2004-09-30,15842.902,15295.023,20994.975,22373.443,17269.27,20012.0
T000097,2004-12-31,24680.271,21873.662,21620.734,22068.775,22516.611,29044.0
T000097,2005-03-31,30004.303,25800.805,22072.27,22034.64,25004.875,27696.0
T000097,2005-06-30,27139.568,23524.152,21665.236,22216.98,22866.316,13727.0
T000097,2005-09-30,17512.04,14436.097,21832.705,22428.307,21938.555,23386.0
T000098,2003-12-31,55455.18,46085.656,52136.54,52780.133,58198.973,74846.0
T000098,2004-03-31,75377.81,68333.09,52347.76,52595.246,61975.336,55002.0
T000098,2004-06-30,54452.824,48875.234,49266.934,52776.92,47559.79,29588.0
T000098,2004-09-30,40546.92,32481.295,49377.15,53160.953,48254.984,51577.0
T000098,2004-12-31,62256.508,52833.707,55196.08,52451.973,57003.12,75206.0
T000098,2005-03-31,76039.336,70206.69,54093.93,52387.586,64329.77,68684.0
T000098,2005-06-30,68137.58,56586.25,54911.67,53124.637,49454.41,35228.0
T000098,2005-09-30,46287.12,34908.02,55721.31,53481.254,53548.273,61639.0
T000099,2003-12-31,28186.682,26664.285,25024.121,26628.387,29270.707,35688.0
T000099,2004-03-31,36637.87,33622.773,26938.748,26587.291,31105.49,27521.0
T000099,2004-06-30,27906.8,26409.244,26100.93,26550.742,25482.531,19451.0
T000099,2004-09-30,23467.031,21061.18,26475.22,26765.877,27495.424,30759.0
T000099,2004-12-31,33661.363,30762.697,29253.543,26624.67,28958.795,31576.0
T000099,2005-03-31,32169.588,31986.795,27378.006,26606.055,31620.79,32400.0
T000099,2005-06-30,32735.947,28749.291,28167.186,26728.38,24853.543,22951.0
T000099,2005-09-30,26708.756,24716.68,29295.64,26883.371,29255.32,35317.0
T000100,2003-12-31,639553.44,584438.94,620588.8,596459.44,622599.56,803839.0
T000100,2004-03-31,813012.06,733029.56,620694.94,596544.2,652354.75,652494.0
T000100,2004-06-30,656348.75,595862.6,605369.7,597336.94,607000.1,561234.0
T000100,2004-09-30,615249.06,575381.4,637803.5,594490.9,584199.5,653014.0
T000100,2004-12-31,719294.3,666416.9,684419.5,598180.3,641342.9,818339.0
T000100,2005-03-31,830328.5,737212.9,678009.75,598918.4,677344.7,784919.0
T000100,2005-06-30,791575.4,672449.75,697071.44,625094.5,655311.8,609739.0
T000100,2005-09-30,668109.56,592879.0,703811.94,626456.06,652762.56,711690.0
T000101,2003-12-31,61910.336,51692.977,53317.145,54731.84,63225.086,73143.0
T000101,2004-03-31,73171.266,60722.496,55690.785,54735.46,55964.17,49234.0
T000101,2004-06-30,55106.18,45299.28,57756.707,54938.08,57842.984,67629.0
T000101,2004-09-30,72024.3,61669.594,61202.375,54766.89,55168.26,72853.0
T000101,2004-12-31,77770.39,66474.95,66743.51,55903.797,67811.33,82059.0
T000101,2005-03-31,82785.1,71039.31,67616.29,55986.707,59834.29,59176.0
T000101,2005-06-30,65930.65,56584.12,69538.51,58498.242,68309.02,71022.0
T000101,2005-09-30,77289.97,68421.43,70889.06,60111.527,65059.703,75349.0
T000102,2003-12-31,9480.658,7284.5596,8255.087,6750.052,7635.644,10837.0
T000102,2004-03-31,11211.201,9053.787,8413.642,6775.8193,8402.173,8427.0
T000102,2004-06-30,8665.511,6608.8843,8132.738,6824.8574,6997.455,6623.0
T000102,2004-09-30,7788.7153,6039.5117,8470.383,6855.0137,7308.164,9505.0
T000102,2004-12-31,10640.119,8664.982,9099.79,7466.349,7898.2563,9405.0
T000102,2005-03-31,9584.169,8224.602,8480.258,8398.579,8580.873,9129.0
T000102,2005-06-30,9316.026,7445.089,8545.047,8551.164,7549.615,6049.0
T000102,2005-09-30,7150.7896,6091.374,8542.559,8587.312,8062.2925,8524.0
T000103,2003-12-31,8974.77,8179.434,7872.458,7169.555,7146.635,7499.0
T000103,2004-03-31,7538.574,6994.1636,7263.2207,7172.834,7562.19,7769.0
T000103,2004-06-30,8134.597,6575.0703,7672.412,7286.0664,7301.26,8340.0
T000103,2004-09-30,8735.418,7898.8843,8155.973,7282.155,7910.906,8394.0
T000103,2004-12-31,8580.27,8220.791,7982.242,7284.225,8379.175,9963.0
T000103,2005-03-31,10132.24,8755.969,8655.993,7578.5166,7465.312,8293.0
T000103,2005-06-30,8708.652,7688.475,8675.741,7849.9204,8198.153,10407.0
T000103,2005-09-30,10990.82,8671.143,9251.319,8362.23,8704.438,9198.0
T000104,2003-12-31,8086.333,7357.728,8746.101,7929.0435,9264.959,9524.0
T000104,2004-03-31,9565.024,8936.937,7961.4385,7881.358,7941.577,6710.0
T000104,2004-06-30,7511.185,6291.243,8046.0776,7889.16,8357.338,8488.0
T000104,2004-09-30,8922.835,8113.0195,7832.7397,7868.465,7481.4004,6982.0
T000104,2004-12-31,7986.4473,6971.6025,8128.7524,7902.7896,8646.341,10674.0
T000104,2005-03-31,10849.4795,9554.3955,8271.347,7871.9536,7847.2495,8192.0
T000104,2005-06-30,8858.023,7813.9414,8511.857,8021.866,8853.382,9303.0
T000104,2005-09-30,9683.9,8065.5454,8655.589,8301.229,7662.5664,7567.0
T000105,2003-12-31,7841.061,6807.3555,7036.8853,5892.632,6856.8135,10268.0
T000105,2004-03-31,10305.818,8555.828,7176.2803,5897.533,5709.512,6101.0
T000105,2004-06-30,6745.7676,5691.2485,6971.066,6217.1816,7101.8086,7724.0
T000105,2004-09-30,8503.74,7292.7744,7624.3916,6227.505,5877.3604,6930.0
T000105,2004-12-31,7971.503,7124.345,8094.6245,6394.437,7751.775,10473.0
T000105,2005-03-31,10504.193,8512.305,7881.2524,6399.904,6771.183,7123.0
T000105,2005-06-30,7846.284,6368.645,7956.4336,7054.3354,8017.835,8048.0
T000105,2005-09-30,8852.69,7413.0317,7981.522,7153.405,6799.1685,7017.0
T000106,2003-12-31,3597.417,3703.7104,3741.144,3362.9639,3942.9492,4439.0
T000106,2004-03-31,4514.21,4046.443,3568.012,3355.5825,3443.8423,3040.0
T000106,2004-06-30,3423.8965,2788.2131,3601.214,3267.5557,3693.6335,3477.0
T000106,2004-09-30,3707.2307,3542.2163,3483.6409,3254.3943,3688.7478,2988.0
T000106,2004-12-31,3355.5483,3426.1768,3613.2375,3085.7268,3673.7493,3962.0
T000106,2005-03-31,3960.0474,3974.1992,3379.1533,3069.748,3154.9363,3093.0
T000106,2005-06-30,3370.4724,3025.7078,3373.2693,3130.2754,3381.793,3745.0
T000106,2005-09-30,3975.4036,3432.3533,3417.9595,3251.6843,3427.7246,3255.0
T000107,2003-12-31,3084.7188,2735.7837,2332.6438,2068.0798,1802.8892,2353.0
T000107,2004-03-31,2519.4775,2007.8229,2306.086,2149.457,2189.7766,2365.0
T000107,2004-06-30,2522.631,1910.6539,2377.235,2175.8062,2368.274,2554.0
T000107,2004-09-30,2707.3706,2500.519,2628.44,2180.1975,2693.1401,2490.0
T000107,2004-12-31,2514.2024,2600.276,2433.4524,2175.9214,2413.6528,2601.0
T000107,2005-03-31,2749.9712,2427.3945,2499.848,2372.6084,2272.889,2468.0
T000107,2005-06-30,2628.789,2350.6333,2528.9912,2375.173,2433.3394,2469.0
T000107,2005-09-30,2659.8057,2393.5894,2501.052,2384.9006,2727.7793,2927.0
T000108,2003-12-31,2660.7654,1985.7487,2539.234,2592.7925,2877.7893,2700.0
T000108,2004-03-31,2840.1836,2380.8062,2528.888,2587.019,2649.844,2243.0
T000108,2004-06-30,2472.0774,2201.9688,2623.9888,2449.0781,2823.849,3133.0
T000108,2004-09-30,3171.2393,2859.7256,2637.4407,2443.2078,2382.551,2453.0
T000108,2004-12-31,2619.9563,2398.4739,2624.7695,2480.6616,2596.9944,3050.0
T000108,2005-03-31,3165.9548,2606.5833,2697.9778,2481.055,2424.5059,2894.0
T000108,2005-06-30,3129.1963,2702.9775,2911.0789,2669.089,3034.623,3357.0
T000108,2005-09-30,3377.626,3121.1785,2935.7747,2666.7092,2896.5413,2713.0
T000109,2003-12-31,5714.643,4271.8457,5057.0957,4812.653,5455.839,5873.0
T000109,2004-03-31,6110.837,5089.4116,5119.627,4808.4526,5871.4424,5629.0
T000109,2004-06-30,5662.44,5141.178,5059.083,4811.34,5116.529,4333.0
T000109,2004-09-30,4809.8433,4419.113,5218.749,4796.258,4469.9404,5882.0
T000109,2004-12-31,6384.4775,5560.263,5476.6904,4813.8506,4877.5503,6628.0
T000109,2005-03-31,6835.8125,5730.7554,5652.8584,5320.681,5694.0283,6697.0
T000109,2005-06-30,6772.568,5667.562,5825.534,5435.8486,5757.012,5131.0
T000109,2005-09-30,5670.1797,5080.955,6009.4443,5454.9214,6084.516,5475.0
T000110,2003-12-31,6079.8755,5056.887,5118.6465,4791.2607,4992.496,6515.0
T000110,2004-03-31,6688.8594,5536.351,5306.112,4794.115,5279.239,6018.0
T000110,2004-06-30,6160.0596,4872.2793,5459.152,5038.4263,5230.1694,6088.0
T000110,2004-09-30,6552.0806,4969.1357,6058.065,5137.019,5340.314,6613.0
T000110,2004-12-31,7019.284,5775.7236,6345.7236,5143.4526,6093.4043,8079.0
T000110,2005-03-31,8312.284,6529.4277,6742.0464,5592.514,6202.0854,7236.0
T000110,2005-06-30,7494.498,6123.615,6930.154,5837.1387,6019.7993,6155.0
T000110,2005-09-30,6763.12,5757.3867,6922.5483,6097.3247,6044.2603,8064.0
T000111,2003-12-31,7132.2764,6271.4575,6358.589,6280.4146,6730.208,8382.0
T000111,2004-03-31,8539.43,7677.7773,6577.7363,6267.0205,5958.623,6193.0
T000111,2004-06-30,6741.623,5826.657,6690.125,6273.291,6581.621,7704.0
T000111,2004-09-30,8153.92,7105.083,7080.668,6269.2227,5880.579,7224.0
T000111,2004-12-31,7940.185,7108.18,7500.9424,6290.8887,7299.472,10808.0
T000111,2005-03-31,11159.148,9204.885,8065.7617,6342.2676,6517.9697,8239.0
T000111,2005-06-30,8842.931,7651.839,8362.483,6471.416,7744.5337,9530.0
T000111,2005-09-30,10195.195,8413.809,8824.679,7305.1914,7082.152,8262.0
T000112,2003-12-31,19877.469,16302.58,20170.81,18236.479,21989.7,25719.0
T000112,2004-03-31,26157.168,23224.547,20037.672,18187.861,19041.215,17946.0
T000112,2004-06-30,19527.246,18906.57,19625.053,18137.748,19295.582,19816.0
T000112,2004-09-30,21175.65,20336.607,19652.133,18135.965,14616.471,21842.0
T000112,2004-12-31,24616.047,21338.033,21931.059,18181.22,20056.443,26536.0
T000112,2005-03-31,27264.611,24153.604,21630.291,18134.977,19557.34,23353.0
T000112,2005-06-30,24663.836,22083.893,22628.928,19404.275,24915.541,23677.0
T000112,2005-09-30,25491.227,23397.719,23644.639,20142.477,21504.945,21004.0
T000113,2003-12-31,6606.916,5117.1514,6199.029,5510.7637,6145.3926,9130.0
T000113,2004-03-31,9346.556,7785.9233,6290.3906,5461.849,6991.747,7378.0
T000113,2004-06-30,7302.8003,6088.612,6190.3247,5462.432,6082.162,5729.0
T000113,2004-09-30,6576.9653,5040.4893,6633.922,5918.6377,5191.4395,5685.0
T000113,2004-12-31,7072.4893,5706.7046,7210.669,5902.406,6839.245,10157.0
T000113,2005-03-31,10441.466,8961.457,7429.9717,5869.5474,7374.3384,9402.0
T000113,2005-06-30,9372.392,8010.868,7604.502,5903.8013,6420.172,5457.0
T000113,2005-09-30,6487.3057,5335.894,7354.002,5930.7676,5677.69,5714.0
T000114,2003-12-31,52478.293,39199.547,55579.344,38846.836,47856.336,86520.0
T000114,2004-03-31,90131.555,75906.164,58646.223,38019.363,52090.336,68700.0
T000114,2004-06-30,67202.37,56360.355,55169.96,38008.074,41700.734,37152.0
T000114,2004-09-30,46129.59,33802.445,54005.57,38998.68,30499.918,38815.0
T000114,2004-12-31,54976.305,40949.977,60448.977,41201.484,47368.78,86813.0
T000114,2005-03-31,90684.67,76763.57,60499.906,40323.664,53501.312,82291.0
T000114,2005-06-30,80574.78,67368.31,59855.168,40440.24,46994.26,35587.0
T000114,2005-09-30,45609.582,33870.758,57265.613,40738.02,33034.926,40627.0
T000115,2003-12-31,5035.766,3687.3105,4410.425,4072.5796,4753.292,6314.0
T000115,2004-03-31,6613.04,5618.1074,4464.805,4046.124,5750.921,5069.0
T000115,2004-06-30,4933.4136,4651.523,4319.9175,4032.652,4582.7964,2822.0
T000115,2004-09-30,3628.2378,3196.7883,4363.843,4069.6733,3529.3345,3847.0
T000115,2004-12-31,4954.0625,4043.1492,4687.793,4049.483,4535.904,6655.0
T000115,2005-03-31,6977.42,6012.9526,4754.8613,4035.2388,5573.8657,6351.0
T000115,2005-06-30,6241.078,5465.193,4815.72,4050.7676,4572.731,3012.0
T000115,2005-09-30,3881.291,3236.729,4738.36,4090.5051,4437.846,4413.0
T000116,2003-12-31,21128.568,15781.932,20410.275,17552.496,21783.47,30481.0
T000116,2004-03-31,30915.14,28191.121,20129.65,17413.768,23575.254,21744.0
T000116,2004-06-30,21588.084,19561.21,18952.98,17432.875,17732.63,12927.0
T000116,2004-09-30,16912.727,13089.341,19206.22,17594.633,14050.035,16541.0
T000116,2004-12-31,22149.654,17473.543,21539.375,17189.701,21740.873,34726.0
T000116,2005-03-31,35540.227,30058.137,22312.65,17047.426,23654.102,26910.0
T000116,2005-06-30,26789.783,23236.477,21999.092,17142.281,20621.912,13734.0
T000116,2005-09-30,18006.787,13712.979,21753.416,17275.244,17003.197,17587.0
T000117,2003-12-31,18226.295,14841.734,15771.975,15455.8545,17796.203,21177.0
T000117,2004-03-31,21095.445,19321.537,15791.428,15416.793,16891.287,13929.0
T000117,2004-06-30,14660.922,14169.126,15470.092,14560.127,15186.904,14325.0
T000117,2004-09-30,16165.707,14475.849,15886.535,14556.616,12584.433,15136.0
T000117,2004-12-31,17580.162,15319.752,16820.861,14502.882,16724.5,22052.0
T000117,2005-03-31,22140.361,19871.436,16581.08,14495.657,16023.6875,17117.0
T000117,2005-06-30,17806.193,16841.477,16836.336,14565.58,16074.383,14212.0
T000117,2005-09-30,16253.091,14908.914,16718.072,14591.338,13613.628,16047.0
T000118,2003-12-31,243084.81,202558.08,234124.31,216963.25,246519.33,320874.0
T000118,2004-03-31,322654.4,283179.38,237327.73,216441.42,240962.89,238495.0
T000118,2004-06-30,244822.73,215043.77,233826.3,216809.45,223722.92,218864.0
T000118,2004-09-30,240545.66,208625.12,240470.1,217485.4,193562.58,234180.0
T000118,2004-12-31,268762.2,231662.53,261896.25,221898.88,245492.0,344641.0
T000118,2005-03-31,349365.6,304624.38,263137.6,221616.47,241860.3,287964.0
T000118,2005-06-30,293450.9,258584.33,266630.75,222943.45,246894.16,230895.0
T000118,2005-09-30,257495.69,223581.52,267645.7,235118.23,219323.36,243743.0
T000119,2003-12-31,44779.023,40440.457,38254.984,36595.656,35982.227,40077.0
T000119,2004-03-31,41345.87,35285.42,38513.74,38409.57,36318.996,42207.0
T000119,2004-06-30,45103.83,35747.742,41038.05,38800.336,39806.3,42740.0
T000119,2004-09-30,44768.332,40771.855,42777.504,40339.17,46257.39,53602.0
T000119,2004-12-31,54096.926,47907.58,44974.48,40384.742,43168.33,43787.0
T000119,2005-03-31,45330.766,38411.008,45090.184,41701.215,39453.902,42334.0
T000119,2005-06-30,45942.6,39209.652,45034.06,41896.195,46129.547,51384.0
T000119,2005-09-30,54444.12,46157.934,48618.0,42509.074,45571.523,56181.0
T000120,2003-12-31,12346.009,10047.611,9674.537,8842.284,8837.284,9965.0
T000120,2004-03-31,10208.294,9262.546,9551.457,8847.242,9048.823,10182.0
T000120,2004-06-30,10636.685,9340.454,9886.686,8967.143,9400.846,9466.0
T000120,2004-09-30,10150.368,9028.151,10584.517,8969.422,9318.966,8938.0
T000120,2004-12-31,9158.535,8820.005,9635.679,9006.198,9940.339,9389.0
T000120,2005-03-31,9601.831,8742.239,9576.117,9437.255,9590.413,9331.0
T000120,2005-06-30,9736.858,9515.589,9302.687,9428.407,9176.492,9062.0
T000120,2005-09-30,9514.678,9018.943,9152.265,9393.33,8936.214,11280.0
T000121,2003-12-31,4106.2153,3995.9053,3826.0273,4234.8823,3898.9058,4444.0
T000121,2004-03-31,4652.7075,4072.7515,3865.5933,4226.134,4052.5466,4477.0
T000121,2004-06-30,4631.68,4074.497,3953.5488,4225.5093,4260.6523,4124.0
T000121,2004-09-30,4327.089,4227.0303,4222.782,4192.5796,4479.371,4327.0
T000121,2004-12-31,4549.2227,4730.4233,4345.937,4173.963,4426.909,4843.0
T000121,2005-03-31,5030.955,4430.6353,4468.596,4174.1313,4010.228,4212.0
T000121,2005-06-30,4425.2236,4072.3186,4342.846,4227.8525,4776.489,5183.0
T000121,2005-09-30,5414.9736,5037.831,4645.8916,4244.2866,4654.694,5679.0
T000122,2003-12-31,10325.797,8572.653,8614.615,8793.403,9264.2,8010.0
T000122,2004-03-31,8332.874,8505.436,8499.816,8444.272,9181.052,10022.0
T000122,2004-06-30,10218.918,9495.496,8750.753,8443.281,8301.189,9628.0
T000122,2004-09-30,10024.806,9194.873,9416.788,8461.527,8225.599,9782.0
T000122,2004-12-31,10177.02,9196.871,9290.335,8448.64,9174.6875,9930.0
T000122,2005-03-31,10422.283,8985.892,9865.979,8882.752,9170.145,10063.0
T000122,2005-06-30,10412.725,10615.524,9848.321,8919.788,10452.536,11610.0
T000122,2005-09-30,12054.9375,10744.336,10394.622,9699.407,8512.245,13565.0
T000123,2003-12-31,4505.545,3758.0046,3412.458,3162.1628,3127.6072,3321.0
T000123,2004-03-31,3521.4011,3002.3838,3289.812,3171.2922,3421.1296,3560.0
T000123,2004-06-30,3957.9624,3277.602,3556.5083,3325.9697,3315.8384,3845.0
T000123,2004-09-30,4049.0515,3919.194,3884.3594,3304.8384,3955.5015,3693.0
T000123,2004-12-31,3706.2637,3558.0652,3586.7375,3354.07,3481.9294,3569.0
T000123,2005-03-31,3714.108,3023.005,3650.0535,3591.664,3342.046,3920.0
T000123,2005-06-30,4273.7285,3535.56,3773.4104,3601.3699,3919.4763,4501.0
T000123,2005-09-30,4682.627,4149.0127,3938.5972,3600.2258,4032.9023,4345.0
T000124,2003-12-31,2823.9702,2513.7844,2134.3508,2203.1548,2223.2727,2250.0
T000124,2004-03-31,2339.016,2465.609,2126.3745,2197.734,2229.94,2245.0
T000124,2004-06-30,2419.597,2249.8306,2235.1992,2200.3298,1986.5082,2394.0
T000124,2004-09-30,2571.199,2258.633,2435.6868,2196.7385,2166.885,2657.0
T000124,2004-12-31,2750.4478,2326.9753,2393.6763,2258.1638,2538.2651,2031.0
T000124,2005-03-31,2113.3193,1945.2241,2306.6504,2204.022,2392.671,2433.0
T000124,2005-06-30,2577.2686,2697.3857,2368.4805,2265.094,2516.422,2449.0
T000124,2005-09-30,2602.244,2584.4324,2426.6165,2265.7107,1922.8407,2756.0
T000125,2003-12-31,1645.3732,1527.2522,1129.9606,1231.483,1272.6833,1378.0
T000125,2004-03-31,1478.6139,1342.0906,1198.2749,1231.383,1130.523,1055.0
T000125,2004-06-30,1192.165,1191.374,1131.5374,1196.63,1329.0908,1453.0
T000125,2004-09-30,1601.9773,1438.3287,1367.3711,1201.4928,1192.2405,1143.0
T000125,2004-12-31,1253.749,1314.4646,1266.9689,1195.3802,1430.9655,1185.0
T000125,2005-03-31,1279.6056,1140.5178,1190.9897,1194.7333,1129.4016,1148.0
T000125,2005-06-30,1278.8531,1288.564,1261.9183,1197.2936,1360.9072,1340.0
T000125,2005-09-30,1459.7754,1419.3711,1209.1005,1195.7959,1091.0765,1661.0
T000126,2003-12-31,3600.1914,2678.4658,2656.841,2523.245,2879.801,2175.0
T000126,2004-03-31,2370.7385,1786.549,2696.2188,2481.9138,2311.4563,3073.0
T000126,2004-06-30,3371.9592,2893.9585,2843.693,2526.8958,2749.585,2309.0
T000126,2004-09-30,2522.651,2225.469,2838.7397,2470.0435,2337.556,3748.0
T000126,2004-12-31,3853.0269,2966.9702,2838.4631,2603.7827,2757.808,2485.0
T000126,2005-03-31,2668.638,2037.0769,2897.5984,2622.7236,2506.254,2729.0
T000126,2005-06-30,2973.9438,2696.855,2751.313,2683.093,3270.3926,3791.0
T000126,2005-09-30,4087.4507,3242.0488,3279.3618,2774.6292,2509.6091,3836.0
T000127,2003-12-31,4549.4697,4017.5444,3562.3608,3213.4543,3147.303,3260.0
T000127,2004-03-31,3416.1365,3247.6067,3538.9004,3203.1558,2965.9937,3158.0
T000127,2004-06-30,3369.1365,2806.963,3429.6523,3191.6812,3125.0518,3720.0
T000127,2004-09-30,3967.111,3069.9304,3699.8267,3265.3982,3391.9707,3252.0
T000127,2004-12-31,3506.3765,3602.6567,3328.7651,3273.6719,3958.999,3889.0
T000127,2005-03-31,4072.077,4198.671,3501.0146,3282.9373,3065.6895,4087.0
T000127,2005-06-30,4411.979,4220.867,3744.2507,3283.668,2734.7214,3132.0
T000127,2005-09-30,3456.872,3171.5503,3529.8118,3279.1887,3220.0715,3726.0
T000128,2003-12-31,11108.112,9679.515,10167.542,9886.622,9807.241,17305.0
T000128,2004-03-31,17722.854,13365.905,10807.27,9926.237,8234.105,11849.0
T000128,2004-06-30,12617.503,8559.49,10439.77,10018.597,10754.467,11620.0
T000128,2004-09-30,13020.771,9575.933,12326.519,10262.327,10349.16,12827.0
T000128,2004-12-31,14592.178,12542.331,13922.891,10194.968,13171.453,18794.0
T000128,2005-03-31,19182.473,14274.25,13970.802,10321.624,11813.063,18216.0
T000128,2005-06-30,19167.875,12588.653,15167.581,11880.684,13028.337,12247.0
T000128,2005-09-30,14017.978,10915.366,15066.932,12156.621,13258.747,12934.0
T000129,2003-12-31,6035.573,5300.1455,4985.7305,5033.2266,5078.093,5580.0
T000129,2004-03-31,5660.292,4962.7075,5021.261,5032.4727,5027.0034,5760.0
T000129,2004-06-30,6020.562,4982.312,5459.884,5053.953,5154.127,5628.0
T000129,2004-09-30,5868.3735,5341.141,5732.5493,5050.293,5770.1475,6851.0
T000129,2004-12-31,7068.4756,6256.6006,5990.584,5051.5986,5703.821,5486.0
T000129,2005-03-31,5599.7954,5476.455,5885.8105,5066.5703,5710.5527,6605.0
T000129,2005-06-30,6959.753,6175.7866,6105.795,5539.194,5520.132,7272.0
T000129,2005-09-30,7699.4893,6531.956,6611.1665,5647.4707,5930.8057,9313.0
T000130,2003-12-31,23576.17,23029.209,21567.275,20646.875,20585.086,23146.0
T000130,2004-03-31,24157.398,22729.328,21974.725,21066.223,21326.436,22126.0
T000130,2004-06-30,22668.572,20775.39,21552.709,21213.791,21447.074,20871.0
T000130,2004-09-30,22254.9,21251.81,22261.062,21227.309,23340.414,20757.0
T000130,2004-12-31,21340.213,22034.072,21866.45,21023.91,21250.535,20765.0
T000130,2005-03-31,21779.18,21279.367,21260.748,20989.291,22417.973,22305.0
T000130,2005-06-30,22832.676,21204.006,21228.094,21009.207,20081.777,23064.0
T000130,2005-09-30,24140.994,21128.148,21712.469,21916.332,22689.58,26697.0
T000131,2003-12-31,2599.7979,2499.1982,2514.417,2542.2585,2432.7605,2892.0
T000131,2004-03-31,2968.8884,2829.9817,2658.816,2536.778,2557.118,2854.0
T000131,2004-06-30,2875.7307,2700.2642,2612.4612,2536.9243,2554.48,2426.0
T000131,2004-09-30,2517.812,2331.4417,2631.4338,2539.828,2653.6792,2445.0
T000131,2004-12-31,2604.9119,2556.9617,2667.9382,2539.7412,2661.3518,3544.0
T000131,2005-03-31,3644.7537,3279.9873,2865.2617,2540.1677,2797.654,3110.0
T000131,2005-06-30,3155.7969,2893.5105,2840.0227,2545.1545,2764.3293,3293.0
T000131,2005-09-30,3422.268,2974.5522,3060.368,2559.5723,2917.3875,3457.0
T000132,2003-12-31,11620.902,10552.031,11270.997,10463.228,10992.589,12318.0
T000132,2004-03-31,12865.147,12127.259,11575.743,10443.987,11454.419,12981.0
T000132,2004-06-30,12904.5,11688.189,11211.376,10458.237,10939.141,9474.0
T000132,2004-09-30,10132.822,9522.689,11269.639,10509.102,10567.283,10306.0
T000132,2004-12-31,11087.581,11123.411,11274.978,10417.897,11066.712,10906.0
T000132,2005-03-31,11388.605,10866.432,11197.523,11018.665,11019.22,13627.0
T000132,2005-06-30,13567.274,12327.208,11147.1455,11014.386,11437.245,10481.0
T000132,2005-09-30,11042.225,10003.136,11177.1,11057.772,11019.022,12095.0
T000133,2003-12-31,3591.5815,2957.3662,2870.4683,2758.473,2736.1577,3072.0
T000133,2004-03-31,3290.522,2981.7908,2928.0964,2756.239,3098.337,3603.0
T000133,2004-06-30,3644.6868,3484.4004,3084.375,2756.4478,2875.217,2703.0
T000133,2004-09-30,2968.68,2793.1875,3203.8965,2765.8572,2711.406,3414.0
T000133,2004-12-31,3646.605,3261.4746,3179.202,2755.2048,2878.0918,4011.0
T000133,2005-03-31,4238.0576,3565.654,3474.1135,2975.5378,3422.251,3823.0
T000133,2005-06-30,3899.2124,3640.5337,3447.9734,2977.9453,3172.288,3254.0
T000133,2005-09-30,3554.1865,3365.8025,3581.603,3124.793,3371.0127,4271.0
T000134,2003-12-31,14020.8,12092.932,10583.1455,10697.371,11260.473,10838.0
T000134,2004-03-31,11207.567,11499.774,10341.006,10653.626,10086.657,11886.0
T000134,2004-06-30,12260.441,11710.994,10522.05,10672.202,10334.841,9865.0
T000134,2004-09-30,10841.922,9626.693,11571.325,10706.584,9182.894,10581.0
T000134,2004-12-31,11626.463,10670.561,10739.852,10660.018,12096.6,12234.0
T000134,2005-03-31,12757.244,11558.372,11273.332,10678.008,11720.201,11329.0
T000134,2005-06-30,11830.655,12671.282,10916.981,10915.656,11776.722,12280.0
T000134,2005-09-30,13366.233,11982.818,11573.087,10965.078,9315.316,13899.0
T000135,2003-12-31,10668.079,9211.799,8579.123,8898.663,9426.252,9499.0
T000135,2004-03-31,9749.971,9049.002,8677.565,8879.7705,8915.722,8177.0
T000135,2004-06-30,8801.107,8472.943,8795.705,8892.311,9247.737,9069.0
T000135,2004-09-30,9615.82,9174.588,9344.45,8862.49,8766.898,10453.0
T000135,2004-12-31,10764.624,10011.998,9376.907,8849.775,9591.522,9367.0
T000135,2005-03-31,9596.229,8898.118,9177.367,8865.382,9383.64,9092.0
T000135,2005-06-30,9819.597,9540.377,9420.429,9146.876,9794.385,11741.0
T000135,2005-09-30,12462.93,11454.902,10281.766,9141.306,9376.879,14252.0
T000136,2003-12-31,168580.02,154661.2,145803.77,144087.22,141831.66,159530.0
T000136,2004-03-31,161611.1,150326.62,146690.6,144111.6,139155.11,159215.0
T000136,2004-06-30,162924.06,145223.64,150800.64,144641.08,145571.12,151335.0
T000136,2004-09-30,157557.33,147562.83,159653.95,147408.92,153298.22,168776.0
T000136,2004-12-31,172031.77,164737.19,160165.39,148051.84,158460.23,166215.0
T000136,2005-03-31,168430.28,153964.28,161105.88,151760.62,152243.6,168364.0
T000136,2005-06-30,173695.77,160646.9,163109.78,152225.56,163188.48,176084.0
T000136,2005-09-30,183776.66,165567.9,170165.8,160304.9,159135.3,199947.0
T000137,2003-12-31,27123.844,25315.975,25658.195,26328.367,23228.582,26176.0
T000137,2004-03-31,28058.238,22599.021,25635.143,26478.42,23882.998,21534.0
T000137,2004-06-30,24189.7,19690.758,24945.012,26520.895,25636.39,29979.0
T000137,2004-09-30,32827.01,23703.986,26072.168,26445.152,29840.078,32862.0
T000137,2004-12-31,33470.125,25654.42,27663.777,26404.01,31408.008,30558.0
T000137,2005-03-31,31659.467,25226.428,28308.682,26425.271,31628.264,25982.0
T000137,2005-06-30,28935.436,22895.623,29635.826,26459.422,28084.549,27263.0
T000137,2005-09-30,29649.578,26678.668,29508.662,26293.79,30341.668,34069.0
T000138,2003-12-31,21666.117,21447.287,16863.64,19452.824,14728.238,13869.0
T000138,2004-03-31,19531.475,9801.695,16492.268,19631.639,11564.724,23483.0
T000138,2004-06-30,25343.621,11109.614,16661.559,21561.105,18688.432,16122.0
T000138,2004-09-30,23741.404,6785.4336,17495.629,21529.2,25519.457,19187.0
T000138,2004-12-31,22012.102,12391.95,17796.82,19760.066,22355.932,14447.0
T000138,2005-03-31,20702.217,16170.369,18972.219,18642.99,20807.719,16833.0
T000138,2005-06-30,19458.346,17703.396,16502.938,17664.549,5480.2607,8806.0
T000138,2005-09-30,15241.696,8359.569,15264.111,17110.31,9908.022,15583.0
T000139,2003-12-31,6249.934,5887.3706,5770.032,5828.192,5117.696,3973.0
T000139,2004-03-31,5574.7876,3765.6277,6100.37,5903.9727,5843.7925,9051.0
T000139,2004-06-30,9210.991,7416.443,5517.005,5846.5757,5346.3853,3882.0
T000139,2004-09-30,5376.934,3527.0767,5440.5835,5878.015,6665.449,7620.0
T000139,2004-12-31,8204.842,5647.1333,5965.427,5815.6616,5253.352,4564.0
T000139,2005-03-31,6254.4585,4109.159,6619.829,5831.844,8101.4307,8928.0
T000139,2005-06-30,9053.064,6736.3027,6232.53,5811.7954,5961.3877,2844.0
T000139,2005-09-30,4569.4463,3208.6294,6093.8564,5589.917,6846.4946,7483.0
T000140,2003-12-31,12229.226,10679.694,12294.889,15471.233,9346.847,12885.0
T000140,2004-03-31,15019.533,10924.193,12554.055,15435.297,11155.912,13735.0
T000140,2004-06-30,14184.43,9185.775,10715.007,15379.482,11175.274,9206.0
T000140,2004-09-30,11733.0205,5343.6816,11046.694,15365.742,13603.143,9635.0
T000140,2004-12-31,11741.249,8603.741,11379.123,14088.182,12855.553,13449.0
T000140,2005-03-31,14809.109,11480.378,11851.888,13768.69,14289.647,12485.0
T000140,2005-06-30,12983.238,9875.842,11056.037,13142.932,11875.472,6517.0
T000140,2005-09-30,8631.982,6123.4834,10196.553,12726.126,11971.556,8813.0
T000141,2003-12-31,8530.996,6492.705,6850.5576,7603.427,4990.3804,5470.0
T000141,2004-03-31,7222.124,5128.5176,7727.8755,7626.898,7630.086,12322.0
T000141,2004-06-30,12258.892,9002.554,7492.3496,7595.926,6667.2007,4661.0
T000141,2004-09-30,6258.3027,3574.2004,7317.831,7649.139,7933.1553,8549.0
T000141,2004-12-31,9529.681,7111.101,7459.2354,7607.47,6962.1694,6489.0
T000141,2005-03-31,8310.947,6264.619,8578.042,6708.0796,9098.734,11661.0
T000141,2005-06-30,11667.529,9357.078,7891.705,6648.999,6832.6367,4227.0
T000141,2005-09-30,5820.502,3848.126,7684.3457,6739.327,7556.9023,7442.0
T000142,2003-12-31,8424.964,7228.124,6694.1836,7367.0654,5805.209,5989.0
T000142,2004-03-31,7508.7407,5555.295,7292.4688,7409.922,8563.403,9557.0
T000142,2004-06-30,9491.305,8006.5586,7018.337,7366.444,7183.4536,5081.0
T000142,2004-09-30,6319.8003,5196.198,7054.0664,7402.7734,8806.023,7351.0
T000142,2004-12-31,8008.0957,6494.6753,6835.4175,7368.4746,6391.713,5426.0
T000142,2005-03-31,6854.816,5746.132,7208.406,6233.221,9300.09,8345.0
T000142,2005-06-30,8327.886,7714.647,6550.7456,6194.7764,6732.605,3611.0
T000142,2005-09-30,4829.8027,4728.9736,6247.5977,6141.6885,7632.658,6636.0
T000143,2003-12-31,4680.872,5270.1763,3889.6973,5030.4526,4557.473,3269.0
T000143,2004-03-31,4189.9443,4376.7793,4097.894,5067.631,4625.204,5447.0
T000143,2004-06-30,5816.6885,5052.107,3671.957,5034.7495,3880.2808,3750.0
T000143,2004-09-30,4629.2485,3318.1694,4200.7505,4526.9355,5257.2646,4854.0
T000143,2004-12-31,5077.459,4245.4473,4260.641,4492.9272,4765.2314,3443.0
T000143,2005-03-31,4434.074,3380.4956,4504.0205,4495.7754,5959.324,4909.0
T000143,2005-06-30,5159.3613,4640.17,4217.105,4481.7734,4655.8975,2098.0
T000143,2005-09-30,2999.2085,3554.9453,3916.2676,3981.5151,5316.155,3973.0
T000144,2003-12-31,6080.511,4859.0317,5490.484,5617.677,4940.165,3884.0
T000144,2004-03-31,4938.8335,3651.0347,5851.756,5666.9805,5143.362,7427.0
T000144,2004-06-30,7647.4814,6072.466,5386.9434,5657.1455,5565.8325,5755.0
T000144,2004-09-30,6315.0034,4522.5176,5597.435,5871.1025,5733.8135,6968.0
T000144,2004-12-31,7252.487,5571.1797,5907.652,5858.7188,5559.9116,4642.0
T000144,2005-03-31,5729.5674,4120.5757,6331.7456,5889.1426,6074.8145,7134.0
T000144,2005-06-30,7320.944,6187.4966,6107.8657,5852.708,6542.6387,4774.0
T000144,2005-09-30,5359.8164,4631.282,5987.466,5663.9307,6251.8164,5104.0
T000145,2003-12-31,11465.189,9168.854,10088.401,9673.402,9334.478,8893.0
T000145,2004-03-31,10554.172,8254.021,10786.44,9589.086,10223.708,13759.0
T000145,2004-06-30,13844.986,10517.495,10001.468,9807.675,10381.212,7662.0
T000145,2004-09-30,9117.948,5089.752,9897.731,9855.384,10561.556,10019.0
T000145,2004-12-31,11241.997,8580.0,9850.271,10040.385,11189.326,8708.0
T000145,2005-03-31,10220.916,8963.784,10538.841,9766.356,11494.006,14371.0
T000145,2005-06-30,14336.611,11957.07,10313.189,9736.903,8771.804,7034.0
T000145,2005-09-30,8472.057,6193.586,9880.669,9840.137,9175.253,9931.0
T000146,2003-12-31,11258.087,10080.772,9575.846,9366.778,9455.028,10638.0
T000146,2004-03-31,12833.104,8928.529,11406.29,10002.206,7833.7627,21562.0
T000146,2004-06-30,22082.555,14435.43,11654.057,9986.0,10103.128,8346.0
T000146,2004-09-30,10950.939,4567.879,12037.573,10129.443,12138.747,17277.0
T000146,2004-12-31,18938.805,13429.557,14045.16,10012.441,13162.895,11834.0
T000146,2005-03-31,14617.101,10625.809,15610.461,10926.584,13884.355,28278.0
T000146,2005-06-30,28905.852,18973.383,16707.918,10972.974,12060.655,6357.0
T000146,2005-09-30,9864.665,5084.927,15656.16,11204.56,13929.89,17464.0
T000147,2003-12-31,9383.643,8327.528,8975.781,9516.495,8098.855,9646.0
T000147,2004-03-31,10823.61,8717.061,9633.834,9776.419,9440.422,12521.0
T000147,2004-06-30,12578.489,10162.57,9812.488,9744.29,9825.459,10041.0
T000147,2004-09-30,10761.8,8324.785,10088.018,10131.347,11594.924,8489.0
T000147,2004-12-31,9037.12,8185.592,9996.543,9756.677,10110.876,8796.0
T000147,2005-03-31,9817.617,9093.234,10262.657,9752.66,11412.086,11992.0
T000147,2005-06-30,12082.358,10889.98,9978.37,9743.314,9239.23,7214.0
T000147,2005-09-30,7887.0767,8048.577,8954.195,8893.005,10458.348,9641.0
T000148,2003-12-31,27520.406,23562.645,21363.562,22437.555,18586.791,17798.0
T000148,2004-03-31,21187.05,14953.354,21690.773,22635.945,17621.182,24217.0
T000148,2004-06-30,27338.486,20678.238,22062.205,23895.107,21170.574,25336.0
T000148,2004-09-30,28007.129,20128.797,24257.715,24484.977,25552.99,23449.0
T000148,2004-12-31,22826.256,20974.957,22377.371,23673.715,25823.992,14234.0
T000148,2005-03-31,17060.645,15870.036,21747.682,23711.137,24240.92,17101.0
T000148,2005-06-30,19620.09,17664.727,20409.576,22474.322,19131.104,16103.0
T000148,2005-09-30,18793.018,19468.576,18495.33,20149.938,26124.803,18805.0
T000149,2003-12-31,3124.801,2808.984,2949.5593,3150.564,3002.6936,2828.0
T000149,2004-03-31,3375.628,2992.6414,3144.7039,3149.5884,3261.1223,4985.0
T000149,2004-06-30,4961.116,3734.2173,3159.36,3135.9824,2611.0557,2240.0
T000149,2004-09-30,2821.6099,1363.3441,3069.3892,3149.8306,3409.1716,3507.0
T000149,2004-12-31,3929.6619,2655.1309,3290.6243,3143.9226,3627.66,2932.0
T000149,2005-03-31,3545.05,3099.818,3626.5264,3001.8442,4336.871,4187.0
T000149,2005-06-30,4110.795,3782.1252,3218.3647,2987.8418,2815.8179,1479.0
T000149,2005-09-30,2087.433,1746.899,3028.2395,3011.6777,2967.5962,2448.0
T000150,2003-12-31,20760.23,19013.656,17361.273,18070.883,14883.846,21227.0
T000150,2004-03-31,23079.875,16901.822,17945.975,18800.857,14752.363,22030.0
T000150,2004-06-30,22581.256,15445.589,17707.57,20354.26,15652.362,13714.0
T000150,2004-09-30,17220.262,9284.739,18283.121,20461.033,18797.973,13389.0
T000150,2004-12-31,16088.702,13385.375,17701.002,20500.602,20353.717,19229.0
T000150,2005-03-31,20744.594,18599.387,17781.283,19493.797,18390.848,12391.0
T000150,2005-06-30,12676.348,12260.992,14443.42,17984.45,12247.907,6496.0
T000150,2005-09-30,9980.711,7926.087,12509.587,18021.828,12296.44,9249.0
T000151,2003-12-31,7413.6504,5878.839,5049.435,4428.1987,4228.1704,5617.0
T000151,2004-03-31,6303.9136,4206.403,5474.2173,5623.68,5249.066,7618.0
T000151,2004-06-30,7837.2563,5520.4517,5668.0186,5725.5347,5348.9824,3993.0
T000151,2004-09-30,5110.449,2950.0874,6026.0327,5770.283,5663.908,5826.0
T000151,2004-12-31,6352.3765,5171.545,5668.2427,5917.233,5928.789,5401.0
T000151,2005-03-31,6057.251,5057.054,5962.0386,5720.9253,5631.721,4596.0
T000151,2005-06-30,4683.6377,4494.1445,4850.7944,5480.4165,4420.321,1787.0
T000151,2005-09-30,2883.58,2513.0999,4478.96,5526.9287,4292.872,4816.0
T000152,2003-12-31,23241.49,21431.021,18768.803,20627.682,18649.38,21439.0
T000152,2004-03-31,22935.148,19454.0,19476.145,21645.523,18984.791,26766.0
T000152,2004-06-30,27460.574,19724.742,19764.367,21855.863,16594.312,14735.0
T000152,2004-09-30,18822.42,10713.342,20922.781,22027.293,23028.295,19484.0
T000152,2004-12-31,21102.738,19271.752,20354.4,21635.738,24980.578,21188.0
T000152,2005-03-31,22659.557,22879.303,21378.78,21370.904,25408.562,18619.0
T000152,2005-06-30,18812.45,18006.97,18215.777,20537.914,15158.939,7652.0
T000152,2005-09-30,11913.049,9915.7705,16633.621,20674.393,20455.72,15156.0
T000153,2003-12-31,17514.238,16903.541,16364.821,19117.816,16915.95,17324.0
T000153,2004-03-31,18402.25,17330.055,17069.24,17469.896,17387.549,20937.0
T000153,2004-06-30,21187.613,18171.168,17042.637,17459.441,14913.024,15318.0
T000153,2004-09-30,17151.846,13466.838,17376.13,17535.477,17937.783,19015.0
T000153,2004-12-31,19987.213,18164.5,17998.594,17469.16,19673.414,18433.0
T000153,2005-03-31,19512.992,19844.697,18742.514,17463.773,21318.684,19788.0
T000153,2005-06-30,20014.424,19381.37,18061.568,17452.482,16148.517,12352.0
T000153,2005-09-30,14532.576,14484.674,17406.59,17532.818,19254.938,16846.0
T000154,2003-12-31,222026.83,206651.9,193318.64,208331.36,183669.73,190925.0
T000154,2004-03-31,217123.83,169978.84,202267.22,208903.12,199636.31,256951.0
T000154,2004-06-30,262297.06,196455.31,198691.64,216798.44,202149.16,179821.0
T000154,2004-09-30,212132.62,134551.86,206147.11,217421.55,240473.38,217481.0
T000154,2004-12-31,227990.56,188342.22,208394.4,216391.8,239658.19,193773.0
T000154,2005-03-31,217947.23,193518.66,217985.1,206560.86,240492.4,227600.0
T000154,2005-06-30,230747.08,205750.17,204348.77,206374.94,178966.88,126614.0
T000154,2005-09-30,157702.89,139790.84,192567.02,196406.83,207511.36,193459.0
T000155,2003-12-31,2548.4253,1564.7703,2186.3887,2330.3892,3423.4,2200.0
T000155,2004-03-31,2219.2593,2109.4412,2042.7285,2223.783,2284.684,2000.0
T000155,2004-06-30,2193.1843,2420.6582,2218.299,2123.2563,2010.2926,2800.0
T000155,2004-09-30,3151.875,2469.13,2269.7925,2222.1287,1033.1465,2000.0
T000155,2004-12-31,2431.0234,1774.3884,2227.7837,2029.9521,2751.5686,3300.0
T000155,2005-03-31,3444.8506,2989.471,2531.471,2029.2325,2430.9082,2100.0
T000155,2005-06-30,2312.906,2592.2178,2557.2449,2135.1013,2600.2764,2300.0
T000155,2005-09-30,2630.4087,2292.099,2363.0325,2219.9756,1933.7401,2000.0
T000156,2003-12-31,48290.445,37783.13,35429.28,27724.105,33815.32,41300.0
T000156,2004-03-31,43168.125,34188.02,35651.637,29013.248,34049.195,34400.0
T000156,2004-06-30,38592.16,29795.795,37903.418,31387.387,35471.14,40300.0
T000156,2004-09-30,45202.273,37989.535,40773.33,34180.535,37807.844,49100.0
T000156,2004-12-31,52427.65,38609.883,41685.53,34929.37,36237.484,51400.0
T000156,2005-03-31,54101.625,34745.78,43527.01,35410.324,36681.043,41300.0
T000156,2005-06-30,46390.18,33228.36,44794.59,36333.402,45780.79,46800.0
T000156,2005-09-30,51981.664,39485.125,47114.426,40874.016,42930.477,55800.0
T000157,2003-12-31,1451.6008,996.2367,1103.7913,1030.0386,881.7029,2000.0
T000157,2004-03-31,2108.6265,1484.1772,1366.5149,1035.66,1498.6129,1300.0
T000157,2004-06-30,1557.0879,987.2811,1541.4747,1331.1152,1633.0723,2000.0
T000157,2004-09-30,2088.817,1744.5413,1635.4581,1326.5027,1795.4236,1600.0
T000157,2004-12-31,1820.6797,1470.5366,1753.6492,1333.8264,1746.305,1700.0
T000157,2005-03-31,1839.2654,1481.8054,1622.5939,1326.8994,1285.1238,1300.0
T000157,2005-06-30,1620.2776,1287.5907,1691.1125,1341.6262,1784.5948,1800.0
T000157,2005-09-30,1920.0332,1633.8317,1604.1582,1327.1526,1282.097,2200.0
T000158,2003-12-31,4881.556,4114.754,4042.6282,4742.0894,4979.87,4000.0
T000158,2004-03-31,4066.1958,3062.8687,3757.9375,4566.401,3709.8801,2800.0
T000158,2004-06-30,3645.159,2439.0498,3728.1199,4577.2095,4306.98,4200.0
T000158,2004-09-30,4619.394,3972.4717,4013.0967,4256.3086,4520.2256,4400.0
T000158,2004-12-31,4509.4136,4590.884,3873.004,4242.8237,4913.815,4200.0
T000158,2005-03-31,4277.2563,3983.7285,3838.985,4244.7056,3343.3271,2600.0
T000158,2005-06-30,3421.2012,2513.8262,3834.7043,4259.516,3875.7212,4300.0
T000158,2005-09-30,4850.3975,4028.5579,3922.223,4236.705,4603.384,4400.0
T000159,2003-12-31,174536.8,147254.9,159493.2,154308.03,158681.11,201900.0
T000159,2004-03-31,206141.83,171494.12,167314.52,154585.95,169748.4,203800.0
T000159,2004-06-30,206962.4,166346.23,174380.5,156078.45,164141.94,169800.0
T000159,2004-09-30,183746.86,148887.92,182001.61,161576.36,171043.39,204900.0
T000159,2004-12-31,219633.5,180887.77,195602.81,164270.44,182140.67,237300.0
T000159,2005-03-31,246226.36,201814.08,205474.11,165648.16,189275.3,223600.0
T000159,2005-06-30,228530.0,185902.39,206708.55,172953.8,182057.88,177200.0
T000159,2005-09-30,195863.84,162194.83,208151.4,174949.33,184843.45,202800.0
T000160,2003-12-31,8430.528,7233.1753,8011.9077,7287.594,8523.965,9500.0
T000160,2004-03-31,9853.471,8728.609,8495.665,7289.5273,7988.043,6900.0
T000160,2004-06-30,7228.3486,7114.365,7732.2627,7178.2593,8055.535,6000.0
T000160,2004-09-30,6435.7593,6336.1426,7455.85,7003.7856,6362.633,6500.0
T000160,2004-12-31,7188.059,7372.229,7513.231,6986.416,7521.984,6300.0
T000160,2005-03-31,6549.5605,6746.922,6487.1724,6966.7183,6542.7886,5400.0
T000160,2005-06-30,5614.5425,5723.903,6007.4014,6567.8057,7052.7305,4900.0
T000160,2005-09-30,5361.3228,5796.8486,5822.012,6591.2505,6343.7725,4300.0
T000161,2003-12-31,9374.375,8907.009,8677.6875,8734.249,9674.223,9100.0
T000161,2004-03-31,9463.403,8929.114,8704.525,8734.975,8272.086,7700.0
T000161,2004-06-30,8361.585,8577.18,8588.405,8444.977,8914.006,9300.0
T000161,2004-09-30,9816.501,10094.682,8797.787,8438.719,8318.216,10400.0
T000161,2004-12-31,10748.906,10021.656,9174.846,8758.521,8421.537,8800.0
T000161,2005-03-31,9166.262,8192.605,8923.592,8847.404,8726.583,9100.0
T000161,2005-06-30,9605.201,8601.254,9342.114,8861.431,9868.523,10600.0
T000161,2005-09-30,11027.293,10168.633,9841.146,8836.748,9800.363,11600.0
T000162,2003-12-31,3066.5771,2232.7065,2563.3347,2141.6196,2883.7112,3500.0
T000162,2004-03-31,3546.0757,2896.4983,2610.97,2139.7878,2597.256,2100.0
T000162,2004-06-30,2368.4204,2011.9153,2733.497,2157.7793,2404.15,2300.0
T000162,2004-09-30,2600.916,2486.5593,2640.0684,2139.2178,2291.5,2500.0
T000162,2004-12-31,2766.5142,2506.06,2721.8972,2141.439,2451.0808,4200.0
T000162,2005-03-31,4306.2656,3249.0864,2826.9875,2348.5994,2274.2417,2200.0
T000162,2005-06-30,2508.1858,1992.8892,2712.9746,2363.7903,2606.5232,2700.0
T000162,2005-09-30,3043.5542,2633.9753,2815.3557,2550.7473,2825.2627,4600.0
T000163,2003-12-31,2751.656,1639.6521,1717.6732,1232.7448,1766.9646,2600.0
T000163,2004-03-31,2620.8076,2042.0011,1894.779,1236.6663,1809.3835,1100.0
T000163,2004-06-30,1384.4253,1285.3481,1833.0842,1247.0223,1635.7339,2200.0
T000163,2004-09-30,2495.181,1867.3943,2116.0583,1240.5161,1349.5264,1900.0
T000163,2004-12-31,2209.7383,1751.7317,2029.6311,1534.6287,2183.361,2600.0
T000163,2005-03-31,2639.533,1998.6398,1938.1349,1540.9294,1727.8262,800.0
T000163,2005-06-30,1170.539,1102.398,1874.809,1566.9545,1821.5868,1700.0
T000163,2005-09-30,2018.2272,1915.0226,1720.7198,1645.4745,1524.7454,1500.0
T000164,2003-12-31,8575.438,7293.4443,6910.901,8320.827,9127.693,7600.0
T000164,2004-03-31,7738.913,6915.67,6736.9287,7676.369,8317.496,7200.0
T000164,2004-06-30,7789.4785,7071.594,7174.9844,7502.2993,7462.364,7100.0
T000164,2004-09-30,7895.9873,7913.7354,7600.711,7296.56,8123.1836,9100.0
T000164,2004-12-31,9408.124,9005.173,7825.243,7280.2666,8024.0225,11300.0
T000164,2005-03-31,11609.932,9255.747,8716.974,7297.9976,7557.1333,7900.0
T000164,2005-06-30,8565.296,7243.1865,8640.539,7504.191,9134.898,8800.0
T000164,2005-09-30,9752.556,8752.932,9160.517,7707.086,9502.759,10800.0
T000165,2003-12-31,2201.9822,2148.9849,2119.1333,2033.4725,2076.9253,3200.0
T000165,2004-03-31,3337.6064,2589.3699,2312.8647,2228.5842,2105.522,3300.0
T000165,2004-06-30,3461.9243,2550.8645,2597.911,2425.3677,2359.5974,2900.0
T000165,2004-09-30,3014.0742,2618.08,2788.1902,2449.0437,3262.9902,3300.0
T000165,2004-12-31,3604.9937,2874.2344,3175.8896,2441.0437,2913.288,3100.0
T000165,2005-03-31,3285.689,2696.5903,3165.455,2435.769,2952.32,2900.0
T000165,2005-06-30,3086.5474,2373.643,3025.7173,2643.8674,3161.623,2900.0
T000165,2005-09-30,3137.3892,2738.4197,3076.494,2932.723,2863.1277,4200.0
T000166,2003-12-31,261668.6,223231.19,232621.14,218234.98,238367.34,286600.0
T000166,2004-03-31,290062.12,246089.53,240689.05,218898.36,239080.44,272700.0
T000166,2004-06-30,278568.6,232580.97,250525.75,220696.75,236089.27,248700.0
T000166,2004-09-30,267028.66,228297.27,261847.83,222619.36,239153.25,295400.0
T000166,2004-12-31,313540.3,262418.62,277722.94,225824.48,254172.38,334300.0
T000166,2005-03-31,344441.78,278720.2,288803.06,249601.38,259913.25,299300.0
T000166,2005-06-30,309837.78,254187.03,291047.22,252360.55,263506.22,263900.0
T000166,2005-09-30,287960.94,242946.66,295661.53,252922.66,260172.94,304400.0
T000167,2003-12-31,3251.2686,2893.0608,2632.4375,2514.1602,2534.2778,2600.0
T000167,2004-03-31,2707.7322,2625.9688,2435.4614,2515.14,2545.5713,2200.0
T000167,2004-06-30,2542.1921,1909.5593,2612.1716,2533.95,2090.458,3500.0
T000167,2004-09-30,3762.4482,3264.0908,2938.1047,2519.838,2994.8523,3900.0
T000167,2004-12-31,3983.0586,3417.1084,3040.6992,2535.7512,2950.276,2800.0
T000167,2005-03-31,2945.1343,2403.3252,3006.5103,2638.1545,2595.0005,2000.0
T000167,2005-06-30,2409.8699,2308.3955,3040.3003,2655.92,3056.7134,4200.0
T000167,2005-09-30,4485.079,3812.5938,3340.1619,2644.6626,2963.9072,3900.0
T000168,2003-12-31,16996.082,14133.742,12929.57,13174.496,14560.568,9800.0
T000168,2004-03-31,10701.605,8945.116,12029.044,11673.978,12397.186,8900.0
T000168,2004-06-30,11913.786,9734.516,13101.604,11807.417,13493.509,22500.0
T000168,2004-09-30,23751.406,18731.238,15224.916,11657.601,14629.947,19200.0
T000168,2004-12-31,19108.064,14738.649,14666.534,11661.894,16519.87,13300.0
T000168,2005-03-31,14589.754,10643.818,15210.489,13739.415,14324.721,9500.0
T000168,2005-06-30,13026.137,11064.726,16652.691,13780.1455,16756.23,24500.0
T000168,2005-09-30,25947.0,20966.814,17284.414,13668.456,16612.305,22600.0
T000169,2003-12-31,11469.814,11323.061,10106.672,10721.321,11327.182,9900.0
T000169,2004-03-31,10319.14,8791.66,9608.377,10753.274,9109.809,8300.0
T000169,2004-06-30,10094.505,7507.0054,10402.566,10845.248,10664.059,15100.0
T000169,2004-09-30,16038.316,13166.518,11485.737,10803.447,13070.798,14100.0
T000169,2004-12-31,13994.356,12327.185,11681.019,10800.514,12746.139,10700.0
T000169,2005-03-31,11122.78,9796.195,11656.604,10924.569,11092.19,8000.0
T000169,2005-06-30,10098.904,8633.869,12186.257,10976.091,11669.463,18700.0
T000169,2005-09-30,19806.29,15645.605,13310.083,10925.363,12900.586,15800.0
T000170,2003-12-31,9209.742,7746.99,6402.867,5949.038,7186.6665,5500.0
T000170,2004-03-31,5895.9907,4743.837,6176.6704,5665.2007,5868.2725,3500.0
T000170,2004-06-30,5160.712,3926.3892,6088.3086,5727.867,6925.8936,8800.0
T000170,2004-09-30,9697.461,7857.0693,7178.289,5665.6484,7383.837,9800.0
T000170,2004-12-31,9576.256,8719.768,6849.2456,5636.155,8102.493,5900.0
T000170,2005-03-31,6423.023,5017.8643,6641.6006,6093.0225,5370.2417,4000.0
T000170,2005-06-30,5801.0215,4370.9434,7127.4487,6170.618,6425.85,10600.0
T000170,2005-09-30,11630.453,9375.487,7952.5073,6085.7334,7863.2227,10000.0
T000171,2003-12-31,5153.27,4650.3,4219.163,3994.0977,5205.63,3300.0
T000171,2004-03-31,3800.9358,3171.851,4154.7095,3545.186,3353.3718,2400.0
T000171,2004-06-30,3512.3672,3204.269,4113.311,3568.3054,4611.4316,6700.0
T000171,2004-09-30,7191.331,6062.1016,4599.099,3534.245,4498.6064,5500.0
T000171,2004-12-31,5438.6855,5145.247,4350.7812,3539.2117,5066.8726,4100.0
T000171,2005-03-31,4656.6978,3308.7783,4449.064,4233.8145,3503.4055,2600.0
T000171,2005-06-30,3829.0374,2894.7876,4900.1147,4250.596,5344.011,5800.0
T000171,2005-09-30,6214.2075,5636.7593,4658.6377,4215.26,5773.6714,5500.0
T000172,2003-12-31,2168.9033,2169.6245,1918.6283,1737.5815,1940.6736,1300.0
T000172,2004-03-31,1567.3706,1267.5957,1702.2826,1747.5139,1410.6318,1300.0
T000172,2004-06-30,1764.6316,1421.2325,1806.2983,1766.2007,1776.9083,3500.0
T000172,2004-09-30,3706.4968,2992.6553,2172.7878,1750.074,2292.534,2700.0
T000172,2004-12-31,2659.8086,2060.2664,2119.922,1958.5037,1996.971,1400.0
T000172,2005-03-31,1669.3131,1151.3237,2086.4285,1969.9846,2224.381,1400.0
T000172,2005-06-30,1932.0292,1503.3937,2367.1567,1969.1937,2206.5352,3300.0
T000172,2005-09-30,3461.629,2931.6956,2308.3445,1955.5642,2401.2231,2500.0
T000173,2003-12-31,3615.1465,3535.0483,3721.8071,3437.4592,3496.9087,3500.0
T000173,2004-03-31,3607.996,3311.8066,3447.866,3432.4238,3335.7188,3500.0
T000173,2004-06-30,3925.2234,2964.3,3588.247,3532.5684,3279.884,4800.0
T000173,2004-09-30,5130.631,4208.119,3895.308,3528.0786,4074.3533,4300.0
T000173,2004-12-31,4357.8384,4030.3396,3977.0684,3543.8823,4001.0415,3900.0
T000173,2005-03-31,4132.5137,3698.2627,4056.5164,3540.142,3854.6472,3000.0
T000173,2005-06-30,3499.1702,2822.8328,4068.89,3533.5535,3676.1052,4800.0
T000173,2005-09-30,5053.8296,3924.5615,4063.1772,3633.6255,4457.9355,4400.0
T000174,2003-12-31,98127.3,91130.33,77237.6,69297.94,78246.46,69300.0
T000174,2004-03-31,74417.59,64135.312,75432.34,71311.21,60455.773,61600.0
T000174,2004-06-30,78153.43,60896.14,80738.336,71994.48,73581.195,120200.0
T000174,2004-09-30,128026.52,103958.99,90803.49,71061.97,89255.55,113100.0
T000174,2004-12-31,111139.5,98717.016,89477.59,71000.766,91694.805,80200.0
T000174,2005-03-31,86934.055,72126.87,90250.766,82274.76,80592.76,62400.0
T000174,2005-06-30,81388.14,66599.625,95666.37,82664.31,90202.44,129300.0
T000174,2005-09-30,137612.14,114154.72,99579.27,82019.375,102616.305,129800.0
T000175,2003-12-31,5273.1167,4516.714,4041.5378,3516.0422,4444.3564,2600.0
T000175,2004-03-31,3058.764,2263.9114,3662.4336,3525.5225,3233.098,2100.0
T000175,2004-06-30,3233.151,2322.7922,3837.9712,3576.056,4015.154,6300.0
T000175,2004-09-30,6780.9478,5583.2837,4346.3345,3532.1187,4447.828,7300.0
T000175,2004-12-31,7211.421,5720.0615,4513.3906,3528.918,4155.3096,3800.0
T000175,2005-03-31,4309.657,2694.7727,4575.194,3964.9402,3745.94,2800.0
T000175,2005-06-30,4119.6826,2770.339,5037.9346,3982.6829,4966.6504,7400.0
T000175,2005-09-30,8018.1255,6337.6934,5640.165,3932.0962,5721.4395,6600.0
T000176,2003-12-31,154777.08,142265.3,123002.62,111874.75,122457.16,107900.0
T000176,2004-03-31,115790.195,99528.26,118687.27,112142.82,95108.37,93900.0
T000176,2004-06-30,119929.3,94159.36,126374.22,113450.7,113841.97,191300.0
T000176,2004-09-30,203367.55,166004.6,142589.38,111976.81,135718.86,179700.0
T000176,2004-12-31,176717.19,154980.66,140622.9,111904.25,139972.97,125900.0
T000176,2005-03-31,136229.27,110949.086,141877.77,129272.08,127891.55,95800.0
T000176,2005-06-30,125861.805,103223.08,150949.89,129909.02,144607.75,208400.0
T000176,2005-09-30,221521.1,182857.06,157957.0,128870.4,161575.48,201400.0
T000177,2003-12-31,4113.363,3160.219,2366.4912,1487.6179,1477.1414,1100.0
T000177,2004-03-31,1682.7957,866.6061,2071.5347,1515.7167,1050.9487,1200.0
T000177,2004-06-30,2302.1843,1192.5925,2312.1094,1558.7091,1446.6775,5700.0
T000177,2004-09-30,6237.9443,4320.2437,3336.7715,1499.3989,2589.8193,4900.0
T000177,2004-12-31,4702.4424,3544.8499,3081.0884,1494.402,2534.8945,600.0
T000177,2005-03-31,1303.4481,289.11035,2766.4294,1547.0542,1609.0435,1000.0
T000177,2005-06-30,2314.4412,1482.2623,3229.802,1583.5104,1988.4747,6300.0
T000177,2005-09-30,6834.011,5323.3906,3534.9282,1518.2787,2690.0427,6200.0
T000178,2003-12-31,13848.668,11854.22,8256.261,6732.829,6345.937,3400.0
T000178,2004-03-31,5444.219,2900.0972,7552.6533,5031.924,2868.236,4200.0
T000178,2004-06-30,8529.676,4374.7646,8556.676,4748.7095,6448.954,15300.0
T000178,2004-09-30,17197.123,13509.682,10273.682,4505.918,10234.189,17100.0
T000178,2004-12-31,16281.311,14131.475,9762.313,4490.819,8490.801,4600.0
T000178,2005-03-31,6803.1895,3636.0576,9390.575,5039.5186,3566.5974,3300.0
T000178,2005-06-30,8066.612,4972.4854,10188.961,5156.4795,8072.6855,22200.0
T000178,2005-09-30,24409.32,18088.79,12879.48,4965.706,10554.643,19300.0
T000179,2003-12-31,27307.121,23027.414,17844.143,14750.523,16030.893,13400.0
T000179,2004-03-31,15576.034,9409.836,16695.996,14042.947,11047.76,10500.0
T000179,2004-06-30,16531.201,10752.145,18005.133,14374.911,17593.938,32300.0
T000179,2004-09-30,35188.367,27743.38,22405.215,14004.793,19719.986,33200.0
T000179,2004-12-31,32180.484,26374.555,21887.285,13967.516,19250.115,15500.0
T000179,2005-03-31,18114.924,11567.434,21344.094,16309.794,15431.817,9200.0
T000179,2005-06-30,16175.075,11384.496,22922.225,16536.55,19925.393,33400.0
T000179,2005-09-30,36815.266,30056.375,24456.168,16190.946,23146.402,34200.0
T000180,2003-12-31,1833.1387,1574.7148,1532.8435,1751.8483,1649.4077,1600.0
T000180,2004-03-31,1964.9901,1585.5051,1576.8252,1767.912,919.11334,1100.0
T000180,2004-06-30,1870.8889,779.61755,1798.5194,1784.7552,1771.531,3400.0
T000180,2004-09-30,3616.5996,2465.4692,2051.336,1764.0208,2535.62,2300.0
T000180,2004-12-31,2370.1387,2243.165,2027.2849,1759.915,2536.1938,1900.0
T000180,2005-03-31,2215.952,1568.9232,2063.4856,1770.7181,1186.8296,800.0
T000180,2005-06-30,1676.995,1153.1165,2236.0989,1779.1381,2102.2847,4300.0
T000180,2005-09-30,4467.4087,3486.7236,2437.7964,1761.4811,2255.7415,3800.0
T000181,2003-12-31,3024.7734,1732.7394,2113.705,1782.963,1506.5217,1900.0
T000181,2004-03-31,2260.354,938.3414,2340.1394,2010.601,1642.6035,800.0
T000181,2004-06-30,1568.8213,765.41705,2568.3896,2010.4281,1856.4207,4100.0
T000181,2004-09-30,4365.2725,3134.647,2585.8394,1996.4388,2726.8748,2700.0
T000181,2004-12-31,2688.6453,2280.9646,2290.2776,1976.5105,2666.079,1900.0
T000181,2005-03-31,2272.3245,1840.8777,2208.3872,2001.5763,1637.6321,600.0
T000181,2005-06-30,1544.3662,1080.5605,2506.3335,2032.1394,1973.5938,3900.0
T000181,2005-09-30,4173.1304,3281.5803,2395.0417,2002.0421,2714.317,3400.0
T000182,2003-12-31,5782.1646,5036.7285,4472.5913,3474.722,4394.711,3800.0
T000182,2004-03-31,4197.4004,3081.4304,4441.745,3924.9758,3683.4067,3400.0
T000182,2004-06-30,4335.628,3592.5715,4873.6963,3962.4087,4530.42,6400.0
T000182,2004-09-30,6839.86,5743.447,5059.2627,3901.6873,4843.011,6700.0
T000182,2004-12-31,6591.6274,5203.43,5017.0923,3899.6504,4605.7915,4100.0
T000182,2005-03-31,4570.574,3446.6362,4932.712,4214.8506,4402.6606,2800.0
T000182,2005-06-30,3831.081,3216.7983,5039.888,4288.169,4849.7456,6600.0
T000182,2005-09-30,7124.213,6101.241,5301.1333,4233.4917,5270.2397,8100.0
T000183,2003-12-31,15748.385,12131.2295,10651.955,9261.121,10644.764,7900.0
T000183,2004-03-31,9179.734,7085.5967,10283.595,8313.822,8725.741,6800.0
T000183,2004-06-30,10314.092,7789.9297,11711.906,8475.887,9233.169,20800.0
T000183,2004-09-30,22380.578,17084.906,13638.831,8268.161,11834.556,19700.0
T000183,2004-12-31,19388.797,14908.026,13428.641,8279.224,12804.463,8200.0
T000183,2005-03-31,10137.293,7271.346,12893.288,8715.185,10273.8955,6100.0
T000183,2005-06-30,10519.892,8386.888,14103.166,8867.968,11441.824,23600.0
T000183,2005-09-30,25434.98,20360.852,15415.454,8638.908,13381.498,19800.0
T000184,2003-12-31,71246.484,58621.617,47051.06,37226.72,40304.055,33000.0
T000184,2004-03-31,39769.53,25932.918,44853.184,34796.816,27881.688,27700.0
T000184,2004-06-30,44724.543,29287.352,49653.207,35620.953,40780.45,87900.0
T000184,2004-09-30,95207.03,74136.61,59192.63,34571.07,51416.758,86700.0
T000184,2004-12-31,83884.58,68846.336,57366.176,34503.32,49572.344,36700.0
T000184,2005-03-31,44944.676,29671.723,55489.86,38862.484,34163.844,23700.0
T000184,2005-06-30,43673.875,31813.336,60158.08,39627.504,46393.234,100400.0
T000184,2005-09-30,108970.086,86968.53,66388.61,38578.188,55986.707,94800.0
T000185,2003-12-31,2619.4365,2331.303,2316.4841,2346.7983,2485.9182,4200.0
T000185,2004-03-31,4311.3057,3290.6152,2511.7725,2340.7214,2269.6033,3500.0
T000185,2004-06-30,3566.1165,2712.34,2592.2842,2357.0027,2659.2598,2700.0
T000185,2004-09-30,3171.69,2581.4607,3066.8218,2495.7837,2703.914,3000.0
T000185,2004-12-31,3435.4265,3134.5386,3441.5996,2453.8052,3145.9546,5000.0
T000185,2005-03-31,5217.7744,3938.0872,3635.7642,2759.1653,3283.2388,4300.0
T000185,2005-06-30,4461.188,3190.066,3670.8186,2975.6357,3481.1753,3200.0
T000185,2005-09-30,3777.5884,2815.04,3752.0986,3082.8352,3482.9165,4300.0
T000186,2003-12-31,2231.8616,1910.9666,1541.4495,1413.5417,1194.8164,2600.0
T000186,2004-03-31,2787.771,1981.326,1816.3693,1422.5737,1586.3331,2100.0
T000186,2004-06-30,2317.8633,1851.74,2058.4482,1436.1598,1845.0764,3000.0
T000186,2004-09-30,3217.9648,2563.4434,2457.7776,1435.1578,2089.8965,1800.0
T000186,2004-12-31,2019.8484,1822.9719,2380.804,1536.2255,1864.6578,2900.0
T000186,2005-03-31,3136.9155,2567.0215,2425.387,1637.1569,2114.1846,1700.0
T000186,2005-06-30,1999.7805,1602.0519,2421.9395,1750.4294,1525.2738,4100.0
T000186,2005-09-30,4401.009,3262.041,2655.3386,1846.5127,2276.1335,3300.0
T000187,2003-12-31,10148.744,8179.0156,5843.6,4827.0005,5211.406,5700.0
T000187,2004-03-31,6188.081,4429.5234,5587.7656,5751.4023,5273.227,6400.0
T000187,2004-06-30,7977.8306,5201.4775,6750.4673,5871.662,5940.1436,10900.0
T000187,2004-09-30,12196.902,8771.705,8633.421,5828.262,7786.328,10500.0
T000187,2004-12-31,10459.797,8262.596,8232.159,5905.314,8483.105,5200.0
T000187,2005-03-31,6125.927,4513.048,7884.761,5894.3184,6948.5845,3400.0
T000187,2005-06-30,5249.1045,4624.3154,7682.583,5906.7715,6345.2363,8000.0
T000187,2005-09-30,9233.764,8139.664,7274.1377,5893.3896,7770.631,10600.0
T000188,2003-12-31,5076.754,3693.9,3149.0178,3066.8337,2204.6838,2500.0
T000188,2004-03-31,3350.5796,1821.096,3022.4011,2826.9148,1927.1719,2100.0
T000188,2004-06-30,3837.6885,2000.4521,3622.229,2772.5505,3770.9724,8400.0
T000188,2004-09-30,8796.682,6914.3203,4806.8184,2681.296,4320.4956,4200.0
T000188,2004-12-31,4184.5815,3690.891,4050.965,2667.5,3814.8413,1700.0
T000188,2005-03-31,2641.664,982.51,3732.064,2699.721,1747.4258,2200.0
T000188,2005-06-30,4045.8555,2757.1077,4631.1104,2736.5369,4097.7676,10400.0
T000188,2005-09-30,10735.848,8364.23,4956.599,2680.7654,3764.9502,5400.0
T000189,2003-12-31,3169.4075,2338.2322,2703.3247,2335.829,2273.706,4300.0
T000189,2004-03-31,4660.961,2856.596,3075.7937,2632.7202,2760.8513,4300.0
T000189,2004-06-30,4505.8193,2989.3843,3375.08,2751.79,3474.397,2900.0
T000189,2004-09-30,3159.0906,2815.1418,3492.375,2768.3179,3388.2126,3900.0
T000189,2004-12-31,4286.955,3498.5078,3873.42,2856.7043,2853.7332,5500.0
T000189,2005-03-31,5949.9204,3983.3315,4234.008,2964.365,3205.3262,5000.0
T000189,2005-06-30,5241.4697,3408.3674,4245.115,2981.242,3993.2744,4700.0
T000189,2005-09-30,5192.673,3747.421,4698.578,3016.369,4059.3862,4800.0
T000190,2003-12-31,6767.4395,5089.188,4987.859,4548.511,3896.8145,6900.0
T000190,2004-03-31,7345.0127,4717.381,5405.1543,4661.1475,5475.018,9100.0
T000190,2004-06-30,9485.641,6589.087,6682.7964,4707.0723,5514.6655,7800.0
T000190,2004-09-30,8503.819,6644.414,7473.658,4827.8594,6647.841,8300.0
T000190,2004-12-31,8897.998,6767.233,7944.8726,4825.536,5525.3545,8300.0
T000190,2005-03-31,9033.076,6716.417,8472.023,5456.2734,6841.296,8400.0
T000190,2005-06-30,9003.035,6907.3022,8186.0283,6659.121,6253.414,7000.0
T000190,2005-09-30,7971.177,6435.9824,7996.0483,7042.5044,7145.2026,8600.0
T000191,2003-12-31,28861.395,23972.115,20570.227,19525.617,18160.963,26200.0
T000191,2004-03-31,27386.645,19682.766,21468.03,19737.152,19473.25,27800.0
T000191,2004-06-30,30578.0,22130.607,25196.654,23355.135,24356.094,35800.0
T000191,2004-09-30,38194.312,30821.652,29972.068,23290.338,27782.975,31800.0
T000191,2004-12-31,32301.734,27695.469,30043.59,24405.084,27205.625,28600.0
T000191,2005-03-31,30692.928,23453.56,30543.887,24898.617,26988.127,25000.0
T000191,2005-06-30,28797.52,23190.54,30840.574,25407.023,29447.959,37400.0
T000191,2005-09-30,39888.57,33313.582,31170.834,26505.273,31346.234,37000.0
T000192,2003-12-31,1351.806,1058.849,1615.8691,1843.4594,1671.3827,3700.0
T000192,2004-03-31,3881.4536,2582.5413,2054.6304,1841.0116,1719.3646,2700.0
T000192,2004-06-30,2759.3281,1821.249,1946.5914,1848.3774,2491.8618,2500.0
T000192,2004-09-30,2713.601,1790.3782,2357.4685,1874.5892,2248.7239,2300.0
T000192,2004-12-31,2822.6904,2282.1377,2912.6362,2258.263,2540.523,4900.0
T000192,2005-03-31,5176.2856,3628.6406,3189.6428,2256.4624,2505.1558,2800.0
T000192,2005-06-30,2976.2395,1926.5942,3022.7898,2373.2603,2827.6199,2500.0
T000192,2005-09-30,2902.9124,2258.443,2989.734,2373.9001,2597.9658,1900.0
T000193,2003-12-31,3660.697,2727.8447,3484.056,3318.1184,3937.929,2900.0
T000193,2004-03-31,3132.8337,2051.7183,3273.9712,3319.5093,3573.1917,2600.0
T000193,2004-06-30,2943.766,2003.3148,3180.5286,3327.1775,3663.0964,3000.0
T000193,2004-09-30,3207.983,2605.6914,2993.185,3327.8394,3685.0566,2700.0
T000193,2004-12-31,2889.018,2577.786,2806.5952,3325.4495,3332.1074,2100.0
T000193,2005-03-31,2214.8484,2372.962,2570.6223,3330.2483,2734.053,2500.0
T000193,2005-06-30,2680.1318,2664.0493,2616.3254,3030.1436,2837.4934,1800.0
T000193,2005-09-30,1993.9712,2232.1174,2323.5928,2938.3264,2738.4226,2100.0
T000194,2003-12-31,59362.887,61988.457,41962.58,59953.41,62808.555,58900.0
T000194,2004-03-31,63196.33,51411.664,46038.445,59611.633,50930.594,70100.0
T000194,2004-06-30,79138.87,54752.47,56455.42,60088.883,52528.33,84300.0
T000194,2004-09-30,93547.195,68548.45,68135.27,59825.273,82037.016,96500.0
T000194,2004-12-31,98009.625,77954.99,77298.34,59865.49,77481.24,84300.0
T000194,2005-03-31,88485.72,71240.07,82716.586,60790.137,76342.59,73700.0
T000194,2005-06-30,83493.25,67818.54,83911.41,67468.12,75612.05,89500.0
T000194,2005-09-30,100104.59,85234.195,87308.76,71396.09,86318.61,105700.0
T000195,2003-12-31,28013.822,28044.494,24361.625,26862.3,28997.355,34500.0
T000195,2004-03-31,34902.55,32150.887,25472.428,26805.129,24938.932,33000.0
T000195,2004-06-30,33840.58,28374.11,27031.639,26886.371,24974.074,31800.0
T000195,2004-09-30,34815.26,27884.953,31121.227,27639.818,29887.15,37800.0
T000195,2004-12-31,40051.055,34721.93,34506.926,27512.033,34494.992,41700.0
T000195,2005-03-31,42996.95,36953.914,36104.715,29115.531,34797.395,39900.0
T000195,2005-06-30,41361.715,34819.234,37471.582,29881.756,33004.23,36200.0
T000195,2005-09-30,40011.11,34273.75,38618.336,32339.072,37160.594,40600.0
T000196,2003-12-31,14938.984,13403.479,14626.398,13404.889,14622.668,21500.0
T000196,2004-03-31,21674.91,18360.762,15184.821,13358.837,13952.321,18400.0
T000196,2004-06-30,19145.21,15397.619,16030.585,14713.279,15668.937,18500.0
T000196,2004-09-30,19489.555,15496.196,17482.035,14987.468,14659.113,15500.0
T000196,2004-12-31,17833.0,14259.443,18820.746,15590.463,18484.607,26400.0
T000196,2005-03-31,27187.977,22075.979,20021.945,15566.735,17962.78,20900.0
T000196,2005-06-30,21874.5,18503.207,20009.115,15839.021,18627.15,18300.0
T000196,2005-09-30,19922.148,16747.389,19717.172,18529.832,15894.912,15600.0
T000197,2003-12-31,38499.516,37295.207,30129.287,38015.844,31253.814,39100.0
T000197,2004-03-31,40632.66,35125.047,31351.668,37993.16,32980.016,33600.0
T000197,2004-06-30,35004.59,27544.035,30164.281,38088.727,36520.926,38300.0
T000197,2004-09-30,41599.75,33417.68,37101.234,38142.844,41274.652,40600.0
T000197,2004-12-31,41870.875,41340.105,38117.37,38032.504,42385.97,46400.0
T000197,2005-03-31,47642.105,39098.35,39771.543,38090.22,37864.824,43700.0
T000197,2005-06-30,45955.19,38070.875,41969.55,38174.242,39427.164,45100.0
T000197,2005-09-30,48404.273,42393.234,43758.566,38292.805,42051.83,48400.0
T000198,2003-12-31,33539.438,34223.332,34771.723,38992.887,38695.727,40700.0
T000198,2004-03-31,40518.293,35718.19,32326.54,38911.29,35222.34,38100.0
T000198,2004-06-30,40032.527,32674.102,34139.28,39111.15,34860.527,42800.0
T000198,2004-09-30,45936.883,38844.375,38295.234,39043.707,40378.832,50700.0
T000198,2004-12-31,52383.793,44642.99,43341.13,39029.83,44203.92,56400.0
T000198,2005-03-31,57258.41,45738.797,46910.465,39169.902,43347.844,38000.0
T000198,2005-06-30,41044.85,33640.79,46034.555,39293.668,44706.754,41700.0
T000198,2005-09-30,45956.51,41064.66,46531.594,41159.266,45611.527,52000.0
T000199,2003-12-31,19115.672,16087.838,19332.936,16853.191,17669.434,28200.0
T000199,2004-03-31,29867.992,23781.363,19884.879,16758.553,18704.807,26500.0
T000199,2004-06-30,26391.273,19212.156,19548.674,16812.902,18570.332,21500.0
T000199,2004-09-30,23883.256,16677.27,22326.312,18893.047,18658.139,21000.0
T000199,2004-12-31,24930.445,18814.941,24601.447,21267.135,21204.994,36000.0
T000199,2005-03-31,37944.19,27022.947,26878.818,21464.627,25630.893,33900.0
T000199,2005-06-30,34339.418,25067.043,27655.713,22038.012,28204.191,23900.0
T000199,2005-09-30,26825.014,20329.494,27737.941,23204.482,26281.531,26800.0
T000200,2003-12-31,1802.839,1767.1788,2271.584,1851.6621,2253.9854,3500.0
T000200,2004-03-31,3601.512,2873.8828,2165.0073,1848.3427,1781.3411,3300.0
T000200,2004-06-30,3354.4956,2232.1882,2205.8523,1863.8038,2100.7214,2200.0
T000200,2004-09-30,2579.43,1781.6118,2448.0796,1995.275,2089.207,1900.0
T000200,2004-12-31,2498.7646,2106.552,2774.6177,1980.1637,2654.1538,4500.0
T000200,2005-03-31,4705.2676,3546.092,3092.803,1966.9678,2546.4614,4100.0
T000200,2005-06-30,4160.8584,2774.646,3101.517,2295.075,2734.5828,2600.0
T000200,2005-09-30,3077.7168,1817.7245,3116.8108,2503.8474,2875.8867,2800.0
T000201,2003-12-31,194779.73,199424.73,172014.77,207346.34,198098.12,233000.0
T000201,2004-03-31,236113.28,206928.66,177267.52,206724.64,182174.14,228200.0
T000201,2004-06-30,236475.98,186800.36,190844.34,207788.81,190372.78,244800.0
T000201,2004-09-30,262084.33,209555.84,222723.52,208149.89,233879.81,269200.0
T000201,2004-12-31,278700.3,241038.72,244508.03,207774.25,246132.88,302600.0
T000201,2005-03-31,309673.2,253699.95,261532.69,208306.47,241583.4,259600.0
T000201,2005-06-30,273034.8,227624.0,266353.47,231601.5,241607.27,261600.0
T000201,2005-09-30,284778.28,248658.36,271460.7,236163.42,263333.62,296100.0
T000202,2003-12-31,35163.543,31532.738,29995.639,30491.027,26969.822,39800.0
T000202,2004-03-31,40898.715,32480.307,29096.273,30572.361,26130.344,35600.0
T000202,2004-06-30,37371.89,25016.066,28691.54,31398.926,30133.23,42300.0
T000202,2004-09-30,46421.508,31391.207,37510.297,32639.74,34587.52,49200.0
T000202,2004-12-31,52953.37,41382.754,41954.434,32876.793,43084.996,54900.0
T000202,2005-03-31,56934.816,39020.41,45380.76,36097.92,40038.137,51700.0
T000202,2005-06-30,55075.562,37284.01,49087.816,36336.496,42241.414,58200.0
T000202,2005-09-30,63649.71,45195.617,53526.957,40666.773,44147.938,62200.0
T000203,2003-12-31,34803.44,32286.541,29994.404,34485.246,31940.584,41900.0
T000203,2004-03-31,42839.508,38294.13,29556.209,34438.53,31132.178,35700.0
T000203,2004-06-30,36304.785,30634.32,28710.605,34459.27,33586.92,32100.0
T000203,2004-09-30,35456.457,30247.105,34429.72,32757.006,31912.469,31600.0
T000203,2004-12-31,36206.0,34498.832,36086.117,32393.219,38140.59,53200.0
T000203,2005-03-31,54759.363,42562.43,38946.086,32528.248,36120.79,44100.0
T000203,2005-06-30,45504.707,37311.285,39447.945,32585.537,40147.742,44300.0
T000203,2005-09-30,47984.445,39196.805,42419.523,32881.504,35512.547,43500.0
T000204,2003-12-31,19933.758,17881.463,18349.938,18198.064,18533.32,20500.0
T000204,2004-03-31,20799.074,17967.064,18862.066,18529.912,17669.342,17500.0
T000204,2004-06-30,18849.752,16490.314,18873.512,18550.611,19266.084,22000.0
T000204,2004-09-30,22825.402,20066.805,19981.15,18523.111,19132.639,25200.0
T000204,2004-12-31,25842.389,22052.303,21400.49,18536.21,19770.623,24300.0
T000204,2005-03-31,24849.893,20130.93,22019.545,19117.47,19436.09,23200.0
T000204,2005-06-30,25009.543,19578.418,23504.754,19843.898,21826.42,23500.0
T000204,2005-09-30,24751.053,21620.773,24170.727,19920.066,22797.377,25900.0
T000205,2003-12-31,7361.598,6142.5767,6617.848,5952.558,6417.4644,6900.0
T000205,2004-03-31,7012.838,6072.6846,6288.8926,5942.4688,6146.437,5400.0
T000205,2004-06-30,5876.671,4768.656,6248.7407,5970.8403,6229.094,7800.0
T000205,2004-09-30,8174.758,6826.901,6801.4507,6163.477,6202.7383,6300.0
T000205,2004-12-31,6646.0654,6193.589,6598.614,6354.495,6895.25,7900.0
T000205,2005-03-31,7914.079,6733.948,6805.267,6355.136,6226.9106,6000.0
T000205,2005-06-30,6527.2915,5913.536,7078.5347,6384.222,6797.856,8200.0
T000205,2005-09-30,8501.328,7264.549,7078.9194,6356.706,6603.3003,7400.0
T000206,2003-12-31,9669.902,8935.073,8582.558,8687.147,8255.61,12300.0
T000206,2004-03-31,12450.18,10409.275,8728.432,8683.672,8080.685,9600.0
T000206,2004-06-30,9870.209,7724.999,8287.968,8691.862,9202.257,8900.0
T000206,2004-09-30,9804.492,7586.299,9652.829,9101.257,8679.842,9900.0
T000206,2004-12-31,11120.301,10413.279,10452.787,8986.612,11402.474,12200.0
T000206,2005-03-31,12229.299,10753.599,10233.08,9004.11,9528.616,9000.0
T000206,2005-06-30,9390.301,8159.3525,9837.641,9099.257,9730.239,8500.0
T000206,2005-09-30,9626.171,8403.953,9771.558,9141.185,8611.889,7900.0
T000207,2003-12-31,492.12405,358.3996,434.99142,410.77423,317.17953,1000.0
T000207,2004-03-31,1040.618,772.69495,569.8458,411.98514,508.57657,600.0
T000207,2004-06-30,701.1921,438.37424,574.8654,413.4395,434.20212,600.0
T000207,2004-09-30,661.97485,450.1764,622.2479,415.84802,520.90076,800.0
T000207,2004-12-31,932.97723,632.5193,784.2376,512.50336,608.3972,700.0
T000207,2005-03-31,706.6043,632.85693,667.11945,510.57077,555.98267,500.0
T000207,2005-06-30,599.6937,460.77917,635.5006,512.51575,672.31946,900.0
T000207,2005-09-30,995.50977,776.4651,739.74457,514.2788,375.9313,800.0
T000208,2003-12-31,105297.46,98037.79,94010.55,99091.53,94364.74,122100.0
T000208,2004-03-31,123152.91,106656.67,92852.875,99055.9,90213.65,104500.0
T000208,2004-06-30,107096.125,85848.97,91292.625,99615.17,98939.44,113900.0
T000208,2004-09-30,121665.21,97469.73,108932.31,101382.58,98564.01,123000.0
T000208,2004-12-31,131753.0,116157.8,116854.055,102009.945,120074.18,153200.0
T000208,2005-03-31,156241.88,120680.95,124384.83,102585.49,111696.414,134600.0
T000208,2005-06-30,140473.08,109575.95,129669.98,106086.195,121494.02,143800.0
T000208,2005-09-30,154266.12,123178.73,137622.95,115738.195,117632.77,147600.0
T000209,2003-12-31,14236.117,9699.926,13322.184,10634.826,14111.565,25000.0
T000209,2004-03-31,25464.027,19874.398,14356.94,10541.5625,14297.699,15100.0
T000209,2004-06-30,15295.695,11772.951,13690.584,10612.093,12699.546,10200.0
T000209,2004-09-30,13113.926,8485.456,14287.69,10709.697,9426.063,13900.0
T000209,2004-12-31,18295.164,12611.218,17165.533,12768.653,15252.213,34200.0
T000209,2005-03-31,35204.78,24918.213,19126.61,12787.619,16455.082,21500.0
T000209,2005-06-30,22181.895,15534.1875,19001.44,13141.72,18091.016,14400.0
T000209,2005-09-30,18354.996,12518.853,19851.127,14568.212,15197.324,16600.0
T000210,2003-12-31,1821.2684,995.2827,1273.5853,1240.3059,1701.1433,1900.0
T000210,2004-03-31,1966.2483,1564.2542,1369.8711,1232.9946,1555.134,2100.0
T000210,2004-06-30,2142.505,1847.6248,1453.1178,1237.4889,1837.0701,700.0
T000210,2004-09-30,1062.7954,621.0868,1401.6826,1259.9565,691.283,400.0
T000210,2004-12-31,1040.359,843.1475,1289.2196,1251.4528,2034.4453,1700.0
T000210,2005-03-31,1836.6913,1773.3378,1348.3213,1243.9287,1204.7179,1300.0
T000210,2005-06-30,1302.1514,1491.9545,987.63257,1241.1609,1406.7195,600.0
T000210,2005-09-30,902.70325,402.4474,921.07904,1256.5269,313.55927,400.0
T000211,2003-12-31,1567.3751,818.64764,1772.2877,1243.3577,1697.1553,2600.0
T000211,2004-03-31,2673.733,2157.0332,1691.2067,1234.1302,1947.0251,1900.0
T000211,2004-06-30,1892.8276,1575.6031,1616.9032,1241.0177,1304.1798,1400.0
T000211,2004-09-30,1723.9321,1554.322,1668.3223,1447.9775,1225.0214,1600.0
T000211,2004-12-31,2096.8428,1509.1345,1959.9674,1450.3878,1380.6926,2800.0
T000211,2005-03-31,2945.458,2218.5156,1976.9685,1439.4011,2060.5703,2000.0
T000211,2005-06-30,2038.7936,1679.5016,1893.5669,1652.8911,2020.814,1500.0
T000211,2005-09-30,1805.2632,1308.8186,1904.2716,1653.3226,1511.2891,2300.0
T000212,2003-12-31,6471.2617,4935.198,5229.518,3767.9165,5044.166,8200.0
T000212,2004-03-31,8293.308,6030.5957,5377.726,3795.3828,4553.0264,4300.0
T000212,2004-06-30,4872.375,3764.57,5247.7144,3826.8452,4761.958,5000.0
T000212,2004-09-30,5981.6035,4750.38,5667.681,4433.6396,3816.7024,5800.0
T000212,2004-12-31,6751.507,5482.9346,6147.874,4490.551,5280.833,9400.0
T000212,2005-03-31,9546.082,6893.7085,6224.5747,4916.8027,4637.0435,4600.0
T000212,2005-06-30,5235.705,3405.6687,5987.978,4957.317,5542.248,5400.0
T000212,2005-09-30,6549.866,4873.421,6112.321,5132.0796,5677.0864,6000.0
T000213,2003-12-31,3525.107,2639.0205,2478.463,2047.5183,2547.372,3800.0
T000213,2004-03-31,3860.1697,3149.3477,2565.4722,2045.0183,2442.5103,2600.0
T000213,2004-06-30,2698.7092,2197.3674,2602.4019,2064.3005,2371.7783,4100.0
T000213,2004-09-30,4544.5845,3144.1204,3426.1975,2179.1426,2265.6401,4100.0
T000213,2004-12-31,4517.8623,3485.0996,3665.3667,2562.2334,3680.0613,3900.0
T000213,2005-03-31,4010.2227,3125.96,3609.905,2678.9944,3529.4155,2600.0
T000213,2005-06-30,2935.9116,2766.8408,3681.5547,2688.9058,3147.365,2400.0
T000213,2005-09-30,2920.1218,2921.6807,3303.2212,2660.3464,2855.12,3300.0
T000214,2003-12-31,27358.209,19232.826,24028.71,20892.293,23410.564,41600.0
T000214,2004-03-31,42115.05,32896.27,25384.846,20815.363,23187.805,25800.0
T000214,2004-06-30,26438.344,21082.873,24602.566,20967.76,23796.672,21400.0
T000214,2004-09-30,26073.953,18724.322,26476.826,22148.867,19019.623,25900.0
T000214,2004-12-31,32460.02,24212.107,30351.15,21975.867,28983.975,52100.0
T000214,2005-03-31,53309.56,39053.6,32258.812,22007.428,29312.172,32000.0
T000214,2005-06-30,33346.125,24960.771,31565.094,22389.523,29689.105,24300.0
T000214,2005-09-30,30237.19,22275.602,32091.469,25114.164,24816.658,28600.0
T000215,2003-12-31,1234.9822,861.02686,1301.4656,1130.2822,1313.526,2800.0
T000215,2004-03-31,2938.954,2557.2856,1631.5624,1128.8508,1515.3486,2000.0
T000215,2004-06-30,2079.9,1740.8262,1580.9039,1134.3645,1002.1915,1000.0
T000215,2004-09-30,1288.8579,777.941,1530.0186,1146.4951,958.6576,1300.0
T000215,2004-12-31,1742.8123,1304.1163,1882.3726,1345.0211,1556.6329,2400.0
T000215,2005-03-31,2451.8906,2074.1533,1745.1887,1334.1475,1415.9059,2100.0
T000215,2005-06-30,2136.9668,1633.4811,1655.7983,1337.3341,1624.9452,1400.0
T000215,2005-09-30,1667.9619,1323.4552,1729.6704,1457.4021,1222.7048,1700.0
T000216,2003-12-31,1210.8549,1085.8917,1550.1499,1231.4736,1381.5142,2500.0
T000216,2004-03-31,2621.5469,1947.409,1605.8336,1234.6469,1235.1191,1500.0
T000216,2004-06-30,1571.1587,1092.0925,1383.904,1232.9169,1262.594,1400.0
T000216,2004-09-30,1586.5243,1188.4728,1499.0149,1252.8104,1222.8066,1800.0
T000216,2004-12-31,2177.0796,1738.5464,1893.9308,1447.3827,1453.7324,2100.0
T000216,2005-03-31,2144.6968,1755.4626,1704.2542,1438.1144,1649.2004,2300.0
T000216,2005-06-30,2364.6274,1451.2745,1889.535,1553.1537,1788.5421,1700.0
T000216,2005-09-30,1926.1135,1447.1167,1941.6808,1744.9875,1939.9453,1900.0
T000217,2003-12-31,19617.12,17877.268,17048.758,17571.582,17587.959,14300.0
T000217,2004-03-31,15272.194,12912.156,16403.89,16316.474,15278.915,15700.0
T000217,2004-06-30,17493.982,15330.816,16668.826,15967.998,16028.216,22400.0
T000217,2004-09-30,23465.078,20606.598,18422.906,15896.919,18043.854,23400.0
T000217,2004-12-31,23184.754,20107.574,18784.686,15911.2295,18029.844,17800.0
T000217,2005-03-31,18749.203,16008.52,19346.568,17683.625,18187.184,17600.0
T000217,2005-06-30,19592.668,17106.152,20328.121,17753.086,19929.336,26900.0
T000217,2005-09-30,28463.105,23730.484,21915.336,17809.99,21098.486,25500.0
T000218,2003-12-31,2213.1868,1799.6642,1983.9609,1636.5372,2114.9192,2800.0
T000218,2004-03-31,2907.1763,2125.5657,2165.671,1638.775,1696.0969,2300.0
T000218,2004-06-30,2335.983,1879.6953,2025.6095,1643.2738,1988.1937,1500.0
T000218,2004-09-30,1846.5852,1424.4548,2031.0427,1661.9081,1582.2543,1400.0
T000218,2004-12-31,1835.8767,1606.3705,2073.8625,1650.5684,1709.7502,3400.0
T000218,2005-03-31,3538.5684,2846.3503,2238.4927,1643.5265,1953.5599,2900.0
T000218,2005-06-30,2949.1997,2120.0454,2235.132,1855.7644,1969.5525,1100.0
T000218,2005-09-30,1528.9563,921.72076,2055.388,1866.5607,1924.5872,1800.0
T000219,2003-12-31,1245.5603,1034.9276,1347.5177,1119.4384,1101.4939,1900.0
T000219,2004-03-31,1893.052,1380.8435,1189.2223,1118.2694,1174.2449,1200.0
T000219,2004-06-30,1296.9849,812.0255,1122.9045,1124.9244,1288.3284,1600.0
T000219,2004-09-30,1819.8008,1250.8835,1394.2732,1136.8527,1190.5652,1200.0
T000219,2004-12-31,1490.3909,1297.7633,1529.3298,1124.0725,1490.8201,2300.0
T000219,2005-03-31,2303.8535,1919.011,1596.2186,1124.789,1417.0635,2000.0
T000219,2005-06-30,2153.1895,1342.4458,1750.0068,1234.642,1187.8082,1900.0
T000219,2005-09-30,2127.1016,1312.7964,1802.5428,1246.9716,1563.4208,1300.0
T000220,2003-12-31,82610.19,79127.98,72751.766,75850.44,78343.49,82400.0
T000220,2004-03-31,84453.49,80769.984,73465.21,75902.805,65511.05,73300.0
T000220,2004-06-30,81663.59,74597.695,77560.33,76151.74,70958.41,106600.0
T000220,2004-09-30,112502.63,96763.0,86428.62,75931.82,74802.0,94700.0
T000220,2004-12-31,98153.62,88092.44,88321.15,77301.34,88785.97,101400.0
T000220,2005-03-31,105379.5,91555.93,92942.234,78734.016,81711.27,86900.0
T000220,2005-06-30,96569.31,85912.09,98444.22,80676.63,91938.73,111300.0
T000220,2005-09-30,117517.53,104593.47,98875.78,80514.72,92905.31,111000.0
T000221,2003-12-31,4076.8604,3536.1475,4227.383,2973.7488,4291.756,5300.0
T000221,2004-03-31,5345.4277,4872.0522,4304.0293,2964.8433,3656.6414,3100.0
T000221,2004-06-30,3449.8865,3039.7876,4072.6763,3179.0698,3286.9036,3900.0
T000221,2004-09-30,4388.725,3311.163,3863.3481,3566.8748,3120.4287,4300.0
T000221,2004-12-31,4917.927,3912.537,4305.5547,3963.5256,4451.606,7400.0
T000221,2005-03-31,7528.3447,6000.0264,4759.8955,3980.3171,4068.5605,4400.0
T000221,2005-06-30,4845.1157,3740.8318,4846.6772,4003.3447,4440.5923,4300.0
T000221,2005-09-30,4975.0225,3669.3855,4937.835,4369.8726,4584.2373,5100.0
T000222,2003-12-31,110367.66,106101.68,100113.67,102831.05,107749.125,112000.0
T000222,2004-03-31,113714.086,107381.75,100750.35,102859.17,91693.44,99000.0
T000222,2004-06-30,108195.88,99271.67,104530.984,103188.49,97613.375,138500.0
T000222,2004-09-30,145229.11,126296.41,115239.25,102943.06,102062.34,128100.0
T000222,2004-12-31,131998.52,118750.625,118444.89,105173.46,117601.77,136700.0
T000222,2005-03-31,140416.33,122721.82,124427.414,105436.98,110273.92,118200.0
T000222,2005-06-30,129242.266,114062.26,131172.22,108613.875,123814.96,148700.0
T000222,2005-09-30,156708.78,137783.98,133279.88,108736.66,125570.695,148000.0
T000223,2003-12-31,2475.8943,2083.6177,1971.878,1344.1384,1829.8174,2600.0
T000223,2004-03-31,2571.009,2473.1094,1943.2861,1339.6062,1638.3921,1100.0
T000223,2004-06-30,1364.9061,976.5287,1834.8728,1342.3245,1112.6454,2700.0
T000223,2004-09-30,3071.6562,2116.119,2155.1294,1440.2498,1981.7461,2600.0
T000223,2004-12-31,2898.4492,2167.5576,2286.8088,1745.9072,2520.3997,3100.0
T000223,2005-03-31,3116.0776,2614.3638,2338.2368,1755.9442,2360.185,1900.0
T000223,2005-06-30,2259.3843,1940.5276,2561.8206,1980.1292,2173.129,2100.0
T000223,2005-09-30,2517.6533,1964.8811,2402.9277,2142.3455,2176.8289,2500.0
T000224,2003-12-31,11165.3545,9928.83,11065.463,9290.774,10150.417,13600.0
T000224,2004-03-31,13986.236,12121.153,11224.396,9418.664,10524.273,10100.0
T000224,2004-06-30,10585.052,9155.664,10767.175,9730.477,9372.833,8600.0
T000224,2004-09-30,9593.655,8837.489,10515.192,9748.773,10406.058,11100.0
T000224,2004-12-31,12002.039,10733.604,11206.627,10185.306,10091.689,16600.0
T000224,2005-03-31,16974.781,13275.717,11791.458,10610.241,10764.949,11600.0
T000224,2005-06-30,12141.951,9010.066,11636.378,10654.659,10963.764,10000.0
T000224,2005-09-30,11271.1045,9350.171,12011.228,10678.356,11958.015,11200.0
T000225,2003-12-31,5189.927,4415.587,3862.244,3633.4824,3660.724,4600.0
T000225,2004-03-31,4660.504,3910.0615,3871.357,3648.4937,3679.4263,4900.0
T000225,2004-06-30,5173.381,3741.364,4225.887,3950.848,4185.306,5100.0
T000225,2004-09-30,5463.1035,4356.168,4918.162,4059.5798,4688.283,4600.0
T000225,2004-12-31,4790.9653,4570.363,4769.481,4047.432,5040.7646,5200.0
T000225,2005-03-31,5428.1606,4592.105,4951.12,4154.8745,4093.1868,4700.0
T000225,2005-06-30,5106.2812,4277.852,4917.0874,4650.4614,4332.732,5700.0
T000225,2005-09-30,6099.666,4553.1035,5060.1475,4652.801,4432.1836,5800.0
T000226,2003-12-31,18759.73,16515.258,16819.148,14701.673,15567.711,20900.0
T000226,2004-03-31,21173.445,18639.098,17088.275,14732.786,16081.647,16100.0
T000226,2004-06-30,16988.035,14094.131,16864.303,14989.232,15008.014,16400.0
T000226,2004-09-30,17899.426,15441.158,17634.604,15501.39,17048.793,18400.0
T000226,2004-12-31,19588.344,17567.21,18353.895,15512.23,17585.074,24900.0
T000226,2005-03-31,25335.348,20531.07,19143.639,16290.449,17651.006,18100.0
T000226,2005-06-30,19286.168,15338.344,19071.764,16651.293,17566.621,17700.0
T000226,2005-09-30,19548.787,16070.218,19428.006,17922.73,18157.389,19500.0
T000227,2003-12-31,4953.8906,2840.917,3498.795,5199.957,5980.2607,2100.0
T000227,2004-03-31,3455.474,1529.8994,3200.2537,4629.7095,5171.546,1900.0
T000227,2004-06-30,4271.9893,4041.9602,3468.5547,2984.2373,5247.119,7600.0
T000227,2004-09-30,8426.1,7475.083,4252.772,2920.7349,3413.556,8400.0
T000227,2004-12-31,8913.395,6507.1704,4886.222,2925.4026,4408.83,3300.0
T000227,2005-03-31,4620.81,2863.299,4880.755,3490.893,3881.5715,3000.0
T000227,2005-06-30,5459.899,3147.8193,5612.739,3508.628,6094.436,10700.0
T000227,2005-09-30,12198.434,10495.491,6785.2407,3455.8447,7279.9043,11000.0
T000228,2003-12-31,954117.3,901760.0,834747.6,886617.44,888730.06,985300.0
T000228,2004-03-31,988132.2,877314.7,842411.6,887432.9,844956.7,897600.0
T000228,2004-06-30,947680.0,802453.1,882269.2,893279.4,892937.5,1106300.0
T000228,2004-09-30,1161627.9,985913.75,988676.3,891950.9,976920.56,1166500.0
T000228,2004-12-31,1191208.8,1048680.2,1038042.4,893217.56,1045354.8,1198300.0
T000228,2005-03-31,1218139.4,1013572.94,1085552.4,908354.8,976933.25,1009500.0
T000228,2005-06-30,1086249.8,919733.6,1112691.2,958225.5,1051573.9,1217000.0
T000228,2005-09-30,1294840.6,1115649.4,1149607.8,962083.5,1090153.2,1288300.0
T000229,2003-12-31,1180.4846,596.8657,870.2693,1100.6201,533.5744,1306.0
T000229,2004-03-31,1812.1787,1176.2695,963.0469,1091.4188,1802.4349,1150.0
T000229,2004-06-30,1215.5833,1437.0664,930.51013,1079.7627,1236.401,736.0
T000229,2004-09-30,1016.89996,1304.7736,950.798,1060.8594,841.4262,688.0
T000229,2004-12-31,1136.5667,787.40015,996.7169,1032.3107,158.45593,1095.0
T000229,2005-03-31,1556.614,1073.9962,952.1953,1030.7305,1514.3765,1400.0
T000229,2005-06-30,1495.3999,1511.7809,982.67236,1027.7378,1065.9789,794.0
T000229,2005-09-30,1021.94006,1284.986,955.2897,819.1142,936.6477,844.0
T000230,2003-12-31,2305.1323,1901.8584,2087.9543,2528.75,2153.9927,2553.0
T000230,2004-03-31,2767.1555,2452.0483,2110.7092,2524.406,2547.5437,2723.0
T000230,2004-06-30,2792.859,2505.67,2191.977,2522.9067,1901.4077,1839.0
T000230,2004-09-30,2133.043,1765.9272,2242.186,2527.6548,2145.7693,2451.0
T000230,2004-12-31,2724.4775,2292.176,2391.576,2462.5928,2321.1104,3409.0
T000230,2005-03-31,3605.533,3126.387,2657.6396,2474.155,2962.5554,3180.0
T000230,2005-06-30,3287.961,2895.8523,2674.1204,2479.7246,2340.317,2357.0
T000230,2005-09-30,2709.5432,2628.6594,2781.113,2486.4104,2766.7869,3365.0
T000231,2003-12-31,976.62286,773.9567,803.9772,878.12897,826.87427,1104.0
T000231,2004-03-31,1182.0161,955.28674,884.8487,877.14246,1058.6353,1265.0
T000231,2004-06-30,1251.8412,938.81494,933.34827,876.7088,944.35046,723.0
T000231,2004-09-30,835.7401,570.83026,959.1058,882.1969,951.9206,873.0
T000231,2004-12-31,1009.1033,866.8073,986.5464,881.2521,1025.5186,1121.0
T000231,2005-03-31,1196.4336,1104.4968,1033.402,881.0374,1066.2905,1203.0
T000231,2005-06-30,1182.4424,1089.0208,973.27515,882.1172,842.9161,1278.0
T000231,2005-09-30,1387.5801,1020.1979,1112.2341,901.5991,906.78253,983.0
T000232,2003-12-31,155.59473,129.7149,157.1254,201.2963,232.92737,221.0
T000232,2004-03-31,228.97319,250.29492,162.81393,198.08809,206.99043,81.0
T000232,2004-06-30,96.8631,135.24582,111.05023,198.6611,184.12784,142.0
T000232,2004-09-30,174.84021,86.90926,128.03934,148.09006,109.337715,75.0
T000232,2004-12-31,149.71075,103.6804,141.75204,148.63269,245.23203,132.0
T000232,2005-03-31,148.84106,187.65504,105.76419,137.3921,209.56813,120.0
T000232,2005-06-30,139.40118,154.62437,120.13492,123.358345,91.67823,79.0
T000232,2005-09-30,110.64067,108.7526,97.71617,99.069046,45.48873,134.0
T000233,2003-12-31,1401.1841,1279.1012,1277.5256,1238.2135,1246.9615,1753.0
T000233,2004-03-31,1767.6104,1548.4768,1330.7195,1239.1212,1086.6993,1189.0
T000233,2004-06-30,1305.3339,1083.2933,1308.309,1243.896,1015.6774,885.0
T000233,2004-09-30,1050.4572,802.59564,1259.2769,1244.5599,1193.1844,1328.0
T000233,2004-12-31,1458.44,1277.1934,1347.7386,1324.5425,1443.611,1677.0
T000233,2005-03-31,1681.8286,1677.653,1281.3892,1326.3497,1423.933,1620.0
T000233,2005-06-30,1705.1296,1349.3965,1355.6313,1344.6925,1069.7848,1073.0
T000233,2005-09-30,1294.8427,1130.9486,1394.0996,1343.4761,1465.2639,1394.0
T000234,2003-12-31,5845.0127,4784.7207,5199.1675,6005.6636,4825.9526,6937.0
T000234,2004-03-31,7516.1836,6489.007,5443.96,5993.8384,6471.4985,6408.0
T000234,2004-06-30,6442.3677,6198.542,5469.841,5973.433,5086.9536,4325.0
T000234,2004-09-30,5056.5605,4620.6123,5543.1294,5636.279,5189.2876,5415.0
T000234,2004-12-31,6313.361,5416.212,5863.7344,5588.84,5138.293,7434.0
T000234,2005-03-31,7979.907,7261.504,6023.391,5589.53,7209.057,7523.0
T000234,2005-06-30,7678.7617,7072.8545,6103.495,5595.784,5348.491,5581.0
T000234,2005-09-30,6332.8657,6247.8877,6335.101,5636.9927,6124.419,6720.0
T000235,2004-03-31,84302.484,65897.79,68982.45,65777.34,72912.06,90518.0
T000235,2004-06-30,92231.81,70002.805,73011.86,66588.81,65486.332,65971.0
T000235,2004-09-30,75431.68,56829.13,76695.91,67136.0,73442.625,98042.0
T000235,2004-12-31,103708.33,81924.93,83882.086,66793.055,77529.12,86178.0
T000235,2005-03-31,91755.945,76060.78,85461.1,70978.266,85092.57,95895.0
T000235,2005-06-30,98345.016,78845.59,85643.695,71579.46,72350.16,62456.0
T000235,2005-09-30,73888.734,59952.617,86590.84,71968.95,78821.64,93761.0
T000235,2005-12-31,99986.36,86220.53,84511.69,74969.53,76360.45,86872.0
T000236,2004-03-31,87263.5,71004.1,62699.746,52389.867,61899.363,71073.0
T000236,2004-06-30,72747.04,58956.77,63482.105,52624.73,62086.418,67493.0
T000236,2004-09-30,72732.555,56932.26,67158.76,58791.473,52550.273,60648.0
T000236,2004-12-31,71176.75,56537.613,73065.09,59428.938,68724.875,103501.0
T000236,2005-03-31,106762.016,85675.734,77133.43,59205.55,68599.8,83350.0
T000236,2005-06-30,85984.984,68859.02,77299.76,61960.207,72840.43,63860.0
T000236,2005-09-30,71240.33,57480.0,75318.03,65311.03,64718.5,61874.0
T000236,2005-12-31,74671.234,62984.516,80819.516,65191.324,75860.15,102468.0
T000237,2004-03-31,32038.924,29686.762,30988.209,30150.236,31087.73,34945.0
T000237,2004-06-30,35986.22,32037.014,32604.697,30633.936,30837.68,36046.0
T000237,2004-09-30,36820.473,33248.742,33502.7,30654.215,32170.705,37634.0
T000237,2004-12-31,38282.797,33675.33,34928.16,30728.756,31789.74,37404.0
T000237,2005-03-31,38789.496,33501.92,36435.027,31659.605,32943.71,34002.0
T000237,2005-06-30,35579.12,32413.71,36121.53,32067.79,34639.074,39699.0
T000237,2005-09-30,40974.656,36338.688,37321.133,32070.846,34394.05,39636.0
T000237,2005-12-31,40814.86,36746.383,37657.824,34265.51,34499.113,36796.0
T000238,2004-03-31,15936.507,14408.777,14472.416,13578.724,14714.169,15944.0
T000238,2004-06-30,16336.199,14056.136,14944.748,13785.602,13687.469,14795.0
T000238,2004-09-30,15874.079,13453.998,15510.361,13858.364,15089.689,17844.0
T000238,2004-12-31,18430.14,15872.329,16101.943,13844.644,14961.472,17897.0
T000238,2005-03-31,18556.902,15548.993,16574.754,14048.044,15490.721,18637.0
T000238,2005-06-30,19270.314,16005.89,17213.914,14948.062,15213.575,17813.0
T000238,2005-09-30,19051.96,15706.19,18012.178,15737.293,16227.578,19901.0
T000238,2005-12-31,20726.816,17444.75,18600.662,15932.264,16354.065,17718.0
T000239,2004-03-31,217521.62,181963.83,177233.03,163099.83,182878.25,212480.0
T000239,2004-06-30,215049.73,175973.94,184215.08,166922.97,173771.89,184305.0
T000239,2004-09-30,198681.78,161473.19,192844.62,170590.16,180201.6,214168.0
T000239,2004-12-31,229511.31,189092.95,206681.22,172943.23,191787.03,244980.0
T000239,2005-03-31,253854.97,211746.75,215337.48,173899.6,203627.44,231884.0
T000239,2005-06-30,236604.16,197035.94,216860.33,185328.78,193370.55,183828.0
T000239,2005-09-30,202966.14,170535.06,216192.47,187075.19,194663.86,215172.0
T000239,2005-12-31,234313.66,204566.44,221118.12,186940.19,200168.77,243854.0
T000240,2004-03-31,46614.25,38734.395,36072.01,23581.744,32330.648,48123.0
T000240,2004-06-30,46026.547,41106.66,32311.104,23524.264,28175.643,23748.0
T000240,2004-09-30,27246.902,20793.844,30932.965,24723.498,19618.754,20564.0
T000240,2004-12-31,29991.32,21445.016,33167.812,25234.715,23312.953,42428.0
T000240,2005-03-31,48577.523,39834.87,35791.293,24584.34,34601.96,49998.0
T000240,2005-06-30,47906.9,41537.996,33973.836,24487.535,28345.117,23388.0
T000240,2005-09-30,27064.27,20781.02,32222.506,24699.23,21724.564,18129.0
T000240,2005-12-31,27964.586,20321.78,33382.453,25202.295,23148.365,37862.0
T000241,2004-03-31,13800.144,11043.961,9441.551,6937.6797,8344.112,11545.0
T000241,2004-06-30,11453.328,9352.766,9343.301,6948.0024,8690.316,8335.0
T000241,2004-09-30,9187.641,7320.8223,9563.015,8562.161,8571.774,8346.0
T000241,2004-12-31,10164.056,8004.9834,10633.655,8592.837,9797.53,13353.0
T000241,2005-03-31,13946.5205,11705.926,10667.465,8518.899,10964.53,11510.0
T000241,2005-06-30,11443.67,9801.365,10202.987,8527.065,10125.917,8617.0
T000241,2005-09-30,9605.47,7938.9644,10143.286,8860.86,8727.381,7911.0
T000241,2005-12-31,9858.212,8331.644,10621.837,8894.914,9929.475,13080.0
T000242,2004-03-31,5416.975,5332.102,4805.784,4456.66,4973.705,6202.0
T000242,2004-06-30,6150.7314,5815.93,4717.3657,4453.7324,4273.7695,3683.0
T000242,2004-09-30,4072.812,3901.7065,4596.74,4486.97,4291.5723,4406.0
T000242,2004-12-31,5019.912,4486.9624,4798.4614,4496.489,4526.419,5516.0
T000242,2005-03-31,5918.7246,5317.7407,5127.1597,4603.3657,5205.704,6448.0
T000242,2005-06-30,6335.7393,5565.751,5004.4985,4599.0864,5005.3135,4719.0
T000242,2005-09-30,5083.525,4182.455,5163.226,4810.593,4720.1084,4641.0
T000242,2005-12-31,5263.0127,4762.857,5283.106,4813.21,5273.4883,5841.0
T000243,2004-03-31,5320.879,4211.3037,5686.8267,4993.6504,5308.0664,6117.0
T000243,2004-06-30,6560.3916,5449.732,5521.9336,5134.749,5433.2783,5663.0
T000243,2004-09-30,6160.359,4782.149,5899.3115,5325.4453,5951.8975,6470.0
T000243,2004-12-31,6460.081,5974.2974,5691.868,5314.603,5632.8936,3846.0
T000243,2005-03-31,4583.713,4195.402,5539.7812,5354.055,5417.6016,5690.0
T000243,2005-06-30,6208.011,5339.2134,5395.2764,5716.059,4768.9478,5379.0
T000243,2005-09-30,5901.6533,5280.6304,5486.0483,5723.5938,6332.771,5945.0
T000243,2005-12-31,5858.607,5318.9453,5171.2183,5721.5,5103.861,5349.0
T000244,2004-03-31,70503.305,59658.477,55905.9,38908.55,49730.19,71987.0
T000244,2004-06-30,69565.33,62035.52,52006.242,38904.574,44956.16,41429.0
T000244,2004-09-30,46041.32,37129.023,50939.344,42646.703,37719.72,39786.0
T000244,2004-12-31,50924.117,40255.402,54142.348,43124.62,42610.09,65143.0
T000244,2005-03-31,72397.805,61407.67,57103.02,42387.504,55527.227,73646.0
T000244,2005-06-30,71160.36,62567.895,54699.027,42306.64,47405.215,42103.0
T000244,2005-09-30,46916.07,38514.844,52975.75,43291.74,40995.652,36626.0
T000244,2005-12-31,48343.875,39055.125,54296.17,43822.336,42820.33,62132.0
T000245,2004-03-31,9372.339,7720.797,6750.442,3054.8174,5296.8955,10837.0
T000245,2004-06-30,10293.823,8150.9307,5826.8394,3050.6665,3484.4536,2815.0
T000245,2004-09-30,3948.1462,1468.3848,5335.598,3121.7468,2038.1997,2868.0
T000245,2004-12-31,5349.026,2914.2534,5970.3228,3258.5645,3343.729,7054.0
T000245,2005-03-31,8687.662,6907.984,6572.446,3070.368,5554.574,10757.0
T000245,2005-06-30,10147.49,8298.58,5915.335,3055.9912,3494.5413,2639.0
T000245,2005-09-30,3735.8506,1918.8296,5365.2603,3122.611,1869.3354,2443.0
T000245,2005-12-31,4970.3228,2655.945,5552.8257,3229.3154,2339.9272,6983.0
T000246,2004-03-31,4063.6533,3298.0076,2731.6375,1930.4419,2779.8596,3690.0
T000246,2004-06-30,3510.102,2983.7805,2586.7183,1923.1782,2273.0784,1799.0
T000246,2004-09-30,2251.986,1615.9053,2633.775,1954.6301,1525.3123,1666.0
T000246,2004-12-31,2528.3977,1798.4802,2786.3452,1970.7611,2166.8066,4196.0
T000246,2005-03-31,4520.129,3625.853,2995.7947,1931.1663,2794.208,4816.0
T000246,2005-06-30,4693.5435,3753.374,3079.2795,1930.5509,2262.6213,2148.0
T000246,2005-09-30,2642.712,1739.6636,3005.0437,2263.5596,2086.9348,2047.0
T000246,2005-12-31,2986.721,2048.5935,3301.2595,2289.5288,2749.2712,4160.0
T000247,2004-03-31,679.29877,607.7727,576.2739,544.23175,566.871,616.0
T000247,2004-06-30,620.9968,606.3132,505.7019,541.11334,526.2722,627.0
T000247,2004-09-30,659.72034,505.58142,556.0166,543.6512,371.63705,430.0
T000247,2004-12-31,536.75446,445.8675,569.6421,544.2433,559.1046,713.0
T000247,2005-03-31,779.24457,648.0304,601.6495,540.8007,631.1102,800.0
T000247,2005-06-30,813.21155,742.8296,645.0528,541.8793,752.3101,591.0
T000247,2005-09-30,634.70294,593.6066,614.21204,602.52734,598.19275,668.0
T000247,2005-12-31,781.3679,589.5179,689.0275,620.9476,647.7533,489.0
T000248,2004-03-31,963.89465,831.01056,891.135,757.71954,941.5657,1273.0
T000248,2004-06-30,1283.739,1081.9922,915.54004,758.94366,836.24036,660.0
T000248,2004-09-30,742.3459,646.2932,846.1113,761.3373,784.88666,512.0
T000248,2004-12-31,654.1029,531.8863,785.8784,764.72437,636.0493,846.0
T000248,2005-03-31,987.6295,891.45966,882.62305,788.6535,943.38306,1068.0
T000248,2005-06-30,1040.1868,972.86914,775.55695,785.8571,739.9896,659.0
T000248,2005-09-30,721.4523,543.39075,742.36957,789.94446,722.99286,796.0
T000248,2005-12-31,931.4647,709.1957,830.94464,811.86395,777.4838,1118.0
T000249,2004-03-31,14997.375,12499.965,10933.253,5464.0493,8523.894,16416.0
T000249,2004-06-30,15614.756,12860.795,9830.855,5459.174,6063.8384,5901.0
T000249,2004-09-30,7526.757,4271.1475,9369.264,6254.6016,4625.364,5476.0
T000249,2004-12-31,8978.918,5725.142,10106.769,6406.3213,6622.421,12809.0
T000249,2005-03-31,14895.781,12108.783,11025.697,6168.7188,9700.799,17441.0
T000249,2005-06-30,16638.043,13799.478,10411.761,6156.46,7009.071,6037.0
T000249,2005-09-30,7669.7773,4827.4014,9722.583,6390.6187,4840.632,5954.0
T000249,2005-12-31,9605.185,6037.702,10370.342,6538.8696,5887.5034,12750.0
T000250,2004-03-31,2250.9136,1556.1702,1548.3746,1490.7885,2023.7119,2341.0
T000250,2004-06-30,2264.0195,2133.586,1588.5898,1485.2102,1667.0922,1026.0
T000250,2004-09-30,1221.5334,1387.2058,1506.7174,1494.8417,1281.8502,1430.0
T000250,2004-12-31,1823.3605,1288.9817,1642.0858,1471.1812,812.9625,2079.0
T000250,2005-03-31,2471.3774,1734.0392,1808.2775,1466.5966,1985.4741,2726.0
T000250,2005-06-30,2687.9102,2303.1416,1814.841,1466.5725,1867.7804,1155.0
T000250,2005-09-30,1395.1248,1411.3093,1766.6539,1482.2574,1540.3092,1722.0
T000250,2005-12-31,2144.0068,1825.3789,1891.1849,1581.751,1234.1284,2323.0
T000251,2004-03-31,601.3455,446.8236,379.24692,319.50632,395.80353,427.0
T000251,2004-06-30,453.78482,319.31094,423.3062,372.64368,359.7212,533.0
T000251,2004-09-30,565.4667,447.39954,456.11874,406.7363,439.31088,438.0
T000251,2004-12-31,498.2873,360.1034,506.1609,407.85434,442.83286,627.0
T000251,2005-03-31,653.792,551.95355,508.29358,434.6042,507.6513,558.0
T000251,2005-06-30,594.9903,453.01077,536.054,439.09186,425.93686,410.0
T000251,2005-09-30,459.34933,396.8741,495.20316,436.62363,484.38525,465.0
T000251,2005-12-31,543.254,449.8889,525.2465,445.2753,478.87152,851.0
T000252,2004-03-31,73.39799,135.24959,151.51097,150.6614,150.96887,235.0
T000252,2004-06-30,252.45349,203.67163,158.64616,163.87598,127.10411,335.0
T000252,2004-09-30,366.28522,201.61856,211.52983,167.58643,158.63701,224.0
T000252,2004-12-31,239.89444,162.85764,202.05634,188.19928,275.58484,281.0
T000252,2005-03-31,308.00885,210.10135,264.5317,191.13994,226.87064,218.0
T000252,2005-06-30,247.65024,236.59735,273.58292,197.28683,235.85008,238.0
T000252,2005-09-30,257.4928,196.01439,237.54012,203.39449,199.73447,156.0
T000252,2005-12-31,182.46986,123.11113,229.59714,203.4386,185.30392,324.0
T000253,2004-03-31,786.82336,598.18976,755.6435,660.2324,865.79425,1028.0
T000253,2004-06-30,1012.397,886.1627,703.4493,656.6437,656.5317,547.0
T000253,2004-09-30,649.28455,559.2782,698.7573,662.13763,712.07043,614.0
T000253,2004-12-31,709.8747,612.691,686.852,649.0424,487.4825,725.0
T000253,2005-03-31,863.42236,645.34937,769.18024,658.7004,776.6767,915.0
T000253,2005-06-30,900.27856,770.2727,703.6609,657.02295,680.5617,859.0
T000253,2005-09-30,922.54175,728.02966,769.09424,662.2334,731.1063,1038.0
T000253,2005-12-31,1110.4238,855.94495,884.6616,664.3385,624.78357,1188.0
T000254,2004-03-31,3634.8164,2769.3845,2810.055,2732.1658,3532.9016,4031.0
T000254,2004-06-30,3917.1023,3574.099,2882.4397,2726.2634,2897.5396,2441.0
T000254,2004-09-30,2704.9736,2632.9644,2878.1843,2737.4468,2633.6182,2706.0
T000254,2004-12-31,3182.865,2462.9468,3031.5664,2741.979,2055.287,3712.0
T000254,2005-03-31,4198.4062,3180.5916,3339.8225,2750.3433,3525.9553,4417.0
T000254,2005-06-30,4356.886,3797.9597,3315.235,2751.5066,3222.5593,2662.0
T000254,2005-09-30,2959.3398,2769.0984,3269.2876,2771.731,2938.2341,3381.0
T000254,2005-12-31,3903.688,3293.5615,3511.7278,2828.373,2440.619,4686.0
T000255,2004-03-31,1126.965,884.0742,734.37354,636.83875,555.23944,796.0
T000255,2004-06-30,822.3267,646.4233,719.5553,696.9546,720.13806,424.0
T000255,2004-09-30,543.6301,394.83273,700.7709,705.76105,579.1264,658.0
T000255,2004-12-31,799.70575,579.3473,778.9251,694.92523,830.69086,974.0
T000255,2005-03-31,1010.9237,869.8252,733.6088,698.5849,848.1943,805.0
T000255,2005-06-30,805.1205,657.78046,696.22723,694.63257,698.64966,405.0
T000255,2005-09-30,540.21075,438.87454,686.55206,701.3442,627.73346,562.0
T000255,2005-12-31,719.31445,672.04016,712.1506,674.79926,746.706,626.0
T000256,2004-03-31,302.2932,223.41013,193.84058,171.18379,192.17824,67.0
T000256,2004-06-30,82.626625,104.18267,140.96582,147.29106,168.70358,210.0
T000256,2004-09-30,245.3511,181.12427,185.1886,150.04349,95.718254,148.0
T000256,2004-12-31,177.11154,164.90968,192.89458,151.91296,181.8574,343.0
T000256,2005-03-31,349.3441,228.48297,194.39664,193.7375,175.07874,261.0
T000256,2005-06-30,280.47333,168.48914,235.33961,201.4633,211.76022,86.0
T000256,2005-09-30,124.049774,140.81517,195.52478,200.41843,252.64676,180.0
T000256,2005-12-31,223.61546,194.8118,229.28949,194.94533,201.71216,336.0
T000257,2004-03-31,53.337563,56.29825,56.873512,34.12987,57.964867,25.0
T000257,2004-06-30,31.807507,40.584877,43.776028,32.94475,25.84351,36.0
T000257,2004-09-30,44.85754,53.11198,33.42537,33.856785,31.444715,20.0
T000257,2004-12-31,33.039703,41.332397,31.732983,34.853416,3.6950378,21.0
T000257,2005-03-31,35.185806,36.353413,24.908098,34.26392,32.785812,105.0
T000257,2005-06-30,113.48013,69.3067,48.653656,35.37012,21.44638,100.0
T000257,2005-09-30,106.66854,61.552402,59.174328,37.84554,66.16576,85.0
T000257,2005-12-31,97.46745,43.18248,73.93383,43.51385,59.28831,48.0
T000258,2004-03-31,104.71178,115.77212,130.7798,103.94915,122.83392,134.0
T000258,2004-06-30,150.3692,153.94559,105.90108,111.73587,104.56179,147.0
T000258,2004-09-30,156.40907,95.22239,119.92654,116.11716,104.720024,144.0
T000258,2004-12-31,159.32849,95.49755,123.804634,120.599594,145.56253,214.0
T000258,2005-03-31,241.2018,147.1005,161.79202,137.40903,164.54353,356.0
T000258,2005-06-30,384.93555,244.59335,219.30188,138.51405,171.06189,76.0
T000258,2005-09-30,94.26155,78.48428,185.45474,122.895386,168.84737,141.0
T000258,2005-12-31,170.60277,132.15425,189.60822,139.06564,154.17523,207.0
T000259,2004-03-31,1553.0411,1296.9893,1107.9323,979.40405,1003.48315,1022.0
T000259,2004-06-30,1042.0972,963.3,1010.13293,980.6479,1038.8638,817.0
T000259,2004-09-30,954.13544,743.9774,1043.141,989.2957,804.8392,970.0
T000259,2004-12-31,1132.5269,899.7399,1129.7778,988.453,1180.4762,1552.0
T000259,2005-03-31,1596.7664,1300.6405,1113.7544,1040.0741,1240.8875,1527.0
T000259,2005-06-30,1536.1736,1159.2267,1197.7758,1043.9379,1070.7042,667.0
T000259,2005-09-30,837.9492,739.3054,1127.4111,1050.297,1083.1794,968.0
T000259,2005-12-31,1176.3462,1061.8591,1197.8099,994.2989,1116.316,1217.0
T000260,2004-03-31,59207.54,48951.875,45085.773,28008.648,39329.94,62097.0
T000260,2004-06-30,59254.336,52090.652,40438.887,27958.18,33077.02,28013.0
T000260,2004-09-30,32821.453,24098.602,38473.453,29276.375,22606.053,25520.0
T000260,2004-12-31,37838.96,26283.078,41555.33,29933.898,27315.95,52535.0
T000260,2005-03-31,60623.234,49402.062,44885.66,29056.09,42005.816,64286.0
T000260,2005-06-30,61462.008,52839.277,42397.777,28962.791,33374.69,27587.0
T000260,2005-09-30,32655.297,24591.21,40031.207,29258.67,24730.547,22856.0
T000260,2005-12-31,35727.15,25519.627,41534.91,29866.732,26343.094,47794.0
T000261,2004-03-31,18700.799,15033.532,12732.785,9218.977,11624.197,15729.0
T000261,2004-06-30,15423.534,12781.03,12490.545,9225.743,11260.327,10877.0
T000261,2004-09-30,12199.897,9590.639,12844.527,11234.427,10973.752,10598.0
T000261,2004-12-31,13314.464,10355.587,14129.707,11270.867,12879.943,18519.0
T000261,2005-03-31,19409.363,16137.299,14354.714,11154.981,14725.973,17145.0
T000261,2005-06-30,16942.64,14199.449,14042.118,11166.431,13238.999,11261.0
T000261,2005-09-30,12788.268,10240.809,13849.442,11618.705,11505.772,10603.0
T000261,2005-12-31,13574.111,11050.503,14669.69,11676.139,13253.618,18427.0
T000262,2004-03-31,6172.9326,6155.4517,5593.035,5235.917,5764.508,7078.0
T000262,2004-06-30,7001.1035,6690.7856,5431.469,5230.329,4979.4595,4681.0
T000262,2004-09-30,5077.096,4691.131,5400.3633,5261.893,4876.6953,5080.0
T000262,2004-12-31,5764.249,5165.9355,5600.4116,5258.702,5417.8706,6531.0
T000262,2005-03-31,6978.078,6240.076,6019.8594,5243.0977,6071.678,7571.0
T000262,2005-06-30,7459.8135,6636.741,5960.8945,5236.5513,5972.212,5648.0
T000262,2005-09-30,6026.263,5056.1187,6076.7266,5748.421,5461.298,5550.0
T000262,2005-12-31,6278.579,5541.158,6271.479,5751.5176,6269.325,6702.0
T000263,2004-03-31,7040.42,5820.662,7478.6504,6743.4688,7311.289,8552.0
T000263,2004-06-30,8886.036,7627.378,7258.603,6696.283,6989.069,7017.0
T000263,2004-09-30,7630.9673,6138.252,7554.3184,7099.834,7494.9287,7740.0
T000263,2004-12-31,7843.179,7274.916,7276.7383,7088.452,7180.8467,5631.0
T000263,2005-03-31,6524.829,5943.418,7378.9604,7122.6206,7498.004,8029.0
T000263,2005-06-30,8394.942,7385.364,7108.4473,7087.753,6819.069,6973.0
T000263,2005-09-30,7538.265,6689.8364,7147.5786,7099.0396,8207.064,7920.0
T000263,2005-12-31,7993.076,7069.5107,7077.8804,7097.028,6818.243,7862.0
T000264,2004-03-31,90527.86,76282.25,70748.79,47083.277,61297.11,93456.0
T000264,2004-06-30,89984.45,79486.85,65721.8,47074.965,53425.055,50588.0
T000264,2004-09-30,57091.414,44831.18,64230.8,52176.55,45736.004,48938.0
T000264,2004-12-31,64111.223,49397.633,68399.234,52847.97,51726.086,83216.0
T000264,2005-03-31,92972.38,78051.61,72559.35,51842.36,69250.45,97031.0
T000264,2005-06-30,93598.66,81366.875,69621.18,51758.46,57952.56,51469.0
T000264,2005-09-30,58282.887,46893.93,67091.52,53077.22,49194.75,46929.0
T000264,2005-12-31,62924.242,49498.29,69374.57,53764.46,51544.84,80785.0
T000265,2004-03-31,42306.67,38585.945,31727.713,30744.023,35869.83,37083.0
T000265,2004-06-30,35943.69,32807.566,28854.078,30766.89,28897.28,26112.0
T000265,2004-09-30,30297.01,25795.113,30990.447,31070.781,26846.797,28246.0
T000265,2004-12-31,33270.957,28420.992,33260.184,28941.256,30601.777,39471.0
T000265,2005-03-31,41988.06,34951.316,33525.49,30891.586,39323.71,36055.0
T000265,2005-06-30,35086.336,31238.572,32030.234,30785.102,32588.848,24855.0
T000265,2005-09-30,28310.418,25210.203,31318.596,31011.104,31914.291,24875.0
T000265,2005-12-31,30702.404,29136.043,31935.076,29107.703,30216.678,36011.0
T000266,2004-03-31,4046.7666,3164.0295,2973.4573,2872.1038,2969.5042,4685.0
T000266,2004-06-30,4766.1055,3364.0742,3347.9348,2974.9854,2955.6013,2545.0
T000266,2004-09-30,3038.3394,2249.4756,3418.4011,2995.3655,3379.224,2972.0
T000266,2004-12-31,3373.2776,2820.2637,3496.8438,3007.6963,3517.6953,3894.0
T000266,2005-03-31,4139.363,3486.0393,3685.1265,3024.9182,3581.1523,4237.0
T000266,2005-06-30,4273.7124,3373.2903,3391.4546,3028.4023,3095.4546,2107.0
T000266,2005-09-30,2612.244,1881.6174,3200.2,3057.3657,3070.3474,2821.0
T000266,2005-12-31,3289.503,3111.0403,3271.915,3042.302,3212.293,3526.0
T000267,2004-03-31,1907.4794,1832.727,1828.0859,1528.2445,1656.3822,1868.0
T000267,2004-06-30,1875.5569,1798.1396,1699.1304,1532.2423,1481.3036,1639.0
T000267,2004-09-30,1735.7542,1520.301,1656.3345,1635.8248,1508.0844,1456.0
T000267,2004-12-31,1610.8666,1446.7693,1696.2585,1640.6006,1529.6926,2024.0
T000267,2005-03-31,2119.7017,1906.612,1772.3734,1656.408,1899.7509,2249.0
T000267,2005-06-30,2264.0715,1889.7081,1840.2827,1717.9104,1790.8805,1783.0
T000267,2005-09-30,1870.6761,1513.2958,1837.3895,1800.1721,1835.26,1713.0
T000267,2005-12-31,1896.0701,1556.4604,1931.6606,1802.665,1922.9167,1777.0
T000268,2004-03-31,2990.0974,2341.1726,2964.511,2581.4583,3087.0867,4846.0
T000268,2004-06-30,4950.7334,3793.7478,3036.1355,2568.3806,2507.0322,1857.0
T000268,2004-09-30,2429.1687,1751.542,2951.9377,2601.0051,3075.992,3866.0
T000268,2004-12-31,4165.3945,3234.5054,3180.3809,2579.7256,2657.5835,2459.0
T000268,2005-03-31,3049.9465,2343.4587,3456.9556,2589.4316,3342.5254,4211.0
T000268,2005-06-30,4204.793,3218.7534,3072.8457,2572.771,2823.4082,3284.0
T000268,2005-09-30,3810.1282,2542.8118,3483.8418,2999.9126,3168.793,3579.0
T000268,2005-12-31,3822.1602,3377.821,3317.8235,2957.1348,3276.0059,1842.0
T000269,2004-03-31,50988.97,46041.918,39454.836,38380.723,44501.85,48482.0
T000269,2004-06-30,47225.16,41896.016,36951.98,38410.844,36658.234,32153.0
T000269,2004-09-30,37164.145,31454.914,38988.273,38732.074,35697.484,36540.0
T000269,2004-12-31,42158.86,36073.023,41518.543,37363.08,39032.74,47848.0
T000269,2005-03-31,51022.61,42831.52,42378.77,39752.184,48962.445,46752.0
T000269,2005-06-30,45453.07,39871.598,40407.625,39675.363,41244.402,32029.0
T000269,2005-09-30,36268.027,31313.05,39841.875,39896.816,40828.34,32988.0
T000269,2005-12-31,39361.824,37354.6,40349.88,37590.547,39067.11,43156.0
T000270,2004-03-31,5326.1357,4892.821,3845.792,5632.9346,4512.7266,5467.0
T000270,2004-06-30,5537.9434,5330.8403,3500.1062,5540.0815,4697.7495,2190.0
T000270,2004-09-30,2874.4995,3182.281,3651.912,5575.4995,4181.298,3642.0
T000270,2004-12-31,4598.9424,3895.6487,3874.834,5543.075,4236.437,3782.0
T000270,2005-03-31,4720.021,3666.2651,3995.4575,4473.8247,6070.4243,5710.0
T000270,2005-06-30,5801.454,5370.557,3857.415,4465.1567,5781.0347,2138.0
T000270,2005-09-30,3035.6772,3355.954,3716.1367,3945.5408,4467.298,3809.0
T000270,2005-12-31,4933.1616,4698.0225,3765.741,3912.1929,3780.059,4691.0
T000271,2004-03-31,1339.491,1084.54,1452.7189,1705.3634,1797.0536,1619.0
T000271,2004-06-30,1717.3578,1459.2305,1397.8043,1637.61,1661.2421,1491.0
T000271,2004-09-30,1659.548,1539.3146,1518.4526,1510.769,1995.3794,1808.0
T000271,2004-12-31,1839.3416,1726.7892,1491.2324,1509.1873,1464.8206,1184.0
T000271,2005-03-31,1466.8784,1310.8441,1523.844,1517.8098,1769.579,1637.0
T000271,2005-06-30,1760.9292,1593.1558,1517.7102,1507.1918,1419.3284,1207.0
T000271,2005-09-30,1403.3412,1361.0112,1501.4415,1513.1459,1828.9307,1487.0
T000271,2005-12-31,1519.7413,1523.1934,1363.238,1506.5491,1265.0947,1330.0
T000272,2004-03-31,481.412,356.89304,268.19696,278.4654,231.55774,285.0
T000272,2004-06-30,306.8412,286.57422,269.76648,293.9274,348.21707,173.0
T000272,2004-09-30,237.05069,129.0261,287.3064,296.7065,213.30577,222.0
T000272,2004-12-31,321.03384,218.25838,309.7625,293.83856,430.19727,168.0
T000272,2005-03-31,182.85141,204.30685,221.5952,276.75748,279.79422,149.0
T000272,2005-06-30,171.14395,177.91357,175.13539,227.26733,180.19153,440.0
T000272,2005-09-30,498.39923,366.45114,255.56766,230.66962,71.26669,243.0
T000272,2005-12-31,301.71707,193.45413,238.49167,228.25108,243.50786,213.0
T000273,2004-03-31,1327.9873,974.6861,967.7548,1042.0184,1046.8462,849.0
T000273,2004-06-30,949.1087,671.51465,922.05475,967.06635,1008.5023,806.0
T000273,2004-09-30,1045.4037,875.3364,1123.3533,962.8196,1300.2908,1744.0
T000273,2004-12-31,1762.5295,1446.8727,1185.0363,954.3962,1038.3497,1276.0
T000273,2005-03-31,1413.5886,806.20465,1133.0485,1082.7142,1177.3219,1580.0
T000273,2005-06-30,1702.6809,1099.2189,1323.2307,1089.4564,1162.9421,929.0
T000273,2005-09-30,1197.0459,1042.9958,1421.7533,971.6062,1485.6658,1570.0
T000273,2005-12-31,1635.668,1487.3949,1333.0408,959.21454,1090.5033,1322.0
T000274,2004-03-31,8245.408,7422.3447,6521.68,8427.374,7495.2627,8220.0
T000274,2004-06-30,8283.973,7863.0986,6129.617,8287.846,7452.267,4660.0
T000274,2004-09-30,5629.2764,5831.633,6581.009,8315.689,7517.939,7416.0
T000274,2004-12-31,8301.515,7404.264,6818.985,8236.285,6961.77,6410.0
T000274,2005-03-31,7543.238,6100.927,6862.4272,7510.9976,9078.211,9076.0
T000274,2005-06-30,9227.42,8356.025,6896.932,7502.9,8399.496,4714.0
T000274,2005-09-30,5860.0107,6241.21,6877.978,7236.8887,7662.757,7109.0
T000274,2005-12-31,8165.2534,8018.7827,6704.798,7186.675,6497.6807,7556.0
T000275,2004-03-31,5662.9307,4727.4316,3974.7407,4277.766,4967.8975,4385.0
T000275,2004-06-30,4227.103,4039.4575,3803.8792,4258.4355,4224.513,2484.0
T000275,2004-09-30,3124.9507,2954.048,3880.7354,4291.825,3903.92,3412.0
T000275,2004-12-31,4125.2065,3677.884,4025.7449,4076.7468,4027.2268,4552.0
T000275,2005-03-31,4872.54,4436.878,3819.1807,4046.1494,4913.881,5047.0
T000275,2005-06-30,4926.875,4510.3994,3841.244,4048.5195,3841.9333,1769.0
T000275,2005-09-30,2519.0068,2611.6191,3559.6694,4079.8928,3965.6882,3034.0
T000275,2005-12-31,3851.8804,3545.478,3613.747,3885.0415,3879.7173,4047.0
T000276,2004-03-31,2098.1646,1855.7202,1781.8567,1803.9229,2063.2234,2079.0
T000276,2004-06-30,2110.218,1814.6165,1930.9097,1809.9569,1770.539,1852.0
T000276,2004-09-30,1961.5071,1845.5901,1924.8013,1818.4031,1972.5457,1908.0
T000276,2004-12-31,2008.0249,1758.3387,1978.8435,1833.4495,1885.5553,1652.0
T000276,2005-03-31,1711.964,1758.045,1896.24,1830.256,2038.444,2442.0
T000276,2005-06-30,2495.0073,2155.3103,1984.8027,1837.0668,1774.3743,1611.0
T000276,2005-09-30,1750.6172,1570.7551,1886.5763,1838.9539,1896.2429,1832.0
T000276,2005-12-31,1954.1992,1820.2014,1846.484,1846.8895,1951.2236,1962.0
T000277,2004-03-31,575.3002,541.3922,526.4896,562.2333,563.8095,641.0
T000277,2004-06-30,671.4555,591.4807,560.7101,573.19495,524.7376,512.0
T000277,2004-09-30,556.6124,565.21075,566.7042,563.41925,621.7234,414.0
T000277,2004-12-31,450.63428,518.34845,525.937,560.8173,566.6867,461.0
T000277,2005-03-31,496.71893,537.35565,522.66797,516.57495,510.42258,613.0
T000277,2005-06-30,637.36523,542.3112,507.61395,516.4528,485.636,592.0
T000277,2005-09-30,621.8495,521.0957,514.4338,560.61444,592.9923,583.0
T000277,2005-12-31,610.959,606.0219,556.0979,561.22833,617.2162,781.0
T000278,2004-03-31,542.99023,379.34793,413.46597,497.97137,462.9378,419.0
T000278,2004-06-30,446.41876,368.29868,370.3732,490.7441,438.68976,508.0
T000278,2004-09-30,595.2119,419.72733,436.78146,491.5761,545.9906,836.0
T000278,2004-12-31,867.12225,632.9009,573.35254,490.78333,494.6177,591.0
T000278,2005-03-31,658.74316,472.8708,571.5276,490.24918,651.249,722.0
T000278,2005-06-30,761.9275,472.49326,652.8846,493.59116,503.97626,406.0
T000278,2005-09-30,514.8288,464.21713,660.77155,493.08093,740.56274,526.0
T000278,2005-12-31,553.8638,595.6914,555.28827,489.73877,469.40543,322.0
T000279,2004-03-31,8791.417,7548.988,6684.1475,7380.6562,8274.852,7524.0
T000279,2004-06-30,7353.549,6860.1235,6668.059,7378.6924,7114.1562,5356.0
T000279,2004-09-30,6141.23,5834.082,6801.7505,7411.7407,7173.883,6570.0
T000279,2004-12-31,7348.739,6640.7764,7092.315,6823.2197,7099.6987,7256.0
T000279,2005-03-31,7613.662,7258.605,6795.6035,6784.7305,8218.183,8824.0
T000279,2005-06-30,8715.6045,7735.141,7014.656,6790.4893,6679.9717,4378.0
T000279,2005-09-30,5298.499,5221.352,6616.2803,6827.6973,7255.2163,5975.0
T000279,2005-12-31,6880.301,6619.9746,6546.798,6666.549,7052.1064,7112.0
T000280,2004-03-31,26233.902,19073.602,19758.732,15598.548,18830.121,27645.0
T000280,2004-06-30,27676.105,19220.615,19273.68,15783.548,19344.953,13469.0
T000280,2004-09-30,16513.613,11364.377,19695.133,15832.249,18816.28,15818.0
T000280,2004-12-31,19269.436,16311.961,20165.883,16260.251,18075.367,23126.0
T000280,2005-03-31,25440.252,19799.844,21083.344,17217.322,19589.3,26794.0
T000280,2005-06-30,26514.58,19930.232,19702.168,17291.889,18451.422,15384.0
T000280,2005-09-30,17941.45,12078.541,19566.752,17467.957,17261.129,16316.0
T000280,2005-12-31,19925.469,16854.42,20298.934,17531.88,18190.375,20766.0
T000281,2004-03-31,6412.4004,4467.921,6078.547,5443.2085,6018.3105,6757.0
T000281,2004-06-30,7018.6426,5317.8677,5912.0728,5875.798,6162.3525,4340.0
T000281,2004-09-30,5195.2314,3792.6318,5935.518,5911.264,5351.6333,5222.0
T000281,2004-12-31,5874.073,4705.12,5488.047,5851.8877,5709.2036,5351.0
T000281,2005-03-31,5882.008,4614.794,5597.103,5854.3145,5661.8286,5878.0
T000281,2005-06-30,5927.2256,4998.0537,5187.2905,5853.162,5628.164,3058.0
T000281,2005-09-30,3753.5918,3018.6338,4838.6094,5871.779,5368.9585,3856.0
T000281,2005-12-31,4313.9893,4035.3438,4539.2637,5430.5684,5295.3457,5063.0
T000282,2004-03-31,1073.9553,852.62885,786.8849,654.8338,747.32227,662.0
T000282,2004-06-30,716.04376,574.3444,762.6639,673.67065,750.05334,747.0
T000282,2004-09-30,842.70776,712.4714,796.3717,690.3414,685.63983,774.0
T000282,2004-12-31,869.16254,712.9712,841.76483,755.8143,800.41626,742.0
T000282,2005-03-31,751.8522,663.9403,726.6021,755.28296,794.37573,791.0
T000282,2005-06-30,822.9369,657.3686,763.70917,755.23395,697.27423,849.0
T000282,2005-09-30,921.25256,747.59686,791.0156,781.49365,727.9109,648.0
T000282,2005-12-31,724.74304,658.08844,750.0263,755.38214,783.56946,1013.0
T000283,2004-03-31,2934.798,2120.8079,2728.2852,2630.329,2233.1572,2726.0
T000283,2004-06-30,2788.298,2150.5876,2243.5388,2647.011,2287.364,1601.0
T000283,2004-09-30,2104.057,1291.5708,2394.0608,2683.925,2049.0667,2416.0
T000283,2004-12-31,2744.6394,2294.5935,2336.4292,2651.353,2530.9607,2512.0
T000283,2005-03-31,2777.5068,2109.541,2367.2275,2623.9905,2966.7422,3095.0
T000283,2005-06-30,3081.7576,2215.7964,2400.8264,2621.0786,2538.6938,2092.0
T000283,2005-09-30,2524.453,1634.0396,2494.1846,2631.2393,2825.0354,3153.0
T000283,2005-12-31,3418.6594,2582.8752,2703.2114,2617.5364,2822.1707,3249.0
T000284,2004-03-31,36553.58,26563.766,29311.875,25279.688,27587.682,37790.0
T000284,2004-06-30,38048.906,27321.387,28235.037,26093.428,26983.664,20157.0
T000284,2004-09-30,24534.469,17225.346,28752.854,26357.0,25484.27,24230.0
T000284,2004-12-31,28641.676,24093.803,28825.098,26200.979,27119.84,31731.0
T000284,2005-03-31,34669.85,27261.777,29771.752,27431.426,29885.621,36558.0
T000284,2005-06-30,36257.867,27873.832,28069.621,27421.889,27978.945,21383.0
T000284,2005-09-30,24993.633,17561.254,27640.479,27603.762,26823.914,23973.0
T000284,2005-12-31,28185.031,24224.883,28265.533,27585.854,27314.738,30091.0
T000285,2004-03-31,10651.769,7502.3623,7362.45,5685.799,5883.9067,11655.0
T000285,2004-06-30,11707.439,7453.422,6760.2993,5710.454,6888.1533,8103.0
T000285,2004-09-30,9306.185,4729.619,8068.9614,6297.4067,6687.7354,8092.0
T000285,2004-12-31,9852.311,6805.397,9193.681,8335.054,8318.264,12910.0
T000285,2005-03-31,14382.97,9342.463,10480.843,8297.65,9147.635,11878.0
T000285,2005-06-30,11851.329,8271.9,10089.18,8332.747,9311.2,8487.0
T000285,2005-09-30,9666.296,6518.267,10024.41,8762.815,9673.413,9580.0
T000285,2005-12-31,11536.814,8716.271,10889.844,9240.866,9745.462,14970.0
T000286,2004-03-31,3595.8184,2502.198,2652.066,2111.8633,2246.109,3091.0
T000286,2004-06-30,3203.7886,2289.9363,2512.2979,2497.9783,2606.2915,2805.0
T000286,2004-09-30,3165.1958,2017.9987,2873.5374,2689.8499,2415.1648,2700.0
T000286,2004-12-31,3008.448,2368.6042,3013.3687,2708.8337,2860.1245,3293.0
T000286,2005-03-31,3530.5857,2627.0376,3000.8865,2724.6328,2925.3154,3143.0
T000286,2005-06-30,3235.9185,2442.5815,2967.9082,2737.5322,3007.248,2510.0
T000286,2005-09-30,2803.633,2253.486,2866.0654,2737.4019,3006.9988,2758.0
T000286,2005-12-31,3058.8433,2606.11,2953.7354,2796.726,2932.88,3280.0
T000287,2004-03-31,7490.408,5265.58,4053.187,3515.8982,2893.6062,3812.0
T000287,2004-06-30,4270.83,2181.9014,3657.2893,3828.7598,3858.5317,4402.0
T000287,2004-09-30,5064.5244,3160.5054,4393.0947,3917.0854,4172.459,4662.0
T000287,2004-12-31,5572.657,4305.251,5311.801,3895.805,4587.148,7377.0
T000287,2005-03-31,7528.169,5221.455,5140.8896,3906.1243,4705.9307,3440.0
T000287,2005-06-30,4023.9387,2237.8086,4827.9395,3920.635,4731.676,3752.0
T000287,2005-09-30,4472.1436,3639.7463,4661.9263,3901.4653,4471.6025,4000.0
T000287,2005-12-31,4949.0874,4356.9785,5011.5293,3909.4385,4433.6963,8316.0
T000288,2004-03-31,3477.5344,2484.2048,3646.879,2948.9426,2516.361,3393.0
T000288,2004-06-30,3700.6448,2883.7607,2792.2139,3455.4426,2886.02,1802.0
T000288,2004-09-30,2419.2117,1267.205,2644.5037,3478.169,2597.002,3088.0
T000288,2004-12-31,3446.9756,2517.6296,2735.966,3165.7246,3316.8103,3183.0
T000288,2005-03-31,3782.5645,2277.226,2932.8574,3246.2256,3355.4854,3348.0
T000288,2005-06-30,3460.1006,2140.8398,2815.263,3235.9456,3296.8113,2071.0
T000288,2005-09-30,2662.0247,1757.755,2904.623,3134.7764,3444.6277,3007.0
T000288,2005-12-31,3296.9875,2927.1091,2909.1663,3047.281,2724.1663,3310.0
T000289,2004-03-31,24930.871,17859.521,17576.521,15200.06,13315.428,21951.0
T000289,2004-06-30,22527.246,14932.646,15708.303,16588.684,16994.746,17112.0
T000289,2004-09-30,19672.418,11314.711,18008.635,17628.787,17462.156,18542.0
T000289,2004-12-31,21538.127,16143.053,20237.768,18693.99,19673.418,26763.0
T000289,2005-03-31,28822.02,19626.37,21501.13,18823.682,20829.975,21809.0
T000289,2005-06-30,22205.19,15271.672,20677.828,18855.51,22055.363,16820.0
T000289,2005-09-30,19141.367,14363.395,20458.947,18938.582,20981.605,19345.0
T000289,2005-12-31,22304.137,18817.68,21808.78,19675.29,19141.8,29876.0
T000290,2004-03-31,88688.06,75424.36,66708.85,60609.797,69877.89,86306.0
T000290,2004-06-30,83894.49,69469.016,62266.9,60692.215,62879.184,26285.0
T000290,2004-09-30,36926.297,34132.68,59227.875,62034.83,59632.82,31026.0
T000290,2004-12-31,43670.008,45463.66,57543.652,60024.77,58474.035,44437.0
T000290,2005-03-31,51456.06,51421.42,52326.523,55529.086,64734.418,49549.0
T000290,2005-06-30,47624.25,46866.156,37564.863,53995.215,45664.098,27821.0
T000290,2005-09-30,36089.53,28785.734,36889.17,51615.11,42321.652,32761.0
T000290,2005-12-31,46092.08,42516.266,38584.086,46353.74,47814.867,44522.0
T000291,2004-03-31,17331.98,13246.12,14890.828,13657.109,14476.173,18252.0
T000291,2004-06-30,18586.223,14392.766,15182.031,15475.059,13873.469,10504.0
T000291,2004-09-30,12358.476,10197.783,14991.547,15549.677,13773.865,11678.0
T000291,2004-12-31,12990.141,12074.272,14126.893,15458.807,13487.018,11547.0
T000291,2005-03-31,12626.595,11930.32,13707.402,15446.804,13313.029,13151.0
T000291,2005-06-30,13114.384,12124.794,11742.828,13326.566,11695.802,8429.0
T000291,2005-09-30,9920.055,8379.509,11139.098,13399.381,11520.656,9933.0
T000291,2005-12-31,11096.549,10929.512,10705.389,11901.873,11795.352,11683.0
T000292,2004-03-31,11412.355,8916.305,7450.3164,7004.7393,5839.5127,7289.0
T000292,2004-06-30,7731.678,5515.527,6954.9336,7356.5815,6611.5874,5834.0
T000292,2004-09-30,6716.5815,5265.796,7252.535,7386.3003,7018.8687,6072.0
T000292,2004-12-31,7230.743,6581.973,8006.3013,7328.917,7473.6787,8748.0
T000292,2005-03-31,8772.394,7553.9175,7116.5684,7356.451,6989.665,4993.0
T000292,2005-06-30,5397.6353,4182.041,6273.598,7359.1357,6561.411,5652.0
T000292,2005-09-30,6434.8403,5528.9785,6225.766,6251.6772,5859.3022,5474.0
T000292,2005-12-31,6540.4062,6228.054,6559.6035,6098.7495,6387.2656,10323.0
T000293,2004-03-31,11217.51,8392.13,10742.655,9739.08,8713.444,12233.0
T000293,2004-06-30,12633.271,9953.235,9387.183,10316.038,9465.605,4738.0
T000293,2004-09-30,6726.4697,4682.6943,9103.78,10422.128,9944.36,8124.0
T000293,2004-12-31,9108.519,8241.997,8543.805,9716.765,9377.864,7562.0
T000293,2005-03-31,9053.085,6911.369,8706.74,9726.278,9528.382,8770.0
T000293,2005-06-30,8784.323,6650.647,7226.273,9667.487,8387.373,5498.0
T000293,2005-09-30,7265.3584,5022.0015,7494.3945,8985.747,9446.179,8280.0
T000293,2005-12-31,9123.075,8474.841,7498.072,8459.198,7575.7793,8203.0
T000294,2004-03-31,127698.36,106403.016,99623.336,91629.44,99865.21,124080.0
T000294,2004-06-30,121944.09,99708.37,93816.54,91715.414,94167.016,47361.0
T000294,2004-09-30,62018.082,54679.344,90489.15,93216.17,91651.9,56900.0
T000294,2004-12-31,72250.05,72789.83,88169.11,90040.33,89684.62,72294.0
T000294,2005-03-31,80762.19,78248.89,81785.07,88118.15,96763.59,76463.0
T000294,2005-06-30,73952.695,70226.37,62799.97,82420.63,76521.55,47400.0
T000294,2005-09-30,58533.53,48099.05,61683.69,79175.875,70767.19,56448.0
T000294,2005-12-31,72200.33,68519.39,63302.387,74804.06,77683.66,74731.0
T000295,2004-03-31,10848.154,8676.23,5728.0127,4161.2324,4082.9175,3680.0
T000295,2004-06-30,4597.2056,3778.8716,5073.893,3942.8179,5467.389,4789.0
T000295,2004-09-30,5940.6704,4430.75,5290.763,3966.234,2177.907,2788.0
T000295,2004-12-31,4962.953,4252.928,6224.0376,3970.6436,6262.34,9613.0
T000295,2005-03-31,9537.402,8021.5884,5391.1484,3933.0027,4121.317,3426.0
T000295,2005-06-30,4350.388,3294.872,4980.759,3840.629,4707.3145,3654.0
T000295,2005-09-30,4841.0186,3861.536,4530.65,3843.3733,2096.6626,2058.0
T000295,2005-12-31,4250.594,3650.7869,5331.98,3852.967,5103.025,7686.0
T000296,2004-03-31,1599.2317,1385.6132,1133.671,997.638,1003.8385,1102.0
T000296,2004-06-30,1207.038,897.1004,1161.2346,1014.0606,1047.9635,1023.0
T000296,2004-09-30,1163.7788,887.315,1165.7789,1041.8721,968.38007,992.0
T000296,2004-12-31,1233.0999,971.7113,1238.3385,1036.4188,1389.4355,1539.0
T000296,2005-03-31,1521.8883,1350.448,1183.7802,1034.4849,1107.4336,1041.0
T000296,2005-06-30,1133.6505,1014.5587,1126.6663,1036.3223,1129.5896,919.0
T000296,2005-09-30,1074.7279,868.7879,1092.3492,1042.5598,793.4723,877.0
T000296,2005-12-31,1107.7838,923.5381,1149.9768,1039.4672,1219.8033,2051.0
T000297,2004-03-31,1209.1018,1022.4223,1079.0935,1039.1458,1156.168,1304.0
T000297,2004-06-30,1352.8605,1240.4764,1172.724,1037.6144,1143.1831,939.0
T000297,2004-09-30,993.1633,1012.4199,1149.7745,1034.3132,1147.6681,1238.0
T000297,2004-12-31,1279.578,1111.8936,1155.1627,1033.4373,1016.4472,1413.0
T000297,2005-03-31,1481.123,1231.6519,1238.8815,1042.1797,1241.408,1195.0
T000297,2005-06-30,1241.6212,1111.2924,1175.6356,1167.5781,1187.9937,1383.0
T000297,2005-09-30,1450.8906,1298.0293,1302.095,1174.6582,1237.1525,1162.0
T000297,2005-12-31,1217.3756,1262.4644,1302.3551,1175.5073,1240.0569,1293.0
T000298,2004-03-31,540.34216,409.84558,532.248,532.9255,509.75577,949.0
T000298,2004-06-30,940.9724,878.5705,498.59564,526.1655,573.6411,483.0
T000298,2004-09-30,545.14343,396.6792,482.0538,519.4665,397.24945,314.0
T000298,2004-12-31,450.70062,268.16525,503.4411,522.0133,518.9203,754.0
T000298,2005-03-31,928.8002,620.9645,668.6593,519.99585,698.1395,1039.0
T000298,2005-06-30,1020.51697,776.77277,651.7107,520.20795,701.80383,654.0
T000298,2005-09-30,733.4233,510.82413,657.42523,522.1717,650.4043,545.0
T000298,2005-12-31,688.5738,552.4161,731.8357,527.0118,487.37463,752.0
T000299,2004-03-31,14014.342,11576.102,8437.067,7161.127,7037.882,7035.0
T000299,2004-06-30,7894.576,6881.5366,7879.9844,7187.3057,8340.492,7234.0
T000299,2004-09-30,8468.975,6812.1416,8113.0625,7219.0923,4815.137,5332.0
T000299,2004-12-31,7732.2925,6693.33,9128.942,7209.9507,9262.001,13319.0
T000299,2005-03-31,13283.636,11310.4795,8468.855,7177.6406,7223.0283,6701.0
T000299,2005-06-30,7561.211,6285.1836,7908.733,6918.548,8050.671,6610.0
T000299,2005-09-30,7909.1313,6625.5933,7595.6772,6886.4175,5298.6045,4642.0
T000299,2005-12-31,7060.769,6474.3115,8526.399,6905.8926,8581.637,11782.0
T000300,2004-03-31,6377.4985,4654.3535,3555.1067,3109.1953,2903.9297,2781.0
T000300,2004-06-30,3387.3633,2006.0768,3463.4402,3139.751,3870.266,3342.0
T000300,2004-09-30,3925.1396,3232.831,3877.3413,3137.0312,3243.9192,2364.0
T000300,2004-12-31,3148.4053,3140.914,4062.9949,2864.4875,3945.5732,5855.0
T000300,2005-03-31,5808.95,4577.8,3675.6558,2868.4866,2775.892,2891.0
T000300,2005-06-30,3451.644,2442.558,3519.3574,2991.9504,3491.8354,3298.0
T000300,2005-09-30,3911.0012,3205.4258,3438.8274,2995.0288,2722.2246,2354.0
T000300,2005-12-31,3306.6472,3360.7148,3895.7566,2992.0764,4119.8193,4542.0
T000301,2004-03-31,1998.2207,1581.3552,1384.0521,1022.4573,1176.399,1345.0
T000301,2004-06-30,1461.4412,1070.8396,1320.7153,1157.7343,1323.8901,1692.0
T000301,2004-09-30,1815.0187,1288.9635,1463.9602,1215.6283,1091.6646,1138.0
T000301,2004-12-31,1415.801,1152.3267,1581.4967,1218.0059,1575.2069,1902.0
T000301,2005-03-31,1951.7615,1621.5017,1521.0251,1209.1902,1401.3491,1140.0
T000301,2005-06-30,1305.0372,1061.3043,1483.0408,1207.8724,1449.706,1455.0
T000301,2005-09-30,1570.5535,1226.9297,1375.834,1340.3541,1148.835,1135.0
T000301,2005-12-31,1415.4916,1052.6433,1473.6094,1348.4196,1482.5583,2180.0
T000302,2004-03-31,307.94205,313.59976,329.18948,301.24197,336.64883,315.0
T000302,2004-06-30,337.92307,291.30682,333.0758,310.60825,293.88116,265.0
T000302,2004-09-30,302.53528,297.3484,356.84302,298.015,273.32492,204.0
T000302,2004-12-31,240.3266,289.00748,274.4951,295.32162,355.6307,377.0
T000302,2005-03-31,382.6108,353.7504,296.97336,295.5015,256.82114,337.0
T000302,2005-06-30,355.67505,328.89438,291.8374,311.15924,285.83896,358.0
T000302,2005-09-30,395.04556,287.835,313.25388,315.26178,310.84772,520.0
T000302,2005-12-31,562.28827,410.0851,404.27292,319.90833,397.10846,376.0
T000303,2004-03-31,947.4922,654.70325,598.99475,536.52203,438.835,507.0
T000303,2004-06-30,554.34424,416.76907,551.43756,536.7326,532.29486,455.0
T000303,2004-09-30,537.26874,435.1192,574.70465,538.86633,564.81494,700.0
T000303,2004-12-31,773.5791,624.29724,672.01666,534.5504,548.4023,939.0
T000303,2005-03-31,973.37256,650.78564,655.08777,555.31305,610.6581,907.0
T000303,2005-06-30,958.2132,519.1823,737.2815,560.69617,667.01746,840.0
T000303,2005-09-30,945.0074,683.3913,834.59393,650.71387,825.6662,588.0
T000303,2005-12-31,689.0739,626.0459,824.46716,602.192,723.09955,750.0
T000304,2004-03-31,9575.768,7235.8237,5870.682,4537.921,4484.7544,4948.0
T000304,2004-06-30,5681.0483,3819.3425,5680.0825,5077.7163,5615.615,5754.0
T000304,2004-09-30,6500.0522,5291.9043,6251.594,5084.228,5347.018,4406.0
T000304,2004-12-31,5504.608,5248.8403,6598.262,5047.367,6412.2773,9073.0
T000304,2005-03-31,9033.191,7242.007,6163.474,5054.247,4994.5293,5275.0
T000304,2005-06-30,5999.389,4395.341,6003.2134,5397.977,5840.0693,5951.0
T000304,2005-09-30,6726.7344,5448.401,5966.041,5411.7153,5200.3696,4597.0
T000304,2005-12-31,5883.7314,5496.261,6598.071,5405.149,6920.451,7848.0
T000305,2004-03-31,4517.045,3560.2495,2747.5156,2778.9307,411.26685,2319.0
T000305,2004-06-30,3383.79,2462.4656,2674.3132,2791.4983,3558.2073,4574.0
T000305,2004-09-30,4750.417,3897.827,3191.273,2774.2688,1898.4133,1994.0
T000305,2004-12-31,2774.6074,2660.772,3297.607,2784.0203,3833.6128,2955.0
T000305,2005-03-31,3398.0527,2635.9268,2854.8628,2762.9185,1728.4587,1994.0
T000305,2005-06-30,2996.1162,2438.7158,3105.8174,2694.7227,4050.272,4618.0
T000305,2005-09-30,4783.314,4324.634,2940.5269,2675.384,1943.1089,1508.0
T000305,2005-12-31,2262.6108,2403.0298,2728.0518,2394.379,3180.895,2441.0
T000306,2004-03-31,801.96594,721.3542,748.4579,724.03534,618.5577,675.0
T000306,2004-06-30,750.82635,665.673,713.68744,722.98773,823.4451,1028.0
T000306,2004-09-30,1063.8114,802.68506,796.0073,725.3168,571.52734,374.0
T000306,2004-12-31,493.6541,565.5889,710.0283,726.3296,994.9908,745.0
T000306,2005-03-31,800.21857,782.9398,689.4641,723.79395,556.27356,430.0
T000306,2005-06-30,527.9446,584.19275,693.8204,724.49976,744.99396,912.0
T000306,2005-09-30,935.8424,762.05164,615.46155,736.7448,563.5489,482.0
T000306,2005-12-31,590.8953,457.06918,646.65204,741.3251,797.62415,822.0
T000307,2004-03-31,229.5504,217.68481,240.06401,238.51161,263.59787,277.0
T000307,2004-06-30,302.326,271.052,244.54665,243.7562,263.22852,311.0
T000307,2004-09-30,313.8506,266.98804,253.71089,243.67207,225.84654,392.0
T000307,2004-12-31,409.76007,290.536,293.2525,265.35587,291.50885,382.0
T000307,2005-03-31,426.13763,266.0448,337.38873,272.45963,303.48404,402.0
T000307,2005-06-30,437.69666,326.17505,369.62177,271.65237,394.19946,391.0
T000307,2005-09-30,407.30493,338.37808,391.47363,272.53363,345.41605,244.0
T000307,2005-12-31,273.11295,270.00812,352.9334,271.15967,306.48962,278.0
T000308,2004-03-31,1151.2222,1054.1786,1068.0161,928.6443,872.961,1152.0
T000308,2004-06-30,1291.7616,1120.3491,939.6658,1001.91833,1150.6632,1033.0
T000308,2004-09-30,1042.771,873.85156,1004.393,998.619,792.8606,1178.0
T000308,2004-12-31,1318.9425,953.23615,1082.8773,1051.5559,1148.362,1095.0
T000308,2005-03-31,1265.9692,760.83276,1117.3561,1110.6619,1140.725,1450.0
T000308,2005-06-30,1593.2812,1228.3478,1196.7621,1108.4028,1631.9849,1368.0
T000308,2005-09-30,1387.1622,1264.2904,1263.1339,1110.4933,1061.5636,973.0
T000308,2005-12-31,1127.9875,1150.0874,1193.8582,1108.1141,1254.5198,809.0
T000309,2004-03-31,6601.1104,5600.0815,4766.899,4798.61,2255.2185,4423.0
T000309,2004-06-30,5613.1416,4568.433,4553.282,4780.861,5829.809,6946.0
T000309,2004-09-30,7082.458,5881.2363,5263.2856,4767.822,3465.1587,3938.0
T000309,2004-12-31,4916.274,4515.157,5360.141,4776.3286,6102.2334,5177.0
T000309,2005-03-31,5773.263,4491.215,5003.627,4764.2676,3614.576,4276.0
T000309,2005-06-30,5435.5513,4629.5835,5334.443,4555.145,6593.6055,7289.0
T000309,2005-09-30,7417.368,6736.33,5230.814,4538.857,3684.5198,3207.0
T000309,2005-12-31,4160.904,4325.8115,4927.411,4527.7856,5366.1455,4350.0
T000310,2004-03-31,2882.7437,2059.4363,1326.9642,788.8248,899.5596,683.0
T000310,2004-06-30,949.0734,157.50562,1176.2285,777.6767,713.6422,654.0
T000310,2004-09-30,1122.904,557.73346,1173.9791,753.4922,708.5202,508.0
T000310,2004-12-31,1230.7789,729.0831,1421.6732,734.2169,1031.345,2314.0
T000310,2005-03-31,2222.3184,2029.5544,1099.5408,720.8351,797.81287,834.0
T000310,2005-06-30,1081.542,811.504,1006.8857,769.39,540.1221,596.0
T000310,2005-09-30,1125.4838,467.89252,968.0342,743.9134,-279.5959,553.0
T000310,2005-12-31,1330.138,624.4376,1234.4106,702.1334,1383.7572,1891.0
T000311,2004-03-31,695.9314,525.36426,452.77603,378.17508,464.33862,398.0
T000311,2004-06-30,429.88397,363.1253,463.02286,381.8405,451.7077,478.0
T000311,2004-09-30,550.7971,385.3727,480.72195,408.70004,368.98083,326.0
T000311,2004-12-31,441.3203,304.32855,504.7885,407.40936,492.6738,769.0
T000311,2005-03-31,770.0898,654.6843,503.19952,405.789,478.7254,413.0
T000311,2005-06-30,460.2375,387.39297,486.42404,414.13528,368.46854,357.0
T000311,2005-09-30,440.90585,367.06427,443.08777,411.54532,311.41617,199.0
T000311,2005-12-31,319.17114,274.45105,475.2897,414.79486,440.24863,747.0
T000312,2004-03-31,202.8535,158.04108,159.81424,140.56009,137.65503,348.0
T000312,2004-06-30,377.21857,220.98402,198.34601,159.8562,157.67084,160.0
T000312,2004-09-30,173.0313,138.56813,187.70898,161.0794,229.54193,162.0
T000312,2004-12-31,188.17787,181.95221,204.48119,165.70897,180.10231,155.0
T000312,2005-03-31,188.02791,180.8983,225.12062,162.99913,159.65106,101.0
T000312,2005-06-30,118.46272,106.94351,144.50969,162.85779,181.71605,201.0
T000312,2005-09-30,211.98386,138.61668,157.38332,163.04143,157.60016,66.0
T000312,2005-12-31,95.33104,135.80647,131.24612,164.25145,196.24274,236.0
T000313,2004-03-31,259.85706,264.96817,285.50186,284.06442,280.13113,243.0
T000313,2004-06-30,256.21277,237.65111,259.07114,273.87112,277.76282,266.0
T000313,2004-09-30,283.20428,226.62354,256.09833,269.8286,249.87921,290.0
T000313,2004-12-31,312.54547,256.63275,258.4236,273.62006,294.93683,251.0
T000313,2005-03-31,271.12915,237.7408,260.10956,269.50842,260.22412,174.0
T000313,2005-06-30,181.80273,227.28719,243.97517,268.4498,285.31375,215.0
T000313,2005-09-30,230.8757,247.04338,238.01169,268.19025,230.84166,375.0
T000313,2005-12-31,395.15152,291.0085,260.87296,268.29688,219.05487,255.0
T000314,2004-03-31,3999.996,3028.8208,2217.4766,1511.9078,1683.2783,1672.0
T000314,2004-06-30,1963.3689,1004.28906,2091.8262,1521.7029,1523.5308,1558.0
T000314,2004-09-30,2081.2952,1333.357,2103.6777,1540.0273,1555.2391,1286.0
T000314,2004-12-31,2117.721,1497.2805,2388.5872,1519.2972,2007.4657,3489.0
T000314,2005-03-31,3395.6978,3127.9062,2075.2734,1503.4918,1707.0492,1522.0
T000314,2005-06-30,1794.2734,1557.0996,1883.0691,1572.931,1353.2725,1369.0
T000314,2005-09-30,1962.8108,1243.9519,1801.9631,1589.8094,397.05273,1193.0
T000314,2005-12-31,2085.7537,1350.5947,2101.7534,1579.9547,2210.932,3129.0
T000315,2004-03-31,2416.5703,1640.1659,1695.7535,1462.1552,1376.4893,1094.0
T000315,2004-06-30,1657.0287,978.24396,1717.7914,1459.907,1960.8098,2871.0
T000315,2004-09-30,2858.141,2161.3503,1814.7814,1444.1394,1499.1127,672.0
T000315,2004-12-31,1096.7229,714.7864,1687.9603,1451.6025,1703.6453,2184.0
T000315,2005-03-31,2451.1702,1408.374,1638.5286,1463.0203,1264.328,1502.0
T000315,2005-06-30,2069.1487,1215.6774,1940.39,1564.072,2287.8442,3032.0
T000315,2005-09-30,3001.5537,2448.8977,1851.2167,1547.314,1602.6067,1000.0
T000315,2005-12-31,1464.629,1132.1594,1921.1296,1573.1876,1721.5367,2647.0
T000316,2004-03-31,1734.819,1152.3217,1222.8336,980.7283,1015.88446,1211.0
T000316,2004-06-30,1351.5215,905.9553,1229.3828,1049.8926,1239.4304,1452.0
T000316,2004-09-30,1570.8762,1141.7351,1343.6086,1051.6886,1145.895,1060.0
T000316,2004-12-31,1237.0746,945.20215,1367.6171,1075.1746,1256.6045,1914.0
T000316,2005-03-31,2022.0278,1335.3875,1424.2634,1132.6616,1248.38,1118.0
T000316,2005-06-30,1275.1405,839.7333,1377.1292,1134.8231,1434.4465,1601.0
T000316,2005-09-30,1714.2905,1313.5294,1392.9722,1179.6926,1364.6538,1037.0
T000316,2005-12-31,1245.7372,1039.2687,1479.5039,1185.3312,1253.0991,1756.0
T000317,2004-03-31,185.16016,221.9736,244.37968,265.2284,320.63364,348.0
T000317,2004-06-30,372.06195,304.2776,270.42154,265.5053,257.21185,356.0
T000317,2004-09-30,365.76257,293.21426,294.05032,265.86588,260.33847,330.0
T000317,2004-12-31,352.23975,260.57584,290.62454,273.74246,326.98895,260.0
T000317,2005-03-31,292.8752,197.53554,323.50104,275.27258,283.6184,242.0
T000317,2005-06-30,270.58102,287.65402,301.56915,265.46573,368.1398,296.0
T000317,2005-09-30,297.90656,287.62527,288.48062,265.51907,243.89436,353.0
T000317,2005-12-31,368.7949,306.78662,289.18158,296.762,255.47389,311.0
T000318,2004-03-31,639.9158,483.2471,531.872,615.9579,629.00385,494.0
T000318,2004-06-30,550.1467,371.58008,485.66638,615.6872,587.72,507.0
T000318,2004-09-30,564.17206,414.02786,505.45935,559.9328,575.2665,454.0
T000318,2004-12-31,518.65234,367.4441,504.8781,552.1564,539.1648,487.0
T000318,2005-03-31,569.0149,385.48645,485.26248,514.10297,594.28937,950.0
T000318,2005-06-30,989.7112,646.4099,616.08514,513.88617,491.4833,635.0
T000318,2005-09-30,673.0271,517.60736,610.9204,515.9799,659.5328,500.0
T000318,2005-12-31,569.8537,532.1245,617.2715,509.32217,563.81415,781.0
T000319,2004-03-31,4891.0635,3533.934,3701.4353,3419.1245,3529.4421,3147.0
T000319,2004-06-30,3857.595,2601.4304,3678.4211,3424.0537,4203.455,5186.0
T000319,2004-09-30,5261.506,4050.2603,3968.146,3407.384,3682.5132,2516.0
T000319,2004-12-31,3117.1877,2332.0771,3837.9587,3418.2175,3978.2349,4845.0
T000319,2005-03-31,5210.265,3377.0452,3863.1912,3669.2754,3351.5017,3812.0
T000319,2005-06-30,4487.079,3046.0732,4215.312,3880.8936,4617.927,5564.0
T000319,2005-09-30,5582.2925,4617.8335,4163.7324,3870.1233,4004.515,2890.0
T000319,2005-12-31,3527.8628,3065.154,4300.315,3905.3777,3901.9644,5495.0
T000320,2004-03-31,1075.4971,845.2655,777.2188,703.2696,667.5759,641.0
T000320,2004-06-30,725.335,604.72046,749.2568,702.61,959.3231,1071.0
T000320,2004-09-30,1104.4113,841.1547,822.1139,703.7164,689.9466,756.0
T000320,2004-12-31,870.1156,687.79706,885.84235,767.0122,952.7573,1128.0
T000320,2005-03-31,1172.2832,950.2532,892.8467,765.7554,841.57666,817.0
T000320,2005-06-30,906.70087,762.8673,954.214,770.2734,955.3313,982.0
T000320,2005-09-30,1031.1157,880.5196,907.2175,787.61444,773.7667,490.0
T000320,2005-12-31,627.0311,542.5236,882.9061,792.67096,903.2075,1152.0
T000321,2004-03-31,1426.2551,1131.7446,891.8586,745.03357,749.1244,691.0
T000321,2004-06-30,774.93787,682.4456,861.5923,709.04675,843.6736,1068.0
T000321,2004-09-30,1149.441,875.19403,899.37604,711.20776,641.53253,778.0
T000321,2004-12-31,939.02673,737.8662,1038.6708,796.3382,921.8742,995.0
T000321,2005-03-31,994.18677,949.9334,872.2307,789.03827,902.85706,871.0
T000321,2005-06-30,952.7977,761.1835,945.10156,817.61334,798.3162,926.0
T000321,2005-09-30,994.5765,901.9695,884.91437,877.54193,816.8356,927.0
T000321,2005-12-31,1060.8682,829.13477,938.4076,886.63513,899.08984,1432.0
T000322,2004-03-31,229.47052,197.06229,251.6179,223.89302,294.9763,298.0
T000322,2004-06-30,311.46265,259.26077,260.34445,223.52786,273.801,250.0
T000322,2004-09-30,262.18777,259.45526,284.561,223.65776,267.4658,246.0
T000322,2004-12-31,259.5807,255.07906,243.91028,222.8355,246.76332,352.0
T000322,2005-03-31,385.26813,276.05273,291.3954,249.90097,235.95766,327.0
T000322,2005-06-30,341.63235,293.53827,290.32367,249.08884,301.54208,219.0
T000322,2005-09-30,239.98698,228.8641,277.99774,250.70645,289.47617,307.0
T000322,2005-12-31,331.0698,290.948,305.50964,253.40805,247.30534,257.0
T000323,2004-03-31,825.393,875.17365,808.06964,716.11176,822.1268,926.0
T000323,2004-06-30,915.46344,842.4724,709.92957,713.7749,555.26483,481.0
T000323,2004-09-30,578.8134,476.8928,660.316,716.8754,806.1966,596.0
T000323,2004-12-31,716.4764,607.88586,677.9454,720.0014,623.04694,779.0
T000323,2005-03-31,866.2884,809.9973,727.55005,715.18994,891.6117,1085.0
T000323,2005-06-30,1062.4407,921.43774,740.4319,713.26117,715.5495,844.0
T000323,2005-09-30,902.669,681.39215,806.72125,758.4288,727.018,722.0
T000323,2005-12-31,834.2329,637.9412,839.3226,758.7419,821.9833,733.0
T000324,2004-03-31,3437.4128,3099.7961,2702.769,2465.6108,2578.6409,2556.0
T000324,2004-06-30,2587.505,2439.3135,2568.7341,2463.5044,2718.2065,2870.0
T000324,2004-09-30,2964.7974,2505.6963,2668.335,2588.441,2484.9202,2376.0
T000324,2004-12-31,2679.9893,2335.9023,2864.5864,2592.7717,2809.6409,3254.0
T000324,2005-03-31,3313.187,3031.7285,2774.3826,2580.3525,2881.684,3100.0
T000324,2005-06-30,3162.3628,2779.6416,2890.8586,2587.9116,2744.3704,2971.0
T000324,2005-09-30,3082.7366,2732.1626,2886.2346,2780.784,2593.3032,2446.0
T000324,2005-12-31,2772.0105,2341.7898,2964.8765,2787.4792,2846.4753,3574.0
T000325,2004-03-31,27474.041,21714.611,15905.311,11846.035,8988.629,11198.0
T000325,2004-06-30,14276.114,10261.569,14793.581,11941.889,15274.576,17301.0
T000325,2004-09-30,19212.398,15382.658,16095.017,11936.881,8953.527,9082.0
T000325,2004-12-31,13571.228,12447.823,17663.113,11931.357,16358.086,24049.0
T000325,2005-03-31,24153.512,19863.035,15580.972,11875.335,10028.289,11464.0
T000325,2005-06-30,14491.225,11203.021,15426.107,11801.957,14435.619,16180.0
T000325,2005-09-30,18269.188,15413.523,14581.088,11764.291,7559.268,7963.0
T000325,2005-12-31,12759.6,11930.69,16083.037,11962.087,15517.878,20359.0
T000326,2004-03-31,8171.702,6540.252,5836.872,4893.058,5126.924,5422.0
T000326,2004-06-30,5921.098,4630.2207,5743.277,4986.202,5782.0444,6741.0
T000326,2004-09-30,7212.963,5427.989,6144.228,5235.582,5004.5356,4668.0
T000326,2004-12-31,5662.6035,4730.0693,6452.01,5224.5483,6535.557,7864.0
T000326,2005-03-31,7937.865,6742.75,6195.248,5202.4463,5517.0166,5013.0
T000326,2005-06-30,5574.731,4699.466,6098.923,5203.692,5727.856,6170.0
T000326,2005-09-30,6626.6895,5488.46,5797.201,5223.5186,4927.8823,4657.0
T000326,2005-12-31,5633.214,4626.904,6179.272,5256.9204,6008.5107,8988.0
T000327,2004-03-31,2287.373,2166.6711,2298.9473,2238.4158,2479.2903,2890.0
T000327,2004-06-30,2983.3145,2621.9675,2484.3413,2242.2856,2345.857,2281.0
T000327,2004-09-30,2322.9338,2305.682,2519.2278,2241.2488,2350.2222,2572.0
T000327,2004-12-31,2643.1187,2428.8286,2459.7266,2278.086,2352.8352,2939.0
T000327,2005-03-31,3083.2104,2543.569,2706.3577,2300.3772,2401.453,2604.0
T000327,2005-06-30,2692.3564,2491.3584,2572.1619,2302.452,2631.6597,2848.0
T000327,2005-09-30,2939.342,2613.0964,2729.4192,2316.7466,2500.9006,2652.0
T000327,2005-12-31,2787.0696,2709.9546,2782.623,2597.669,2565.2292,2751.0
T000328,2004-03-31,4203.9536,3826.0605,3809.3936,3955.0513,3632.1123,4271.0
T000328,2004-06-30,4302.8735,3949.0764,3439.1423,4081.4033,3997.9236,3225.0
T000328,2004-09-30,3382.5376,2905.771,3493.184,3876.0955,3652.024,3532.0
T000328,2004-12-31,3922.8003,3158.659,3678.628,3869.1223,3861.1504,4305.0
T000328,2005-03-31,4709.9263,3549.8503,3903.975,4095.92,4351.828,5605.0
T000328,2005-06-30,5675.483,4393.5117,4193.97,4091.207,4548.5356,4556.0
T000328,2005-09-30,4729.8613,3978.6865,4417.0366,4106.674,4179.6934,3703.0
T000328,2005-12-31,4151.785,3867.3596,4459.512,3849.1775,4114.913,4080.0
T000329,2004-03-31,41632.1,34436.94,27746.426,23399.07,21472.654,23781.0
T000329,2004-06-30,27071.928,21677.057,26420.62,24184.1,28948.139,29548.0
T000329,2004-09-30,31709.178,26230.297,28293.492,24236.816,21432.393,19854.0
T000329,2004-12-31,25304.014,22984.758,30276.969,24232.74,30500.861,39157.0
T000329,2005-03-31,39324.92,32907.715,28385.799,24157.928,23642.084,24686.0
T000329,2005-06-30,27974.002,23022.104,28123.672,24225.197,29250.156,29754.0
T000329,2005-09-30,32087.035,27714.715,27596.912,24215.512,20788.055,18975.0
T000329,2005-12-31,24785.098,23358.457,29527.508,24451.896,29655.62,36178.0
T000330,2004-03-31,114133.2,97846.5,82101.38,74048.11,79676.27,97504.0
T000330,2004-06-30,95888.055,80507.68,76797.945,74140.78,78921.18,69698.0
T000330,2004-09-30,78396.86,64722.168,82653.87,74988.25,68783.234,68354.0
T000330,2004-12-31,81338.84,72945.5,88383.81,74782.336,80693.03,107957.0
T000330,2005-03-31,112278.09,93368.625,88210.164,75121.125,87979.65,97068.0
T000330,2005-06-30,95700.53,81880.234,84444.29,75069.64,82958.52,68856.0
T000330,2005-09-30,76977.47,66443.89,82923.49,75665.04,72991.23,65599.0
T000330,2005-12-31,80669.57,76130.89,86719.36,72763.63,77492.555,100892.0
T000331,2004-03-31,25226.562,19870.41,20671.213,19801.08,20256.04,23674.0
T000331,2004-06-30,24187.035,19113.457,20911.068,19949.297,20074.723,19790.0
T000331,2004-09-30,21741.201,17113.701,21760.37,20047.299,19631.553,19318.0
T000331,2004-12-31,21283.781,18378.771,21921.568,19919.986,21378.395,23305.0
T000331,2005-03-31,24208.309,20826.973,21850.248,20513.004,22955.195,22401.0
T000331,2005-06-30,22699.678,19526.018,21083.127,20635.393,21430.555,16706.0
T000331,2005-09-30,18398.256,15868.1,20098.656,20696.197,20691.596,17411.0
T000331,2005-12-31,19152.027,18000.727,20175.748,20706.818,21175.627,24197.0
T000332,2004-03-31,13645.676,11116.045,9745.642,9312.883,8598.42,10179.0
T000332,2004-06-30,10613.867,8175.6475,9452.77,9359.8125,9235.347,9754.0
T000332,2004-09-30,10536.897,8498.138,10232.108,9633.819,9761.991,10100.0
T000332,2004-12-31,11267.38,9737.288,11154.351,9821.454,10617.986,13711.0
T000332,2005-03-31,13954.326,11186.25,11065.404,9843.466,10808.328,9846.0
T000332,2005-06-30,10377.651,8114.502,10675.976,9937.365,10757.76,10283.0
T000332,2005-09-30,11099.503,9526.475,10801.172,9967.912,10348.519,9839.0
T000332,2005-12-31,11056.139,10190.42,11294.187,9951.752,10841.493,14851.0
T000333,2004-03-31,15330.376,12256.201,14550.907,13505.793,12611.817,16504.0
T000333,2004-06-30,16844.688,13940.499,12845.606,14714.885,13445.879,9820.0
T000333,2004-09-30,11779.288,8651.282,13028.84,14804.532,13570.865,15522.0
T000333,2004-12-31,16677.764,13433.848,13689.838,14753.214,14449.224,14326.0
T000333,2005-03-31,16159.836,11700.043,14329.491,14699.301,16003.5,18586.0
T000333,2005-06-30,18641.527,13700.474,14534.493,14711.743,15035.803,13338.0
T000333,2005-09-30,15162.65,11572.006,15345.312,14524.067,15796.426,15562.0
T000333,2005-12-31,16640.414,15002.103,15254.125,14457.632,14436.438,14125.0
T000334,2004-03-31,167114.08,141603.83,126832.89,123088.516,126200.9,147861.0
T000334,2004-06-30,146427.3,122211.91,120023.125,123550.055,127058.49,109062.0
T000334,2004-09-30,121436.68,99500.1,127629.29,124299.97,115613.88,113294.0
T000334,2004-12-31,129389.75,115066.99,135006.69,123722.35,129565.78,159299.0
T000334,2005-03-31,165220.64,137624.53,135363.33,123877.234,138018.5,147901.0
T000334,2005-06-30,146373.12,123736.3,130755.29,123879.31,137651.22,109183.0
T000334,2005-09-30,120413.0,103939.34,129171.03,124675.09,125363.98,108411.0
T000334,2005-12-31,126323.42,119886.13,133308.36,117039.81,129103.6,154065.0
T000335,2004-03-31,50524.527,40016.008,38661.547,23274.346,35810.766,60471.0
T000335,2004-06-30,58997.39,44546.395,36977.484,23260.207,29493.637,23797.0
T000335,2004-09-30,28951.406,15673.044,34945.914,25089.182,26660.25,21214.0
T000335,2004-12-31,31653.146,20492.02,36465.37,25386.078,29884.852,44436.0
T000335,2005-03-31,51976.504,41728.94,40646.31,24743.553,38136.44,67955.0
T000335,2005-06-30,66131.99,51856.51,39784.324,24753.408,30403.977,33681.0
T000335,2005-09-30,38762.414,22945.502,39569.273,35162.312,35284.84,22354.0
T000335,2005-12-31,34244.906,21585.195,40788.402,35398.293,39821.48,42372.0
T000336,2004-03-31,41817.43,32701.96,27293.562,14740.874,22840.682,43868.0
T000336,2004-06-30,42325.836,31490.918,26706.373,14721.732,18118.504,14429.0
T000336,2004-09-30,19008.797,10761.961,25111.229,15447.73,15057.445,13116.0
T000336,2004-12-31,22511.041,14513.561,27390.82,15815.75,17887.352,40538.0
T000336,2005-03-31,45174.95,36604.12,30394.748,15241.387,24418.527,45779.0
T000336,2005-06-30,43891.26,35213.375,27974.207,15231.871,18622.246,15126.0
T000336,2005-09-30,20276.135,11088.303,26397.883,16244.48,12869.787,14504.0
T000336,2005-12-31,24956.816,16258.331,29159.53,16558.258,18815.818,40313.0
T000337,2004-03-31,2551.2603,2249.9045,2398.5144,2152.2065,2637.4312,3119.0
T000337,2004-06-30,3097.0696,2789.3452,2465.0186,2153.0266,2090.804,2232.0
T000337,2004-09-30,2345.5718,2320.1433,2346.7026,2262.6194,2254.8794,1840.0
T000337,2004-12-31,2120.0051,1864.4539,2328.0671,2273.766,1764.0823,2654.0
T000337,2005-03-31,2934.6548,2505.1213,2547.8562,2337.6946,2620.359,3339.0
T000337,2005-06-30,3327.9502,2851.413,2533.591,2344.7732,2500.5718,2932.0
T000337,2005-09-30,3017.5613,2397.5244,2638.5034,2395.172,2622.3647,2226.0
T000337,2005-12-31,2528.8303,2168.326,2738.7668,2407.4478,2515.1743,3110.0
T000338,2004-03-31,2875.9832,2501.8223,2728.495,2333.2385,2950.606,3501.0
T000338,2004-06-30,3476.288,3191.9146,2734.98,2332.4932,2678.3281,2102.0
T000338,2004-09-30,2350.9214,1917.5205,2604.5098,2341.0046,2254.4023,3008.0
T000338,2004-12-31,3371.205,2627.7288,2770.3958,2460.0146,2556.5042,3375.0
T000338,2005-03-31,3668.6626,3127.8223,3067.0344,2458.6443,3014.7715,3740.0
T000338,2005-06-30,3733.4287,3193.362,3034.978,2460.0398,2567.848,2550.0
T000338,2005-09-30,2858.627,2190.7742,3117.4905,2610.4844,2630.138,3257.0
T000338,2005-12-31,3574.3784,2766.022,3219.4038,2660.6545,2898.1216,3577.0
T000339,2004-03-31,97601.44,77571.766,71005.46,42715.11,64537.734,110959.0
T000339,2004-06-30,107663.93,82112.14,68879.22,42669.11,52679.523,42560.0
T000339,2004-09-30,52416.508,30770.764,64997.266,44877.438,45869.426,39178.0
T000339,2004-12-31,59413.715,39605.47,68920.97,45647.6,51631.9,91003.0
T000339,2005-03-31,103654.41,84063.125,76583.875,44363.207,67921.94,120813.0
T000339,2005-06-30,116815.92,93201.414,73305.93,44379.957,53826.484,54266.0
T000339,2005-09-30,64577.24,38718.703,71726.1,57140.58,55805.348,42341.0
T000339,2005-12-31,65099.63,42899.734,75813.36,57616.86,66577.3,89372.0
T000340,2004-03-31,8058.135,6549.4517,5415.0176,2396.2288,4286.012,9271.0
T000340,2004-06-30,8889.082,6872.3623,5016.974,2400.7876,3072.377,1967.0
T000340,2004-09-30,3014.5972,1441.5283,4502.807,2465.5046,1497.9172,1380.0
T000340,2004-12-31,3656.226,2163.8735,4895.0767,2578.4602,2681.1042,7449.0
T000340,2005-03-31,8595.697,6880.951,5626.3853,2425.699,4154.95,9458.0
T000340,2005-06-30,8996.691,6944.3657,4994.3057,2416.594,3055.0547,1948.0
T000340,2005-09-30,3014.79,900.084,4535.119,2486.672,1513.5054,1387.0
T000340,2005-12-31,3819.1694,2182.4412,5036.654,2595.9343,2986.2295,6757.0
T000341,2004-03-31,1952.0483,1466.7109,1181.7126,543.515,847.2727,1529.0
T000341,2004-06-30,1457.1703,1164.8424,1043.5189,540.84125,780.5381,584.0
T000341,2004-09-30,811.37085,492.51907,1022.9198,633.0782,503.2644,470.0
T000341,2004-12-31,922.843,653.71655,1153.8757,648.08093,738.65564,1876.0
T000341,2005-03-31,2032.8772,1697.677,1196.4182,622.4368,995.21606,1769.0
T000341,2005-06-30,1712.4565,1312.3025,1137.6548,621.6152,676.58514,511.0
T000341,2005-09-30,763.23016,357.5334,1054.2711,633.15814,449.04443,416.0
T000341,2005-12-31,887.26013,537.43567,1184.2562,649.9906,848.1555,1970.0
T000342,2004-03-31,498.58536,453.4234,426.6249,401.55493,545.1317,415.0
T000342,2004-06-30,394.50647,474.41498,333.15186,398.29694,415.25647,428.0
T000342,2004-09-30,456.97067,361.72723,366.8377,403.7816,200.70793,460.0
T000342,2004-12-31,572.00323,336.8931,424.09863,427.005,377.56345,575.0
T000342,2005-03-31,669.932,429.10696,472.7949,426.91986,619.7016,653.0
T000342,2005-06-30,643.63354,565.85815,528.41656,426.0275,567.1168,491.0
T000342,2005-09-30,529.67395,511.99677,534.0622,440.09546,483.91025,305.0
T000342,2005-12-31,418.36588,298.45303,502.69498,439.29144,331.3427,652.0
T000343,2004-03-31,666.7163,657.80023,719.4074,614.82666,792.29114,800.0
T000343,2004-06-30,772.5116,730.97644,565.8571,611.933,579.35675,348.0
T000343,2004-09-30,470.7109,260.18082,568.0753,618.72406,557.3142,410.0
T000343,2004-12-31,532.6346,485.87024,517.2487,615.45416,728.0048,780.0
T000343,2005-03-31,872.7673,748.3111,618.20013,612.38684,779.0827,1005.0
T000343,2005-06-30,981.48755,813.4654,633.74976,611.3231,615.7576,357.0
T000343,2005-09-30,486.80432,310.11746,599.4944,614.50836,697.5886,649.0
T000343,2005-12-31,781.7762,513.3657,689.05304,614.3929,677.83307,762.0
T000344,2004-03-31,11130.49,9149.696,7729.5835,3514.9644,5797.6084,12015.0
T000344,2004-06-30,11455.363,9266.523,6959.211,3517.2449,4174.747,3327.0
T000344,2004-09-30,4702.6465,2580.4946,6451.9883,3607.635,2002.1602,2720.0
T000344,2004-12-31,5625.581,3665.0303,6980.43,3736.408,3721.2822,10680.0
T000344,2005-03-31,12128.172,9780.578,7904.5,3545.758,5744.9053,12885.0
T000344,2005-06-30,12279.469,9659.243,7291.132,3538.975,4106.331,3307.0
T000344,2005-09-30,4743.074,2103.8457,6721.7983,3629.2515,2326.791,2757.0
T000344,2005-12-31,5849.4062,3555.3367,7409.0537,3758.3413,4034.9656,10141.0
T000345,2004-03-31,3251.5562,2507.1797,2732.3318,2081.5483,2529.1077,3848.0
T000345,2004-06-30,3939.8364,2797.354,2794.2312,2093.2085,2433.9077,2120.0
T000345,2004-09-30,2473.3618,1573.3838,2781.0142,2183.4382,2553.3242,2710.0
T000345,2004-12-31,3086.0884,2337.061,2861.8076,2556.076,2701.6912,3430.0
T000345,2005-03-31,3757.902,2865.0095,3142.644,2602.433,2816.3733,3936.0
T000345,2005-06-30,3966.598,3061.901,3036.0618,2605.4722,2690.6836,4103.0
T000345,2005-09-30,4423.59,2866.034,3519.5088,2788.3093,2536.653,3055.0
T000345,2005-12-31,3513.9011,2647.6848,3576.9587,3007.7795,3439.2317,3675.0
T000346,2004-03-31,1443.0065,1126.7955,939.2911,565.36865,792.86206,1294.0
T000346,2004-06-30,1263.6427,882.2738,901.24304,563.87646,697.82837,817.0
T000346,2004-09-30,944.4126,535.14154,950.757,854.4729,934.7963,702.0
T000346,2004-12-31,969.8495,697.79034,1058.5017,856.8917,1084.5991,1458.0
T000346,2005-03-31,1555.824,1277.1135,1110.8273,846.82996,1189.0449,1658.0
T000346,2005-06-30,1649.1045,1227.2004,1149.0231,847.81683,1008.68536,848.0
T000346,2005-09-30,1011.52686,633.04236,1105.8173,885.5783,921.68774,783.0
T000346,2005-12-31,1081.773,691.10474,1185.7756,893.6043,1089.4271,1694.0
T000347,2004-03-31,76.672104,92.453125,93.92604,76.620094,131.6347,67.0
T000347,2004-06-30,86.58072,86.01339,88.99059,76.14129,64.031265,124.0
T000347,2004-09-30,129.74799,107.39826,68.0543,75.96822,118.558624,160.0
T000347,2004-12-31,174.84573,108.5685,102.55982,77.40275,88.44416,88.0
T000347,2005-03-31,104.5959,98.75076,104.741646,75.608246,136.25372,180.0
T000347,2005-06-30,203.4188,147.40773,138.16002,91.484146,144.00491,176.0
T000347,2005-09-30,181.79105,127.29098,151.77304,91.4081,137.2012,134.0
T000347,2005-12-31,145.9441,102.02458,139.32904,127.58221,192.93396,94.0
T000348,2004-03-31,271.3756,190.03702,193.7265,184.55096,194.83713,159.0
T000348,2004-06-30,179.73972,144.18457,189.2561,184.34729,219.30193,203.0
T000348,2004-09-30,211.60739,180.11568,158.49399,205.04602,207.30461,168.0
T000348,2004-12-31,197.94249,144.22781,202.27995,187.07387,157.14172,272.0
T000348,2005-03-31,294.82697,236.93008,202.46806,205.69974,219.47772,178.0
T000348,2005-06-30,203.20723,120.71521,202.96411,206.5469,202.97949,276.0
T000348,2005-09-30,288.80533,196.4055,221.56186,206.26187,217.36386,311.0
T000348,2005-12-31,340.2685,229.10768,261.97455,212.662,225.71098,330.0
T000349,2004-03-31,4991.6064,3943.3726,3966.7466,3168.1323,3712.2275,5368.0
T000349,2004-06-30,5413.5654,3936.7925,3952.0046,3183.937,3422.9424,3264.0
T000349,2004-09-30,3699.3564,2424.623,3950.84,3349.613,3487.6382,3740.0
T000349,2004-12-31,4378.923,3316.8633,4215.7007,3671.9214,3896.6772,5248.0
T000349,2005-03-31,5667.213,4504.4233,4553.763,3818.8591,4249.06,5952.0
T000349,2005-06-30,5965.465,4579.7407,4528.44,3823.6614,3943.4766,5403.0
T000349,2005-09-30,5847.578,3849.4404,5002.5317,4095.0647,3796.303,4283.0
T000349,2005-12-31,5034.675,3699.3025,5169.9526,4392.052,4879.04,5793.0
T000350,2004-03-31,61719.64,49135.0,46803.883,27522.043,42766.234,73590.0
T000350,2004-06-30,71718.55,54267.133,44792.887,27530.672,35014.527,27884.0
T000350,2004-09-30,34329.95,18742.588,42222.46,29450.066,30399.059,25304.0
T000350,2004-12-31,38284.766,25058.436,44212.46,29826.506,35048.457,55315.0
T000350,2005-03-31,64235.004,51526.418,49409.516,29010.1,44838.97,81349.0
T000350,2005-06-30,78983.44,61903.92,47809.73,29026.928,35837.31,39732.0
T000350,2005-09-30,46024.055,26778.0,47641.03,41586.78,41571.605,26796.0
T000350,2005-12-31,41449.23,26490.986,49379.848,41885.3,48399.39,52804.0
T000351,2004-03-31,45187.004,35304.438,29413.738,15797.796,24426.338,46691.0
T000351,2004-06-30,45010.945,33546.684,28648.176,15775.716,19524.254,15830.0
T000351,2004-09-30,20750.416,11799.312,27083.043,16931.613,16536.62,14288.0
T000351,2004-12-31,24375.963,15875.35,29598.943,17323.125,19784.18,43872.0
T000351,2005-03-31,48743.766,39587.074,32699.213,16710.092,26614.043,49206.0
T000351,2005-06-30,47237.234,37759.77,30259.918,16697.648,20316.543,16485.0
T000351,2005-09-30,22038.938,12086.598,28557.064,17688.352,14191.802,15703.0
T000351,2005-12-31,26901.498,17495.227,31527.963,18021.814,20707.229,43977.0
T000352,2004-03-31,3096.3657,2810.2224,2921.7112,2582.743,3241.3152,3601.0
T000352,2004-06-30,3529.7146,3366.939,2880.212,2578.1533,2518.4326,2784.0
T000352,2004-09-30,2894.7122,2806.7883,2779.2034,2802.6328,2683.9026,2460.0
T000352,2004-12-31,2824.535,2327.8337,2853.6516,2819.3074,2308.439,3317.0
T000352,2005-03-31,3675.07,3048.9395,3117.0254,2820.9102,3343.0605,4172.0
T000352,2005-06-30,4150.757,3580.107,3204.7954,2818.7698,3178.44,3599.0
T000352,2005-09-30,3697.0886,3052.5085,3324.662,2852.9275,3117.5835,2665.0
T000352,2005-12-31,3065.4346,2585.2546,3377.493,2863.1753,2926.925,3856.0
T000353,2004-03-31,3777.731,3364.7302,3644.0964,3103.3857,3804.7217,4460.0
T000353,2004-06-30,4385.661,4081.8691,3482.8816,3100.3347,3344.929,2653.0
T000353,2004-09-30,2999.376,2373.7466,3325.4668,3115.3264,2876.779,3586.0
T000353,2004-12-31,4069.1272,3276.2927,3483.2876,3183.9658,3353.049,4427.0
T000353,2005-03-31,4798.764,4130.3916,3883.7434,3174.8918,3918.4731,4923.0
T000353,2005-06-30,4874.9355,4144.421,3871.0269,3176.913,3287.9072,3183.0
T000353,2005-09-30,3579.3108,2716.7307,3935.9067,3247.4082,3361.4517,4217.0
T000353,2005-12-31,4647.309,3527.606,4174.0625,3489.9373,3622.6606,4669.0
T000354,2004-03-31,113620.5,90716.305,82702.11,49055.83,74571.66,128342.0
T000354,2004-06-30,124404.85,95358.33,79789.914,49027.51,60735.184,49151.0
T000354,2004-09-30,60722.7,35822.266,75400.234,51831.375,52111.22,45638.0
T000354,2004-12-31,69308.42,46643.68,80117.95,52715.918,60347.137,106931.0
T000354,2005-03-31,121348.94,98390.81,89034.94,51213.855,78208.97,139650.0
T000354,2005-06-30,134958.5,107474.16,85124.36,51235.55,62114.625,62999.0
T000354,2005-09-30,75028.805,44741.125,83453.555,66317.0,64897.992,49381.0
T000354,2005-12-31,75834.34,50218.727,88402.15,66901.8,77943.43,105306.0
T000355,2004-03-31,17721.564,14159.904,11062.2705,4234.916,9066.878,18142.0
T000355,2004-06-30,17134.693,14319.508,10152.567,4221.941,4949.636,3091.0
T000355,2004-09-30,5660.883,2846.0615,9159.573,4383.523,512.97656,3744.0
T000355,2004-12-31,8932.983,4731.706,10225.19,4535.1455,3618.546,16374.0
T000355,2005-03-31,18669.777,14454.946,11517.756,4249.1235,8228.165,18817.0
T000355,2005-06-30,17783.664,14901.588,10255.408,4238.4966,5734.048,3114.0
T000355,2005-09-30,5797.2217,2732.045,9426.601,4410.6177,670.88794,4217.0
T000355,2005-12-31,9623.61,5332.953,10731.233,4894.5273,4255.711,15616.0
T000356,2004-03-31,2849.1367,2085.795,1658.5654,1137.9473,1755.6829,2652.0
T000356,2004-06-30,2561.9927,1933.0168,1698.1724,1138.581,1565.9869,1091.0
T000356,2004-09-30,1426.7156,870.2821,1750.2231,1168.2673,1185.1194,1164.0
T000356,2004-12-31,1731.063,1189.3958,1926.7576,1251.3962,1634.0022,2635.0
T000356,2005-03-31,2868.714,2346.7715,2007.5735,1227.4827,2013.2136,3179.0
T000356,2005-06-30,3118.3057,2344.3247,1998.2554,1228.8383,1452.7354,935.0
T000356,2005-09-30,1340.5973,782.268,1837.4564,1247.8903,1264.8007,1130.0
T000356,2005-12-31,1769.2711,1274.7793,1965.144,1265.6864,1594.2483,2984.0
T000357,2004-03-31,997.6476,786.9086,673.39056,511.87814,551.70593,809.0
T000357,2004-06-30,817.3577,649.07806,645.5109,514.8196,586.157,454.0
T000357,2004-09-30,533.9623,505.82495,645.74567,513.2385,663.72766,532.0
T000357,2004-12-31,633.90796,609.2247,709.61523,548.6592,558.0499,503.0
T000357,2005-03-31,546.4396,562.8424,606.23846,543.60284,625.00415,760.0
T000357,2005-06-30,757.055,566.9131,568.9498,544.145,533.3024,558.0
T000357,2005-09-30,625.6863,473.81882,578.60895,575.335,545.729,660.0
T000357,2005-12-31,746.6521,642.5819,610.94257,572.2983,636.1382,514.0
T000358,2004-03-31,733.3574,558.91034,952.30005,865.21893,1049.1372,1586.0
T000358,2004-06-30,1603.1691,1293.5685,963.5242,866.42365,1021.2368,544.0
T000358,2004-09-30,735.8088,513.8609,939.5862,878.56824,885.5739,1502.0
T000358,2004-12-31,1631.3684,1230.1913,1033.6809,869.0672,976.8659,913.0
T000358,2005-03-31,1114.9982,895.3943,1186.7041,947.7181,1135.9078,1930.0
T000358,2005-06-30,1972.6174,1438.7532,1221.8276,943.5925,957.45825,729.0
T000358,2005-09-30,987.5942,544.2926,1275.2834,953.5975,1134.5715,1322.0
T000358,2005-12-31,1449.0154,1163.2957,1178.7996,942.5971,1213.1777,1084.0
T000359,2004-03-31,22179.285,17637.8,14324.311,6944.972,12369.324,23189.0
T000359,2004-06-30,22024.695,18239.273,13482.143,6936.5107,7980.638,5180.0
T000359,2004-09-30,8263.229,4781.031,12484.809,7139.2817,3114.38,6942.0
T000359,2004-12-31,12827.662,7816.6836,13836.099,7705.4253,7193.734,20425.0
T000359,2005-03-31,23052.406,18318.908,15309.061,7393.236,12418.472,24686.0
T000359,2005-06-30,23468.455,19313.014,14079.795,7382.9307,9085.133,5336.0
T000359,2005-09-30,8609.514,4594.1523,13097.543,7575.0337,4299.786,7329.0
T000359,2005-12-31,13447.709,8481.384,14442.059,8121.039,8388.84,20198.0
T000360,2004-03-31,8144.252,6792.4766,5030.5723,1749.073,3441.9072,6991.0
T000360,2004-06-30,6545.1064,5044.8325,4055.8835,1736.2386,1640.289,910.0
T000360,2004-09-30,2216.7349,400.57422,3715.006,1836.9271,267.42627,1414.0
T000360,2004-12-31,3733.9714,1993.978,4340.8,1909.0391,1950.8049,7250.0
T000360,2005-03-31,8050.128,6416.3887,4608.3887,1759.0748,3413.7332,7225.0
T000360,2005-06-30,6734.04,5482.8804,4040.5498,1740.9163,1934.944,1160.0
T000360,2005-09-30,2434.2993,675.58276,3806.0828,1833.2356,73.91223,1373.0
T000360,2005-12-31,3792.919,1772.8562,4392.152,1739.5924,1988.5815,7345.0
T000361,2004-03-31,3039.2349,2351.8105,1812.9166,813.19507,1521.4093,3143.0
T000361,2004-06-30,3013.255,2260.5974,1759.9133,816.792,929.1602,575.0
T000361,2004-09-30,1012.2693,576.8649,1636.0555,844.63995,608.58374,896.0
T000361,2004-12-31,1672.8457,1104.3569,1863.2146,998.4146,937.63635,2591.0
T000361,2005-03-31,2915.2695,2392.2354,1995.278,958.83813,1662.0029,2813.0
T000361,2005-06-30,2657.152,2140.9573,1676.5629,953.80695,1108.3662,486.0
T000361,2005-09-30,932.706,383.70874,1545.1792,987.90735,628.1929,751.0
T000361,2005-12-31,1543.6387,1040.8922,1688.4186,1006.9115,1110.4163,2387.0
T000362,2004-03-31,231.44688,179.22711,234.96648,207.82683,244.08734,419.0
T000362,2004-06-30,427.18716,346.0975,273.68863,207.94905,265.17535,149.0
T000362,2004-09-30,164.42212,169.74242,239.26598,186.30919,207.9538,146.0
T000362,2004-12-31,196.17337,134.39713,210.74693,187.00766,176.68765,285.0
T000362,2005-03-31,352.88083,273.45602,272.93066,208.88834,248.73358,424.0
T000362,2005-06-30,419.20654,359.62674,253.20311,207.59193,220.92392,200.0
T000362,2005-09-30,227.4628,163.42688,249.71039,210.53859,211.91109,158.0
T000362,2005-12-31,221.64641,186.65765,259.2052,209.72343,201.48624,376.0
T000363,2004-03-31,304.3194,280.36008,233.04175,186.31746,311.9666,327.0
T000363,2004-06-30,311.80292,285.27823,221.04437,184.65231,237.99059,194.0
T000363,2004-09-30,230.04236,149.76419,225.50882,203.45918,191.13289,182.0
T000363,2004-12-31,258.86765,145.58057,239.13525,204.74529,277.85376,369.0
T000363,2005-03-31,412.58734,345.36835,279.269,201.65709,383.10492,493.0
T000363,2005-06-30,482.06903,417.84515,309.90698,201.18645,273.47797,177.0
T000363,2005-09-30,226.97974,174.43666,286.0864,202.84175,235.63406,284.0
T000363,2005-12-31,373.4978,234.76636,325.35434,274.25632,283.0896,470.0
T000364,2004-03-31,11688.486,9619.592,7309.4204,2806.0396,5210.397,10880.0
T000364,2004-06-30,10246.499,7953.3667,6313.0747,2796.218,2763.9604,1828.0
T000364,2004-09-30,3597.8413,1313.0293,5813.194,2925.3862,977.13135,2638.0
T000364,2004-12-31,5825.3633,3394.633,6646.4497,3076.0884,2945.5388,10495.0
T000364,2005-03-31,11690.149,9443.468,7152.846,2877.8987,5308.8584,10955.0
T000364,2005-06-30,10261.795,8416.157,6278.4434,2858.0308,3138.9958,2023.0
T000364,2005-09-30,3786.3696,1412.0381,5884.967,2984.6235,731.6985,2566.0
T000364,2005-12-31,5899.424,3250.1777,6662.3354,3063.5115,3150.6323,10578.0
T000365,2004-03-31,4426.8784,3662.5981,3071.9941,1227.824,2503.2952,4349.0
T000365,2004-06-30,4068.42,3432.8591,2528.891,1224.8545,1380.7837,999.0
T000365,2004-09-30,1660.5625,809.99316,2353.1794,1266.9939,291.68115,918.0
T000365,2004-12-31,2213.3477,1270.5542,2557.836,1310.6105,1073.2854,3734.0
T000365,2005-03-31,4326.418,3396.8079,2771.7068,1230.6637,2281.6362,4220.0
T000365,2005-06-30,3940.5864,3291.0615,2414.3447,1218.574,1383.5413,763.0
T000365,2005-09-30,1374.8627,525.8081,2168.3943,1264.5298,490.62134,660.0
T000365,2005-12-31,1940.4926,887.4171,2374.571,1310.1923,1140.5996,3401.0
T000366,2004-03-31,1380.3115,1036.3774,786.72797,422.2692,669.7119,1071.0
T000366,2004-06-30,1026.9479,739.6422,735.94946,423.83594,519.82776,423.0
T000366,2004-09-30,594.74615,413.07428,736.3491,458.29214,438.8598,548.0
T000366,2004-12-31,842.9234,586.18396,876.7274,592.2915,633.0136,1020.0
T000366,2005-03-31,1102.0574,966.42706,812.2972,577.9421,917.17834,934.0
T000366,2005-06-30,896.2537,762.5091,713.6797,576.2113,656.74225,249.0
T000366,2005-09-30,428.9866,254.70932,647.6356,586.053,431.55972,453.0
T000366,2005-12-31,735.34406,499.31702,686.6042,587.97345,675.11224,1302.0
T000367,2004-03-31,328.53403,258.9973,261.4297,226.12903,206.02162,276.0
T000367,2004-06-30,276.8922,263.14197,209.78032,233.49844,249.4787,129.0
T000367,2004-09-30,181.24088,85.85739,221.80737,235.52022,222.84111,328.0
T000367,2004-12-31,358.2231,252.76889,260.86823,234.52896,277.1868,373.0
T000367,2005-03-31,408.95932,299.06882,278.3815,282.111,348.81647,537.0
T000367,2005-06-30,546.94165,358.34503,341.13998,283.38766,267.3678,234.0
T000367,2005-09-30,299.8015,206.97159,356.78638,286.278,316.33826,473.0
T000367,2005-12-31,523.09827,383.8942,398.4291,285.0923,310.79834,326.0
T000368,2004-03-31,267.91818,200.83763,220.102,204.39496,252.86366,356.0
T000368,2004-06-30,360.23364,299.89575,240.02838,222.68929,234.45845,78.0
T000368,2004-09-30,123.04881,70.589035,215.47401,224.29456,228.02379,164.0
T000368,2004-12-31,205.49413,167.3925,204.20518,222.7629,242.51988,264.0
T000368,2005-03-31,293.97592,260.07327,234.95915,222.4374,236.80489,305.0
T000368,2005-06-30,301.29135,247.4931,199.6803,222.45439,176.6461,181.0
T000368,2005-09-30,219.58694,145.30115,219.84209,224.81247,174.03897,88.0
T000368,2005-12-31,127.72242,134.73901,208.8075,189.23813,208.2521,144.0
T000369,2004-03-31,6367.68,5176.1997,4334.0547,2082.773,3661.8633,6052.0
T000369,2004-06-30,5694.817,4751.9194,3715.2786,2077.6475,2402.511,1629.0
T000369,2004-09-30,2526.5342,1396.3723,3522.396,2133.9175,1166.0278,1958.0
T000369,2004-12-31,3582.5295,2295.4626,3895.5889,2181.263,2053.9707,5391.0
T000369,2005-03-31,6094.751,4940.752,4099.227,2082.4556,3601.5806,5996.0
T000369,2005-06-30,5635.034,4678.935,3669.9395,2070.6592,2296.0315,1427.0
T000369,2005-09-30,2287.3135,1152.7236,3388.8535,2132.0002,1200.943,1674.0
T000369,2005-12-31,3275.437,1929.0677,3662.5205,2172.881,2083.7769,5173.0
T000370,2004-03-31,9242.835,7411.6934,6268.7505,5142.6626,7031.658,7597.0
T000370,2004-06-30,7334.0356,5972.8853,5765.4614,5191.87,5717.095,2895.0
T000370,2004-09-30,4362.337,3237.768,5749.1196,5249.9277,4966.4536,4852.0
T000370,2004-12-31,6559.1836,5124.7466,6282.902,5201.0273,5663.078,10157.0
T000370,2005-03-31,10586.715,8309.405,6693.128,5193.019,7438.463,8558.0
T000370,2005-06-30,8343.218,6241.436,6386.202,5213.46,6092.524,3539.0
T000370,2005-09-30,5009.433,2890.2988,6387.163,5283.565,5622.967,4934.0
T000370,2005-12-31,6774.2876,5318.2666,7068.673,5221.1064,6865.504,9453.0
T000371,2004-03-31,2350.6958,1976.2849,1556.4368,982.2217,1345.6077,2236.0
T000371,2004-06-30,2189.625,1607.3903,1482.2312,986.3799,1073.4344,1155.0
T000371,2004-09-30,1447.6245,835.6888,1537.0609,1217.9722,1245.0325,1484.0
T000371,2004-12-31,1923.9976,1359.3474,1802.0117,1547.6749,1707.4858,2784.0
T000371,2005-03-31,2965.3057,2361.288,1992.4204,1536.9774,1951.3738,2479.0
T000371,2005-06-30,2444.0913,1826.9318,1925.3011,1545.9403,1581.2446,872.0
T000371,2005-09-30,1225.3185,683.8308,1800.1959,1555.5613,1394.7982,1590.0
T000371,2005-12-31,2095.5017,1538.3342,1992.8033,1658.8065,2030.7788,2772.0
T000372,2004-03-31,1155.141,1036.0438,946.74243,793.5486,977.7298,1141.0
T000372,2004-06-30,1148.3076,1083.3754,922.2133,794.59033,901.4621,1042.0
T000372,2004-09-30,1080.9767,985.33496,974.36255,904.0766,897.87946,698.0
T000372,2004-12-31,853.2726,732.3152,981.5353,904.1549,884.6215,964.0
T000372,2005-03-31,1066.6415,902.06354,976.8705,923.20386,1086.4526,1471.0
T000372,2005-06-30,1496.7761,1183.7375,1067.2749,976.6961,1071.3882,1069.0
T000372,2005-09-30,1106.3744,907.70233,1019.65814,1041.5387,1014.75385,803.0
T000372,2005-12-31,963.54156,748.7357,1045.4835,1046.5543,1001.79224,1475.0
T000373,2004-03-31,1170.916,1069.0369,1161.441,1081.9966,1348.332,1236.0
T000373,2004-06-30,1250.2021,1096.3635,1063.2202,1110.3193,1086.979,817.0
T000373,2004-09-30,997.95166,840.3535,1033.8507,1120.2643,1123.4961,1146.0
T000373,2004-12-31,1279.569,1064.2107,1070.4626,1113.5343,1138.9642,1257.0
T000373,2005-03-31,1351.3888,1119.802,1131.5656,1157.8546,1312.495,1087.0
T000373,2005-06-30,1092.0018,853.73944,1056.9454,1110.5991,1085.4558,866.0
T000373,2005-09-30,1017.5172,664.57336,1082.7673,1114.494,1211.372,1363.0
T000373,2005-12-31,1457.9053,1168.7407,1164.3641,1110.3271,1253.999,1389.0
T000374,2004-03-31,13839.322,11526.138,9925.066,8197.294,10639.176,12210.0
T000374,2004-06-30,11851.685,9793.153,9234.607,8261.014,8907.536,5909.0
T000374,2004-09-30,7822.376,5936.6807,9283.226,8332.018,8159.6045,8180.0
T000374,2004-12-31,10548.658,8317.754,10133.275,8480.59,9427.687,15162.0
T000374,2005-03-31,15893.449,12730.5205,10797.666,8480.525,11802.907,13595.0
T000374,2005-06-30,13298.281,10144.045,10433.085,8508.056,9809.409,6346.0
T000374,2005-09-30,8292.934,5186.2305,10289.723,8587.66,9103.76,8690.0
T000374,2005-12-31,11191.692,8817.143,11254.62,9077.849,11253.273,15089.0
T000375,2004-03-31,2726.23,2021.2279,1642.0334,1050.4753,1554.3411,2349.0
T000375,2004-06-30,2319.8794,1618.6328,1535.2603,1058.2417,1442.5259,609.0
T000375,2004-09-30,958.06366,547.25415,1500.8826,1080.9738,1203.3876,662.0
T000375,2004-12-31,1171.1586,945.8423,1592.9845,1078.0903,1317.2386,2170.0
T000375,2005-03-31,2378.8853,1859.7756,1584.7506,1063.5923,1531.7899,2486.0
T000375,2005-06-30,2441.8154,1699.0134,1453.1821,1062.8568,1358.2926,621.0
T000375,2005-09-30,949.83594,398.99603,1355.3525,1088.2148,1083.1755,737.0
T000375,2005-12-31,1324.5219,967.6164,1513.0209,1104.4744,1497.0801,2466.0
T000376,2004-03-31,880.9446,790.29407,627.874,420.72162,604.60144,637.0
T000376,2004-06-30,633.3857,547.09894,526.23627,419.26816,466.45786,344.0
T000376,2004-09-30,463.28098,288.58438,501.7076,426.46796,248.71004,410.0
T000376,2004-12-31,607.0596,407.69952,591.0787,437.5898,535.8168,970.0
T000376,2005-03-31,1005.9042,799.40814,617.0098,426.422,580.2991,923.0
T000376,2005-06-30,909.3578,660.3008,644.50415,426.28653,537.25854,453.0
T000376,2005-09-30,560.9545,316.87186,649.39185,476.2342,442.264,490.0
T000376,2005-12-31,688.3015,483.91574,724.4419,513.9995,709.6166,1043.0
T000377,2004-03-31,599.7342,473.83093,380.33847,248.68022,162.45338,247.0
T000377,2004-06-30,417.57657,305.4784,449.03055,268.38995,477.69476,818.0
T000377,2004-09-30,836.0011,621.0666,422.4684,261.97028,193.00963,186.0
T000377,2004-12-31,359.6829,202.25328,443.5236,271.54727,485.46204,793.0
T000377,2005-03-31,863.2544,606.61725,497.66168,264.14874,247.88383,181.0
T000377,2005-06-30,369.10922,234.3827,529.5227,269.52667,528.80096,847.0
T000377,2005-09-30,867.2069,621.78186,491.61237,263.3717,235.75633,147.0
T000377,2005-12-31,331.47253,176.49974,521.2817,271.70773,442.66522,748.0
T000378,2004-03-31,1204.5211,949.992,786.8854,590.37476,669.91254,799.0
T000378,2004-06-30,847.39044,590.47955,793.3793,630.1836,791.6864,704.0
T000378,2004-09-30,798.5824,551.7621,825.61896,720.32446,691.292,454.0
T000378,2004-12-31,628.80475,554.17816,830.737,719.707,941.42145,872.0
T000378,2005-03-31,886.8125,844.71216,722.0518,716.0524,679.27856,952.0
T000378,2005-06-30,989.0551,838.2476,745.5951,717.2608,676.79407,619.0
T000378,2005-09-30,712.16895,530.3566,695.0039,722.3602,489.09277,548.0
T000378,2005-12-31,717.91974,503.23822,747.8857,723.8803,789.4332,999.0
T000379,2004-03-31,5262.87,4287.026,3441.9822,2385.5334,2944.3713,4032.0
T000379,2004-06-30,4108.3926,3117.5732,3252.2607,2397.0273,3148.2488,2475.0
T000379,2004-09-30,2928.2659,2063.2522,3247.1504,2593.3152,2494.8125,1712.0
T000379,2004-12-31,2638.4646,2165.8413,3484.7717,2604.884,3374.584,4805.0
T000379,2005-03-31,5004.0654,4161.8594,3411.3215,2563.1016,3132.6235,4542.0
T000379,2005-06-30,4595.8984,3486.1978,3313.8108,2570.755,3219.1323,2540.0
T000379,2005-09-30,2972.7983,1922.3129,3203.5183,2662.157,2472.921,1922.0
T000379,2005-12-31,2931.4946,2186.9854,3532.5671,2695.5825,3573.3623,5256.0
T000380,2004-03-31,42044.492,34119.516,27075.408,13150.057,23383.367,39428.0
T000380,2004-06-30,37204.117,30451.037,24041.156,13118.134,14681.771,8504.0
T000380,2004-09-30,14763.432,7902.8486,22465.223,13522.17,6575.045,11590.0
T000380,2004-12-31,22455.89,14132.438,24994.592,13791.1,13053.14,39685.0
T000380,2005-03-31,43809.918,34507.664,27155.113,13191.615,22207.176,41306.0
T000380,2005-06-30,39034.523,31683.605,24549.404,13125.426,15788.093,9197.0
T000380,2005-09-30,15467.746,7288.1426,23140.715,13574.914,7640.3203,11921.0
T000380,2005-12-31,23275.93,14348.125,26072.348,13835.257,15010.715,38281.0
T000381,2004-03-31,10471.718,8254.442,6437.705,3599.155,5725.917,9739.0
T000381,2004-06-30,9372.984,7101.6,6200.773,3604.2468,4376.769,3588.0
T000381,2004-09-30,4913.8545,2999.6865,6162.286,3859.7295,3395.1929,4502.0
T000381,2004-12-31,6735.934,4663.8726,7057.5176,4848.1694,5852.61,10000.0
T000381,2005-03-31,10796.064,8885.113,7413.0415,4740.9136,7521.7217,10328.0
T000381,2005-06-30,9967.513,7753.0986,6957.3184,4729.363,5697.401,2995.0
T000381,2005-09-30,4460.428,2440.1614,6475.9624,4799.8735,4507.3447,4414.0
T000381,2005-12-31,6783.803,4857.739,7054.9287,4853.6294,6116.3965,10488.0
T000382,2004-03-31,3083.0042,2711.6846,2392.5757,2263.8167,2260.7695,2683.0
T000382,2004-06-30,2768.8818,2546.9404,2344.5679,2293.5742,2696.7124,2571.0
T000382,2004-09-30,2635.1836,2399.3984,2392.5188,2443.2969,2345.5334,1748.0
T000382,2004-12-31,2138.1729,1870.5737,2511.847,2448.8098,2588.0146,2763.0
T000382,2005-03-31,2938.9414,2565.706,2468.4475,2456.0598,2727.259,3028.0
T000382,2005-06-30,3117.8071,2551.2593,2542.9873,2593.386,2884.4985,2846.0
T000382,2005-09-30,2904.2598,2385.9624,2549.9922,2625.4119,2485.184,1992.0
T000382,2005-12-31,2370.9023,1980.2412,2635.363,2641.6025,2774.6162,3299.0
T000383,2004-03-31,3681.5261,3181.0647,3420.9036,3355.6423,3753.9016,4513.0
T000383,2004-06-30,4469.4814,3765.2139,3411.6833,3453.563,3622.0376,2358.0
T000383,2004-09-30,2845.4138,2196.2183,3354.8694,3475.946,3367.6704,3590.0
T000383,2004-12-31,4039.2046,3327.0195,3441.1824,3515.8647,3835.002,3830.0
T000383,2005-03-31,4142.929,3650.1968,3697.0774,3523.425,4044.1538,5112.0
T000383,2005-06-30,5077.431,4055.4956,3730.7686,3522.9294,3383.7039,2634.0
T000383,2005-09-30,3172.6504,2152.7578,3711.4128,3545.8591,3597.107,3854.0
T000383,2005-12-31,4289.465,3475.314,3796.5598,3626.5776,4021.1526,4226.0
T000384,2004-03-31,59092.35,48337.562,39321.215,21740.66,34736.9,56363.0
T000384,2004-06-30,53626.96,43931.957,35993.39,21711.158,24630.094,17021.0
T000384,2004-09-30,25010.336,15567.791,34345.07,22242.992,14654.577,21430.0
T000384,2004-12-31,35215.445,24072.475,37985.52,23319.86,24037.197,56278.0
T000384,2005-03-31,61463.332,49686.59,40747.04,22564.254,35208.742,59774.0
T000384,2005-06-30,56964.03,46122.406,37767.35,22488.69,26429.986,17672.0
T000384,2005-09-30,25844.6,14351.027,35849.047,23020.031,16889.059,22181.0
T000384,2005-12-31,36492.332,24754.164,39541.676,24108.352,27480.6,56294.0
T000385,2004-03-31,103446.7,83375.55,73831.6,39370.074,64759.21,113018.0
T000385,2004-06-30,108468.97,84861.97,68779.555,39371.387,48305.914,36388.0
T000385,2004-09-30,48714.633,26805.293,64672.82,40015.367,34346.723,36894.0
T000385,2004-12-31,60301.855,39354.29,69168.3,40886.46,44494.305,95000.0
T000385,2005-03-31,107762.09,86164.66,76469.32,39399.926,63096.406,122655.0
T000385,2005-06-30,117533.69,93730.68,72299.586,39400.418,47675.668,48929.0
T000385,2005-09-30,60986.344,34248.89,70768.78,51754.156,47226.027,38717.0
T000385,2005-12-31,64219.98,41023.645,75382.98,52517.15,61254.258,91085.0
T000386,2004-03-31,55606.97,43570.566,35849.625,18483.172,29011.465,56430.0
T000386,2004-06-30,54364.004,40659.914,34846.57,18484.549,22760.232,19418.0
T000386,2004-09-30,25637.244,14810.625,33243.56,20788.936,19815.01,18790.0
T000386,2004-12-31,31079.105,20552.684,36653.266,21242.611,24418.508,53872.0
T000386,2005-03-31,59519.72,48481.945,40113.46,20499.049,32917.48,59534.0
T000386,2005-06-30,57196.445,45522.285,37216.72,20483.295,24795.664,19480.0
T000386,2005-09-30,26493.307,14536.551,35026.504,20927.893,16712.129,20117.0
T000386,2005-12-31,33642.38,22363.418,38582.59,21938.17,25695.8,54465.0
T000387,2004-03-31,6098.48,5550.778,5302.2085,4936.8604,5550.5312,6284.0
T000387,2004-06-30,6228.427,5939.793,5222.24,4926.4746,5160.192,5355.0
T000387,2004-09-30,5464.373,5229.5796,5174.789,5124.5786,4935.872,4208.0
T000387,2004-12-31,4918.752,4221.6436,5350.2617,5155.003,4828.987,6080.0
T000387,2005-03-31,6571.509,5635.797,5588.866,5415.872,6014.713,7200.0
T000387,2005-06-30,7199.6685,6151.6816,5739.815,5416.982,6007.332,6445.0
T000387,2005-09-30,6555.736,5456.601,5874.4956,5759.233,5747.8506,4657.0
T000387,2005-12-31,5404.41,4584.463,6010.0337,5784.29,5808.7515,7155.0
T000388,2004-03-31,7432.8745,6555.808,7068.0957,6449.1006,7889.521,8973.0
T000388,2004-06-30,8838.763,7853.7383,6897.437,6479.7754,7109.8604,5011.0
T000388,2004-09-30,5835.204,4576.7783,6678.7983,6515.2676,6400.3916,7176.0
T000388,2004-12-31,8093.8174,6610.24,6923.795,6902.2563,7302.305,8257.0
T000388,2005-03-31,8932.248,7788.011,7577.478,6933.199,8076.8813,10035.0
T000388,2005-06-30,9946.217,8205.588,7602.35,6941.016,6759.4497,5817.0
T000388,2005-09-30,6747.2036,4876.017,7646.3105,6956.514,6947.8594,8071.0
T000388,2005-12-31,8923.506,7009.617,7969.268,7030.1294,7561.727,8895.0
T000389,2004-03-31,172430.28,139151.03,122019.02,67786.84,105838.91,184705.0
T000389,2004-06-30,177675.83,139406.66,115723.68,67780.33,81895.625,66172.0
T000389,2004-09-30,85472.67,51518.49,109740.34,70192.875,62726.215,67068.0
T000389,2004-12-31,104150.49,70846.44,118055.37,72494.445,79273.625,163209.0
T000389,2005-03-31,182594.75,148174.23,129759.4,70148.25,108307.0,199424.0
T000389,2005-06-30,191623.05,153702.58,122839.4,70158.57,83433.9,80671.0
T000389,2005-09-30,100575.76,59225.25,119293.46,85110.52,77425.85,71562.0
T000389,2005-12-31,111891.31,75107.445,127929.28,86264.016,100238.53,161600.0
T000390,2004-03-31,1189.7902,1107.2057,1049.2958,1175.8889,1183.0168,1123.0
T000390,2004-06-30,1147.4508,1049.749,1031.0656,1153.5919,1116.1467,861.0
T000390,2004-09-30,972.10596,936.8307,991.03906,1136.8658,1092.2389,674.0
T000390,2004-12-31,806.4313,874.4526,959.8789,1133.0724,1102.9545,1229.0
T000390,2005-03-31,1286.9521,1282.1847,999.3794,1133.0088,1050.6261,1027.0
T000390,2005-06-30,1052.8663,1059.5868,933.852,1036.8748,973.8055,681.0
T000390,2005-09-30,803.33813,719.40344,867.1641,1038.568,959.1878,866.0
T000390,2005-12-31,1038.4497,995.4765,978.4414,985.9608,1106.2285,1196.0
T000391,2004-03-31,3429.268,2926.6206,2409.7861,1988.9874,2376.5366,3052.0
T000391,2004-06-30,3069.5474,2417.0498,2445.3787,1996.7563,2291.9724,1723.0
T000391,2004-09-30,2068.1206,1605.9343,2425.9202,2010.8456,1852.8094,1586.0
T000391,2004-12-31,2157.8848,1834.3762,2509.476,2012.1658,2470.6643,3568.0
T000391,2005-03-31,3666.8022,3139.9263,2596.6145,1998.0688,2297.9849,2934.0
T000391,2005-06-30,2942.9197,2518.531,2385.8787,2001.4073,2249.454,1842.0
T000391,2005-09-30,2187.542,1516.7594,2361.071,2023.0222,1636.0508,1690.0
T000391,2005-12-31,2303.7002,1921.2461,2604.0947,2030.4733,2551.9893,4307.0
T000392,2004-03-31,365.7178,277.74957,330.0213,331.62122,345.08075,273.0
T000392,2004-06-30,291.4824,232.48196,288.7901,312.99234,338.4922,294.0
T000392,2004-09-30,312.94415,286.086,299.21204,298.00644,314.83258,288.0
T000392,2004-12-31,316.92047,287.48166,285.79648,292.82285,242.11856,394.0
T000392,2005-03-31,451.7823,292.1449,315.2997,297.68015,274.3437,302.0
T000392,2005-06-30,320.4511,268.01428,315.22543,296.1599,331.50153,296.0
T000392,2005-09-30,315.41568,336.83554,314.56522,296.5922,373.74298,310.0
T000392,2005-12-31,349.0373,313.90363,334.6287,298.08102,188.58325,234.0
T000393,2004-03-31,306.40335,266.80518,264.78357,279.50137,352.98578,256.0
T000393,2004-06-30,263.74545,234.5836,242.21968,271.0819,254.69662,196.0
T000393,2004-09-30,224.18744,195.05771,241.94582,259.1793,283.72476,144.0
T000393,2004-12-31,170.78015,182.12503,221.65794,252.49124,233.75108,264.0
T000393,2005-03-31,291.8418,294.88928,221.46152,252.04549,267.4531,364.0
T000393,2005-06-30,372.90778,326.99124,244.32382,251.40689,198.93535,367.0
T000393,2005-09-30,388.4947,302.4931,279.40518,253.09694,253.85576,374.0
T000393,2005-12-31,408.8571,318.44525,338.88742,262.8245,320.8675,282.0
T000394,2004-03-31,5174.2725,4628.182,4044.5054,4110.796,4718.8145,4704.0
T000394,2004-06-30,4675.2563,3984.09,4009.9817,4112.4307,4381.3438,3074.0
T000394,2004-09-30,3462.881,3074.7798,3956.113,4138.258,3917.773,2692.0
T000394,2004-12-31,3328.2856,3229.1208,3978.0464,3536.5479,4425.752,5455.0
T000394,2005-03-31,5607.9536,5058.8247,4130.6885,3513.4482,4321.5894,4627.0
T000394,2005-06-30,4590.412,4223.62,3875.222,3508.995,4181.564,3186.0
T000394,2005-09-30,3578.854,2926.7637,3824.1633,3534.3354,3683.2686,3240.0
T000394,2005-12-31,3981.5771,3598.9805,4249.8896,3554.9207,4646.862,6019.0
T000395,2004-03-31,9939.888,7982.1133,7338.164,6101.108,7595.278,7657.0
T000395,2004-06-30,7507.2695,6358.8516,6766.7285,6084.394,6982.2905,4784.0
T000395,2004-09-30,5641.5845,4414.588,6581.766,6139.824,6114.5894,6348.0
T000395,2004-12-31,7537.6753,5964.289,7327.544,6530.832,6786.649,9676.0
T000395,2005-03-31,9991.463,8525.762,7303.843,6487.922,8016.9424,9716.0
T000395,2005-06-30,9536.528,7754.897,7515.8228,6500.209,7064.1587,5946.0
T000395,2005-09-30,6858.8633,5427.5254,7650.8857,6532.76,6453.3423,6134.0
T000395,2005-12-31,7458.4155,6339.104,7948.7974,6533.9233,7541.404,10383.0
T000396,2004-03-31,11911.941,9662.1875,8117.999,6449.6934,7102.6167,7743.0
T000396,2004-06-30,8317.393,6487.2744,7971.6543,6789.334,7254.3555,7825.0
T000396,2004-09-30,8708.74,6849.2695,8153.251,6896.2905,5946.3774,6570.0
T000396,2004-12-31,8123.198,6816.5537,8950.036,6905.791,8310.194,11810.0
T000396,2005-03-31,11831.518,10359.75,8644.701,6868.884,7309.9326,8540.0
T000396,2005-06-30,9087.317,7445.9907,8522.896,7029.05,7492.17,8355.0
T000396,2005-09-30,9273.804,7152.408,8574.447,7888.3203,6298.219,7536.0
T000396,2005-12-31,9183.144,7482.9,9413.716,7896.356,9140.031,12322.0
T000397,2004-03-31,1496.765,1359.9617,1600.689,1639.5011,1803.0463,1840.0
T000397,2004-06-30,1921.5968,1583.4493,1673.5293,1642.3489,1694.078,1798.0
T000397,2004-09-30,1871.7096,1606.4608,1672.9585,1715.1139,1748.4055,1526.0
T000397,2004-12-31,1612.7388,1387.5759,1625.4362,1643.6622,1716.3196,1969.0
T000397,2005-03-31,2040.4299,1744.3623,1795.1348,1646.4417,1736.7684,1443.0
T000397,2005-06-30,1534.0957,1497.3923,1688.7522,1646.1953,1812.6564,1691.0
T000397,2005-09-30,1728.0916,1471.785,1637.4326,1642.9393,1552.753,2160.0
T000397,2005-12-31,2249.9333,1865.5681,1848.2397,1703.1707,1772.5109,1483.0
T000398,2004-03-31,5683.7617,4982.167,4727.3394,4691.4883,4368.587,4843.0
T000398,2004-06-30,4925.9336,4366.481,4667.9746,4698.9937,4614.154,4147.0
T000398,2004-09-30,4431.6445,3905.5378,4702.161,4712.2046,4700.216,4080.0
T000398,2004-12-31,4449.6035,4112.5,4747.9595,4693.4385,4908.2964,5244.0
T000398,2005-03-31,5277.029,4753.37,4640.303,4691.5054,4962.6016,3942.0
T000398,2005-06-30,3992.6116,3887.601,4306.1875,4625.6704,4749.5884,5002.0
T000398,2005-09-30,5249.4663,4709.271,4531.745,4712.6357,4435.321,4178.0
T000398,2005-12-31,4521.408,4173.1133,4668.9595,4585.7173,4570.117,5961.0
T000399,2004-03-31,28760.57,24075.54,21759.492,18514.227,20932.727,22083.0
T000399,2004-06-30,22457.879,18885.025,21066.166,18537.906,20323.176,18554.0
T000399,2004-09-30,20467.414,16877.387,21130.346,18883.877,18340.672,18524.0
T000399,2004-12-31,21454.465,18389.133,22660.26,18909.441,21219.203,28699.0
T000399,2005-03-31,28902.71,25473.031,22394.951,18799.418,21132.918,23641.0
T000399,2005-06-30,23888.316,20688.668,21954.945,18835.012,20398.545,20994.0
T000399,2005-09-30,22919.559,18868.75,22436.223,21351.816,18828.371,20008.0
T000399,2005-12-31,23121.88,19981.89,23955.287,21344.152,23378.18,30149.0
T000400,2004-03-31,8577.246,7678.4355,6121.082,5722.12,6335.9307,8211.0
T000400,2004-06-30,8037.5254,6499.359,5779.663,5707.118,5382.488,3979.0
T000400,2004-09-30,4927.4814,3139.0889,5824.842,5771.0474,5228.966,5040.0
T000400,2004-12-31,6321.5273,4858.2905,6353.682,5761.8096,6536.2285,7174.0
T000400,2005-03-31,7648.8604,6949.9126,6400.157,5674.007,7229.6475,7367.0
T000400,2005-06-30,7038.242,6651.4126,5820.363,5658.9463,5672.4546,3684.0
T000400,2005-09-30,4579.879,3930.83,5611.6484,5721.268,4617.832,3634.0
T000400,2005-12-31,5051.8857,4628.6616,5529.789,5269.4604,5583.1655,6059.0
T000401,2004-03-31,7065.927,6252.4824,5423.412,5338.051,5611.236,6115.0
T000401,2004-06-30,6264.553,5253.4966,5438.55,5339.587,5458.3843,5358.0
T000401,2004-09-30,5854.0635,4483.4775,5663.1177,5360.0654,4816.5283,4716.0
T000401,2004-12-31,5488.227,4765.003,5932.646,5356.8613,6382.3726,6869.0
T000401,2005-03-31,6934.183,6632.5596,5854.989,5334.934,5888.647,5969.0
T000401,2005-06-30,6009.4844,5843.3125,5668.914,5341.208,5360.897,4711.0
T000401,2005-09-30,5205.374,4697.6025,5430.3735,5347.7383,4630.17,5058.0
T000401,2005-12-31,5895.803,5223.5977,5775.5205,5355.931,5924.446,7009.0
T000402,2004-03-31,1717.2854,1413.3994,1307.1282,1386.7261,1246.0938,1269.0
T000402,2004-06-30,1394.8427,1133.4735,1214.7992,1323.9327,1324.5377,1274.0
T000402,2004-09-30,1390.7585,1106.2351,1289.3436,1288.6119,1214.1245,1314.0
T000402,2004-12-31,1439.4895,1344.4381,1416.2411,1283.9958,1336.2083,1512.0
T000402,2005-03-31,1538.01,1412.1354,1348.5519,1281.6638,1130.5258,1847.0
T000402,2005-06-30,1916.7322,1512.8942,1494.737,1323.5419,1307.4907,1363.0
T000402,2005-09-30,1472.5021,1365.3058,1482.5709,1328.1179,1363.318,1118.0
T000402,2005-12-31,1288.3898,1397.2827,1440.8954,1293.9772,1578.1819,1044.0
T000403,2004-03-31,13252.246,11535.86,9601.811,8666.142,9457.822,10708.0
T000403,2004-06-30,10864.767,8423.165,9282.112,8691.942,8664.912,8291.0
T000403,2004-09-30,9326.467,6399.374,9795.005,8753.845,9181.547,4578.0
T000403,2004-12-31,5956.4688,6055.5703,9357.439,8744.301,10714.148,6477.0
T000403,2005-03-31,6842.458,7943.6104,7839.2153,8477.216,8972.551,5669.0
T000403,2005-06-30,5707.8193,7079.0444,6524.1064,7913.9585,6812.89,3773.0
T000403,2005-09-30,4617.655,5105.161,4984.508,7871.7217,5401.0117,3488.0
T000403,2005-12-31,4968.839,4535.2344,4985.1934,6731.188,6630.1313,4358.0
T000404,2004-03-31,31094.787,27550.857,23484.873,22215.15,23381.053,28212.0
T000404,2004-06-30,28235.947,22794.53,22745.643,22188.49,21286.48,19815.0
T000404,2004-09-30,22269.162,15765.657,23675.746,22352.809,20599.4,16834.0
T000404,2004-12-31,20155.682,18120.773,24077.648,20542.416,24967.451,22706.0
T000404,2005-03-31,23551.89,23832.445,22723.623,20268.23,23330.312,22231.0
T000404,2005-06-30,21719.543,22523.127,20329.736,20188.352,20628.178,14345.0
T000404,2005-09-30,16424.521,15983.361,18528.506,20311.936,17491.654,14405.0
T000404,2005-12-31,18064.805,16893.754,18652.77,20405.986,20899.977,18915.0
T000405,2004-03-31,19556.441,16827.383,14505.279,13478.372,15838.73,16991.0
T000405,2004-06-30,16618.018,13947.441,13567.611,13438.8545,14189.779,9624.0
T000405,2004-09-30,11475.326,8522.869,13407.873,13553.574,13045.353,12062.0
T000405,2004-12-31,14564.511,11732.166,14635.662,13048.542,14833.141,18079.0
T000405,2005-03-31,18835.898,16798.107,14676.577,12938.911,16563.85,18110.0
T000405,2005-06-30,17523.508,15510.619,14267.482,12929.688,13874.239,10311.0
T000405,2005-09-30,12159.412,10124.775,14125.362,13033.495,12237.295,10634.0
T000405,2005-12-31,13425.433,12008.55,14456.653,12485.153,14536.516,17638.0
T000406,2004-03-31,22348.64,18863.54,15950.986,13739.107,14699.351,16910.0
T000406,2004-06-30,17562.541,14182.279,15833.89,13765.7295,14342.043,14906.0
T000406,2004-09-30,16583.95,12966.162,16253.427,14217.308,12532.285,12872.0
T000406,2004-12-31,15700.789,13444.973,17413.53,14221.165,16785.422,22247.0
T000406,2005-03-31,22366.0,20160.838,17083.404,14149.848,15118.755,17443.0
T000406,2005-06-30,17957.594,15834.376,16568.275,14705.723,15142.259,14908.0
T000406,2005-09-30,16612.584,13397.364,16375.219,15202.546,12874.942,14284.0
T000406,2005-12-31,17305.73,14658.559,17805.92,15244.384,17787.676,23638.0
T000407,2004-03-31,3480.6572,3090.8694,3235.5781,3423.9265,3465.1484,3382.0
T000407,2004-06-30,3514.3745,2991.5398,3182.9517,3395.5552,3584.461,3366.0
T000407,2004-09-30,3495.3584,3042.0679,3275.8376,3390.418,3484.7354,3128.0
T000407,2004-12-31,3290.0303,3061.5579,3316.869,3375.5237,3502.0193,3875.0
T000407,2005-03-31,3947.4077,3492.3455,3459.7046,3374.8687,3284.743,3592.0
T000407,2005-06-30,3667.9487,3325.9653,3470.757,3377.233,3562.4932,3350.0
T000407,2005-09-30,3422.09,3221.4543,3446.46,3377.2598,3350.954,3588.0
T000407,2005-12-31,3740.485,3634.2764,3633.6836,3381.2715,3614.2026,2761.0
T000408,2004-03-31,18404.398,16139.39,13669.661,12440.398,13277.007,14835.0
T000408,2004-06-30,15063.139,12170.993,13294.023,12463.447,12493.609,11797.0
T000408,2004-09-30,13081.242,9711.792,13832.658,12538.843,13027.8,7852.0
T000408,2004-12-31,9567.878,9539.344,13486.217,12545.813,14840.728,11218.0
T000408,2005-03-31,11493.78,12263.07,11801.018,12177.977,12841.486,9123.0
T000408,2005-06-30,9152.681,10370.388,10207.369,11971.694,10496.324,8671.0
T000408,2005-09-30,9639.1045,9466.438,9048.94,12009.61,8861.927,7374.0
T000408,2005-12-31,9108.129,8353.024,9343.508,11508.608,10495.239,10127.0
T000409,2004-03-31,64790.555,56367.676,49250.117,43847.86,47767.27,54999.0
T000409,2004-06-30,55143.277,45742.45,47792.844,43838.152,44734.008,41443.0
T000409,2004-09-30,46002.457,35795.293,48762.215,44108.566,41448.945,38050.0
T000409,2004-12-31,44744.645,39819.754,50723.38,42462.7,48652.266,56860.0
T000409,2005-03-31,57764.168,54480.51,49047.9,42107.12,47241.91,50499.0
T000409,2005-06-30,49826.133,47552.527,46131.918,42054.098,43655.59,38525.0
T000409,2005-09-30,42748.266,37928.97,44771.973,42306.25,37481.883,37653.0
T000409,2005-12-31,44718.44,40633.477,46859.516,42518.715,46099.434,55083.0
T000410,2004-03-31,377767.88,314371.28,284621.75,217878.17,275976.25,380128.0
T000410,2004-06-30,369528.2,302737.72,272700.84,217903.69,244635.36,209694.0
T000410,2004-09-30,244384.53,182384.38,275774.56,220263.17,214595.3,240872.0
T000410,2004-12-31,293785.94,234244.95,296547.0,249617.25,275463.0,359749.0
T000410,2005-03-31,387438.34,323670.4,310011.62,248197.7,325959.1,398014.0
T000410,2005-06-30,387132.28,324507.8,299751.28,247623.61,280907.94,218139.0
T000410,2005-09-30,253517.61,197075.66,292904.25,249694.34,252304.83,231567.0
T000410,2005-12-31,289813.28,242995.28,302013.1,251182.53,272681.62,344281.0
T000411,2004-03-31,207799.58,168850.25,147563.95,112246.33,141894.5,183816.0
T000411,2004-06-30,182719.14,146145.2,147459.16,112421.945,135628.16,132484.0
T000411,2004-09-30,147758.28,111956.4,151376.72,136304.39,137959.72,122226.0
T000411,2004-12-31,151134.3,119872.0,163142.14,136189.53,163303.22,221444.0
T000411,2005-03-31,230226.48,191887.83,169897.89,135180.52,171609.34,199873.0
T000411,2005-06-30,199410.47,164459.0,165997.94,135966.3,160381.44,126215.0
T000411,2005-09-30,144435.52,112073.44,160771.72,136244.11,137983.67,124289.0
T000411,2005-12-31,156990.92,129639.65,171961.2,136917.75,162395.34,223195.0
T000412,2004-03-31,60541.297,56025.95,54779.0,52563.7,53924.734,61868.0
T000412,2004-06-30,62475.45,56231.48,55878.14,52639.54,53242.645,59202.0
T000412,2004-09-30,60385.785,55159.1,57708.67,52776.18,54676.6,60150.0
T000412,2004-12-31,62570.348,56353.55,60085.723,53617.992,55858.824,67601.0
T000412,2005-03-31,69586.56,60470.33,62515.78,55737.09,58284.69,62211.0
T000412,2005-06-30,63260.1,57011.89,61941.426,57305.074,60073.766,65425.0
T000412,2005-09-30,67331.74,59987.273,63603.582,59591.617,58045.31,63270.0
T000412,2005-12-31,66498.26,61120.566,65010.348,59917.996,58974.52,68265.0
T000413,2004-03-31,56156.676,50952.285,46440.926,44315.004,47936.516,51940.0
T000413,2004-06-30,51812.254,45480.92,45386.56,45177.727,44816.605,40332.0
T000413,2004-09-30,44295.97,36160.344,46756.867,45326.957,46473.91,43014.0
T000413,2004-12-31,46734.43,42605.926,47793.562,45157.29,49484.25,50418.0
T000413,2005-03-31,52071.18,47374.457,47247.09,45154.527,49242.56,50340.0
T000413,2005-06-30,49932.855,45106.51,45781.137,45151.07,44278.97,44162.0
T000413,2005-09-30,47154.586,41159.977,46458.18,45294.105,44106.09,45608.0
T000413,2005-12-31,49029.445,44050.07,47767.492,46147.477,46105.15,52603.0
T000414,2004-03-31,708884.9,597137.06,545263.25,436409.75,534900.8,693501.0
T000414,2004-06-30,680192.7,564328.6,533448.8,436665.44,490747.7,451570.0
T000414,2004-09-30,505189.6,394889.7,543177.2,463867.88,467331.97,481518.0
T000414,2004-12-31,566291.9,466722.78,578493.94,495496.44,555512.5,707564.0
T000414,2005-03-31,746757.6,632577.75,601725.3,492514.62,619628.9,726739.0
T000414,2005-06-30,712954.75,605578.3,586136.6,492118.2,557395.06,463676.0
T000414,2005-09-30,520367.62,420841.34,576147.94,495344.03,506490.56,479727.0
T000414,2005-12-31,573864.25,492518.56,598339.94,498046.88,546643.8,695387.0
T000415,1997-06-30,369960.06,20348.156,400985.16,301432.9,113230.75,539639.0
T000415,1997-09-30,768705.25,534523.56,489843.2,283411.88,625958.25,941768.0
T000415,1997-12-31,877234.1,821980.5,436359.75,276030.25,370858.53,191521.0
T000415,1998-03-31,290069.56,148810.9,379835.06,242014.17,20906.969,38355.0
T000415,1998-06-30,346104.97,740.4375,407500.6,255844.78,110725.59,663581.0
T000415,1998-09-30,880789.9,588417.75,525469.0,240736.75,602769.25,1123497.0
T000415,1998-12-31,1069898.4,940677.3,510409.2,237828.64,424080.34,218810.0
T000415,1999-03-31,323728.44,227503.31,452099.9,248088.23,86307.984,67595.0
T000416,1997-06-30,95237.875,18964.227,110371.9,72981.97,27290.754,151316.0
T000416,1997-09-30,203332.08,144627.27,126598.47,68440.92,149143.19,222120.0
T000416,1997-12-31,205354.69,191462.53,108167.3,67000.21,79790.625,37208.0
T000416,1998-03-31,65065.18,38286.234,94316.32,53047.82,8271.094,14641.0
T000416,1998-06-30,89115.22,13668.82,103798.99,56398.836,17549.242,166433.0
T000416,1998-09-30,215362.22,151395.56,125882.94,52086.6,143697.16,260252.0
T000416,1998-12-31,246634.22,214106.38,119974.4,51621.316,89804.8,44875.0
T000416,1999-03-31,73602.36,47870.516,107394.45,51530.082,21061.54,33547.0
T000417,1997-06-30,382979.3,58112.344,456586.53,316101.8,193725.84,622859.0
T000417,1997-09-30,839898.5,597241.8,549757.7,296956.62,625606.8,1066820.0
T000417,1997-12-31,1000456.5,867676.0,504390.53,290776.8,392133.88,241821.0
T000417,1998-03-31,339375.22,171207.81,445303.9,289621.47,111008.016,55710.0
T000417,1998-06-30,367224.44,46106.906,474376.0,304273.16,155290.81,715301.0
T000417,1998-09-30,930225.25,645611.7,594603.6,287693.5,611546.0,1099360.0
T000417,1998-12-31,1038639.0,922577.44,530731.3,283930.7,444696.03,266144.0
T000417,1999-03-31,366685.62,246043.06,476196.5,296814.28,101967.14,93289.0
T000418,1997-06-30,21532.7,2072.912,18875.918,17807.473,-2679.5605,16854.0
T000418,1997-09-30,30857.469,15029.062,21108.674,17379.719,36723.742,32956.0
T000418,1997-12-31,30845.379,34160.695,18682.072,17041.914,20190.441,12712.0
T000418,1998-03-31,16580.082,19406.924,16693.771,15078.442,8664.803,7797.0
T000418,1998-06-30,18819.254,4171.256,16658.963,15449.375,-5850.6016,23746.0
T000418,1998-09-30,35622.86,17778.271,21156.605,15122.537,31661.871,47845.0
T000418,1998-12-31,47160.875,38932.85,23736.727,15030.902,23176.348,17517.0
T000418,1999-03-31,20905.42,20620.068,22366.08,17792.885,18507.822,10873.0
T000419,1997-06-30,117449.516,9482.266,112987.53,86057.21,-4558.2188,128942.0
T000419,1997-09-30,213399.78,128326.5,142733.56,82030.12,188230.56,313383.0
T000419,1997-12-31,295109.94,263011.53,140689.97,80245.39,96693.875,59288.0
T000419,1998-03-31,89535.93,62120.484,119590.34,81519.875,37662.23,31739.0
T000419,1998-06-30,112039.625,7717.203,123071.555,84355.4,-10488.43,133721.0
T000419,1998-09-30,214736.77,126000.195,158502.2,81246.04,183986.38,428802.0
T000419,1998-12-31,420548.3,330209.8,172906.02,81165.35,109986.875,65426.0
T000419,1999-03-31,99816.02,72594.02,146246.16,74145.99,64988.35,48386.0
T000420,1997-06-30,24730.84,7216.7734,37520.0,16073.391,18006.527,58084.0
T000420,1997-09-30,74425.56,54471.164,46987.492,14567.836,35254.42,93672.0
T000420,1997-12-31,88479.84,64923.195,40402.523,14448.963,20601.922,7235.0
T000420,1998-03-31,17640.111,-1891.0312,34624.203,10509.989,7362.2617,634.0
T000420,1998-06-30,25876.633,5881.6074,38463.67,11743.5205,11806.821,64089.0
T000420,1998-09-30,81266.78,56823.625,48706.0,9989.961,36530.582,143869.0
T000420,1998-12-31,141079.2,92604.92,55817.02,10245.4375,23159.723,17690.0
T000420,1999-03-31,30453.598,2798.6484,49286.86,21200.396,24849.053,3601.0
T000421,1997-06-30,91372.375,14819.156,108241.055,70413.37,21887.965,158429.0
T000421,1997-09-30,214047.69,143872.23,130659.92,65943.83,146689.53,242599.0
T000421,1997-12-31,226260.78,197875.28,116032.016,64585.69,93677.734,51396.0
T000421,1998-03-31,75431.72,44942.773,102948.15,58066.71,24121.355,14176.0
T000421,1998-06-30,89286.266,17692.477,113092.07,61626.215,21617.168,174935.0
T000421,1998-09-30,225909.16,154067.64,137659.66,57263.367,139699.52,299465.0
T000421,1998-12-31,286995.0,230635.97,136801.38,56932.734,101573.445,59763.0
T000421,1999-03-31,86708.53,53424.773,121676.27,67534.88,39272.03,16625.0
T000422,1997-06-30,69979.44,25335.742,108203.016,53970.977,59629.75,193031.0
T000422,1997-09-30,231364.95,171300.5,136051.28,49339.266,103214.89,246596.0
T000422,1997-12-31,233226.28,169726.78,117940.88,48760.39,75337.14,29685.0
T000422,1998-03-31,56829.4,-1391.9219,102387.38,50607.35,35018.38,1507.0
T000422,1998-06-30,72792.38,20841.383,117527.836,54468.348,59113.914,172695.0
T000422,1998-09-30,211609.69,165536.78,131309.8,49485.38,107031.25,260846.0
T000422,1998-12-31,245888.8,187190.66,115866.19,48990.965,65944.78,32569.0
T000422,1999-03-31,61050.44,10752.297,101473.016,45290.844,12980.072,3519.0
T000423,1997-06-30,20999.531,4463.9746,28750.145,25196.877,29164.326,57983.0
T000423,1997-09-30,69650.56,51383.805,39464.117,24549.244,40835.88,71849.0
T000423,1997-12-31,69547.84,57651.164,36028.414,24375.06,39254.05,17672.0
T000423,1998-03-31,23168.184,11355.641,32793.812,20298.3,15151.635,757.0
T000423,1998-06-30,20011.81,6859.379,37040.53,21236.643,28029.832,49557.0
T000423,1998-09-30,61489.508,45784.08,39959.195,20064.37,42082.69,79102.0
T000423,1998-12-31,76599.06,57477.047,37098.61,19895.316,38689.516,19921.0
T000423,1999-03-31,25383.832,13352.266,33135.25,22349.387,20913.422,1509.0
T000424,1997-06-30,31224.152,29834.785,22142.309,20144.172,21947.973,16340.0
T000424,1997-09-30,18373.707,16910.42,21429.07,20181.54,17701.303,17273.0
T000424,1997-12-31,20482.848,17519.254,20669.594,19538.312,17607.361,19676.0
T000424,1998-03-31,23515.605,20419.443,22671.928,19973.975,23686.875,32830.0
T000424,1998-06-30,32242.922,28452.68,21937.08,19912.523,20010.635,17477.0
T000424,1998-09-30,19195.795,17104.465,21097.555,20074.781,19798.902,17051.0
T000424,1998-12-31,20468.338,18775.273,21050.104,20124.873,18105.27,19772.0
T000424,1999-03-31,24001.555,21531.857,23262.422,20033.723,22544.55,30175.0
T000425,1997-06-30,48344.992,30097.164,56133.27,56386.918,47438.215,82059.0
T000425,1997-09-30,93370.81,72563.16,60174.426,55569.086,73744.28,95831.0
T000425,1997-12-31,93821.78,81381.055,61565.895,55233.04,69295.56,35826.0
T000425,1998-03-31,41960.484,38936.324,55676.477,48251.383,45800.496,28076.0
T000425,1998-06-30,49149.934,33506.062,60498.66,49202.43,50823.41,82520.0
T000425,1998-09-30,93754.97,75799.8,65666.84,48161.227,71681.47,72956.0
T000425,1998-12-31,70078.125,68422.016,53308.09,47889.465,69800.484,35810.0
T000425,1999-03-31,42687.65,38469.625,51308.35,45830.38,40658.97,27015.0
T000426,1997-06-30,10565.867,8604.824,13374.137,9703.763,12281.592,19045.0
T000426,1997-09-30,21565.758,17773.07,13595.362,9398.852,16269.257,16870.0
T000426,1997-12-31,16027.034,14829.187,11804.592,9336.499,14610.368,5455.0
T000426,1998-03-31,7568.9854,6848.798,10710.451,8871.999,8001.507,7158.0
T000426,1998-06-30,11850.984,7892.409,12608.336,9090.494,8925.699,14683.0
T000426,1998-09-30,16956.748,14512.606,11891.35,8760.324,15491.605,15386.0
T000426,1998-12-31,14635.705,14154.105,10468.452,8704.883,12294.538,5569.0
T000426,1999-03-31,7720.285,6832.537,10043.907,8407.909,4920.0073,6632.0
