unique_id,ds,NBEATS,NLinear,KAN,MLP,DLinear,SeasonalNaive
T000000,1993-08-31,5770.872,6151.202,3649.208,2651.792,10790.633,6611.115
T000000,1993-09-30,5785.342,7794.343,3519.8145,2866.1665,1093.5026,4150.2395
T000000,1993-10-31,5637.2607,4159.999,3243.7598,2814.4016,1437.9564,2841.0
T000000,1993-11-30,5301.7676,6864.164,2794.5479,2873.895,4221.997,1813.44
T000000,1993-12-31,5396.782,7382.3667,3242.1353,2959.995,-612.2324,2261.08
T000000,1994-01-31,4370.5737,5177.3857,3508.5225,2893.6716,2758.2437,1873.605
T000000,1994-02-28,5110.785,6356.753,3044.411,2838.4539,2760.3254,1772.84
T000000,1994-03-31,5467.8965,3541.9773,3308.568,2815.3015,-3678.781,2049.565
T000000,1994-04-30,5003.836,6418.1943,3334.8848,2830.9614,6274.838,2932.265
T000000,1994-05-31,5484.3794,6186.793,3062.7676,2748.5767,685.2361,3113.255
T000000,1994-06-30,5498.945,9467.23,3422.5396,2886.733,3244.8962,3461.505
T000000,1994-07-31,5843.964,7224.8623,3183.8904,2771.3604,3487.5803,6265.74
T000001,1993-08-31,178475.94,183508.02,131830.52,102827.96,336896.03,176215.2
T000001,1993-09-30,181233.42,208953.4,131012.42,107271.78,70965.97,160025.7
T000001,1993-10-31,176944.4,140995.7,128017.77,106307.96,52105.473,150995.5
T000001,1993-11-30,166869.97,206240.94,120128.96,107320.14,205132.47,112002.6
T000001,1993-12-31,167588.5,194468.7,126543.96,108954.82,-25734.46,85668.59
T000001,1994-01-31,147995.47,161420.11,132395.52,107926.94,166745.38,107283.1
T000001,1994-02-28,161366.22,202379.31,121045.94,106503.51,172989.36,86953.77
T000001,1994-03-31,168207.25,124391.52,129239.37,105953.75,-75791.164,95141.96
T000001,1994-04-30,157840.3,187979.72,126621.45,106301.17,237428.62,104902.6
T000001,1994-05-31,167653.64,180400.38,121508.27,105159.3,2572.0156,117794.5
T000001,1994-06-30,169497.66,239029.38,127380.61,107652.72,52611.85,139187.5
T000001,1994-07-31,178673.0,212138.5,123937.38,105356.13,58231.906,183571.9
T000002,2006-01-31,90929.56,97759.836,93791.57,84262.18,61066.61,89162.0
T000002,2006-02-28,91936.33,90426.02,94971.33,86842.555,98551.64,66728.0
T000002,2006-03-31,91313.7,80712.97,95781.805,86411.79,72062.17,104864.0
T000002,2006-04-30,91363.914,83060.73,94523.5,86753.875,54363.727,102253.0
T000002,2006-05-31,92795.29,83163.14,94329.06,87888.414,91556.53,91564.0
T000002,2006-06-30,88223.96,71582.625,94365.11,87291.41,57879.082,99782.0
T000002,2006-07-31,91873.65,107065.77,94350.33,86454.58,71600.07,100335.0
T000002,2006-08-31,94580.44,74274.266,96290.62,86063.336,110024.03,87455.0
T000002,2006-09-30,91181.625,85153.74,95336.68,86334.8,82867.72,87126.0
T000002,2006-10-31,96558.59,110918.63,95855.89,85742.51,134177.44,113382.0
T000002,2006-11-30,95318.36,126086.29,94546.27,87072.99,113373.62,109339.0
T000002,2006-12-31,95081.055,95400.17,96217.234,85788.08,104126.73,91099.0
T000003,2006-01-31,30233.742,32634.25,25345.209,21258.697,23546.498,25621.0
T000003,2006-02-28,30400.93,31955.79,25794.547,21987.223,22350.215,19333.0
T000003,2006-03-31,30078.742,25649.512,26179.385,21841.498,15105.1875,29124.0
T000003,2006-04-30,29618.777,29816.812,24979.352,21971.871,17781.852,26206.0
T000003,2006-05-31,30032.6,33347.6,25077.607,22298.602,16144.615,24662.0
T000003,2006-06-30,27581.201,23053.623,25570.818,22079.186,15264.305,20063.0
T000003,2006-07-31,29587.545,36122.4,25067.42,21877.037,17997.836,24784.0
T000003,2006-08-31,30631.29,21958.414,26111.92,21790.469,16466.404,23189.0
T000003,2006-09-30,29097.35,29188.299,26057.234,21852.68,19789.033,20031.0
T000003,2006-10-31,31130.035,39429.21,25656.98,21590.69,25367.334,31092.0
T000003,2006-11-30,31198.25,48078.85,25587.166,22039.818,26420.164,33325.0
T000003,2006-12-31,31009.125,35764.87,25664.277,21671.709,20000.13,31412.0
T000004,2006-01-31,49022.64,49957.71,43105.71,32155.357,45180.617,44171.0
T000004,2006-02-28,47971.83,49577.38,43273.98,33596.625,16923.188,28694.0
T000004,2006-03-31,48126.895,34802.523,43442.332,33320.008,12998.918,41972.0
T000004,2006-04-30,47749.53,42320.49,43209.75,33574.54,44708.17,44119.0
T000004,2006-05-31,49051.82,57390.836,44042.4,34166.67,13258.204,39822.0
T000004,2006-06-30,45131.82,30995.502,43939.418,33816.86,43609.883,47412.0
T000004,2006-07-31,47099.945,60664.664,43342.996,33370.0,40880.277,46414.0
T000004,2006-08-31,49376.977,34986.906,44164.215,33175.402,15535.629,39951.0
T000004,2006-09-30,48158.633,42902.957,44595.76,33325.46,48326.79,49662.0
T000004,2006-10-31,50696.42,70152.05,43695.074,32901.926,26357.613,49482.0
T000004,2006-11-30,48923.668,75811.17,42981.605,33698.758,28515.957,43546.0
T000004,2006-12-31,49923.867,49352.297,43921.344,33013.168,23294.629,50332.0
T000005,2006-01-31,38607.82,38502.176,38423.074,31514.535,38183.617,39292.0
T000005,2006-02-28,39822.902,34062.082,38637.93,32574.857,31786.475,32350.0
T000005,2006-03-31,38990.06,35091.418,39472.637,32337.422,18844.574,48773.0
T000005,2006-04-30,37633.137,35106.785,38063.46,32573.986,34409.746,42371.0
T000005,2006-05-31,37580.93,37133.195,37316.305,33058.26,10420.115,32204.0
T000005,2006-06-30,34359.676,30456.246,37899.234,32680.787,22911.7,30396.0
T000005,2006-07-31,37157.277,45410.15,38022.082,32434.701,29943.361,34089.0
T000005,2006-08-31,38738.0,32256.74,39119.344,32310.51,19062.012,34031.0
T000005,2006-09-30,37108.24,33608.227,38623.35,32401.65,37232.492,34931.0
T000005,2006-10-31,40607.82,48725.65,38739.63,31936.096,32773.164,50028.0
T000005,2006-11-30,40379.28,53592.0,38296.695,32644.957,30915.457,47097.0
T000005,2006-12-31,39664.402,45579.516,38672.836,32097.287,23815.16,39039.0
T000006,2006-01-31,15129.987,13517.061,16535.16,13500.887,12222.091,13921.0
T000006,2006-02-28,15570.872,11646.53,17014.49,14039.604,13528.292,11658.0
T000006,2006-03-31,14881.533,14715.264,17344.26,13926.944,6636.3022,19017.0
T000006,2006-04-30,14925.816,13062.069,16943.568,14034.831,15647.772,21023.0
T000006,2006-05-31,14729.015,12243.523,16634.686,14273.314,7109.9697,15987.0
T000006,2006-06-30,13685.211,12329.256,16403.113,14111.708,10183.778,14039.0
T000006,2006-07-31,14886.648,17379.768,16630.285,13969.364,13158.611,14740.0
T000006,2006-08-31,15579.819,13197.517,17090.627,13901.136,10915.074,15158.0
T000006,2006-09-30,15185.404,13752.37,17062.627,13946.954,16913.615,17561.0
T000006,2006-10-31,16677.97,19574.734,17477.621,13743.758,18350.473,25464.0
T000006,2006-11-30,16447.537,20471.242,16862.365,14088.105,15234.545,21276.0
T000006,2006-12-31,15747.185,18006.98,17397.88,13812.895,10897.67,14781.0
T000007,2006-01-31,111410.8,124077.11,102049.73,90091.99,79683.484,115957.0
T000007,2006-02-28,114575.59,119431.51,101013.88,92585.03,127368.45,89686.0
T000007,2006-03-31,113890.484,100603.85,101442.195,92107.13,112896.85,111183.0
T000007,2006-04-30,112279.8,112004.984,98967.96,92506.11,52137.434,86179.0
T000007,2006-05-31,114614.24,118491.54,99334.016,93585.08,121673.83,87988.0
T000007,2006-06-30,106445.33,106787.53,100767.18,92872.086,73655.4,90343.0
T000007,2006-07-31,114536.4,123069.445,100616.09,92164.87,94677.6,92029.0
T000007,2006-08-31,117641.01,95394.2,101166.49,91888.19,155077.03,98053.0
T000007,2006-09-30,112829.28,132923.84,102677.65,92099.68,98653.07,113458.0
T000007,2006-10-31,116135.44,108514.37,100313.06,91308.8,186510.9,94237.0
T000007,2006-11-30,114529.22,170522.84,101557.97,92652.21,148939.0,115049.0
T000007,2006-12-31,120635.38,115900.69,99699.28,91499.35,140956.17,116686.0
T000008,2006-01-31,57719.305,56573.582,52089.03,43425.617,64411.023,53643.0
T000008,2006-02-28,57668.906,59918.824,53574.484,45024.25,31655.45,46151.0
T000008,2006-03-31,56877.824,41271.266,53297.387,44709.703,14144.732,42506.0
T000008,2006-04-30,55303.188,47328.9,52731.582,44989.746,39514.2,51457.0
T000008,2006-05-31,56851.938,62097.367,53722.457,45686.367,13147.943,50832.0
T000008,2006-06-30,53753.094,39874.855,53580.066,45256.49,42344.59,57555.0
T000008,2006-07-31,56984.348,69743.53,53714.88,44786.062,54483.246,57983.0
T000008,2006-08-31,58651.64,41667.35,54362.43,44581.945,27869.342,61937.0
T000008,2006-09-30,56548.273,49586.895,54302.895,44735.64,57392.438,52034.0
T000008,2006-10-31,59723.92,75775.23,53135.453,44241.402,32225.055,57183.0
T000008,2006-11-30,58718.69,85555.875,53202.7,45111.418,35731.723,53115.0
T000008,2006-12-31,58486.57,60455.938,53877.812,44354.24,26617.527,58084.0
T000009,2006-01-31,40015.96,41994.58,32597.127,27215.482,15873.13,24135.0
T000009,2006-02-28,40490.61,37368.75,32095.781,28122.18,33643.76,28869.0
T000009,2006-03-31,40008.645,32064.861,33272.43,27936.549,22049.387,33975.0
T000009,2006-04-30,40066.453,39874.156,32124.734,28096.562,24520.684,34869.0
T000009,2006-05-31,41956.785,47161.6,31984.838,28512.146,29548.164,40199.0
T000009,2006-06-30,38184.49,32283.5,32701.85,28230.139,18730.05,29526.0
T000009,2006-07-31,39639.9,43021.14,31659.197,27984.068,22738.297,28405.0
T000009,2006-08-31,41288.69,31407.549,32980.79,27879.037,39085.44,25474.0
T000009,2006-09-30,39227.438,35487.0,32512.219,27963.969,18012.062,29863.0
T000009,2006-10-31,41420.81,53760.18,32892.48,27634.4,40179.336,40207.0
T000009,2006-11-30,40678.176,61966.297,32187.008,28169.709,31971.465,35064.0
T000009,2006-12-31,41141.08,41808.594,32359.092,27726.566,37261.027,40463.0
T000010,2006-01-31,68034.234,79110.87,46192.484,33714.367,38145.133,42725.0
T000010,2006-02-28,68021.66,71502.95,46305.25,35517.664,27907.441,30387.0
T000010,2006-03-31,68564.12,49452.28,48462.332,35175.082,16333.93,49847.0
T000010,2006-04-30,67464.86,74016.33,45966.504,35424.574,40474.6,42913.0
T000010,2006-05-31,71824.445,95363.46,47637.15,36202.773,20580.95,50758.0
T000010,2006-06-30,64239.734,45238.453,48555.63,35779.004,51993.12,55060.0
T000010,2006-07-31,68286.49,81395.4,45672.184,35198.285,49793.992,43856.0
T000010,2006-08-31,72724.0,44049.344,48927.613,34956.758,33519.934,40969.0
T000010,2006-09-30,67866.79,70264.08,48747.555,35144.8,44986.035,39583.0
T000010,2006-10-31,70599.734,96433.695,46273.82,34680.406,30322.8,42535.0
T000010,2006-11-30,69860.81,123223.266,46642.055,35572.02,36683.96,59952.0
T000010,2006-12-31,72185.17,73975.766,46443.81,34767.46,42845.79,74745.0
T000011,2006-01-31,45281.85,48277.875,30492.607,22903.426,29663.195,29397.0
T000011,2006-02-28,45084.062,47766.098,30327.578,24295.578,9283.73,21529.0
T000011,2006-03-31,44843.055,30231.893,32717.32,24000.598,5343.287,33489.0
T000011,2006-04-30,44539.242,38753.16,31055.88,24261.076,35188.93,41010.0
T000011,2006-05-31,45982.39,58010.996,32346.219,24847.592,11650.777,31832.0
T000011,2006-06-30,41615.6,32447.045,31895.826,24487.193,31550.555,19905.0
T000011,2006-07-31,44203.008,49163.676,29981.684,24058.307,28960.352,38182.0
T000011,2006-08-31,46008.605,28123.518,33218.95,23905.604,9644.121,29347.0
T000011,2006-09-30,43714.15,37361.258,31534.238,24003.824,26692.807,22825.0
T000011,2006-10-31,46091.195,66995.56,31750.004,23564.422,11626.14,40198.0
T000011,2006-11-30,44219.37,78330.53,31225.154,24389.168,12007.443,26281.0
T000011,2006-12-31,46094.727,51184.54,32570.922,23702.86,12248.306,46417.0
T000012,2006-01-31,185099.97,184025.83,173089.56,171170.19,207264.67,164183.0
T000012,2006-02-28,190596.08,201333.31,176988.92,174489.8,199933.72,181479.0
T000012,2006-03-31,183833.08,173609.08,177243.03,173712.05,149840.72,156370.0
T000012,2006-04-30,182947.23,174717.4,177896.6,174305.88,108701.97,183531.0
T000012,2006-05-31,184153.98,163257.08,179577.52,175860.1,199149.97,162382.0
T000012,2006-06-30,181826.06,205666.08,177574.83,174669.53,146783.67,167860.0
T000012,2006-07-31,193781.8,170384.8,177750.97,173901.42,217489.17,203425.0
T000012,2006-08-31,193292.1,160520.8,181689.03,173567.6,235565.5,198992.0
T000012,2006-09-30,186090.34,195773.2,178470.9,173836.67,215631.62,171075.0
T000012,2006-10-31,191976.2,177880.44,177916.7,172570.64,246003.66,193622.0
T000012,2006-11-30,189279.08,236261.61,176968.4,174455.4,207451.45,166635.0
T000012,2006-12-31,194914.08,192549.52,181254.33,173014.25,200382.12,181011.0
T000013,2006-01-31,1205337.0,1145025.2,1020084.0,926307.9,898804.4,1065487.0
T000013,2006-02-28,1173509.0,1217310.1,1049237.5,952423.94,825413.4,1041061.0
T000013,2006-03-31,1159097.0,805790.4,1044114.44,946911.1,605410.7,932243.0
T000013,2006-04-30,1116216.8,820826.3,1032822.5,950880.94,654490.7,987091.0
T000013,2006-05-31,1161146.9,1428478.5,1049943.8,962891.25,602068.94,972313.0
T000013,2006-06-30,1050818.9,775717.7,1046278.6,955931.6,584148.94,885596.0
T000013,2006-07-31,1165374.6,1263551.0,1043398.9,947851.8,853546.25,1147076.0
T000013,2006-08-31,1214518.8,951703.8,1065576.5,944897.3,837446.6,1221159.0
T000013,2006-09-30,1141862.9,676008.4,1061479.1,946780.9,710194.44,925417.0
T000013,2006-10-31,1234253.0,1669627.1,1040086.3,939627.2,856941.2,1115023.0
T000013,2006-11-30,1168359.2,1512556.8,1044675.2,953455.44,1025279.5,1070488.0
T000013,2006-12-31,1184292.2,1271462.0,1053633.8,941504.06,910231.44,1178446.0
T000014,2006-01-31,8960.03,9366.305,8394.164,7783.108,6923.8584,8806.55
T000014,2006-02-28,9131.318,9250.414,8428.849,7944.344,9855.0,7520.2
T000014,2006-03-31,9050.83,7749.2427,8437.791,7905.6685,7787.8936,8509.7
T000014,2006-04-30,8914.641,8551.591,8294.365,7944.867,4774.5684,8410.75
T000014,2006-05-31,9054.307,9391.581,8350.888,8024.214,7658.4204,8113.9
T000014,2006-06-30,8577.008,7785.253,8409.768,7956.402,5017.71,8212.85
T000014,2006-07-31,8936.366,10016.159,8328.039,7926.032,6189.8955,8113.9
T000014,2006-08-31,9196.054,7787.464,8425.432,7910.499,9776.108,7916.0
T000014,2006-09-30,8946.051,8216.778,8446.364,7927.5107,7018.268,8106.48
T000014,2006-10-31,9293.535,10445.578,8368.291,7841.1396,11260.626,8707.83
T000014,2006-11-30,9138.463,12173.496,8411.361,7946.2334,10168.308,9208.28
T000014,2006-12-31,9209.989,9559.365,8387.478,7870.884,10075.469,9186.8
T000015,2006-01-31,14446.661,15157.729,15061.337,13978.167,13194.243,15218.72
T000015,2006-02-28,14632.966,14586.362,15299.922,14260.278,15211.895,13711.24
T000015,2006-03-31,14518.092,12918.883,15166.789,14194.249,12250.646,14926.16
T000015,2006-04-30,14246.076,13126.301,15123.581,14258.136,8765.039,14752.6
T000015,2006-05-31,14621.038,14881.29,15185.346,14395.8955,12683.42,14248.0
T000015,2006-06-30,13816.028,13022.285,15085.156,14281.409,9498.703,14782.3
T000015,2006-07-31,14437.494,15674.131,15232.875,14226.03,12783.657,15678.08
T000015,2006-08-31,14849.122,13325.396,15269.872,14196.754,16189.533,15499.92
T000015,2006-09-30,14317.717,13148.15,15427.229,14225.287,13165.065,15469.44
T000015,2006-10-31,14941.318,16333.519,15351.562,14081.334,17512.305,16206.08
T000015,2006-11-30,14678.063,17923.191,15248.483,14262.839,17488.84,17250.1
T000015,2006-12-31,14792.303,15270.4795,15271.648,14133.06,15857.454,14709.6
T000016,2006-01-31,10380.709,10875.598,9269.961,9378.029,8864.894,9044.52
T000016,2006-02-28,10482.178,10879.558,9498.392,9544.246,10687.268,8081.92
T000016,2006-03-31,10454.97,9542.732,9469.642,9509.478,9005.878,8871.24
T000016,2006-04-30,10230.669,9951.662,9358.571,9533.902,5017.2666,9293.68
T000016,2006-05-31,10483.322,10880.318,9489.298,9613.919,9706.312,8240.54
T000016,2006-06-30,10014.827,9628.81,9451.593,9554.972,5483.058,9112.32
T000016,2006-07-31,10473.261,10691.051,9381.483,9516.577,8337.032,10125.57
T000016,2006-08-31,10681.976,9274.443,9580.559,9497.095,11724.004,9903.03
T000016,2006-09-30,10337.422,9805.132,9631.375,9511.098,8746.915,9258.62
T000016,2006-10-31,10691.599,11223.474,9486.167,9452.03,12795.315,10051.66
T000016,2006-11-30,10571.653,14098.025,9443.065,9543.416,12613.711,10955.18
T000016,2006-12-31,10689.059,11427.832,9526.176,9471.253,11301.416,10671.75
T000017,2006-01-31,4174.4453,4158.208,3869.663,3836.117,1594.1196,3826.4
T000017,2006-02-28,4151.8096,4011.7942,3943.073,3903.8953,6152.0674,3902.58
T000017,2006-03-31,4069.2107,3507.796,3920.0933,3889.3198,5840.715,3599.36
T000017,2006-04-30,3983.4236,3249.9543,3886.8225,3901.3723,355.35034,3999.96
T000017,2006-05-31,4062.4106,4851.5645,3909.6946,3935.0422,5853.498,3499.2
T000017,2006-06-30,3775.1665,2917.7642,3899.028,3909.4172,-335.62256,3681.0
T000017,2006-07-31,4097.841,4358.8936,3885.7363,3894.3184,926.5322,3907.34
T000017,2006-08-31,4257.822,4299.8516,3932.5593,3886.452,6717.7695,3982.4
T000017,2006-09-30,4024.548,2245.6125,3951.6873,3892.9175,1179.082,3841.53
T000017,2006-10-31,4311.85,4928.6562,3933.8552,3864.7708,7562.034,4262.75
T000017,2006-11-30,4119.045,5316.7334,3915.9207,3903.894,7340.9487,4363.05
T000017,2006-12-31,4174.496,4485.3354,3932.1511,3874.0364,6651.3174,4120.5
T000018,2006-07-31,97174.98,96227.39,94143.71,81769.695,104884.45,113942.0
T000018,2006-08-31,98404.58,93808.75,92646.93,83661.65,93763.84,101223.0
T000018,2006-09-30,96247.2,78823.59,92309.14,83306.914,89023.984,110468.0
T000018,2006-10-31,94205.81,90917.89,90094.75,83686.695,127397.836,103374.0
T000018,2006-11-30,95590.06,91815.375,89690.85,84310.46,50635.203,81231.0
T000018,2006-12-31,86489.07,79278.69,92350.79,84006.625,94999.69,98303.0
T000018,2007-01-31,88624.77,96936.31,89369.14,83274.3,73806.625,69743.0
T000018,2007-02-28,90805.29,83608.16,91390.47,83036.125,42733.035,60959.0
T000018,2007-03-31,88973.36,67003.414,89103.484,83202.414,83663.54,81621.0
T000018,2007-04-30,94878.875,108785.62,88937.11,82901.81,66926.73,95098.0
T000018,2007-05-31,90029.61,90494.37,91605.83,83860.305,65216.805,81821.0
T000018,2007-06-30,96356.22,90614.55,90944.305,82907.35,86146.46,93045.0
T000019,2006-07-31,48137.844,44768.254,56486.09,57336.223,63205.2,56022.0
T000019,2006-08-31,50792.83,43730.57,56239.453,58279.67,71265.984,63088.0
T000019,2006-09-30,46436.516,41219.19,56002.04,58067.81,78812.88,57132.0
T000019,2006-10-31,48383.117,41477.14,57275.797,58180.348,60746.832,54413.0
T000019,2006-11-30,48709.652,39929.906,56711.375,58591.125,69654.65,64935.0
T000019,2006-12-31,47842.758,51043.84,56866.89,58412.066,62743.074,60737.0
T000019,2007-01-31,50195.066,41578.83,57188.426,58095.176,65379.863,62522.0
T000019,2007-02-28,50483.832,56409.855,56513.664,57968.605,75097.97,62233.0
T000019,2007-03-31,50615.04,49563.0,56735.53,58036.45,58215.86,64432.0
T000019,2007-04-30,48575.83,33881.54,56520.6,57911.145,62880.562,44526.0
T000019,2007-05-31,47907.805,20755.824,56064.594,58255.133,56588.125,41698.0
T000019,2007-06-30,49411.434,36842.008,55555.594,57900.88,63554.93,42696.0
T000020,2006-07-31,11339.703,11703.117,13420.01,11225.754,23953.115,17259.0
T000020,2006-08-31,10705.197,11782.511,13489.468,11579.89,5936.777,13288.0
T000020,2006-09-30,9970.557,8158.921,12849.516,11505.368,5614.533,10720.0
T000020,2006-10-31,10628.217,8815.271,12655.856,11567.629,19245.35,11596.0
T000020,2006-11-30,10700.109,6911.3853,13410.28,11706.641,5090.73,10704.0
T000020,2006-12-31,10110.976,10938.342,13487.151,11639.3,20872.926,19242.0
T000020,2007-01-31,10929.495,10005.951,13255.461,11522.278,22739.695,14481.0
T000020,2007-02-28,11251.697,9022.089,13374.733,11472.547,5315.674,13436.0
T000020,2007-03-31,11132.82,9794.637,13374.104,11500.679,27391.535,12046.0
T000020,2007-04-30,11435.417,7095.0522,12899.427,11419.743,8708.883,16944.0
T000020,2007-05-31,10157.985,5771.61,12878.908,11591.312,4560.0356,9128.0
T000020,2007-06-30,11090.253,7035.38,13387.204,11436.247,8037.258,9937.0
T000021,2006-07-31,26334.05,32517.992,20584.27,18455.207,26416.64,19340.0
T000021,2006-08-31,25582.475,28613.809,19942.135,19258.092,6747.286,16442.0
T000021,2006-09-30,25465.703,19377.96,20710.494,19071.283,5491.6396,17789.0
T000021,2006-10-31,26936.71,29579.021,20970.299,19248.316,46289.23,22043.0
T000021,2006-11-30,27673.756,29191.457,21615.254,19586.959,15216.387,26906.0
T000021,2006-12-31,26374.336,26882.648,21639.092,19355.58,52529.31,32771.0
T000021,2007-01-31,27017.457,19435.62,20601.64,19119.836,39424.46,15861.0
T000021,2007-02-28,27505.477,23039.682,20821.36,19041.912,4396.0537,18388.0
T000021,2007-03-31,25816.98,29687.998,21065.674,19120.258,34303.016,18608.0
T000021,2007-04-30,27216.408,23427.188,20519.209,18823.744,1563.3887,19240.0
T000021,2007-05-31,26343.113,26136.424,20254.55,19244.96,4822.8916,17790.0
T000021,2007-06-30,27532.25,22373.04,20220.236,18912.064,17199.762,26629.0
T000022,2006-07-31,10716.783,10434.331,12436.735,13339.497,13190.335,11869.0
T000022,2006-08-31,11025.977,9871.041,12650.379,13670.614,16094.925,13479.0
T000022,2006-09-30,10245.07,11648.069,12710.937,13615.807,9874.482,11919.0
T000022,2006-10-31,10872.282,10821.49,12754.3125,13640.654,20434.766,14140.0
T000022,2006-11-30,10653.902,7166.719,12988.654,13767.441,8829.459,14609.0
T000022,2006-12-31,9898.466,11211.803,12950.161,13718.289,18340.799,17743.0
T000022,2007-01-31,11024.061,5701.371,12957.286,13588.787,18874.816,9885.0
T000022,2007-02-28,11289.746,12301.05,12703.817,13544.874,11351.573,14967.0
T000022,2007-03-31,10634.492,9392.346,12760.68,13570.5625,14147.115,10927.0
T000022,2007-04-30,11231.462,6743.094,12526.958,13556.046,9059.217,10671.0
T000022,2007-05-31,11432.557,2103.0479,12650.291,13669.444,10351.674,12720.0
T000022,2007-06-30,11009.897,9122.525,12507.5625,13539.261,10546.591,9610.0
T000023,2006-07-31,7199.177,7137.5903,6712.967,6314.617,14920.658,8345.0
T000023,2006-08-31,6930.671,8388.124,6758.6357,6568.784,2571.3425,4994.0
T000023,2006-09-30,6736.524,4724.577,6918.2886,6518.2446,3264.0896,5835.0
T000023,2006-10-31,7230.371,6893.966,6672.7295,6554.8594,14455.248,8762.0
T000023,2006-11-30,6936.017,4760.158,7009.4727,6655.8403,4484.7227,6822.0
T000023,2006-12-31,6827.8784,6997.1377,6897.878,6611.558,18103.762,10313.0
T000023,2007-01-31,7443.5137,5874.9487,6884.32,6515.0737,16284.427,5382.0
T000023,2007-02-28,7313.3833,5680.866,6782.7153,6480.4043,499.11084,8004.0
T000023,2007-03-31,6953.046,7442.3047,6848.331,6505.5576,17853.492,6396.0
T000023,2007-04-30,7115.5527,4330.874,6649.7427,6466.88,1081.9668,5375.0
T000023,2007-05-31,6948.831,3623.673,6842.5635,6577.23,2015.435,5052.0
T000023,2007-06-30,7386.769,4684.6904,6867.9297,6466.8896,4754.8125,6539.0
T000024,2006-07-31,7876.857,7344.8506,9065.705,8142.981,15693.525,13189.0
T000024,2006-08-31,7770.457,10967.922,9060.378,8399.8955,7721.808,11317.0
T000024,2006-09-30,7592.673,5230.922,8363.93,8343.857,6223.3467,8425.0
T000024,2006-10-31,7472.093,4521.797,8359.654,8387.445,7753.8853,7327.0
T000024,2006-11-30,7273.4985,6438.535,8706.111,8495.936,4885.508,6230.0
T000024,2006-12-31,6959.876,6459.7383,8828.189,8432.557,9126.732,7651.0
T000024,2007-01-31,7807.7397,7629.0244,8678.854,8353.166,11717.296,10916.0
T000024,2007-02-28,8076.4185,6982.789,8677.822,8318.915,5969.7246,9530.0
T000024,2007-03-31,7450.4736,7498.7617,8367.606,8341.078,12373.584,7614.0
T000024,2007-04-30,7847.88,6730.9062,8349.354,8277.027,6155.417,6818.0
T000024,2007-05-31,7535.4326,5251.1265,8978.223,8406.692,6527.5635,5987.0
T000024,2007-06-30,7986.646,7536.1123,8661.061,8287.103,6985.039,7334.0
T000025,2006-07-31,5132.483,3306.969,6184.431,5719.6045,10996.102,7466.0
T000025,2006-08-31,5089.227,3903.104,6320.2217,5922.4146,1878.0674,5255.0
T000025,2006-09-30,4572.044,5622.6494,6076.5664,5884.858,1402.519,5350.0
T000025,2006-10-31,4793.1987,4449.5215,6061.977,5899.0835,13452.6,7240.0
T000025,2006-11-30,4334.1094,2989.4646,6154.094,5981.949,-217.24512,4628.0
T000025,2006-12-31,4155.7764,4788.419,6114.0522,5952.7476,8206.943,5900.0
T000025,2007-01-31,4638.2695,4418.842,6093.363,5875.1626,10009.059,4415.0
T000025,2007-02-28,4834.512,6127.52,6191.7666,5848.837,628.36084,5663.0
T000025,2007-03-31,5189.6064,4246.3945,6356.6826,5855.849,14186.819,7604.0
T000025,2007-04-30,5888.483,3911.7715,6425.7725,5850.993,5144.19,11188.0
T000025,2007-05-31,5228.0195,1984.168,6021.8096,5931.3496,3607.8523,5749.0
T000025,2007-06-30,5022.001,5789.2515,6469.7676,5845.985,4395.4243,4377.0
T000026,2006-07-31,20312.4,19756.744,19930.82,18540.174,19439.793,22604.0
T000026,2006-08-31,19994.611,21726.582,19775.352,19084.252,13818.875,18122.0
T000026,2006-09-30,18834.379,14104.135,19872.688,18963.713,16402.98,14994.0
T000026,2006-10-31,19915.422,11749.79,20437.797,19075.658,16732.312,20312.0
T000026,2006-11-30,20522.82,18870.01,20755.602,19324.982,29017.473,22353.0
T000026,2006-12-31,20082.01,12493.863,20377.215,19162.445,28609.547,21897.0
T000026,2007-01-31,21544.379,19808.316,20649.396,19019.697,25267.717,27965.0
T000026,2007-02-28,21221.617,18950.506,20957.936,18944.363,23478.559,21972.0
T000026,2007-03-31,20335.287,14787.24,20181.848,18994.205,19094.725,18973.0
T000026,2007-04-30,20366.312,22126.068,20542.443,18793.56,17382.377,18710.0
T000026,2007-05-31,19685.87,18033.488,20489.244,19108.123,18043.48,17099.0
T000026,2007-06-30,20349.738,16751.791,20929.793,18855.768,15988.376,17897.0
T000027,2006-07-31,21296.367,19279.037,23828.252,19019.186,30496.396,28873.0
T000027,2006-08-31,21223.475,19787.545,24730.516,19907.084,5458.04,20693.0
T000027,2006-09-30,18414.012,15441.068,24098.76,19690.314,212.32227,17195.0
T000027,2006-10-31,19795.39,7840.746,24068.229,19879.203,30706.576,19653.0
T000027,2006-11-30,21090.762,17342.428,24410.31,20306.06,11284.068,29205.0
T000027,2006-12-31,19659.82,12792.199,24493.793,20030.234,31958.533,26304.0
T000027,2007-01-31,22681.822,18230.691,25638.842,19808.023,41594.973,32364.0
T000027,2007-02-28,23106.717,17624.848,25278.033,19696.607,15357.08,35442.0
T000027,2007-03-31,21908.713,12387.693,24894.287,19768.09,28504.947,21537.0
T000027,2007-04-30,21675.75,20431.348,24337.97,19443.826,2859.749,24368.0
T000027,2007-05-31,20326.516,11101.952,25094.135,19932.398,1040.9209,19726.0
T000027,2007-06-30,20773.59,12669.092,24886.502,19534.104,-2746.7598,16905.0
T000028,2006-07-31,14450.639,13772.949,13554.198,11375.904,13771.167,13444.0
T000028,2006-08-31,14145.557,13488.433,13993.239,11679.539,7480.042,10969.0
T000028,2006-09-30,13963.951,11347.059,13870.424,11620.622,5392.9536,11588.0
T000028,2006-10-31,14034.623,12776.253,13660.27,11678.47,15366.82,13900.0
T000028,2006-11-30,14153.787,15881.775,13851.684,11796.028,4799.056,12442.0
T000028,2006-12-31,13390.452,9501.246,13742.407,11742.371,17039.867,14932.0
T000028,2007-01-31,14317.471,17086.816,13836.4795,11635.195,17421.357,11329.0
T000028,2007-02-28,14905.049,11189.089,13902.084,11594.323,5895.855,14120.0
T000028,2007-03-31,14507.465,11985.465,14408.4375,11621.899,16741.746,15657.0
T000028,2007-04-30,15223.214,18202.426,14055.382,11551.022,5978.235,16181.0
T000028,2007-05-31,15181.188,16536.998,13828.762,11713.592,9118.476,17594.0
T000028,2007-06-30,14662.295,14182.7705,13865.7705,11564.643,8740.432,14551.0
T000029,2006-07-31,44236.684,43267.168,37735.574,35228.02,52095.594,46251.0
T000029,2006-08-31,42111.58,48985.15,38239.69,36110.844,27029.86,34231.0
T000029,2006-09-30,41254.12,32297.512,37270.086,35956.875,32479.162,27243.0
T000029,2006-10-31,43068.523,38854.027,36267.69,36051.62,38299.7,32830.0
T000029,2006-11-30,43256.516,46769.855,37718.656,36399.375,41406.52,34195.0
T000029,2006-12-31,41673.793,39524.27,37898.71,36294.71,50477.266,44261.0
T000029,2007-01-31,43802.75,43457.1,38155.043,35936.72,49764.445,35888.0
T000029,2007-02-28,44706.023,34273.938,37690.684,35804.99,35175.277,45199.0
T000029,2007-03-31,43653.71,42568.348,38792.906,35882.97,54420.555,42521.0
T000029,2007-04-30,43518.043,43537.77,37158.773,35816.363,38228.44,36633.0
T000029,2007-05-31,41732.9,48389.2,37720.69,36171.062,38833.805,29878.0
T000029,2007-06-30,44067.9,36197.926,37392.848,35777.11,44541.836,43354.0
T000030,2006-07-31,6946.5127,5700.7397,8226.832,7474.644,6714.7954,6929.0
T000030,2006-08-31,6817.287,5623.6484,8675.725,7821.286,3159.2158,6359.0
T000030,2006-09-30,6171.0464,4947.949,8606.427,7745.1064,3768.8203,6418.0
T000030,2006-10-31,7018.3086,2748.29,8783.932,7800.5864,11164.968,7774.0
T000030,2006-11-30,7186.2793,4228.2227,9230.43,7956.2993,10558.7705,9605.0
T000030,2006-12-31,7107.43,5469.008,8871.439,7884.6865,18306.25,12857.0
T000030,2007-01-31,7951.8076,5530.0635,9411.901,7769.681,17712.012,12724.0
T000030,2007-02-28,8072.4116,6622.468,9234.8,7729.173,12288.125,12613.0
T000030,2007-03-31,7734.5684,5528.582,9410.386,7752.703,12938.52,11939.0
T000030,2007-04-30,7282.4595,5895.6416,8854.3,7672.3633,6311.566,7658.0
T000030,2007-05-31,6663.068,1795.3013,8433.213,7842.239,3798.7888,6283.0
T000030,2007-06-30,7008.669,1864.1538,8922.138,7684.547,4440.5576,5329.0
T000031,2006-07-31,40767.332,32617.398,54920.42,57062.36,45261.97,49221.0
T000031,2006-08-31,40866.215,25275.0,56983.34,59560.34,29657.97,40651.0
T000031,2006-09-30,35898.395,27287.42,57633.723,59117.707,36958.785,41269.0
T000031,2006-10-31,42891.133,13935.074,58175.3,59352.92,105855.06,60848.0
T000031,2006-11-30,43373.64,14302.383,62114.816,60354.6,75470.234,66081.0
T000031,2006-12-31,43162.598,35923.95,60518.688,60077.56,146444.78,110124.0
T000031,2007-01-31,48843.297,31072.172,62370.74,59092.637,132995.6,67625.0
T000031,2007-02-28,48986.38,46775.945,59539.734,58760.227,83088.87,78937.0
T000031,2007-03-31,47229.844,24244.99,62591.773,58935.656,109744.086,78371.0
T000031,2007-04-30,44228.79,25571.248,58005.047,58774.15,48638.08,58891.0
T000031,2007-05-31,38461.625,-11419.074,54352.918,59708.188,16334.777,28845.0
T000031,2007-06-30,42170.0,-4581.629,57930.58,58624.43,41822.957,28475.0
T000032,2006-07-31,8878.215,7357.4683,12256.901,12035.492,8094.941,13352.0
T000032,2006-08-31,9392.555,6700.756,12407.719,12397.705,13233.737,11576.0
T000032,2006-09-30,8361.31,7625.918,12694.204,12324.868,15017.495,11958.0
T000032,2006-10-31,9185.029,4768.141,12621.389,12368.992,17461.166,15617.0
T000032,2006-11-30,9118.723,3132.1953,12689.673,12514.341,17243.3,14132.0
T000032,2006-12-31,8725.47,10168.972,12555.683,12458.216,17611.943,15650.0
T000032,2007-01-31,9424.379,6576.0396,12800.025,12321.517,16794.564,13648.0
T000032,2007-02-28,9319.983,9226.993,12638.105,12276.494,20067.244,15581.0
T000032,2007-03-31,9151.344,4929.9907,12769.909,12302.932,12073.277,14469.0
T000032,2007-04-30,8886.392,6570.908,12568.514,12265.654,15587.881,11165.0
T000032,2007-05-31,8263.588,536.13086,12604.852,12410.116,8759.195,6608.0
T000032,2007-06-30,8940.961,3522.543,12644.066,12251.005,10331.002,6612.0
T000033,2006-07-31,31931.053,30193.357,36826.9,34459.383,33246.203,42907.0
T000033,2006-08-31,31106.55,29806.13,37165.285,35872.07,40490.766,33321.0
T000033,2006-09-30,29433.273,20890.9,37368.062,35571.266,43140.55,32053.0
T000033,2006-10-31,32557.863,20643.566,37553.547,35814.805,54019.523,41865.0
T000033,2006-11-30,32578.773,15501.023,39740.195,36375.793,58957.656,43159.0
T000033,2006-12-31,32121.81,27678.379,38812.9,36124.633,69438.8,63768.0
T000033,2007-01-31,34198.16,27515.96,39320.594,35631.39,57356.91,44310.0
T000033,2007-02-28,33660.18,28832.676,38244.414,35451.85,57001.15,45987.0
T000033,2007-03-31,32135.3,21363.664,38560.246,35569.58,44089.35,35538.0
T000033,2007-04-30,31605.646,25799.34,37090.086,35274.97,40457.73,28559.0
T000033,2007-05-31,29190.555,7820.8066,37232.312,35918.027,27279.2,19444.0
T000033,2007-06-30,31936.125,12693.25,37765.043,35294.445,38009.438,25240.0
T000034,2006-07-31,26377.914,24740.133,26850.076,23466.002,32959.6,30979.0
T000034,2006-08-31,25746.906,26257.834,26571.89,24117.154,24223.344,27297.0
T000034,2006-09-30,24815.662,18729.805,26266.998,23962.094,22904.371,24186.0
T000034,2006-10-31,25970.826,21599.443,26326.941,24110.344,33592.027,22919.0
T000034,2006-11-30,26100.512,21535.262,27431.344,24369.246,27467.857,25469.0
T000034,2006-12-31,25564.32,20303.803,27154.383,24216.418,43098.305,38708.0
T000034,2007-01-31,26577.32,27586.44,27038.666,24024.111,36870.67,27658.0
T000034,2007-02-28,26727.172,21504.465,26693.898,23945.373,22499.26,25532.0
T000034,2007-03-31,26062.332,22179.527,27007.695,24006.258,35023.773,27736.0
T000034,2007-04-30,26156.67,26506.488,26038.322,23775.21,19842.941,25753.0
T000034,2007-05-31,24833.172,19479.266,25982.77,24122.61,17328.64,20115.0
T000034,2007-06-30,26166.012,17751.049,26288.018,23836.71,22899.61,23952.0
T000035,2006-07-31,422804.47,406960.53,454816.72,429304.94,474573.88,501992.0
T000035,2006-08-31,415389.2,406887.28,454353.4,437117.5,410461.7,432305.0
T000035,2006-09-30,399115.62,327972.88,453792.75,435377.78,421785.47,414542.0
T000035,2006-10-31,421656.0,335162.0,452425.6,436851.7,591325.5,464613.0
T000035,2006-11-30,422580.03,349489.44,464888.66,440084.75,475062.72,472706.0
T000035,2006-12-31,414722.62,370304.44,461779.2,438464.72,665173.25,601161.0
T000035,2007-01-31,430562.03,391115.22,463430.06,435945.88,609116.1,466716.0
T000035,2007-02-28,433996.53,398631.1,456469.44,434984.7,468919.03,488563.0
T000035,2007-03-31,428244.72,347176.84,462057.44,435662.2,556472.5,475989.0
T000035,2007-04-30,425560.38,393514.0,451542.97,433573.9,405340.47,437778.0
T000035,2007-05-31,404329.0,267084.53,450936.94,437327.06,341463.9,345537.0
T000035,2007-06-30,418641.97,291066.44,454619.8,433920.44,433292.97,382482.0
T000036,2006-07-31,43890.46,43786.0,42912.348,38085.21,56489.4,57488.0
T000036,2006-08-31,44962.44,44117.1,41892.19,39227.746,39796.31,48583.0
T000036,2006-09-30,43263.66,33079.043,41661.05,39026.758,37278.684,53963.0
T000036,2006-10-31,41817.797,37855.246,40039.37,39210.324,65743.46,50352.0
T000036,2006-11-30,42728.434,40172.08,39492.25,39592.29,15606.08,32214.0
T000036,2006-12-31,36679.617,36074.887,41361.543,39445.363,45003.105,40154.0
T000036,2007-01-31,38042.305,41115.797,39321.258,38973.883,32679.367,31181.0
T000036,2007-02-28,39286.16,36639.586,40738.332,38819.65,7683.1133,21914.0
T000036,2007-03-31,38021.746,24976.77,38873.008,38912.027,37128.555,33277.0
T000036,2007-04-30,41977.168,49179.438,39192.676,38816.465,21822.025,42600.0
T000036,2007-05-31,38552.38,38892.105,41283.863,39338.293,19593.105,31898.0
T000036,2007-06-30,42787.17,39497.5,40586.05,38783.9,31561.393,40916.0
T000037,2006-07-31,38745.484,33358.17,46048.9,45967.117,46268.523,42552.0
T000037,2006-08-31,41436.938,30749.633,45527.664,46810.37,50913.38,51704.0
T000037,2006-09-30,36927.74,31601.633,45586.902,46643.406,57485.824,46599.0
T000037,2006-10-31,38626.086,29979.783,46905.16,46732.39,52862.79,44862.0
T000037,2006-11-30,39921.68,34461.445,46169.91,47080.52,53352.234,54880.0
T000037,2006-12-31,38492.97,35911.266,46329.53,46949.242,48777.29,50512.0
T000037,2007-01-31,40159.883,32751.928,46489.453,46642.49,47696.207,50334.0
T000037,2007-02-28,40480.695,48470.47,45768.992,46523.453,54323.145,49740.0
T000037,2007-03-31,40342.336,30291.164,46082.277,46588.652,41292.953,53647.0
T000037,2007-04-30,39551.543,33561.566,46074.348,46517.137,44405.55,35103.0
T000037,2007-05-31,38785.35,16014.773,45444.89,46816.32,43665.996,34814.0
T000037,2007-06-30,40019.97,29825.014,44914.473,46482.293,47190.156,33622.0
T000038,2006-07-31,4545.008,5548.545,6133.076,4742.911,11329.193,7660.0
T000038,2006-08-31,4480.5806,4478.6597,6173.812,4999.703,1642.4309,6928.0
T000038,2006-09-30,3934.526,3243.7146,5832.6924,4941.844,560.48,4319.0
T000038,2006-10-31,4289.835,3088.713,5906.7866,4993.577,11028.377,5741.0
T000038,2006-11-30,4366.0195,1274.3105,6447.6255,5095.4526,14.196289,5043.0
T000038,2006-12-31,4129.866,4739.404,6431.7847,5037.698,12826.12,11426.0
T000038,2007-01-31,4521.2144,3329.666,6131.871,4960.2603,12984.225,7255.0
T000038,2007-02-28,4554.142,3773.696,6244.563,4926.1475,-110.436035,3932.0
T000038,2007-03-31,4590.6904,2868.729,6195.4443,4945.641,15073.8125,4603.0
T000038,2007-04-30,4841.7144,1863.5798,5871.4297,4864.749,2386.7202,9267.0
T000038,2007-05-31,4145.414,487.38525,5588.7397,5001.2686,-984.272,3837.0
T000038,2007-06-30,4556.973,1641.8472,6180.7397,4892.9814,1483.9819,3781.0
T000039,2006-07-31,14376.23,20568.418,9939.64,8521.186,14415.424,7334.0
T000039,2006-08-31,13977.836,16526.205,9451.935,9282.7295,-332.93066,7714.0
T000039,2006-09-30,13951.143,9311.701,10175.226,9092.69,-1422.8115,8578.0
T000039,2006-10-31,14973.307,17566.39,10455.541,9281.778,33253.016,11664.0
T000039,2006-11-30,15749.605,16903.117,11176.551,9613.319,5481.4473,14705.0
T000039,2006-12-31,14689.638,14594.518,11055.034,9364.527,40100.383,22560.0
T000039,2007-01-31,15241.876,8412.743,10159.668,9164.227,26297.594,6817.0
T000039,2007-02-28,15506.307,13859.857,10315.592,9094.668,-5757.494,4736.0
T000039,2007-03-31,14137.52,16138.712,10560.426,9167.221,22071.537,8130.0
T000039,2007-04-30,15244.336,12416.094,9905.907,8827.314,-7374.8125,9440.0
T000039,2007-05-31,14706.997,12904.607,9580.686,9261.446,-3765.9375,8649.0
T000039,2007-06-30,15788.506,11332.501,9749.978,8946.036,6252.9995,15066.0
T000040,2006-07-31,5603.981,6822.5146,6655.7456,7225.491,5072.6836,4489.0
T000040,2006-08-31,6127.672,5113.426,6400.6943,7557.9536,11068.174,7804.0
T000040,2006-09-30,5513.8926,6810.2505,6680.1787,7505.117,7095.4683,6170.0
T000040,2006-10-31,6005.9116,6835.6353,6914.402,7527.431,12500.372,8655.0
T000040,2006-11-30,6034.951,3803.0588,6971.3687,7650.764,4565.4814,9023.0
T000040,2006-12-31,5394.2,5533.14,6891.6416,7605.8354,11434.966,11150.0
T000040,2007-01-31,5917.5093,1866.7578,6618.8193,7472.0376,8898.796,4905.0
T000040,2007-02-28,5998.7373,7885.3965,6531.4453,7426.4463,4865.0127,4043.0
T000040,2007-03-31,5633.006,4871.4414,6478.9414,7454.5215,5653.7783,5155.0
T000040,2007-04-30,6158.1367,3185.993,6582.466,7441.3374,4076.568,5554.0
T000040,2007-05-31,6399.366,321.7964,6576.891,7555.055,5143.4814,7467.0
T000040,2007-06-30,6298.258,4963.1826,6473.093,7424.959,5793.2866,5187.0
T000041,2006-07-31,3478.0479,3803.2742,2694.7205,2159.5334,7257.9893,3116.0
T000041,2006-08-31,3379.838,3894.108,2555.1113,2355.9316,-688.4431,1586.0
T000041,2006-09-30,3259.445,1457.2887,2821.3071,2305.4807,-173.03491,1825.0
T000041,2006-10-31,3647.87,3738.5024,2789.761,2357.0718,10212.717,4049.0
T000041,2006-11-30,3524.4727,2549.4958,3036.9136,2441.2656,572.53394,3237.0
T000041,2006-12-31,3466.82,2697.9531,2910.937,2376.6362,12949.367,6189.0
T000041,2007-01-31,3845.3494,2613.875,2763.865,2325.7014,9564.967,1601.0
T000041,2007-02-28,3675.7903,2980.8472,2729.81,2306.6301,-3092.8945,2058.0
T000041,2007-03-31,3376.4229,3617.206,2795.616,2325.732,10224.438,2710.0
T000041,2007-04-30,3518.5198,2030.4578,2655.3674,2237.2732,-3182.7144,1993.0
T000041,2007-05-31,3507.454,1417.7947,2627.962,2352.0005,-1956.3906,1903.0
T000041,2007-06-30,3753.7322,1988.5165,2733.6248,2267.2976,719.526,3223.0
T000042,2006-07-31,5646.4014,5430.307,6571.0864,5787.5615,9240.767,8966.0
T000042,2006-08-31,5713.049,7845.0615,6603.1025,5991.919,7378.0654,9112.0
T000042,2006-09-30,5557.5967,3444.2542,6129.7188,5949.329,5458.166,6292.0
T000042,2006-10-31,5411.466,3052.9153,6249.4165,5984.8784,4702.85,5372.0
T000042,2006-11-30,5370.91,5150.901,6517.202,6065.3066,3612.27,4615.0
T000042,2006-12-31,5077.398,4165.6426,6564.268,6019.3423,5748.52,5981.0
T000042,2007-01-31,5686.372,5640.261,6266.596,5954.513,6886.716,8012.0
T000042,2007-02-28,5846.4697,5361.2817,6369.845,5926.014,5576.9077,6221.0
T000042,2007-03-31,5514.139,4571.0728,6070.3257,5944.849,7103.7124,5582.0
T000042,2007-04-30,5793.923,5694.967,6105.231,5894.5894,5262.7764,4944.0
T000042,2007-05-31,5565.6807,3763.5913,6418.415,5997.485,5485.4766,4434.0
T000042,2007-06-30,5876.2886,6011.63,6287.274,5904.0806,6148.9746,5364.0
T000043,2006-07-31,1885.0024,891.41296,2336.6472,2092.338,4880.1855,2542.0
T000043,2006-08-31,1963.9707,1048.75,2463.3716,2231.7136,-146.35669,1886.0
T000043,2006-09-30,1498.8077,1834.935,2332.9922,2203.7249,-951.312,1990.0
T000043,2006-10-31,1849.7722,1679.884,2335.7273,2219.5647,7848.4253,3076.0
T000043,2006-11-30,1538.4689,724.68604,2419.261,2275.8557,-1329.8899,1264.0
T000043,2006-12-31,1322.3425,1576.8407,2388.888,2248.3672,4224.8623,2946.0
T000043,2007-01-31,1672.2122,1550.8417,2317.2695,2200.4363,4367.971,1050.0
T000043,2007-02-28,1699.8757,2653.1157,2408.7273,2183.7446,-1893.0449,1642.0
T000043,2007-03-31,1971.4924,1438.6742,2507.022,2189.4304,7524.8423,3210.0
T000043,2007-04-30,2485.011,1484.7133,2532.9492,2172.5603,982.3887,6115.0
T000043,2007-05-31,2146.141,-216.00342,2161.2742,2234.8713,370.5431,2151.0
T000043,2007-06-30,1898.1721,2429.3801,2581.4084,2176.6917,1165.2744,1468.0
T000044,2006-07-31,13434.861,13404.627,13570.965,12073.811,9319.936,13439.0
T000044,2006-08-31,13447.955,13179.319,13301.295,12463.025,10862.919,13445.0
T000044,2006-09-30,12456.119,9349.179,13545.354,12388.818,11819.894,9704.0
T000044,2006-10-31,13140.395,7917.6924,13957.774,12448.6455,10802.615,14869.0
T000044,2006-11-30,13707.263,13481.985,13770.62,12613.158,19244.309,16678.0
T000044,2006-12-31,13223.324,8041.118,13697.268,12537.317,16572.766,14319.0
T000044,2007-01-31,14016.156,12907.591,13649.673,12406.344,13424.904,16758.0
T000044,2007-02-28,14054.761,13753.514,13776.617,12347.878,17304.062,13915.0
T000044,2007-03-31,13634.06,8413.658,13397.006,12384.097,8841.867,12899.0
T000044,2007-04-30,13553.46,15669.619,13880.0625,12296.112,13275.111,13009.0
T000044,2007-05-31,13211.763,11437.158,13800.87,12489.925,12748.909,11983.0
T000044,2007-06-30,13477.185,11625.586,13751.71,12310.418,11623.57,11754.0
T000045,2006-07-31,8624.457,7611.422,10388.724,8317.815,12083.408,10346.0
T000045,2006-08-31,9055.107,6528.122,10575.518,8759.68,2928.566,10641.0
T000045,2006-09-30,7267.5933,7236.0537,10587.112,8648.353,-3934.3398,7312.0
T000045,2006-10-31,7985.612,2206.7964,11167.77,8745.878,14761.352,8605.0
T000045,2006-11-30,8802.576,6313.373,11439.159,8953.853,-472.95117,12545.0
T000045,2006-12-31,7832.0786,5178.954,11102.296,8813.707,13779.062,12668.0
T000045,2007-01-31,9576.61,4822.646,11283.386,8704.122,20798.223,17886.0
T000045,2007-02-28,9989.77,7470.3877,11757.049,8649.889,4367.506,12952.0
T000045,2007-03-31,9198.11,3364.3281,10987.044,8691.212,14436.104,9159.0
T000045,2007-04-30,9288.053,7751.352,11255.742,8516.419,-1154.6963,13310.0
T000045,2007-05-31,8643.898,2753.5977,10842.786,8760.455,-4048.0723,9831.0
T000045,2007-06-30,8668.523,4892.4346,11690.712,8576.356,-5908.1973,6486.0
T000046,2006-07-31,4123.276,4313.5645,3674.1963,2815.827,4450.676,3341.0
T000046,2006-08-31,4009.106,4050.5767,4006.408,2988.6296,1450.3282,2508.0
T000046,2006-09-30,3934.5037,3115.8494,3938.7886,2952.386,-334.09155,2936.0
T000046,2006-10-31,3892.9917,3919.6135,3671.585,2994.2332,5216.5615,4054.0
T000046,2006-11-30,3992.373,4429.621,3867.4346,3059.492,-454.44556,2900.0
T000046,2006-12-31,3763.6235,2108.3816,3808.9482,3016.506,6678.891,4986.0
T000046,2007-01-31,4056.2415,5023.876,3801.914,2967.1003,6541.132,2686.0
T000046,2007-02-28,4349.37,3105.3071,3926.5054,2943.459,-946.0864,2830.0
T000046,2007-03-31,4123.494,3381.009,4101.55,2959.4717,6523.231,3842.0
T000046,2007-04-30,4538.052,5147.157,3946.0815,2902.5913,-328.2505,5396.0
T000046,2007-05-31,4634.626,4770.653,3856.3342,3005.6108,2087.8982,6829.0
T000046,2007-06-30,4331.4146,4770.8525,3868.0696,2917.9856,2200.9167,4357.0
T000047,2006-07-31,19198.406,17991.338,15993.704,14739.54,15239.181,17248.0
T000047,2006-08-31,18453.336,19877.979,16522.807,15245.779,10983.264,13802.0
T000047,2006-09-30,17783.793,12447.123,16323.916,15136.394,12518.663,10169.0
T000047,2006-10-31,19127.86,14075.194,16196.193,15215.715,15513.07,14413.0
T000047,2006-11-30,19565.496,20246.768,16800.604,15438.205,19918.535,15839.0
T000047,2006-12-31,18663.58,16694.959,16589.457,15334.814,25300.074,21289.0
T000047,2007-01-31,19620.506,17834.686,17038.785,15164.2295,23645.895,18149.0
T000047,2007-02-28,20204.887,14144.27,16739.139,15100.31,21208.13,21205.0
T000047,2007-03-31,19765.531,17185.371,17403.889,15141.354,20501.049,21668.0
T000047,2007-04-30,19390.348,19970.174,16458.922,15027.451,16844.219,15883.0
T000047,2007-05-31,18121.367,21343.879,16053.74,15265.588,14049.039,11306.0
T000047,2007-06-30,19258.223,12232.659,16397.402,15047.964,17392.584,18098.0
T000048,2006-07-31,3055.7734,2229.4556,3880.401,3577.621,1785.6692,3083.0
T000048,2006-08-31,3048.983,2081.376,4184.128,3781.0017,1008.97314,2426.0
T000048,2006-09-30,2596.5054,2117.0396,4145.466,3740.6858,1745.6057,2578.0
T000048,2006-10-31,3097.4802,206.94629,4255.059,3762.0535,4484.4844,3909.0
T000048,2006-11-30,3231.3352,1640.3376,4469.3896,3850.159,5938.082,4787.0
T000048,2006-12-31,3159.123,2376.147,4240.216,3823.4668,8744.043,6035.0
T000048,2007-01-31,3726.419,2192.019,4611.0625,3744.4,8495.51,6860.0
T000048,2007-02-28,3782.8652,2780.7354,4543.6636,3719.3838,7686.919,6858.0
T000048,2007-03-31,3568.348,2109.3552,4609.5474,3731.0496,5467.5996,6242.0
T000048,2007-04-30,3275.7795,2457.3936,4297.35,3709.0256,3779.627,3806.0
T000048,2007-05-31,2932.9404,432.82397,4072.675,3795.7158,1903.5209,2710.0
T000048,2007-06-30,3122.894,94.87378,4362.1875,3703.5198,1920.1194,2068.0
T000049,2006-07-31,19947.605,14308.439,28363.457,28016.55,29143.277,27603.0
T000049,2006-08-31,19859.078,11357.693,29774.615,29441.639,7677.338,21702.0
T000049,2006-09-30,16730.871,12425.973,29955.213,29173.498,9408.848,19865.0
T000049,2006-10-31,20660.174,4456.3926,30122.797,29330.998,58628.008,31920.0
T000049,2006-11-30,21109.004,5127.0547,32561.94,29908.049,30607.99,33737.0
T000049,2006-12-31,20766.602,16785.305,31533.988,29735.328,77929.94,59254.0
T000049,2007-01-31,24159.186,14315.795,32747.727,29185.549,72231.92,36647.0
T000049,2007-02-28,24415.762,23102.438,31153.81,28998.578,36457.254,43218.0
T000049,2007-03-31,23385.283,9559.418,32679.057,29093.674,60255.195,40298.0
T000049,2007-04-30,21796.266,12641.765,30071.127,28969.723,18046.156,29075.0
T000049,2007-05-31,18434.709,-7968.588,28396.922,29525.36,1885.7637,13374.0
T000049,2007-06-30,20381.49,-5232.7363,30257.883,28901.627,12239.049,12971.0
T000050,2006-07-31,5320.9224,4250.7188,7999.3965,7565.8438,4228.885,7906.0
T000050,2006-08-31,5818.1323,3056.2905,8030.8193,7850.2393,8310.602,7708.0
T000050,2006-09-30,5057.2324,4801.6416,8447.852,7794.816,9235.167,7772.0
T000050,2006-10-31,5580.5303,2490.498,8443.144,7827.136,12236.848,11454.0
T000050,2006-11-30,5591.5464,1072.544,8428.137,7937.3853,10707.355,9706.0
T000050,2006-12-31,5318.9316,6308.152,8250.257,7902.766,11993.1875,10725.0
T000050,2007-01-31,5782.5244,3633.8442,8335.306,7788.2646,10567.228,8996.0
T000050,2007-02-28,5647.071,5949.086,8300.301,7751.2925,13206.684,9920.0
T000050,2007-03-31,5572.3647,2171.2666,8307.243,7772.443,6991.7334,9565.0
T000050,2007-04-30,5373.8335,4126.164,8326.825,7754.215,9877.017,7482.0
T000050,2007-05-31,4986.6055,-323.3833,8272.009,7863.076,4537.249,3912.0
T000050,2007-06-30,5479.7144,1755.0854,8369.0,7737.1733,5099.607,3672.0
T000051,2006-07-31,16844.146,15943.361,20649.484,18307.27,21339.598,25101.0
T000051,2006-08-31,16468.299,14288.209,20793.852,19180.693,13358.785,18981.0
T000051,2006-09-30,15188.457,10135.436,20913.436,18989.545,14808.404,17557.0
T000051,2006-10-31,16897.291,9445.036,21000.303,19163.258,36258.67,24173.0
T000051,2006-11-30,17057.354,7234.215,22457.209,19507.238,22863.303,23879.0
T000051,2006-12-31,16746.566,13632.174,21807.883,19330.666,42933.844,37677.0
T000051,2007-01-31,17758.545,15485.649,22087.236,19045.133,34279.242,25509.0
T000051,2007-02-28,17549.719,14835.432,21461.139,18935.756,21679.816,25787.0
T000051,2007-03-31,16859.498,9015.025,21604.729,19013.04,27459.719,19384.0
T000051,2007-04-30,16643.04,14413.186,20692.318,18781.678,12300.912,14808.0
T000051,2007-05-31,14976.5,3106.1348,20856.457,19202.934,4982.2197,10183.0
T000051,2007-06-30,16724.518,4832.0312,21214.14,18820.908,9599.551,12717.0
T000052,2006-07-31,10206.662,9028.142,11017.579,8738.167,19004.258,14609.0
T000052,2006-08-31,9891.784,10661.781,10841.151,9146.396,4703.284,12220.0
T000052,2006-09-30,9161.301,5862.3945,10432.624,9039.38,3910.7466,8488.0
T000052,2006-10-31,9916.566,7048.003,10527.456,9148.027,17292.596,8410.0
T000052,2006-11-30,9997.194,7002.0337,11401.555,9314.88,6791.2676,8961.0
T000052,2006-12-31,9652.168,6067.5596,11128.67,9199.729,24361.691,18286.0
T000052,2007-01-31,10398.692,10933.998,11024.32,9092.922,21139.043,13350.0
T000052,2007-02-28,10455.5625,7765.8516,10943.208,9047.666,2822.2993,9686.0
T000052,2007-03-31,9903.599,7510.749,10892.348,9084.804,19918.344,9637.0
T000052,2007-04-30,10098.641,9356.372,10320.703,8897.867,907.8384,9986.0
T000052,2007-05-31,9274.893,5629.826,10536.344,9139.436,524.95264,7455.0
T000052,2007-06-30,10124.172,5180.692,10679.191,8961.851,3080.2598,8720.0
T000053,2006-07-31,212394.4,207050.0,239446.2,223746.8,237179.25,256823.0
T000053,2006-08-31,212174.66,197559.55,237075.2,228981.25,204155.02,238750.0
T000053,2006-09-30,200935.3,158623.97,238913.48,227873.95,202791.98,216117.0
T000053,2006-10-31,214004.19,157523.84,241138.86,228794.73,338319.34,255578.0
T000053,2006-11-30,216515.23,173514.17,248184.39,230905.5,230616.02,254013.0
T000053,2006-12-31,212094.34,181671.28,244746.11,229946.14,373291.78,336157.0
T000053,2007-01-31,220300.22,186321.9,244283.9,228158.55,322539.47,257996.0
T000053,2007-02-28,220403.6,214855.47,241127.03,227476.19,225532.53,240657.0
T000053,2007-03-31,218822.28,153304.38,242974.06,227944.92,284230.3,249008.0
T000053,2007-04-30,217393.1,203757.08,238333.2,226740.81,182424.8,227771.0
T000053,2007-05-31,204306.98,113841.29,236193.25,229121.2,145775.84,172736.0
T000053,2007-06-30,213378.89,135023.12,239696.25,226895.47,197382.31,189470.0
T000054,2006-07-31,24459.775,24339.21,23269.207,20820.408,27565.654,25620.0
T000054,2006-08-31,23829.812,22139.457,22949.182,21445.549,16932.434,21613.0
T000054,2006-09-30,23656.615,18444.916,23068.77,21323.357,15751.347,28116.0
T000054,2006-10-31,24349.96,21913.11,23044.441,21440.41,41519.633,23471.0
T000054,2006-11-30,24278.543,21260.996,23645.727,21668.94,11688.377,21172.0
T000054,2006-12-31,23299.592,17077.7,23908.82,21548.252,40563.188,37360.0
T000054,2007-01-31,23873.465,25700.012,23152.217,21341.12,30297.887,17612.0
T000054,2007-02-28,24104.854,20458.17,23403.955,21252.893,6356.1934,14697.0
T000054,2007-03-31,23761.223,14547.092,23448.365,21308.914,34112.45,21047.0
T000054,2007-04-30,24818.418,28050.781,22377.475,21170.98,12248.98,26584.0
T000054,2007-05-31,23066.94,19237.316,22160.895,21476.066,10437.647,20120.0
T000054,2007-06-30,25074.162,20243.158,22911.746,21194.148,20232.389,23326.0
T000055,2006-07-31,2460.4038,1803.1814,2687.9595,2553.8103,2950.4124,3143.0
T000055,2006-08-31,2571.5034,1852.2109,2621.6921,2649.789,3804.96,2499.0
T000055,2006-09-30,2328.1394,1478.0972,2626.98,2625.7046,3801.5103,2882.0
T000055,2006-10-31,2440.8013,1256.6399,2655.9834,2644.313,4257.9233,1982.0
T000055,2006-11-30,2412.7168,1736.4596,2765.375,2684.8777,3245.3218,2488.0
T000055,2006-12-31,2457.5955,1742.1008,2741.3435,2660.9749,5078.1367,4535.0
T000055,2007-01-31,2617.1667,2466.7896,2738.7622,2633.4321,4592.969,2786.0
T000055,2007-02-28,2586.3604,2245.343,2688.2334,2622.2107,3252.7656,2260.0
T000055,2007-03-31,2573.7925,1146.0488,2758.402,2629.2917,3986.6777,3233.0
T000055,2007-04-30,2566.152,2096.7397,2608.1135,2599.3948,2769.8657,2564.0
T000055,2007-05-31,2300.9976,753.15515,2530.618,2645.6394,1824.6803,1833.0
T000055,2007-06-30,2533.2786,1225.453,2612.3413,2608.217,3225.1157,2002.0
T000056,2006-07-31,3211.4424,3420.4785,3208.1636,2833.0854,4879.549,3308.0
T000056,2006-08-31,3139.9592,3237.6646,3252.1304,2910.786,2381.1514,2960.0
T000056,2006-09-30,3071.822,2269.3271,3188.4766,2894.284,1816.5339,2930.0
T000056,2006-10-31,3121.4458,2703.9407,3212.7517,2908.747,5250.1777,2606.0
T000056,2006-11-30,3182.5269,2930.5752,3409.4407,2940.5916,1782.2273,2574.0
T000056,2006-12-31,3085.4888,2487.2432,3408.5222,2921.6316,5399.42,5674.0
T000056,2007-01-31,3182.3591,3284.8901,3302.7458,2899.0156,4668.848,3141.0
T000056,2007-02-28,3276.582,2850.2847,3312.615,2888.4548,1787.8198,2566.0
T000056,2007-03-31,3266.1562,2455.8179,3416.49,2895.559,6073.532,3633.0
T000056,2007-04-30,3391.5786,3557.3691,3187.6907,2870.6282,2403.7024,4462.0
T000056,2007-05-31,3126.831,2557.8113,2976.5,2912.9314,2104.9365,2656.0
T000056,2007-06-30,3260.9207,2895.3958,3248.4177,2878.4124,2819.2197,3157.0
T000057,2006-07-31,3453.787,3919.1147,2739.2397,2566.6016,2914.9321,2545.0
T000057,2006-08-31,3389.5166,3145.8083,2727.7644,2644.4854,2002.3595,1955.0
T000057,2006-09-30,3359.1223,2474.6553,2793.4734,2628.895,1842.939,3067.0
T000057,2006-10-31,3533.9944,3536.4219,2790.7979,2643.975,5112.8525,2766.0
T000057,2006-11-30,3589.48,3718.9993,2916.6472,2675.8215,2573.165,2791.0
T000057,2006-12-31,3469.4883,2989.1853,2927.4092,2654.8384,5895.9956,4635.0
T000057,2007-01-31,3538.2358,3179.8035,2798.4272,2632.5105,4719.3687,2063.0
T000057,2007-02-28,3609.0166,2944.6152,2849.4302,2622.76,1973.7178,2385.0
T000057,2007-03-31,3538.2388,3234.8938,2906.6907,2630.1548,5172.717,2937.0
T000057,2007-04-30,3650.2017,3847.4321,2727.2932,2604.7964,1909.0217,3193.0
T000057,2007-05-31,3445.7827,3546.9614,2645.9382,2647.3044,2102.5137,2305.0
T000057,2007-06-30,3617.993,2975.6282,2758.5767,2611.6587,3481.1365,3555.0
T000058,2006-07-31,2168.8406,2147.3516,2414.6843,2410.58,2036.853,2001.0
T000058,2006-08-31,2282.1873,1480.9471,2358.563,2487.6567,2067.4604,2347.0
T000058,2006-09-30,2135.088,2080.9458,2408.275,2474.6167,1524.9463,2669.0
T000058,2006-10-31,2317.983,2072.9153,2450.0166,2484.6846,5186.384,2575.0
T000058,2006-11-30,2299.803,1684.8608,2479.2302,2513.209,1837.1085,2872.0
T000058,2006-12-31,2223.0164,1759.1351,2499.48,2498.8335,4692.342,3821.0
T000058,2007-01-31,2277.197,1628.5527,2431.0889,2471.19,3839.1104,1619.0
T000058,2007-02-28,2245.782,2669.5732,2411.0527,2460.8945,1221.4092,1750.0
T000058,2007-03-31,2215.2434,1439.881,2439.2114,2468.1487,3408.5532,2437.0
T000058,2007-04-30,2358.2046,1967.946,2389.1614,2457.9768,1358.3552,2826.0
T000058,2007-05-31,2333.6433,734.09326,2301.6904,2489.947,1078.9412,2291.0
T000058,2007-06-30,2348.6606,1769.1223,2373.8547,2456.4407,1852.6392,1999.0
T000059,2006-07-31,1044.4258,1124.9911,1179.7887,1094.8986,1741.5835,1193.0
T000059,2006-08-31,1004.4271,992.5383,1178.863,1132.3518,494.4535,786.0
T000059,2006-09-30,973.0303,870.3759,1271.4857,1123.7518,462.43085,1276.0
T000059,2006-10-31,1048.296,923.8347,1240.4417,1132.5013,2527.7295,1933.0
T000059,2006-11-30,997.0183,625.1515,1297.9618,1146.9207,688.73083,1002.0
T000059,2006-12-31,998.2413,1016.0825,1251.5575,1137.2286,2944.6636,2192.0
T000059,2007-01-31,1037.9446,904.12976,1223.0063,1126.2948,2130.5625,794.0
T000059,2007-02-28,1025.631,1001.48535,1227.6359,1121.5863,87.30078,1211.0
T000059,2007-03-31,1030.3638,669.1624,1215.0753,1125.1929,2564.6157,1138.0
T000059,2007-04-30,1073.2659,822.25323,1198.0701,1112.9103,295.5675,1447.0
T000059,2007-05-31,999.14294,376.94244,1186.0549,1133.1066,371.20673,955.0
T000059,2007-06-30,1052.7861,730.323,1267.3445,1116.1298,678.745,939.0
T000060,2006-07-31,917.5366,905.1881,880.8035,791.4577,1325.9335,1276.0
T000060,2006-08-31,897.10925,1113.135,861.10535,816.0902,702.8643,936.0
T000060,2006-09-30,865.5161,621.34045,821.5156,811.3367,626.86176,715.0
T000060,2006-10-31,881.6432,645.5735,814.4557,816.1144,952.8425,855.0
T000060,2006-11-30,868.0751,845.836,853.9221,826.46204,759.7655,635.0
T000060,2006-12-31,807.0523,732.3085,858.6713,819.82935,896.6488,940.0
T000060,2007-01-31,882.7224,798.92303,837.6397,812.3945,1039.3729,1105.0
T000060,2007-02-28,900.7327,676.7323,855.88324,808.587,424.80173,715.0
T000060,2007-03-31,844.24884,714.0706,827.6709,811.5524,1232.8474,691.0
T000060,2007-04-30,911.7497,1024.8004,825.00256,804.3721,856.6284,783.0
T000060,2007-05-31,848.7858,845.4152,876.4067,818.11115,821.2984,530.0
T000060,2007-06-30,895.4446,790.5294,865.33594,805.42676,869.118,887.0
T000061,2006-07-31,824.1089,681.078,963.2248,819.32605,1551.7472,1061.0
T000061,2006-08-31,805.06085,655.99005,987.58704,854.9481,246.18213,858.0
T000061,2006-09-30,750.82764,761.1311,963.2717,847.4272,83.78467,794.0
T000061,2006-10-31,793.5485,696.56226,938.0627,853.3943,2127.5596,1240.0
T000061,2006-11-30,740.4032,540.59863,1001.06055,867.8053,73.915344,724.0
T000061,2006-12-31,717.42816,619.5542,1006.33936,859.4918,1814.9135,1612.0
T000061,2007-01-31,795.2832,763.55115,948.23004,848.82513,1648.7085,506.0
T000061,2007-02-28,812.6931,907.74854,981.95123,844.2413,-48.600037,663.0
T000061,2007-03-31,878.31635,376.55048,990.83734,846.13306,2324.5432,987.0
T000061,2007-04-30,953.4734,885.8718,968.34766,837.6885,695.60297,1847.0
T000061,2007-05-31,850.15424,479.23825,879.67914,856.36176,374.44775,799.0
T000061,2007-06-30,817.28076,764.2915,1015.35504,840.53235,792.831,757.0
T000062,2006-07-31,2061.3699,2062.4983,1820.8785,1673.0149,3520.257,2390.0
T000062,2006-08-31,1932.0133,2255.885,1797.4113,1743.1166,723.9707,1302.0
T000062,2006-09-30,1920.5754,1338.9641,1791.1013,1727.9553,669.2447,1783.0
T000062,2006-10-31,2000.3838,1278.5977,1820.3529,1741.0007,3200.1028,1481.0
T000062,2006-11-30,2028.2538,1582.7769,2011.2148,1771.0198,1522.7792,1563.0
T000062,2006-12-31,1995.7983,1220.4293,1915.6484,1754.6754,4323.6655,3538.0
T000062,2007-01-31,2165.078,1870.734,1922.654,1732.1799,3834.0803,2646.0
T000062,2007-02-28,2144.363,1502.1256,1938.1031,1722.413,795.3232,1728.0
T000062,2007-03-31,2003.0103,1292.5981,1920.0867,1728.8551,3553.0725,1631.0
T000062,2007-04-30,2037.0746,1961.4402,1797.7896,1709.0444,200.88855,1556.0
T000062,2007-05-31,1892.2625,1394.0768,1786.8737,1744.8749,480.06433,1116.0
T000062,2007-06-30,2032.5237,1387.2529,1869.7131,1713.6035,711.1582,1812.0
T000063,2006-07-31,3158.9946,3085.7488,2763.3525,2277.6372,2647.597,3033.0
T000063,2006-08-31,3067.9731,2922.3342,2748.1533,2363.4155,2185.9387,2407.0
T000063,2006-09-30,3046.108,2139.0747,2760.7236,2342.1233,1857.0804,2624.0
T000063,2006-10-31,3084.4614,2351.1006,2805.505,2367.2976,3894.5144,2528.0
T000063,2006-11-30,3226.6975,3236.7617,2977.269,2403.2568,1531.1984,2494.0
T000063,2006-12-31,3042.1096,1684.9008,2888.7363,2374.6763,3968.0884,4358.0
T000063,2007-01-31,3171.5107,3197.2515,2874.3352,2354.3843,3717.6074,3525.0
T000063,2007-02-28,3175.2139,2291.7725,2905.0786,2344.4792,1679.7578,2073.0
T000063,2007-03-31,3089.1733,2197.4836,2908.5178,2353.5962,3373.0947,2958.0
T000063,2007-04-30,3222.9233,4095.601,2781.7754,2310.3262,1666.2034,2844.0
T000063,2007-05-31,2984.0635,3202.4644,2712.2786,2367.5725,1538.0386,2330.0
T000063,2007-06-30,3204.4106,2245.3423,2829.8076,2326.2197,1980.0452,2993.0
T000064,2006-07-31,3910.6553,3831.3115,3305.4412,2641.2983,2446.9272,2717.0
T000064,2006-08-31,3785.1328,3337.0342,3413.7373,2744.4392,2712.6338,2559.0
T000064,2006-09-30,3737.605,2596.7727,3425.0398,2721.4417,2054.2166,2986.0
T000064,2006-10-31,3852.0337,3255.0254,3324.7104,2745.8635,4612.2207,3434.0
T000064,2006-11-30,3932.8135,4385.566,3538.9639,2789.67,2038.4191,2968.0
T000064,2006-12-31,3723.2583,2123.001,3535.3882,2759.4534,4572.577,5455.0
T000064,2007-01-31,3904.8484,4431.6313,3415.327,2732.7185,3840.8032,2565.0
T000064,2007-02-28,3993.5117,2835.2595,3490.6694,2720.274,2088.0574,2870.0
T000064,2007-03-31,3904.1,2471.4712,3574.6836,2729.9727,3987.3037,3481.0
T000064,2007-04-30,4165.141,5327.8926,3362.2312,2688.521,2178.9038,4670.0
T000064,2007-05-31,3988.5112,4301.1416,3216.087,2751.1472,2243.4573,4085.0
T000064,2007-06-30,3999.471,3503.7656,3417.8098,2701.9348,2761.286,3821.0
T000065,2006-07-31,8776.887,8972.396,7450.3945,6895.502,11047.641,7885.0
T000065,2006-08-31,8541.834,7615.6753,7468.292,7162.643,4102.9263,7199.0
T000065,2006-09-30,8261.024,5635.4634,7485.7666,7102.1606,4156.3984,5920.0
T000065,2006-10-31,8687.335,8315.658,7549.862,7155.641,14105.416,5711.0
T000065,2006-11-30,8821.111,8902.289,8181.6914,7267.529,5621.4487,7158.0
T000065,2006-12-31,8781.659,5822.56,8070.128,7206.497,16704.422,15456.0
T000065,2007-01-31,9055.862,9490.553,7851.567,7125.798,13369.34,4819.0
T000065,2007-02-28,9195.709,8043.5347,7689.46,7091.4585,4240.555,7143.0
T000065,2007-03-31,8975.144,7329.106,8055.318,7116.9136,15529.884,8799.0
T000065,2007-04-30,9150.065,9282.418,7319.38,7031.481,3959.2092,8333.0
T000065,2007-05-31,8613.945,7325.6953,6970.135,7163.5576,3515.327,5877.0
T000065,2007-06-30,9097.139,6053.491,7355.7363,7054.229,7303.9854,8589.0
T000066,2006-07-31,2121.6858,2003.9603,2421.513,2053.329,2753.095,2151.0
T000066,2006-08-31,2042.6104,1845.0548,2438.4172,2173.8782,1064.2303,1858.0
T000066,2006-09-30,1885.714,1111.7144,2474.002,2142.7195,719.2346,1705.0
T000066,2006-10-31,2181.895,1137.0286,2550.4187,2174.8953,4862.6562,1998.0
T000066,2006-11-30,2220.4312,960.0067,2756.8542,2227.517,2232.9766,2910.0
T000066,2006-12-31,2174.6282,1207.1683,2674.882,2189.741,6975.4814,5440.0
T000066,2007-01-31,2402.6543,1910.4312,2710.298,2161.0283,6137.216,2817.0
T000066,2007-02-28,2422.1685,2038.096,2573.187,2148.154,1950.8341,2918.0
T000066,2007-03-31,2297.1072,1398.3354,2712.6582,2159.0315,5169.119,3203.0
T000066,2007-04-30,2280.0095,1846.7162,2487.5579,2102.4185,911.9093,2506.0
T000066,2007-05-31,2008.6531,160.98633,2301.8096,2175.612,492.08325,1678.0
T000066,2007-06-30,2191.4702,397.41565,2462.148,2121.4978,1373.2362,1697.0
T000067,2006-07-31,14764.568,12059.601,19092.152,19222.107,5152.461,13586.0
T000067,2006-08-31,14797.98,7093.784,19748.336,20288.145,19291.441,12144.0
T000067,2006-09-30,12992.584,7474.6836,20131.21,20091.018,21613.256,14897.0
T000067,2006-10-31,15833.73,3125.8945,20575.656,20230.012,33899.055,21210.0
T000067,2006-11-30,15985.311,5360.756,22306.803,20672.613,35843.9,23535.0
T000067,2006-12-31,16003.087,10478.721,21675.791,20499.719,52917.56,45034.0
T000067,2007-01-31,17996.375,12302.117,22066.895,20123.197,45469.445,23482.0
T000067,2007-02-28,17929.451,16103.66,20994.537,19980.092,39392.836,26647.0
T000067,2007-03-31,17498.016,5747.468,22218.797,20064.148,37169.594,27662.0
T000067,2007-04-30,16636.871,11791.266,20253.775,19901.014,26315.033,23282.0
T000067,2007-05-31,14096.613,-5038.3438,18436.535,20356.688,12134.009,9174.0
T000067,2007-06-30,15614.724,-2955.1133,20273.506,19877.45,26043.541,10037.0
T000068,2006-07-31,1334.3975,1216.9825,1555.3392,1448.2444,996.8694,1738.0
T000068,2006-08-31,1280.779,1053.523,1594.5812,1514.3298,1582.475,1287.0
T000068,2006-09-30,1169.214,669.9209,1582.8519,1498.4321,1773.49,1388.0
T000068,2006-10-31,1384.0544,532.02844,1584.318,1513.3921,2593.3643,1501.0
T000068,2006-11-30,1365.2081,518.2764,1707.387,1541.1562,2537.0864,1672.0
T000068,2006-12-31,1334.4761,1006.4835,1679.438,1523.806,3688.7644,3140.0
T000068,2007-01-31,1471.6375,1139.6147,1700.1659,1505.7566,3280.9934,1615.0
T000068,2007-02-28,1483.3519,1187.3442,1630.7996,1498.3208,2606.9082,2006.0
T000068,2007-03-31,1439.1221,544.20844,1696.6566,1504.0327,2830.088,1830.0
T000068,2007-04-30,1377.9886,1088.7595,1566.879,1479.571,1962.1874,1721.0
T000068,2007-05-31,1180.7853,13.968262,1511.9333,1514.8544,949.7527,684.0
T000068,2007-06-30,1351.6112,65.33594,1589.6511,1486.0963,1972.6862,989.0
T000069,2006-07-31,7091.8237,6722.676,7025.721,6439.918,8571.306,7622.0
T000069,2006-08-31,6662.392,6378.587,7155.174,6861.97,4147.747,4790.0
T000069,2006-09-30,6301.8506,2404.7466,7270.7334,6759.7554,3216.2068,5175.0
T000069,2006-10-31,7384.7017,3756.01,7446.823,6861.3667,16540.012,7273.0
T000069,2006-11-30,7394.5317,2898.8755,8453.145,7036.491,9353.594,7777.0
T000069,2006-12-31,7420.3203,4352.796,7984.14,6926.1357,23909.033,19383.0
T000069,2007-01-31,8083.761,6230.3115,8076.033,6808.865,19013.625,8481.0
T000069,2007-02-28,7854.6675,5563.171,7653.3887,6761.5957,7377.5034,8893.0
T000069,2007-03-31,7356.1074,3842.245,7945.6323,6798.5757,16756.559,6885.0
T000069,2007-04-30,7459.2754,5779.4746,7098.4683,6630.3623,2765.0662,6844.0
T000069,2007-05-31,6489.227,753.5337,6783.1064,6865.092,403.03564,3169.0
T000069,2007-06-30,7313.139,698.5386,7286.181,6680.4976,5537.729,5368.0
T000070,2006-07-31,6167.1934,6239.794,5755.5957,4987.053,6854.1006,5241.0
T000070,2006-08-31,6086.144,5187.951,5698.1543,5205.935,5020.368,5021.0
T000070,2006-09-30,5904.7173,3888.8604,5817.9116,5143.0557,3836.6953,5785.0
T000070,2006-10-31,6250.8667,5262.744,5976.7773,5213.293,11797.287,5386.0
T000070,2006-11-30,6349.492,4643.913,6423.1562,5310.3726,5295.2354,6176.0
T000070,2006-12-31,6254.901,4515.228,6292.1465,5230.859,13808.085,13126.0
T000070,2007-01-31,6446.698,6310.3145,6140.014,5185.083,10254.906,4136.0
T000070,2007-02-28,6403.21,5097.873,5948.841,5165.568,3898.2646,5169.0
T000070,2007-03-31,6239.4463,4534.915,6177.703,5185.471,10411.385,5987.0
T000070,2007-04-30,6424.8457,6414.8213,5654.009,5058.623,3732.7368,6427.0
T000070,2007-05-31,5898.4624,3803.9465,5360.009,5204.268,2178.2114,4126.0
T000070,2007-06-30,6475.1133,3364.6448,5692.747,5106.799,5581.589,5631.0
T000071,2006-07-31,87881.77,84177.37,89054.65,82593.14,89872.58,86510.0
T000071,2006-08-31,85135.586,72100.51,88733.76,85161.34,64037.06,72521.0
T000071,2006-09-30,82596.77,56317.04,90082.79,84464.71,61227.812,84712.0
T000071,2006-10-31,88738.84,63076.645,91530.74,85234.49,164297.84,87950.0
T000071,2006-11-30,89442.2,66140.91,97261.89,86357.875,83874.85,90511.0
T000071,2006-12-31,87966.44,60704.234,95359.11,85485.16,198719.78,175699.0
T000071,2007-01-31,92523.62,85911.87,94255.836,84927.77,161727.84,83712.0
T000071,2007-02-28,92110.29,78468.63,91905.86,84669.47,73938.3,85694.0
T000071,2007-03-31,91496.266,54232.492,94853.84,84905.46,159013.34,98539.0
T000071,2007-04-30,92989.836,90290.516,88691.23,83516.32,60660.14,101889.0
T000071,2007-05-31,83986.99,44300.168,84278.6,85180.22,39083.766,63728.0
T000071,2007-06-30,90220.01,45703.906,89496.445,84020.79,82408.58,77559.0
T000072,2006-07-31,18225.89,17500.45,16950.965,15762.671,13606.522,18697.0
T000072,2006-08-31,19088.209,16675.441,17150.445,16115.05,19447.088,19763.0
T000072,2006-09-30,18352.256,17501.857,16978.096,16039.888,17497.816,17721.0
T000072,2006-10-31,17511.984,19269.496,16828.453,16119.096,14101.914,18171.0
T000072,2006-11-30,17641.45,19612.707,16700.604,16247.733,9170.272,18455.0
T000072,2006-12-31,15624.85,17197.299,16926.86,16157.837,5147.54,10581.0
T000072,2007-01-31,16836.031,17614.742,16575.604,16050.385,6682.997,10331.0
T000072,2007-02-28,17497.463,17114.348,16783.793,16014.109,15512.669,16631.0
T000072,2007-03-31,17193.857,14704.266,16856.67,16040.288,6741.7715,17404.0
T000072,2007-04-30,17971.605,19637.87,16781.252,15953.03,16543.129,15059.0
T000072,2007-05-31,18235.195,19562.568,17066.084,16137.204,18714.68,20113.0
T000072,2007-06-30,18043.52,20331.646,16625.186,15964.365,15452.846,17658.0
T000073,2006-07-31,4403.797,4030.5522,3618.0352,3404.772,4395.4453,3736.0
T000073,2006-08-31,4448.7993,4096.2925,3557.466,3498.4548,2700.7866,3575.0
T000073,2006-09-30,4267.7563,3497.7222,3630.4346,3481.1553,2963.3494,3969.0
T000073,2006-10-31,4336.4673,4094.8525,3623.0295,3495.0862,4350.777,3569.0
T000073,2006-11-30,4329.159,4822.948,3555.0405,3531.1,2231.5146,4441.0
T000073,2006-12-31,4113.0425,3388.3342,3640.6895,3511.2095,3244.2927,2619.0
T000073,2007-01-31,4278.8853,4148.9297,3587.7014,3481.0984,3169.382,4038.0
T000073,2007-02-28,4323.9927,4129.8105,3660.5679,3467.8257,2507.8623,3949.0
T000073,2007-03-31,4251.477,3895.7925,3573.2358,3475.7146,3702.7021,3370.0
T000073,2007-04-30,4311.2734,5402.831,3615.664,3460.6687,1829.0404,3216.0
T000073,2007-05-31,4346.1943,5022.4375,3646.8374,3504.432,2748.9863,2453.0
T000073,2007-06-30,4387.6914,4713.795,3552.9048,3459.763,2328.7268,4208.0
T000074,2006-07-31,1874.6709,1763.9518,1834.2294,1531.9249,1742.3661,1617.0
T000074,2006-08-31,2008.1844,1524.3611,1773.5919,1573.9314,1578.6307,1929.0
T000074,2006-09-30,1884.3752,1569.1511,1818.6445,1566.642,1505.2397,2133.0
T000074,2006-10-31,1874.8916,1981.6326,1833.5345,1572.9862,2047.8137,1577.0
T000074,2006-11-30,1926.312,2188.8086,1743.1981,1588.2659,1140.3962,2378.0
T000074,2006-12-31,1720.9202,1640.7179,1794.8438,1580.8541,1209.114,1297.0
T000074,2007-01-31,1817.8666,1870.2008,1814.9602,1565.9918,1302.0753,1287.0
T000074,2007-02-28,1883.799,1763.612,1773.0187,1560.7733,1490.6985,2027.0
T000074,2007-03-31,1868.447,1771.8652,1798.3914,1564.2407,1095.6174,2205.0
T000074,2007-04-30,1928.793,1991.6549,1800.5201,1558.0746,1262.0574,1427.0
T000074,2007-05-31,1877.5364,1990.947,1800.2417,1577.0033,1209.2073,1722.0
T000074,2007-06-30,1934.3347,1962.193,1706.1819,1557.3716,1531.3961,1792.0
T000075,2006-07-31,4650.273,4096.4214,4327.538,3553.9058,3782.588,4505.0
T000075,2006-08-31,4747.392,4138.9375,4391.6665,3651.9297,2492.9055,4970.0
T000075,2006-09-30,4611.878,3543.819,4317.045,3634.4343,1589.2877,4090.0
T000075,2006-10-31,4583.1777,4201.7007,4326.4185,3651.0417,4650.9,4193.0
T000075,2006-11-30,4578.793,5678.115,4312.6973,3687.5027,1122.4998,4850.0
T000075,2006-12-31,4144.3623,3711.2903,4358.7593,3671.1516,3266.3428,2645.0
T000075,2007-01-31,4453.785,4781.466,4301.8906,3636.069,3673.5469,3501.0
T000075,2007-02-28,4654.956,4134.0264,4316.4897,3622.8887,2962.1184,4716.0
T000075,2007-03-31,4542.057,3746.7158,4365.0186,3629.954,2937.5527,4648.0
T000075,2007-04-30,4741.8345,6087.4487,4325.3193,3614.2222,2439.9746,4271.0
T000075,2007-05-31,4696.1626,5528.622,4337.544,3664.676,2782.1646,4683.0
T000075,2007-06-30,4683.7217,5210.799,4254.7554,3614.2595,2894.6113,4545.0
T000076,2006-07-31,1314.5553,997.22736,1326.5739,1252.8474,1267.2017,1402.0
T000076,2006-08-31,1347.1066,1033.9757,1384.1514,1283.7809,1374.3665,1462.0
T000076,2006-09-30,1308.2728,1310.8444,1358.4186,1277.4625,1122.2831,1481.0
T000076,2006-10-31,1272.2618,1300.4161,1331.722,1283.6935,1352.9882,1263.0
T000076,2006-11-30,1227.3766,1159.162,1337.0886,1295.672,527.874,1333.0
T000076,2006-12-31,1108.1761,1050.9309,1336.1276,1287.0728,608.5871,959.0
T000076,2007-01-31,1206.2571,1286.6283,1366.53,1278.2699,994.54236,944.0
T000076,2007-02-28,1274.1147,1318.5322,1362.1699,1274.6926,1262.3237,1643.0
T000076,2007-03-31,1239.427,1108.6646,1405.915,1276.931,759.27747,1439.0
T000076,2007-04-30,1348.7094,1380.6871,1352.4431,1267.6364,1269.2433,1193.0
T000076,2007-05-31,1363.3193,1157.3323,1368.7307,1285.3298,1681.5853,1752.0
T000076,2007-06-30,1307.0981,1686.362,1326.4209,1269.9916,1243.0886,1254.0
T000077,2006-07-31,806.82086,674.81586,877.6373,791.56696,940.43616,767.0
T000077,2006-08-31,845.95636,745.35614,851.973,811.2272,830.16284,945.0
T000077,2006-09-30,789.24994,688.2737,894.9353,808.1571,715.44617,1044.0
T000077,2006-10-31,794.86115,714.86523,897.4839,809.9238,968.7445,1063.0
T000077,2006-11-30,785.2046,637.0253,837.99115,817.15,205.66034,1202.0
T000077,2006-12-31,684.593,837.00684,862.16046,814.6925,434.48022,448.0
T000077,2007-01-31,748.1797,770.12683,857.8434,806.66736,691.9636,701.0
T000077,2007-02-28,772.8739,839.3214,859.43604,803.9207,625.64624,983.0
T000077,2007-03-31,770.99023,731.5878,841.37006,805.1463,729.86584,867.0
T000077,2007-04-30,816.2038,984.04407,874.6092,804.8041,737.30786,652.0
T000077,2007-05-31,836.73517,649.6664,888.4515,812.591,795.8468,843.0
T000077,2007-06-30,800.6702,815.95056,838.04663,803.6764,735.85345,752.0
T000078,2006-07-31,515.3812,398.9317,477.93384,444.2631,449.7004,475.0
T000078,2006-08-31,519.19244,452.92065,492.58423,457.29382,510.33038,629.0
T000078,2006-09-30,506.46432,393.14075,479.2349,455.03275,480.72052,557.0
T000078,2006-10-31,493.0063,417.65866,480.46313,456.6378,538.012,436.0
T000078,2006-11-30,482.74863,519.0273,475.47504,461.7287,438.25705,546.0
T000078,2006-12-31,446.9147,323.76172,488.78394,459.53503,214.16194,360.0
T000078,2007-01-31,478.35938,568.99695,474.28387,454.5807,353.8196,243.0
T000078,2007-02-28,491.47156,438.80444,483.91434,452.85678,475.67737,574.0
T000078,2007-03-31,481.59766,418.55313,473.9333,453.7047,239.30049,454.0
T000078,2007-04-30,521.14386,600.22034,471.9718,452.36792,598.36896,457.0
T000078,2007-05-31,512.90533,474.58365,479.29898,458.17447,530.8903,489.0
T000078,2007-06-30,497.76132,540.26245,465.02225,452.24426,519.9652,474.0
T000079,2006-07-31,997.8261,796.57086,1174.1333,1022.6588,1372.18,1335.0
T000079,2006-08-31,1067.6167,666.3517,1165.5516,1054.69,783.96234,1257.0
T000079,2006-09-30,1031.8218,1181.3774,1174.8523,1048.9297,545.7616,1244.0
T000079,2006-10-31,950.0259,1100.4075,1157.9261,1052.5071,1728.8779,1348.0
T000079,2006-11-30,930.0484,910.37305,1117.0494,1063.5905,-437.3739,1426.0
T000079,2006-12-31,777.6641,896.4335,1144.1687,1060.7445,1097.4713,506.0
T000079,2007-01-31,895.74927,1031.2891,1143.3937,1046.5334,1376.4739,742.0
T000079,2007-02-28,968.74457,1140.7826,1137.0667,1042.8962,653.868,1139.0
T000079,2007-03-31,927.0715,648.83136,1149.3042,1044.3341,1011.6775,1195.0
T000079,2007-04-30,997.8541,964.9767,1162.781,1045.7195,519.4717,1093.0
T000079,2007-05-31,992.2925,781.48083,1190.1732,1057.2045,553.88196,1465.0
T000079,2007-06-30,1018.79333,1315.7292,1138.0461,1042.4998,604.5759,932.0
T000080,2006-07-31,1270.1621,1142.2676,1285.0441,1174.7058,1345.0677,1198.0
T000080,2006-08-31,1312.0135,1332.8129,1289.3987,1210.0239,838.3342,1285.0
T000080,2006-09-30,1217.2858,890.87646,1313.2886,1201.7665,1068.3035,1243.0
T000080,2006-10-31,1256.8734,1117.4933,1316.5122,1208.93,1273.4983,1422.0
T000080,2006-11-30,1262.5908,985.35095,1267.4211,1223.8242,1611.5618,1648.0
T000080,2006-12-31,1206.7354,1088.4238,1283.8478,1213.7902,1729.9753,1039.0
T000080,2007-01-31,1323.2766,1169.844,1308.6406,1203.5367,1620.6902,1244.0
T000080,2007-02-28,1279.8074,1162.1237,1290.8628,1200.083,981.51105,1629.0
T000080,2007-03-31,1266.1549,1183.8853,1302.7041,1201.8752,1639.31,1445.0
T000080,2007-04-30,1265.8213,1294.8674,1300.6127,1191.2411,1296.5856,851.0
T000080,2007-05-31,1243.5789,1203.4656,1313.8163,1210.8524,1539.3247,1173.0
T000080,2007-06-30,1271.9382,1293.3529,1260.979,1194.5211,1128.719,1193.0
T000081,2006-07-31,5689.6304,6170.192,5972.299,4308.2495,5550.8,4039.0
T000081,2006-08-31,5760.8037,4713.651,5481.8564,4542.578,1143.7,4204.0
T000081,2006-09-30,5242.3804,3982.1982,5717.047,4482.0103,1699.7913,4691.0
T000081,2006-10-31,5540.2227,3701.0747,5992.567,4540.3027,8517.899,5403.0
T000081,2006-11-30,5926.416,5572.479,5449.3,4647.0713,4887.79,10816.0
T000081,2006-12-31,5479.662,3122.9053,5833.2246,4565.7344,8293.826,6477.0
T000081,2007-01-31,5833.566,6019.1396,5662.35,4511.1855,6627.171,4624.0
T000081,2007-02-28,5820.167,5358.9624,5499.822,4490.418,3402.2969,6589.0
T000081,2007-03-31,5575.1997,3742.2402,5429.4985,4504.567,3406.8704,5145.0
T000081,2007-04-30,5733.6875,6785.7666,5851.0723,4395.2734,492.33984,5487.0
T000081,2007-05-31,5637.0713,4293.861,5907.4326,4541.3745,1135.8513,4938.0
T000081,2007-06-30,5606.0767,4807.338,5248.1743,4438.6416,930.59937,4803.0
T000082,2006-07-31,3093.5952,2819.1882,2983.4163,2098.0447,2909.169,2948.0
T000082,2006-08-31,3159.6426,2544.6257,2948.2412,2170.1748,929.3079,3279.0
T000082,2006-09-30,3064.2827,2397.166,2961.976,2154.6152,674.29565,3086.0
T000082,2006-10-31,2966.135,2550.9722,2974.5857,2169.3457,3433.7134,3124.0
T000082,2006-11-30,2980.7375,3536.6416,2895.6628,2196.46,-53.327026,3666.0
T000082,2006-12-31,2652.2466,2264.116,2964.2642,2180.1062,2510.4556,1795.0
T000082,2007-01-31,2897.4873,3515.9453,2911.6597,2157.5317,2500.5103,2153.0
T000082,2007-02-28,3008.501,2593.8276,2929.0288,2149.5403,883.50256,3074.0
T000082,2007-03-31,2925.1855,2010.7699,2902.1409,2154.972,2060.3015,3025.0
T000082,2007-04-30,3098.184,4262.9014,2966.4758,2134.7834,690.7108,3221.0
T000082,2007-05-31,3087.2087,3639.751,2943.277,2174.9102,714.53174,2791.0
T000082,2007-06-30,3060.2678,3060.8896,2895.4421,2139.4038,842.1516,2926.0
T000083,2006-07-31,8349.216,7231.1177,8094.333,7792.562,6327.668,8465.0
T000083,2006-08-31,8662.672,7193.431,8264.66,7919.316,8110.336,10029.0
T000083,2006-09-30,8316.691,7627.376,8171.1294,7894.975,8705.615,8203.0
T000083,2006-10-31,8270.85,7561.7593,8184.7217,7918.645,6208.3516,9235.0
T000083,2006-11-30,8265.393,8737.802,8199.805,7967.8345,7363.2544,8140.0
T000083,2006-12-31,7607.5386,7496.59,8177.5024,7936.5605,4327.23,4102.0
T000083,2007-01-31,8100.1685,7980.352,7976.3657,7896.13,5259.525,7340.0
T000083,2007-02-28,8281.282,8351.068,8103.568,7880.1636,9044.489,8636.0
T000083,2007-03-31,8214.723,6860.698,8064.2383,7892.219,5240.5903,8283.0
T000083,2007-04-30,8358.979,9042.081,8069.7705,7863.5874,9955.353,8009.0
T000083,2007-05-31,8367.815,9055.052,8120.437,7929.2603,9354.312,8338.0
T000083,2007-06-30,8420.713,9265.925,8071.1274,7865.018,7859.5146,7929.0
T000084,2006-07-31,1153.2195,1001.76917,1108.035,946.2115,960.1963,812.0
T000084,2006-08-31,1183.7395,933.84106,1118.2783,983.64734,216.18683,1409.0
T000084,2006-09-30,1125.8563,1025.9751,1126.7704,977.755,178.31879,1236.0
T000084,2006-10-31,1154.6827,1166.5132,1143.4667,981.7508,1622.1041,1225.0
T000084,2006-11-30,1166.7769,1235.2803,1111.5806,995.08704,427.66675,1323.0
T000084,2006-12-31,1059.1893,1044.8822,1115.0571,990.5192,1095.1886,731.0
T000084,2007-01-31,1128.8059,885.9325,1098.3944,975.76715,987.28796,958.0
T000084,2007-02-28,1171.5869,1209.5126,1104.1171,970.2717,558.91766,1201.0
T000084,2007-03-31,1175.6696,953.18243,1112.2096,973.13715,879.396,1308.0
T000084,2007-04-30,1194.126,1302.3522,1114.4076,971.8155,581.5254,733.0
T000084,2007-05-31,1193.7227,1165.0566,1108.0778,986.6745,376.11322,1207.0
T000084,2007-06-30,1186.501,1287.0514,1079.6776,969.42114,184.28357,1055.0
T000085,2006-07-31,3700.7327,3367.1863,4522.796,3799.9692,3825.4805,4278.0
T000085,2006-08-31,3867.9915,2993.9082,4260.4316,3909.072,1046.7502,4066.0
T000085,2006-09-30,3662.733,4383.65,4427.201,3885.853,2317.0598,3751.0
T000085,2006-10-31,3719.7698,3194.3286,4511.929,3903.7627,5102.65,4674.0
T000085,2006-11-30,3784.406,3543.843,4317.264,3950.3167,2875.9585,6281.0
T000085,2006-12-31,3347.957,3843.5168,4312.311,3922.5413,3792.3015,2523.0
T000085,2007-01-31,3668.6975,2714.6748,4477.9346,3890.503,3744.574,3911.0
T000085,2007-02-28,3812.5798,4030.0422,4211.5073,3877.75,3547.9429,4968.0
T000085,2007-03-31,3768.3464,3214.154,4481.303,3885.3545,2616.018,6294.0
T000085,2007-04-30,3914.2168,3580.2598,4476.964,3859.001,3417.9636,3884.0
T000085,2007-05-31,3774.903,3187.7676,4386.892,3911.7407,2953.216,3911.0
T000085,2007-06-30,3816.2566,3519.0999,4159.1714,3863.4512,1088.2393,3298.0
T000086,2006-07-31,1361.6869,1207.3704,1442.4744,1167.3771,1212.3286,1343.0
T000086,2006-08-31,1404.0803,1199.2052,1371.9482,1205.6643,767.34216,1504.0
T000086,2006-09-30,1340.6097,1127.8245,1422.0743,1198.7404,797.6011,1424.0
T000086,2006-10-31,1356.0286,1182.859,1458.2911,1205.322,1528.6167,1544.0
T000086,2006-11-30,1379.3611,1378.9283,1402.0983,1219.9125,721.057,1870.0
T000086,2006-12-31,1232.1608,1243.9637,1397.2137,1212.3276,902.48224,798.0
T000086,2007-01-31,1310.649,1201.3087,1416.7327,1199.6821,1048.2241,1452.0
T000086,2007-02-28,1341.9672,1232.2213,1373.1776,1194.2181,1032.5482,1310.0
T000086,2007-03-31,1317.1958,1147.3892,1409.9849,1197.7927,724.9486,1844.0
T000086,2007-04-30,1378.779,1618.9021,1434.6033,1189.942,891.8221,1041.0
T000086,2007-05-31,1351.3977,1281.0038,1409.6078,1209.3212,993.25134,1356.0
T000086,2007-06-30,1371.7358,1405.8206,1360.9291,1190.1349,552.8019,1240.0
T000087,2006-07-31,4202.2207,3519.9053,4842.187,3787.7148,3877.8894,3830.0
T000087,2006-08-31,4481.426,3476.5789,4649.4517,3918.1006,3232.4429,5977.0
T000087,2006-09-30,4114.5566,4105.783,4735.7446,3892.7976,3031.1165,4092.0
T000087,2006-10-31,4303.1743,3970.3062,5001.7725,3915.1052,5800.324,5537.0
T000087,2006-11-30,4293.554,3634.4253,4676.9854,3965.0227,2891.9683,7253.0
T000087,2006-12-31,3809.171,3794.8545,4735.5786,3936.316,3129.6746,2681.0
T000087,2007-01-31,4072.9102,3268.28,4602.2466,3894.5679,3321.051,4021.0
T000087,2007-02-28,4140.5903,4771.3975,4532.4355,3879.0999,4178.272,4941.0
T000087,2007-03-31,4224.7837,3594.2563,4499.8237,3887.6724,1833.3933,5519.0
T000087,2007-04-30,4451.7036,5070.64,4806.385,3860.1135,4260.912,3849.0
T000087,2007-05-31,4338.2725,3692.855,4760.6616,3925.437,3669.0864,3728.0
T000087,2007-06-30,4301.37,4947.1523,4467.7725,3863.8367,2340.5117,3784.0
T000088,2006-07-31,4495.472,4203.301,4425.7617,3488.5518,3705.2998,4389.0
T000088,2006-08-31,4657.389,4178.239,4331.959,3591.9412,3320.3274,4851.0
T000088,2006-09-30,4507.272,4007.556,4403.7935,3572.8767,3096.0127,5012.0
T000088,2006-10-31,4422.0264,4376.213,4410.232,3592.2744,4559.499,4583.0
T000088,2006-11-30,4376.6934,4887.26,4293.211,3629.4878,1634.6749,5091.0
T000088,2006-12-31,3852.9382,3690.7117,4360.777,3610.613,2297.6177,2768.0
T000088,2007-01-31,4203.0527,4676.8467,4317.1753,3573.603,1854.5548,3442.0
T000088,2007-02-28,4291.337,3899.3032,4318.596,3561.5967,2144.1,3583.0
T000088,2007-03-31,4326.246,3758.959,4325.9224,3568.148,2046.4811,4950.0
T000088,2007-04-30,4583.181,5840.5225,4365.0977,3550.9287,3370.7146,4459.0
T000088,2007-05-31,4547.0,5364.255,4333.138,3603.7314,3570.696,4535.0
T000088,2007-06-30,4500.861,4845.3877,4263.112,3550.957,2794.9207,4331.0
T000089,2006-07-31,65955.88,60657.17,65260.707,57912.72,57392.363,63836.0
T000089,2006-08-31,67436.17,57747.29,64276.156,58998.734,47572.812,71134.0
T000089,2006-09-30,65110.582,59275.906,64801.11,58798.1,46573.1,64977.0
T000089,2006-10-31,64397.516,62133.69,65612.91,59010.168,68243.484,68367.0
T000089,2006-11-30,64853.68,69267.375,63540.715,59396.727,35254.734,80719.0
T000089,2006-12-31,59062.625,56539.64,64602.805,59180.477,43287.15,42329.0
T000089,2007-01-31,62549.01,63727.516,63999.914,58816.668,44934.023,50932.0
T000089,2007-02-28,64075.51,63525.918,63591.094,58689.723,49656.355,67593.0
T000089,2007-03-31,63710.023,53706.426,63674.074,58758.777,37958.68,69395.0
T000089,2007-04-30,65935.875,76178.96,64840.01,58547.91,48398.64,58902.0
T000089,2007-05-31,65497.445,67941.43,65009.6,59114.434,52136.5,65497.0
T000089,2007-06-30,65513.164,70676.54,62845.684,58561.113,41544.664,62174.0
T000090,2006-07-31,11480.305,10913.108,10586.164,9534.654,12079.348,12137.0
T000090,2006-08-31,11676.746,11056.756,10544.865,9736.165,13540.174,11264.0
T000090,2006-09-30,11398.433,9749.051,10464.1045,9694.721,13595.543,10668.0
T000090,2006-10-31,11279.267,11607.471,10326.279,9738.899,10849.936,11380.0
T000090,2006-11-30,11227.383,10501.673,10438.749,9816.777,9974.07,9390.0
T000090,2006-12-31,10642.411,9042.128,10521.344,9765.275,9438.376,10208.0
T000090,2007-01-31,10925.525,12243.012,10286.419,9704.3,9672.773,10619.0
T000090,2007-02-28,11006.474,9350.985,10460.996,9676.411,8090.401,7717.0
T000090,2007-03-31,10934.674,12522.202,10353.469,9695.868,10164.797,9893.0
T000090,2007-04-30,11355.405,11527.271,10351.6875,9637.139,11232.024,10855.0
T000090,2007-05-31,11214.105,12931.235,10521.028,9755.003,11298.837,9690.0
T000090,2007-06-30,11548.093,10934.006,10498.283,9651.347,13808.914,11145.0
T000091,2006-07-31,4095.291,6057.044,4371.74,4721.0913,22320.074,6591.0
T000091,2006-08-31,4961.8726,7310.3154,4538.454,4922.2993,-1086.398,5310.0
T000091,2006-09-30,3921.679,4566.525,4156.395,4886.5244,-1670.7905,3682.0
T000091,2006-10-31,4348.3853,5725.073,4072.5117,4892.951,12782.077,4000.0
T000091,2006-11-30,4209.462,-1504.5615,4287.7603,4983.2666,-3844.2598,3126.0
T000091,2006-12-31,3305.7969,10177.083,4282.109,4955.7197,18773.373,3071.0
T000091,2007-01-31,4849.748,1805.5557,4463.289,4876.4995,23322.7,5364.0
T000091,2007-02-28,4987.237,1494.6509,4329.032,4845.647,-2211.0723,6284.0
T000091,2007-03-31,3842.3777,13839.289,4326.9683,4859.9604,21461.152,4182.0
T000091,2007-04-30,4467.409,-7782.0645,4149.6904,4868.76,-3716.2568,3643.0
T000091,2007-05-31,4374.5947,-835.61035,4516.3955,4924.2646,-7981.917,2598.0
T000091,2007-06-30,5248.025,1682.5376,4306.697,4847.7095,-6100.413,2864.0
T000092,2006-07-31,1820.7614,1082.881,2098.2898,1435.3326,8862.527,4674.0
T000092,2006-08-31,1581.5251,2606.999,2344.3657,1555.6047,-3163.6885,1471.0
T000092,2006-09-30,1417.0774,1059.0869,1917.5795,1521.078,-2027.2295,1338.0
T000092,2006-10-31,1514.4861,942.2953,1684.1849,1555.5442,3983.2312,1672.0
T000092,2006-11-30,1377.5715,420.68457,1960.9302,1617.2628,-1263.6365,709.0
T000092,2006-12-31,1224.6466,2112.0083,1953.419,1566.6091,4376.4873,845.0
T000092,2007-01-31,1716.139,1426.0612,2356.1948,1542.914,6760.4023,2798.0
T000092,2007-02-28,1804.837,618.17676,2089.7463,1531.3845,-1851.1821,4911.0
T000092,2007-03-31,1505.8119,2606.5898,2201.2688,1540.7449,7912.002,1605.0
T000092,2007-04-30,1788.034,-458.85034,1888.1166,1478.6005,-1437.8315,1788.0
T000092,2007-05-31,1525.9202,782.1212,2372.026,1558.464,-1530.9563,913.0
T000092,2007-06-30,1798.6168,677.78845,2084.3384,1499.2161,-1715.2029,1207.0
T000093,2006-07-31,4108.4937,4157.652,3369.4558,2826.313,5086.4653,4956.0
T000093,2006-08-31,4292.331,4932.124,3638.996,2972.4187,4169.2505,1803.0
T000093,2006-09-30,4004.064,4012.7969,3452.48,2942.4705,4801.0596,2054.0
T000093,2006-10-31,4237.3374,4078.7637,3225.0864,2963.516,2771.1692,3420.0
T000093,2006-11-30,4210.8086,2698.8213,3279.155,3032.4321,7418.3315,4560.0
T000093,2006-12-31,3894.4517,5669.039,3395.1567,2996.0996,3157.8882,2931.0
T000093,2007-01-31,4413.511,2872.9187,3705.7646,2947.0608,4838.508,3480.0
T000093,2007-02-28,4356.4043,2068.8137,3503.4634,2927.5093,6705.421,6551.0
T000093,2007-03-31,3848.3667,6385.926,3597.6582,2941.9116,3766.608,2893.0
T000093,2007-04-30,4121.6284,795.95483,3326.6208,2912.4778,6204.1846,2336.0
T000093,2007-05-31,4179.7607,4248.7715,3695.895,2980.072,4835.424,2153.0
T000093,2007-06-30,4525.0522,3135.4531,3333.6016,2910.9038,5956.624,3463.0
T000094,2006-07-31,1937.9436,617.63574,2050.287,1716.6613,7985.576,3977.0
T000094,2006-08-31,1753.1567,2329.6353,2742.0066,1854.7153,-2164.6807,1866.0
T000094,2006-09-30,1592.6974,1422.4955,2348.649,1814.0896,-3935.5503,1599.0
T000094,2006-10-31,1605.8427,480.8667,1993.6854,1856.243,4766.5264,1647.0
T000094,2006-11-30,1457.144,390.22754,2278.638,1930.1174,-1780.678,1381.0
T000094,2006-12-31,1387.3164,2923.3337,2200.4539,1869.1407,4874.2812,1813.0
T000094,2007-01-31,2103.9934,792.5211,2820.8237,1846.3364,8474.713,2417.0
T000094,2007-02-28,2265.2632,405.77783,2477.302,1832.2167,-315.0193,7531.0
T000094,2007-03-31,1820.183,1850.1152,2695.9146,1841.7615,7375.603,1896.0
T000094,2007-04-30,2005.9607,19.969727,2094.248,1765.669,-2056.8604,1098.0
T000094,2007-05-31,1934.628,-47.933594,2643.1118,1859.2983,-1639.8943,1210.0
T000094,2007-06-30,1975.7169,893.08496,2241.8262,1790.9375,-2579.9766,1170.0
T000095,2006-07-31,2021.6633,1621.1477,1953.7736,1668.5398,7320.207,3269.0
T000095,2006-08-31,1920.5574,2806.2058,2130.0132,1756.3257,-1294.5054,1677.0
T000095,2006-09-30,1818.4713,1695.0823,1910.4019,1733.2524,-1104.3682,1690.0
T000095,2006-10-31,1875.7952,1440.9214,1767.0409,1756.277,3327.3057,1717.0
T000095,2006-11-30,1749.8103,873.9381,1918.3702,1800.134,-90.22241,1381.0
T000095,2006-12-31,1672.2693,2477.6267,1907.9547,1765.2598,4146.3716,1484.0
T000095,2007-01-31,2109.0273,1513.7085,2152.06,1747.895,6238.441,2286.0
T000095,2007-02-28,2105.2974,846.67065,1987.2585,1737.5471,-722.3645,3752.0
T000095,2007-03-31,1829.1738,2353.929,2064.9463,1745.3016,6635.1743,1681.0
T000095,2007-04-30,1979.9806,385.53247,1857.0956,1702.6536,-481.23584,1283.0
T000095,2007-05-31,1943.8915,1215.1235,2135.1443,1759.2354,-507.70703,1351.0
T000095,2007-06-30,2128.9087,1258.9062,1949.9769,1715.5254,-887.7439,1625.0
T000096,2006-07-31,860.2003,653.8439,1090.2454,1002.1188,4407.6743,2472.0
T000096,2006-08-31,852.2441,1581.9055,1127.837,1075.3378,-393.96692,640.0
T000096,2006-09-30,732.70746,765.39246,917.2176,1059.5087,126.11194,861.0
T000096,2006-10-31,774.7717,367.64062,828.6465,1070.3259,1241.8096,664.0
T000096,2006-11-30,707.2218,-114.5896,949.61334,1103.5538,521.05774,434.0
T000096,2006-12-31,646.5906,1253.8281,965.5156,1085.9813,2003.3003,370.0
T000096,2007-01-31,919.65295,584.20416,1129.9226,1062.4926,3193.6624,1556.0
T000096,2007-02-28,921.9289,499.68506,1012.33636,1052.9103,0.07116699,2020.0
T000096,2007-03-31,743.60175,1759.7738,1032.5121,1058.0125,3521.397,887.0
T000096,2007-04-30,842.1805,-643.50037,931.9002,1044.028,-32.345825,634.0
T000096,2007-05-31,817.3628,185.50513,1169.3807,1078.5336,137.78809,534.0
T000096,2007-06-30,964.32983,248.32043,1036.2468,1044.0657,-63.52771,609.0
T000097,2006-07-31,1499.2771,997.7267,1700.0067,1654.2667,2615.3171,2528.0
T000097,2006-08-31,1417.9631,1566.5925,1718.4938,1726.466,2122.6047,1254.0
T000097,2006-09-30,1386.0417,1835.8457,1598.2906,1714.7555,2813.7378,1322.0
T000097,2006-10-31,1371.2454,920.3029,1593.1698,1718.2113,1043.8168,1576.0
T000097,2006-11-30,1224.8926,762.33545,1648.7189,1750.6447,2524.2717,1214.0
T000097,2006-12-31,1227.4176,1717.3619,1631.4272,1741.6843,514.07825,836.0
T000097,2007-01-31,1464.4054,1022.6826,1739.8121,1712.1595,2122.039,2117.0
T000097,2007-02-28,1530.6674,1417.2141,1704.269,1700.5397,3102.18,2219.0
T000097,2007-03-31,1408.2578,1733.7174,1750.7115,1706.0183,2722.217,2212.0
T000097,2007-04-30,1568.1367,501.23633,1691.3163,1707.4388,4190.5234,2133.0
T000097,2007-05-31,1477.6686,964.207,1727.9758,1733.8746,3338.5388,1334.0
T000097,2007-06-30,1519.1885,1355.1134,1737.065,1701.1412,2971.6865,1220.0
T000098,2006-07-31,3803.1738,3227.73,3402.1792,2534.2788,7515.0835,5577.0
T000098,2006-08-31,3718.5693,5005.0303,3402.8706,2724.7239,-1360.436,2090.0
T000098,2006-09-30,3381.7915,2512.5386,3282.4575,2669.2625,-117.264404,2264.0
T000098,2006-10-31,3661.8218,1365.6445,3466.1414,2727.9736,3875.5188,2540.0
T000098,2006-11-30,3682.3228,2750.7341,3730.6594,2824.7886,3946.9363,2464.0
T000098,2006-12-31,3674.5413,2173.1455,3524.1584,2733.945,8305.994,3001.0
T000098,2007-01-31,4234.9604,3792.3223,3756.3901,2706.652,8742.352,7317.0
T000098,2007-02-28,4091.0535,2521.108,3916.1191,2687.9026,1246.9688,4700.0
T000098,2007-03-31,3711.5435,3831.7668,3533.292,2705.0762,7243.152,2998.0
T000098,2007-04-30,3753.7234,3099.4011,3603.6824,2584.7744,-615.3904,3294.0
T000098,2007-05-31,3615.7766,4032.0518,3706.0344,2727.6223,309.6189,2827.0
T000098,2007-06-30,3891.9353,2546.73,3962.631,2635.3384,-562.5845,3138.0
T000099,2006-07-31,4236.725,2584.374,5098.832,3104.206,14885.515,11455.0
T000099,2006-08-31,3681.6624,5723.2744,5922.0674,3479.3726,-7209.259,3441.0
T000099,2006-09-30,3094.9521,2056.7188,4779.9326,3366.3088,-6095.1426,2568.0
T000099,2006-10-31,3318.9253,-569.4048,4104.5737,3486.3325,8678.336,3117.0
T000099,2006-11-30,3442.595,2071.2153,4857.9897,3682.311,-834.06055,3350.0
T000099,2006-12-31,3165.9592,2868.2925,4808.8535,3511.0776,10654.882,2801.0
T000099,2007-01-31,4464.8286,4045.9246,6038.006,3449.3662,15136.551,6329.0
T000099,2007-02-28,4615.037,2478.7268,5146.9155,3415.4824,-1247.7432,13828.0
T000099,2007-03-31,3940.3496,2943.2705,5627.123,3443.8086,11877.75,4275.0
T000099,2007-04-30,4180.075,1582.1775,4584.318,3220.2964,-5518.668,2727.0
T000099,2007-05-31,3719.5286,923.49927,5912.602,3487.1184,-4173.279,2627.0
T000099,2007-06-30,3915.586,941.2637,4996.054,3303.0237,-6721.6455,2623.0
T000100,2006-07-31,3733.664,2899.371,3573.162,3225.9282,4705.3,4438.0
T000100,2006-08-31,3573.047,3608.505,3694.8066,3309.588,1692.0144,2623.0
T000100,2006-09-30,3491.0806,3223.1116,3568.2283,3294.8867,2189.6006,2580.0
T000100,2006-10-31,3580.4702,2971.4316,3528.1702,3302.4248,2855.1572,3288.0
T000100,2006-11-30,3500.3198,3452.0886,3648.0322,3336.8916,2561.7966,2908.0
T000100,2006-12-31,3423.4768,3038.6792,3489.412,3324.5938,4057.2244,2696.0
T000100,2007-01-31,3806.835,4039.0073,3821.91,3292.0242,5362.412,3925.0
T000100,2007-02-28,3887.0215,2641.597,3626.7766,3279.9844,3023.516,5346.0
T000100,2007-03-31,3774.1216,4048.6682,3940.8865,3286.9705,4863.58,5309.0
T000100,2007-04-30,3829.894,3351.0667,3651.7908,3280.5679,2584.4238,2894.0
T000100,2007-05-31,3775.5117,3862.8997,3660.6016,3317.191,3233.3022,3889.0
T000100,2007-06-30,3758.9243,2961.1094,3579.6548,3276.6196,2094.8638,3447.0
T000101,2006-07-31,8768.864,9426.121,6032.297,5078.715,25410.361,12653.0
T000101,2006-08-31,8132.86,14502.594,5980.102,5467.834,-3940.4697,3201.0
T000101,2006-09-30,7821.419,6532.1895,5149.0146,5381.217,-1103.7651,2951.0
T000101,2006-10-31,7901.2275,8591.699,4350.1904,5457.934,8930.866,3471.0
T000101,2006-11-30,7622.3374,8578.567,5140.242,5650.658,975.68115,3058.0
T000101,2006-12-31,6652.7583,9638.924,5481.184,5514.325,10190.488,3414.0
T000101,2007-01-31,8157.7124,7852.9585,5489.8833,5414.0576,13526.996,5580.0
T000101,2007-02-28,8024.8896,3683.8496,5371.2754,5363.211,-8075.825,8215.0
T000101,2007-03-31,7081.123,10905.602,5583.883,5405.2783,18934.408,3771.0
T000101,2007-04-30,8068.55,4799.662,5006.1543,5262.206,-1533.7124,4408.0
T000101,2007-05-31,7764.1978,10810.991,6045.0674,5490.9004,3783.935,4357.0
T000101,2007-06-30,8705.104,9090.998,5363.5864,5293.58,3433.567,8738.0
T000102,2006-07-31,724.1561,517.56256,800.1653,814.71985,2049.4834,883.0
T000102,2006-08-31,764.76294,793.4415,880.1327,867.33276,-422.00244,666.0
T000102,2006-09-30,677.7096,685.0823,872.86865,855.2236,-183.38489,899.0
T000102,2006-10-31,726.31995,192.27478,941.36896,864.93365,1144.2134,642.0
T000102,2006-11-30,737.96,347.84814,995.8419,890.9026,732.858,585.0
T000102,2006-12-31,722.14844,859.7379,901.8448,873.76514,2324.1963,651.0
T000102,2007-01-31,927.1946,497.79553,1006.6912,860.4994,2890.996,2089.0
T000102,2007-02-28,905.5812,586.5958,1060.163,853.6886,681.55383,1636.0
T000102,2007-03-31,832.17334,1025.4371,966.16254,858.25214,2257.6494,1186.0
T000102,2007-04-30,778.933,223.99756,946.3013,840.3747,-424.0022,613.0
T000102,2007-05-31,762.6404,57.956787,905.48004,868.9137,-243.6836,688.0
T000102,2007-06-30,810.77936,150.24762,1020.75244,844.40393,-403.58374,509.0
T000103,2006-07-31,3066.0537,3101.0403,3074.8528,3956.1953,5296.4336,3754.0
T000103,2006-08-31,3583.661,3956.1357,3135.1511,4172.3286,6331.743,2739.0
T000103,2006-09-30,3133.799,2968.865,3052.5237,4132.3223,7950.792,2756.0
T000103,2006-10-31,3493.1248,2966.867,3030.213,4143.7007,5753.9517,3044.0
T000103,2006-11-30,3217.3147,82.40088,3124.0007,4242.9937,10412.154,2528.0
T000103,2006-12-31,3034.2122,4896.0625,3042.2512,4214.071,10121.779,3313.0
T000103,2007-01-31,3571.8047,1554.8977,3237.7188,4127.717,10241.062,3585.0
T000103,2007-02-28,3547.893,3508.1235,3126.3628,4092.7847,8454.426,4104.0
T000103,2007-03-31,3182.4165,5546.0566,3256.935,4111.311,7654.409,4117.0
T000103,2007-04-30,3109.6646,-2716.3516,3099.762,4110.022,5905.593,2650.0
T000103,2007-05-31,3045.0542,-1509.3418,3105.4832,4173.7627,3347.586,2386.0
T000103,2007-06-30,3539.5632,362.49072,3106.2722,4091.5234,6986.446,2169.0
T000104,2006-07-31,1059.3848,740.86536,1334.2202,1518.7743,2531.426,2365.0
T000104,2006-08-31,1089.7943,1425.5376,1402.9631,1593.7576,1693.4205,1077.0
T000104,2006-09-30,965.39966,1017.3822,1244.668,1579.5555,2210.4304,1374.0
T000104,2006-10-31,1030.7815,511.57275,1156.153,1583.6837,2000.5645,1118.0
T000104,2006-11-30,945.0124,112.137085,1241.0277,1617.5942,2393.942,884.0
T000104,2006-12-31,828.86487,1631.6519,1259.9935,1605.3427,1942.2916,987.0
T000104,2007-01-31,1067.6967,551.93335,1416.3895,1576.7708,2855.488,1585.0
T000104,2007-02-28,1089.0254,849.8782,1304.5972,1565.4642,2168.8213,2345.0
T000104,2007-03-31,930.67126,1019.60364,1337.8346,1571.8745,2350.574,1230.0
T000104,2007-04-30,978.8678,-336.19788,1224.5333,1571.3806,1792.6473,921.0
T000104,2007-05-31,944.3016,-411.26074,1420.4951,1594.9507,1250.6509,656.0
T000104,2007-06-30,1061.9779,369.86584,1296.4546,1564.6443,1664.5603,711.0
T000105,2006-07-31,4387.505,4210.3086,4437.813,5365.6987,8326.807,6354.0
T000105,2006-08-31,4734.372,5780.0454,4546.362,5607.364,8036.6787,3573.0
T000105,2006-09-30,4317.2646,4213.189,4444.798,5561.424,9747.53,5229.0
T000105,2006-10-31,4567.5537,3294.6055,4369.3804,5581.709,5098.4688,4882.0
T000105,2006-11-30,4452.9395,1558.9287,4433.836,5690.519,12515.033,4250.0
T000105,2006-12-31,4280.615,5972.3965,4449.3516,5648.754,8501.188,4027.0
T000105,2007-01-31,4948.799,2360.5125,4705.794,5559.5205,9752.316,6299.0
T000105,2007-02-28,4850.68,3633.306,4668.762,5522.811,10587.149,6366.0
T000105,2007-03-31,4421.576,4747.2295,4494.8516,5541.3213,6703.345,3750.0
T000105,2007-04-30,4318.3145,281.74854,4439.2607,5529.239,7577.409,3058.0
T000105,2007-05-31,4194.2026,352.25098,4734.4775,5612.1675,6006.165,2364.0
T000105,2007-06-30,4597.3047,2470.804,4628.377,5512.4146,7667.3022,3371.0
T000106,2006-07-31,5787.7114,5437.0303,5541.249,5182.834,9108.398,6740.0
T000106,2006-08-31,5774.822,6327.059,5594.0513,5321.275,4137.7344,5205.0
T000106,2006-09-30,5573.903,4944.6855,5425.1094,5292.433,4509.594,4901.0
T000106,2006-10-31,5771.6255,4765.302,5449.966,5310.669,6073.2773,4540.0
T000106,2006-11-30,5767.852,4857.385,5565.501,5374.21,6874.618,5241.0
T000106,2006-12-31,5652.95,6091.4937,5443.4043,5343.3105,8493.695,4528.0
T000106,2007-01-31,6036.3364,5523.405,5760.0825,5297.3413,9551.006,6730.0
T000106,2007-02-28,6030.705,4717.0996,5614.9946,5277.709,5599.1035,7094.0
T000106,2007-03-31,5858.735,6238.2456,5762.8096,5289.482,8172.2344,7162.0
T000106,2007-04-30,5719.5254,4684.046,5551.7295,5264.966,3600.4612,4881.0
T000106,2007-05-31,5671.8613,4750.8174,5583.6675,5327.605,3508.1592,3999.0
T000106,2007-06-30,5917.4756,4571.8647,5560.2407,5263.129,3572.9744,5270.0
T000107,2006-07-31,61491.11,57591.992,61153.3,57433.492,147021.12,94823.0
T000107,2006-08-31,61086.418,80934.41,63567.914,59453.504,25239.625,49900.0
T000107,2006-09-30,57380.676,53362.285,58241.035,58996.06,36513.938,48736.0
T000107,2006-10-31,59908.375,50225.344,55732.93,59345.793,81384.164,52718.0
T000107,2006-11-30,57493.32,38402.09,59356.07,60317.566,57447.26,47463.0
T000107,2006-12-31,56604.066,72304.98,59059.836,59733.516,108321.5,46976.0
T000107,2007-01-31,63923.25,53030.82,64209.28,59151.13,139129.62,74076.0
T000107,2007-02-28,63287.33,41416.85,60751.5,58898.312,40368.023,94619.0
T000107,2007-03-31,58806.246,83888.54,62089.176,59052.934,130217.67,59047.0
T000107,2007-04-30,60070.605,20134.086,58314.535,58500.887,32545.236,49216.0
T000107,2007-05-31,58822.64,42042.867,64284.6,59529.56,29740.34,43576.0
T000107,2007-06-30,63333.93,42828.438,60867.97,58579.0,34134.227,53279.0
T000108,2006-08-31,391.8515,613.5231,792.714,675.38556,1162.281,600.0
T000108,2006-09-30,456.30444,302.47498,733.89124,710.063,711.55347,900.0
T000108,2006-10-31,394.8519,780.78625,760.62714,704.0612,615.53845,700.0
T000108,2006-11-30,407.9084,618.3184,798.20624,706.0268,1174.7745,900.0
T000108,2006-12-31,419.58984,50.903748,704.8646,718.7997,343.6914,1500.0
T000108,2007-01-31,342.07852,888.3004,749.92163,714.36395,903.93964,600.0
T000108,2007-02-28,399.57648,44.421204,716.4953,700.726,1118.0051,400.0
T000108,2007-03-31,423.40417,603.99,710.1405,696.05005,627.7363,300.0
T000108,2007-04-30,413.68787,202.20068,689.7017,698.6505,897.1105,700.0
T000108,2007-05-31,419.19882,-182.78906,785.33356,698.1949,600.74915,800.0
T000108,2007-06-30,396.2463,-207.25342,784.2986,709.12317,216.51212,1000.0
T000108,2007-07-31,431.66263,583.0511,698.1951,696.0053,319.21317,300.0
T000109,2006-08-31,18724.361,18783.953,16950.69,14839.4795,16434.342,16300.0
T000109,2006-09-30,19091.635,16706.465,16932.516,15185.587,16551.096,20500.0
T000109,2006-10-31,18515.104,14744.25,16629.787,15122.693,13244.291,17700.0
T000109,2006-11-30,17939.607,19142.504,16948.875,15171.092,17681.293,14800.0
T000109,2006-12-31,18740.299,20995.945,16757.033,15300.553,7089.8027,20500.0
T000109,2007-01-31,16668.832,14703.319,17120.377,15249.634,11743.136,16500.0
T000109,2007-02-28,17382.473,18589.256,16413.602,15116.463,11182.5205,11100.0
T000109,2007-03-31,18189.363,17140.195,16694.248,15068.736,10466.62,13500.0
T000109,2007-04-30,17294.486,13727.41,16496.082,15099.427,8990.41,17100.0
T000109,2007-05-31,18413.342,22596.488,16658.334,15062.4,9482.879,14800.0
T000109,2007-06-30,18232.088,19864.975,16705.791,15203.321,13057.658,18300.0
T000109,2007-07-31,18702.113,19632.09,16246.436,15052.102,13040.636,18500.0
T000110,2006-08-31,732.86,805.92834,741.1818,573.4386,233.36514,500.0
T000110,2006-09-30,748.53937,528.18146,734.51666,608.5972,523.014,1000.0
T000110,2006-10-31,696.0839,622.15265,732.0988,602.9676,669.3981,900.0
T000110,2006-11-30,725.2233,581.5345,750.52014,608.4562,876.4633,800.0
T000110,2006-12-31,741.69855,878.9512,717.08026,621.5191,377.4496,1000.0
T000110,2007-01-31,632.6416,388.93,740.4264,615.80585,676.08923,600.0
T000110,2007-02-28,685.5053,779.76544,698.3912,602.7232,617.1248,400.0
T000110,2007-03-31,706.8978,737.8893,719.8406,597.4865,360.70358,400.0
T000110,2007-04-30,709.25183,366.09882,692.3946,600.33655,382.8035,700.0
T000110,2007-05-31,787.43933,983.1835,728.8294,595.1827,512.9938,800.0
T000110,2007-06-30,766.2554,568.6885,716.62,612.71497,373.92957,800.0
T000110,2007-07-31,753.92676,751.214,699.09,595.5604,414.04874,700.0
T000111,2006-08-31,1221.3804,1090.3464,1219.5446,1258.775,1764.525,1300.0
T000111,2006-09-30,1380.477,1269.5076,1235.5193,1315.9252,1902.294,1500.0
T000111,2006-10-31,1251.5077,1265.4799,1230.9835,1304.2847,1451.6567,1300.0
T000111,2006-11-30,1230.479,1377.3948,1227.2405,1309.9877,1594.1553,1400.0
T000111,2006-12-31,1227.4429,1068.2172,1203.6757,1332.7236,171.7229,1400.0
T000111,2007-01-31,1038.4236,1361.0762,1215.4111,1321.296,539.8581,1100.0
T000111,2007-02-28,1174.2471,803.93115,1184.2858,1301.2589,712.139,600.0
T000111,2007-03-31,1171.9193,1345.055,1200.0244,1293.9587,891.8689,1000.0
T000111,2007-04-30,1153.1705,1282.293,1211.809,1298.4652,447.0481,1300.0
T000111,2007-05-31,1242.0374,767.1679,1216.0688,1291.8286,875.6378,700.0
T000111,2007-06-30,1262.4945,1024.8156,1234.3788,1314.6592,986.83386,1600.0
T000111,2007-07-31,1317.5604,1467.4694,1192.6725,1291.9526,581.3018,1200.0
T000112,2006-08-31,69765.375,73567.91,73210.63,60988.13,65053.89,62300.0
T000112,2006-09-30,71588.23,66110.484,69881.62,63180.023,32875.113,79400.0
T000112,2006-10-31,67184.766,58364.3,69798.52,62625.86,33573.312,61200.0
T000112,2006-11-30,69201.58,60698.496,74206.016,63075.01,92242.375,61400.0
T000112,2006-12-31,73397.69,73165.19,69747.984,64023.605,54585.586,109500.0
T000112,2007-01-31,67548.1,71393.125,72247.54,63445.7,95004.984,72500.0
T000112,2007-02-28,70041.26,54387.055,70583.33,62822.168,75135.76,71400.0
T000112,2007-03-31,71057.664,70858.49,68822.47,62627.61,50959.5,76300.0
T000112,2007-04-30,68603.91,53519.88,68236.086,62773.203,45250.055,75100.0
T000112,2007-05-31,69386.26,69006.09,71745.53,62065.203,26342.768,51400.0
T000112,2007-06-30,66751.984,49928.047,72062.64,63119.508,22711.469,54700.0
T000112,2007-07-31,69547.83,53739.08,66845.695,62243.867,25984.611,62700.0
T000113,2006-08-31,2131.8396,1751.2181,1690.9946,1857.0066,2827.8584,1500.0
T000113,2006-09-30,2268.0044,1923.9792,1700.6621,1915.1036,1780.3342,1600.0
T000113,2006-10-31,2144.178,2368.3408,1771.6445,1903.165,1618.1938,1900.0
T000113,2006-11-30,2168.1958,1972.016,1732.7583,1907.223,3258.4954,2100.0
T000113,2006-12-31,2200.3164,2089.8245,1702.4847,1933.1326,1783.472,1800.0
T000113,2007-01-31,1979.6036,2339.4004,1703.5094,1921.2471,2644.9243,1200.0
T000113,2007-02-28,2187.3416,1325.352,1685.1661,1901.404,3237.9448,1600.0
T000113,2007-03-31,2212.453,2255.1672,1734.8057,1893.011,1600.1191,1800.0
T000113,2007-04-30,2109.019,1902.7284,1706.4277,1897.8195,2421.9595,1600.0
T000113,2007-05-31,2145.9312,1483.9636,1725.1415,1891.8042,787.6333,1800.0
T000113,2007-06-30,2150.4165,1931.7618,1728.5607,1912.2651,572.73315,1800.0
T000113,2007-07-31,2202.6716,1866.145,1725.7227,1891.2703,394.89514,1900.0
T000114,2006-08-31,4401.3936,4186.347,3606.523,3151.8745,3843.3352,3700.0
T000114,2006-09-30,4440.251,4204.324,3639.817,3213.8706,3091.2393,3900.0
T000114,2006-10-31,4417.7783,3474.0056,3671.9375,3201.9597,2749.4758,3700.0
T000114,2006-11-30,4322.378,4299.3765,3608.807,3213.1755,3287.8677,3700.0
T000114,2006-12-31,4384.8687,5428.3403,3655.382,3238.1772,1994.6907,3200.0
T000114,2007-01-31,4080.9717,3102.6548,3658.8525,3223.9128,3123.2605,3000.0
T000114,2007-02-28,4298.209,5085.4595,3572.0225,3204.5884,3385.2295,2700.0
T000114,2007-03-31,4436.2734,3745.9243,3659.421,3195.965,2688.6733,3400.0
T000114,2007-04-30,4331.1797,3850.149,3719.4463,3200.864,3531.6643,4200.0
T000114,2007-05-31,4362.714,5561.8354,3631.7793,3185.97,2491.0515,3600.0
T000114,2007-06-30,4417.497,5759.378,3615.0208,3217.868,2962.2517,4100.0
T000114,2007-07-31,4455.3613,4425.06,3607.48,3188.6099,2885.6152,4500.0
T000115,2006-08-31,1701.3103,1916.4478,1629.3031,938.1703,1074.0204,1900.0
T000115,2006-09-30,1704.7114,1577.1362,1535.1865,1016.1624,-603.3932,1200.0
T000115,2006-10-31,1591.599,1242.2699,1538.1499,998.53033,-236.71863,1100.0
T000115,2006-11-30,1641.9004,1714.5786,1504.3223,1018.9332,2544.6025,1000.0
T000115,2006-12-31,1771.3645,2290.229,1429.6158,1047.1482,544.765,2600.0
T000115,2007-01-31,1503.5332,1007.2251,1555.2772,1026.7596,2148.8867,1400.0
T000115,2007-02-28,1623.2734,1923.5186,1511.7078,1003.98193,1128.3423,900.0
T000115,2007-03-31,1636.7603,1333.0857,1504.0616,996.7381,-764.6013,1300.0
T000115,2007-04-30,1533.6974,1317.2062,1498.7035,1003.18243,556.449,1300.0
T000115,2007-05-31,1731.146,2106.2134,1562.9965,974.2778,-646.9446,1800.0
T000115,2007-06-30,1662.2429,2029.6282,1596.7144,1018.7586,-67.27649,2000.0
T000115,2007-07-31,1674.7888,1469.3665,1467.3456,982.6272,-356.03442,1600.0
T000116,2006-08-31,943.015,1028.7013,861.3667,562.07294,780.78265,500.0
T000116,2006-09-30,975.734,878.369,766.4388,609.3249,-49.666138,300.0
T000116,2006-10-31,868.2501,836.39087,835.69434,595.7796,227.12097,600.0
T000116,2006-11-30,952.8513,1095.1218,855.60596,608.95337,1470.6285,800.0
T000116,2006-12-31,1022.27026,1209.553,710.5803,629.8169,-16.03424,2000.0
T000116,2007-01-31,797.63196,602.108,801.2839,612.3856,849.1072,300.0
T000116,2007-02-28,883.6333,912.91956,779.71655,601.8771,496.6341,600.0
T000116,2007-03-31,903.5432,972.8478,765.167,599.71497,-679.3187,500.0
T000116,2007-04-30,840.6318,715.82935,758.5558,601.75665,332.47604,700.0
T000116,2007-05-31,994.65436,1060.7062,853.00867,577.70496,-233.94025,700.0
T000116,2007-06-30,976.17267,1081.2894,878.5703,607.73627,-10.59314,1400.0
T000116,2007-07-31,958.162,990.05505,713.4965,587.98584,-366.8781,900.0
T000117,2006-08-31,4195.8447,4329.21,3193.778,2836.805,3811.6006,3100.0
T000117,2006-09-30,4421.5903,4202.534,3203.7751,2921.703,3748.8608,3900.0
T000117,2006-10-31,4214.7764,2804.889,3206.9316,2906.364,3056.7363,3600.0
T000117,2006-11-30,4138.5884,4509.9756,3198.9106,2917.3145,3915.4136,3300.0
T000117,2006-12-31,4313.9717,4775.3438,3243.9937,2948.0713,1562.229,3500.0
T000117,2007-01-31,3886.7659,3599.1533,3299.9492,2937.2651,2789.0752,3600.0
T000117,2007-02-28,4015.9016,4285.492,3097.8643,2903.4827,2196.0344,2100.0
T000117,2007-03-31,4066.8918,3454.5913,3242.335,2891.99,2034.1172,2900.0
T000117,2007-04-30,3951.1553,3692.345,3187.8225,2899.7468,1913.5298,2700.0
T000117,2007-05-31,4090.065,4548.67,3133.3757,2891.924,1601.0061,2300.0
T000117,2007-06-30,4039.5273,4798.5044,3159.7937,2924.826,1920.137,3300.0
T000117,2007-07-31,4249.0137,4176.864,3124.8691,2888.2556,2538.5134,4100.0
T000118,2006-08-31,855.2865,937.888,1143.1573,976.4915,974.4973,1100.0
T000118,2006-09-30,932.9344,643.97534,1169.6569,1008.3937,712.9048,1700.0
T000118,2006-10-31,862.115,743.00574,1113.4083,1003.155,498.9957,1200.0
T000118,2006-11-30,854.75916,993.6903,1140.0392,1005.76154,1546.6621,800.0
T000118,2006-12-31,875.09143,1056.2067,1189.6969,1018.26074,666.16077,1100.0
T000118,2007-01-31,795.41266,897.26575,1186.9326,1014.887,1268.8965,1500.0
T000118,2007-02-28,861.5011,612.4241,1133.5785,1001.73096,1048.3146,900.0
T000118,2007-03-31,892.999,1060.3862,1137.8218,996.8659,846.44006,800.0
T000118,2007-04-30,869.7126,633.4568,1133.1948,1000.1385,854.77606,1300.0
T000118,2007-05-31,900.2489,858.46875,1096.3319,998.66766,437.4526,1000.0
T000118,2007-06-30,879.57935,141.23956,1086.3193,1009.29626,485.12537,1300.0
T000118,2007-07-31,876.5825,771.07526,1077.1229,996.53406,734.9294,800.0
T000119,2006-08-31,105252.44,108894.73,105674.42,91459.88,81750.63,92800.0
T000119,2006-09-30,107757.375,98428.12,101575.52,93744.77,81666.14,116000.0
T000119,2006-10-31,102445.75,87374.0,101050.74,93105.875,79197.18,93900.0
T000119,2006-11-30,103449.445,97571.3,106334.13,93691.164,111960.35,91000.0
T000119,2006-12-31,109326.45,113682.03,101059.37,94712.23,89043.72,148200.0
T000119,2007-01-31,100019.61,100271.734,104191.89,93944.39,104866.91,102200.0
T000119,2007-02-28,103519.6,89318.664,101247.83,93421.37,83374.61,92600.0
T000119,2007-03-31,104988.734,103604.08,99478.016,93281.44,92419.8,102200.0
T000119,2007-04-30,101910.6,81674.93,98586.29,93427.07,49657.4,106700.0
T000119,2007-05-31,104310.51,109702.44,103319.93,92360.51,65974.086,79700.0
T000119,2007-06-30,100961.26,87495.83,103608.31,93633.04,64884.375,90100.0
T000119,2007-07-31,104565.47,89858.96,97201.09,92724.85,68828.89,97500.0
T000120,2006-08-31,1012.07983,1294.952,1202.366,841.5154,1945.1678,1300.0
T000120,2006-09-30,1055.52,1495.4111,1184.7711,918.2048,-91.57849,1200.0
T000120,2006-10-31,933.7743,984.5168,1155.983,899.1729,-812.93604,700.0
T000120,2006-11-30,946.8288,1135.4691,1143.433,917.47375,1951.8446,700.0
T000120,2006-12-31,1078.162,980.61664,1095.9275,947.7423,83.67761,2000.0
T000120,2007-01-31,848.5018,790.16504,1175.542,927.1173,1758.1731,1300.0
T000120,2007-02-28,948.5747,1063.2529,1142.6501,904.42163,1162.488,800.0
T000120,2007-03-31,976.33563,1185.3109,1142.8998,896.9486,-1242.4457,800.0
T000120,2007-04-30,868.64996,1101.1185,1140.996,901.4023,999.3467,600.0
T000120,2007-05-31,1089.412,992.45984,1191.4052,876.30963,-203.80878,1500.0
T000120,2007-06-30,1055.3292,825.53894,1196.7157,919.6178,278.68976,1800.0
T000120,2007-07-31,1022.2968,1159.1348,1109.9623,884.97644,-112.720764,1000.0
T000121,2006-08-31,5807.3555,5778.552,6043.731,4813.3804,9626.759,6800.0
T000121,2006-09-30,6143.089,5878.1685,6860.501,5185.3237,3771.918,9800.0
T000121,2006-10-31,5616.457,4887.072,5924.7773,5092.336,-726.7954,4100.0
T000121,2006-11-30,5249.658,6988.8887,5891.968,5180.201,6431.4375,3700.0
T000121,2006-12-31,5390.3813,7912.1846,6254.322,5331.542,-2331.1128,6100.0
T000121,2007-01-31,4476.4565,4439.3203,6264.035,5224.0986,2949.4297,3500.0
T000121,2007-02-28,5238.4033,6659.417,5860.1875,5124.6675,4132.985,2300.0
T000121,2007-03-31,5658.328,7141.549,6198.444,5089.7207,-2853.2217,4000.0
T000121,2007-04-30,5307.633,5620.046,6381.6943,5106.1426,6625.8237,6100.0
T000121,2007-05-31,6386.925,6689.75,6320.0737,4982.2505,667.51733,9800.0
T000121,2007-06-30,6654.6587,6272.542,6071.661,5196.3716,3089.918,10900.0
T000121,2007-07-31,5867.0483,8044.4463,6082.523,5022.398,3450.837,6100.0
T000122,2006-08-31,5346.531,5273.2744,5362.474,3534.9573,6882.913,6600.0
T000122,2006-09-30,5484.711,5686.632,6562.5894,3869.3806,3017.2756,5400.0
T000122,2006-10-31,5054.8154,3984.5483,5740.5415,3781.6023,-684.4116,2500.0
T000122,2006-11-30,4860.897,6483.6123,5183.1636,3877.69,4462.555,3700.0
T000122,2006-12-31,5017.2397,6594.437,5480.12,4020.7898,-599.66846,5300.0
T000122,2007-01-31,4087.8494,3185.77,5289.8657,3894.3464,2231.967,3000.0
T000122,2007-02-28,4811.9097,7650.5522,5605.0815,3826.0996,4048.1194,2500.0
T000122,2007-03-31,5049.714,4056.9946,5606.18,3794.3247,-2390.6782,3300.0
T000122,2007-04-30,4767.2944,4941.808,6358.3174,3814.4392,4556.9863,4200.0
T000122,2007-05-31,5867.617,5549.034,6151.049,3649.0254,2560.2207,8100.0
T000122,2007-06-30,6076.4966,6685.9688,6061.362,3879.6562,4087.6472,17300.0
T000122,2007-07-31,5403.8193,7065.532,5519.4873,3719.715,2524.0024,5500.0
T000123,2006-08-31,3456.997,3677.062,2706.194,2157.1543,4995.9272,3800.0
T000123,2006-09-30,3554.5002,4102.575,2928.7473,2345.5498,1348.1808,3000.0
T000123,2006-10-31,3395.025,3056.2876,2675.6257,2306.3455,-37.998535,1500.0
T000123,2006-11-30,3181.643,4243.42,2461.1514,2341.2996,2643.6406,1400.0
T000123,2006-12-31,3413.3313,4932.3535,2565.3623,2414.3918,-711.3367,3300.0
T000123,2007-01-31,2723.0947,2859.1475,2693.4739,2379.528,1265.7559,1000.0
T000123,2007-02-28,3169.0928,4226.205,2586.4468,2313.1194,1574.5382,1100.0
T000123,2007-03-31,3422.1748,2993.9336,2663.3384,2290.2383,-1852.5605,1800.0
T000123,2007-04-30,3120.7676,3785.9263,2812.2043,2300.483,2706.3423,2300.0
T000123,2007-05-31,3666.683,3673.8699,2690.3562,2265.8374,903.47815,3300.0
T000123,2007-06-30,3763.54,5242.638,2794.071,2361.6453,2126.2573,5500.0
T000123,2007-07-31,3544.4238,4849.7036,2598.9968,2269.5728,1829.2196,3800.0
T000124,2006-08-31,1910.3359,1695.8666,1739.5431,1532.0028,2041.5085,2000.0
T000124,2006-09-30,1909.816,1961.5641,1971.3176,1621.783,2585.9119,1900.0
T000124,2006-10-31,1791.6782,1578.5648,1795.1519,1601.7568,1870.8098,1200.0
T000124,2006-11-30,1686.5027,2086.7356,1708.1127,1618.603,222.51086,1400.0
T000124,2006-12-31,1761.8829,2471.2695,1770.4827,1655.3688,1727.6337,1500.0
T000124,2007-01-31,1467.7903,1707.5391,1748.5126,1632.2235,-306.1798,1000.0
T000124,2007-02-28,1707.953,2125.735,1774.293,1606.5188,180.48645,700.0
T000124,2007-03-31,1849.0686,1694.893,1821.4758,1596.0857,1216.6489,1500.0
T000124,2007-04-30,1746.1968,1634.9374,1964.0952,1600.101,1353.1475,1900.0
T000124,2007-05-31,2032.8864,1928.7798,1915.6993,1575.9011,2879.0234,3000.0
T000124,2007-06-30,2089.543,2612.0056,1846.6006,1626.5487,3543.6294,3700.0
T000124,2007-07-31,1907.8872,2667.5137,1820.3383,1584.1204,3495.6174,2000.0
T000125,2006-08-31,956.58716,1349.2183,660.3169,552.996,1308.4648,700.0
T000125,2006-09-30,971.2407,1217.6771,765.84875,612.9286,52.478027,600.0
T000125,2006-10-31,924.5127,1078.4869,711.80457,598.53467,-354.98572,400.0
T000125,2006-11-30,823.51697,1420.4523,636.9879,613.47003,274.95245,300.0
T000125,2006-12-31,930.27747,1310.5232,668.1244,638.33496,-150.89734,800.0
T000125,2007-01-31,714.3537,771.2598,686.2398,618.00354,243.32181,500.0
T000125,2007-02-28,886.1945,1040.3671,663.43384,604.0223,464.8136,400.0
T000125,2007-03-31,1008.26,910.5077,701.6179,598.156,-746.7699,300.0
T000125,2007-04-30,829.18115,1332.9939,758.61523,601.0835,932.2318,500.0
T000125,2007-05-31,1017.3815,1001.35,712.984,578.12885,-40.522217,900.0
T000125,2007-06-30,1111.8032,1524.0554,713.10474,615.5303,1126.19,1800.0
T000125,2007-07-31,1009.5746,1551.9237,672.75287,585.7636,688.9109,1100.0
T000126,2006-08-31,1273.461,1552.8333,1415.6283,1253.4114,1108.3121,1600.0
T000126,2006-09-30,1269.9993,1563.5835,1439.1875,1314.8385,811.6942,1300.0
T000126,2006-10-31,1145.0468,1357.5238,1403.8188,1302.8993,555.65826,1000.0
T000126,2006-11-30,1184.7194,1483.2532,1357.363,1314.0366,1286.7772,1000.0
T000126,2006-12-31,1290.3704,1637.0729,1358.8503,1337.3313,1061.5704,1800.0
T000126,2007-01-31,1084.1101,1062.673,1393.2506,1324.4712,1292.4323,1500.0
T000126,2007-02-28,1225.8602,1189.7324,1399.726,1303.8704,809.1576,1200.0
T000126,2007-03-31,1288.9467,1505.2667,1396.3761,1295.5222,-233.60999,1000.0
T000126,2007-04-30,1155.3611,1243.3414,1420.851,1300.9089,998.07263,1200.0
T000126,2007-05-31,1343.844,1149.8141,1425.6724,1287.436,926.95764,1700.0
T000126,2007-06-30,1384.0447,1097.9023,1432.8453,1317.7737,1717.8008,2100.0
T000126,2007-07-31,1294.5582,1346.9504,1381.9601,1290.6906,1597.017,1300.0
T000127,2006-08-31,39695.883,41092.15,33988.88,31559.57,44972.3,40600.0
T000127,2006-09-30,40829.316,44867.742,36508.793,33259.582,37836.99,43900.0
T000127,2006-10-31,38674.24,34867.094,33413.418,32912.125,24399.496,22600.0
T000127,2006-11-30,36757.496,46964.812,32386.578,33163.2,23244.916,21200.0
T000127,2006-12-31,38682.824,52596.312,33556.727,33809.43,16644.324,39100.0
T000127,2007-01-31,32883.39,34131.613,34499.305,33599.38,5735.3203,19900.0
T000127,2007-02-28,36604.59,45723.92,32741.098,32918.453,11517.143,14500.0
T000127,2007-03-31,39446.34,39089.99,34249.168,32720.31,11575.334,24200.0
T000127,2007-04-30,37148.754,40526.633,35264.36,32788.316,27180.2,33700.0
T000127,2007-05-31,42385.75,45018.957,34631.91,32613.89,38976.656,49200.0
T000127,2007-06-30,43677.742,51885.63,34158.195,33406.133,46087.65,55100.0
T000127,2007-07-31,40205.395,54016.633,33730.367,32605.023,45329.598,42600.0
T000128,2006-08-31,2645.914,2692.3691,1822.4973,1503.1992,3865.8906,2500.0
T000128,2006-09-30,2666.3223,3199.354,1972.2577,1630.1401,-327.73462,1800.0
T000128,2006-10-31,2545.824,2125.6409,1852.4164,1603.006,-1252.9656,1000.0
T000128,2006-11-30,2431.482,3048.8862,1659.2407,1629.4191,2373.9731,1600.0
T000128,2006-12-31,2578.6016,3650.813,1756.108,1679.7731,-1557.8328,2000.0
T000128,2007-01-31,2092.4536,1791.047,1841.1283,1649.5728,1458.0347,1000.0
T000128,2007-02-28,2427.8452,3365.138,1729.3212,1609.7327,1520.8115,600.0
T000128,2007-03-31,2636.8481,2178.5366,1847.8796,1593.885,-2821.029,1100.0
T000128,2007-04-30,2418.676,2520.1118,1920.8523,1602.7236,2561.2476,1200.0
T000128,2007-05-31,2767.3643,3371.5461,1834.6357,1568.6552,-751.1588,2600.0
T000128,2007-06-30,2852.075,4639.064,1879.8276,1639.8046,490.28143,3600.0
T000128,2007-07-31,2699.335,3311.681,1813.141,1578.6127,328.3437,2900.0
T000129,2006-08-31,61853.63,64310.85,54846.734,46565.23,63465.14,66000.0
T000129,2006-09-30,63354.797,69941.09,60190.934,49559.797,67397.945,69000.0
T000129,2006-10-31,59835.61,53902.125,54641.223,48928.117,42104.242,35100.0
T000129,2006-11-30,56900.305,73841.79,52357.44,49433.02,28269.68,34900.0
T000129,2006-12-31,59900.94,82204.06,54338.195,50601.98,31997.225,61700.0
T000129,2007-01-31,50411.984,50663.156,55330.66,50089.668,3299.6016,32700.0
T000129,2007-02-28,56781.938,72975.3,53569.227,49020.062,12315.422,24200.0
T000129,2007-03-31,61191.566,60772.395,55624.74,48665.668,21326.043,38100.0
T000129,2007-04-30,57262.832,62808.746,57941.04,48803.758,34936.207,51600.0
T000129,2007-05-31,66155.72,69482.68,56855.875,48295.49,67226.42,80200.0
T000129,2007-06-30,68626.125,80678.03,56287.09,49784.137,81498.89,101700.0
T000129,2007-07-31,62705.676,83887.34,54861.43,48363.33,79236.69,66300.0
T000130,2006-08-31,5744.5566,6344.3037,3634.7378,1878.4229,13383.171,5300.0
T000130,2006-09-30,5936.632,8253.747,4621.7754,2290.501,-4887.3516,5100.0
T000130,2006-10-31,5703.3735,5140.662,3855.9407,2191.7363,-7797.585,1500.0
T000130,2006-11-30,4994.6367,7702.0957,3279.7854,2297.2947,6263.8984,700.0
T000130,2006-12-31,5468.6284,9603.879,3778.865,2467.895,-9343.6,1700.0
T000130,2007-01-31,3820.5828,3947.6792,3843.8462,2336.6125,3855.694,1000.0
T000130,2007-02-28,5204.628,7107.6045,3508.4412,2233.0464,6024.127,600.0
T000130,2007-03-31,6017.6387,4447.5293,3937.2026,2188.3413,-11906.4,1100.0
T000130,2007-04-30,5362.497,6763.355,4416.7285,2213.8022,10125.012,3100.0
T000130,2007-05-31,6503.915,7115.5225,3981.9302,2055.7532,-4586.505,6900.0
T000130,2007-06-30,6861.689,10707.493,3987.0447,2317.0164,377.77075,12200.0
T000130,2007-07-31,6231.1953,10219.563,3777.916,2106.5344,-908.7788,7100.0
T000131,2006-08-31,10199.339,9140.755,8627.643,6289.037,18753.094,9200.0
T000131,2006-09-30,10927.613,9475.671,10027.05,6964.081,5882.4116,16600.0
T000131,2006-10-31,9988.277,7601.848,8386.995,6803.092,-2133.0635,5700.0
T000131,2006-11-30,8879.106,11651.801,8416.408,6939.446,9010.425,3800.0
T000131,2006-12-31,9311.843,14750.93,9299.991,7212.35,-7342.0537,6100.0
T000131,2007-01-31,7511.4365,8971.967,9325.189,7052.6934,2859.2983,4200.0
T000131,2007-02-28,8865.691,12049.235,8133.0054,6847.5825,5577.919,2700.0
T000131,2007-03-31,9665.838,9998.51,8987.609,6776.324,-6994.6445,4900.0
T000131,2007-04-30,9030.1,9320.229,9321.683,6799.9673,11607.137,10200.0
T000131,2007-05-31,10850.594,12315.084,8972.161,6628.4536,-1696.7603,16000.0
T000131,2007-06-30,11202.975,12754.895,8343.338,6991.3867,1988.7085,15200.0
T000131,2007-07-31,10219.234,14087.9375,8730.969,6676.6963,4355.8877,10700.0
T000132,2006-08-31,944.6009,1057.7382,774.2755,647.184,1617.6167,1200.0
T000132,2006-09-30,999.9476,1406.315,929.40045,717.1321,-210.93933,800.0
T000132,2006-10-31,900.6684,1094.9955,795.3297,704.19824,-837.6477,200.0
T000132,2006-11-30,847.22144,1460.6177,692.972,715.5812,1199.43,300.0
T000132,2006-12-31,883.2535,1403.3918,750.61365,742.2445,-765.72363,800.0
T000132,2007-01-31,649.67334,631.45734,760.61005,729.9056,371.95816,300.0
T000132,2007-02-28,864.20215,1061.6583,765.68054,704.50824,473.89447,200.0
T000132,2007-03-31,962.4788,860.23517,779.05273,695.29266,-1121.1395,100.0
T000132,2007-04-30,875.6387,1291.9431,891.8337,699.8331,1039.5748,700.0
T000132,2007-05-31,1136.7802,956.4227,837.9086,690.91833,194.08865,1200.0
T000132,2007-06-30,1158.9163,1428.108,853.3952,723.8817,747.728,2500.0
T000132,2007-07-31,1007.4106,1790.4268,766.0521,689.80005,131.47675,1100.0
T000133,2006-08-31,1669.6836,1720.7426,728.83374,534.33215,2043.9786,800.0
T000133,2006-09-30,1664.848,2038.8699,852.06964,619.71405,-680.6127,500.0
T000133,2006-10-31,1616.6191,1585.4253,825.6592,602.02704,-682.2428,200.0
T000133,2006-11-30,1541.3076,1960.5537,660.171,619.30554,1168.6613,600.0
T000133,2006-12-31,1634.9512,2664.8552,742.16376,654.01733,-874.5875,900.0
T000133,2007-01-31,1288.4297,1195.0349,800.26996,632.4012,647.2482,100.0
T000133,2007-02-28,1532.6106,1982.9526,681.3237,605.9698,701.0247,100.0
T000133,2007-03-31,1692.0579,1181.0883,838.3789,594.9856,-1817.446,400.0
T000133,2007-04-30,1593.4799,1571.447,877.7726,601.2849,1694.9026,300.0
T000133,2007-05-31,1826.2808,2002.9766,800.3429,579.7893,-285.0428,1800.0
T000133,2007-06-30,1898.9436,3391.7344,771.3491,626.18427,335.57452,2000.0
T000133,2007-07-31,1745.019,2646.1907,797.00464,583.95,18.345093,1900.0
T000134,2006-08-31,2523.7573,2430.188,2170.3477,1512.2609,3681.9966,3000.0
T000134,2006-09-30,2744.7068,2284.632,2277.1108,1630.2546,985.537,3000.0
T000134,2006-10-31,2527.4182,2261.218,2025.7701,1605.4042,-138.67725,1900.0
T000134,2006-11-30,2292.5825,2830.0625,1942.5947,1625.1016,2359.9927,900.0
T000134,2006-12-31,2375.3638,3932.858,2070.1538,1671.281,-1394.8271,2000.0
T000134,2007-01-31,2022.0515,2170.054,2173.922,1649.1053,764.11383,800.0
T000134,2007-02-28,2294.5308,3064.3257,1986.6863,1608.2771,1401.3112,1000.0
T000134,2007-03-31,2451.6545,2563.165,2110.6125,1594.1368,-887.06836,1600.0
T000134,2007-04-30,2374.1257,2485.043,2122.8435,1600.523,2392.626,2000.0
T000134,2007-05-31,2656.02,2860.6934,2092.4663,1578.6323,-383.24805,3400.0
T000134,2007-06-30,2682.1003,3599.467,2071.3213,1637.8827,-0.7434082,2800.0
T000134,2007-07-31,2555.121,3133.8896,2091.896,1581.4948,424.70044,2600.0
T000135,2006-08-31,8250.293,8566.805,4692.4043,3478.3506,11585.937,5300.0
T000135,2006-09-30,8365.621,9925.857,5592.457,3893.485,-2823.4429,5500.0
T000135,2006-10-31,8032.806,6938.063,5056.4805,3799.62,-6540.869,2600.0
T000135,2006-11-30,7455.881,9419.768,4406.116,3895.3171,6917.611,1900.0
T000135,2006-12-31,8089.5435,13106.83,4882.572,4065.0264,-6300.0527,3800.0
T000135,2007-01-31,6398.593,5742.2676,5047.7188,3947.8962,4039.392,1500.0
T000135,2007-02-28,7644.0044,10638.916,4562.666,3831.179,5560.884,1900.0
T000135,2007-03-31,8496.519,6207.9263,5204.647,3785.5735,-10089.843,3100.0
T000135,2007-04-30,7789.7305,8064.3,5574.291,3812.0046,9056.678,3800.0
T000135,2007-05-31,8992.823,11302.201,5114.1465,3675.2996,-3735.269,9500.0
T000135,2007-06-30,9401.504,15117.496,4984.0605,3921.5547,1398.9865,12300.0
T000135,2007-07-31,8653.513,12679.766,5006.5557,3713.508,429.1504,9500.0
T000136,2006-08-31,31323.953,31734.852,21603.557,14260.526,55014.07,26300.0
T000136,2006-09-30,32373.086,36193.848,25716.504,16144.363,-3370.6582,33100.0
T000136,2006-10-31,30925.084,26400.045,22109.602,15716.59,-21284.203,12400.0
T000136,2006-11-30,27755.598,37893.164,20321.045,16114.902,29158.246,8500.0
T000136,2006-12-31,29794.217,49763.633,22539.326,16873.361,-28777.312,15700.0
T000136,2007-01-31,23399.822,23814.188,22944.695,16400.232,13816.441,8100.0
T000136,2007-02-28,28382.945,38740.03,20720.762,15846.337,21904.207,6300.0
T000136,2007-03-31,31503.549,26776.447,23122.246,15639.112,-36661.465,11600.0
T000136,2007-04-30,28950.775,31986.074,24700.396,15727.87,38946.54,20800.0
T000136,2007-05-31,34028.0,39933.426,23143.135,15207.11,-11962.818,41300.0
T000136,2007-06-30,36018.344,51440.55,22434.84,16259.505,4913.9443,51500.0
T000136,2007-07-31,32498.422,48445.89,22451.975,15337.208,4484.167,35700.0
T000137,2006-08-31,854.34436,731.78894,1481.2572,1050.2769,1655.4601,1100.0
T000137,2006-09-30,1020.6094,533.3158,1442.6018,1117.0498,1228.6653,2600.0
T000137,2006-10-31,773.0299,223.60382,1491.7369,1102.8317,782.82684,1300.0
T000137,2006-11-30,839.2465,642.3474,1620.4183,1114.3406,2352.329,2600.0
T000137,2006-12-31,972.67834,231.48425,1589.183,1138.2417,550.1345,2000.0
T000137,2007-01-31,803.57825,868.39545,1525.6375,1125.8264,2174.6646,2200.0
T000137,2007-02-28,803.9854,727.8442,1369.5862,1101.6025,1597.6365,800.0
T000137,2007-03-31,835.0248,1191.0072,1397.6443,1095.7688,566.1259,1300.0
T000137,2007-04-30,777.58276,-47.170288,1313.1862,1100.3711,845.6558,1200.0
T000137,2007-05-31,874.6644,476.75336,1433.9014,1086.0607,96.95282,700.0
T000137,2007-06-30,768.96606,-652.8872,1451.8177,1116.8735,-273.09814,800.0
T000137,2007-07-31,883.51025,299.73468,1430.121,1087.9237,131.8695,500.0
T000138,2006-08-31,502.69934,554.33984,1179.5055,864.0754,1261.3558,500.0
T000138,2006-09-30,583.7079,252.5365,1069.0056,911.1685,419.37164,1700.0
T000138,2006-10-31,479.74054,642.4748,1056.8761,901.5479,151.25378,1100.0
T000138,2006-11-30,496.57013,613.2122,1213.066,909.3195,1322.8567,1000.0
T000138,2006-12-31,558.09656,337.8207,1053.6418,928.1719,-94.23773,2400.0
T000138,2007-01-31,360.65607,533.97754,1130.1155,916.2223,998.2379,1000.0
T000138,2007-02-28,454.67303,247.44873,1038.7399,901.9314,1071.9573,400.0
T000138,2007-03-31,499.982,1021.1747,992.1457,896.87976,394.5384,800.0
T000138,2007-04-30,491.3728,179.99628,960.875,900.3568,640.13135,1300.0
T000138,2007-05-31,612.7737,354.77078,1117.5491,888.83966,478.47534,900.0
T000138,2007-06-30,532.4607,-343.05103,1096.9844,911.3048,463.6204,1000.0
T000138,2007-07-31,558.8168,736.90704,937.23535,891.20325,589.1079,400.0
T000139,2006-08-31,2311.058,2945.2034,2219.3652,2268.2742,5222.535,3000.0
T000139,2006-09-30,2307.207,3201.266,2541.4194,2447.227,-1371.1311,3000.0
T000139,2006-10-31,2171.6118,2548.6362,2234.9924,2413.716,-1841.3613,1200.0
T000139,2006-11-30,1891.4427,3749.101,2088.1292,2436.7393,3268.4246,1700.0
T000139,2006-12-31,2166.2676,3657.7053,2208.2473,2505.8484,-2098.5337,2400.0
T000139,2007-01-31,1471.5637,2904.0208,2229.1382,2471.4697,1889.1049,600.0
T000139,2007-02-28,1961.214,1858.0972,2158.468,2407.8286,2660.5479,1000.0
T000139,2007-03-31,2310.9634,2402.6646,2225.8213,2386.0156,-2900.789,1200.0
T000139,2007-04-30,1925.6135,2283.1558,2375.98,2397.6165,3364.1475,1800.0
T000139,2007-05-31,2377.7605,1970.3003,2300.4175,2375.724,-2045.116,2800.0
T000139,2007-06-30,2489.473,2224.6619,2352.4194,2458.036,1243.3828,5200.0
T000139,2007-07-31,2377.748,4231.858,2189.5808,2373.3928,702.11505,2700.0
T000140,2006-08-31,2373.349,2258.709,1642.1262,996.4216,3697.1155,1900.0
T000140,2006-09-30,2406.8599,2521.0452,1939.8107,1131.5775,-1158.979,1800.0
T000140,2006-10-31,2263.8457,1900.733,1703.4764,1100.1305,-2255.3777,1000.0
T000140,2006-11-30,2114.79,2570.8818,1596.791,1131.556,2352.2783,600.0
T000140,2006-12-31,2177.196,3431.0525,1710.9657,1187.2341,-2890.2288,800.0
T000140,2007-01-31,1782.543,1460.9633,1717.4302,1144.5206,1477.1855,300.0
T000140,2007-02-28,2187.5835,3446.8667,1659.0634,1109.5916,2262.5596,600.0
T000140,2007-03-31,2488.27,2138.8733,1803.3721,1096.2504,-2542.382,1100.0
T000140,2007-04-30,2390.1785,2725.9917,2023.5553,1103.0969,4313.029,2400.0
T000140,2007-05-31,2879.5117,3333.3555,1902.5067,1055.4305,-226.90747,4300.0
T000140,2007-06-30,2977.7334,3933.683,1733.6339,1140.2749,574.02313,4000.0
T000140,2007-07-31,2491.3276,3625.3848,1806.434,1071.8381,532.8523,2700.0
T000141,2006-08-31,2376.39,1907.0276,2052.3992,1645.3647,2420.0159,1000.0
T000141,2006-09-30,2374.7656,1850.3276,2176.5925,1718.694,85.64703,2100.0
T000141,2006-10-31,2215.661,1079.1417,2209.7485,1704.666,-192.16711,1600.0
T000141,2006-11-30,2284.5298,1780.5162,2174.3955,1715.5526,3429.4915,2600.0
T000141,2006-12-31,2422.0195,2917.4023,2116.1536,1743.8748,-161.17297,2700.0
T000141,2007-01-31,2202.625,1345.4325,2125.2295,1731.8964,3004.6255,2100.0
T000141,2007-02-28,2335.4658,2354.2368,2182.2537,1705.4247,3118.5195,2000.0
T000141,2007-03-31,2414.2983,1977.1545,2192.4827,1695.8092,12.674194,3100.0
T000141,2007-04-30,2330.7168,1432.3442,2193.7073,1701.6912,1814.3528,2100.0
T000141,2007-05-31,2377.895,3540.3892,2163.2742,1687.3712,-1092.9089,2000.0
T000141,2007-06-30,2335.336,2518.0645,2205.2708,1722.9238,-340.3468,2200.0
T000141,2007-07-31,2330.377,1975.053,2125.1453,1689.2092,-683.1261,2100.0
T000142,2006-08-31,3324.3137,3431.2573,3363.7935,2729.5215,3551.9043,3000.0
T000142,2006-09-30,3326.5198,2991.218,3111.8284,2820.988,1537.6882,2600.0
T000142,2006-10-31,3099.9697,2211.6704,3277.613,2801.082,1337.5176,2300.0
T000142,2006-11-30,3223.5168,2988.6904,3333.1309,2821.4963,4063.1777,3600.0
T000142,2006-12-31,3389.5498,3821.9316,3085.813,2854.7712,559.246,5500.0
T000142,2007-01-31,2962.0374,2384.5283,3224.1562,2833.6025,3697.754,2800.0
T000142,2007-02-28,3187.129,4016.8801,3168.7366,2804.8887,3347.6357,1700.0
T000142,2007-03-31,3252.263,2857.7258,3113.6682,2795.2505,1052.887,3200.0
T000142,2007-04-30,3065.9563,2131.8918,3110.9688,2803.2666,2469.404,3500.0
T000142,2007-05-31,3401.23,4159.2207,3321.9485,2774.6572,-489.2932,3200.0
T000142,2007-06-30,3247.0671,2573.4863,3326.0579,2824.7476,741.5895,3400.0
T000142,2007-07-31,3176.4824,3098.5122,3050.6187,2782.625,1061.5862,3100.0
T000143,2006-08-31,11315.676,11510.011,11843.078,10535.201,13405.441,10600.0
T000143,2006-09-30,11242.718,11082.864,12186.219,10890.56,6155.508,13800.0
T000143,2006-10-31,10574.442,8575.511,11888.5,10820.984,3735.3838,8600.0
T000143,2006-11-30,10546.854,12302.125,12014.711,10879.092,12078.499,12000.0
T000143,2006-12-31,11177.256,14223.945,11646.856,11011.426,1181.6543,15900.0
T000143,2007-01-31,9391.864,9386.456,11833.517,10941.292,8820.826,9000.0
T000143,2007-02-28,10418.583,12597.305,11706.866,10818.586,9683.743,6500.0
T000143,2007-03-31,11121.301,11600.448,11779.616,10775.688,2881.3086,10800.0
T000143,2007-04-30,10407.84,8696.714,11985.598,10802.741,9294.36,12300.0
T000143,2007-05-31,11890.333,13635.43,12230.865,10731.668,3123.151,13800.0
T000143,2007-06-30,11695.593,9758.751,12071.464,10908.416,8195.997,16600.0
T000143,2007-07-31,11118.031,13551.904,11689.3955,10746.631,8450.273,11300.0
T000144,2006-08-31,1395.9774,1411.0593,1324.4385,854.2237,1030.7778,500.0
T000144,2006-09-30,1465.6952,939.73975,1171.4669,914.6673,-463.78845,600.0
T000144,2006-10-31,1340.0945,1025.8269,1298.5344,902.58234,-426.82446,1400.0
T000144,2006-11-30,1476.2568,1374.6042,1328.0288,912.64166,2726.866,1500.0
T000144,2006-12-31,1565.9946,1521.9594,1189.832,935.6533,102.746155,2500.0
T000144,2007-01-31,1369.0577,1094.472,1272.8658,924.3368,2368.6433,1500.0
T000144,2007-02-28,1416.4299,1351.2041,1228.7661,903.538,1581.9531,900.0
T000144,2007-03-31,1433.9033,1113.337,1212.7781,895.86566,-45.059143,1200.0
T000144,2007-04-30,1337.9674,825.1883,1185.0355,901.4063,1015.2673,1100.0
T000144,2007-05-31,1476.224,1853.189,1298.5327,888.72546,-888.41736,1000.0
T000144,2007-06-30,1400.8451,1351.732,1315.7782,916.00977,-907.1648,1400.0
T000144,2007-07-31,1433.6388,1098.1796,1156.841,889.8084,-713.5845,1200.0
T000145,2006-08-31,463.0518,593.98926,603.32587,681.52313,1187.1694,600.0
T000145,2006-09-30,530.0936,377.4032,621.5724,708.9395,1179.06,700.0
T000145,2006-10-31,497.19614,769.8772,642.07825,704.8087,1027.9004,600.0
T000145,2006-11-30,498.49988,794.01416,630.79,704.78357,1452.5342,900.0
T000145,2006-12-31,454.4772,-21.493652,612.8852,714.2819,965.26807,700.0
T000145,2007-01-31,386.7696,1098.6826,602.9928,713.6699,930.8336,700.0
T000145,2007-02-28,507.48083,145.1529,595.537,700.62604,1317.0282,300.0
T000145,2007-03-31,501.72293,578.08044,605.05646,696.2786,869.7829,500.0
T000145,2007-04-30,432.3992,778.59375,606.42334,698.154,1564.9338,500.0
T000145,2007-05-31,495.8605,-149.24554,626.01086,702.3176,1450.1501,500.0
T000145,2007-06-30,483.5881,-150.65228,641.85297,708.88983,678.9204,900.0
T000145,2007-07-31,555.45654,382.18738,622.9911,698.5595,694.0091,400.0
T000146,2006-08-31,18847.57,23343.016,20960.121,23879.434,46489.156,31800.0
T000146,2006-09-30,20059.576,27420.32,21917.203,24759.549,19513.814,38100.0
T000146,2006-10-31,18603.145,19175.027,18847.22,24614.936,16702.605,17700.0
T000146,2006-11-30,16751.004,23248.56,18605.63,24634.873,23983.396,15700.0
T000146,2006-12-31,17147.393,15855.486,20495.24,25005.332,-2835.4805,17600.0
T000146,2007-01-31,14052.961,25244.682,21048.59,24904.592,21330.674,11900.0
T000146,2007-02-28,16206.016,11329.251,17958.617,24517.332,25135.281,10500.0
T000146,2007-03-31,17886.684,23271.076,18840.0,24392.834,1107.9922,13300.0
T000146,2007-04-30,15949.602,19616.809,17634.49,24476.26,26181.773,16000.0
T000146,2007-05-31,18436.414,3281.1055,17896.018,24507.61,7101.631,13100.0
T000146,2007-06-30,17965.484,6755.123,19707.146,24764.65,13246.738,20500.0
T000146,2007-07-31,18775.695,25691.76,18151.324,24440.111,19734.842,18800.0
T000147,2006-08-31,14752.07,16239.448,13928.623,12346.02,13162.561,10900.0
T000147,2006-09-30,15102.865,14220.928,13684.525,12677.741,10650.447,15400.0
T000147,2006-10-31,14431.553,11008.299,13575.2705,12606.947,7972.545,12600.0
T000147,2006-11-30,14409.762,14652.657,14077.619,12665.307,13625.438,12600.0
T000147,2006-12-31,15316.853,15682.916,13676.337,12801.161,8271.07,18100.0
T000147,2007-01-31,13791.227,11524.697,13974.855,12729.624,14576.529,15000.0
T000147,2007-02-28,14435.504,14471.162,13608.413,12621.829,12122.181,11600.0
T000147,2007-03-31,14816.271,13561.78,13523.357,12582.372,8507.373,13700.0
T000147,2007-04-30,14062.484,12125.59,13471.198,12610.91,7271.949,13900.0
T000147,2007-05-31,14733.6875,16514.191,13774.673,12528.146,4186.1875,11700.0
T000147,2007-06-30,14440.397,13535.403,13796.45,12683.589,7581.7393,14000.0
T000147,2007-07-31,14710.92,13635.451,13239.667,12542.668,7267.205,14100.0
T000148,2006-08-31,7156.727,7515.0884,7844.8955,5878.936,5461.7314,4300.0
T000148,2006-09-30,7522.964,5748.887,6845.792,6152.4546,91.223145,6100.0
T000148,2006-10-31,6736.4126,5871.247,7245.44,6075.576,342.17236,6300.0
T000148,2006-11-30,7296.883,6978.679,7766.2954,6142.328,12253.678,6300.0
T000148,2006-12-31,7872.2295,7146.8564,6886.097,6270.287,3637.1177,15100.0
T000148,2007-01-31,6845.9683,6869.931,7389.0166,6175.649,10307.045,7000.0
T000148,2007-02-28,7226.3804,6019.3794,7126.0415,6112.279,7053.933,6100.0
T000148,2007-03-31,7317.368,7170.513,6800.12,6097.693,2266.915,6800.0
T000148,2007-04-30,6976.9243,6035.353,6740.617,6114.3154,4187.868,8000.0
T000148,2007-05-31,7477.1914,8042.9893,7509.3467,5983.3667,525.08594,6700.0
T000148,2007-06-30,7296.014,5117.3867,7500.6753,6137.575,-191.88867,5900.0
T000148,2007-07-31,7320.999,5794.179,6469.5234,6031.116,73.03223,6200.0
T000149,2006-08-31,18896.922,20587.418,17178.295,13905.065,15704.409,13800.0
T000149,2006-09-30,19178.955,18641.002,17236.219,14281.118,15069.365,17900.0
T000149,2006-10-31,18710.352,13504.482,17384.24,14199.31,11481.137,15100.0
T000149,2006-11-30,18682.305,18550.74,17426.521,14273.838,16945.781,16700.0
T000149,2006-12-31,19277.457,22931.504,17319.371,14430.446,8007.2646,19500.0
T000149,2007-01-31,17648.264,16288.357,17203.848,14332.588,17546.27,16400.0
T000149,2007-02-28,18558.188,21102.652,17439.95,14223.674,15485.141,13600.0
T000149,2007-03-31,19132.027,15463.881,17177.182,14183.605,12093.552,19400.0
T000149,2007-04-30,18278.113,17501.14,17849.62,14212.643,10582.791,21800.0
T000149,2007-05-31,18933.738,23332.734,17442.494,14095.965,6872.3027,15500.0
T000149,2007-06-30,19115.19,20229.691,17147.473,14291.018,10525.754,18300.0
T000149,2007-07-31,19098.008,18947.604,16870.76,14121.187,10937.035,18900.0
T000150,2006-08-31,25512.28,24881.0,21317.564,15550.593,22076.658,17000.0
T000150,2006-09-30,26480.035,21920.102,20752.445,16140.409,17456.8,17800.0
T000150,2006-10-31,25837.266,18818.348,21756.232,16030.658,13307.185,25700.0
T000150,2006-11-30,25044.766,25870.848,21230.846,16115.103,23996.576,20600.0
T000150,2006-12-31,26121.076,31191.818,20562.693,16348.887,3237.0664,24900.0
T000150,2007-01-31,23504.035,18160.455,21111.967,16243.984,19290.938,19400.0
T000150,2007-02-28,24650.014,29736.504,21042.9,16039.923,17578.305,17500.0
T000150,2007-03-31,25266.422,17599.182,21285.852,15961.594,6804.271,19000.0
T000150,2007-04-30,24369.312,23246.959,21478.793,16008.573,12978.074,24200.0
T000150,2007-05-31,25253.441,31518.766,21141.781,15899.398,2682.0605,17400.0
T000150,2007-06-30,25282.795,31692.75,21241.908,16177.776,7790.225,25700.0
T000150,2007-07-31,25989.219,24604.371,20529.627,15901.747,8756.559,25000.0
T000151,2006-08-31,9110.755,10877.236,10678.504,7973.7637,4408.3623,8000.0
T000151,2006-09-30,9770.871,7133.4824,9673.225,8379.533,5166.363,10600.0
T000151,2006-10-31,8421.833,5983.2085,9874.056,8275.172,4297.206,9300.0
T000151,2006-11-30,9140.37,8881.947,10728.648,8377.76,14846.379,7900.0
T000151,2006-12-31,10190.404,7646.844,9853.014,8550.845,9531.947,19000.0
T000151,2007-01-31,9087.234,6758.4165,10483.906,8424.268,14242.687,13300.0
T000151,2007-02-28,9384.119,8427.055,9973.477,8321.7705,9888.386,8100.0
T000151,2007-03-31,9392.917,9985.94,9555.691,8290.91,6847.986,9800.0
T000151,2007-04-30,8766.674,6839.908,9481.16,8320.442,3106.9214,9400.0
T000151,2007-05-31,9446.42,9261.104,10229.928,8147.654,2676.9824,6300.0
T000151,2007-06-30,9304.443,3521.9756,10351.971,8373.48,3247.8906,9500.0
T000151,2007-07-31,9375.069,5946.9365,9148.608,8201.232,3079.3584,7700.0
T000152,2006-08-31,1349.6506,1468.2415,1294.301,951.1828,961.5797,900.0
T000152,2006-09-30,1425.0312,1215.4819,1152.6593,1014.9085,-689.7278,1100.0
T000152,2006-10-31,1246.4602,621.45074,1212.0587,1002.0171,-496.5028,1000.0
T000152,2006-11-30,1376.8998,1162.2515,1314.7205,1013.72363,2834.4634,1200.0
T000152,2006-12-31,1528.2319,1305.0869,1156.3501,1037.6604,688.3323,2600.0
T000152,2007-01-31,1336.2288,806.0008,1246.131,1024.8156,2696.2798,1200.0
T000152,2007-02-28,1384.9401,1074.6682,1190.8347,1002.97894,2081.2947,1300.0
T000152,2007-03-31,1374.8027,1394.1206,1166.0563,995.8903,-342.36206,1300.0
T000152,2007-04-30,1313.9039,888.67737,1111.3518,1001.7417,686.3928,900.0
T000152,2007-05-31,1350.8135,1504.8557,1262.8112,986.24036,-812.7877,500.0
T000152,2007-06-30,1327.782,1101.3374,1295.8278,1016.01306,-788.3506,1100.0
T000152,2007-07-31,1362.5687,719.95886,1100.5765,988.5505,-840.80164,1100.0
T000153,2006-08-31,96568.26,106475.71,93509.66,85007.266,83189.24,87700.0
T000153,2006-09-30,99399.93,97426.86,92251.96,86948.92,102470.53,108400.0
T000153,2006-10-31,95154.53,76913.555,90902.55,86548.12,90916.61,89600.0
T000153,2006-11-30,94702.98,102179.984,93972.8,86890.19,83206.44,83400.0
T000153,2006-12-31,99216.76,103932.375,91153.5,87645.12,65149.15,120000.0
T000153,2007-01-31,88215.39,87692.76,93157.46,87229.91,75403.48,86500.0
T000153,2007-02-28,92556.26,94214.234,90415.04,86596.8,64112.6,69900.0
T000153,2007-03-31,94864.63,90257.49,90239.984,86370.64,77271.195,84900.0
T000153,2007-04-30,90476.73,88474.14,89583.766,86546.55,41034.793,95800.0
T000153,2007-05-31,95739.43,96036.03,92106.016,86109.71,63774.195,72800.0
T000153,2007-06-30,94913.516,83103.555,92398.5,86969.63,77634.53,97300.0
T000153,2007-07-31,96919.88,96123.305,88490.57,86153.66,87204.86,93500.0
T000154,2006-08-31,18773.63,17500.414,20302.99,16312.319,16954.17,18300.0
T000154,2006-09-30,19919.62,15319.535,20623.504,16817.86,21526.482,28100.0
T000154,2006-10-31,18695.729,10638.291,20316.777,16723.338,12842.875,23100.0
T000154,2006-11-30,17841.18,14381.652,20610.076,16796.484,19355.266,19300.0
T000154,2006-12-31,18956.145,19764.336,20773.787,17004.805,5548.8584,20500.0
T000154,2007-01-31,16478.477,13978.584,20625.863,16914.777,16162.047,17100.0
T000154,2007-02-28,17502.648,19557.398,20035.596,16737.738,15263.127,14100.0
T000154,2007-03-31,18410.385,17917.86,20167.79,16664.31,16367.541,17600.0
T000154,2007-04-30,18159.236,10970.795,20225.955,16708.547,8047.771,25100.0
T000154,2007-05-31,19043.344,22365.79,20116.316,16630.43,9614.348,20300.0
T000154,2007-06-30,18181.818,12924.834,19510.74,16855.453,7218.831,20600.0
T000154,2007-07-31,18963.777,14652.953,19623.86,16625.996,11203.877,16700.0
T000155,2006-08-31,14583.883,16113.72,15960.874,12889.843,10723.098,13300.0
T000155,2006-09-30,15383.294,13705.01,15751.613,13290.597,9535.342,15600.0
T000155,2006-10-31,14084.747,10487.0625,16168.62,13207.201,8107.2856,14500.0
T000155,2006-11-30,14250.428,13278.53,16342.097,13278.018,20006.27,17800.0
T000155,2006-12-31,15303.68,13635.258,15607.949,13438.061,10147.1045,21500.0
T000155,2007-01-31,13901.736,14121.714,15870.227,13352.018,19010.309,15800.0
T000155,2007-02-28,14466.587,13872.364,16020.556,13222.506,13936.613,13000.0
T000155,2007-03-31,14687.94,14250.301,15735.533,13179.04,11786.756,18900.0
T000155,2007-04-30,14105.85,10965.227,15879.825,13209.488,5642.219,17300.0
T000155,2007-05-31,14553.223,15024.511,16120.848,13112.11,5853.7925,12300.0
T000155,2007-06-30,14534.085,9991.351,16249.151,13299.191,5299.977,16200.0
T000155,2007-07-31,14673.293,12248.969,15455.431,13122.095,3318.2402,12800.0
T000156,2006-08-31,7494.2905,6978.799,8457.055,7130.01,9819.623,5400.0
T000156,2006-09-30,8099.3936,5945.045,8570.388,7351.1113,7849.489,12800.0
T000156,2006-10-31,7600.94,6648.955,8093.0786,7301.418,5149.387,8100.0
T000156,2006-11-30,7435.211,6814.2446,8714.449,7342.1,10494.268,7000.0
T000156,2006-12-31,7718.272,7252.6924,8820.721,7434.779,967.9092,10100.0
T000156,2007-01-31,7117.9707,7499.1323,8818.302,7380.636,8570.116,10300.0
T000156,2007-02-28,7388.564,6586.0713,8348.857,7311.998,8296.501,8900.0
T000156,2007-03-31,7741.5874,8751.189,8345.262,7286.9443,5086.508,8300.0
T000156,2007-04-30,7614.8657,5807.999,8156.033,7304.4917,7002.3467,8800.0
T000156,2007-05-31,7620.585,8188.2197,8202.293,7248.2305,3210.8672,6300.0
T000156,2007-06-30,7387.2593,5511.6377,8107.8965,7351.103,3146.3967,6600.0
T000156,2007-07-31,7772.78,7074.828,7980.7476,7259.6533,3132.7253,7000.0
T000157,2006-08-31,2235.7014,2024.9126,2653.962,2253.0913,1983.1436,2100.0
T000157,2006-09-30,2420.9434,1530.7002,2627.2825,2314.4094,2662.41,3500.0
T000157,2006-10-31,2237.3418,2328.5493,2596.5933,2302.2966,2144.659,2200.0
T000157,2006-11-30,2239.8542,2344.2642,2720.704,2312.0752,3281.2148,2300.0
T000157,2006-12-31,2288.4663,2308.9495,2666.9604,2336.0986,1137.8315,3400.0
T000157,2007-01-31,2067.8767,2248.0852,2640.3748,2322.0852,2101.3057,2100.0
T000157,2007-02-28,2205.8547,1962.3519,2623.1833,2303.1677,2267.8596,2400.0
T000157,2007-03-31,2238.1155,2912.5535,2542.0908,2295.7917,1915.3247,2500.0
T000157,2007-04-30,2273.2834,1816.7944,2621.218,2300.319,1329.6686,3500.0
T000157,2007-05-31,2343.5645,2362.7368,2646.629,2288.474,1962.5593,2200.0
T000157,2007-06-30,2306.803,1760.2318,2551.3308,2315.7168,1695.0417,2600.0
T000157,2007-07-31,2299.458,2264.6833,2480.602,2289.235,1374.5522,2100.0
T000158,2006-08-31,2921.2334,3174.7856,3361.2212,3026.7935,2683.4536,2000.0
T000158,2006-09-30,3214.6165,2638.39,3127.746,3122.2793,3021.8086,3800.0
T000158,2006-10-31,2820.75,2669.3882,3181.1575,3101.4348,2121.0845,3300.0
T000158,2006-11-30,2953.473,2681.5823,3421.0742,3114.2085,4652.247,3400.0
T000158,2006-12-31,3138.9507,2238.3962,3105.1895,3154.982,3088.8984,5700.0
T000158,2007-01-31,2746.3706,3517.1992,3272.667,3131.2595,3466.5127,3200.0
T000158,2007-02-28,2882.0996,1914.5508,3114.0017,3102.256,2518.3887,2800.0
T000158,2007-03-31,2861.6826,3264.3157,3078.943,3092.8823,2534.3362,3200.0
T000158,2007-04-30,2714.695,2364.489,2942.6064,3098.7095,676.96484,2400.0
T000158,2007-05-31,2909.684,2292.2239,3278.5002,3077.9387,1547.0726,2700.0
T000158,2007-06-30,2941.2488,1058.6608,3308.9814,3117.234,800.27,2700.0
T000158,2007-07-31,2988.3596,2270.5916,2970.5833,3081.1113,1409.0072,2400.0
T000159,2006-08-31,329.61624,265.12213,317.51575,284.49527,213.07759,200.0
T000159,2006-09-30,342.43542,239.4774,319.1368,304.66797,172.27638,200.0
T000159,2006-10-31,309.6929,259.8249,327.10645,300.77457,48.721466,300.0
T000159,2006-11-30,301.477,305.94873,321.71967,304.46133,383.76343,200.0
T000159,2006-12-31,316.9727,413.3702,286.10538,312.28247,-12.189178,600.0
T000159,2007-01-31,244.93388,174.77419,304.56888,308.01852,164.87071,100.0
T000159,2007-02-28,293.41306,498.31213,322.9855,301.45422,144.57794,100.0
T000159,2007-03-31,313.45392,323.83966,305.54483,298.74002,110.5193,300.0
T000159,2007-04-30,278.70966,223.18661,339.50427,300.05133,-22.58577,400.0
T000159,2007-05-31,337.87494,459.82495,334.93774,295.51642,-117.519775,300.0
T000159,2007-06-30,356.55652,340.03973,336.21613,306.16272,99.272705,700.0
T000159,2007-07-31,327.09625,441.42538,288.3444,296.6649,31.382996,300.0
T000160,2006-08-31,46312.992,46027.145,51237.71,42740.535,39134.38,41300.0
T000160,2006-09-30,49143.926,39448.008,51074.13,43858.76,49316.14,63900.0
T000160,2006-10-31,45614.016,33107.547,50497.953,43641.7,35031.582,51500.0
T000160,2006-11-30,45055.395,40033.41,52163.13,43813.387,54668.086,50000.0
T000160,2006-12-31,47604.45,45875.453,51081.305,44266.94,25157.764,61800.0
T000160,2007-01-31,42738.926,41483.023,51372.707,44062.555,46126.4,48600.0
T000160,2007-02-28,44896.7,44667.004,50291.668,43678.273,39307.348,41300.0
T000160,2007-03-31,45841.01,47424.48,49884.535,43536.8,42849.176,50800.0
T000160,2007-04-30,45212.527,32350.316,49849.79,43627.63,19490.162,57400.0
T000160,2007-05-31,46615.062,51013.83,50741.797,43419.39,27260.95,44000.0
T000160,2007-06-30,45321.215,31735.281,50182.293,43906.77,22795.574,49600.0
T000160,2007-07-31,46906.133,38869.543,48955.805,43419.855,25289.21,41400.0
T000161,2006-08-31,7171.7056,7269.5312,8728.801,5075.576,7086.786,4400.0
T000161,2006-09-30,7899.0166,4313.754,7736.349,5497.5425,-2910.3086,7900.0
T000161,2006-10-31,6863.495,5371.648,9116.767,5403.4,-1901.9233,10900.0
T000161,2006-11-30,7277.6646,4210.504,9464.55,5487.5835,16147.758,14700.0
T000161,2006-12-31,8006.8984,4183.9375,8431.379,5660.461,525.5303,15600.0
T000161,2007-01-31,6770.86,5968.6157,8370.587,5544.1035,13737.784,7000.0
T000161,2007-02-28,7063.5825,5117.1147,8112.1978,5422.6074,9834.104,11100.0
T000161,2007-03-31,6951.3633,6633.3296,8479.473,5380.6772,-513.1089,7000.0
T000161,2007-04-30,6485.378,1590.8005,7601.439,5415.6753,4176.003,6000.0
T000161,2007-05-31,6808.57,9112.634,9143.473,5273.834,-6312.2236,5000.0
T000161,2007-06-30,6819.2656,4102.389,9111.6045,5504.3247,-7261.546,5300.0
T000161,2007-07-31,7456.669,5017.6714,8475.1875,5308.9033,-9056.955,5000.0
T000162,2006-08-31,1027.4419,982.10986,996.65564,553.8616,1225.4939,800.0
T000162,2006-09-30,1123.4666,679.6973,902.69574,612.632,-823.89197,800.0
T000162,2006-10-31,965.0299,699.83984,1152.667,599.8103,-486.0974,1000.0
T000162,2006-11-30,1027.1813,684.216,1137.5466,613.3664,1897.95,2400.0
T000162,2006-12-31,1096.0764,930.56006,1018.6989,636.8273,-247.7431,1700.0
T000162,2007-01-31,943.39655,741.47107,948.12067,618.44727,1720.0034,700.0
T000162,2007-02-28,999.3396,968.97217,912.19965,602.92664,1450.1221,1000.0
T000162,2007-03-31,989.8804,677.63904,998.7679,597.6604,-524.1062,900.0
T000162,2007-04-30,917.85706,233.78778,883.9552,601.9596,1063.5193,800.0
T000162,2007-05-31,973.74713,1494.9022,1091.9392,579.61383,-1210.2753,500.0
T000162,2007-06-30,969.2022,1132.6343,1101.7484,615.61926,-935.5707,300.0
T000162,2007-07-31,1041.5796,911.9558,1063.7135,585.7316,-1297.8882,800.0
T000163,2006-08-31,2018.5422,2359.9412,2520.403,1590.206,1722.6981,2300.0
T000163,2006-09-30,2236.4336,1799.569,2099.385,1726.4949,-237.8418,2000.0
T000163,2006-10-31,1798.9261,2089.899,2296.0315,1693.425,414.8108,1200.0
T000163,2006-11-30,1988.0853,2071.16,2447.801,1729.0402,3391.1587,2800.0
T000163,2006-12-31,2306.6206,1916.7222,2087.0051,1783.984,1123.9958,5400.0
T000163,2007-01-31,1676.4648,2045.6101,2277.7273,1738.1409,1954.6808,1300.0
T000163,2007-02-28,1870.5411,1217.104,2142.334,1706.595,1185.9843,1700.0
T000163,2007-03-31,1918.2313,2216.678,2068.9968,1695.9215,-500.91406,1700.0
T000163,2007-04-30,1703.0016,1224.0562,1986.3345,1704.6697,-87.570435,2300.0
T000163,2007-05-31,2006.6946,1254.063,2382.9175,1648.0441,-754.5137,1300.0
T000163,2007-06-30,1895.9698,1432.3223,2455.1887,1727.567,-181.90723,2200.0
T000163,2007-07-31,2035.5203,1767.9888,2013.1481,1664.7279,-1055.677,1600.0
T000164,2006-08-31,1331.5278,1397.6401,1159.3196,1070.0945,514.9132,1100.0
T000164,2006-09-30,1408.0839,1163.7485,1174.0254,1107.5682,927.01526,1100.0
T000164,2006-10-31,1298.1371,971.51654,1323.7842,1097.3303,1179.6897,1500.0
T000164,2006-11-30,1331.6261,813.6473,1287.141,1106.8469,1217.0198,2200.0
T000164,2006-12-31,1379.0973,1606.3569,1214.1284,1123.5381,962.5865,1100.0
T000164,2007-01-31,1153.9739,1173.9412,1163.2002,1109.8489,682.7445,800.0
T000164,2007-02-28,1292.2681,1210.1876,1150.2194,1101.2244,603.89557,1100.0
T000164,2007-03-31,1270.3665,1112.8837,1221.1812,1098.6206,1027.0997,1300.0
T000164,2007-04-30,1217.811,508.76862,1150.9915,1101.5449,245.99005,900.0
T000164,2007-05-31,1298.5723,1570.8572,1222.5045,1084.1165,585.51,1000.0
T000164,2007-06-30,1263.0374,1170.8567,1257.7938,1106.0653,699.33655,1100.0
T000164,2007-07-31,1329.9318,1203.9833,1255.6088,1090.4445,731.9928,1200.0
T000165,2006-08-31,11725.752,12050.092,13757.873,8654.749,10570.581,8500.0
T000165,2006-09-30,12860.237,7843.8164,12242.709,9230.172,-2106.212,12200.0
T000165,2006-10-31,11135.968,9434.086,14298.345,9101.115,-61.765625,15400.0
T000165,2006-11-30,11823.229,7757.3926,14684.121,9217.132,23407.49,22700.0
T000165,2006-12-31,12941.344,8821.867,13115.828,9451.209,2423.4766,24200.0
T000165,2007-01-31,10895.355,10413.54,13042.385,9290.189,18563.832,9900.0
T000165,2007-02-28,11315.406,8557.297,12655.693,9123.311,13726.654,15300.0
T000165,2007-03-31,11290.389,10964.373,13132.285,9073.481,792.66016,11600.0
T000165,2007-04-30,10550.625,3645.855,11982.498,9115.079,4965.5215,10400.0
T000165,2007-05-31,11195.5625,13616.908,14279.943,8924.818,-7685.297,8000.0
T000165,2007-06-30,11082.749,7480.544,14287.887,9235.79,-8119.745,9100.0
T000165,2007-07-31,11935.135,9010.95,13208.952,8971.26,-10927.793,8700.0
T000166,2006-08-31,456.50162,344.37054,547.43854,476.31226,366.45465,400.0
T000166,2006-09-30,510.38022,254.93643,622.7677,506.15692,361.51697,600.0
T000166,2006-10-31,414.53824,300.73615,705.962,499.39996,265.17944,600.0
T000166,2006-11-30,459.52734,230.185,668.6016,504.71072,1200.415,1300.0
T000166,2006-12-31,496.34177,309.02686,610.9426,518.1411,411.24643,900.0
T000166,2007-01-31,418.7535,601.60864,584.76337,508.9507,955.0719,400.0
T000166,2007-02-28,457.72772,225.45935,623.87994,500.97543,711.94775,500.0
T000166,2007-03-31,453.51025,613.2651,661.46234,498.40686,762.98926,1200.0
T000166,2007-04-30,426.29947,198.7121,612.4696,500.20273,157.41367,300.0
T000166,2007-05-31,451.152,524.10376,643.56494,490.06186,-274.50623,400.0
T000166,2007-06-30,444.39346,-57.491943,685.0907,505.3955,-38.266968,400.0
T000166,2007-07-31,458.69125,489.77817,637.4923,492.90753,-76.20923,300.0
T000167,2006-08-31,1137.3333,898.1782,836.1812,676.66034,796.8281,300.0
T000167,2006-09-30,1168.4767,809.2387,814.37885,708.3762,80.75885,1000.0
T000167,2006-10-31,1098.4924,654.49457,864.093,703.7977,-167.7685,900.0
T000167,2006-11-30,1123.3944,971.0476,907.6528,706.53217,1602.1782,1200.0
T000167,2006-12-31,1192.5029,1329.114,878.352,717.90027,118.05643,1200.0
T000167,2007-01-31,1083.1995,772.59436,859.1445,714.56085,1343.7974,700.0
T000167,2007-02-28,1118.9926,915.5572,813.0071,701.0664,1229.8203,1200.0
T000167,2007-03-31,1120.3643,802.5726,872.8716,696.4117,219.906,700.0
T000167,2007-04-30,1075.3992,685.76715,813.9396,699.5813,577.4375,700.0
T000167,2007-05-31,1120.3247,1677.2876,883.27075,697.8196,-300.5786,400.0
T000167,2007-06-30,1079.117,1468.8596,870.5608,710.81903,-300.68243,800.0
T000167,2007-07-31,1149.1741,1021.52625,863.33624,695.9885,-210.60107,1000.0
T000168,2006-08-31,8738.789,9515.839,7506.915,6485.1987,6444.2476,8700.0
T000168,2006-09-30,8607.091,10812.299,7780.0034,6904.206,7815.364,8200.0
T000168,2006-10-31,7941.623,5747.5474,7328.4067,6817.9565,4939.6226,4100.0
T000168,2006-11-30,8094.0283,9204.396,6988.593,6894.315,4405.006,4100.0
T000168,2006-12-31,8892.37,11281.747,7114.1978,7055.5654,10002.584,10100.0
T000168,2007-01-31,7578.397,6490.307,7473.3037,6980.8247,4358.0664,6000.0
T000168,2007-02-28,8248.682,10229.153,7125.8276,6829.215,1383.3735,4600.0
T000168,2007-03-31,8513.059,8522.202,7496.734,6775.9907,2766.6262,4400.0
T000168,2007-04-30,7936.8955,8921.168,7535.8027,6804.796,3819.0813,5800.0
T000168,2007-05-31,9144.174,10015.611,7682.3403,6720.488,8821.686,13100.0
T000168,2007-06-30,9168.6875,10481.162,7310.3066,6933.573,9618.851,10800.0
T000168,2007-07-31,8712.488,9230.508,7458.3936,6742.4805,12186.264,8900.0
T000169,2006-08-31,554.3278,548.3469,843.33,559.43854,829.8568,300.0
T000169,2006-09-30,647.8702,286.03113,767.0767,614.6424,275.57886,1100.0
T000169,2006-10-31,475.96695,424.52795,957.922,605.0653,440.0722,600.0
T000169,2006-11-30,561.8609,383.5418,991.85,610.9714,1523.884,2100.0
T000169,2006-12-31,640.17065,190.86673,872.758,631.02094,333.56253,1600.0
T000169,2007-01-31,526.5526,726.0597,806.1351,622.8552,1179.551,800.0
T000169,2007-02-28,555.16956,425.60596,747.45935,601.02026,1120.5732,600.0
T000169,2007-03-31,524.786,621.5841,813.1341,594.4689,248.62479,800.0
T000169,2007-04-30,478.70496,-120.47833,713.2184,598.55255,421.91876,600.0
T000169,2007-05-31,525.54675,325.2869,923.66785,593.5157,-389.6411,400.0
T000169,2007-06-30,495.46863,-87.94769,922.7276,615.3611,-732.8645,500.0
T000169,2007-07-31,561.5565,230.80801,878.9258,591.7986,-758.58887,300.0
T000170,2006-08-31,497.85968,685.7156,577.52856,481.67166,-74.62921,400.0
T000170,2006-09-30,556.68164,429.47876,506.6602,505.0773,602.6234,500.0
T000170,2006-10-31,479.35132,518.36487,528.721,500.00607,691.81824,500.0
T000170,2006-11-30,527.0703,481.82855,573.6164,504.49808,778.9498,400.0
T000170,2006-12-31,547.2931,438.69284,496.28604,513.743,803.5487,1200.0
T000170,2007-01-31,462.44907,534.3227,550.7245,507.9146,424.9339,600.0
T000170,2007-02-28,506.289,461.1963,526.28326,500.9671,115.65671,300.0
T000170,2007-03-31,508.0547,520.70685,496.99225,498.70865,761.0619,600.0
T000170,2007-04-30,497.64243,280.40393,490.10645,500.5561,-80.15747,500.0
T000170,2007-05-31,517.05994,283.2208,545.2869,494.52762,886.0509,300.0
T000170,2007-06-30,500.9623,129.35864,562.921,504.74463,495.62723,500.0
T000170,2007-07-31,513.76965,427.04922,461.7813,494.95303,473.84573,400.0
T000171,2006-08-31,36552.63,36238.566,37664.066,31791.693,35942.305,33800.0
T000171,2006-09-30,37235.83,31567.934,37764.086,32700.053,26731.56,45800.0
T000171,2006-10-31,35215.617,30132.703,36927.02,32508.334,20132.113,33500.0
T000171,2006-11-30,35321.95,38348.883,38207.207,32694.72,35874.375,35800.0
T000171,2006-12-31,36725.11,41302.78,37240.645,33054.168,13047.046,47900.0
T000171,2007-01-31,32682.867,29052.213,37702.777,32820.766,25782.395,32500.0
T000171,2007-02-28,34797.742,39719.453,36692.508,32554.275,28689.23,24500.0
T000171,2007-03-31,36355.043,36680.21,36672.63,32452.535,14620.531,33400.0
T000171,2007-04-30,35086.71,30275.717,36742.74,32525.389,28308.525,40400.0
T000171,2007-05-31,37662.566,42054.0,37638.496,32262.43,20061.969,36700.0
T000171,2007-06-30,37550.145,35893.242,37362.574,32731.482,26051.95,42200.0
T000171,2007-07-31,36571.137,37673.773,36200.176,32323.05,25523.191,35700.0
T000172,2006-08-31,1516.7635,1285.66,1883.448,1438.9058,1514.2101,1300.0
T000172,2006-09-30,1584.4469,1117.384,1754.973,1518.0339,96.39978,2200.0
T000172,2006-10-31,1345.0602,1236.9796,1949.6178,1500.5345,257.57788,800.0
T000172,2006-11-30,1528.535,1273.3206,2020.8928,1516.5724,3349.5107,3100.0
T000172,2006-12-31,1617.3801,1345.6095,1832.3888,1547.9258,631.52496,3200.0
T000172,2007-01-31,1342.087,1681.808,1803.9347,1526.6484,2274.8337,1500.0
T000172,2007-02-28,1412.4747,942.69446,1728.7767,1503.5128,1446.5692,1300.0
T000172,2007-03-31,1423.133,1823.9778,1771.06,1496.6362,150.59277,1800.0
T000172,2007-04-30,1370.954,656.56244,1686.3341,1501.3313,1051.7518,1900.0
T000172,2007-05-31,1530.8641,1334.2675,1950.3502,1476.8535,130.32727,1500.0
T000172,2007-06-30,1432.8032,926.95984,1934.9934,1518.1746,-218.31482,1600.0
T000172,2007-07-31,1499.5419,1428.152,1816.3254,1483.7966,-425.71985,1200.0
T000173,2006-08-31,49088.027,49388.168,49993.395,41813.824,45482.836,45200.0
T000173,2006-09-30,49607.3,45180.67,50013.99,43086.098,35514.887,59200.0
T000173,2006-10-31,46673.27,39052.445,48869.53,42821.09,26388.832,40900.0
T000173,2006-11-30,47690.867,51055.133,50425.08,43080.79,48538.816,47900.0
T000173,2006-12-31,49737.098,56243.934,48834.414,43572.496,24919.355,66200.0
T000173,2007-01-31,44125.94,39775.49,49872.195,43264.406,35776.203,42400.0
T000173,2007-02-28,46773.742,53008.305,48374.574,42875.31,34101.29,32900.0
T000173,2007-03-31,48366.25,49591.92,48596.258,42733.5,19105.643,42800.0
T000173,2007-04-30,46762.145,41111.703,48328.715,42832.77,34106.266,50300.0
T000173,2007-05-31,50692.76,56315.953,50055.527,42481.254,28657.672,52900.0
T000173,2007-06-30,50001.547,48686.63,49619.848,43134.664,34879.57,56800.0
T000173,2007-07-31,48873.4,50274.242,48048.76,42565.367,36541.91,47800.0
T000174,2006-08-31,907.76636,800.3727,865.00714,774.8621,1003.5543,1100.0
T000174,2006-09-30,966.5226,733.9462,822.9926,809.8188,57.789,600.0
T000174,2006-10-31,887.06226,705.59595,812.49554,802.32623,-95.12402,800.0
T000174,2006-11-30,857.7389,824.2719,776.0269,805.7927,1678.6595,600.0
T000174,2006-12-31,916.3659,1046.8955,746.70123,819.6722,216.83984,1300.0
T000174,2007-01-31,758.3109,916.0344,823.5959,814.75476,952.3567,500.0
T000174,2007-02-28,832.76263,748.2527,809.95667,801.37115,602.4426,500.0
T000174,2007-03-31,870.5939,926.35156,812.38794,797.7408,109.20749,1000.0
T000174,2007-04-30,822.7212,619.38654,803.0061,798.70135,566.8362,700.0
T000174,2007-05-31,902.6546,961.14526,825.19556,796.88434,-57.103333,1100.0
T000174,2007-06-30,860.0473,807.6636,833.06793,809.6156,-132.99506,600.0
T000174,2007-07-31,869.7575,800.90454,790.14294,796.18,22.722534,800.0
T000175,2006-08-31,4559.697,4608.7407,4655.9443,3669.6277,4222.4766,2900.0
T000175,2006-09-30,4878.583,3778.8484,4437.7373,3843.0537,2050.7566,4800.0
T000175,2006-10-31,4355.336,3864.882,4553.167,3808.9993,1872.5459,3600.0
T000175,2006-11-30,4534.558,4575.938,4757.3125,3832.598,5670.964,4900.0
T000175,2006-12-31,4848.783,4607.5923,4364.9,3897.9746,2497.2412,7500.0
T000175,2007-01-31,4309.205,4653.9893,4537.7334,3869.5134,4686.6494,3500.0
T000175,2007-02-28,4468.6196,3803.395,4459.384,3808.0872,3933.6921,3800.0
T000175,2007-03-31,4512.1245,4671.2485,4383.4175,3788.045,1993.8063,5000.0
T000175,2007-04-30,4326.383,3900.9963,4340.496,3799.2551,1834.9851,4700.0
T000175,2007-05-31,4462.398,4472.2607,4632.45,3772.9124,-306.8728,3700.0
T000175,2007-06-30,4507.4224,4193.294,4680.4263,3844.7273,760.15356,4700.0
T000175,2007-07-31,4596.9785,3853.5632,4256.8345,3771.0642,-221.35449,4000.0
T000176,2006-08-31,2698.8481,2846.0403,2090.85,1747.6306,1552.3789,1900.0
T000176,2006-09-30,2677.7358,2935.0466,2017.9756,1814.308,1992.7466,1800.0
T000176,2006-10-31,2555.6646,1805.4373,2078.3264,1801.2335,2095.7737,1600.0
T000176,2006-11-30,2635.0571,2887.937,2083.4756,1816.5128,1831.9856,1900.0
T000176,2006-12-31,2746.1165,3200.378,2053.714,1840.0756,1892.4418,2900.0
T000176,2007-01-31,2493.1436,1547.5608,2114.1846,1825.2631,2107.4487,2400.0
T000176,2007-02-28,2609.4766,3319.9915,2033.1862,1803.8457,1489.804,1600.0
T000176,2007-03-31,2659.0518,2222.683,2063.8745,1795.3052,1307.0333,1800.0
T000176,2007-04-30,2531.8716,2268.6162,2073.0676,1802.272,1357.1411,2200.0
T000176,2007-05-31,2689.249,3460.328,2073.9014,1782.617,1602.4951,1700.0
T000176,2007-06-30,2682.7095,3269.041,2072.0913,1818.28,2420.416,2300.0
T000176,2007-07-31,2726.0247,2625.7417,1988.253,1786.7767,2570.892,2700.0
T000177,2006-08-31,8247.185,8278.96,7648.551,6228.687,7777.5996,5900.0
T000177,2006-09-30,8558.289,7523.5645,7255.478,6450.587,2514.5974,7200.0
T000177,2006-10-31,7879.2944,6376.4346,7442.3047,6404.3687,2341.8713,6000.0
T000177,2006-11-30,8135.7295,8400.422,7685.281,6444.6504,10290.342,7400.0
T000177,2006-12-31,8593.921,9038.448,7166.0596,6528.4067,3106.6592,11700.0
T000177,2007-01-31,7768.6494,7149.1455,7461.6426,6483.1924,8708.314,6300.0
T000177,2007-02-28,8036.2437,7984.2617,7315.2236,6411.925,6948.2773,6000.0
T000177,2007-03-31,8087.0127,7896.442,7212.805,6388.8867,1652.0527,7800.0
T000177,2007-04-30,7782.542,6996.702,7167.114,6402.979,4792.6577,7700.0
T000177,2007-05-31,8135.953,9013.088,7540.9897,6347.014,-633.23,6400.0
T000177,2007-06-30,8128.7085,8423.187,7601.6997,6453.6646,1540.2004,7500.0
T000177,2007-07-31,8192.863,7326.1865,6991.3,6356.646,760.7095,7600.0
T000178,2006-08-31,2614.0903,2401.2952,2269.5732,1362.6652,6064.284,3300.0
T000178,2006-09-30,2672.401,3497.3323,2529.1445,1545.883,-1206.7417,3800.0
T000178,2006-10-31,2568.4553,2052.489,2141.0405,1504.6013,-2258.8625,1900.0
T000178,2006-11-30,2325.6301,2873.6406,2046.1907,1541.2833,3763.4165,900.0
T000178,2006-12-31,2385.1885,3915.8616,2259.9556,1613.8802,-3328.4458,1500.0
T000178,2007-01-31,1873.891,1579.5935,2328.7231,1575.9161,2020.5609,500.0
T000178,2007-02-28,2296.1655,3233.8557,2077.3926,1514.4631,2884.4897,700.0
T000178,2007-03-31,2564.964,2518.557,2246.699,1493.9133,-4236.7876,900.0
T000178,2007-04-30,2418.3057,2634.282,2333.5527,1503.0667,4285.447,2500.0
T000178,2007-05-31,2896.3684,3069.0261,2225.0908,1461.1089,-846.02515,3600.0
T000178,2007-06-30,2923.0312,3829.0723,2214.1443,1560.8933,-257.00146,4000.0
T000178,2007-07-31,2698.3757,3728.751,2187.6182,1470.2477,-486.16443,2900.0
T000179,2006-08-31,420138.38,439368.62,411040.94,351984.97,378515.3,387600.0
T000179,2006-09-30,425983.2,415575.4,414400.2,360847.5,366277.78,486600.0
T000179,2006-10-31,409202.62,343454.5,402646.78,358903.9,287657.84,355300.0
T000179,2006-11-30,407493.44,435404.62,413869.84,360644.12,377112.56,358800.0
T000179,2006-12-31,427001.56,489131.3,403903.7,364156.12,238893.64,526800.0
T000179,2007-01-31,379583.0,371569.25,412084.9,361978.1,288824.03,346300.0
T000179,2007-02-28,401519.03,426722.8,400377.03,359277.78,258443.6,295600.0
T000179,2007-03-31,412992.0,411599.88,402207.8,358354.25,250684.31,361500.0
T000179,2007-04-30,396666.94,361717.78,401680.6,358965.25,215675.47,415300.0
T000179,2007-05-31,426184.22,464052.78,410470.0,356501.66,268568.5,402900.0
T000179,2007-06-30,421458.22,411971.1,410696.44,360929.06,320305.22,484100.0
T000179,2007-07-31,419433.66,438882.0,395734.66,357143.88,332318.97,412700.0
T000180,2006-08-31,424.15723,400.70526,355.00922,320.12262,310.02792,203.0
T000180,2006-09-30,444.19473,409.41473,366.7638,335.72546,439.89636,264.0
T000180,2006-10-31,427.1698,248.90103,373.7505,332.83493,363.33783,332.0
T000180,2006-11-30,437.31754,340.6494,376.3349,334.81772,581.46405,403.0
T000180,2006-12-31,445.85052,319.67715,386.2792,341.53946,505.68033,467.0
T000180,2007-01-31,429.57358,301.9379,383.29364,338.59653,880.3968,582.0
T000180,2007-02-28,470.0891,380.38715,389.9574,333.08057,685.1747,416.0
T000180,2007-03-31,451.4396,326.49103,379.57687,330.9358,518.82385,510.0
T000180,2007-04-30,435.1588,392.2755,389.1613,332.22556,302.967,445.0
T000180,2007-05-31,427.93863,489.42517,372.60284,329.56732,150.95657,277.0
T000180,2007-06-30,425.7299,366.81015,364.4906,336.56232,172.20264,239.0
T000180,2007-07-31,441.76724,310.8073,368.0244,329.63474,151.6169,381.0
T000181,2006-08-31,1480.2598,1581.3873,1288.3368,903.48553,1094.3604,1135.0
T000181,2006-09-30,1461.1816,1429.7534,1226.4592,956.7792,496.72818,1064.0
T000181,2006-10-31,1424.7487,960.6234,1250.7059,944.22406,371.24802,991.0
T000181,2006-11-30,1478.5931,1432.9221,1310.8944,957.27826,1896.1017,1027.0
T000181,2006-12-31,1553.2128,1670.822,1291.1226,978.45337,548.0282,1963.0
T000181,2007-01-31,1439.5151,1049.8861,1324.5793,964.6293,2030.4828,1846.0
T000181,2007-02-28,1496.2537,1550.7722,1278.5275,948.5353,1434.1538,1314.0
T000181,2007-03-31,1524.0706,1049.9402,1258.7662,942.9788,469.64825,1373.0
T000181,2007-04-30,1426.0435,1430.1633,1266.0824,947.9884,909.20557,1185.0
T000181,2007-05-31,1490.683,1964.9114,1278.2996,928.4479,88.41693,945.0
T000181,2007-06-30,1437.8506,1729.3644,1273.7739,958.8745,369.20224,1022.0
T000181,2007-07-31,1486.9161,1233.7848,1213.9927,934.53064,523.89685,1428.0
T000182,2006-08-31,626.6102,589.4701,442.02463,383.88193,399.54797,274.0
T000182,2006-09-30,641.4339,577.56433,436.9912,398.94177,281.68408,320.0
T000182,2006-10-31,632.188,358.7541,451.73337,396.18976,197.128,496.0
T000182,2006-11-30,626.3052,497.76367,450.23053,397.69876,602.484,447.0
T000182,2006-12-31,645.61914,764.16284,456.0966,404.04977,319.424,538.0
T000182,2007-01-31,621.2573,348.24783,461.97348,402.2542,861.2761,594.0
T000182,2007-02-28,649.2382,719.57605,446.14062,396.20526,574.7148,463.0
T000182,2007-03-31,651.8544,466.24136,458.68277,393.9446,390.31674,466.0
T000182,2007-04-30,622.65015,428.94354,457.12064,395.2996,305.24957,432.0
T000182,2007-05-31,624.5807,936.4164,445.83945,393.7247,55.39978,423.0
T000182,2007-06-30,622.923,811.5641,442.91397,400.11597,11.299408,407.0
T000182,2007-07-31,638.34424,506.2835,441.89752,393.27664,177.46873,589.0
T000183,2006-08-31,46.57381,51.697914,58.0237,37.85552,38.29212,33.0
T000183,2006-09-30,59.45279,19.674763,53.45287,40.669594,4.8740234,46.0
T000183,2006-10-31,50.39628,47.129856,62.453094,40.14598,8.421925,86.0
T000183,2006-11-30,52.02566,31.480783,62.865997,40.575035,191.4409,90.0
T000183,2006-12-31,53.652546,35.05781,59.0814,41.708305,-24.297363,62.0
T000183,2007-01-31,43.734154,59.500343,53.52607,41.02494,128.03732,42.0
T000183,2007-02-28,53.36365,40.775013,60.684196,40.15764,145.37509,40.0
T000183,2007-03-31,53.275986,53.205887,55.608852,39.802876,49.169125,62.0
T000183,2007-04-30,54.521137,55.8188,63.8853,39.992535,81.260864,131.0
T000183,2007-05-31,51.98497,25.431808,59.896492,39.366596,-34.333954,37.0
T000183,2007-06-30,52.166878,-5.4754906,56.3313,40.785225,-94.31888,38.0
T000183,2007-07-31,55.644695,9.413544,54.48039,39.48542,-98.615814,34.0
T000184,2006-08-31,755.7444,862.36725,425.44196,361.49774,421.91483,360.0
T000184,2006-09-30,768.2584,767.7984,411.6921,381.66724,-215.76355,325.0
T000184,2006-10-31,751.7284,660.3117,439.18695,376.81165,-58.734528,378.0
T000184,2006-11-30,766.9287,837.93286,429.7884,381.1865,722.84753,327.0
T000184,2006-12-31,818.95526,1013.65967,445.59164,390.58807,361.28302,548.0
T000184,2007-01-31,738.29785,670.50336,443.6115,383.94965,701.2366,405.0
T000184,2007-02-28,766.24615,649.4674,423.2705,379.03348,399.476,515.0
T000184,2007-03-31,784.83057,596.4582,453.7097,376.91574,91.642395,409.0
T000184,2007-04-30,748.6238,827.51746,450.96906,378.8761,253.29822,584.0
T000184,2007-05-31,766.19946,894.73865,435.19373,370.95032,-93.549866,260.0
T000184,2007-06-30,771.9586,1149.6058,424.5501,381.2837,63.274963,363.0
T000184,2007-07-31,799.66016,727.4679,421.5759,372.78622,-90.624146,782.0
T000185,2006-08-31,3310.981,3471.3657,2573.8774,1949.3485,1748.3909,2005.0
T000185,2006-09-30,3327.8015,3195.961,2509.5312,2040.1134,1631.6461,2019.0
T000185,2006-10-31,3262.3804,2277.9514,2569.378,2017.0624,1554.1407,2283.0
T000185,2006-11-30,3353.837,3153.2336,2633.0051,2039.1714,3443.1794,2294.0
T000185,2006-12-31,3482.6992,3815.6514,2626.871,2079.1846,2320.7766,3578.0
T000185,2007-01-31,3304.346,2424.885,2668.4143,2051.1606,4071.104,3469.0
T000185,2007-02-28,3393.228,3353.0127,2596.8616,2027.4731,2700.7158,2748.0
T000185,2007-03-31,3422.2766,2494.401,2600.9805,2018.5626,2234.7356,2820.0
T000185,2007-04-30,3267.9775,3146.3108,2621.1035,2026.6168,1354.449,2777.0
T000185,2007-05-31,3301.6116,4328.7983,2596.7327,1988.7477,898.64404,1942.0
T000185,2007-06-30,3282.7925,4045.9668,2563.4229,2041.4113,1195.6166,2069.0
T000185,2007-07-31,3354.8982,2769.813,2502.598,2001.5524,1364.7632,3214.0
T000186,2006-10-31,37882.86,38749.312,28038.076,28357.38,28650.697,22862.0
T000186,2006-11-30,37119.598,33944.22,27135.062,29271.355,21886.328,21160.0
T000186,2006-12-31,37179.305,31835.04,29746.375,29127.498,23922.889,42850.0
T000186,2007-01-31,37886.188,34434.266,28408.34,29216.312,46661.14,34320.0
T000186,2007-02-28,37997.523,39599.29,27691.14,29575.154,19931.236,28050.0
T000186,2007-03-31,34704.863,24257.994,28548.566,29423.557,42339.72,31349.0
T000186,2007-04-30,36418.65,35975.625,27443.986,29066.713,30273.148,29744.0
T000186,2007-05-31,36419.05,32193.475,29324.959,28933.848,9482.376,15215.0
T000186,2007-06-30,34852.65,25217.53,27898.83,29024.95,23818.705,19980.0
T000186,2007-07-31,37420.055,47446.6,27757.38,28944.223,10653.913,29808.0
T000186,2007-08-31,36788.367,42156.7,27858.4,29306.873,17334.85,30156.0
T000186,2007-09-30,38373.9,41484.336,27888.412,28909.412,17760.582,36771.0
T000187,2006-10-31,28291.682,27117.062,26716.312,20986.998,37422.617,21689.0
T000187,2006-11-30,30850.637,15557.15,23869.562,22111.082,12442.923,21229.0
T000187,2006-12-31,29722.73,27026.203,27858.807,21822.527,12093.771,59550.0
T000187,2007-01-31,28125.736,21710.914,27021.525,22100.506,64391.406,27144.0
T000187,2007-02-28,29223.254,19441.963,24166.854,22591.615,-2328.3457,25696.0
T000187,2007-03-31,24923.137,20973.832,25861.719,22193.031,55254.492,27761.0
T000187,2007-04-30,26802.371,20343.164,25912.746,21927.213,47400.6,30052.0
T000187,2007-05-31,27764.59,24121.344,27549.922,21849.016,3733.0156,18156.0
T000187,2007-06-30,25360.604,14626.79,23888.625,21918.795,30268.402,21024.0
T000187,2007-07-31,27141.191,29986.678,24758.273,21443.371,-6826.949,18960.0
T000187,2007-08-31,26095.41,15747.686,25003.182,22092.014,-9192.994,18774.0
T000187,2007-09-30,29297.314,25726.672,24290.617,21597.234,-7443.041,23688.0
T000188,2006-10-31,13140.066,12463.024,12633.102,12403.781,11705.263,12788.0
T000188,2006-11-30,13088.368,13402.026,13073.64,12685.34,14141.789,14283.0
T000188,2006-12-31,12337.022,9752.88,12765.863,12606.639,11932.998,9725.0
T000188,2007-01-31,12459.295,11347.913,12742.601,12675.851,8924.957,8970.0
T000188,2007-02-28,13004.921,14705.144,12860.454,12800.839,12040.501,14476.0
T000188,2007-03-31,12316.929,10461.913,12984.751,12714.028,10963.454,14559.0
T000188,2007-04-30,12927.049,14627.014,12974.206,12640.9,11488.314,11814.0
T000188,2007-05-31,13652.275,13329.709,12921.354,12617.845,13499.586,15368.0
T000188,2007-06-30,12955.767,11667.403,13058.932,12634.127,11087.087,12330.0
T000188,2007-07-31,13381.933,13675.752,12738.286,12517.623,12826.82,12120.0
T000188,2007-08-31,13271.527,11671.279,12895.057,12672.971,13728.528,14322.0
T000188,2007-09-30,12944.693,11731.105,12595.873,12562.286,14817.1875,12789.0
T000189,2006-10-31,8943.07,8586.691,6077.8174,5656.1626,6598.7383,6739.0
T000189,2006-11-30,8808.798,9499.455,6145.4434,5803.9814,6533.659,6854.0
T000189,2006-12-31,8660.756,5914.643,6157.763,5772.956,6104.799,4125.0
T000189,2007-01-31,8701.265,8328.037,6061.146,5799.689,5256.1807,4836.0
T000189,2007-02-28,8965.1875,11071.555,6378.5254,5862.912,6524.083,5610.0
T000189,2007-03-31,8402.738,6176.992,6336.604,5824.8457,5797.073,5106.0
T000189,2007-04-30,8831.087,9829.841,6031.9204,5778.051,6000.234,7216.0
T000189,2007-05-31,9014.17,7057.978,6398.9263,5758.9,5046.795,6528.0
T000189,2007-06-30,8611.305,7740.572,6384.6816,5774.485,5307.8716,6444.0
T000189,2007-07-31,8880.293,11807.021,6120.0435,5732.86,5152.5605,5568.0
T000189,2007-08-31,8790.781,12576.782,6139.894,5806.973,6663.655,6342.0
T000189,2007-09-30,8974.113,9432.527,6189.8467,5742.0303,6517.8105,9156.0
T000190,2006-10-31,87868.95,86559.1,73848.35,68238.24,73674.36,64078.0
T000190,2006-11-30,88205.125,72196.48,70215.56,69996.78,68662.39,63526.0
T000190,2006-12-31,87805.86,74584.625,76037.41,69640.03,68566.65,116250.0
T000190,2007-01-31,86897.33,76133.63,74191.11,69922.19,113652.64,75270.0
T000190,2007-02-28,88333.06,85125.12,71128.59,70654.82,49437.34,73832.0
T000190,2007-03-31,81771.766,61740.805,73648.695,70211.97,103410.414,78775.0
T000190,2007-04-30,84442.65,81076.89,72588.79,69652.234,84170.34,78826.0
T000190,2007-05-31,85299.97,76754.18,75725.27,69457.84,47234.184,55267.0
T000190,2007-06-30,81683.5,59542.453,71137.875,69608.375,60079.97,59778.0
T000190,2007-07-31,86010.305,103363.48,71621.305,69180.91,37687.688,66456.0
T000190,2007-08-31,84114.11,82004.71,71916.164,70001.01,42971.33,69594.0
T000190,2007-09-30,88350.13,87925.484,71079.7,69249.84,46780.832,82404.0
T000191,2006-10-31,8754.138,9422.9375,12127.027,9694.309,16710.195,10258.0
T000191,2006-11-30,10391.437,6167.176,10699.395,10382.2705,9770.6875,13754.0
T000191,2006-12-31,8929.1875,7053.632,11476.92,10263.287,7802.4087,13850.0
T000191,2007-01-31,9600.975,8820.674,12362.107,10314.512,33275.97,15574.0
T000191,2007-02-28,9908.039,-234.34766,11463.038,10543.649,7365.534,20636.0
T000191,2007-03-31,8489.636,10341.55,11862.398,10496.501,25940.906,16928.0
T000191,2007-04-30,8216.045,5978.094,10997.643,10194.454,17195.27,10494.0
T000191,2007-05-31,8055.6523,11791.542,10930.072,10101.752,1005.6074,5763.0
T000191,2007-06-30,7415.631,4682.7603,10356.455,10155.443,10969.493,8046.0
T000191,2007-07-31,8353.23,5304.258,11615.683,10161.579,-3510.0,8304.0
T000191,2007-08-31,7922.6943,-2332.7744,11632.918,10376.745,-7630.42,5460.0
T000191,2007-09-30,9316.483,3968.793,10804.083,10101.826,-3990.7979,5775.0
T000192,2006-10-31,2801.8062,2648.6147,3868.802,3102.9246,3724.7837,2116.0
T000192,2006-11-30,3295.7087,654.9263,3411.971,3252.8765,3497.4617,3289.0
T000192,2006-12-31,3028.0168,3055.6587,3921.5164,3217.177,3051.823,7675.0
T000192,2007-01-31,2932.6777,2265.5857,3884.8967,3249.5361,8630.942,3614.0
T000192,2007-02-28,2985.2366,889.1006,3450.335,3310.977,603.93115,5126.0
T000192,2007-03-31,2508.4402,2406.4011,3692.3513,3266.4614,6636.8857,4094.0
T000192,2007-04-30,2729.2417,2231.1467,3730.559,3225.7654,5674.507,4158.0
T000192,2007-05-31,2755.6443,3410.454,3815.1892,3213.3247,1685.6938,2703.0
T000192,2007-06-30,2669.64,1527.2203,3447.2295,3221.9897,3865.9097,3546.0
T000192,2007-07-31,2832.9182,2729.3794,3639.1272,3171.409,465.11206,3384.0
T000192,2007-08-31,2699.178,-447.0017,3605.1938,3251.07,-417.59644,2793.0
T000192,2007-09-30,3009.7097,2229.1597,3431.8042,3184.6206,-34.895508,2079.0
T000193,2006-10-31,1472.9482,1530.3599,1806.7955,1548.2822,2476.8062,2254.0
T000193,2006-11-30,1495.8867,1656.5834,1784.3861,1611.3591,1235.6702,2162.0
T000193,2006-12-31,1347.7327,1088.4319,1743.4901,1598.3674,1143.1445,1425.0
T000193,2007-01-31,1404.2114,1471.8508,1725.0891,1609.7749,2386.968,2028.0
T000193,2007-02-28,1475.171,754.9196,1769.5767,1632.0154,1540.8146,1826.0
T000193,2007-03-31,1333.9854,1458.5105,1782.0192,1620.4822,2347.6443,2208.0
T000193,2007-04-30,1355.5757,1306.2377,1712.3241,1598.4683,1603.9172,1474.0
T000193,2007-05-31,1347.624,1509.9109,1709.6791,1590.2776,324.17712,1547.0
T000193,2007-06-30,1276.2979,1152.6064,1688.9362,1595.498,1728.5564,1386.0
T000193,2007-07-31,1424.0554,953.59436,1689.9603,1582.7675,694.36957,1344.0
T000193,2007-08-31,1368.3951,707.4595,1775.6237,1612.2174,970.36383,1785.0
T000193,2007-09-30,1429.9618,1084.292,1722.2202,1584.5275,947.69147,1281.0
T000194,2006-10-31,1581.2585,1045.8755,1976.2023,1429.1987,3328.5303,1311.0
T000194,2006-11-30,1661.1318,472.82764,2006.4213,1510.4481,-2517.9011,2438.0
T000194,2006-12-31,1395.4874,1936.1893,1950.4883,1493.0441,-2374.3916,1600.0
T000194,2007-01-31,1627.355,1294.4539,2047.3854,1506.7549,6023.376,2262.0
T000194,2007-02-28,1477.3755,1060.5586,2058.5798,1541.9952,-909.6936,2310.0
T000194,2007-03-31,1286.7192,1718.7611,2036.6849,1519.4282,3932.396,2415.0
T000194,2007-04-30,1567.6427,1051.4954,2004.2878,1496.831,3537.0505,1254.0
T000194,2007-05-31,1636.6896,2038.8644,1951.6876,1487.9813,-1818.0288,1088.0
T000194,2007-06-30,1746.3352,822.19745,2136.6677,1492.0682,5120.234,3294.0
T000194,2007-07-31,1897.4615,1792.6436,2081.69,1467.9945,-108.00635,3528.0
T000194,2007-08-31,1724.2793,697.6653,1792.5858,1512.0308,-1050.3,1323.0
T000194,2007-09-30,1644.0602,1788.4438,1989.1968,1476.97,-1444.6702,1323.0
T000195,2006-10-31,14204.441,14541.766,19727.85,15740.104,22470.332,15939.0
T000195,2006-11-30,16384.254,8890.222,17936.957,16580.686,17177.658,21643.0
T000195,2006-12-31,14493.711,13150.502,19049.1,16433.424,15033.281,24550.0
T000195,2007-01-31,15342.666,13945.375,20015.652,16500.947,46160.37,23478.0
T000195,2007-02-28,15577.352,2561.459,18744.908,16786.912,13598.191,29898.0
T000195,2007-03-31,13746.204,15886.637,19377.37,16724.605,35035.89,25645.0
T000195,2007-04-30,13616.67,10656.44,18434.477,16357.959,24234.463,17380.0
T000195,2007-05-31,13359.115,18766.117,18352.477,16246.331,6989.5117,11101.0
T000195,2007-06-30,12770.846,8270.96,17635.555,16309.843,17978.365,16272.0
T000195,2007-07-31,14029.869,10912.758,19010.232,16312.131,3512.2559,16560.0
T000195,2007-08-31,13332.467,-1418.5254,18913.104,16584.662,-2798.2676,11361.0
T000195,2007-09-30,15049.357,8937.294,17992.473,16238.453,1120.459,10458.0
T000196,2006-10-31,1944.4307,2305.8352,2255.6936,1326.1492,4118.744,1748.0
T000196,2006-11-30,2386.5923,1457.1547,1927.4426,1492.1194,257.3014,2760.0
T000196,2006-12-31,1958.982,1149.2349,2211.8516,1456.5679,-309.39197,2475.0
T000196,2007-01-31,2122.957,2085.376,2376.1519,1484.0027,8531.474,3926.0
T000196,2007-02-28,2298.6504,102.57007,2159.869,1546.4697,174.50623,4202.0
T000196,2007-03-31,1838.9473,2237.376,2181.3047,1511.5239,6338.164,3266.0
T000196,2007-04-30,1729.0703,1198.4132,1954.0029,1454.9773,3878.331,1452.0
T000196,2007-05-31,1718.9921,2074.9023,1992.4072,1438.7426,-2417.1587,765.0
T000196,2007-06-30,1449.5732,800.8048,1811.8412,1450.716,1862.7013,900.0
T000196,2007-07-31,1786.4196,1076.3691,2194.7197,1411.1112,-3904.224,1248.0
T000196,2007-08-31,1741.6857,-343.51538,2208.307,1488.4397,-4453.322,840.0
T000196,2007-09-30,2031.8,872.2814,2048.0017,1417.8436,-3924.479,1134.0
T000197,2006-10-31,867.1608,960.03296,1161.5571,720.375,1691.5287,621.0
T000197,2006-11-30,1024.076,268.16583,990.008,794.9706,534.62115,989.0
T000197,2006-12-31,938.0246,877.1286,1208.3708,778.39417,287.91122,2550.0
T000197,2007-01-31,927.5766,770.3661,1218.2195,791.8596,3665.7732,1716.0
T000197,2007-02-28,991.39777,-195.07861,1042.6306,821.28754,-355.26575,1782.0
T000197,2007-03-31,729.2037,793.49634,1114.4996,803.53076,2822.383,1564.0
T000197,2007-04-30,811.9535,538.54285,1087.6088,779.03326,1936.0496,1232.0
T000197,2007-05-31,791.2401,982.33215,1131.2773,773.44586,-317.93555,697.0
T000197,2007-06-30,700.2539,252.46613,986.26373,778.01483,1138.3545,396.0
T000197,2007-07-31,824.2892,673.46655,1087.0059,757.2109,-944.99194,720.0
T000197,2007-08-31,760.8642,-291.37915,1106.1539,794.41003,-1337.8167,525.0
T000197,2007-09-30,938.4012,631.85913,1035.3551,762.06036,-1248.1326,525.0
T000198,2006-10-31,171.96306,192.66367,207.23071,180.92647,369.69504,161.0
T000198,2006-11-30,188.54713,238.18675,204.66351,191.97197,285.40634,253.0
T000198,2006-12-31,147.77657,112.28155,209.71794,189.95192,118.17913,75.0
T000198,2007-01-31,177.70828,193.8721,215.42966,191.19345,285.28918,286.0
T000198,2007-02-28,184.13773,116.870895,200.42455,195.33076,129.97244,330.0
T000198,2007-03-31,166.07547,228.84518,202.64194,193.8078,264.64267,184.0
T000198,2007-04-30,179.79951,137.19646,194.49649,189.51018,269.7306,176.0
T000198,2007-05-31,166.96503,203.52837,200.19746,187.82936,42.35727,119.0
T000198,2007-06-30,159.50076,107.91415,193.25476,188.85011,221.42267,162.0
T000198,2007-07-31,180.55511,95.90949,215.41441,187.7885,-19.021957,240.0
T000198,2007-08-31,175.22507,34.45111,212.36244,192.17076,30.390106,273.0
T000198,2007-09-30,174.02812,175.27406,203.8833,187.67216,36.68004,147.0
T000199,2006-10-31,247.91617,239.3655,348.5514,273.3696,527.056,207.0
T000199,2006-11-30,287.3568,166.65073,362.2637,288.9948,21.823685,736.0
T000199,2006-12-31,242.53412,256.46014,310.87103,286.2211,-21.784454,175.0
T000199,2007-01-31,256.70038,318.61627,370.19174,288.43774,693.75024,364.0
T000199,2007-02-28,267.1333,103.265305,359.73065,293.93823,188.49313,594.0
T000199,2007-03-31,225.69547,221.93921,364.82336,291.25665,528.9905,322.0
T000199,2007-04-30,235.73187,150.24542,301.45346,285.47113,474.40918,198.0
T000199,2007-05-31,230.31873,308.27502,317.8839,283.46805,-40.652527,204.0
T000199,2007-06-30,217.04515,108.15314,285.01282,284.8342,276.34262,198.0
T000199,2007-07-31,252.07742,242.93816,333.02057,282.4533,-29.969696,336.0
T000199,2007-08-31,240.34549,60.997406,326.5703,289.39087,-90.66788,315.0
T000199,2007-09-30,254.43405,308.01883,304.70126,282.44223,-130.38828,189.0
T000200,2006-10-31,3160.822,3681.348,3983.137,2560.5525,6316.17,2737.0
T000200,2006-11-30,3776.767,2120.5908,3476.1,2797.1577,1620.1776,4738.0
T000200,2006-12-31,3250.1165,2397.6943,3930.6663,2747.5881,622.3257,5275.0
T000200,2007-01-31,3442.828,3382.7173,4168.29,2782.767,12748.83,6292.0
T000200,2007-02-28,3666.8706,141.86768,3762.9944,2870.4485,641.20557,6908.0
T000200,2007-03-31,2996.859,3475.6338,3857.3477,2826.2175,9556.444,5336.0
T000200,2007-04-30,2899.2588,2038.3627,3542.5737,2739.8992,6162.6943,3058.0
T000200,2007-05-31,2831.9128,3571.4336,3610.0835,2719.3835,-2148.3667,1785.0
T000200,2007-06-30,2502.593,1282.7896,3302.3423,2734.2388,3116.51,1656.0
T000200,2007-07-31,2975.7612,2109.4253,3853.017,2684.122,-4296.224,2544.0
T000200,2007-08-31,2862.0366,-546.2947,3871.0872,2791.862,-5309.9097,1953.0
T000200,2007-09-30,3334.651,1966.6115,3608.6646,2692.9463,-4695.4844,1995.0
T000201,2006-10-31,947.4144,862.2566,728.9095,569.09534,738.369,621.0
T000201,2006-11-30,995.72955,729.9747,695.5801,602.85535,463.4995,552.0
T000201,2006-12-31,938.53375,636.52295,803.95276,596.8087,454.48975,1150.0
T000201,2007-01-31,971.8833,705.1301,772.9872,601.6099,1659.3849,1248.0
T000201,2007-02-28,989.77313,761.9566,724.9858,613.2855,356.62866,792.0
T000201,2007-03-31,877.3723,626.64105,721.68524,607.74524,1106.9557,713.0
T000201,2007-04-30,906.0812,821.9056,696.99243,594.5321,836.88074,726.0
T000201,2007-05-31,897.352,606.92535,751.4787,590.94617,59.023163,425.0
T000201,2007-06-30,835.6577,476.48352,690.39557,593.51746,570.2422,486.0
T000201,2007-07-31,916.4207,1119.143,735.05365,588.52,-43.114685,840.0
T000201,2007-08-31,907.53467,967.4001,738.2807,604.03076,-211.29419,462.0
T000201,2007-09-30,959.41174,906.04675,747.5823,588.6794,-119.1275,819.0
T000202,2006-10-31,226.94135,162.2649,195.83215,136.33228,165.52507,92.0
T000202,2006-11-30,250.70209,76.206665,169.00357,146.1342,115.0046,184.0
T000202,2006-12-31,238.22356,207.11081,211.32741,143.81854,57.115524,575.0
T000202,2007-01-31,225.39627,154.11168,194.61531,146.12018,395.21634,182.0
T000202,2007-02-28,230.97745,178.0958,165.10863,150.30986,-13.358231,110.0
T000202,2007-03-31,193.70357,115.82152,188.38087,146.87863,312.78723,207.0
T000202,2007-04-30,221.71414,207.7787,184.00928,144.53876,297.7049,176.0
T000202,2007-05-31,226.41122,148.02234,207.50558,143.53711,90.00015,85.0
T000202,2007-06-30,205.3619,76.28481,168.76746,144.37726,201.22675,108.0
T000202,2007-07-31,218.22931,295.77084,169.89667,140.59409,-10.986725,168.0
T000202,2007-08-31,222.63547,174.48015,172.7169,146.31258,-56.91832,210.0
T000202,2007-09-30,241.47772,244.19206,167.86949,141.66461,3.54187,189.0
T000203,2006-10-31,523.699,513.5246,471.71204,287.198,559.30005,253.0
T000203,2006-11-30,549.51483,453.80786,461.65134,309.79318,7.9532623,460.0
T000203,2006-12-31,513.3979,355.4939,483.38196,305.5674,-112.85449,475.0
T000203,2007-01-31,531.7531,491.6975,483.68613,309.67596,814.74133,598.0
T000203,2007-02-28,532.3165,549.62256,477.67908,317.6124,-58.531677,594.0
T000203,2007-03-31,498.7721,288.61636,478.8736,313.51672,615.93884,598.0
T000203,2007-04-30,530.42096,711.11255,468.66644,305.59406,518.29065,374.0
T000203,2007-05-31,514.7302,371.9123,471.66153,302.48215,-16.251709,493.0
T000203,2007-06-30,513.7905,390.65958,466.58813,304.4387,505.04138,450.0
T000203,2007-07-31,542.2231,887.2206,476.76154,299.4723,-173.79495,456.0
T000203,2007-08-31,529.27905,631.24713,475.6474,311.80237,-44.078156,441.0
T000203,2007-09-30,536.64404,496.66693,471.8631,300.43756,-137.62567,483.0
T000204,2006-10-31,1746.7809,1575.9459,1471.4358,1092.2896,1060.145,1127.0
T000204,2006-11-30,1843.6658,1318.4761,1414.4694,1139.1288,1301.4897,1334.0
T000204,2006-12-31,1741.5139,1248.6733,1560.4036,1129.9033,1157.0739,2225.0
T000204,2007-01-31,1760.2676,1432.8875,1529.6289,1138.2341,2418.4524,2080.0
T000204,2007-02-28,1801.4786,1590.2433,1449.661,1154.6343,976.9927,1518.0
T000204,2007-03-31,1635.3384,1113.6339,1465.7599,1145.1926,1657.5739,1633.0
T000204,2007-04-30,1712.5942,1786.6895,1429.7312,1128.8815,1227.194,1386.0
T000204,2007-05-31,1669.251,1210.564,1492.7545,1123.7461,949.45447,1054.0
T000204,2007-06-30,1621.1583,1008.2068,1411.8617,1127.4863,888.7809,1170.0
T000204,2007-07-31,1712.2932,2349.8574,1451.214,1116.3795,585.3882,1512.0
T000204,2007-08-31,1692.17,1803.1079,1461.6896,1141.3019,406.4037,1134.0
T000204,2007-09-30,1780.0659,1658.7803,1466.1302,1118.6144,566.0237,1554.0
T000205,2006-10-31,223.06056,149.52057,202.14304,189.19455,383.25708,115.0
T000205,2006-11-30,238.46048,115.774826,198.51239,203.1155,254.19022,161.0
T000205,2006-12-31,222.59132,208.61295,210.9251,199.78027,158.7909,350.0
T000205,2007-01-31,229.00629,187.86328,213.16138,202.39972,721.69244,208.0
T000205,2007-02-28,215.9686,-45.785706,208.1071,208.45038,34.977585,220.0
T000205,2007-03-31,193.55792,200.6918,212.1952,204.23506,555.76917,276.0
T000205,2007-04-30,209.72409,117.23289,208.69058,200.58258,422.3216,308.0
T000205,2007-05-31,210.75856,230.02333,225.24292,199.1153,31.184143,153.0
T000205,2007-06-30,193.74094,180.634,203.08945,199.92935,356.6274,144.0
T000205,2007-07-31,219.65286,192.20943,213.41801,195.54636,6.2194214,360.0
T000205,2007-08-31,207.01738,23.648651,193.3558,202.52441,-7.034973,84.0
T000205,2007-09-30,230.07341,279.87253,218.146,196.92186,-39.809174,168.0
T000206,2006-10-31,360.90488,286.2213,370.49124,336.21738,503.29053,299.0
T000206,2006-11-30,380.21683,225.80948,369.35788,354.03946,430.78732,368.0
T000206,2006-12-31,361.67105,317.78046,375.09442,349.97433,273.24136,550.0
T000206,2007-01-31,379.5583,332.2978,387.14905,353.4361,972.04785,312.0
T000206,2007-02-28,365.47437,37.64023,389.75204,360.82532,178.37476,374.0
T000206,2007-03-31,335.0112,301.2992,392.63303,355.70883,703.79456,552.0
T000206,2007-04-30,347.579,194.38527,384.32056,350.84595,536.0252,550.0
T000206,2007-05-31,343.56186,385.81534,406.71863,348.791,165.62762,221.0
T000206,2007-06-30,326.52963,284.67267,378.50082,349.9884,466.84442,252.0
T000206,2007-07-31,363.80103,374.16623,384.48187,344.70795,116.19061,576.0
T000206,2007-08-31,348.10614,105.11862,355.66644,353.87827,89.69064,294.0
T000206,2007-09-30,373.79797,403.60483,394.946,346.17065,71.247925,294.0
T000207,2006-10-31,11831.128,12726.341,15320.495,11949.198,23052.16,12742.0
T000207,2006-11-30,13952.634,8461.865,13518.983,12825.487,8897.03,17227.0
T000207,2006-12-31,12029.614,9050.227,14706.898,12673.104,6265.537,17825.0
T000207,2007-01-31,12906.754,11811.482,15692.829,12744.524,45470.707,20956.0
T000207,2007-02-28,13384.105,596.61914,14544.962,13040.136,6189.8,25850.0
T000207,2007-03-31,11450.156,13401.086,14958.768,12965.709,35029.793,21183.0
T000207,2007-04-30,11028.206,8127.6367,13875.6045,12588.296,23353.11,12980.0
T000207,2007-05-31,10822.771,14705.449,13891.7295,12474.429,-3311.5557,7106.0
T000207,2007-06-30,9872.539,6152.232,13089.631,12543.087,14878.311,9576.0
T000207,2007-07-31,11226.689,7709.789,14766.752,12527.802,-9523.738,10752.0
T000207,2007-08-31,10722.23,-1691.1211,14792.654,12817.797,-14072.078,6846.0
T000207,2007-09-30,12510.537,6009.116,13824.512,12464.897,-9996.781,7896.0
T000208,2006-10-31,3945.7705,3831.395,5308.7134,3910.6904,5573.0293,2898.0
T000208,2006-11-30,4621.692,1035.3523,4656.286,4154.2153,4417.5723,4554.0
T000208,2006-12-31,4251.4595,4192.088,5413.6997,4100.831,3627.5735,10975.0
T000208,2007-01-31,4114.312,3242.022,5368.747,4144.0327,12692.756,5564.0
T000208,2007-02-28,4244.1523,858.84155,4735.2495,4239.4526,461.69287,7084.0
T000208,2007-03-31,3475.5627,3350.996,5083.505,4181.63,9745.255,6003.0
T000208,2007-04-30,3791.0193,2987.1123,5090.315,4103.607,7843.284,5698.0
T000208,2007-05-31,3805.0386,4617.5796,5243.629,4080.764,1695.0503,3502.0
T000208,2007-06-30,3599.0708,1889.5146,4668.898,4097.242,5155.8564,4068.0
T000208,2007-07-31,3898.8271,3783.7131,4962.2617,4036.5803,-244.04883,4392.0
T000208,2007-08-31,3719.9763,-584.6162,4951.4116,4154.3716,-1576.5752,3612.0
T000208,2007-09-30,4228.2695,3159.2788,4711.3926,4046.7961,-1060.7363,2835.0
T000209,2006-10-31,1750.0747,1796.8347,2115.627,1921.8385,2923.6106,2576.0
T000209,2006-11-30,1782.3816,1992.9214,2090.2053,1993.3735,1577.9674,2576.0
T000209,2006-12-31,1593.9791,1269.7355,2044.9806,1979.5107,1365.1145,1550.0
T000209,2007-01-31,1681.8632,1779.73,2039.7958,1990.6327,2753.85,2392.0
T000209,2007-02-28,1758.1943,1029.2429,2080.88,2015.5157,1728.1289,2200.0
T000209,2007-03-31,1616.3728,1787.8717,2093.0554,2004.6707,2713.75,2530.0
T000209,2007-04-30,1634.0796,1542.6328,2006.0027,1977.6407,1931.2795,1782.0
T000209,2007-05-31,1623.2007,1833.7332,2007.0885,1967.9552,486.1261,1734.0
T000209,2007-06-30,1552.6072,1352.2888,1978.1967,1974.1805,2041.5834,1710.0
T000209,2007-07-31,1705.8738,1150.3035,1993.506,1963.4208,738.7726,1632.0
T000209,2007-08-31,1638.0975,860.6067,2080.9265,1994.7493,1054.6821,2100.0
T000209,2007-09-30,1706.348,1321.37,2021.9215,1963.929,1106.2588,1533.0
T000210,2006-10-31,2397.7612,1828.9177,2886.673,2005.0878,4105.2324,1886.0
T000210,2006-11-30,2505.483,1121.7323,2895.2588,2101.445,-2063.5078,3726.0
T000210,2006-12-31,2160.1501,2587.2336,2832.842,2080.7202,-2095.026,2250.0
T000210,2007-01-31,2478.3416,2174.0745,2945.5288,2100.6006,7311.611,3250.0
T000210,2007-02-28,2279.3528,1762.0027,2945.4385,2140.1882,-352.87866,3564.0
T000210,2007-03-31,2095.3623,2272.9902,2952.287,2112.32,4807.678,3450.0
T000210,2007-04-30,2356.485,1935.6249,2854.4475,2086.0642,4246.229,1914.0
T000210,2007-05-31,2413.0615,2762.953,2815.5269,2076.1243,-1418.565,1819.0
T000210,2007-06-30,2513.302,1372.7701,2945.393,2081.6494,5632.119,3996.0
T000210,2007-07-31,2705.4368,2979.3132,2948.08,2049.3857,153.90442,4416.0
T000210,2007-08-31,2499.683,1399.1774,2647.5286,2104.9783,-770.96533,2184.0
T000210,2007-09-30,2413.3875,2600.088,2843.0183,2061.002,-1253.2722,2037.0
T000211,2006-10-31,19430.037,20065.844,25552.69,19323.277,31101.582,20102.0
T000211,2006-11-30,22268.838,12543.862,23202.281,20416.598,19330.133,28083.0
T000211,2006-12-31,19803.527,17117.691,24898.566,20211.318,15878.037,32600.0
T000211,2007-01-31,20943.385,19110.291,26063.52,20334.014,63162.066,32162.0
T000211,2007-02-28,21365.508,4347.9297,24338.215,20718.44,14258.387,38698.0
T000211,2007-03-31,18747.436,20770.129,25078.824,20581.25,47701.402,33166.0
T000211,2007-04-30,18503.047,14692.278,23812.238,20143.53,32871.95,22374.0
T000211,2007-05-31,18138.445,23936.742,23850.502,20012.137,4653.3867,14161.0
T000211,2007-06-30,17185.02,10862.426,22744.168,20097.248,23207.45,19350.0
T000211,2007-07-31,19021.145,15770.564,24688.777,19995.605,-1435.8691,21192.0
T000211,2007-08-31,18107.518,-64.63672,24620.045,20409.434,-8780.428,14742.0
T000211,2007-09-30,20491.867,12941.836,23459.104,19956.742,-4198.9062,14301.0
T000212,2006-10-31,7011.8496,6924.317,9698.577,9853.037,11861.05,10097.0
T000212,2006-11-30,8234.55,5385.218,9579.334,10199.913,18226.092,14789.0
T000212,2006-12-31,6931.5967,6158.1704,9387.142,10133.246,14777.408,11125.0
T000212,2007-01-31,7225.128,8811.318,9804.695,10154.809,12966.508,12324.0
T000212,2007-02-28,7421.0425,-604.5918,9712.92,10276.026,10772.102,11088.0
T000212,2007-03-31,6388.4907,8382.241,9799.704,10245.646,11075.028,11684.0
T000212,2007-04-30,6482.1562,5883.3477,8938.544,10099.713,8093.064,6754.0
T000212,2007-05-31,6441.866,9929.846,9175.746,10051.122,9221.2705,5916.0
T000212,2007-06-30,5985.944,5504.694,8642.592,10076.47,4690.3657,5958.0
T000212,2007-07-31,6736.746,2780.7148,9035.305,10078.238,4652.688,7584.0
T000212,2007-08-31,6804.3896,-1584.249,9280.838,10181.299,4383.1606,8064.0
T000212,2007-09-30,7376.746,4964.2,9087.574,10057.84,6475.052,5229.0
T000213,2006-10-31,1204.8582,1139.7535,1033.6567,923.23926,737.0519,621.0
T000213,2006-11-30,1260.4819,707.6448,925.9092,977.14734,1468.7723,805.0
T000213,2006-12-31,1240.0786,1184.9656,1077.3871,964.3163,1372.6715,2100.0
T000213,2007-01-31,1261.763,1259.2073,1028.7751,976.2141,2290.7397,1144.0
T000213,2007-02-28,1237.798,656.15015,922.3917,998.3515,909.4399,1254.0
T000213,2007-03-31,1142.4385,786.1563,1001.72156,982.3519,1938.7705,1265.0
T000213,2007-04-30,1211.179,890.69763,981.7085,967.14014,1488.229,814.0
T000213,2007-05-31,1183.0109,1072.03,1036.9713,962.9506,784.20264,578.0
T000213,2007-06-30,1107.7852,784.22473,946.3176,966.68555,680.61456,486.0
T000213,2007-07-31,1225.6387,1282.0886,954.14734,947.77454,526.13354,864.0
T000213,2007-08-31,1208.9216,623.70984,973.6446,975.95776,581.6023,1092.0
T000213,2007-09-30,1283.8057,1162.8651,929.68427,952.82983,594.2511,1050.0
T000214,2006-10-31,583.0833,611.3891,562.31024,565.8496,694.9758,552.0
T000214,2006-11-30,605.4436,606.72003,538.167,578.9292,560.17004,575.0
T000214,2006-12-31,577.40894,412.69632,561.2168,576.70886,559.9577,650.0
T000214,2007-01-31,589.7753,654.7334,553.2999,576.74133,862.1439,650.0
T000214,2007-02-28,604.2616,608.39905,530.6577,581.9928,706.1448,726.0
T000214,2007-03-31,566.5163,601.13934,546.013,581.3063,656.579,460.0
T000214,2007-04-30,577.6951,483.06827,532.4906,575.2645,602.38416,352.0
T000214,2007-05-31,571.38477,687.68365,544.6457,573.37885,544.99725,459.0
T000214,2007-06-30,560.1383,531.3498,524.21014,574.2666,599.6816,450.0
T000214,2007-07-31,584.0062,524.4022,555.41016,575.1222,447.38226,648.0
T000214,2007-08-31,565.2947,397.19104,545.9232,578.29517,388.737,462.0
T000214,2007-09-30,594.8651,444.18646,539.65466,574.06256,548.0357,525.0
T000215,2006-10-31,929.32416,1191.4471,1057.0728,955.4795,801.72095,575.0
T000215,2006-11-30,995.2094,845.6213,975.4449,1014.80115,629.7572,667.0
T000215,2006-12-31,850.27606,1092.6676,1029.7448,1005.35944,799.2446,600.0
T000215,2007-01-31,934.96515,983.2188,1071.7335,1013.5652,1250.5647,1014.0
T000215,2007-02-28,998.0147,492.6494,993.1873,1034.4258,1428.8181,2046.0
T000215,2007-03-31,920.5028,672.3423,1048.1431,1025.6913,908.82666,1380.0
T000215,2007-04-30,957.9352,930.6986,1014.8038,1002.83057,742.52985,1056.0
T000215,2007-05-31,922.77405,1062.1443,999.6769,994.057,308.02106,901.0
T000215,2007-06-30,856.34125,736.8211,983.8209,999.10004,518.6599,594.0
T000215,2007-07-31,982.55273,688.3883,1067.5161,992.1489,649.7734,1080.0
T000215,2007-08-31,1036.029,623.339,1067.6356,1018.454,1001.4963,1386.0
T000215,2007-09-30,975.04315,1088.544,964.56464,991.38617,461.8282,798.0
T000216,2006-10-31,9562.522,9825.676,12273.686,11999.164,14444.909,11845.0
T000216,2006-11-30,10920.465,7521.369,11965.925,12410.684,20331.13,16836.0
T000216,2006-12-31,9522.783,8854.951,11965.114,12341.016,16950.799,14475.0
T000216,2007-01-31,9837.335,11744.57,12466.957,12360.006,17770.564,15132.0
T000216,2007-02-28,10180.661,1188.082,12117.264,12494.714,13291.674,15114.0
T000216,2007-03-31,9066.692,10426.874,12330.591,12476.468,14927.934,14789.0
T000216,2007-04-30,9088.803,8222.604,11504.291,12287.376,11258.977,8976.0
T000216,2007-05-31,8975.637,12757.671,11711.178,12230.578,10256.381,7854.0
T000216,2007-06-30,8400.606,7590.601,11138.61,12260.818,6841.3247,7488.0
T000216,2007-07-31,9343.987,5327.269,11680.671,12282.144,5650.7603,10176.0
T000216,2007-08-31,9488.907,42.92871,11864.273,12397.629,5814.1777,11004.0
T000216,2007-09-30,10054.586,7607.922,11581.697,12245.687,7496.0913,7602.0
T000217,2006-10-31,1048.8762,1268.3655,1388.0992,1181.6936,1490.2744,1656.0
T000217,2006-11-30,1264.7483,1041.6426,1361.2703,1249.0042,1506.4528,1610.0
T000217,2006-12-31,1042.1079,973.8845,1515.7322,1235.501,1315.2466,1425.0
T000217,2007-01-31,1147.5416,1492.2833,1465.4229,1247.0135,2961.3188,2834.0
T000217,2007-02-28,1120.7686,-296.1809,1415.9882,1270.272,1115.4799,1364.0
T000217,2007-03-31,914.1721,1533.4647,1335.9357,1256.6034,2047.1746,1173.0
T000217,2007-04-30,910.2111,827.37506,1274.1073,1232.9811,985.7809,1166.0
T000217,2007-05-31,936.744,1147.2798,1377.9976,1225.4304,621.00916,680.0
T000217,2007-06-30,853.28217,1354.2802,1259.5339,1230.3673,1040.1815,954.0
T000217,2007-07-31,1090.6516,508.71533,1421.736,1216.323,414.62573,1872.0
T000217,2007-08-31,1067.5845,-19.5094,1438.1031,1248.8309,176.91272,945.0
T000217,2007-09-30,1148.9,1104.5059,1500.2926,1219.49,90.5802,777.0
T000218,2006-10-31,486.68726,423.12845,441.33,407.02948,536.9376,368.0
T000218,2006-11-30,526.3811,449.09122,426.87872,424.98428,-50.72644,437.0
T000218,2006-12-31,475.61636,492.70126,495.50427,421.95407,-34.359924,525.0
T000218,2007-01-31,511.91418,422.16528,498.21368,423.55585,1032.3569,884.0
T000218,2007-02-28,504.29736,226.64862,470.8142,430.45395,286.0126,550.0
T000218,2007-03-31,457.40738,566.49725,438.98706,427.7915,835.2518,253.0
T000218,2007-04-30,502.18304,375.76697,425.78998,420.4834,588.9432,572.0
T000218,2007-05-31,487.45572,511.48715,461.2181,417.9908,-25.17566,272.0
T000218,2007-06-30,478.2832,395.7068,421.7967,419.71854,752.282,396.0
T000218,2007-07-31,526.81213,530.72595,476.61832,418.47974,155.47101,384.0
T000218,2007-08-31,503.9864,514.929,475.9373,425.57465,16.770538,336.0
T000218,2007-09-30,525.3119,599.28143,482.90863,417.8106,-29.23822,420.0
T000219,2006-10-31,34.14479,83.458496,81.047585,69.939606,293.0621,92.0
T000219,2006-11-30,39.811775,98.16967,80.02561,77.58123,-1.8092728,46.0
T000219,2006-12-31,34.495758,43.92093,82.34849,75.8399,-17.98529,75.0
T000219,2007-01-31,26.106514,-0.5795593,86.85913,77.545944,124.89408,78.0
T000219,2007-02-28,22.208199,-84.93299,103.024765,80.82744,8.746941,88.0
T000219,2007-03-31,24.840126,41.080467,94.35877,78.544716,278.85406,276.0
T000219,2007-04-30,41.674057,81.99541,94.246994,76.54491,173.28636,132.0
T000219,2007-05-31,31.330383,37.636078,91.876305,75.57248,-80.51689,68.0
T000219,2007-06-30,28.433914,22.219513,92.43755,76.07935,239.73373,36.0
T000219,2007-07-31,35.56155,-31.596138,81.115654,73.231125,-22.357552,96.0
T000219,2007-08-31,41.012516,-48.93119,75.40628,77.64823,-0.75450134,63.0
T000219,2007-09-30,41.00077,17.658821,85.43775,74.19632,-52.991226,21.0
T000220,2006-10-31,597.5754,406.28845,459.30817,383.27145,535.20844,483.0
T000220,2006-11-30,617.223,597.75574,464.08594,405.607,305.52737,414.0
T000220,2006-12-31,540.13715,357.10205,501.65558,400.651,147.73297,425.0
T000220,2007-01-31,574.5608,501.69443,460.69272,404.71817,840.0028,858.0
T000220,2007-02-28,564.1222,480.63242,478.41132,413.86926,193.8485,396.0
T000220,2007-03-31,504.97165,398.76593,457.8571,408.11273,234.33076,483.0
T000220,2007-04-30,554.0581,586.431,428.28677,401.0809,328.20038,308.0
T000220,2007-05-31,546.69867,402.8359,480.13437,398.49216,-47.64099,272.0
T000220,2007-06-30,544.25696,323.72452,444.48373,400.1719,689.25653,144.0
T000220,2007-07-31,660.8622,808.44104,481.39386,394.28278,498.12482,912.0
T000220,2007-08-31,617.2326,725.1465,457.9746,406.1923,294.28506,420.0
T000220,2007-09-30,569.5641,613.3021,510.87015,396.34775,313.7439,546.0
T000221,2006-10-31,2122.863,2164.061,2372.7605,2113.3818,2832.0269,2599.0
T000221,2006-11-30,2398.4136,2176.7275,2335.4016,2198.3171,1675.0983,2507.0
T000221,2006-12-31,2069.6265,1870.297,2603.657,2180.5188,1352.8857,2450.0
T000221,2007-01-31,2259.727,2430.6025,2517.0474,2197.8882,4956.469,4654.0
T000221,2007-02-28,2178.7837,340.94946,2451.273,2228.3755,1536.1475,2398.0
T000221,2007-03-31,1912.3708,2533.556,2309.3782,2206.9863,3361.7095,2185.0
T000221,2007-04-30,1977.6368,1886.0654,2230.8428,2180.4229,2023.4761,2178.0
T000221,2007-05-31,1956.2358,2101.7258,2405.0884,2170.662,398.9712,1292.0
T000221,2007-06-30,1885.7883,2109.8948,2206.9814,2177.7551,2711.2014,1530.0
T000221,2007-07-31,2233.8645,1837.8184,2466.9248,2153.5913,967.6537,3264.0
T000221,2007-08-31,2194.4753,1164.5255,2466.4768,2199.031,445.56616,1764.0
T000221,2007-09-30,2216.8005,2313.1333,2588.2551,2160.7373,260.9519,1764.0
T000222,2006-10-31,854.25934,817.36,1063.9714,974.11646,1693.4624,851.0
T000222,2006-11-30,1014.92633,511.8642,1033.3542,1066.4359,682.92334,1196.0
T000222,2006-12-31,897.8468,1002.81854,1253.9307,1044.6957,243.96301,2000.0
T000222,2007-01-31,972.82886,1103.7601,1253.4819,1062.4668,3499.6436,2522.0
T000222,2007-02-28,914.4575,-99.72473,1120.979,1101.1187,-57.562134,880.0
T000222,2007-03-31,672.73065,1443.2827,1061.8586,1076.1744,3030.6099,874.0
T000222,2007-04-30,739.55646,327.8559,1016.86456,1049.2339,1548.7803,1386.0
T000222,2007-05-31,760.2467,1182.9509,1132.9312,1038.2749,-642.6854,561.0
T000222,2007-06-30,634.9049,722.0663,978.3204,1045.0088,1365.9507,504.0
T000222,2007-07-31,884.7532,836.2474,1112.4889,1019.5188,-1029.2563,1056.0
T000222,2007-08-31,871.3186,-147.48132,1141.4974,1065.9789,-837.03076,756.0
T000222,2007-09-30,967.3213,1219.8722,1171.6943,1025.8995,-869.8877,588.0
T000223,2006-10-31,429.38055,409.66235,518.9882,513.29675,587.1515,460.0
T000223,2006-11-30,443.27032,341.0708,506.0675,537.03625,289.6806,552.0
T000223,2006-12-31,428.41415,486.83493,541.2266,531.73535,238.50165,950.0
T000223,2007-01-31,457.88367,363.5268,549.6674,535.95825,1373.7217,468.0
T000223,2007-02-28,425.2124,174.9827,532.35333,546.53827,286.69672,418.0
T000223,2007-03-31,406.05127,428.25452,537.52246,539.5764,1219.5848,483.0
T000223,2007-04-30,454.8851,239.02063,538.0818,533.01953,996.38995,858.0
T000223,2007-05-31,432.61554,629.43585,580.55524,530.1925,243.5874,442.0
T000223,2007-06-30,415.0124,365.51044,510.22522,532.05426,850.4173,252.0
T000223,2007-07-31,472.11307,460.0185,542.082,525.03,156.95825,576.0
T000223,2007-08-31,436.36615,-26.910706,519.6266,536.96686,107.30185,609.0
T000223,2007-09-30,462.62326,540.17126,541.6946,526.62646,18.667633,357.0
T000224,2006-10-31,295.13342,320.77057,217.09848,183.36261,235.65666,230.0
T000224,2006-11-30,296.5163,232.50201,210.37407,190.69907,176.38596,276.0
T000224,2006-12-31,291.2425,231.5335,209.05647,189.38005,90.66447,275.0
T000224,2007-01-31,296.41052,333.39935,209.44835,190.48485,340.6077,78.0
T000224,2007-02-28,303.76547,369.2918,209.2173,193.1839,221.65182,286.0
T000224,2007-03-31,283.15103,204.98395,223.29791,192.03185,253.69089,276.0
T000224,2007-04-30,295.59253,315.4978,203.1878,189.36375,193.77324,44.0
T000224,2007-05-31,300.51337,224.96706,213.6194,188.26993,222.46829,170.0
T000224,2007-06-30,291.1519,269.39954,208.25099,188.99924,198.36081,198.0
T000224,2007-07-31,305.33453,405.03214,204.46075,187.9109,196.72072,216.0
T000224,2007-08-31,294.64154,385.75253,204.89098,191.05286,119.48986,189.0
T000224,2007-09-30,301.25067,285.30774,199.63046,187.79611,230.00757,294.0
T000225,2006-10-31,1695.9822,1661.1805,1984.6125,1831.7123,2670.0513,1656.0
T000225,2006-11-30,1836.9034,1248.688,1948.3711,1946.2876,1419.4287,2231.0
T000225,2006-12-31,1718.459,1842.2473,2146.8352,1919.4326,705.3281,3225.0
T000225,2007-01-31,1847.9846,1931.3546,2150.3225,1939.535,5442.48,3276.0
T000225,2007-02-28,1738.103,474.72827,2025.9828,1988.2498,728.6046,1760.0
T000225,2007-03-31,1508.4697,2210.373,2002.0627,1959.7247,4705.2314,2001.0
T000225,2007-04-30,1582.9055,958.6682,1942.2289,1924.7893,2739.814,2464.0
T000225,2007-05-31,1569.9622,2239.1545,2080.2612,1910.4977,-20.338257,1292.0
T000225,2007-06-30,1457.6118,1479.7549,1885.6831,1918.9791,2628.6472,990.0
T000225,2007-07-31,1801.2637,1878.2672,2021.8627,1890.2218,-352.71265,2400.0
T000225,2007-08-31,1744.9678,221.12097,2005.8755,1945.6345,-366.65552,1596.0
T000225,2007-09-30,1826.6207,2169.361,2082.8281,1896.8901,-310.9287,1365.0
T000226,2006-10-31,6951.1035,6558.023,6384.6416,6145.76,6902.916,6348.0
T000226,2006-11-30,7726.3237,5711.2725,6311.05,6410.665,7267.5283,7843.0
T000226,2006-12-31,6729.3164,6029.3394,6538.6724,6350.9717,7817.7305,6575.0
T000226,2007-01-31,7021.9873,7101.843,6630.5557,6397.864,12005.604,8944.0
T000226,2007-02-28,7068.0312,4103.9917,6514.5537,6501.1045,4767.7256,6732.0
T000226,2007-03-31,5997.1885,6422.357,6368.6035,6431.776,4995.0938,6716.0
T000226,2007-04-30,6383.9917,5749.8125,6106.8154,6353.6196,4227.2114,5676.0
T000226,2007-05-31,6245.6245,6157.755,6270.923,6324.6733,2240.0198,4624.0
T000226,2007-06-30,5885.4585,4052.2717,6064.8745,6343.5835,3526.7131,5292.0
T000226,2007-07-31,6684.6226,6043.9507,6349.5312,6273.234,1028.7573,5856.0
T000226,2007-08-31,6474.2764,4364.6777,6410.7363,6400.1494,2176.785,5376.0
T000226,2007-09-30,6878.961,6249.6997,6434.8735,6290.7935,742.3047,5565.0
T000227,2006-10-31,1795.0363,1636.5745,1408.6862,1219.7803,1931.1152,1265.0
T000227,2006-11-30,1945.3994,895.2786,1306.1211,1292.7931,561.9804,1173.0
T000227,2006-12-31,1792.5183,2295.5232,1517.5928,1278.3029,1039.1913,2625.0
T000227,2007-01-31,1849.073,1973.4983,1436.5986,1286.0321,3934.1636,2106.0
T000227,2007-02-28,1792.4987,1087.0588,1301.159,1317.6514,1195.3649,1496.0
T000227,2007-03-31,1456.5156,2200.7703,1354.225,1301.9796,1830.7548,943.0
T000227,2007-04-30,1647.61,995.5836,1326.6074,1276.3151,1324.9102,1144.0
T000227,2007-05-31,1637.6057,1587.664,1420.1067,1268.1139,597.82495,833.0
T000227,2007-06-30,1503.5311,1296.5991,1286.5414,1273.3743,1778.8229,1134.0
T000227,2007-07-31,1754.1361,1512.4973,1355.3546,1262.2557,404.9253,1752.0
T000227,2007-08-31,1683.4933,1359.3754,1349.788,1290.5273,267.2157,714.0
T000227,2007-09-30,1849.1908,2247.422,1357.6315,1262.7626,108.65454,1449.0
T000228,2006-10-31,334.56882,301.75378,269.25278,232.7127,539.792,368.0
T000228,2006-11-30,343.8275,284.80072,270.34506,242.66037,138.97937,345.0
T000228,2006-12-31,315.6251,224.85892,248.52829,241.09532,8.157425,300.0
T000228,2007-01-31,321.19827,288.964,238.78265,241.63477,420.39072,182.0
T000228,2007-02-28,322.52087,264.1152,255.4345,245.63173,75.77168,154.0
T000228,2007-03-31,297.4716,251.98788,270.65527,244.15413,337.99945,345.0
T000228,2007-04-30,315.5419,397.5114,244.60312,240.22981,294.2124,154.0
T000228,2007-05-31,318.0576,286.94034,259.09378,238.67921,2.78891,187.0
T000228,2007-06-30,308.77292,238.82126,253.74144,239.5013,445.59393,126.0
T000228,2007-07-31,322.98105,340.80212,242.29126,239.22028,-22.88623,360.0
T000228,2007-08-31,325.23657,402.6761,246.12259,242.86314,-92.646576,231.0
T000228,2007-09-30,335.5719,351.74615,251.47263,238.58664,-15.183533,315.0
T000229,2006-10-31,1146.8718,999.6488,1153.8225,722.06335,1870.848,1058.0
T000229,2006-11-30,1243.9075,702.2218,1138.2063,771.8358,-171.85919,966.0
T000229,2006-12-31,1087.6396,1017.1667,1220.3484,760.47266,-483.98303,1225.0
T000229,2007-01-31,1155.324,1029.6813,1170.0004,771.9196,3202.424,1820.0
T000229,2007-02-28,1082.6345,587.5552,1167.1711,790.83923,-603.4419,1364.0
T000229,2007-03-31,972.795,945.42914,1134.5903,777.7542,1501.2532,1173.0
T000229,2007-04-30,1074.6957,1133.0592,1109.5933,763.6466,1318.243,1056.0
T000229,2007-05-31,1038.8656,920.7381,1182.3086,757.8604,-952.9269,663.0
T000229,2007-06-30,1046.0956,786.7819,1105.7822,761.2807,1661.7012,972.0
T000229,2007-07-31,1201.2344,1575.5428,1209.4539,745.0508,-583.3197,2040.0
T000229,2007-08-31,1164.6058,1093.0111,1130.6246,775.6362,-703.70276,735.0
T000229,2007-09-30,1118.0887,1316.3801,1237.2393,750.2046,-1082.0449,924.0
T000230,2006-10-31,10123.141,9463.681,9190.781,8483.007,11980.07,9039.0
T000230,2006-11-30,11119.311,7574.89,9038.373,8831.627,6618.419,10327.0
T000230,2006-12-31,9855.45,9571.945,9524.711,8762.758,7196.0557,10725.0
T000230,2007-01-31,10264.758,10422.278,9471.437,8809.865,20407.156,13052.0
T000230,2007-02-28,10167.794,6070.5293,9197.673,8936.883,4320.067,9746.0
T000230,2007-03-31,8705.39,9808.782,9097.388,8870.428,9396.275,9177.0
T000230,2007-04-30,9297.287,8303.238,8821.888,8743.891,7859.7246,8030.0
T000230,2007-05-31,9178.75,8957.775,9117.89,8702.818,609.28564,6307.0
T000230,2007-06-30,8698.011,6400.7427,8748.247,8727.788,8153.8784,7524.0
T000230,2007-07-31,9832.698,9513.3,9175.492,8679.745,-500.86914,10008.0
T000230,2007-08-31,9542.432,7206.3657,9191.867,8826.2705,501.88672,7056.0
T000230,2007-09-30,10056.582,10124.586,9308.886,8681.463,-1483.5977,8253.0
T000231,2006-10-31,5041.0557,5162.7266,4392.2593,3285.0955,3717.203,3657.0
T000231,2006-11-30,5355.453,4325.7476,4379.699,3451.11,1527.2625,5313.0
T000231,2006-12-31,4951.6733,2889.8823,4492.5625,3417.2322,623.3887,6000.0
T000231,2007-01-31,4923.94,4469.8574,4551.2207,3442.1252,6767.7266,4992.0
T000231,2007-02-28,5273.118,5141.5967,4428.779,3506.3765,1187.4861,4774.0
T000231,2007-03-31,4490.2476,3816.5771,4488.296,3473.927,5323.164,4232.0
T000231,2007-04-30,4685.543,5278.449,4382.7314,3417.446,2963.0776,5192.0
T000231,2007-05-31,4723.5127,4390.261,4527.542,3397.2485,83.44214,4624.0
T000231,2007-06-30,4487.961,3329.9302,4290.5903,3409.3662,1377.5859,2358.0
T000231,2007-07-31,4921.639,7131.96,4392.8535,3374.115,-1553.4932,3408.0
T000231,2007-08-31,4759.1836,4596.981,4400.396,3457.2937,-360.50708,4053.0
T000231,2007-09-30,5109.939,4537.6294,4376.061,3379.2285,71.28784,4326.0
T000232,2006-10-31,1142.4218,1192.7148,960.5236,913.79706,907.24695,828.0
T000232,2006-11-30,1207.4043,1023.7948,963.5334,948.6276,771.6693,1127.0
T000232,2006-12-31,1176.4631,916.66125,1010.9697,941.69775,765.96136,1325.0
T000232,2007-01-31,1155.7734,1033.2721,1028.3301,946.5193,1639.4609,1300.0
T000232,2007-02-28,1180.1138,1144.3832,1015.1664,960.6223,664.0917,704.0
T000232,2007-03-31,1049.8746,1057.0334,995.8061,953.4515,1166.7996,828.0
T000232,2007-04-30,1097.3206,813.1386,961.71173,941.49854,807.3136,1320.0
T000232,2007-05-31,1095.8872,1128.2007,1025.9095,937.1073,698.88904,629.0
T000232,2007-06-30,1058.1321,908.74194,960.7066,939.77594,533.1875,864.0
T000232,2007-07-31,1127.894,1395.0339,994.78375,934.0136,269.2248,912.0
T000232,2007-08-31,1127.3237,923.17773,983.7109,949.4453,470.0875,966.0
T000232,2007-09-30,1195.8113,1238.3436,1010.4598,934.33984,485.24173,1050.0
T000233,2006-10-31,2074.8777,1761.7948,1989.086,1508.102,3383.251,1564.0
T000233,2006-11-30,2419.762,1566.1022,2029.7015,1579.9478,2088.3032,3427.0
T000233,2006-12-31,2223.5413,1062.5984,1982.4655,1562.6869,1348.098,3325.0
T000233,2007-01-31,1996.5125,1751.6438,2011.8064,1578.3134,3054.5364,1482.0
T000233,2007-02-28,2110.0298,1811.5831,2042.9078,1607.2429,-380.19263,1584.0
T000233,2007-03-31,1801.7725,1699.0049,2120.7505,1587.1355,2653.3972,1449.0
T000233,2007-04-30,1940.8068,2094.969,1893.0117,1567.7526,2869.1738,2222.0
T000233,2007-05-31,2004.2736,1773.6799,2063.129,1558.9056,135.82947,1836.0
T000233,2007-06-30,1946.147,1564.4331,1817.8705,1564.7892,1721.1543,1332.0
T000233,2007-07-31,1995.883,2518.47,1860.8842,1542.4436,-621.22766,1584.0
T000233,2007-08-31,1974.5239,1415.8662,1853.1587,1578.7505,-257.83948,1680.0
T000233,2007-09-30,2187.4426,1991.8748,1879.4695,1548.0142,102.006836,1869.0
T000234,2006-10-31,1023.24713,914.6715,1088.1364,941.83655,1554.578,644.0
T000234,2006-11-30,1136.8191,686.00696,1105.6898,974.85614,224.3388,1541.0
T000234,2006-12-31,981.17725,782.72095,1046.0187,969.09845,-42.961548,1125.0
T000234,2007-01-31,1076.31,1244.5325,1089.9962,972.8652,2185.4854,1014.0
T000234,2007-02-28,1073.4966,324.5334,1076.9431,985.06177,874.04425,1408.0
T000234,2007-03-31,989.72296,1184.0851,1107.5948,980.57117,1468.69,966.0
T000234,2007-04-30,1005.3798,765.0263,1031.0941,967.9078,1119.7538,990.0
T000234,2007-05-31,978.30817,1092.8541,1066.3994,963.2417,-154.37244,901.0
T000234,2007-06-30,942.2242,1375.1528,1018.2119,965.20734,1223.6154,756.0
T000234,2007-07-31,1071.4478,967.4369,1083.7397,962.6451,538.1228,1536.0
T000234,2007-08-31,1049.3009,773.0103,1016.339,976.5077,328.3813,966.0
T000234,2007-09-30,1097.399,1083.1526,1053.5033,961.75305,290.88104,861.0
T000235,2006-10-31,9139.383,8979.615,8453.288,6604.475,7823.3535,6693.0
T000235,2006-11-30,9933.653,7571.4224,8475.9,6847.0767,6750.6914,11408.0
T000235,2006-12-31,9282.364,5660.0454,8515.144,6795.203,4989.7163,11775.0
T000235,2007-01-31,9022.903,8545.082,8672.22,6834.963,11781.889,8788.0
T000235,2007-02-28,9517.019,8467.091,8580.056,6930.6914,4433.596,8470.0
T000235,2007-03-31,8280.477,7737.669,8720.676,6876.6416,8826.979,7475.0
T000235,2007-04-30,8581.656,8995.709,8286.119,6798.6675,5953.418,9724.0
T000235,2007-05-31,8637.798,8392.565,8660.634,6770.0723,3205.8977,7990.0
T000235,2007-06-30,8292.598,7220.7607,8089.385,6788.2095,3174.2668,5310.0
T000235,2007-07-31,8922.585,12078.439,8290.38,6728.195,1133.9062,7440.0
T000235,2007-08-31,8810.067,7687.395,8237.268,6848.596,2474.5496,7665.0
T000235,2007-09-30,9449.664,8785.209,8297.461,6741.139,3341.431,8106.0
T000236,2006-10-31,14712.085,14602.482,13271.896,11513.836,20381.7,12535.0
T000236,2006-11-30,17571.545,12544.234,13109.804,12404.293,20789.79,15962.0
T000236,2006-12-31,15186.377,13123.395,13812.033,12192.553,21337.582,16025.0
T000236,2007-01-31,15691.411,19236.143,13974.093,12374.06,35039.805,19318.0
T000236,2007-02-28,15997.023,3222.5479,13503.881,12752.204,17053.775,13750.0
T000236,2007-03-31,12814.379,17419.936,13249.88,12485.873,25231.02,13018.0
T000236,2007-04-30,13583.65,13962.67,12777.137,12250.212,15360.954,13442.0
T000236,2007-05-31,13419.535,16106.785,13233.628,12140.974,3101.8018,10489.0
T000236,2007-06-30,12310.285,17460.44,12638.832,12213.607,9999.536,9108.0
T000236,2007-07-31,14746.375,7658.8135,13284.35,11926.071,212.86523,12216.0
T000236,2007-08-31,14628.064,7376.963,13404.2,12376.857,600.46094,11151.0
T000236,2007-09-30,16153.554,13541.178,13489.66,11994.67,-2469.2402,11256.0
T000237,2006-10-31,3882.0208,3531.2532,3350.789,3293.7275,3041.8057,2921.0
T000237,2006-11-30,4284.3647,2396.5898,3239.3928,3462.278,3675.1172,3312.0
T000237,2006-12-31,4039.4946,4682.0522,3581.1887,3428.6045,4474.971,5450.0
T000237,2007-01-31,4116.793,4211.2524,3526.5664,3449.8862,8339.852,4784.0
T000237,2007-02-28,4010.951,2102.6545,3312.1567,3522.3494,4567.3306,3190.0
T000237,2007-03-31,3450.3882,4506.3403,3338.743,3484.8052,5226.046,2530.0
T000237,2007-04-30,3750.1392,2322.92,3280.7744,3426.0068,3530.9165,3916.0
T000237,2007-05-31,3694.1528,4191.46,3474.903,3406.5532,3274.9307,2193.0
T000237,2007-06-30,3441.686,3532.9102,3189.2734,3419.3643,3090.4976,2664.0
T000237,2007-07-31,3915.6218,3491.4734,3351.3552,3390.7585,2696.6907,3624.0
T000237,2007-08-31,3877.4736,2367.3467,3344.6501,3459.0825,2353.4766,2646.0
T000237,2007-09-30,4164.917,4862.262,3380.066,3392.3586,1666.815,3276.0
T000238,2006-10-31,2742.889,2513.3638,2567.3237,2096.367,4242.624,2254.0
T000238,2006-11-30,3112.6157,2256.4307,2601.8545,2184.117,3348.0422,4094.0
T000238,2006-12-31,2868.033,1751.9551,2536.943,2164.9087,2566.505,3975.0
T000238,2007-01-31,2702.659,2675.866,2556.9778,2180.835,3836.2725,1820.0
T000238,2007-02-28,2773.7063,2281.1436,2596.686,2214.0122,1295.8271,2112.0
T000238,2007-03-31,2500.2014,2465.3892,2697.6511,2195.343,3429.1973,2346.0
T000238,2007-04-30,2651.5415,2876.3762,2440.068,2167.1934,3316.2563,2552.0
T000238,2007-05-31,2673.573,2525.3528,2617.5388,2154.7092,1095.6951,2261.0
T000238,2007-06-30,2603.568,2566.1245,2361.1648,2161.656,2394.032,1692.0
T000238,2007-07-31,2620.5374,2872.9749,2391.6907,2144.9077,632.58826,2256.0
T000238,2007-08-31,2635.7634,2138.7095,2392.9973,2184.4734,700.81006,2163.0
T000238,2007-09-30,2873.5952,2656.03,2415.6619,2145.8591,1081.6506,2520.0
T000239,2006-10-31,2975.1052,2490.328,2865.3865,2419.2922,3788.7737,2300.0
T000239,2006-11-30,3251.135,2129.0083,2870.235,2527.9336,1792.086,3128.0
T000239,2006-12-31,2829.0486,2644.6733,2931.4917,2508.421,1336.9003,2775.0
T000239,2007-01-31,3082.4387,3404.8652,2870.0955,2521.1316,6593.44,3900.0
T000239,2007-02-28,2933.6057,1003.5388,2894.0151,2560.5552,2836.1658,3344.0
T000239,2007-03-31,2750.337,3182.5024,2861.5164,2544.3528,3597.6108,2990.0
T000239,2007-04-30,2815.292,2505.023,2754.283,2502.9487,2393.6443,2530.0
T000239,2007-05-31,2770.3652,2861.169,2901.98,2488.415,-68.88916,1955.0
T000239,2007-06-30,2664.0442,3262.064,2763.5667,2495.0374,3462.9492,1908.0
T000239,2007-07-31,3137.8542,3009.901,2964.4575,2485.5312,1964.8145,5064.0
T000239,2007-08-31,3037.4456,2484.4587,2729.9219,2531.0234,1329.1829,2184.0
T000239,2007-09-30,3051.5964,3223.0789,3002.6506,2483.703,808.82715,2457.0
T000240,2006-10-31,23992.496,23054.645,22103.535,20023.287,27414.295,20010.0
T000240,2006-11-30,27776.385,19278.408,21858.164,21140.727,35270.41,26496.0
T000240,2006-12-31,24703.46,22215.027,22783.676,20894.424,35593.734,28225.0
T000240,2007-01-31,25337.064,29600.592,22935.484,21086.236,49333.53,29822.0
T000240,2007-02-28,25616.172,8681.113,22218.396,21541.86,31195.156,22396.0
T000240,2007-03-31,21516.082,27544.041,22104.842,21264.205,33396.336,20884.0
T000240,2007-04-30,22583.727,21736.844,21337.457,20915.064,20579.72,22440.0
T000240,2007-05-31,22346.072,25696.748,22137.912,20777.607,13702.021,16898.0
T000240,2007-06-30,20788.938,26888.822,21066.932,20865.41,14964.086,15372.0
T000240,2007-07-31,24044.6,17136.914,21946.693,20601.184,12006.182,23160.0
T000240,2007-08-31,23959.822,14333.221,21926.895,21113.271,10760.943,18144.0
T000240,2007-09-30,26004.299,24178.396,22220.3,20644.117,7219.5664,19509.0
T000241,2006-10-31,1309.7369,1263.373,1451.7756,1099.9905,4202.3545,1426.0
T000241,2006-11-30,1879.136,45.958862,1282.5497,1224.1764,2362.5361,2185.0
T000241,2006-12-31,1607.8823,1362.5367,1457.6597,1192.4543,1964.8203,4075.0
T000241,2007-01-31,1326.1362,1249.4276,1394.1721,1219.3193,5062.1826,858.0
T000241,2007-02-28,1358.1456,539.584,1202.3877,1271.7109,-2038.8215,726.0
T000241,2007-03-31,832.5217,2059.4036,1390.4249,1232.0868,3499.9668,1219.0
T000241,2007-04-30,1140.1887,612.96484,1314.1138,1203.5288,3633.0261,792.0
T000241,2007-05-31,1368.5044,1619.2041,1445.9751,1189.2543,216.80737,850.0
T000241,2007-06-30,1187.6456,1151.758,1150.4205,1197.4645,2699.5737,1566.0
T000241,2007-07-31,1192.8676,167.39514,1172.7643,1155.0315,-1505.8455,744.0
T000241,2007-08-31,1177.9565,-753.70044,1199.0378,1219.91,-2113.7878,651.0
T000241,2007-09-30,1491.106,1066.115,1162.9598,1166.5919,-1168.822,903.0
T000242,2006-10-31,327.39835,256.38846,416.11713,318.35144,595.0884,414.0
T000242,2006-11-30,395.02417,56.351593,358.6373,340.70316,267.37262,437.0
T000242,2006-12-31,366.79443,355.09485,435.30328,335.53467,263.2785,1200.0
T000242,2007-01-31,327.85675,241.8875,415.94342,340.8077,1021.1467,364.0
T000242,2007-02-28,325.70242,144.79712,351.69208,349.98026,-112.05319,198.0
T000242,2007-03-31,256.07632,322.58722,392.87006,342.81705,792.9154,230.0
T000242,2007-04-30,309.16348,204.42224,395.823,337.2162,783.6899,506.0
T000242,2007-05-31,341.50873,291.3689,436.91315,334.75272,54.839966,238.0
T000242,2007-06-30,301.80908,246.1689,342.28006,336.3529,655.81836,378.0
T000242,2007-07-31,323.90152,216.5922,364.41653,328.60498,-89.87854,312.0
T000242,2007-08-31,315.00372,-18.685394,367.34714,341.3368,-213.38177,231.0
T000242,2007-09-30,360.2375,313.43173,358.68307,330.56235,-163.63452,252.0
T000243,2006-10-31,428.49527,356.96075,466.68347,405.21317,489.0058,414.0
T000243,2006-11-30,432.82874,389.6961,472.23245,422.08725,419.5635,529.0
T000243,2006-12-31,393.50104,307.77646,467.46527,417.6745,267.8071,350.0
T000243,2007-01-31,402.99814,330.2476,472.08264,421.39505,365.25677,390.0
T000243,2007-02-28,427.00784,409.93378,475.48358,428.3211,394.9083,550.0
T000243,2007-03-31,394.25668,303.0446,477.0304,424.10223,342.27628,575.0
T000243,2007-04-30,412.97882,461.08765,478.00906,418.95435,348.11014,330.0
T000243,2007-05-31,433.00107,422.47604,468.98172,417.29178,343.09503,510.0
T000243,2007-06-30,422.64767,329.6327,485.58536,418.0245,382.53787,558.0
T000243,2007-07-31,433.43115,442.46924,472.64542,412.9053,423.26495,480.0
T000243,2007-08-31,432.55795,304.00763,462.77417,421.99368,400.21228,546.0
T000243,2007-09-30,427.06204,288.4397,458.37387,414.91882,368.15247,399.0
T000244,2006-10-31,203.77467,172.62341,239.61047,182.99074,339.27087,161.0
T000244,2006-11-30,248.39777,136.18771,234.46718,202.27832,83.46048,391.0
T000244,2006-12-31,193.35428,202.65237,293.0222,198.01222,167.31194,200.0
T000244,2007-01-31,219.36172,157.53355,300.94894,202.10384,552.009,728.0
T000244,2007-02-28,217.73692,20.700577,278.60538,209.71182,-71.1167,286.0
T000244,2007-03-31,168.37953,236.88754,236.34647,203.96758,315.6019,207.0
T000244,2007-04-30,190.96555,28.395264,214.70804,198.51129,314.59363,220.0
T000244,2007-05-31,182.34467,154.37338,243.16017,196.76897,32.935364,187.0
T000244,2007-06-30,172.82242,51.879578,213.6076,198.1698,195.3627,198.0
T000244,2007-07-31,183.81207,177.58447,264.24304,191.77513,-191.96478,168.0
T000244,2007-08-31,189.49356,106.21655,267.24127,202.5132,-164.06274,42.0
T000244,2007-09-30,222.76923,185.1965,277.91608,193.49585,-57.604828,126.0
T000245,2006-10-31,2199.3599,2025.2623,2580.5334,2075.201,5417.2773,2415.0
T000245,2006-11-30,2860.9407,614.27234,2378.629,2214.516,3293.9678,3542.0
T000245,2006-12-31,2520.9004,2231.8289,2610.16,2178.571,2863.6018,5825.0
T000245,2007-01-31,2221.5796,2000.1782,2547.036,2210.979,6796.4287,2340.0
T000245,2007-02-28,2270.376,1135.7377,2297.6038,2269.8345,-1657.7532,1760.0
T000245,2007-03-31,1638.6603,2913.158,2511.0803,2223.5735,4728.509,2231.0
T000245,2007-04-30,1965.0009,1327.1921,2411.8882,2193.2224,4839.04,1848.0
T000245,2007-05-31,2214.625,2490.9087,2570.9236,2177.2769,854.7678,1785.0
T000245,2007-06-30,2032.4103,1799.0144,2206.8228,2186.8386,3742.2295,2700.0
T000245,2007-07-31,2065.5212,1034.2252,2250.9214,2134.1204,-1158.9224,1704.0
T000245,2007-08-31,2030.6902,-372.1277,2279.179,2209.915,-1877.1567,1470.0
T000245,2007-09-30,2402.9565,1822.8821,2242.7334,2149.4978,-813.88306,1680.0
T000246,2006-10-31,782.513,890.4338,1018.2809,931.61957,2811.9844,1403.0
T000246,2006-11-30,964.7227,530.65186,1061.7532,1006.45667,1722.053,1564.0
T000246,2006-12-31,801.3653,533.44763,988.8589,990.429,773.9988,1575.0
T000246,2007-01-31,682.5584,709.92444,958.9658,998.8636,1743.7681,624.0
T000246,2007-02-28,706.5993,434.23743,979.4,1028.5208,-987.42944,440.0
T000246,2007-03-31,547.4572,1356.1256,1038.9734,1016.087,1355.0627,1058.0
T000246,2007-04-30,694.21155,538.10144,1009.372,989.43915,2124.478,1056.0
T000246,2007-05-31,769.5122,761.05273,1034.0048,979.36884,292.5534,1394.0
T000246,2007-06-30,687.6194,645.46814,964.0951,985.31067,1653.6786,756.0
T000246,2007-07-31,703.84717,2.1433105,923.7755,976.7091,-1007.59595,336.0
T000246,2007-08-31,720.40393,-531.3296,1005.762,1004.93744,-723.95605,987.0
T000246,2007-09-30,789.0598,530.6358,951.48224,974.1533,-413.64392,588.0
T000247,2006-10-31,479.01376,444.2918,478.58417,401.4869,759.94763,621.0
T000247,2006-11-30,547.54126,373.35632,473.7773,423.93292,566.8325,759.0
T000247,2006-12-31,508.444,351.85388,453.65253,419.65817,334.90198,800.0
T000247,2007-01-31,456.25952,343.14856,455.14038,422.08542,750.0258,234.0
T000247,2007-02-28,479.43912,453.56094,459.56476,430.4044,108.41324,308.0
T000247,2007-03-31,433.15787,331.24017,488.9552,427.64108,730.31476,483.0
T000247,2007-04-30,464.89557,454.40656,444.6506,419.0992,834.3697,572.0
T000247,2007-05-31,481.17993,413.16397,479.28625,415.72913,330.74103,323.0
T000247,2007-06-30,445.5138,265.98676,418.15222,417.54807,381.25446,180.0
T000247,2007-07-31,463.2826,479.41412,423.5539,415.69116,-102.23627,288.0
T000247,2007-08-31,466.87595,207.95547,441.87067,424.25473,-189.89056,441.0
T000247,2007-09-30,500.54984,303.73508,436.28018,414.58386,21.158844,399.0
T000248,2006-10-31,209.60986,209.68022,141.39003,103.86902,257.56064,184.0
T000248,2006-11-30,206.30194,255.4975,137.1066,111.79414,72.47072,92.0
T000248,2006-12-31,199.65077,131.918,136.74486,109.77182,123.284355,100.0
T000248,2007-01-31,204.04001,214.26218,126.74244,111.61718,200.26607,104.0
T000248,2007-02-28,206.07086,256.78064,135.27013,114.995514,68.568695,176.0
T000248,2007-03-31,194.12482,111.27393,143.18767,112.74865,202.8836,161.0
T000248,2007-04-30,199.43646,251.42589,131.81387,110.482086,97.097206,110.0
T000248,2007-05-31,206.49551,199.25516,141.05742,109.71632,42.40368,136.0
T000248,2007-06-30,200.04437,220.66055,141.30807,110.17005,163.3346,108.0
T000248,2007-07-31,209.51422,239.10582,136.25394,107.39505,75.18231,192.0
T000248,2007-08-31,204.24445,307.02502,135.13547,111.833084,68.19485,84.0
T000248,2007-09-30,208.84134,189.26746,137.43883,108.427246,78.09881,210.0
T000249,2006-10-31,117.78282,143.25497,214.6176,211.99539,438.3238,230.0
T000249,2006-11-30,122.137085,180.41557,216.53516,222.51784,186.65598,345.0
T000249,2006-12-31,100.16401,152.9858,200.11089,220.16835,79.284485,175.0
T000249,2007-01-31,94.94399,78.2697,211.65494,221.72208,167.29886,208.0
T000249,2007-02-28,91.95224,-92.080185,209.73837,226.21521,194.7047,286.0
T000249,2007-03-31,67.68332,229.58691,215.94165,223.62477,201.37212,184.0
T000249,2007-04-30,97.95313,47.47586,197.11978,220.22037,230.92703,110.0
T000249,2007-05-31,94.89981,108.52931,199.72339,218.9277,-25.146317,187.0
T000249,2007-06-30,74.587036,23.223053,194.4252,219.76035,184.97206,234.0
T000249,2007-07-31,109.456566,24.165436,205.90625,217.30008,86.47534,264.0
T000249,2007-08-31,99.802864,-38.419388,197.58359,222.12956,195.38742,105.0
T000249,2007-09-30,103.25377,62.9131,196.5786,217.99037,127.78697,84.0
T000250,2006-10-31,1550.8057,1674.5745,1868.5221,1777.9476,4551.633,2438.0
T000250,2006-11-30,1793.2329,1332.3562,1896.3784,1874.6069,2047.794,2760.0
T000250,2006-12-31,1593.1837,1172.2529,1782.3242,1855.1266,818.4605,2650.0
T000250,2007-01-31,1404.649,1357.0603,1756.959,1863.3727,3196.579,1170.0
T000250,2007-02-28,1462.7836,1063.7588,1791.7034,1899.8417,-1084.8318,1210.0
T000250,2007-03-31,1256.3619,2023.464,1885.9767,1888.5701,2767.87,1886.0
T000250,2007-04-30,1410.4359,1302.4524,1782.5568,1850.9094,3543.7478,1848.0
T000250,2007-05-31,1511.8755,1483.8955,1839.7991,1837.1215,106.302734,2040.0
T000250,2007-06-30,1393.2256,1165.975,1695.1075,1844.6764,2674.2314,1278.0
T000250,2007-07-31,1438.2233,761.2301,1677.1313,1840.1956,-1505.8328,1080.0
T000250,2007-08-31,1448.333,-60.184082,1787.6227,1873.066,-1121.6384,1617.0
T000250,2007-09-30,1545.8798,1070.0867,1722.356,1834.118,-701.678,1281.0
T000251,2006-10-31,837.509,935.44727,665.004,586.09216,3911.1553,1150.0
T000251,2006-11-30,865.9158,1537.6655,644.25305,665.6339,-1853.4426,391.0
T000251,2006-12-31,769.0858,212.18011,672.691,646.39923,-1318.6392,900.0
T000251,2007-01-31,813.8013,85.69214,815.9398,664.288,1394.6954,104.0
T000251,2007-02-28,771.08527,-228.90784,905.4481,702.0565,310.33328,462.0
T000251,2007-03-31,751.98004,92.78363,797.4034,674.2249,3745.3115,713.0
T000251,2007-04-30,1111.874,973.27905,846.0626,656.3655,4321.9326,2640.0
T000251,2007-05-31,1014.3266,490.5325,981.3606,646.00604,-1334.4388,918.0
T000251,2007-06-30,807.64404,1127.7463,746.0193,652.38477,3910.734,216.0
T000251,2007-07-31,813.9264,231.65009,846.7054,619.5005,-1300.7631,576.0
T000251,2007-08-31,882.9241,225.72272,785.63385,667.1073,-1030.8473,651.0
T000251,2007-09-30,1004.46674,300.29926,960.58307,629.62714,-1430.0864,567.0
T000252,2006-10-31,341.6073,287.72302,222.11536,173.09991,520.67114,184.0
T000252,2006-11-30,350.22623,260.93002,208.41893,187.0207,62.08191,138.0
T000252,2006-12-31,339.36423,276.94366,240.73093,184.20805,67.614395,500.0
T000252,2007-01-31,336.53403,208.35617,247.89137,186.25383,405.40744,182.0
T000252,2007-02-28,348.5272,240.12242,245.2762,192.89339,190.15512,154.0
T000252,2007-03-31,332.44946,219.89769,244.02126,188.74094,643.19543,253.0
T000252,2007-04-30,374.9726,332.85037,239.38397,185.00233,609.00574,484.0
T000252,2007-05-31,357.61548,236.63658,273.56985,182.94484,88.70697,170.0
T000252,2007-06-30,340.72894,275.49307,222.34521,184.34473,543.09814,180.0
T000252,2007-07-31,344.5038,424.9226,241.94833,180.5831,-42.930725,240.0
T000252,2007-08-31,345.40536,402.63348,227.16475,187.44586,-31.97313,105.0
T000252,2007-09-30,362.8538,309.1672,243.53273,181.136,-78.80655,294.0
T000253,2006-10-31,38.07192,46.358093,130.10501,97.46538,134.14478,207.0
T000253,2006-11-30,52.995255,21.438705,117.72687,107.32878,-33.027916,46.0
T000253,2006-12-31,31.577736,30.844193,116.87272,104.92201,12.367569,25.0
T000253,2007-01-31,40.057987,-8.508339,113.995605,106.94456,162.97937,130.0
T000253,2007-02-28,46.680733,-30.59526,114.08408,111.0509,-11.955559,220.0
T000253,2007-03-31,31.982239,55.80496,122.503075,108.41831,186.4094,184.0
T000253,2007-04-30,45.314445,28.597618,123.73814,105.52996,146.82886,132.0
T000253,2007-05-31,46.837265,73.96593,114.34141,104.477715,18.382965,170.0
T000253,2007-06-30,39.39989,34.350525,118.942726,105.22944,191.01334,144.0
T000253,2007-07-31,47.042416,-49.070877,118.18848,102.10668,-26.026611,48.0
T000253,2007-08-31,42.23163,-97.36514,127.66179,107.12825,-9.508629,63.0
T000253,2007-09-30,45.52886,-48.22084,114.87899,103.102776,-17.032944,21.0
T000254,2006-10-31,344.0292,476.3973,356.49524,263.92096,1181.7268,460.0
T000254,2006-11-30,322.9184,685.65265,351.29883,295.19894,-363.87903,299.0
T000254,2006-12-31,259.06924,95.35306,341.37146,288.12244,-363.12573,50.0
T000254,2007-01-31,314.12488,197.9251,353.74207,295.09662,725.13416,156.0
T000254,2007-02-28,313.80682,-121.60776,405.61304,306.952,429.71198,440.0
T000254,2007-03-31,324.8339,34.074738,393.64963,299.50348,1397.1284,966.0
T000254,2007-04-30,417.87375,512.5559,381.41873,290.0101,1426.6797,484.0
T000254,2007-05-31,365.93152,209.32108,375.61795,285.99973,-348.9632,306.0
T000254,2007-06-30,325.51587,404.48682,384.19574,288.35345,1430.4144,288.0
T000254,2007-07-31,362.20312,128.85712,344.5891,278.54028,-122.35083,504.0
T000254,2007-08-31,343.15628,-9.633606,321.19754,296.3109,-88.93744,231.0
T000254,2007-09-30,387.7474,-49.98465,357.35074,281.71658,-95.5542,252.0
T000255,2006-10-31,1522.2814,1732.77,1365.1167,1211.3339,5312.4067,2001.0
T000255,2006-11-30,1509.8923,2498.0818,1333.1346,1316.2158,-1689.9031,874.0
T000255,2006-12-31,1384.6833,617.3794,1356.8186,1290.6969,-1056.3127,1475.0
T000255,2007-01-31,1492.9458,494.98145,1523.0442,1314.9558,2228.8428,572.0
T000255,2007-02-28,1438.4692,-129.6687,1675.1584,1363.3575,1409.4576,1276.0
T000255,2007-03-31,1444.9656,397.7732,1531.7568,1328.3124,5521.9824,2116.0
T000255,2007-04-30,1941.2975,1858.384,1589.2123,1302.8837,6043.0894,3740.0
T000255,2007-05-31,1752.1694,1012.3605,1736.8827,1289.6685,-998.3147,1564.0
T000255,2007-06-30,1491.37,1852.7697,1479.9067,1298.239,5658.4717,828.0
T000255,2007-07-31,1521.7202,752.8472,1559.9569,1255.3292,-902.6394,1368.0
T000255,2007-08-31,1562.3733,515.9131,1482.5629,1318.64,-610.7156,1050.0
T000255,2007-09-30,1742.2085,494.70886,1702.461,1269.0947,-1053.3232,1134.0
T000256,2006-10-31,326.1675,237.5186,292.09058,170.12431,1119.3297,322.0
T000256,2006-11-30,533.68304,-219.0947,264.4956,204.9942,465.63348,644.0
T000256,2006-12-31,385.4401,644.08484,282.46298,195.58586,395.1505,925.0
T000256,2007-01-31,324.9308,609.5002,269.81598,204.128,2161.3813,104.0
T000256,2007-02-28,274.69708,70.69409,240.50484,219.40717,-1114.1123,88.0
T000256,2007-03-31,121.242676,391.20178,290.57898,206.6552,1057.262,161.0
T000256,2007-04-30,279.31097,32.901215,241.46452,200.10764,1152.8086,110.0
T000256,2007-05-31,307.00293,279.37488,284.99747,196.35167,-427.62244,34.0
T000256,2007-06-30,268.3708,212.54489,198.01476,198.51653,799.0645,288.0
T000256,2007-07-31,315.02243,12.649567,209.1171,183.38406,-913.34534,120.0
T000256,2007-08-31,322.98013,-302.58322,215.09096,203.22511,-1339.7567,84.0
T000256,2007-09-30,380.62534,361.28284,212.4877,188.86887,-1380.6063,147.0
T000257,2006-10-31,165.8871,172.49419,174.2051,124.35873,284.01416,138.0
T000257,2006-11-30,196.70079,48.158386,156.8276,135.5787,121.39371,184.0
T000257,2006-12-31,180.66898,205.74294,177.09158,132.8906,114.20256,425.0
T000257,2007-01-31,170.6306,138.45235,175.62592,135.12659,548.2036,130.0
T000257,2007-02-28,170.09908,100.79062,157.22995,139.97818,-110.38124,154.0
T000257,2007-03-31,131.5904,186.56873,172.39333,136.54218,411.03915,230.0
T000257,2007-04-30,161.50885,63.63566,167.91689,133.55498,317.00757,198.0
T000257,2007-05-31,167.05467,172.70724,181.37526,132.31932,17.39592,102.0
T000257,2007-06-30,153.34665,71.2569,153.78906,133.19753,256.0868,126.0
T000257,2007-07-31,165.9363,161.36594,158.56361,129.84512,-68.636795,192.0
T000257,2007-08-31,156.89693,25.486153,154.87839,135.51224,-170.82672,42.0
T000257,2007-09-30,174.43727,139.95578,157.47173,130.62625,-94.694046,126.0
T000258,2006-10-31,606.75653,511.89996,636.4027,470.25427,1534.0465,667.0
T000258,2006-11-30,845.6484,-70.2912,595.03516,512.5175,648.02325,1012.0
T000258,2006-12-31,678.913,965.28754,626.7135,501.2926,670.41833,1450.0
T000258,2007-01-31,608.11475,826.37573,614.51294,511.5274,2856.0222,468.0
T000258,2007-02-28,544.96594,311.45667,567.97107,529.7333,-1060.8419,396.0
T000258,2007-03-31,364.78766,675.7334,628.8657,514.6923,1716.837,506.0
T000258,2007-04-30,546.12,270.90854,578.7227,506.5588,1616.7588,506.0
T000258,2007-05-31,585.44196,605.3275,629.66437,502.08405,-302.11487,289.0
T000258,2007-06-30,549.33966,389.131,520.44196,504.61258,1179.4254,612.0
T000258,2007-07-31,591.97656,278.69583,539.5783,486.48584,-893.4735,504.0
T000258,2007-08-31,591.3647,-186.28076,542.2787,510.4426,-1424.9816,294.0
T000258,2007-09-30,657.91797,600.5543,543.2237,492.8169,-1324.8907,378.0
T000259,2006-10-31,935.2219,594.9425,690.58325,531.86816,1467.359,805.0
T000259,2006-11-30,1001.3034,514.2076,925.2356,576.7937,-292.32324,667.0
T000259,2006-12-31,895.97266,492.55072,882.7266,565.63605,-531.5847,1175.0
T000259,2007-01-31,867.61536,439.1502,774.7056,574.50525,1395.9882,572.0
T000259,2007-02-28,901.6272,913.64703,771.5189,596.3476,-611.4984,726.0
T000259,2007-03-31,823.45593,962.89233,790.2912,581.52325,1230.5249,483.0
T000259,2007-04-30,978.89026,744.49274,963.5115,570.37415,2251.6953,792.0
T000259,2007-05-31,1029.3445,340.2265,906.43115,566.52673,653.9084,2584.0
T000259,2007-06-30,943.30347,965.9767,939.6284,568.28125,1283.7812,900.0
T000259,2007-07-31,932.82336,921.1271,757.72424,553.23236,-507.45398,264.0
T000259,2007-08-31,918.40814,834.22064,902.20593,577.4142,-576.7051,231.0
T000259,2007-09-30,978.8364,524.8029,778.9492,556.79816,-764.4967,735.0
T000260,2006-10-31,370.8377,303.26,477.23145,444.57785,531.4881,529.0
T000260,2006-11-30,411.2755,247.90256,468.70447,459.90137,587.4182,552.0
T000260,2006-12-31,373.6739,346.56873,469.90698,457.15656,527.9652,675.0
T000260,2007-01-31,355.27905,213.7325,477.56802,458.6024,438.2246,286.0
T000260,2007-02-28,361.40417,257.97098,470.17416,465.0232,242.60616,352.0
T000260,2007-03-31,330.86078,433.45496,479.40646,462.4993,349.49173,552.0
T000260,2007-04-30,358.6546,313.22272,476.2804,457.16895,449.37045,572.0
T000260,2007-05-31,375.3638,348.31055,487.8791,454.73962,472.3152,425.0
T000260,2007-06-30,369.8272,202.53372,466.61636,455.76834,472.9632,540.0
T000260,2007-07-31,371.60648,279.0928,465.0504,454.83908,334.21393,456.0
T000260,2007-08-31,352.49316,72.625,460.19724,460.79935,335.7567,420.0
T000260,2007-09-30,374.85162,263.3805,466.03296,453.7533,345.6274,315.0
T000261,2006-10-31,175.15958,159.80667,118.63968,104.1507,116.391205,23.0
T000261,2006-11-30,170.21574,148.57773,130.42339,109.33885,57.98369,138.0
T000261,2006-12-31,165.91653,121.17856,129.06648,108.40502,38.842392,150.0
T000261,2007-01-31,170.77805,125.24862,127.08824,108.935715,59.028667,104.0
T000261,2007-02-28,175.86551,220.0244,132.12148,111.15611,146.05647,110.0
T000261,2007-03-31,163.13528,135.172,132.81992,110.29393,145.10745,161.0
T000261,2007-04-30,177.87025,204.69415,132.39888,108.31869,122.38692,176.0
T000261,2007-05-31,183.0973,98.538864,138.52972,107.60709,113.214745,204.0
T000261,2007-06-30,170.62724,154.03674,134.70859,108.02484,118.18934,108.0
T000261,2007-07-31,178.36575,254.21619,126.43407,107.272095,103.51268,144.0
T000261,2007-08-31,174.0622,249.45093,127.60096,109.60046,91.097626,84.0
T000261,2007-09-30,177.54706,152.80093,131.53873,107.291504,113.6556,168.0
T000262,2006-10-31,543.35803,469.77997,239.89049,190.62834,257.96896,230.0
T000262,2006-11-30,542.8066,582.34766,237.61188,202.58914,249.85829,276.0
T000262,2006-12-31,512.6293,245.32306,258.1956,199.96756,153.13766,275.0
T000262,2007-01-31,536.7257,574.32117,237.46172,202.51888,286.73022,208.0
T000262,2007-02-28,557.97986,629.94574,258.5104,207.46542,402.06198,176.0
T000262,2007-03-31,505.32233,317.32004,260.22974,204.10754,306.2182,230.0
T000262,2007-04-30,527.5876,617.6002,232.26352,200.62372,237.61128,198.0
T000262,2007-05-31,539.593,272.19733,265.0755,199.19235,233.52344,272.0
T000262,2007-06-30,514.716,514.5304,260.6056,200.47305,219.05956,216.0
T000262,2007-07-31,534.71704,722.2461,241.4351,196.16446,252.22272,216.0
T000262,2007-08-31,512.095,881.3862,240.45358,202.78738,180.69363,210.0
T000262,2007-09-30,545.3674,440.28046,242.34435,197.39421,271.7122,525.0
T000263,2006-10-31,2001.5444,1514.2433,1532.8949,1304.6049,2235.3516,1587.0
T000263,2006-11-30,2072.5781,1485.2048,1769.8511,1362.0093,733.09375,1633.0
T000263,2006-12-31,1918.9598,1207.7405,1735.8352,1348.5446,339.42346,2275.0
T000263,2007-01-31,1878.4886,1364.3103,1623.5922,1358.959,2040.1257,1170.0
T000263,2007-02-28,1952.3801,2033.2434,1613.0638,1386.3625,311.29706,1364.0
T000263,2007-03-31,1833.875,1843.9094,1652.1971,1368.5464,1886.4067,1426.0
T000263,2007-04-30,1990.5242,1891.4403,1811.0137,1353.4178,2908.0154,1738.0
T000263,2007-05-31,2057.5452,1061.234,1774.6162,1348.0653,1631.1631,3485.0
T000263,2007-06-30,1968.6282,1848.0875,1785.9835,1350.7937,1965.035,1764.0
T000263,2007-07-31,1959.3724,2193.6597,1602.6387,1333.3445,341.79895,1080.0
T000263,2007-08-31,1904.9929,2032.0769,1745.58,1363.895,187.45361,945.0
T000263,2007-09-30,2018.896,1364.2218,1628.2784,1336.9542,123.597046,1743.0
T000264,2006-10-31,329.51297,303.27115,279.95886,228.9295,354.80328,299.0
T000264,2006-11-30,360.92657,179.64142,255.63467,245.78868,131.27946,253.0
T000264,2006-12-31,345.80463,310.8258,290.72253,241.96918,43.401947,600.0
T000264,2007-01-31,332.01172,192.41852,282.6911,244.97397,705.32837,234.0
T000264,2007-02-28,339.8721,219.53351,262.05667,252.49312,-47.789032,242.0
T000264,2007-03-31,312.2516,222.54025,276.956,247.45753,727.48914,184.0
T000264,2007-04-30,353.1831,218.52693,276.68594,242.71626,736.3086,418.0
T000264,2007-05-31,352.5773,279.21838,301.04675,240.89575,134.20297,170.0
T000264,2007-06-30,323.239,196.71637,254.59953,242.16371,366.6561,180.0
T000264,2007-07-31,330.5213,371.26245,269.91788,237.29271,-70.41034,168.0
T000264,2007-08-31,331.77487,217.62651,269.7538,245.65227,-239.4429,294.0
T000264,2007-09-30,353.67352,254.88358,265.98746,238.45464,-212.24432,273.0
T000265,2006-10-31,260.64658,183.25278,368.22272,313.875,544.26,322.0
T000265,2006-11-30,302.58127,80.193954,355.6963,326.46088,163.36105,460.0
T000265,2006-12-31,281.60922,253.23865,372.1618,324.61627,136.14543,650.0
T000265,2007-01-31,264.81714,150.77324,372.08475,325.24246,792.0044,234.0
T000265,2007-02-28,258.6573,164.09007,352.94513,330.1917,-23.79898,330.0
T000265,2007-03-31,229.64465,130.07385,368.86438,328.36462,631.48566,322.0
T000265,2007-04-30,274.74368,247.09094,363.98044,323.40756,756.2266,418.0
T000265,2007-05-31,276.65717,330.47574,379.1047,321.5868,241.49529,340.0
T000265,2007-06-30,269.99832,165.32669,345.74863,322.4103,471.28952,396.0
T000265,2007-07-31,267.63245,274.34946,353.25644,322.09018,23.682343,360.0
T000265,2007-08-31,265.5816,-11.111755,346.95508,326.7353,-59.421295,315.0
T000265,2007-09-30,284.97586,316.0577,348.8366,321.4976,-108.73477,210.0
T000266,2006-10-31,72.32789,124.36287,96.77115,78.56103,116.585556,115.0
T000266,2006-11-30,77.27672,88.26075,93.54699,85.73756,66.57679,92.0
T000266,2006-12-31,63.342262,101.27213,88.72294,84.23798,-5.8573914,50.0
T000266,2007-01-31,66.743805,55.169006,88.54134,85.46736,131.78867,78.0
T000266,2007-02-28,76.88882,35.472767,94.66223,88.23274,27.689835,154.0
T000266,2007-03-31,64.29433,119.66142,101.8235,86.88359,175.00284,207.0
T000266,2007-04-30,70.646545,28.67036,90.01889,84.46448,89.41361,44.0
T000266,2007-05-31,71.86124,89.92411,92.50625,83.53866,9.385353,68.0
T000266,2007-06-30,64.2412,29.86317,93.46489,84.176025,105.28301,18.0
T000266,2007-07-31,72.03167,-3.8108978,91.719475,82.65977,-16.834976,192.0
T000266,2007-08-31,75.298,-1.9714355,80.059784,85.81319,-30.083168,42.0
T000266,2007-09-30,74.54588,30.287117,91.95255,82.85714,45.45233,63.0
T000267,2006-10-31,354.28314,355.52805,294.33804,256.18484,325.75714,207.0
T000267,2006-11-30,354.44513,360.2643,307.83865,268.67865,296.63834,276.0
T000267,2006-12-31,346.5945,217.4772,315.60574,266.1551,212.41562,250.0
T000267,2007-01-31,360.74036,326.8604,313.43747,268.51035,523.39087,390.0
T000267,2007-02-28,360.5882,287.15277,340.23138,273.87033,395.0136,176.0
T000267,2007-03-31,343.86237,268.29938,329.5701,270.7565,604.76245,621.0
T000267,2007-04-30,357.5244,376.56268,327.1226,267.18723,374.94717,264.0
T000267,2007-05-31,351.58572,285.32233,319.90225,265.4576,189.78735,374.0
T000267,2007-06-30,340.63638,307.8712,330.77765,266.61038,256.4591,360.0
T000267,2007-07-31,353.66357,423.25168,305.12747,262.75995,191.92332,360.0
T000267,2007-08-31,338.88144,317.3404,290.80658,269.55566,182.95032,252.0
T000267,2007-09-30,362.3624,210.17685,314.27637,263.51562,151.42102,315.0
T000268,2006-10-31,983.805,955.48334,1048.0315,895.6373,988.95483,943.0
T000268,2006-11-30,1049.7867,702.0411,1025.5083,927.39484,1097.2756,1081.0
T000268,2006-12-31,1031.5365,884.52423,1051.5885,920.90344,855.8997,1550.0
T000268,2007-01-31,1000.20337,734.79047,1063.2466,926.1176,1773.2498,936.0
T000268,2007-02-28,1020.8825,715.655,1036.7754,939.9364,779.32434,902.0
T000268,2007-03-31,950.7173,736.59644,1061.042,931.31537,1777.4441,1334.0
T000268,2007-04-30,1006.2785,880.07526,1049.4348,921.8594,1592.338,1144.0
T000268,2007-05-31,1011.07117,986.52295,1077.0524,918.0316,1075.1046,952.0
T000268,2007-06-30,985.6182,708.66254,1028.3652,920.7019,858.27814,954.0
T000268,2007-07-31,990.4958,1078.7534,1022.573,912.27795,641.1199,1080.0
T000268,2007-08-31,955.32465,517.35986,1013.4103,928.3786,322.8011,903.0
T000268,2007-09-30,1031.4724,797.65155,1028.0292,914.05695,365.54803,861.0
T000269,2006-10-31,4192.3066,4133.9043,4498.4146,3675.7024,11150.134,5405.0
T000269,2006-11-30,5234.8115,2536.3772,4421.541,3978.628,6292.0156,5704.0
T000269,2006-12-31,4597.7803,3569.8774,4583.904,3911.7815,5237.721,9250.0
T000269,2007-01-31,4013.3774,3365.8447,4465.1147,3955.8372,9464.65,2496.0
T000269,2007-02-28,4137.9565,2027.1597,4202.4243,4086.1926,-875.1821,2684.0
T000269,2007-03-31,3428.6313,5051.7983,4544.838,4012.8115,8862.609,3818.0
T000269,2007-04-30,4133.3203,3197.1245,4587.8833,3918.6533,11502.578,5808.0
T000269,2007-05-31,4442.6035,3782.7935,4787.4766,3879.51,3722.8022,5950.0
T000269,2007-06-30,4039.7102,4374.2427,4188.089,3900.6265,8041.2417,3906.0
T000269,2007-07-31,3940.8804,1820.383,4217.7627,3850.217,-987.8789,2208.0
T000269,2007-08-31,4011.7866,-347.73633,4406.506,3978.924,-2174.1255,2898.0
T000269,2007-09-30,4484.087,2923.4226,4274.738,3845.9592,-1290.917,3213.0
T000270,2006-10-31,1890.7241,1632.0608,2137.9941,1772.5886,3233.3628,2208.0
T000270,2006-11-30,2154.333,1058.0195,2011.1313,1842.842,1654.5923,2530.0
T000270,2006-12-31,2025.505,1791.8445,2154.4563,1827.4639,1355.6266,4250.0
T000270,2007-01-31,1850.0912,1309.7869,2149.263,1841.4692,3976.4736,1430.0
T000270,2007-02-28,1916.9503,1374.5393,2021.8864,1871.2744,198.59668,1496.0
T000270,2007-03-31,1704.4336,1618.2363,2132.6865,1849.4249,3546.1729,2070.0
T000270,2007-04-30,1880.5653,1628.5808,2096.7046,1831.251,3718.289,2750.0
T000270,2007-05-31,1940.0927,1794.8849,2233.9912,1822.0253,1103.8809,1598.0
T000270,2007-06-30,1838.763,1239.242,1930.4656,1827.9954,2791.2568,1800.0
T000270,2007-07-31,1851.5696,1854.975,2012.8075,1806.588,-57.9281,1848.0
T000270,2007-08-31,1843.0114,672.5508,1996.4857,1844.7493,-401.6433,1554.0
T000270,2007-09-30,1983.4528,1626.416,2010.9596,1811.7158,-172.28333,1596.0
T000271,2006-10-31,985.5819,933.60547,1005.77106,856.9467,941.8438,1035.0
T000271,2006-11-30,979.9277,954.173,1009.16077,891.67035,838.8554,966.0
T000271,2006-12-31,912.27686,728.42017,999.9538,882.5758,764.7845,750.0
T000271,2007-01-31,938.0674,733.8759,1004.1954,891.20514,771.1869,884.0
T000271,2007-02-28,989.38464,993.9119,1015.2408,905.79694,937.1113,1210.0
T000271,2007-03-31,930.11206,741.5991,1032.3302,895.7714,951.19446,1334.0
T000271,2007-04-30,964.30334,1086.5505,1023.61957,886.2139,670.8563,880.0
T000271,2007-05-31,985.9083,945.58844,1007.03406,882.8766,825.11975,1156.0
T000271,2007-06-30,955.0233,817.4753,1022.8352,884.897,788.89075,1008.0
T000271,2007-07-31,980.4252,969.8756,1003.1321,871.5091,846.8673,1104.0
T000271,2007-08-31,962.39636,831.87537,992.19684,891.7178,783.7887,882.0
T000271,2007-09-30,966.0928,621.93085,994.3529,876.75604,875.96075,924.0
T000272,2006-10-31,1523.173,1653.7184,1467.9001,1341.3906,2169.125,1403.0
T000272,2006-11-30,1523.5938,1977.864,1464.5757,1399.8232,1071.5481,1702.0
T000272,2006-12-31,1418.0862,998.40753,1480.475,1388.192,959.7057,975.0
T000272,2007-01-31,1511.0393,1421.5388,1502.5485,1399.5449,1827.3726,1846.0
T000272,2007-02-28,1534.4541,787.0122,1558.1067,1420.7687,1998.3452,1518.0
T000272,2007-03-31,1479.4469,1156.82,1531.6913,1408.8046,2478.0308,2277.0
T000272,2007-04-30,1561.0837,1669.6243,1490.2043,1389.5497,2157.3843,1386.0
T000272,2007-05-31,1507.0416,1125.804,1480.8762,1381.648,824.5295,1411.0
T000272,2007-06-30,1453.371,1382.2166,1479.9542,1386.9677,1930.0569,1422.0
T000272,2007-07-31,1509.4126,1530.561,1455.876,1371.739,971.249,1656.0
T000272,2007-08-31,1432.7633,1264.8462,1427.8894,1402.8701,1008.1133,945.0
T000272,2007-09-30,1527.3138,901.65735,1482.8079,1374.763,1175.3529,1344.0
T000273,2006-10-31,8404.421,8292.921,9138.421,7853.9185,17918.27,10051.0
T000273,2006-11-30,9662.794,6491.536,8971.389,8225.553,9008.897,10902.0
T000273,2006-12-31,8833.999,7097.995,9167.823,8145.3193,7502.3794,15225.0
T000273,2007-01-31,8200.337,6883.8916,9122.394,8200.186,16560.852,6656.0
T000273,2007-02-28,8391.4,5234.5654,8803.433,8357.074,1472.5176,6908.0
T000273,2007-03-31,7500.75,8546.483,9220.735,8270.473,16244.696,9499.0
T000273,2007-04-30,8305.654,7632.8203,9157.951,8154.26,18407.316,10824.0
T000273,2007-05-31,8589.933,7657.8096,9457.211,8104.168,5587.7295,10115.0
T000273,2007-06-30,8214.63,7862.242,8651.302,8131.1763,13997.068,8136.0
T000273,2007-07-31,8108.9717,6251.455,8727.144,8067.799,-160.45703,6816.0
T000273,2007-08-31,8119.876,2396.5542,8883.937,8229.422,-1552.6191,6279.0
T000273,2007-09-30,8698.908,5997.474,8803.059,8064.5225,-264.50098,7077.0
T000274,2006-10-31,24244.635,24633.42,27591.953,26068.941,32869.57,28037.0
T000274,2006-11-30,27737.871,19374.713,27275.04,26949.066,39881.445,36455.0
T000274,2006-12-31,24638.76,20673.822,27628.957,26771.49,34867.438,36400.0
T000274,2007-01-31,24483.3,26565.576,28044.361,26878.623,43539.453,34138.0
T000274,2007-02-28,25159.816,10469.141,27372.104,27183.822,21273.84,27522.0
T000274,2007-03-31,21550.014,26582.518,27721.422,27073.855,31256.086,28520.0
T000274,2007-04-30,22339.76,21446.25,26244.064,26718.355,25076.828,26004.0
T000274,2007-05-31,22531.656,26640.62,27093.387,26612.732,20373.684,22355.0
T000274,2007-06-30,21170.564,19534.941,25578.432,26672.748,16284.054,18972.0
T000274,2007-07-31,23290.104,19418.559,26331.678,26597.068,7737.963,22008.0
T000274,2007-08-31,23043.848,6738.922,26812.957,26933.107,8298.281,22113.0
T000274,2007-09-30,24863.803,20700.45,26698.965,26573.578,10270.84,19698.0
T000275,2006-10-31,6785.0254,6380.016,6535.005,6249.2886,6665.91,5750.0
T000275,2006-11-30,7331.6533,4439.42,6173.2793,6459.8823,6216.31,6647.0
T000275,2006-12-31,7000.364,7181.575,6784.502,6415.7197,6384.3906,11800.0
T000275,2007-01-31,6989.739,6404.2637,6668.5557,6446.2827,12921.4795,7358.0
T000275,2007-02-28,6883.5933,4685.8667,6228.932,6530.1655,5028.2134,5940.0
T000275,2007-03-31,6181.062,6646.2007,6460.803,6484.589,9239.922,5865.0
T000275,2007-04-30,6650.344,4985.657,6397.4937,6412.312,7608.1914,7480.0
T000275,2007-05-31,6561.9575,6732.885,6730.4287,6390.5215,5136.871,4369.0
T000275,2007-06-30,6275.622,5026.1396,6063.5635,6404.954,6170.098,4950.0
T000275,2007-07-31,6733.3765,7102.3896,6295.545,6365.039,3248.8025,6336.0
T000275,2007-08-31,6632.7104,4026.3499,6278.772,6455.84,2697.538,5292.0
T000275,2007-09-30,7039.6084,7346.368,6271.1714,6370.897,2708.2363,5922.0
T000276,2006-10-31,4255.126,3994.2031,4137.803,3675.357,5469.9473,3841.0
T000276,2006-11-30,4568.615,3742.0166,4169.252,3760.5366,4550.6753,5635.0
T000276,2006-12-31,4316.5317,2719.183,4075.3774,3740.9275,3563.0562,5375.0
T000276,2007-01-31,4131.1865,3806.619,4113.5347,3755.4255,4917.5557,3354.0
T000276,2007-02-28,4303.4844,4021.0876,4140.0693,3790.7732,2302.4336,4048.0
T000276,2007-03-31,3952.1763,3532.009,4250.758,3770.146,4500.171,4140.0
T000276,2007-04-30,4065.89,4507.875,4001.3982,3744.1497,4156.962,3784.0
T000276,2007-05-31,4140.585,3969.872,4142.7056,3733.253,2511.4146,3876.0
T000276,2007-06-30,4017.9495,3487.6892,3913.731,3740.051,3389.796,3150.0
T000276,2007-07-31,4135.8916,4798.6533,3948.6794,3719.9524,1701.9805,4008.0
T000276,2007-08-31,4094.6982,3416.745,3950.298,3758.0022,1746.7295,3507.0
T000276,2007-09-30,4295.068,3690.5435,3957.6284,3724.1924,2529.5537,3969.0
T000277,2006-10-31,5250.413,5251.5737,5392.486,4385.0283,6726.8467,4278.0
T000277,2006-11-30,5513.062,4960.2046,5306.441,4558.947,2752.6016,5497.0
T000277,2006-12-31,4985.893,4366.8755,5436.34,4526.803,1956.665,4350.0
T000277,2007-01-31,5365.169,5343.442,5398.7646,4555.957,9166.137,6760.0
T000277,2007-02-28,5324.3975,2722.0818,5420.8696,4617.041,4576.6157,6908.0
T000277,2007-03-31,5105.936,4487.464,5431.978,4586.947,6433.673,6647.0
T000277,2007-04-30,5181.1694,5187.543,5236.2935,4526.6265,5289.3535,4972.0
T000277,2007-05-31,5024.1304,4816.623,5389.9653,4501.95,604.08105,4267.0
T000277,2007-06-30,4923.1074,4761.703,5232.0327,4514.4155,5910.865,3924.0
T000277,2007-07-31,5477.7627,5778.093,5503.0103,4483.715,2880.3376,7800.0
T000277,2007-08-31,5352.61,4463.51,5186.426,4571.364,2627.7576,4515.0
T000277,2007-09-30,5309.193,5088.88,5487.7944,4487.9023,1960.5957,4599.0
T000278,2006-10-31,40075.13,40126.133,43609.83,41130.777,45580.71,41906.0
T000278,2006-11-30,44619.742,32439.42,42966.184,42283.125,61708.85,54234.0
T000278,2006-12-31,40756.77,34962.28,43783.883,42071.566,55471.4,57925.0
T000278,2007-01-31,40484.973,42236.402,44321.008,42183.96,63795.086,51610.0
T000278,2007-02-28,41427.02,22012.686,43126.035,42562.19,41196.855,44418.0
T000278,2007-03-31,36745.234,41199.758,43777.15,42468.15,45179.312,45172.0
T000278,2007-04-30,37841.17,36239.625,42006.258,41961.242,35928.48,42240.0
T000278,2007-05-31,37828.336,42179.26,43177.55,41818.54,37930.133,34867.0
T000278,2007-06-30,36121.734,32918.645,40965.016,41898.105,25725.898,30996.0
T000278,2007-07-31,39067.598,37264.492,42063.023,41866.062,25149.889,40152.0
T000278,2007-08-31,38716.914,18590.455,42368.46,42272.465,23961.914,35427.0
T000278,2007-09-30,41118.83,36658.797,42375.63,41808.305,26542.197,34188.0
T000279,2006-10-31,9842.349,10776.594,13607.645,9949.001,17583.566,10580.0
T000279,2006-11-30,11667.09,7033.6685,11503.061,10821.438,5869.427,15617.0
T000279,2006-12-31,10234.093,7928.374,13337.997,10666.362,5971.831,16175.0
T000279,2007-01-31,10793.314,9872.974,14161.947,10746.763,39367.273,22672.0
T000279,2007-02-28,11639.042,-1928.1787,12386.363,11052.485,5824.1553,26312.0
T000279,2007-03-31,9222.446,11233.493,12768.503,10942.687,32077.576,15525.0
T000279,2007-04-30,8803.827,3320.6875,11582.663,10591.605,19164.848,10010.0
T000279,2007-05-31,9018.396,14468.775,11909.547,10488.613,-2116.921,5729.0
T000279,2007-06-30,7911.484,2166.709,10649.554,10551.406,8013.3677,4734.0
T000279,2007-07-31,9161.523,6350.204,13254.327,10492.604,-7310.3555,6960.0
T000279,2007-08-31,8771.402,-1458.1074,13397.222,10805.198,-12988.621,6090.0
T000279,2007-09-30,10480.204,4393.3857,12046.101,10455.139,-10083.0625,5880.0
T000280,2006-10-31,8064.3364,8558.575,10729.514,5668.096,17573.723,6187.0
T000280,2006-11-30,9898.573,221.47559,8719.646,6437.1826,-1697.2676,9476.0
T000280,2006-12-31,8747.085,8857.59,11179.449,6251.417,-2322.5283,24650.0
T000280,2007-01-31,8678.732,6957.563,11150.56,6408.3535,42891.715,17290.0
T000280,2007-02-28,9455.043,-2232.2354,9121.576,6723.6777,-6019.549,17864.0
T000280,2007-03-31,6526.9106,7525.4277,9940.427,6510.75,31957.324,13317.0
T000280,2007-04-30,6893.112,2256.4575,9586.62,6269.795,21751.645,9174.0
T000280,2007-05-31,7048.878,8684.399,10000.296,6227.955,-10601.365,3791.0
T000280,2007-06-30,5877.94,401.72266,8521.621,6271.9736,9729.252,3456.0
T000280,2007-07-31,7476.499,5549.4434,9741.689,6013.739,-17122.02,4992.0
T000280,2007-08-31,6906.4326,-4349.9463,10051.296,6416.743,-20975.111,4389.0
T000280,2007-09-30,8784.978,5317.301,9115.007,6089.544,-21067.992,4158.0
T000281,2006-10-31,952.0633,907.9199,1097.1302,835.3489,1012.15857,1081.0
T000281,2006-11-30,999.836,900.73035,991.20715,876.6192,904.0206,1104.0
T000281,2006-12-31,892.33276,626.9864,1033.2576,867.44684,985.0665,925.0
T000281,2007-01-31,937.65643,817.4875,1079.8374,875.86206,1199.7528,1222.0
T000281,2007-02-28,1008.60956,782.1505,1001.14044,891.24884,1045.9353,1782.0
T000281,2007-03-31,926.98584,708.2825,1047.9792,881.8311,1118.9669,1104.0
T000281,2007-04-30,939.5058,946.48584,991.2724,868.9746,845.8499,748.0
T000281,2007-05-31,923.1696,918.10077,980.93005,864.4825,758.0472,867.0
T000281,2007-06-30,895.6866,679.2382,949.27484,867.7168,525.90906,936.0
T000281,2007-07-31,943.25867,928.9023,1053.9645,855.8975,595.0892,672.0
T000281,2007-08-31,897.41504,737.4609,1071.0906,876.50275,527.35547,798.0
T000281,2007-09-30,951.9934,601.5176,971.4911,858.94586,504.2817,819.0
T000282,2006-10-31,990.7117,916.30597,1049.2006,949.52783,627.30273,1173.0
T000282,2006-11-30,1030.1179,847.27374,1012.6088,976.3378,1213.629,1104.0
T000282,2006-12-31,986.24225,899.4628,1045.3842,971.6511,1086.1504,1300.0
T000282,2007-01-31,1005.6205,887.1456,1042.9492,973.9845,1620.37,1248.0
T000282,2007-02-28,1024.5721,820.45386,1009.9766,984.10175,1135.4897,1166.0
T000282,2007-03-31,930.1775,767.6999,1032.4978,980.2523,1148.3767,1104.0
T000282,2007-04-30,959.49066,894.55304,1009.1747,969.6543,607.92505,1078.0
T000282,2007-05-31,930.58685,1045.9767,1028.2683,966.1118,914.20795,663.0
T000282,2007-06-30,912.07587,666.1958,986.8609,968.01746,503.03018,720.0
T000282,2007-07-31,999.4706,1074.83,1017.4912,966.5329,995.57336,960.0
T000282,2007-08-31,942.47687,684.98785,1036.2416,976.2953,685.85986,861.0
T000282,2007-09-30,1011.378,887.7687,1021.8928,965.6478,920.95886,861.0
T000283,2006-10-31,19677.797,21095.584,26462.74,17893.014,31204.637,19021.0
T000283,2006-11-30,23186.441,8965.639,22219.688,19486.283,14218.703,27301.0
T000283,2006-12-31,20646.113,18322.967,26600.957,19163.945,13921.982,43050.0
T000283,2007-01-31,21221.113,18593.441,27315.168,19379.049,78866.7,42432.0
T000283,2007-02-28,22989.02,-2499.7832,23508.512,19959.115,9596.257,47124.0
T000283,2007-03-31,17586.523,20212.602,24750.607,19695.059,60648.44,31050.0
T000283,2007-04-30,17277.82,7473.4375,23201.605,19082.951,36822.453,21010.0
T000283,2007-05-31,17603.84,25123.781,23845.6,18934.824,-2254.4473,11050.0
T000283,2007-06-30,15335.492,3967.8203,21269.496,19037.584,13248.479,9846.0
T000283,2007-07-31,18324.71,13982.461,25124.543,18787.318,-13764.137,13584.0
T000283,2007-08-31,17118.629,-4415.283,25599.637,19457.861,-24698.445,12138.0
T000283,2007-09-30,20826.602,11121.356,23202.428,18795.516,-21170.293,11718.0
T000284,2006-10-31,1498.6012,1784.8019,1842.2904,949.0629,3798.9966,1265.0
T000284,2006-11-30,1953.7928,821.8095,1478.0723,1110.6057,402.47125,2392.0
T000284,2006-12-31,1629.5514,1081.625,1841.6139,1075.1056,415.73132,3100.0
T000284,2007-01-31,1644.3004,1688.7778,1932.1624,1100.1334,7121.87,3458.0
T000284,2007-02-28,1881.894,-302.71387,1554.7534,1163.2771,89.76672,3872.0
T000284,2007-03-31,1268.5914,2093.345,1663.9225,1128.3883,4927.418,1633.0
T000284,2007-04-30,1167.5789,432.0868,1467.273,1071.746,2749.5903,1056.0
T000284,2007-05-31,1275.1036,1804.1421,1556.8018,1060.1251,-2027.1873,459.0
T000284,2007-06-30,1036.0679,426.90198,1286.252,1069.2024,823.2168,324.0
T000284,2007-07-31,1314.1964,491.90088,1720.4932,1031.0587,-3281.5327,480.0
T000284,2007-08-31,1239.3501,-611.78735,1763.916,1105.026,-3867.8188,210.0
T000284,2007-09-30,1609.8754,827.364,1520.7224,1038.832,-3651.8696,735.0
T000285,2006-10-31,320.63556,323.47437,507.71805,236.42897,922.7676,299.0
T000285,2006-11-30,439.86377,-90.19278,411.1059,273.02472,-113.83835,621.0
T000285,2006-12-31,365.29626,431.43503,516.0399,264.40692,-138.47,1050.0
T000285,2007-01-31,341.10474,330.6567,526.66595,271.71436,2085.2468,858.0
T000285,2007-02-28,383.10895,-234.05887,422.61337,285.32202,-500.7887,946.0
T000285,2007-03-31,226.56595,329.70947,460.93967,277.00638,1348.2936,460.0
T000285,2007-04-30,252.3183,-6.837921,426.95474,264.32877,1071.779,352.0
T000285,2007-05-31,268.57788,410.8459,446.98862,261.98083,-601.7212,119.0
T000285,2007-06-30,214.17697,-58.800873,372.224,264.08316,427.87875,198.0
T000285,2007-07-31,283.42252,158.24117,460.16327,253.96204,-746.0364,216.0
T000285,2007-08-31,261.0253,-294.94717,471.9396,272.2197,-1031.595,126.0
T000285,2007-09-30,352.96298,239.09082,415.15158,256.6915,-1134.0321,126.0
T000286,2006-10-31,237.54651,233.54721,172.83928,137.4999,276.13824,253.0
T000286,2006-11-30,254.48442,267.19788,174.65756,147.42937,144.40648,299.0
T000286,2006-12-31,229.6907,106.37993,154.55537,145.37802,6.605301,100.0
T000286,2007-01-31,235.26614,251.39091,156.48723,146.91588,312.53778,156.0
T000286,2007-02-28,250.01949,203.69098,169.00923,150.76123,139.30435,198.0
T000286,2007-03-31,219.53745,200.329,175.63588,148.8505,304.3216,184.0
T000286,2007-04-30,228.76947,223.00623,148.16698,145.30763,286.3338,88.0
T000286,2007-05-31,231.66034,201.85413,156.62727,144.05019,51.433693,136.0
T000286,2007-06-30,216.45885,236.7131,150.03047,144.96648,130.44499,126.0
T000286,2007-07-31,227.43436,182.00348,149.83084,143.20578,-64.600266,24.0
T000286,2007-08-31,224.79803,212.06009,162.0734,147.50008,-58.82849,105.0
T000286,2007-09-30,238.28468,139.10107,149.62732,143.2965,30.300224,210.0
T000287,2006-10-31,180.9287,212.7651,281.41473,209.57314,273.49387,207.0
T000287,2006-11-30,202.18005,167.06763,250.31366,223.58624,168.93164,230.0
T000287,2006-12-31,169.43292,152.80017,274.07108,221.05571,143.57065,325.0
T000287,2007-01-31,187.99393,241.09187,277.25165,222.96886,484.45035,312.0
T000287,2007-02-28,193.73445,34.123108,246.72737,227.87888,264.05478,506.0
T000287,2007-03-31,153.8309,261.08884,264.0321,225.59671,291.262,253.0
T000287,2007-04-30,155.88261,130.43027,257.16455,220.64491,82.07387,220.0
T000287,2007-05-31,151.23085,191.17163,256.69852,218.739,-13.85379,204.0
T000287,2007-06-30,135.7067,135.48538,244.36465,219.82927,42.591064,144.0
T000287,2007-07-31,179.25485,166.95447,275.05817,217.65363,87.68715,288.0
T000287,2007-08-31,169.6381,8.182739,275.31036,223.71165,92.39439,294.0
T000287,2007-09-30,180.60632,119.58063,247.34193,217.86618,60.55635,126.0
T000288,2006-10-31,2197.2944,2544.0923,2803.0845,1561.991,5548.496,2024.0
T000288,2006-11-30,2798.7952,1159.8145,2308.5618,1768.9445,170.12769,3542.0
T000288,2006-12-31,2377.539,1773.8826,2777.058,1725.1481,-9.599365,4575.0
T000288,2007-01-31,2382.9146,2521.1057,2901.944,1754.9838,10319.876,4784.0
T000288,2007-02-28,2704.269,-289.927,2394.0615,1832.1869,-417.6499,5522.0
T000288,2007-03-31,1871.6663,2880.6519,2560.4194,1793.9277,7147.853,2530.0
T000288,2007-04-30,1765.8688,787.5425,2303.5522,1716.6935,4454.7446,1716.0
T000288,2007-05-31,1890.3445,2609.5332,2408.5605,1700.1608,-3062.1685,918.0
T000288,2007-06-30,1592.4684,748.83093,2050.3962,1712.2549,1702.0302,792.0
T000288,2007-07-31,1969.0403,1012.2555,2615.6968,1672.2192,-4493.031,1008.0
T000288,2007-08-31,1846.5789,-690.83545,2675.9907,1763.3514,-5289.808,735.0
T000288,2007-09-30,2342.3374,1311.9305,2339.8438,1678.3441,-5151.2817,1197.0
T000289,2006-10-31,931.0243,733.5698,1081.8477,979.7582,1115.2224,1058.0
T000289,2006-11-30,1021.9037,686.8612,1039.2771,1023.32025,717.82635,1242.0
T000289,2006-12-31,947.54956,750.68665,1103.642,1015.73627,883.6641,1375.0
T000289,2007-01-31,963.50433,713.44934,1112.6326,1020.98944,1938.4932,1482.0
T000289,2007-02-28,961.00006,445.57123,1058.2634,1037.555,208.36401,1276.0
T000289,2007-03-31,825.78815,695.5515,1063.7732,1029.6709,1481.6295,1104.0
T000289,2007-04-30,892.72424,740.3556,1029.5879,1013.4482,1145.0364,1012.0
T000289,2007-05-31,901.3502,1243.1995,1053.4019,1007.2038,466.397,629.0
T000289,2007-06-30,930.7113,364.43512,1006.24384,1010.9899,1014.25037,972.0
T000289,2007-07-31,964.46674,1037.8862,1061.612,1006.84106,589.1901,960.0
T000289,2007-08-31,878.57196,628.1366,1071.863,1024.2941,175.52124,777.0
T000289,2007-09-30,983.14905,596.5017,1059.36,1005.85254,469.3074,756.0
T000290,2006-10-31,340.9731,373.16037,429.8934,284.82416,570.2986,207.0
T000290,2006-11-30,400.8158,68.64523,373.4751,309.53876,200.7207,437.0
T000290,2006-12-31,372.97638,280.96017,475.31494,303.28094,222.5676,1050.0
T000290,2007-01-31,363.39392,274.81512,456.0587,309.24234,1227.1296,754.0
T000290,2007-02-28,378.8629,49.946106,373.15854,319.12772,-69.36932,528.0
T000290,2007-03-31,272.21393,317.12573,399.93024,311.75906,1004.00165,345.0
T000290,2007-04-30,292.26163,184.05138,390.7476,304.50964,749.6677,286.0
T000290,2007-05-31,317.14108,331.98724,419.9043,303.22778,-10.929871,102.0
T000290,2007-06-30,284.9354,28.694855,357.5324,304.56015,466.27118,306.0
T000290,2007-07-31,326.8943,330.70282,392.76422,295.21255,-150.85242,360.0
T000290,2007-08-31,298.5865,-63.319702,403.9021,309.16888,-351.9077,315.0
T000290,2007-09-30,378.95712,285.15753,386.02563,298.25018,-198.63474,231.0
T000291,2006-10-31,1374.5814,1209.6711,1655.6154,1469.9552,1934.924,1403.0
T000291,2006-11-30,1511.3726,855.0266,1564.4309,1528.2958,855.47876,1840.0
T000291,2006-12-31,1407.6616,1139.4724,1724.4229,1519.2928,1030.1327,2550.0
T000291,2007-01-31,1426.762,1038.1692,1718.0304,1523.9349,3451.8645,2392.0
T000291,2007-02-28,1430.1495,607.19617,1583.0914,1543.8479,13.531982,1914.0
T000291,2007-03-31,1199.2224,1088.763,1610.736,1539.3983,2775.798,1656.0
T000291,2007-04-30,1279.5543,1053.0977,1568.6619,1513.1299,2178.2627,1342.0
T000291,2007-05-31,1302.3512,1688.5576,1616.6638,1504.814,422.53198,918.0
T000291,2007-06-30,1325.0376,452.69348,1517.8955,1509.4779,1714.4489,1494.0
T000291,2007-07-31,1389.759,1495.8751,1600.1731,1511.4332,378.06085,1512.0
T000291,2007-08-31,1273.7498,631.7216,1618.5046,1530.8151,-248.9126,1239.0
T000291,2007-09-30,1456.1357,941.24524,1596.7185,1506.0948,200.30823,1092.0
T000292,2006-10-31,12249.422,13279.418,16531.193,11810.644,22399.838,12903.0
T000292,2006-11-30,14577.835,8533.352,14023.0,12860.67,7119.611,19251.0
T000292,2006-12-31,12781.73,9763.118,16282.193,12670.417,7407.8726,20650.0
T000292,2007-01-31,13368.494,12288.809,17207.979,12774.1455,48320.656,27612.0
T000292,2007-02-28,14451.025,-1771.9473,15000.812,13147.293,6247.883,31460.0
T000292,2007-03-31,11323.142,14016.7295,15492.414,13003.322,38386.895,18262.0
T000292,2007-04-30,10807.935,4506.249,14078.038,12588.628,22960.11,12078.0
T000292,2007-05-31,11168.853,17518.367,14516.225,12469.2705,-3531.7207,6817.0
T000292,2007-06-30,9763.529,2970.6826,12945.943,12543.047,9755.102,6030.0
T000292,2007-07-31,11366.481,7899.475,16054.759,12451.682,-9852.52,8400.0
T000292,2007-08-31,10858.121,-1448.1924,16241.151,12839.852,-16545.656,7077.0
T000292,2007-09-30,12993.256,5797.6904,14635.331,12416.801,-13123.137,7371.0
T000293,2006-10-31,8731.12,9252.504,11670.673,6063.463,19177.402,6693.0
T000293,2006-11-30,10723.816,198.3623,9501.845,6889.9756,-1894.0283,10534.0
T000293,2006-12-31,9472.058,9570.407,12178.338,6687.832,-2500.0752,26750.0
T000293,2007-01-31,9373.641,7565.4033,12127.706,6861.049,46352.8,18902.0
T000293,2007-02-28,10205.494,-2414.0205,9912.227,7201.1724,-6847.824,19338.0
T000293,2007-03-31,7022.099,8171.278,10796.813,6967.7,34410.36,14122.0
T000293,2007-04-30,7417.7188,2435.9546,10409.551,6711.8633,23650.969,9812.0
T000293,2007-05-31,7623.999,9427.624,10867.072,6668.843,-11501.869,4012.0
T000293,2007-06-30,6367.758,373.81543,9254.313,6715.453,10746.547,3960.0
T000293,2007-07-31,8069.6426,6041.7793,10594.5625,6428.985,-18323.957,5568.0
T000293,2007-08-31,7456.0186,-4709.333,10929.95,6867.571,-22599.205,4830.0
T000293,2007-09-30,9508.99,5838.1445,9916.88,6515.204,-22674.588,4515.0
T000294,2006-10-31,1181.3851,1153.4783,1309.8776,1012.1163,1377.3517,1380.0
T000294,2006-11-30,1242.094,1173.1748,1203.6141,1061.4584,956.8614,1426.0
T000294,2006-12-31,1107.7919,753.8025,1220.2708,1050.3867,909.7516,1050.0
T000294,2007-01-31,1159.5172,1054.3278,1278.7045,1060.4934,1608.189,1378.0
T000294,2007-02-28,1248.4042,982.7483,1200.1804,1079.0306,1120.8263,2046.0
T000294,2007-03-31,1149.4667,950.982,1261.123,1067.6605,1545.2144,1334.0
T000294,2007-04-30,1161.2937,1168.862,1187.7314,1052.4683,1249.2317,836.0
T000294,2007-05-31,1149.2487,1147.9209,1171.7014,1047.019,747.5046,1088.0
T000294,2007-06-30,1110.4656,926.95105,1141.1793,1050.873,786.6805,1170.0
T000294,2007-07-31,1158.7678,1070.5452,1246.1743,1036.7537,468.53973,744.0
T000294,2007-08-31,1114.4362,898.34406,1270.0707,1061.224,412.5185,924.0
T000294,2007-09-30,1173.5767,704.4834,1159.0004,1040.3165,464.22986,1029.0
T000295,2006-10-31,1273.6018,1220.029,1430.1691,1312.745,1065.5789,1472.0
T000295,2006-11-30,1342.3083,1108.6313,1370.5215,1353.6207,1354.8772,1472.0
T000295,2006-12-31,1264.604,1139.6481,1430.0204,1346.8158,1189.9384,1725.0
T000295,2007-01-31,1295.4545,1192.6682,1428.0994,1349.9971,2310.252,1716.0
T000295,2007-02-28,1318.1871,969.32465,1372.6586,1364.5339,1290.1036,1716.0
T000295,2007-03-31,1183.6875,1062.514,1401.8971,1360.3235,1608.0293,1518.0
T000295,2007-04-30,1210.9031,1154.2803,1371.5994,1343.2262,848.39844,1342.0
T000295,2007-05-31,1180.9387,1322.5493,1390.4684,1337.4753,877.6194,969.0
T000295,2007-06-30,1150.527,850.22205,1344.1013,1340.2832,659.0773,972.0
T000295,2007-07-31,1287.9841,1409.3959,1398.6067,1340.2294,1028.3889,1392.0
T000295,2007-08-31,1221.9475,811.26385,1409.7156,1354.4968,723.35486,1281.0
T000295,2007-09-30,1291.4408,1103.1061,1385.4589,1337.7443,933.54614,1092.0
T000296,2006-10-31,23207.484,24833.844,30933.9,21265.703,38769.203,22448.0
T000296,2006-11-30,27445.016,10972.141,26088.379,23108.41,15164.197,32683.0
T000296,2006-12-31,24386.912,21238.176,31121.973,22742.854,14853.173,50175.0
T000296,2007-01-31,24973.824,22163.87,31925.93,22980.613,92721.48,49608.0
T000296,2007-02-28,27078.717,-2172.2969,27473.145,23639.145,9107.724,54560.0
T000296,2007-03-31,20665.453,24175.453,28908.32,23357.592,70661.5,35236.0
T000296,2007-04-30,20229.094,9325.754,27085.637,22630.432,43548.156,24068.0
T000296,2007-05-31,20746.316,29426.824,27873.986,22454.445,-4985.824,12886.0
T000296,2007-06-30,18115.984,5179.8535,24835.46,22575.248,16742.375,12132.0
T000296,2007-07-31,21598.943,16510.91,29355.617,22321.035,-17971.969,16104.0
T000296,2007-08-31,20181.865,-4477.545,29909.33,23080.262,-30331.89,14112.0
T000296,2007-09-30,24510.715,13353.362,27144.307,22314.105,-26213.54,14007.0
T000297,2006-10-31,3317.8967,3804.6997,4023.3142,1766.4099,12400.836,4140.0
T000297,2006-11-30,4222.596,2813.3328,3497.6782,2106.982,-1654.8635,6026.0
T000297,2006-12-31,3418.2024,1777.9987,3794.6902,2034.3502,-3175.526,5450.0
T000297,2007-01-31,3467.9126,4017.366,4083.684,2088.9985,16918.521,6396.0
T000297,2007-02-28,3981.2383,-131.11377,3593.0674,2216.0254,-3595.3735,7282.0
T000297,2007-03-31,2673.5996,4326.015,3821.83,2147.2275,13070.781,4738.0
T000297,2007-04-30,2519.2947,1912.2667,3291.0132,2029.7968,8230.137,2024.0
T000297,2007-05-31,2629.3032,3494.6614,3429.1758,1996.9242,-9430.683,969.0
T000297,2007-06-30,2257.438,1191.0762,2983.7463,2019.7715,5116.37,810.0
T000297,2007-07-31,2890.7058,900.87036,3650.2039,1943.116,-11221.556,1176.0
T000297,2007-08-31,2636.1216,-923.27344,3795.0454,2099.0337,-11264.282,1218.0
T000297,2007-09-30,3430.1934,1785.5116,3397.5217,1954.9436,-10667.481,1869.0
T000298,2006-10-31,474.98254,332.9541,751.2235,446.731,1109.2151,414.0
T000298,2006-11-30,590.94,-8.986633,651.32544,497.54108,390.39478,920.0
T000298,2006-12-31,497.23828,412.47287,788.5802,487.40024,152.04657,1650.0
T000298,2007-01-31,503.87067,411.97333,790.79456,494.45828,2293.8445,1222.0
T000298,2007-02-28,546.341,-359.71655,663.0734,512.81555,-74.970764,1100.0
T000298,2007-03-31,367.133,381.18402,710.80707,504.2561,1614.9451,782.0
T000298,2007-04-30,391.32312,138.01172,673.39417,484.40668,1193.2578,616.0
T000298,2007-05-31,394.39655,582.0883,711.3529,480.0528,-377.83112,272.0
T000298,2007-06-30,339.97693,-100.126465,607.45935,483.50278,589.40155,378.0
T000298,2007-07-31,418.36945,346.12286,685.0401,474.83496,-621.43787,336.0
T000298,2007-08-31,399.52222,-495.5631,705.9832,497.25873,-757.67883,483.0
T000298,2007-09-30,510.4608,407.09622,658.37683,475.6353,-987.40405,231.0
T000299,2006-10-31,206.47615,247.6196,219.30795,178.95622,382.96448,230.0
T000299,2006-11-30,216.46442,324.79086,228.2346,191.84264,252.00735,184.0
T000299,2006-12-31,182.15639,73.04253,226.0812,188.54697,188.20952,100.0
T000299,2007-01-31,206.41557,200.41971,212.15872,192.08035,347.11444,234.0
T000299,2007-02-28,216.06317,129.13516,215.6645,197.06671,199.96098,308.0
T000299,2007-03-31,195.21852,144.95886,220.32315,193.2016,292.90506,299.0
T000299,2007-04-30,202.51077,291.05933,218.81825,189.72328,215.82742,154.0
T000299,2007-05-31,192.61932,225.46693,223.72748,188.16667,-57.51004,119.0
T000299,2007-06-30,181.95547,183.42197,226.69492,189.2359,310.3322,126.0
T000299,2007-07-31,220.21579,172.52936,228.883,184.26595,120.27061,336.0
T000299,2007-08-31,215.97255,123.06733,223.79385,192.04854,135.3823,378.0
T000299,2007-09-30,210.19734,177.23665,221.53975,186.01877,169.56915,189.0
T000300,2006-10-31,708.9728,690.33215,483.90994,294.85974,495.49466,368.0
T000300,2006-11-30,713.42444,594.2341,447.53964,320.68732,64.11313,391.0
T000300,2006-12-31,659.5366,533.959,510.31503,315.4412,-141.1377,325.0
T000300,2007-01-31,718.20703,683.8984,474.9984,320.99835,1136.4341,832.0
T000300,2007-02-28,718.1464,691.19617,471.32108,330.5346,168.05276,858.0
T000300,2007-03-31,642.8663,429.4771,477.06772,324.21237,624.4482,552.0
T000300,2007-04-30,679.4967,664.1802,425.84058,316.46262,271.1226,242.0
T000300,2007-05-31,673.44574,484.70697,482.53683,313.32468,-263.50696,187.0
T000300,2007-06-30,646.7071,418.41016,440.77325,315.55356,379.77374,108.0
T000300,2007-07-31,733.8578,1020.1074,505.99884,307.63055,-25.828644,840.0
T000300,2007-08-31,678.92773,949.1201,463.1484,321.86404,-110.39447,315.0
T000300,2007-09-30,698.87897,741.4602,489.35513,309.59766,-22.47879,630.0
T000301,2006-10-31,4652.126,5054.8525,5483.411,2738.1958,14091.752,5152.0
T000301,2006-11-30,5640.6978,3711.374,4799.4775,3137.027,-642.2449,7521.0
T000301,2006-12-31,4750.615,2800.7202,5303.6094,3055.0981,-2630.9077,7525.0
T000301,2007-01-31,4846.3896,5331.824,5614.5225,3114.2747,20389.592,8684.0
T000301,2007-02-28,5412.2764,347.3579,4965.907,3259.1587,-2996.0215,9548.0
T000301,2007-03-31,3924.0178,5274.0825,5218.6885,3186.7368,15293.328,6371.0
T000301,2007-04-30,3729.5105,3023.03,4633.4785,3041.42,9587.377,3036.0
T000301,2007-05-31,3831.8386,4789.9277,4806.652,3002.3076,-9765.702,1547.0
T000301,2007-06-30,3368.886,1709.6499,4268.7236,3029.36,6115.427,1422.0
T000301,2007-07-31,4189.894,2465.6409,5102.5664,2951.7466,-11379.993,2688.0
T000301,2007-08-31,3861.9165,-355.23682,5234.4346,3129.6526,-11643.22,2394.0
T000301,2007-09-30,4768.897,3085.194,4776.094,2961.2576,-11148.227,2919.0
T000302,2006-10-31,1298.5093,1480.8367,1711.094,587.5343,5955.162,1771.0
T000302,2006-11-30,1833.3827,793.4099,1465.9828,729.156,-1799.3884,2599.0
T000302,2006-12-31,1396.8328,865.11444,1754.0312,696.5041,-2433.3872,2975.0
T000302,2007-01-31,1325.1674,1587.8895,1787.2032,723.12585,8576.659,3510.0
T000302,2007-02-28,1623.4965,-457.13562,1475.9193,777.03516,-3252.3762,3014.0
T000302,2007-03-31,879.0113,2030.7349,1561.6737,743.08496,5617.7285,1242.0
T000302,2007-04-30,847.77216,578.506,1342.792,697.2751,3821.1401,506.0
T000302,2007-05-31,964.6698,1410.6737,1472.7189,687.47217,-5544.8086,357.0
T000302,2007-06-30,749.901,270.08118,1204.0417,694.59106,2386.707,252.0
T000302,2007-07-31,1064.0055,113.4458,1556.35,652.11365,-6318.603,696.0
T000302,2007-08-31,951.38617,-721.39075,1636.4912,723.97107,-6481.7705,294.0
T000302,2007-09-30,1352.858,679.9625,1482.2173,664.49475,-6453.8926,546.0
T000303,2006-10-31,449.39597,447.52264,607.7394,343.6873,1291.8552,276.0
T000303,2006-11-30,607.6069,-62.987488,502.46335,397.51212,-15.33374,736.0
T000303,2006-12-31,487.58014,498.95834,666.2153,385.71387,-41.74121,1375.0
T000303,2007-01-31,497.6681,525.8608,656.4629,394.08707,2777.756,1300.0
T000303,2007-02-28,545.8238,-299.888,515.14984,414.2364,-352.5373,1056.0
T000303,2007-03-31,303.22906,595.70245,548.6436,403.83353,1580.2208,529.0
T000303,2007-04-30,297.10205,71.61215,507.9002,384.11972,963.1938,176.0
T000303,2007-05-31,361.22345,542.1618,551.8766,380.4452,-843.3911,153.0
T000303,2007-06-30,266.2341,-45.748535,452.23346,382.91968,460.6888,108.0
T000303,2007-07-31,402.51932,118.802826,560.23004,371.04236,-991.32495,384.0
T000303,2007-08-31,359.27115,-427.90375,581.3154,395.22464,-1346.5612,336.0
T000303,2007-09-30,488.9489,441.47644,530.2062,373.8525,-1453.9852,168.0
T000304,2006-10-31,1940.7695,2077.209,2527.633,1077.8298,7704.6816,2254.0
T000304,2006-11-30,2661.7698,909.8988,2185.1438,1270.5028,-2001.1392,3749.0
T000304,2006-12-31,2098.7087,1496.333,2617.9893,1226.2455,-2665.8071,4575.0
T000304,2007-01-31,2031.6165,2344.3433,2669.3198,1260.5361,12014.409,5018.0
T000304,2007-02-28,2404.4946,-646.084,2217.9966,1333.7441,-3693.0103,4312.0
T000304,2007-03-31,1393.081,2817.5571,2328.9717,1290.5582,7792.0166,1909.0
T000304,2007-04-30,1331.9263,820.2134,2046.3699,1224.5691,5227.028,946.0
T000304,2007-05-31,1514.28,2150.1882,2227.6365,1212.7722,-6673.085,612.0
T000304,2007-06-30,1203.9669,358.80383,1844.7632,1221.7175,3209.4531,540.0
T000304,2007-07-31,1649.8702,462.7976,2323.0796,1167.316,-7706.1533,1224.0
T000304,2007-08-31,1496.4265,-979.6809,2415.5427,1261.9636,-8189.492,756.0
T000304,2007-09-30,2038.4783,1360.7174,2212.8835,1183.4171,-8260.687,903.0
T000305,2006-10-31,810.359,957.66425,815.5794,426.95337,2515.2285,782.0
T000305,2006-11-30,1064.779,536.5124,735.067,501.89987,-269.03137,1219.0
T000305,2006-12-31,890.09216,583.37427,880.4698,486.1465,-368.6637,1400.0
T000305,2007-01-31,867.8697,989.70386,893.77454,497.35162,4127.384,1820.0
T000305,2007-02-28,983.003,-41.70941,777.09247,525.39954,-796.7379,1166.0
T000305,2007-03-31,648.44653,1139.6211,780.0379,510.74155,2812.7031,897.0
T000305,2007-04-30,620.9791,344.8445,683.92786,483.37723,1924.7996,330.0
T000305,2007-05-31,672.06384,815.2947,750.3323,477.39423,-1912.1355,272.0
T000305,2007-06-30,534.8152,269.63293,641.72363,481.68463,954.72577,126.0
T000305,2007-07-31,700.4351,102.10303,766.9697,465.71478,-2535.7617,312.0
T000305,2007-08-31,644.2269,-174.98486,807.9721,499.8659,-2634.685,294.0
T000305,2007-09-30,859.1756,450.5191,778.50433,468.7154,-2555.9905,441.0
T000306,2006-10-31,208.94815,202.5234,282.26288,192.91306,444.24225,253.0
T000306,2006-11-30,276.65054,14.522003,224.33298,214.29883,173.2907,299.0
T000306,2006-12-31,235.93605,251.41943,291.85782,209.7816,115.38563,750.0
T000306,2007-01-31,214.89078,221.95543,282.9355,213.179,1056.5437,416.0
T000306,2007-02-28,236.05118,-51.04648,221.58194,221.00615,-68.39267,440.0
T000306,2007-03-31,135.56848,212.10649,254.12535,216.85529,707.40735,207.0
T000306,2007-04-30,162.29053,89.46149,245.038,209.19733,439.73303,264.0
T000306,2007-05-31,177.8579,235.93361,262.302,207.36829,-146.40366,51.0
T000306,2007-06-30,134.32872,39.410614,205.12819,208.61528,162.5081,90.0
T000306,2007-07-31,190.74937,146.27524,241.43045,204.11539,-261.22772,72.0
T000306,2007-08-31,169.7685,-127.29663,252.49219,213.85371,-355.9355,63.0
T000306,2007-09-30,227.48767,206.01207,224.35457,204.90211,-331.41797,105.0
T000307,2006-10-31,252.00745,274.26367,115.96001,87.42232,109.15057,184.0
T000307,2006-11-30,257.67337,298.66113,112.001366,96.949715,93.27192,92.0
T000307,2006-12-31,246.13681,120.58629,130.21654,94.878044,93.18945,50.0
T000307,2007-01-31,253.04623,222.43547,114.08607,97.40821,237.39352,234.0
T000307,2007-02-28,256.49344,332.4714,128.11331,100.987595,65.490486,88.0
T000307,2007-03-31,223.99796,193.71524,122.19302,98.226685,126.905525,69.0
T000307,2007-04-30,239.3353,219.95456,103.02706,95.54314,71.0477,154.0
T000307,2007-05-31,241.69504,134.6052,127.65065,94.38786,-31.11103,51.0
T000307,2007-06-30,226.87933,219.58507,119.25636,95.339836,69.631775,72.0
T000307,2007-07-31,248.73535,356.32635,119.07443,91.837456,-26.973572,120.0
T000307,2007-08-31,239.10739,421.2247,123.0963,97.84179,33.345093,63.0
T000307,2007-09-30,260.1972,273.67432,126.73063,92.74566,93.57917,252.0
T000308,2006-10-31,1324.3152,1512.5581,1272.578,886.6163,2698.4124,1288.0
T000308,2006-11-30,1653.7146,921.85693,1135.3302,988.59784,726.3194,1610.0
T000308,2006-12-31,1438.9915,1019.7213,1371.0889,969.5764,617.50806,2275.0
T000308,2007-01-31,1398.0597,1522.1179,1358.097,980.53235,5049.1274,2600.0
T000308,2007-02-28,1543.744,280.67365,1173.769,1014.4951,-97.63904,1782.0
T000308,2007-03-31,1085.6544,1642.5293,1202.6107,1003.7025,3305.1118,1242.0
T000308,2007-04-30,1059.3718,694.909,1095.4462,959.3857,2055.8977,770.0
T000308,2007-05-31,1134.2949,1236.6354,1187.8417,949.7117,-1349.2373,425.0
T000308,2007-06-30,949.1211,595.14343,1030.5786,955.9207,775.4085,342.0
T000308,2007-07-31,1177.9103,661.3183,1195.1296,947.76605,-2079.0098,504.0
T000308,2007-08-31,1108.8398,171.31836,1258.3044,987.29675,-2257.2412,504.0
T000308,2007-09-30,1391.6129,975.4595,1200.7106,945.78796,-2087.5884,861.0
T000309,2006-10-31,1977.6796,2075.9575,2468.9277,2044.5496,3725.733,2576.0
T000309,2006-11-30,2322.0825,1518.0791,2363.9333,2182.1094,3621.7651,3427.0
T000309,2006-12-31,1974.3448,1827.1874,2422.538,2158.9421,2658.5034,3450.0
T000309,2007-01-31,1915.4683,2485.148,2458.1858,2170.4778,3991.1045,3198.0
T000309,2007-02-28,2120.4434,370.3318,2298.3394,2211.845,1445.3817,3322.0
T000309,2007-03-31,1522.0989,1800.7169,2420.72,2205.4683,2168.112,2714.0
T000309,2007-04-30,1566.4194,1719.2642,2237.4075,2141.8467,1123.9546,1298.0
T000309,2007-05-31,1583.6783,2180.145,2315.2651,2124.5295,-146.0188,935.0
T000309,2007-06-30,1437.949,897.3733,2154.394,2133.1133,567.192,810.0
T000309,2007-07-31,1788.4933,1228.5234,2298.4426,2137.685,88.4447,1920.0
T000309,2007-08-31,1713.3373,389.47888,2379.3818,2184.5544,494.10034,2625.0
T000309,2007-09-30,1979.1442,1802.671,2255.966,2125.939,43.141846,1449.0
T000310,2006-10-31,520.3268,493.03696,696.1943,449.32007,1090.8246,368.0
T000310,2006-11-30,622.6694,83.510345,570.3245,494.17545,13.472687,529.0
T000310,2006-12-31,545.4058,539.2191,774.6796,483.5912,-101.87463,1875.0
T000310,2007-01-31,541.4862,374.6264,727.34814,492.43048,2442.4243,1248.0
T000310,2007-02-28,579.7425,5.7233887,564.28534,510.5228,-456.2467,990.0
T000310,2007-03-31,363.00867,495.1156,626.8087,498.5846,1538.7438,506.0
T000310,2007-04-30,398.85443,158.29675,622.8163,484.7294,1120.3784,396.0
T000310,2007-05-31,440.6254,606.9986,669.98615,481.7174,-683.6245,340.0
T000310,2007-06-30,374.04837,44.87018,548.17725,484.18042,626.08923,288.0
T000310,2007-07-31,491.1423,404.60297,622.5361,470.22565,-700.8347,600.0
T000310,2007-08-31,448.34753,-233.61829,643.7799,492.70596,-906.05164,357.0
T000310,2007-09-30,554.84015,405.152,595.70996,474.0383,-807.4929,294.0
T000311,2006-10-31,325.97644,270.37338,390.22186,310.26855,598.98193,506.0
T000311,2006-11-30,337.37137,346.28357,383.97946,329.70218,173.60295,644.0
T000311,2006-12-31,310.31494,125.35603,350.16663,325.13882,308.82626,325.0
T000311,2007-01-31,319.2234,280.3485,385.65677,329.08044,512.0508,312.0
T000311,2007-02-28,341.14688,226.91487,397.47107,336.2795,344.8977,462.0
T000311,2007-03-31,319.8735,225.2602,398.58374,332.56876,666.08167,460.0
T000311,2007-04-30,316.87857,292.93304,367.61755,326.071,535.7277,528.0
T000311,2007-05-31,322.0281,382.2124,373.06198,323.63788,169.18544,238.0
T000311,2007-06-30,312.20328,238.06262,351.17776,325.20636,377.74863,378.0
T000311,2007-07-31,318.8071,253.81564,361.63,320.0955,109.27429,96.0
T000311,2007-08-31,302.23166,178.56647,367.49945,329.4833,55.940216,168.0
T000311,2007-09-30,340.40097,168.92953,360.50925,321.19345,160.61626,273.0
T000312,2006-10-31,372.14975,376.54776,475.5199,366.8244,689.11414,460.0
T000312,2006-11-30,384.35916,347.03613,449.4892,381.52823,417.41245,529.0
T000312,2006-12-31,348.65417,374.50186,447.03015,378.65353,368.1115,400.0
T000312,2007-01-31,358.37155,460.19,466.46417,381.25427,775.834,442.0
T000312,2007-02-28,355.20963,276.22375,438.94232,386.66177,215.92674,748.0
T000312,2007-03-31,325.57373,349.10098,462.7452,383.97583,306.70328,483.0
T000312,2007-04-30,343.7822,413.23004,439.654,378.65933,374.60526,242.0
T000312,2007-05-31,343.36206,423.03903,436.82562,377.02402,57.746613,306.0
T000312,2007-06-30,336.4271,391.2622,425.94522,378.01102,538.5909,396.0
T000312,2007-07-31,386.32065,308.8299,461.6163,375.29868,473.79224,504.0
T000312,2007-08-31,372.6577,241.69757,459.27084,382.28293,362.45663,483.0
T000312,2007-09-30,359.9505,366.36896,429.76843,375.73914,404.8001,336.0
T000313,2006-10-31,3147.9238,3197.047,4031.976,3272.3125,5895.2627,3910.0
T000313,2006-11-30,3633.295,2284.0017,3757.4114,3455.3477,4496.343,5129.0
T000313,2006-12-31,3186.9583,2869.2166,3992.177,3424.7732,3519.747,6050.0
T000313,2007-01-31,3110.65,3616.83,4032.6528,3439.6482,7494.2554,5200.0
T000313,2007-02-28,3382.0437,895.4292,3689.414,3494.7615,1812.0249,5522.0
T000313,2007-03-31,2537.6584,2863.3264,3899.5261,3486.6401,4465.78,4163.0
T000313,2007-04-30,2601.3328,2599.646,3665.93,3400.7205,2940.3474,2464.0
T000313,2007-05-31,2650.623,3595.1262,3776.5725,3379.168,-297.4143,1819.0
T000313,2007-06-30,2444.0278,1586.9045,3479.6052,3391.1128,1905.799,1872.0
T000313,2007-07-31,2917.356,2219.4204,3758.8835,3396.572,284.23706,3120.0
T000313,2007-08-31,2776.4634,568.3164,3849.9988,3457.648,290.74902,3633.0
T000313,2007-09-30,3205.1873,2719.3816,3650.6897,3380.992,99.41943,2352.0
T000314,2006-10-31,721.8674,728.37555,639.9723,402.75674,1411.7593,437.0
T000314,2006-11-30,858.3473,537.7644,602.8241,449.33783,360.67108,1104.0
T000314,2006-12-31,707.21216,286.4793,645.95355,440.66412,186.71014,925.0
T000314,2007-01-31,729.0971,757.6765,690.9745,446.66925,1690.4443,1118.0
T000314,2007-02-28,810.32324,474.9627,633.94006,462.22232,-57.228638,968.0
T000314,2007-03-31,626.8616,602.5797,639.3557,455.62332,1147.3416,713.0
T000314,2007-04-30,631.9834,574.287,547.5421,437.44626,832.1957,330.0
T000314,2007-05-31,634.6871,657.09973,593.6799,432.4277,-676.5575,340.0
T000314,2007-06-30,580.44073,285.85577,522.31915,435.616,564.9927,126.0
T000314,2007-07-31,663.56805,710.42676,604.839,429.3615,-1041.37,264.0
T000314,2007-08-31,638.6111,424.01395,615.15155,449.1925,-824.573,273.0
T000314,2007-09-30,731.9812,577.44305,588.8865,429.04037,-767.8109,546.0
T000315,2006-10-31,249.67363,211.83676,268.85318,154.49529,536.4403,115.0
T000315,2006-11-30,299.75198,85.70035,222.07521,172.38222,39.041916,253.0
T000315,2006-12-31,264.87076,266.34412,297.15387,168.57852,109.88552,675.0
T000315,2007-01-31,247.95477,229.64792,287.34143,171.77397,848.7082,494.0
T000315,2007-02-28,269.8916,-8.554306,229.34262,178.42134,-161.32617,418.0
T000315,2007-03-31,185.3822,195.55782,246.8665,174.56296,646.9441,161.0
T000315,2007-04-30,208.30432,127.606346,240.08017,168.2842,483.98892,264.0
T000315,2007-05-31,224.21182,217.5062,260.3112,166.74298,-200.95963,85.0
T000315,2007-06-30,195.2609,73.48279,211.18805,167.98555,258.27112,108.0
T000315,2007-07-31,225.82387,234.71184,249.97697,163.62215,-249.11609,192.0
T000315,2007-08-31,215.92131,136.40268,254.68185,172.35098,-363.66278,84.0
T000315,2007-09-30,263.9311,213.59335,234.96172,164.56407,-401.63336,168.0
T000316,2006-10-31,85.91031,-8.875595,138.17906,88.6903,732.2399,115.0
T000316,2006-11-30,139.41254,6.698242,174.98769,102.81043,-72.78735,483.0
T000316,2006-12-31,87.535614,12.306473,137.08653,99.21759,-451.37695,150.0
T000316,2007-01-31,69.395004,-12.3233185,147.61243,101.999435,275.91434,26.0
T000316,2007-02-28,90.85416,83.57976,166.59352,108.622025,-575.092,176.0
T000316,2007-03-31,52.63717,268.03168,166.75327,104.19616,197.63513,46.0
T000316,2007-04-30,104.35974,23.32238,133.28366,100.91514,615.8613,44.0
T000316,2007-05-31,116.12555,34.93551,148.35864,99.25611,-105.31271,306.0
T000316,2007-06-30,100.03217,33.511154,133.36707,100.11977,402.28802,126.0
T000316,2007-07-31,98.92423,-99.40823,126.05107,95.20303,-585.2705,48.0
T000316,2007-08-31,95.2068,-140.0473,137.99467,102.37447,-599.4146,63.0
T000316,2007-09-30,106.65526,44.524162,117.8015,96.48826,-509.02905,21.0
T000317,2006-10-31,123.93193,94.47453,285.05194,230.47379,705.4112,299.0
T000317,2006-11-30,161.81088,144.24028,311.71716,245.97763,347.47516,575.0
T000317,2006-12-31,100.772995,57.94742,268.1694,242.37212,70.47681,125.0
T000317,2007-01-31,123.0096,163.3414,283.34808,244.58922,426.35706,260.0
T000317,2007-02-28,119.90903,-52.15764,305.17493,250.84279,6.0787964,308.0
T000317,2007-03-31,72.780914,287.0725,305.40393,247.66685,220.42169,322.0
T000317,2007-04-30,107.01796,120.52977,267.88507,242.43953,368.61243,176.0
T000317,2007-05-31,102.4823,174.73148,280.72253,240.46982,34.753326,323.0
T000317,2007-06-30,97.00725,36.823807,268.68295,241.58432,455.36743,216.0
T000317,2007-07-31,121.905106,-58.00914,269.02603,239.05974,-31.370972,336.0
T000317,2007-08-31,103.96065,-221.9167,270.4375,245.29367,-35.667877,294.0
T000317,2007-09-30,119.63374,168.30034,265.50433,239.31168,-60.842896,63.0
T000318,2006-10-31,1126.3988,1008.18665,1344.304,1002.45294,2719.0422,966.0
T000318,2006-11-30,1381.4177,764.2147,1322.5992,1074.647,1565.9045,2415.0
T000318,2006-12-31,1114.0306,625.8351,1318.8905,1062.2018,851.6488,1875.0
T000318,2007-01-31,1101.5077,1153.7709,1418.5088,1067.9169,2511.6377,1898.0
T000318,2007-02-28,1225.6261,512.9954,1339.1847,1091.6332,73.64148,1870.0
T000318,2007-03-31,945.6893,1346.8274,1364.064,1085.1472,1534.021,1242.0
T000318,2007-04-30,987.4946,860.61774,1187.2162,1053.5212,1626.025,814.0
T000318,2007-05-31,996.1558,1086.8241,1262.8325,1045.1045,52.34143,1054.0
T000318,2007-06-30,945.8596,443.9989,1119.8071,1049.9252,1028.3975,576.0
T000318,2007-07-31,1032.9263,809.81067,1259.1742,1049.2579,-877.536,840.0
T000318,2007-08-31,966.8917,191.159,1276.8213,1074.599,-897.8114,714.0
T000318,2007-09-30,1142.5092,981.6861,1223.4768,1044.4894,-763.2925,798.0
T000319,2006-10-31,8108.9053,9030.515,9676.237,4310.1245,29870.725,9706.0
T000319,2006-11-30,10236.705,6189.2603,8653.14,5023.477,-5198.162,14375.0
T000319,2006-12-31,8345.166,5342.8174,9498.168,4869.2188,-8783.526,14200.0
T000319,2007-01-31,8280.433,9852.682,9936.057,4990.479,39590.742,16042.0
T000319,2007-02-28,9522.239,229.97998,8795.212,5257.021,-11493.81,15752.0
T000319,2007-03-31,6381.7104,9893.474,9221.727,5104.899,28719.846,10304.0
T000319,2007-04-30,6110.093,5143.5303,8101.2646,4861.5986,19765.875,4488.0
T000319,2007-05-31,6444.311,8560.338,8539.625,4798.6685,-23768.32,2873.0
T000319,2007-06-30,5570.3315,2927.852,7483.6045,4841.9995,13401.51,2124.0
T000319,2007-07-31,7078.3423,3076.7002,8887.874,4663.794,-27282.684,4368.0
T000319,2007-08-31,6513.4487,-1013.2002,9216.194,5007.653,-26260.031,4704.0
T000319,2007-09-30,8291.866,5274.6943,8510.417,4702.8984,-26297.48,4851.0
T000320,2006-10-31,1900.7017,1682.0529,2611.1946,1544.782,4288.4346,1426.0
T000320,2006-11-30,2390.1436,108.393555,2166.7026,1723.5833,768.6162,2737.0
T000320,2006-12-31,2017.2037,1969.3247,2824.5195,1682.8063,430.69885,6325.0
T000320,2007-01-31,1997.333,1769.1597,2744.076,1715.4714,9233.72,4680.0
T000320,2007-02-28,2187.855,-708.4734,2186.1638,1783.7712,-942.2449,4004.0
T000320,2007-03-31,1354.4431,1877.548,2379.118,1743.411,5894.131,2185.0
T000320,2007-04-30,1416.5552,589.9004,2292.4468,1681.3574,3994.5842,1716.0
T000320,2007-05-31,1586.7434,2185.5312,2447.6958,1670.0813,-2046.376,901.0
T000320,2007-06-30,1299.1079,16.619873,2027.6907,1679.2507,1925.372,972.0
T000320,2007-07-31,1725.6007,1257.8114,2352.268,1631.6307,-2617.1914,1584.0
T000320,2007-08-31,1574.0388,-1150.388,2439.0896,1718.1913,-3524.6128,1323.0
T000320,2007-09-30,2024.9371,1666.0062,2235.377,1644.0725,-3777.1284,966.0
T000321,2006-10-31,751.007,624.1667,910.082,748.7474,1498.4387,989.0
T000321,2006-11-30,795.8637,812.6563,930.3817,786.0768,951.2255,1610.0
T000321,2006-12-31,697.2231,266.14264,832.05927,777.2369,614.74457,700.0
T000321,2007-01-31,724.14905,610.2406,924.7681,784.0108,1045.3452,650.0
T000321,2007-02-28,771.4475,540.40106,946.9365,798.6398,568.2489,1144.0
T000321,2007-03-31,706.78375,773.74274,949.31305,791.3926,1074.994,897.0
T000321,2007-04-30,730.3651,710.4022,848.81116,778.651,1207.2949,1034.0
T000321,2007-05-31,738.1974,827.22076,869.90137,774.12476,594.8665,714.0
T000321,2007-06-30,713.6152,616.38184,812.29016,776.82416,891.6857,738.0
T000321,2007-07-31,729.68304,520.2392,856.75653,768.18964,227.20624,552.0
T000321,2007-08-31,699.38245,260.72217,867.73535,785.03876,85.65796,693.0
T000321,2007-09-30,757.03827,512.00385,835.2507,769.80664,437.6064,609.0
T000322,2006-10-31,1584.956,1534.4417,1490.3119,1238.8755,1499.3829,1449.0
T000322,2006-11-30,1648.4752,1493.3624,1431.2146,1295.7311,1953.7106,1702.0
T000322,2006-12-31,1495.4147,1230.2058,1483.6708,1286.9661,1546.4613,1075.0
T000322,2007-01-31,1578.4279,1718.1389,1483.7974,1294.0734,2071.8923,2028.0
T000322,2007-02-28,1580.8279,1310.118,1443.9595,1312.9012,1519.8606,2134.0
T000322,2007-03-31,1418.7129,1407.3188,1459.506,1306.5647,796.621,1541.0
T000322,2007-04-30,1464.1179,1536.5913,1370.1287,1282.8162,499.59015,792.0
T000322,2007-05-31,1443.8467,1282.5251,1434.2216,1274.9585,882.11304,969.0
T000322,2007-06-30,1390.7478,1116.3156,1362.7233,1279.6312,805.3356,918.0
T000322,2007-07-31,1579.4792,1737.5125,1498.4247,1275.9923,1409.0198,1872.0
T000322,2007-08-31,1502.541,1507.5641,1453.8094,1300.1282,1218.296,1281.0
T000322,2007-09-30,1525.051,1696.561,1459.0017,1274.0549,1338.8608,1407.0
T000323,2006-10-31,12165.644,12827.96,14671.122,7698.6846,37922.242,13570.0
T000323,2006-11-30,14881.443,8578.689,13193.739,8605.768,-2592.5781,20424.0
T000323,2006-12-31,12500.012,8815.252,14599.07,8417.424,-7300.8994,22300.0
T000323,2007-01-31,12430.82,13988.051,15106.701,8555.756,52788.367,23400.0
T000323,2007-02-28,13957.189,1409.209,13386.821,8883.045,-11374.375,23034.0
T000323,2007-03-31,9896.726,13936.354,13986.052,8718.118,37260.17,14927.0
T000323,2007-04-30,9591.782,8016.89,12626.837,8383.066,26230.346,8030.0
T000323,2007-05-31,10074.018,12861.87,13232.217,8304.172,-25526.102,5457.0
T000323,2007-06-30,8909.204,4712.295,11731.908,8357.645,17777.69,4752.0
T000323,2007-07-31,10929.962,6646.4253,13657.755,8172.1973,-29489.594,8376.0
T000323,2007-08-31,10094.428,-413.18652,14030.341,8587.457,-29571.598,8001.0
T000323,2007-09-30,12429.027,9094.894,13078.227,8205.285,-29455.27,7833.0
T000324,2006-10-31,20246.266,22279.928,26185.91,20287.465,38575.6,22609.0
T000324,2006-11-30,24702.926,14705.267,22640.555,22039.816,21191.66,33626.0
T000324,2006-12-31,21165.215,15110.631,25771.102,21742.287,18599.666,34850.0
T000324,2007-01-31,21685.818,22167.756,27168.047,21892.068,72727.37,43654.0
T000324,2007-02-28,23927.77,-1516.1484,23768.238,22460.994,13257.072,47212.0
T000324,2007-03-31,17879.516,23899.283,24670.496,22305.611,53258.668,28566.0
T000324,2007-04-30,16822.121,9675.098,22188.756,21537.182,29111.064,16566.0
T000324,2007-05-31,17692.262,26083.049,23016.55,21339.861,-5890.9805,9690.0
T000324,2007-06-30,15232.271,5922.92,20441.672,21456.217,9649.646,8154.0
T000324,2007-07-31,18365.404,11013.78,24982.537,21416.14,-15039.555,12768.0
T000324,2007-08-31,17410.525,-2473.8086,25457.15,22027.03,-23181.625,11781.0
T000324,2007-09-30,21149.89,11034.635,23149.4,21309.486,-18582.441,12222.0
T000325,2006-10-31,10642.8125,10931.85,14292.764,7631.385,23433.344,8119.0
T000325,2006-11-30,13114.424,305.19336,11673.098,8638.521,-1081.8691,13271.0
T000325,2006-12-31,11480.731,11540.156,15017.041,8397.479,-2023.6904,33075.0
T000325,2007-01-31,11364.756,9336.933,14864.35,8599.312,55550.94,23582.0
T000325,2007-02-28,12390.882,-3120.164,12085.949,9004.851,-7748.0186,23342.0
T000325,2007-03-31,8394.15,10047.84,13166.611,8738.26,40271.445,16307.0
T000325,2007-04-30,8817.864,3028.1396,12707.898,8413.392,27612.707,11528.0
T000325,2007-05-31,9194.954,11613.548,13317.236,8357.138,-13499.406,4913.0
T000325,2007-06-30,7679.2275,392.63574,11284.038,8414.299,12640.109,4932.0
T000325,2007-07-31,9785.737,7302.9844,12950.61,8092.129,-20890.879,7152.0
T000325,2007-08-31,9034.674,-5860.84,13379.275,8612.247,-26078.652,6153.0
T000325,2007-09-30,11533.351,7500.744,12148.12,8184.4463,-26404.07,5481.0
T000326,2006-10-31,1918.6565,1774.0382,2220.6987,1808.5017,2799.7634,2369.0
T000326,2006-11-30,2023.0359,1983.7461,2151.5864,1889.78,1977.7687,3036.0
T000326,2006-12-31,1794.2579,1020.50946,2034.2859,1871.4385,1606.1616,1750.0
T000326,2007-01-31,1872.6395,1667.7257,2207.1519,1886.3347,2576.8374,2028.0
T000326,2007-02-28,2007.3779,1526.2528,2121.1448,1917.0493,1760.1295,3190.0
T000326,2007-03-31,1857.4512,1723.4121,2203.811,1900.85,2540.0947,2231.0
T000326,2007-04-30,1875.614,1882.3079,2036.2338,1873.6381,2371.595,1870.0
T000326,2007-05-31,1859.3497,1975.6637,2025.7592,1864.368,1427.7335,1802.0
T000326,2007-06-30,1809.7999,1546.2644,1941.217,1870.5507,1607.4767,1908.0
T000326,2007-07-31,1879.2969,1595.3048,2099.7434,1850.728,781.52527,1296.0
T000326,2007-08-31,1793.6031,1157.5736,2140.0125,1888.0916,583.20056,1617.0
T000326,2007-09-30,1919.4395,1211.9493,1986.0787,1854.9142,986.74347,1638.0
T000327,2006-10-31,2851.7979,2750.609,2922.924,2554.4688,2524.7166,2921.0
T000327,2006-11-30,2984.5137,2599.7612,2806.6797,2647.122,3339.9114,3174.0
T000327,2006-12-31,2755.1284,2370.4583,2912.2192,2632.4207,2775.2703,2800.0
T000327,2007-01-31,2852.5195,2914.188,2916.8264,2642.0776,4342.6777,3744.0
T000327,2007-02-28,2892.8572,2282.7656,2830.7922,2673.3687,2842.854,3850.0
T000327,2007-03-31,2606.6816,2468.4272,2861.2063,2663.702,2361.759,3059.0
T000327,2007-04-30,2668.8975,2694.1304,2745.3933,2624.8433,1301.6351,2134.0
T000327,2007-05-31,2620.224,2605.6335,2814.0225,2611.953,1799.9243,1938.0
T000327,2007-06-30,2524.9067,1969.6768,2708.8235,2618.9546,1427.4977,1890.0
T000327,2007-07-31,2858.2212,3151.7485,2909.1248,2615.3452,2477.3147,3264.0
T000327,2007-08-31,2710.9153,2317.2297,2874.6807,2651.526,1983.0912,2562.0
T000327,2007-09-30,2791.8071,2794.808,2852.0764,2611.207,2312.7627,2499.0
T000328,2006-10-31,35176.168,37631.797,45603.785,30911.41,67581.31,36018.0
T000328,2006-11-30,42276.45,19533.48,39214.74,33629.438,25660.244,53107.0
T000328,2006-12-31,36888.902,30058.123,45744.023,33103.223,21051.594,72475.0
T000328,2007-01-31,37465.465,36178.19,47015.33,33427.75,135354.2,73008.0
T000328,2007-02-28,41019.016,-737.26953,40763.3,34369.777,10270.883,77594.0
T000328,2007-03-31,30682.016,38100.887,42800.473,34009.547,98733.09,50163.0
T000328,2007-04-30,29635.973,17367.96,39729.465,32889.125,60789.227,32098.0
T000328,2007-05-31,30892.29,42293.035,41077.188,32632.225,-16028.031,18343.0
T000328,2007-06-30,27023.137,9916.537,36567.69,32805.465,25505.379,16884.0
T000328,2007-07-31,32449.178,23194.95,43041.562,32498.854,-32496.395,24480.0
T000328,2007-08-31,30342.076,-4903.1445,43938.66,33591.16,-46676.227,22113.0
T000328,2007-09-30,36842.71,22410.498,40243.492,32465.328,-41584.297,21840.0
T000329,2006-10-31,254.95053,282.09964,353.13748,274.51373,530.77356,230.0
T000329,2006-11-30,279.59717,169.07622,336.46494,292.16165,282.8563,391.0
T000329,2006-12-31,269.94232,331.8,352.04874,287.92886,236.37799,575.0
T000329,2007-01-31,272.75226,310.77747,352.62347,291.44113,697.15875,286.0
T000329,2007-02-28,263.21887,22.15924,327.8501,298.62433,163.33597,462.0
T000329,2007-03-31,236.81157,368.39774,352.1827,293.85187,755.1829,414.0
T000329,2007-04-30,253.13948,172.836,346.50525,288.81384,571.64703,330.0
T000329,2007-05-31,258.1435,337.09296,351.61697,287.12228,140.37346,374.0
T000329,2007-06-30,238.4011,270.61658,330.10287,288.36295,463.32883,216.0
T000329,2007-07-31,261.47208,136.22928,339.28894,283.51395,168.22491,408.0
T000329,2007-08-31,253.48071,-0.13238525,334.13342,291.88544,94.27518,252.0
T000329,2007-09-30,277.50766,278.30423,328.78894,284.3471,99.01637,210.0
T000330,2006-10-31,974.0477,922.7471,974.028,610.24835,1731.958,713.0
T000330,2006-11-30,1134.7524,515.948,867.4281,661.9297,540.60034,1219.0
T000330,2006-12-31,1060.2991,607.6825,997.5686,648.8646,295.57187,2375.0
T000330,2007-01-31,998.9045,849.48096,977.65955,661.7426,2431.8442,936.0
T000330,2007-02-28,1049.4028,700.2044,866.5073,683.7144,-253.19672,946.0
T000330,2007-03-31,875.3313,726.23914,954.21576,666.5721,2421.7444,1058.0
T000330,2007-04-30,932.61224,926.4939,910.6353,653.5486,1799.6736,968.0
T000330,2007-05-31,967.7246,921.65753,985.3445,649.0686,-361.4212,374.0
T000330,2007-06-30,882.814,645.0499,819.3568,652.80396,1223.0217,648.0
T000330,2007-07-31,925.59296,954.8022,856.29504,631.57623,-949.1282,552.0
T000330,2007-08-31,905.1447,398.99368,864.7206,661.73206,-965.772,567.0
T000330,2007-09-30,1043.1199,712.2152,843.98505,638.0549,-571.63135,798.0
T000331,2006-10-31,140.20396,93.27299,113.547165,94.72921,191.00163,69.0
T000331,2006-11-30,145.769,172.44269,116.31974,101.71451,132.10886,115.0
T000331,2006-12-31,129.78848,38.036636,116.56823,99.995125,65.8261,50.0
T000331,2007-01-31,138.05043,129.90681,120.39936,101.34083,143.89088,104.0
T000331,2007-02-28,147.54788,130.48972,118.055885,104.186646,149.07622,154.0
T000331,2007-03-31,140.45865,100.51159,115.78365,102.47996,261.79816,92.0
T000331,2007-04-30,152.5307,195.31354,120.609474,100.32018,227.93156,154.0
T000331,2007-05-31,149.282,139.23961,119.78269,99.57071,46.58251,153.0
T000331,2007-06-30,137.13336,159.3678,124.64997,100.01451,192.02637,162.0
T000331,2007-07-31,145.71356,135.65335,120.3395,97.94989,15.468422,72.0
T000331,2007-08-31,145.56403,162.53947,117.57088,101.46942,7.4316483,147.0
T000331,2007-09-30,148.37283,79.34454,115.58967,98.765755,46.92775,126.0
T000332,2006-10-31,110.5471,124.43422,109.431595,90.85997,98.553795,69.0
T000332,2006-11-30,121.72933,96.84342,103.8115,97.49627,122.81981,138.0
T000332,2006-12-31,106.56425,85.17209,104.33911,96.05049,134.72806,75.0
T000332,2007-01-31,113.6092,126.393974,114.941124,97.429306,140.75374,26.0
T000332,2007-02-28,118.35048,82.011536,119.14724,99.87716,96.53175,176.0
T000332,2007-03-31,111.1408,66.99806,118.31014,98.50641,178.11755,230.0
T000332,2007-04-30,117.31383,121.74512,113.57557,96.400635,158.47171,132.0
T000332,2007-05-31,113.52178,113.00892,109.50311,95.58294,94.46171,68.0
T000332,2007-06-30,111.16078,84.64812,112.3773,96.185326,118.32008,126.0
T000332,2007-07-31,113.70791,93.17573,107.84018,94.33763,152.3099,48.0
T000332,2007-08-31,112.0733,103.54295,103.38776,97.568214,112.92409,126.0
T000332,2007-09-30,119.99124,89.328545,100.94865,94.69051,98.5245,105.0
T000333,2006-10-31,1446.2577,1413.0941,1555.6792,1098.3805,2490.9648,1081.0
T000333,2006-11-30,1623.4504,948.8418,1430.1843,1165.4285,1092.2811,1863.0
T000333,2006-12-31,1549.204,1064.1714,1559.6865,1147.7683,765.21967,3075.0
T000333,2007-01-31,1490.7075,1424.8402,1562.2142,1166.125,3360.4028,1352.0
T000333,2007-02-28,1535.9316,943.0045,1437.2634,1195.0568,177.1388,1738.0
T000333,2007-03-31,1363.6825,1258.7036,1537.8147,1171.0146,3548.553,1794.0
T000333,2007-04-30,1418.365,1424.3711,1488.1892,1155.7307,2678.6135,1584.0
T000333,2007-05-31,1459.4259,1512.3683,1556.6599,1150.422,-49.141113,969.0
T000333,2007-06-30,1356.4181,1167.3713,1378.5337,1155.069,1944.1628,1152.0
T000333,2007-07-31,1405.5579,1331.7168,1427.7184,1124.3816,-585.77747,1080.0
T000333,2007-08-31,1373.1584,661.0289,1429.1222,1165.4929,-709.6947,1092.0
T000333,2007-09-30,1544.1309,1147.2905,1395.755,1134.1195,-293.589,1239.0
T000334,2006-10-31,2584.411,2215.326,2804.558,2167.4443,3899.2134,2254.0
T000334,2006-11-30,2859.8533,1000.8788,2552.911,2280.577,1614.9402,2254.0
T000334,2006-12-31,2637.472,2677.2595,2968.1777,2254.413,881.7538,5875.0
T000334,2007-01-31,2598.1978,2140.3457,2869.2952,2276.682,7847.7397,3718.0
T000334,2007-02-28,2617.3384,695.515,2526.3271,2322.1716,-177.92285,2904.0
T000334,2007-03-31,2147.0786,2000.8444,2698.6353,2292.3394,5026.505,3059.0
T000334,2007-04-30,2369.3386,1879.26,2694.6687,2256.2712,4638.9927,2222.0
T000334,2007-05-31,2383.2808,2153.7712,2815.6733,2248.9797,151.3739,2380.0
T000334,2007-06-30,2208.6724,1181.473,2527.4302,2255.2295,2991.2922,1818.0
T000334,2007-07-31,2453.045,2596.2834,2592.4321,2220.8494,-407.42017,2304.0
T000334,2007-08-31,2354.8308,972.1625,2674.7935,2278.8867,-1262.3274,2121.0
T000334,2007-09-30,2616.266,2396.2698,2590.6235,2230.271,-1646.7268,1974.0
T000335,2006-10-31,3211.7146,3035.816,3197.2314,2544.5857,4746.2236,2530.0
T000335,2006-11-30,3620.8403,1802.6257,2918.9888,2663.8267,2684.6672,2967.0
T000335,2006-12-31,3434.311,3098.4985,3316.1572,2630.703,1979.5791,6825.0
T000335,2007-01-31,3171.173,2497.8906,3219.708,2664.009,6700.357,2756.0
T000335,2007-02-28,3322.39,2297.0762,2930.958,2716.433,-220.03687,2970.0
T000335,2007-03-31,2762.7495,2440.873,3129.4763,2670.036,5397.702,3105.0
T000335,2007-04-30,3113.3433,2661.6406,3144.0354,2645.8074,5348.1006,3696.0
T000335,2007-05-31,3231.58,2880.5374,3325.0579,2637.8838,1289.6846,2737.0
T000335,2007-06-30,2957.0427,1985.5828,2892.77,2644.4011,3473.8591,2268.0
T000335,2007-07-31,3089.5732,3331.9287,2997.2795,2587.2563,-325.1272,2592.0
T000335,2007-08-31,3039.8542,1825.9846,3006.9473,2660.4753,-595.2346,2583.0
T000335,2007-09-30,3353.55,3199.2107,2944.7002,2607.7922,-599.5049,2709.0
T000336,2006-10-31,690.3762,551.69214,553.72656,559.5921,870.2107,368.0
T000336,2006-11-30,697.89777,663.4683,587.2822,573.7889,697.4332,690.0
T000336,2006-12-31,670.4277,531.15405,569.09216,571.2518,513.18524,425.0
T000336,2007-01-31,681.3599,691.3277,570.88116,572.28094,425.42792,520.0
T000336,2007-02-28,695.221,776.50433,601.342,578.1544,425.64267,528.0
T000336,2007-03-31,677.4951,615.4536,592.6545,576.9117,612.0274,736.0
T000336,2007-04-30,702.6403,725.2559,581.4043,571.00323,600.54706,660.0
T000336,2007-05-31,718.12994,552.4642,595.19867,568.7336,574.2664,697.0
T000336,2007-06-30,686.8028,767.71484,597.0422,569.7192,723.2565,486.0
T000336,2007-07-31,713.65894,708.087,566.7509,569.4927,512.6624,528.0
T000336,2007-08-31,704.0319,799.96313,569.0879,574.23627,563.24615,651.0
T000336,2007-09-30,707.24927,744.4079,573.5716,568.56555,620.9317,672.0
T000337,2006-10-31,2201.2378,2325.4194,1899.3588,1583.8912,2009.6187,2415.0
T000337,2006-11-30,2253.394,2082.395,1858.537,1627.4321,1750.5013,1771.0
T000337,2006-12-31,2225.5715,1924.2794,1819.6526,1618.575,1846.2894,1775.0
T000337,2007-01-31,2179.0166,2186.2778,1759.6366,1626.0331,2458.4878,1404.0
T000337,2007-02-28,2193.2886,2307.0903,1827.9951,1643.219,1291.5369,1782.0
T000337,2007-03-31,2121.2417,1654.7731,1863.5851,1633.642,2274.6777,2070.0
T000337,2007-04-30,2182.0586,2504.4268,1811.3381,1619.8342,1941.4059,1848.0
T000337,2007-05-31,2196.755,1769.296,1837.58,1613.9277,1474.0656,1700.0
T000337,2007-06-30,2142.0728,2123.8975,1839.8173,1617.6571,1546.607,1746.0
T000337,2007-07-31,2182.4546,2641.794,1792.8455,1607.0265,1284.7894,1680.0
T000337,2007-08-31,2159.6191,2750.1067,1862.1509,1629.8241,1230.1162,1617.0
T000337,2007-09-30,2230.0703,2142.997,1825.86,1608.9945,1186.0637,2184.0
T000338,2006-10-31,8586.103,8097.978,8429.4795,6914.801,10610.879,7567.0
T000338,2006-11-30,9392.508,5531.8657,7903.5137,7144.915,7817.3594,7682.0
T000338,2006-12-31,8962.381,8235.929,8626.624,7082.6167,6384.6147,14900.0
T000338,2007-01-31,8513.24,7542.344,8438.765,7144.6523,16462.365,8398.0
T000338,2007-02-28,8792.838,6102.236,7870.541,7244.4653,2370.5518,8184.0
T000338,2007-03-31,7719.8716,6700.9253,8262.257,7160.682,12367.485,8970.0
T000338,2007-04-30,8258.979,7796.131,8258.598,7107.039,11565.651,8426.0
T000338,2007-05-31,8417.292,7360.451,8552.172,7094.2344,4724.146,7514.0
T000338,2007-06-30,7983.2393,6083.2754,7862.655,7106.6675,7856.979,6318.0
T000338,2007-07-31,8341.135,9316.038,7975.463,7001.732,2325.7676,7104.0
T000338,2007-08-31,8149.9263,6335.688,8068.3486,7139.578,1107.0151,6972.0
T000338,2007-09-30,8834.173,8444.794,7919.904,7038.3413,773.1792,7539.0
T000339,2006-10-31,1510.1078,1719.1285,1762.9067,1569.8339,2806.879,1633.0
T000339,2006-11-30,1861.5941,1195.4431,1657.0663,1657.3241,2352.5376,2001.0
T000339,2006-12-31,1619.879,1749.3728,1822.4047,1641.8828,2416.8684,2425.0
T000339,2007-01-31,1657.2229,1990.1312,1821.1067,1648.6298,4346.555,2704.0
T000339,2007-02-28,1670.8425,-22.330566,1683.1945,1678.5046,1638.645,2288.0
T000339,2007-03-31,1324.2031,1972.2379,1707.6866,1670.8,3201.3877,1886.0
T000339,2007-04-30,1359.2703,1034.4196,1635.129,1632.5347,1977.8191,1122.0
T000339,2007-05-31,1381.0962,1685.0072,1689.5211,1622.7506,336.4403,867.0
T000339,2007-06-30,1235.5142,1100.44,1585.5809,1628.1199,1243.5491,1170.0
T000339,2007-07-31,1449.1678,533.8297,1718.9194,1626.0282,407.06042,1560.0
T000339,2007-08-31,1426.7781,168.56848,1749.3823,1654.7771,-151.97375,1554.0
T000339,2007-09-30,1616.8187,1413.701,1705.3245,1621.4888,-206.69983,1134.0
T000340,2006-10-31,1944.9874,1859.1682,1892.4668,1679.1455,2424.2349,1472.0
T000340,2006-11-30,2174.6897,1085.742,1696.521,1741.7415,1473.8687,1587.0
T000340,2006-12-31,2079.0852,2034.9478,1947.1509,1727.5144,1176.3988,3950.0
T000340,2007-01-31,1988.8486,1842.7211,1871.111,1739.2257,4576.6113,1586.0
T000340,2007-02-28,2007.2568,1504.7556,1685.5646,1765.8705,607.25183,1980.0
T000340,2007-03-31,1733.8983,1783.7646,1812.5801,1747.1404,3471.3564,1702.0
T000340,2007-04-30,1893.4222,1579.9352,1828.1757,1730.1246,2904.1597,1892.0
T000340,2007-05-31,1945.5227,1931.466,1918.8899,1724.21,832.0555,1326.0
T000340,2007-06-30,1848.6235,1448.9122,1694.0729,1728.3485,2119.9446,1512.0
T000340,2007-07-31,1940.2684,1957.2546,1754.007,1709.3383,224.1427,1872.0
T000340,2007-08-31,1892.7001,969.7648,1743.5923,1740.6216,-248.35144,1491.0
T000340,2007-09-30,2023.9049,1967.0464,1703.6562,1714.0474,123.5896,1659.0
T000341,2006-10-31,484.58694,533.16766,460.53665,452.13013,585.599,368.0
T000341,2006-11-30,512.9182,493.4738,477.82635,465.2069,509.08533,276.0
T000341,2006-12-31,484.73712,469.66687,480.18732,462.75208,399.74884,400.0
T000341,2007-01-31,503.52057,489.94705,470.51312,464.5742,540.01996,520.0
T000341,2007-02-28,501.0633,335.16434,476.45032,469.59183,330.60904,528.0
T000341,2007-03-31,472.58658,551.4629,469.82535,466.97916,570.5473,552.0
T000341,2007-04-30,495.56274,475.72604,474.03497,462.59827,495.9659,528.0
T000341,2007-05-31,484.86624,359.21603,480.30054,460.7349,208.54756,425.0
T000341,2007-06-30,474.84006,381.52765,487.3429,462.08746,480.1837,432.0
T000341,2007-07-31,490.42795,448.51456,485.9689,459.53473,209.8801,504.0
T000341,2007-08-31,499.55997,460.8115,481.0924,465.4475,296.01178,693.0
T000341,2007-09-30,503.46365,495.9668,479.31277,459.58087,102.3616,462.0
T000342,2006-10-31,1761.2561,1525.3484,1321.3679,1473.8081,3499.754,1196.0
T000342,2006-11-30,2186.2498,1320.7859,1320.6614,1581.3898,2766.0298,1587.0
T000342,2006-12-31,1915.6023,2177.6528,1335.8334,1555.3605,2223.7854,1575.0
T000342,2007-01-31,1926.4847,2365.669,1345.7473,1573.8403,5425.6455,1560.0
T000342,2007-02-28,1878.9105,325.9729,1340.974,1625.038,2137.4744,1166.0
T000342,2007-03-31,1526.7131,2783.2883,1343.7324,1589.9268,4620.0703,1495.0
T000342,2007-04-30,1804.6483,859.999,1292.2065,1564.6885,4032.805,1232.0
T000342,2007-05-31,1713.887,1986.492,1325.391,1550.56,1250.8997,986.0
T000342,2007-06-30,1599.7332,2071.016,1291.9816,1560.0061,2379.1128,1152.0
T000342,2007-07-31,1812.5549,375.9944,1292.6661,1524.2943,216.70374,1248.0
T000342,2007-08-31,1755.3789,115.70776,1302.4846,1576.1609,-229.5437,1260.0
T000342,2007-09-30,1978.1061,2066.3887,1311.2793,1534.0,-584.1968,1365.0
T000343,2006-10-31,5922.3325,5915.222,5788.499,5753.598,7632.78,4853.0
T000343,2006-11-30,6878.533,4306.3057,5488.0557,5984.4146,9217.707,5612.0
T000343,2006-12-31,6294.2266,6855.164,5907.3647,5937.9937,8609.791,8450.0
T000343,2007-01-31,6329.451,7084.461,5806.7925,5961.7607,13841.139,6760.0
T000343,2007-02-28,6246.046,2354.0327,5456.437,6058.123,7430.2246,6710.0
T000343,2007-03-31,5338.5625,7455.8335,5633.2886,6011.695,10450.543,5727.0
T000343,2007-04-30,5745.8003,4181.3013,5595.49,5931.5723,7688.404,4950.0
T000343,2007-05-31,5696.0957,6441.0527,5705.763,5903.928,5175.933,3859.0
T000343,2007-06-30,5369.375,5308.9297,5436.827,5919.7114,4632.5356,4788.0
T000343,2007-07-31,5901.109,3707.0261,5612.5815,5888.1167,3981.8323,6072.0
T000343,2007-08-31,5820.4746,1934.6191,5601.731,5974.385,2152.059,5292.0
T000343,2007-09-30,6237.8604,6161.908,5524.1265,5888.814,1945.228,4872.0
T000344,2006-10-31,4318.146,4201.672,4926.0044,4124.2646,6891.301,4117.0
T000344,2006-11-30,4956.011,2356.795,4537.723,4323.337,4605.8535,4646.0
T000344,2006-12-31,4498.848,4760.7607,5138.398,4281.9253,3936.5957,8875.0
T000344,2007-01-31,4486.37,4454.282,5032.3276,4312.0444,12534.941,6708.0
T000344,2007-02-28,4494.1284,708.1487,4526.877,4384.2246,1979.9578,5654.0
T000344,2007-03-31,3739.2747,4336.064,4745.378,4347.804,8622.302,5359.0
T000344,2007-04-30,3938.532,3099.0735,4679.712,4274.333,6812.1436,3674.0
T000344,2007-05-31,3983.7468,4178.0254,4839.591,4257.525,1051.02,3621.0
T000344,2007-06-30,3659.645,2564.6255,4453.47,4268.4287,4371.6978,3204.0
T000344,2007-07-31,4149.0625,3284.9946,4632.43,4230.973,596.12354,4272.0
T000344,2007-08-31,4035.9014,1134.4397,4738.047,4318.854,-908.6875,3927.0
T000344,2007-09-30,4446.1885,4069.551,4606.8916,4237.2856,-1336.4712,3318.0
T000345,2006-10-31,6120.135,5810.447,6069.638,4988.506,9092.58,4715.0
T000345,2006-11-30,6912.7676,3400.1045,5469.788,5211.283,4351.365,5773.0
T000345,2006-12-31,6567.9595,5742.2686,6263.414,5152.9116,3111.3384,13150.0
T000345,2007-01-31,6117.2793,5196.469,6069.2305,5210.2666,13935.987,5278.0
T000345,2007-02-28,6384.971,4508.304,5478.6206,5305.9233,-190.99023,5896.0
T000345,2007-03-31,5374.9575,4948.2256,5885.143,5226.35,11476.133,5865.0
T000345,2007-04-30,5900.494,5174.2163,5884.303,5175.6533,10220.884,6556.0
T000345,2007-05-31,6118.9307,5734.7153,6225.9497,5159.071,1391.0337,4437.0
T000345,2007-06-30,5695.837,4085.4653,5402.399,5172.5034,7013.1807,4428.0
T000345,2007-07-31,5944.7734,6253.115,5605.2217,5077.394,-1436.23,5016.0
T000345,2007-08-31,5790.955,3191.7285,5617.761,5206.74,-2133.2778,4641.0
T000345,2007-09-30,6398.0405,5869.307,5485.064,5108.307,-1403.0693,5166.0
T000346,2006-10-31,1302.415,1170.2222,1130.0206,1103.6755,1555.3455,805.0
T000346,2006-11-30,1323.2925,1324.8118,1172.9465,1124.8232,1399.7682,1081.0
T000346,2006-12-31,1265.8466,1040.0955,1167.9764,1120.0236,1059.2278,875.0
T000346,2007-01-31,1300.8025,1318.1066,1153.6876,1123.9132,1021.68884,1144.0
T000346,2007-02-28,1315.2684,1248.9651,1190.5698,1132.714,971.54626,1210.0
T000346,2007-03-31,1289.0254,1264.549,1173.5901,1127.8923,1346.0214,1380.0
T000346,2007-04-30,1332.3704,1402.9708,1176.7054,1121.1393,1216.5776,1342.0
T000346,2007-05-31,1325.2987,1052.065,1194.8849,1118.6044,911.7184,1275.0
T000346,2007-06-30,1283.0247,1315.04,1205.7129,1120.4595,1312.6721,1080.0
T000346,2007-07-31,1308.2148,1302.1696,1175.1475,1114.4229,818.7689,1104.0
T000346,2007-08-31,1318.3134,1420.0404,1168.1321,1124.5834,954.42737,1491.0
T000346,2007-09-30,1324.791,1309.7662,1175.57,1116.1207,853.64636,1260.0
T000347,2006-10-31,3801.7112,3708.736,3116.438,2949.4548,5311.6157,3450.0
T000347,2006-11-30,4286.8506,3241.1943,3105.071,3068.79,4482.849,3427.0
T000347,2006-12-31,3993.318,3854.8657,3057.3948,3037.9348,3989.0413,3250.0
T000347,2007-01-31,3964.2053,4341.962,3048.7495,3063.0808,7582.003,2808.0
T000347,2007-02-28,3903.2632,2567.145,3119.9556,3117.1697,3228.8997,2816.0
T000347,2007-03-31,3577.4524,4143.247,3144.6753,3077.3152,6568.666,3611.0
T000347,2007-04-30,3863.2786,3303.8481,3056.3362,3051.3613,5759.003,3036.0
T000347,2007-05-31,3778.568,3622.5405,3099.717,3036.8125,2749.4375,2686.0
T000347,2007-06-30,3681.2686,4012.1833,3080.3364,3045.6416,3717.7725,2736.0
T000347,2007-07-31,3797.958,3002.7107,3010.8196,3001.6973,1568.3405,2880.0
T000347,2007-08-31,3765.7432,2685.2844,3061.0894,3064.536,1049.9519,2898.0
T000347,2007-09-30,4055.9805,4061.8052,3041.6582,3014.2979,583.0012,3423.0
T000348,2006-10-31,15825.057,15383.717,15790.4,14306.337,21005.387,13501.0
T000348,2006-11-30,17747.05,10762.399,14801.68,14798.523,17574.97,15157.0
T000348,2006-12-31,16660.303,16161.926,16090.737,14687.826,15230.39,26425.0
T000348,2007-01-31,16175.986,16088.917,15809.379,14773.126,33999.02,16510.0
T000348,2007-02-28,16387.0,9435.908,14764.374,14964.235,9466.587,16632.0
T000348,2007-03-31,14455.641,15399.967,15414.06,14848.285,26625.5,16491.0
T000348,2007-04-30,15427.35,13437.731,15347.759,14688.6,22158.889,14960.0
T000348,2007-05-31,15439.877,15320.035,15792.277,14646.509,9273.768,12342.0
T000348,2007-06-30,14708.716,12594.183,14682.45,14675.753,14719.536,12258.0
T000348,2007-07-31,15603.636,14408.144,14978.213,14556.194,5115.4785,14256.0
T000348,2007-08-31,15346.385,8913.716,15074.57,14783.484,2051.4805,13356.0
T000348,2007-09-30,16396.242,15700.422,14803.668,14581.863,1871.4072,13650.0
T000349,2006-10-31,97996.18,102137.56,101758.016,86086.32,120085.67,90367.0
T000349,2006-11-30,107717.22,78580.92,94830.484,90167.35,110716.69,113114.0
T000349,2006-12-31,99571.625,81501.375,102917.23,89482.8,102305.195,140800.0
T000349,2007-01-31,101234.414,99830.01,104287.086,89803.19,209847.06,139776.0
T000349,2007-02-28,105616.47,50246.926,97306.02,91102.914,76291.125,134288.0
T000349,2007-03-31,90322.23,92312.04,99382.33,90845.0,160463.22,114977.0
T000349,2007-04-30,89277.57,78706.03,95451.79,88951.93,104793.13,88968.0
T000349,2007-05-31,90555.53,103866.2,97645.03,88485.06,37488.082,57987.0
T000349,2007-06-30,84326.7,59760.54,91954.5,88774.445,59158.117,59886.0
T000349,2007-07-31,94145.54,89441.62,98582.39,88763.375,10729.883,79608.0
T000349,2007-08-31,90877.24,45677.625,99793.57,90167.17,1893.1328,74823.0
T000349,2007-09-30,100363.35,82728.0,96671.24,88501.05,13466.242,79905.0
T000350,2006-10-31,55715.242,53968.723,58803.168,41610.152,80043.63,43171.0
T000350,2006-11-30,62506.59,24678.229,52001.996,44295.715,28542.08,51474.0
T000350,2006-12-31,58763.43,55698.258,61236.715,43593.508,25677.14,128550.0
T000350,2007-01-31,56093.63,45979.93,59781.02,44262.42,157282.81,68926.0
T000350,2007-02-28,58804.77,26462.613,52573.945,45424.07,-2577.8242,67958.0
T000350,2007-03-31,48090.254,45929.953,56339.94,44510.395,123748.2,61801.0
T000350,2007-04-30,51566.965,36604.4,56179.082,43830.79,98348.6,61314.0
T000350,2007-05-31,53096.664,52834.844,59010.254,43683.51,1070.9531,35377.0
T000350,2007-06-30,48504.164,26103.486,51433.42,43838.426,59223.332,39402.0
T000350,2007-07-31,52940.406,54556.777,54251.78,42677.656,-23502.148,41856.0
T000350,2007-08-31,50523.1,16478.078,54956.28,44231.258,-33738.367,38472.0
T000350,2007-09-30,58169.484,49473.984,52769.996,43061.598,-31017.938,43092.0
T000351,2006-10-31,22220.04,21127.062,22250.99,20876.297,24358.998,22379.0
T000351,2006-11-30,22442.46,22404.328,22622.672,21342.312,23324.629,26611.0
T000351,2006-12-31,21211.004,15813.554,21896.574,21223.068,19306.965,19275.0
T000351,2007-01-31,21388.059,19982.475,22345.762,21317.299,20182.703,17888.0
T000351,2007-02-28,22270.871,22592.008,22471.406,21512.027,18543.076,25124.0
T000351,2007-03-31,21169.592,18743.82,22672.082,21401.453,21927.848,24840.0
T000351,2007-04-30,21727.82,24022.932,22208.463,21255.771,20955.816,20592.0
T000351,2007-05-31,22288.893,22171.357,22185.893,21209.615,18574.705,24055.0
T000351,2007-06-30,21440.957,19426.605,22051.629,21236.775,19395.14,20178.0
T000351,2007-07-31,22118.95,22611.494,21975.285,21099.887,16569.164,20160.0
T000351,2007-08-31,21780.33,18496.756,22246.525,21328.488,17910.574,23037.0
T000351,2007-09-30,21890.102,19175.078,21707.281,21144.672,20060.809,21189.0
T000352,2006-10-31,19239.078,18782.04,16743.002,15788.19,16811.22,17020.0
T000352,2006-11-30,19850.34,18491.656,16936.652,16045.54,22474.273,20608.0
T000352,2006-12-31,19252.094,15249.378,16425.975,15993.555,19990.771,14975.0
T000352,2007-01-31,19259.48,19616.283,16691.357,16040.777,20045.414,15964.0
T000352,2007-02-28,19395.406,17784.69,17220.54,16136.085,20122.707,16412.0
T000352,2007-03-31,18680.59,15818.757,17166.145,16082.363,16228.238,18538.0
T000352,2007-04-30,19039.521,20019.107,16433.936,15996.851,14291.722,16346.0
T000352,2007-05-31,18685.324,17060.035,16757.512,15958.721,16929.156,15436.0
T000352,2007-06-30,18319.527,16725.266,16626.742,15982.366,11195.992,14436.0
T000352,2007-07-31,19195.49,22580.62,16350.479,15924.329,16641.13,15984.0
T000352,2007-08-31,18989.344,19634.664,16455.328,16053.372,16675.834,15603.0
T000352,2007-09-30,19323.387,19845.398,16396.43,15933.211,15716.508,18543.0
T000353,2006-10-31,197815.95,199141.33,203954.72,170766.27,260211.08,175605.0
T000353,2006-11-30,213452.62,147114.19,190722.39,177514.67,159212.75,214107.0
T000353,2006-12-31,200713.03,172982.48,206126.88,176254.61,142200.95,305675.0
T000353,2007-01-31,201601.4,190294.78,206841.3,177019.12,434316.8,248560.0
T000353,2007-02-28,208469.88,120722.39,192951.67,179310.97,92671.164,251174.0
T000353,2007-03-31,182304.6,176983.98,199427.81,178527.4,342825.62,223767.0
T000353,2007-04-30,184445.88,163342.11,194863.89,175667.12,256110.28,190498.0
T000353,2007-05-31,185194.36,200573.77,198729.55,174954.5,46405.72,134980.0
T000353,2007-06-30,176869.5,126342.47,187159.83,175446.72,170630.9,139266.0
T000353,2007-07-31,191658.33,194785.28,195646.98,174875.27,-4048.875,166536.0
T000353,2007-08-31,184764.7,104282.336,197764.83,177532.88,-19382.969,155232.0
T000353,2007-09-30,202298.8,174850.36,192008.69,174702.06,-6083.5312,166383.0
T000354,2000-01-31,95464.82,10858.203,169552.62,37834.344,331790.12,11426.0
T000354,2000-02-29,101902.125,-16796.328,194249.28,58207.746,-664046.56,16368.0
T000354,2000-03-31,60575.242,21450.953,189601.61,51780.42,-662366.0,39801.0
T000354,2000-04-30,104092.19,-142235.11,202830.4,57709.77,690872.44,54371.0
T000354,2000-05-31,116073.4,-1957.9688,213555.06,68608.83,-219052.47,332836.0
T000354,2000-06-30,112043.984,58427.6,203366.38,59456.36,1040352.4,391475.0
T000354,2000-07-31,168321.45,28474.14,236976.33,55832.215,1013779.4,415471.0
T000354,2000-08-31,178076.98,131390.9,222197.72,54389.055,-113880.484,469901.0
T000354,2000-09-30,156520.64,100642.875,239398.89,55889.97,793459.44,432114.0
T000354,2000-10-31,137031.81,63284.867,206336.45,43910.53,-411579.9,234176.0
T000354,2000-11-30,110137.29,-120773.33,179159.08,58186.867,-575947.6,14166.0
T000354,2000-12-31,113526.375,-169531.05,201868.4,49095.977,-554540.75,20928.0
T000355,2000-01-31,25062.086,8996.65,34339.6,27924.44,25736.158,6452.0
T000355,2000-02-29,28284.426,9306.91,41571.86,31976.217,-81789.2,9404.0
T000355,2000-03-31,19305.508,12429.207,43278.164,31167.861,-76301.625,17691.0
T000355,2000-04-30,26926.621,-33852.52,47374.88,31606.162,92383.67,59665.0
T000355,2000-05-31,30335.355,-5575.8633,51807.465,33450.883,20807.32,52948.0
T000355,2000-06-30,29748.527,16581.604,44816.184,32736.701,168506.61,66579.0
T000355,2000-07-31,42657.832,1922.3398,51243.992,31262.75,183247.12,126142.0
T000355,2000-08-31,41933.754,19978.822,54868.863,30733.273,48857.242,99696.0
T000355,2000-09-30,35251.227,12144.668,48691.68,31025.686,108285.695,59137.0
T000355,2000-10-31,30863.795,14144.734,47371.125,30434.006,-33712.05,30985.0
T000355,2000-11-30,27584.258,-8644.379,43859.31,32227.178,-74694.77,10618.0
T000355,2000-12-31,30196.34,-25516.598,52113.45,30404.934,-83997.43,6664.0
T000356,2000-01-31,91642.25,-6415.2188,171198.38,113993.36,-3717.375,15296.0
T000356,2000-02-29,103815.35,-12483.281,193513.05,133293.5,-166226.94,17955.0
T000356,2000-03-31,63934.375,42020.64,191557.78,129224.04,-140220.22,60038.0
T000356,2000-04-30,104173.1,-141924.42,206097.73,131229.55,343095.7,128315.0
T000356,2000-05-31,116418.73,-3569.2812,216321.22,140018.73,279953.8,318205.0
T000356,2000-06-30,110960.445,57798.312,204233.14,136851.28,685861.44,359342.0
T000356,2000-07-31,169162.14,2390.8125,232983.0,129618.33,693748.9,438498.0
T000356,2000-08-31,174922.47,144575.34,227536.7,127427.59,441383.66,433393.0
T000356,2000-09-30,155135.97,73571.984,232435.42,128468.35,448675.6,382647.0
T000356,2000-10-31,135754.55,48167.188,209122.77,125769.87,166010.31,248202.0
T000356,2000-11-30,109576.055,-128475.61,185245.7,134586.62,-77048.09,32007.0
T000356,2000-12-31,113024.26,-144880.11,210933.12,125878.586,-21784.062,16239.0
T000357,2000-01-31,6451.7686,2812.629,6867.729,6254.098,-441.61572,2093.0
T000357,2000-02-29,6837.342,568.5664,8269.207,6760.483,-229.8457,1026.0
T000357,2000-03-31,5824.6323,6472.4746,8132.193,6655.862,43.86621,7754.0
T000357,2000-04-30,6225.2217,-3598.356,8246.589,6709.8477,8661.389,7640.0
T000357,2000-05-31,6626.639,3155.7217,8525.695,6947.9175,6413.5625,6635.0
T000357,2000-06-30,6315.3774,3532.2815,7832.7383,6859.5894,15095.449,7874.0
T000357,2000-07-31,8773.557,4561.12,9170.312,6677.112,24644.523,15554.0
T000357,2000-08-31,9247.821,5186.083,9256.863,6614.1294,20411.543,18544.0
T000357,2000-09-30,8416.547,3758.7627,9336.036,6648.5156,12942.516,14141.0
T000357,2000-10-31,7863.1147,7456.4536,8273.078,6565.2026,8954.299,8853.0
T000357,2000-11-30,7177.936,4241.919,7975.9556,6798.8203,363.8911,5122.0
T000357,2000-12-31,6962.9204,509.59717,8688.321,6566.066,-2891.1152,4052.0
T000358,2000-01-31,39803.71,-1073.7734,39714.867,26178.477,88668.05,6898.0
T000358,2000-02-29,40372.074,6872.578,60116.54,32253.139,-131021.59,12168.0
T000358,2000-03-31,25590.0,5958.41,57957.348,30650.947,-145560.67,29320.0
T000358,2000-04-30,33211.164,-58305.277,61701.11,32052.195,110259.39,34639.0
T000358,2000-05-31,39478.438,3596.3398,71594.89,35282.62,-54916.53,31160.0
T000358,2000-06-30,38167.465,17825.945,59772.293,32905.91,201194.94,82243.0
T000358,2000-07-31,63541.41,7066.953,75081.34,31585.664,283408.75,203674.0
T000358,2000-08-31,66638.234,16815.61,80274.79,30977.768,45528.805,198294.0
T000358,2000-09-30,56385.523,31824.744,70449.39,31500.373,205059.31,77369.0
T000358,2000-10-31,49721.41,27794.793,61465.195,28620.016,-78417.88,42782.0
T000358,2000-11-30,43324.023,-10701.129,58967.86,32426.766,-96778.8,15555.0
T000358,2000-12-31,42511.32,-15381.168,73899.34,29598.303,-133729.58,11813.0
T000359,2000-01-31,10080.752,2899.6543,16622.918,4659.4707,42967.586,617.0
T000359,2000-02-29,9011.371,-370.0918,21044.488,7182.8228,-75313.125,1383.0
T000359,2000-03-31,4842.2607,536.2715,20262.355,6434.5205,-67333.02,1601.0
T000359,2000-04-30,10035.425,-21660.598,21860.277,7137.653,69784.25,9905.0
T000359,2000-05-31,11037.823,-607.2744,25178.45,8459.333,-31553.633,30299.0
T000359,2000-06-30,11359.846,-3836.3584,22504.658,7392.4233,112768.26,50802.0
T000359,2000-07-31,17825.24,4704.4404,26748.87,6918.7847,111313.15,58063.0
T000359,2000-08-31,18750.016,16057.757,26124.725,6705.9893,-16906.393,56279.0
T000359,2000-09-30,16451.387,2336.3965,26150.979,6916.6484,84418.86,40462.0
T000359,2000-10-31,13140.971,8346.469,22266.04,5469.8643,-56811.926,18243.0
T000359,2000-11-30,9756.652,-14406.085,19508.822,7193.729,-62712.742,1296.0
T000359,2000-12-31,10770.594,-19935.715,23584.621,6074.2246,-68084.87,469.0
T000360,2000-01-31,25511.938,10321.059,43485.35,37770.61,-2139.121,3521.0
T000360,2000-02-29,27982.176,2255.7031,49266.113,42794.05,-43015.055,1369.0
T000360,2000-03-31,18348.393,14980.283,49517.56,41819.996,-25394.98,11735.0
T000360,2000-04-30,27531.818,-37727.24,53145.566,42145.53,67876.914,41396.0
T000360,2000-05-31,30826.36,2297.7266,53822.973,44345.953,78386.78,88469.0
T000360,2000-06-30,30516.543,13276.537,51208.434,43892.88,152360.28,78057.0
T000360,2000-07-31,45199.793,8894.766,58995.742,41757.316,157704.02,112964.0
T000360,2000-08-31,45466.848,35983.582,57799.676,41143.73,110613.98,117227.0
T000360,2000-09-30,40265.51,13279.279,57844.69,41399.3,91906.62,92029.0
T000360,2000-10-31,34863.582,18895.05,53130.61,41150.395,36138.797,57720.0
T000360,2000-11-30,28418.902,-21465.402,48934.953,43169.43,-15489.0625,6078.0
T000360,2000-12-31,30456.223,-30244.45,53386.53,40902.355,-17334.484,6242.0
T000361,2000-01-31,19284.795,2318.8672,32686.955,17424.484,28205.95,1173.0
T000361,2000-02-29,21721.498,-2184.0234,35497.66,22014.887,-87907.14,291.0
T000361,2000-03-31,12697.49,5245.4453,35918.17,20908.992,-72375.78,2055.0
T000361,2000-04-30,23199.809,-34374.81,40570.293,21735.766,112556.086,21062.0
T000361,2000-05-31,27066.85,-383.91016,42917.008,24000.488,36062.824,74162.0
T000361,2000-06-30,26915.244,8088.0254,40001.316,22683.969,204264.14,84646.0
T000361,2000-07-31,39452.195,-3837.1719,45978.582,21418.186,195155.12,95257.0
T000361,2000-08-31,39742.402,32080.404,43615.434,20912.094,50469.914,84775.0
T000361,2000-09-30,33579.21,11536.551,44544.777,21234.764,127515.914,76408.0
T000361,2000-10-31,28551.797,577.8086,40363.316,19717.54,-29644.973,27347.0
T000361,2000-11-30,23162.61,-36065.02,35141.977,22173.938,-76051.414,564.0
T000361,2000-12-31,24321.32,-40846.99,39273.004,20138.547,-60026.688,1053.0
T000362,2000-01-31,6507.4487,-340.97754,14147.248,14418.709,5866.2383,351.0
T000362,2000-02-29,6915.92,-3962.8076,14503.468,15966.379,-14223.441,223.0
T000362,2000-03-31,4072.9224,5930.924,15092.385,15735.328,-7183.9863,935.0
T000362,2000-04-30,7681.351,-11156.489,16522.293,15727.121,30765.227,15463.0
T000362,2000-05-31,8029.0586,1376.2266,16599.518,16314.879,9410.644,29807.0
T000362,2000-06-30,7426.489,2025.7598,15964.504,16395.219,40955.47,28548.0
T000362,2000-07-31,12006.7295,2576.664,17657.133,15554.44,43510.344,30730.0
T000362,2000-08-31,12596.202,11502.541,16818.887,15340.514,24015.566,28917.0
T000362,2000-09-30,11908.1045,-84.98633,17744.305,15408.987,34739.73,32092.0
T000362,2000-10-31,10504.5205,5648.6094,16607.709,15677.113,8421.266,20640.0
T000362,2000-11-30,7782.874,-11138.05,14334.262,16136.656,-7369.3965,330.0
T000362,2000-12-31,7926.0283,-8639.37,15793.967,15433.003,-7171.668,935.0
T000363,2000-01-31,8278.537,7037.0283,7208.518,6142.0747,18652.59,6267.0
T000363,2000-02-29,9657.123,7347.343,7508.791,6403.934,9757.1455,13068.0
T000363,2000-03-31,8806.363,6373.035,7168.3306,6338.8765,3969.0042,10840.0
T000363,2000-04-30,7916.3804,8624.378,7157.814,6395.542,12618.33,6617.0
T000363,2000-05-31,8202.061,8333.758,7475.7744,6501.7163,-4384.214,4921.0
T000363,2000-06-30,6927.4253,9570.064,7700.868,6428.088,8016.909,5465.0
T000363,2000-07-31,7757.6113,7686.9985,6672.8076,6356.743,11052.655,4719.0
T000363,2000-08-31,7926.4277,7203.9883,7331.0425,6324.65,-347.1416,6968.0
T000363,2000-09-30,7599.6514,7078.679,6623.593,6345.621,10311.162,5162.0
T000363,2000-10-31,7925.2188,7241.03,6636.7563,6266.329,-3600.7256,6308.0
T000363,2000-11-30,7878.54,6994.936,6708.197,6396.9023,-2869.0781,5937.0
T000363,2000-12-31,8647.988,9476.71,6740.4097,6288.0503,-834.95654,7699.0
T000364,2000-01-31,15026.857,12848.266,16911.416,15736.456,-8602.545,8954.0
T000364,2000-02-29,15786.558,6661.05,17770.35,16859.818,19851.498,6824.0
T000364,2000-03-31,13960.246,17142.973,18375.682,16655.455,25531.475,11237.0
T000364,2000-04-30,16186.305,6906.1523,19391.709,16787.385,18508.637,22939.0
T000364,2000-05-31,16788.139,6030.6084,20739.871,17235.97,46710.906,24676.0
T000364,2000-06-30,16772.717,14885.648,19403.285,17122.51,33334.695,33909.0
T000364,2000-07-31,19517.213,4251.8887,20299.17,16664.846,32023.06,33815.0
T000364,2000-08-31,19141.152,13955.264,20399.023,16500.836,55505.13,27276.0
T000364,2000-09-30,17422.055,11026.307,19802.027,16596.232,19547.867,22046.0
T000364,2000-10-31,16317.554,12085.016,19325.934,16528.562,33773.055,16571.0
T000364,2000-11-30,15371.112,3096.0654,18164.045,16952.12,26713.555,10575.0
T000364,2000-12-31,16556.453,6788.0527,19771.658,16441.738,26551.307,10492.0
T000365,2000-01-31,3375.6558,3799.8977,3753.943,3078.0002,3399.3752,2719.0
T000365,2000-02-29,3534.3066,1744.5791,3986.1262,3352.3738,-4634.741,690.0
T000365,2000-03-31,3283.2625,3609.411,4005.5938,3299.0195,-2458.5703,3223.0
T000365,2000-04-30,3711.757,422.67456,4242.429,3340.848,10041.752,3533.0
T000365,2000-05-31,3725.792,1858.188,4457.8354,3455.0945,3153.4517,5547.0
T000365,2000-06-30,3866.6519,2450.8052,4268.5186,3404.2239,14176.723,6740.0
T000365,2000-07-31,4442.4443,2724.953,4517.155,3310.525,13151.343,7740.0
T000365,2000-08-31,4289.961,2780.3213,4558.0977,3271.789,3037.6448,6505.0
T000365,2000-09-30,3904.385,2908.6533,4386.33,3297.8638,9158.821,4904.0
T000365,2000-10-31,3646.047,3452.8584,4256.9756,3242.584,-2593.8975,4411.0
T000365,2000-11-30,3372.5127,1256.7654,4021.2532,3369.8328,-3853.6074,2216.0
T000365,2000-12-31,3894.3428,-59.6875,4369.63,3243.5198,-3386.3994,2288.0
