unique_id,ds,NBEATS,NLinear,KAN,MLP,DLinear,y
T000000,1975-10-31,0.1326124,0.08693472,0.02436807,0.16884193,0.42941806,0.54
T000000,1976-01-31,0.70118445,1.0873762,0.5521741,0.5837964,1.0465232,0.78
T000000,1976-04-30,0.84872967,1.4910207,0.67008495,0.57781345,0.64096457,0.82
T000000,1976-07-31,0.88773507,1.6677506,0.8016808,0.84425914,0.7171703,0.46
T000000,1976-10-31,0.533593,1.1406084,0.65115047,0.55607086,0.2778623,0.52
T000000,1977-01-31,0.59770095,1.1297398,0.49252123,0.5863036,0.20407686,0.66
T000000,1977-04-30,0.7203923,1.2697675,0.59588295,0.5921585,0.30825183,0.53
T000000,1977-07-31,0.57855,0.8112547,0.59902656,0.5760388,0.25034398,0.34
T000000,1977-10-31,0.41666383,0.44310623,0.44088495,0.5810416,0.33578223,0.38
T000000,1978-01-31,0.4879289,0.3230558,0.36168084,0.5103276,0.24266487,0.46
T000000,1978-04-30,0.5451832,0.25703338,0.42336166,0.49288467,0.57286507,0.54
T000000,1978-07-31,0.602705,0.3622628,0.50336164,0.48469862,0.6853441,0.47
T000000,1978-10-31,0.53851765,0.3357677,0.5071681,0.46719086,0.7284138,0.6
T000000,1979-01-31,0.6584338,0.7029724,0.54046273,0.46533716,0.544172,2.83
T000000,1979-04-30,3.1401048,4.897113,1.8087062,0.56836563,1.2062794,6.15
T000000,1979-07-31,6.9301972,11.273726,4.629509,0.7594559,1.9206575,5.83
T000000,1979-10-31,6.912186,11.3936,5.9999113,0.70229965,0.94386196,6.92
T000000,1980-01-31,8.356356,14.338003,6.4208026,2.9891942,0.27197063,8.31
T000000,1980-04-30,9.997672,16.930988,7.673409,6.0332527,-0.33011723,7.56
T000000,1980-07-31,9.138236,14.755143,7.9582305,6.218786,1.610944,4.74
T000000,1980-10-31,6.0961723,9.248709,6.237345,6.6739926,2.2245543,3.67
T000000,1981-01-31,4.94175,5.6203046,4.2381415,6.560241,1.8388999,3.35
T000000,1981-04-30,4.4663177,3.0327797,3.5199115,5.344437,2.486095,2.94
T000000,1981-07-31,3.940444,-0.037311554,3.157699,4.2909946,3.5487504,1.75
T000000,1981-10-31,3.0643725,-3.2115617,2.3818586,3.9208937,6.040022,1.53
T000000,1982-01-31,3.149836,-3.6029186,1.6468141,3.246214,5.4016523,1.61
T000000,1982-04-30,3.1624033,-3.371708,1.5733616,1.9779499,5.7156105,1.78
T000000,1982-07-31,3.009995,-2.7570093,1.7021434,1.9917662,6.010251,1.48
T000000,1982-10-31,2.442281,-1.8938594,1.639292,1.8046547,4.8587446,1.29
T000000,1983-01-31,1.946356,-0.9242885,1.3908849,1.5962589,3.27973,2.58
T000000,1983-04-30,3.0220592,2.1982968,1.9892067,1.6089548,3.1954515,4.03
T000000,1983-07-31,4.34772,5.2607684,3.36593,1.7165636,3.157619,4.57
T000000,1983-10-31,5.007571,7.047351,4.3226914,1.8273231,3.0342596,5.07
T000000,1984-01-31,5.806239,8.908847,4.8410106,2.662504,1.9787686,5.86
T000000,1984-04-30,6.773613,10.539909,5.4981966,4.138989,1.581587,6.79
T000000,1984-07-31,7.7917643,12.133436,6.364079,4.6283383,2.4295175,5.02
T000000,1984-10-31,5.9216356,8.628562,5.959823,5.098972,2.8678856,3.24
T000000,1985-01-31,4.0824566,4.8985515,4.185133,5.642591,2.1021974,2.78
T000000,1985-04-30,3.5577216,2.9762392,3.024248,5.543335,2.063195,2.25
T000000,1985-07-31,2.957076,0.12254429,2.531416,3.7050872,2.9363022,1.02
T000000,1985-10-31,1.9900067,-2.9636998,1.6730976,3.3235145,4.1978054,0.72
T000000,1986-01-31,2.0487232,-3.8998952,0.8792921,2.6779964,4.453549,0.94
T000000,1986-04-30,2.3764095,-3.5923061,0.8392446,1.2916204,4.924448,1.14
T000000,1986-07-31,2.405427,-3.042383,1.0484041,1.2940367,4.5771856,1.03
T000000,1986-10-31,2.052209,-2.4154825,1.088407,1.2007141,4.07674,3.09
T000001,1974-10-31,0.1326124,0.08693472,0.02436807,0.16884193,0.42941806,97.0
T000001,1975-01-31,103.18863,179.79587,97.02093,104.72161,111.279785,95.0
T000001,1975-04-30,100.96147,182.46854,96.06195,101.56523,94.092865,95.0
T000001,1975-07-31,100.718346,197.87454,95.02437,103.88394,79.19123,94.0
T000001,1975-10-31,99.50415,212.98657,94.530975,98.770706,60.764942,93.0
T000001,1976-01-31,98.03571,184.34067,93.530975,98.14304,44.15967,90.0
T000001,1976-04-30,94.058784,178.02757,91.59292,94.49053,54.74398,90.0
T000001,1976-07-31,93.25899,149.12,90.02437,93.72731,41.10474,90.0
T000001,1976-10-31,93.03225,136.79147,90.02437,90.7751,66.17368,80.0
T000001,1977-01-31,84.40804,94.867226,85.30974,91.25765,36.09579,80.0
T000001,1977-04-30,83.595474,66.088165,80.02437,92.60504,94.015366,84.0
T000001,1977-07-31,87.36056,72.9537,82.16808,85.61815,95.120705,84.0
T000001,1977-10-31,86.870316,72.67073,84.02437,85.42706,96.89097,87.0
T000001,1978-01-31,89.74912,82.4819,85.62606,84.33444,94.87706,89.0
T000001,1978-04-30,91.41657,88.20822,88.08404,84.18238,93.31381,88.0
T000001,1978-07-31,89.81821,89.68746,88.530975,84.17079,91.23287,88.0
T000001,1978-10-31,89.24343,91.70794,88.02437,87.12698,88.47004,81.0
T000001,1979-01-31,82.53307,79.38062,84.71681,88.70437,85.80017,81.0
T000001,1979-04-30,82.57625,80.700005,81.02437,88.78694,81.72616,76.0
T000001,1979-07-31,78.09694,68.76753,78.65487,82.72217,80.17264,79.0
T000001,1979-10-31,81.43626,70.56811,77.62606,82.28952,85.86515,78.0
T000001,1980-01-31,81.05312,69.34984,78.530975,80.32163,84.373924,78.0
T000001,1980-04-30,80.97346,67.698296,78.02437,78.4796,85.120865,80.0
T000001,1980-07-31,82.87603,74.79974,79.08404,78.20429,87.39182,80.0
T000001,1980-10-31,81.78848,75.149,80.02437,78.11227,83.3737,86.0
T000001,1981-01-31,87.32378,89.96048,83.25212,79.11656,88.10629,86.0
T000001,1981-04-30,87.301704,92.60778,86.02437,80.11952,80.85588,86.0
T000001,1981-07-31,87.769615,94.18262,86.02437,80.18278,82.32173,86.0
T000001,1981-10-31,88.15066,96.19011,86.02437,86.21813,77.3542,90.0
T000001,1982-01-31,92.07632,100.72813,88.16808,86.13983,79.260544,90.0
T000001,1982-04-30,92.19027,100.992744,90.02437,86.12954,85.2174,90.0
T000001,1982-07-31,92.11781,99.37465,90.02437,86.11539,83.14219,90.0
T000001,1982-10-31,92.114746,98.6491,90.02437,90.145424,85.06975,83.0
T000001,1983-01-31,84.453026,83.094315,86.71681,92.17687,80.15112,83.0
T000001,1983-04-30,84.22311,80.69562,83.02437,92.17777,85.2469,83.0
T000001,1983-07-31,84.51717,78.42386,83.02437,84.253006,85.75738,83.0
T000001,1983-10-31,84.780174,76.67801,83.02437,84.17092,88.09577,81.0
T000001,1984-01-31,83.39034,73.938736,82.06195,84.13319,84.617905,81.0
T000001,1984-04-30,83.53154,72.686005,81.02437,83.62222,86.447014,81.0
T000001,1984-07-31,83.26789,74.40503,81.02437,81.358,87.78512,81.0
T000001,1984-10-31,82.53474,74.92131,81.02437,81.33455,86.40851,80.0
T000001,1985-01-31,81.3669,75.26069,80.530975,81.33529,86.33629,80.0
T000001,1985-04-30,80.7991,77.24025,80.02437,81.31111,82.106834,80.0
T000001,1985-07-31,80.732544,77.6649,80.02437,80.179,82.55626,80.0
T000001,1985-10-31,80.52674,77.73734,80.02437,80.167274,82.24461,83.0
T000001,1986-01-31,83.46351,84.05395,81.62606,80.165215,83.88075,83.0
T000001,1986-04-30,83.511826,84.87767,83.02437,80.09715,82.12078,87.0
T000001,1986-07-31,87.96071,93.14999,85.16808,80.18082,82.98543,86.0
T000001,1986-10-31,87.30305,92.25513,86.530975,83.13852,81.25689,92.0
T000001,1987-01-31,93.90523,103.49052,89.25212,83.24223,82.325485,93.0
T000001,1987-04-30,95.524155,106.639885,92.54202,86.166336,83.42324,98.0
T000001,1987-07-31,101.09244,114.89344,95.710106,87.26911,82.86864,98.0
T000001,1987-10-31,101.632126,116.33559,98.02437,92.25018,86.042404,102.0
T000001,1988-01-31,105.85145,121.25636,100.16808,93.28861,84.06305,105.0
T000001,1988-04-30,109.086655,126.51002,103.62606,98.25438,91.52308,109.0
T000001,1988-07-31,113.280266,130.84276,107.16808,98.27832,89.44992,110.0
T000001,1988-10-31,114.403984,132.03348,109.54202,102.24347,96.74803,100.0
T000001,1989-01-31,103.60823,110.83694,105.30974,103.13042,88.51557,101.0
T000001,1989-04-30,103.896675,109.175514,100.54202,104.052505,94.29533,99.0
T000001,1989-07-31,101.08869,100.22789,100.06195,102.008,93.16609,99.0
T000001,1989-10-31,100.86064,95.15805,99.02437,101.421745,99.04883,109.0
T000001,1990-01-31,111.43512,113.73744,104.420204,100.86107,103.88243,110.0
T000001,1990-04-30,112.4776,112.97316,109.54202,100.3106,105.3057,123.0
T000001,1990-07-31,126.40158,140.38731,117.04627,101.34381,113.66403,118.0
T000001,1990-10-31,121.77071,133.5364,120.65487,109.427704,111.993065,147.0
T000002,1975-10-31,0.1326124,0.08693472,0.02436807,0.16884193,0.42941806,94.0
T000002,1976-01-31,100.00045,174.23785,94.02093,101.48089,107.851425,132.0
T000002,1976-04-30,143.4011,252.38487,114.59679,100.62356,109.90615,131.0
T000002,1976-07-31,141.6034,267.97803,131.53098,141.9714,115.326996,127.0
T000002,1976-10-31,137.21378,283.1563,129.1239,133.81158,88.33245,77.0
T000002,1977-01-31,89.67026,171.88289,103.54868,132.53577,51.0046,103.0
T000002,1977-04-30,113.49091,204.35039,91.09254,113.78964,59.67239,103.0
T000002,1977-07-31,111.592926,169.5,103.02437,111.22661,55.28804,113.0
T000002,1977-10-31,120.62859,161.00015,108.420204,107.11939,76.322296,86.0
T000002,1978-01-31,99.96718,102.47836,100.33629,109.50986,55.974197,133.0
T000002,1978-04-30,143.96194,146.12051,111.474976,103.84987,107.02791,146.0
T000002,1978-07-31,154.87868,174.34067,140.04626,105.27392,147.15436,156.0
T000002,1978-10-31,163.62581,194.10312,151.42021,114.20969,128.37042,104.0
T000002,1979-01-31,118.76225,126.12075,131.61063,118.64471,117.14282,146.0
T000002,1979-04-30,159.39204,198.2113,126.76487,135.59097,83.56682,150.0
T000002,1979-07-31,160.65541,196.19153,148.16808,149.15712,118.295715,148.0
T000002,1979-10-31,155.46326,174.6193,149.06195,150.10399,119.35498,92.0
T000002,1980-01-31,108.675995,86.61958,121.73453,160.21353,128.203,150.0
T000002,1980-04-30,163.75995,172.25415,123.4372,148.60146,117.74542,165.0
T000002,1980-07-31,173.91023,189.00308,158.13031,151.1409,161.09747,104.0
T000002,1980-10-31,112.42433,64.98954,136.38939,166.19414,128.74963,113.0
T000002,1981-01-31,129.64276,108.67735,108.87819,124.02834,170.13414,173.0
T000002,1981-04-30,185.73105,204.21469,145.52124,129.83257,138.82875,173.0
T000002,1981-07-31,182.05327,196.77098,173.02437,151.8117,176.50104,199.0
T000002,1981-10-31,210.52661,262.51892,187.09254,166.90242,170.22923,136.0
T000002,1982-01-31,157.32079,158.82323,169.45134,141.33917,153.54138,201.0
T000002,1982-04-30,220.2439,282.22894,171.23135,175.26459,132.81834,214.0
T000002,1982-07-31,227.51694,288.0781,208.04626,177.5178,167.57529,221.0
T000002,1982-10-31,235.77168,285.8294,217.79414,199.75624,191.03946,153.0
T000002,1983-01-31,177.4094,199.62958,189.10622,207.65321,145.90643,232.0
T000002,1983-04-30,251.76746,302.82758,195.81964,203.65715,141.6151,240.0
T000002,1983-07-31,254.53795,305.18716,236.33617,216.61801,219.20638,226.0
T000002,1983-10-31,235.73224,261.07825,233.43362,224.50194,183.2691,176.0
T000002,1984-01-31,198.86559,196.3971,202.54869,230.14511,214.73553,256.0
T000002,1984-04-30,275.60828,319.9841,219.36166,228.71013,179.20973,271.0
T000002,1984-07-31,284.38004,335.00897,264.1303,234.06691,242.89853,265.0
T000002,1984-10-31,275.86093,312.6275,268.18585,240.87494,218.37804,180.0
T000002,1985-01-31,207.11443,187.2243,225.13277,243.24438,232.57777,282.0
T000002,1985-04-30,304.32486,356.23975,235.28612,259.49448,201.55759,294.0
T000002,1985-07-31,307.8733,355.3418,288.50424,268.77768,262.64072,268.0
T000002,1985-10-31,278.8365,294.64413,281.80533,276.1973,250.29488,208.0
T000002,1986-01-31,236.66496,226.93118,239.85841,277.4705,257.41348,297.0
T000002,1986-04-30,318.9415,355.04898,256.23984,273.78732,222.71187,286.0
T000002,1986-07-31,298.71042,318.6662,291.8407,288.97934,285.65543,275.0
T000002,1986-10-31,283.67886,286.04108,280.8407,280.56412,263.10272,190.0
T000002,1987-01-31,221.00856,164.88416,235.13277,291.4114,276.66962,264.0
T000002,1987-04-30,285.55008,276.53973,230.10954,279.45853,220.07805,247.0
T000002,1987-07-31,260.96243,222.27148,256.02655,277.18173,290.97488,258.0
T000002,1987-10-31,267.77112,225.631,252.96223,267.55847,284.643,191.0
T000002,1988-01-31,219.50574,150.52222,226.57524,264.1475,285.77823,288.0
T000002,1988-04-30,308.50244,306.99756,243.57602,250.23148,245.84189,289.0
T000002,1988-07-31,304.08917,311.74133,288.54202,259.92636,319.61206,214.0
T000002,1988-10-31,225.39268,169.01576,253.82303,259.24246,252.74876,153.0
T000003,1977-04-30,0.1326124,0.08693472,0.02436807,0.16884193,0.42941806,9366.37
T000003,1977-07-31,9955.828,17352.873,9366.391,10118.066,10704.197,9169.56
T000003,1977-10-31,9744.999,17612.582,9274.061,9803.119,9081.975,7776.84
T000003,1978-01-31,8421.975,16573.133,8516.337,9948.432,7287.597,11186.3
T000003,1978-04-30,12047.967,24478.326,9624.839,9644.633,6758.052,11710.7
T000003,1978-07-31,12564.417,22886.473,11470.536,9530.066,5777.838,11641.0
T000003,1978-10-31,12445.172,23036.287,11678.009,9448.031,6569.406,9061.47
T000003,1979-01-31,9948.62,16575.836,10431.132,9505.541,3930.4238,11688.5
T000003,1979-04-30,12355.131,19293.379,10485.374,11310.475,6631.546,10494.8
T000003,1979-07-31,11143.227,14794.065,11128.624,11565.097,4880.6553,8230.14
T000003,1979-10-31,8708.874,6850.25,9432.614,11021.416,8314.359,6054.32
T000003,1980-01-31,7301.096,3492.3247,7209.6226,9767.635,9145.356,10021.6
T000003,1980-04-30,11059.33,8990.273,8204.668,9778.64,9631.193,9698.05
T000003,1980-07-31,10542.713,7772.2676,9869.846,10272.8955,12260.565,9679.38
T000003,1980-10-31,10422.92,8010.3496,9689.293,9908.117,11216.059,8249.81
T000003,1981-01-31,9431.365,7287.1133,9008.874,8507.667,11718.022,10688.0
T000003,1981-04-30,11359.034,11558.259,9571.359,9764.001,9525.877,11403.5
T000003,1981-07-31,11883.795,13275.686,11075.815,9766.479,11863.501,11515.0
T000003,1981-10-31,12001.797,13709.058,11463.936,9749.946,10455.102,9685.71
T000003,1982-01-31,10706.104,12070.262,10657.016,9849.786,9884.949,12146.0
T000003,1982-04-30,13054.393,15767.606,11019.238,10781.696,7650.2334,13179.1
T000003,1982-07-31,13774.623,16600.84,12705.962,11485.632,10794.58,12785.3
T000003,1982-10-31,13356.419,15553.953,12994.396,11548.84,10356.097,10603.9
T000003,1983-01-31,11524.413,12411.137,11762.166,11828.686,10374.79,13594.3
T000003,1983-04-30,14466.875,17012.19,12224.759,12278.839,9950.144,14387.3
T000003,1983-07-31,15004.612,17532.969,14024.122,12893.097,11938.855,14654.3
T000003,1983-10-31,15181.969,17545.107,14532.02,13209.167,12195.949,11575.4
T000003,1984-01-31,12601.371,12905.358,13210.215,13230.006,11934.937,15238.7
T000003,1984-04-30,16186.538,18847.043,13560.985,13727.449,11663.478,16209.8
T000003,1984-07-31,16916.605,19867.234,15765.057,14501.145,13760.334,15425.1
T000003,1984-10-31,15941.6045,17621.258,15841.754,14741.028,13466.661,12130.6
T000003,1985-01-31,13309.336,13146.968,13879.893,15310.78,13524.975,15048.9
T000003,1985-04-30,15973.525,17187.67,13712.379,15328.268,12244.901,15877.1
T000003,1985-07-31,16426.96,17668.635,15497.802,15643.186,15234.939,15077.9
T000003,1985-10-31,15437.873,15340.066,15502.254,15453.179,14551.998,12921.9
T000003,1986-01-31,14001.184,12767.203,14066.68,15561.976,15642.643,15250.1
T000003,1986-04-30,16103.801,16364.326,14183.833,15196.887,13220.112,15688.7
T000003,1986-07-31,16124.314,16260.183,15487.831,15315.579,15936.103,15415.7
T000003,1986-10-31,15697.406,15443.804,15560.656,15459.455,15632.083,12084.7
T000003,1987-01-31,13080.858,10773.061,13853.374,15863.772,15456.586,17141.9
T000003,1987-04-30,18032.047,19796.207,14825.809,15356.371,14415.43,18041.6
T000003,1987-07-31,18665.525,20707.03,17629.557,15544.837,16366.896,19311.6
T000003,1987-10-31,19981.967,22975.979,18729.967,15771.241,16535.93,15027.4
T000003,1988-01-31,16419.7,17417.812,17302.197,15818.518,15027.629,19489.4
T000003,1988-04-30,20733.125,24574.834,17445.896,17342.69,14253.687,20317.8
T000003,1988-07-31,21398.934,25832.887,19938.412,18278.037,16485.438,19812.3
T000003,1988-10-31,20625.535,23435.64,20080.707,19432.746,16486.629,16222.1
T000003,1989-01-31,17838.438,18803.402,18128.4,19919.1,17345.354,19191.6
T000003,1989-04-30,20497.672,22274.754,17831.63,19492.22,14501.765,20628.3
T000003,1989-07-31,21354.914,23445.34,19970.32,19785.611,20042.77,20508.9
T000003,1989-10-31,20971.863,21946.123,20572.299,19974.967,18686.76,16181.2
T000003,1990-01-31,17535.297,15508.9795,18479.096,20024.818,20167.705,20499.4
T000003,1990-04-30,21651.15,22974.15,18521.754,19464.93,17530.096,21530.3
T000003,1990-07-31,22149.492,23546.625,21058.17,20646.734,20922.115,22276.0
T000003,1990-10-31,22759.643,24412.4,21934.484,20595.322,20976.322,17643.2
T000003,1991-01-31,19019.555,18222.455,20103.094,21024.492,20210.525,22506.7
T000003,1991-04-30,23727.1,26355.32,20279.316,20707.002,18971.457,22890.9
T000003,1991-07-31,23751.383,26453.727,22714.945,21723.295,21230.607,24256.2
T000003,1991-10-31,24868.64,27651.256,23630.922,22330.338,21100.4,18269.2
T000003,1992-01-31,19953.469,19069.098,21448.139,23162.582,21173.184,22598.0
T000003,1992-04-30,23940.41,25647.562,20615.5,22829.746,18498.291,23733.5
T000003,1992-07-31,24624.0,26804.1,23213.465,22945.016,22990.363,24178.2
T000003,1992-10-31,24689.227,25637.787,23974.537,23089.957,22036.238,19211.6
T000003,1993-01-31,20816.773,19201.191,21848.732,23601.738,23736.223,25221.8
T000003,1993-04-30,26625.902,28986.262,22469.252,22803.24,20512.434,27155.5
T000003,1993-07-31,28194.223,31872.625,26269.906,23913.186,25296.133,26496.1
T000003,1993-10-31,27268.133,29794.975,26846.225,24242.871,23218.373,20915.6
T000003,1994-01-31,22792.816,22292.252,23878.7,25057.59,24722.018,27048.1
T000003,1994-04-30,28673.145,32477.975,24239.541,25527.008,21470.557,27691.0
T000003,1994-07-31,28772.99,32226.877,27396.566,26808.668,25373.512,27894.0
T000003,1994-10-31,28663.705,31223.87,27801.03,27321.604,24876.244,21713.3
T000003,1995-01-31,23796.018,22248.654,24995.09,27491.291,25588.121,27750.4
T000003,1995-04-30,29415.307,31589.586,24985.535,27321.064,23140.523,29485.0
T000003,1995-07-31,30469.777,33361.527,28690.588,27957.545,28176.61,28389.8
T000003,1995-10-31,29041.217,29746.41,28971.322,28172.594,26966.873,23969.7
T000003,1996-01-31,25915.639,25104.21,26316.656,28500.684,28139.76,32013.0
T000003,1996-04-30,33812.375,38404.617,28329.336,27966.5,24805.93,35079.5
T000003,1996-07-31,36513.15,42933.473,33675.105,28752.113,30268.475,34953.1
T000003,1996-10-31,36350.117,42508.473,35020.215,29633.709,28136.652,26864.7
T000003,1997-01-31,29558.94,30809.57,31159.428,29385.328,27526.203,36303.2
T000003,1997-04-30,38841.57,46729.285,31980.562,32443.416,25568.23,36730.4
T000003,1997-07-31,38501.2,45018.07,36534.75,35210.836,29925.16,38244.0
T000003,1997-10-31,39743.914,45895.953,37550.8,35219.387,32383.586,28665.7
T000003,1998-01-31,31822.402,31679.941,33751.527,36322.816,31024.846,35077.2
T000003,1998-04-30,37473.566,39807.906,32140.865,35913.777,29019.893,37575.5
T000003,1998-07-31,39041.33,42454.684,36431.332,37110.383,36145.91,37161.7
T000003,1998-10-31,37962.863,38127.79,37381.418,37401.355,34689.047,29322.4
T000003,1999-01-31,32069.62,28397.184,33484.863,36816.973,37390.508,38075.9
T000003,1999-04-30,40373.72,42552.61,34066.977,35501.926,31596.832,41196.4
T000003,1999-07-31,42623.223,46395.83,39767.273,37407.176,40469.332,40492.3
T000003,1999-10-31,41563.09,44268.47,40866.16,37757.89,37010.168,32633.8
T000003,2000-01-31,35406.324,34175.66,36806.457,38193.42,39248.508,42812.1
T000003,2000-04-30,45352.906,51892.605,38150.652,38495.55,34238.516,44151.9
T000003,2000-07-31,45933.305,52459.21,43538.3,40820.195,39256.04,44190.6
T000003,2000-10-31,45528.645,50810.062,44172.875,41355.12,38322.168,33306.4
T000003,2001-01-31,36702.332,34833.98,39085.625,42609.594,38648.89,45653.7
T000003,2001-04-30,48545.26,54682.957,39998.89,43220.586,36321.23,48416.7
T000003,2001-07-31,50354.51,57294.914,47151.3,44562.0,43521.68,48614.3
T000003,2001-10-31,50116.766,55133.727,48523.805,44390.273,43115.098,39717.5
T000003,2002-01-31,43442.973,44690.086,44441.465,45142.402,43972.395,45665.1
T000003,2002-04-30,48469.13,52178.36,42941.223,46378.605,36410.27,38440.7
T000003,2002-07-31,40340.13,36552.668,42276.664,47161.44,42959.348,36465.9
T000003,2002-10-31,38004.633,29106.055,37514.465,41415.938,41956.215,27207.9
T000003,2003-01-31,31622.55,14525.184,32123.652,39714.688,43873.715,36602.0
T000003,2003-04-30,40652.95,28130.918,32299.697,38657.473,36929.82,40931.4
T000003,2003-07-31,44605.9,34910.71,38948.625,37863.434,48730.42,43695.3
T000004,1978-04-30,0.1326124,0.08693472,0.02436807,0.16884193,0.42941806,503674.0
T000004,1978-07-31,535372.25,933141.44,503674.03,544099.6,575592.7,549712.0
T000004,1978-10-31,587805.9,1053553.8,528627.56,539590.9,519283.12,547329.0
T000004,1979-01-31,581803.5,1132709.2,548594.3,596962.56,463976.75,555894.0
T000004,1979-04-30,590587.0,1245446.0,551971.44,572380.0,363690.25,544511.0
T000004,1979-07-31,575875.4,1095516.2,550555.06,558978.06,262751.7,579932.0
T000004,1979-10-31,606937.5,1143203.2,563709.94,548363.44,326628.5,556567.0
T000004,1980-01-31,575964.5,954357.25,568973.2,551148.1,250114.34,588166.0
T000004,1980-04-30,604154.25,934350.5,573694.3,556622.1,377629.0,594508.0
T000004,1980-07-31,619661.6,826145.7,591603.5,558688.2,250371.4,610333.0
T000004,1980-10-31,625384.7,679373.7,603085.5,581197.2,529041.0,613351.0
T000004,1981-01-31,627012.75,686894.4,611968.8,588883.25,561448.3,599693.0
T000004,1981-04-30,612009.25,646842.75,606945.06,595305.8,557634.44,575521.0
T000004,1981-07-31,587278.94,604572.06,588355.7,601249.1,570817.2,590463.0
T000004,1981-10-31,599038.56,613133.06,583619.9,599725.9,554593.0,609949.0
T000004,1982-01-31,617057.5,631417.6,601024.8,603720.44,602008.6,644709.0
T000004,1982-04-30,655427.75,693396.75,628789.6,600831.7,596355.25,629433.0
T000004,1982-07-31,640397.06,665448.3,637544.1,600358.44,605953.6,638831.0
T000004,1982-10-31,650414.75,685044.7,634526.94,611489.6,609127.6,677068.0
T000004,1983-01-31,691257.9,758634.3,659556.25,630676.7,623719.25,676087.0
T000004,1983-04-30,690354.25,749967.4,676607.9,639683.8,616917.3,652228.0
T000004,1983-07-31,668520.5,719738.06,664896.5,645447.5,622325.44,664460.0
T000004,1983-10-31,682543.25,736187.5,658858.0,654100.56,609384.94,716446.0
T000004,1984-01-31,734863.9,809554.6,692637.5,668685.8,638028.06,692346.0
T000004,1984-04-30,705738.06,750250.5,705142.44,677042.7,634429.25,690205.0
T000004,1984-07-31,703365.9,741974.25,691341.8,676921.94,661761.9,727698.0
T000004,1984-10-31,745791.56,811756.2,710527.0,691792.6,668445.75,624318.0
T000004,1985-01-31,637580.5,598768.7,679210.06,704422.06,627250.56,499190.0
T000004,1985-04-30,530417.06,362343.6,565629.7,725643.6,625938.4,538455.0
T000004,1985-07-31,580460.75,407994.7,520472.44,656033.44,660004.6,582417.0
T000004,1985-10-31,623225.06,448249.12,562283.3,604541.3,693456.4,634526.0
T000004,1986-01-31,675438.1,546701.25,610661.2,599416.75,720901.4,711326.0
T000004,1986-04-30,755489.75,721158.1,676153.2,584322.1,763376.0,654071.0
T000004,1986-07-31,696514.06,660134.0,684471.9,585591.6,706223.06,691346.0
T000004,1986-10-31,723458.25,776140.9,674274.8,638288.3,681489.94,745667.0
T000004,1987-01-31,772622.3,887843.25,720789.1,659270.75,697440.0,722636.0
T000004,1987-04-30,755901.4,867218.9,734864.9,693178.3,658194.25,701800.0
T000004,1987-07-31,742012.56,865230.44,712863.4,704144.1,594048.0,741918.0
T000005,1978-04-30,0.1326124,0.08693472,0.02436807,0.16884193,0.42941806,462.91
T000005,1978-07-31,492.08453,857.7061,462.93094,499.9996,529.437,430.74
T000005,1978-10-31,460.03326,829.85474,447.82144,459.6467,426.4569,402.72
T000005,1979-01-31,432.19122,850.7401,417.59787,469.13324,357.91595,389.92
T000005,1979-04-30,420.2493,902.75916,396.71646,416.6317,244.96591,421.82
T000005,1979-07-31,448.36243,824.5925,407.21045,439.05002,204.85065,388.31
T000005,1979-10-31,410.76743,760.9353,406.10294,412.93997,240.50009,404.49
T000005,1980-01-31,424.74487,663.7771,397.0799,406.2714,183.35806,402.48
T000005,1980-04-30,423.3634,614.7283,403.54724,405.18277,296.3371,523.83
T000005,1980-07-31,547.87573,728.8345,468.25424,407.16403,196.38684,483.8
T000005,1980-10-31,502.41605,547.0281,505.05487,407.1728,450.82266,482.59
T000005,1981-01-31,503.17734,566.40393,483.23248,407.0378,412.1523,451.86
T000005,1981-04-30,478.98605,542.39124,468.1768,459.013,388.63977,507.97
T000005,1981-07-31,529.4164,600.0652,482.27277,490.03824,390.30057,457.44
T000005,1981-10-31,476.6147,510.98285,484.2701,493.79062,451.59418,445.53
T000005,1982-01-31,464.46304,460.8904,451.85388,464.75305,405.504,503.11
T000005,1982-04-30,528.354,568.2574,476.73956,464.50992,475.66513,547.16
T000005,1982-07-31,565.1551,604.5445,526.986,466.02386,453.15887,556.89
T000005,1982-10-31,571.2407,626.9625,552.4339,504.96478,547.02234,536.82
T000005,1983-01-31,556.7927,611.79803,547.4766,505.2749,478.4479,619.49
T000005,1983-04-30,647.8031,774.1565,581.6289,539.6431,538.1043,623.09
T000005,1983-07-31,653.4565,778.6817,621.4413,549.2028,488.18118,565.1
T000005,1983-10-31,589.9368,657.3338,595.8911,559.4417,516.85016,604.28
T000005,1984-01-31,636.9197,745.0471,586.33636,570.1555,522.45636,746.15
T000005,1984-04-30,786.8773,962.1937,681.1765,611.64685,545.99506,743.76
T000005,1984-07-31,781.4416,937.467,745.02905,621.6022,568.2242,668.46
T000005,1984-10-31,705.2593,805.20264,708.4423,626.0568,569.9154,489.72
T000005,1985-01-31,538.30457,474.81223,584.6263,649.44556,519.51764,406.55
T000005,1985-04-30,452.65552,261.8183,450.7111,652.56213,495.3324,385.89
T000005,1985-07-31,446.99597,146.29816,396.85992,534.86414,589.25,408.27
T000005,1985-10-31,479.26007,129.03186,398.02045,452.0752,650.4211,426.35
T000005,1986-01-31,518.96875,186.43936,418.06973,445.9902,611.72894,522.35
T000005,1986-04-30,612.4874,365.94666,478.38397,414.105,624.1164,640.4
T000005,1986-07-31,713.4728,623.72186,586.3356,414.253,722.9569,564.31
T000005,1986-10-31,616.89856,568.2981,604.7118,430.14838,644.1342,521.39
T000005,1987-01-31,560.6501,595.8866,544.1794,525.233,591.33527,581.11
T000005,1987-04-30,618.5366,756.39197,553.75946,538.9614,499.9266,619.83
T000005,1987-07-31,658.99304,801.478,602.09705,578.2699,509.6958,564.64
T000005,1987-10-31,601.5193,692.97876,593.94446,574.0664,470.84555,656.69
T000006,1977-07-31,0.1326124,0.08693472,0.02436807,0.16884193,0.42941806,13.3
T000006,1977-10-31,14.2454195,24.727438,13.320924,14.306793,15.628489,33.9
T000006,1978-01-31,37.793888,64.57543,24.465628,13.9976845,22.276558,19.6
T000006,1978-04-30,22.9054,41.421684,27.192924,20.641914,17.86235,14.2
T000006,1978-07-31,17.24297,36.113213,17.067257,14.742552,5.788288,18.4
T000006,1978-10-31,21.996029,41.225098,16.476486,19.984285,8.815622,46.2
T000006,1979-01-31,50.7614,84.223625,33.468178,21.987556,18.002087,35.1
T000006,1979-04-30,39.36893,64.92723,40.99381,20.617802,15.791925,14.1
T000006,1979-07-31,18.950138,24.36971,25.250446,21.20402,3.7647629,18.0
T000006,1979-10-31,24.739433,30.55704,16.21388,22.790861,6.6496773,39.3
T000006,1980-01-31,43.252937,51.68972,29.545042,25.418331,12.625216,31.6
T000006,1980-04-30,34.804512,34.96498,35.6885,34.699017,31.594929,18.2
T000006,1980-07-31,23.764057,16.608082,25.315048,19.994667,15.535581,23.3
T000006,1980-10-31,31.038366,27.20605,20.964306,21.703747,17.286167,49.3
T000006,1981-01-31,54.226357,65.995964,37.39254,28.428003,25.250015,26.7
T000006,1981-04-30,30.487116,21.79386,38.700005,29.53273,36.97203,16.8
T000006,1981-07-31,21.958973,12.488863,22.056639,26.920033,27.392147,23.0
T000006,1981-10-31,29.865477,28.088028,20.160528,27.010359,18.864225,48.2
T000007,1977-04-30,0.1326124,0.08693472,0.02436807,0.16884193,0.42941806,30.19
T000007,1977-07-31,32.19185,56.019024,30.210924,32.550716,34.93017,38.52
T000007,1977-10-31,41.612587,73.71199,34.705032,32.336205,33.586765,43.72
T000007,1978-01-31,47.124435,88.85336,41.338512,41.64144,37.20801,46.84
T000007,1978-04-30,50.455975,101.74965,45.411102,40.631603,30.285679,36.43
T000007,1978-07-31,40.265846,76.72695,41.95744,39.25232,19.040245,43.72
T000007,1978-10-31,47.214546,88.33067,40.381332,39.219364,23.483883,44.76
T000007,1979-01-31,47.365494,79.25362,44.2837,44.39914,22.896084,46.84
T000007,1979-04-30,48.60084,75.241684,45.8874,43.93886,30.638927,38.52
T000007,1979-07-31,42.154305,54.259804,42.937702,45.36373,21.215134,46.84
T000007,1979-10-31,49.81189,54.8963,43.029613,44.06692,38.236267,55.17
T000007,1980-01-31,57.651077,68.35745,51.35503,45.447113,46.798096,54.13
T000007,1980-04-30,55.94615,63.139915,54.682213,46.98294,44.20388,41.64
T000007,1980-07-31,45.143803,45.32298,48.271862,48.274406,45.959755,58.3
T000007,1980-10-31,62.15097,75.30375,50.670067,48.020504,41.0951,56.21
T000007,1981-01-31,59.03235,67.617775,57.319733,54.674854,48.04642,57.25
T000007,1981-04-30,59.36041,67.87048,56.7737,55.59459,47.240253,47.89
T000007,1981-07-31,52.29636,54.493317,52.859913,55.481697,48.42682,62.46
T000007,1981-10-31,66.38124,76.11158,55.787243,56.638912,49.33394,66.62
T000007,1982-01-31,69.83402,83.021706,64.714806,57.531635,56.535378,62.46
T000007,1982-04-30,64.5961,70.408646,64.66885,57.483273,53.817818,57.25
T000007,1982-07-31,61.9096,68.0948,60.016373,58.17034,59.99454,78.07
T000007,1982-10-31,83.2151,102.51285,68.534874,63.05477,51.23789,82.24
T000007,1983-01-31,86.63645,106.76437,80.33022,63.42421,64.46203,85.36
T000007,1983-04-30,90.49414,113.805466,83.93111,67.19965,61.66671,74.95
T000007,1983-07-31,82.10612,99.408714,80.47743,75.40221,60.224007,92.65
T000007,1983-10-31,100.042564,127.31088,84.54377,78.65073,58.7825,78.07
T000007,1984-01-31,83.12256,95.33702,85.8116,79.485565,68.318825,106.18
T000007,1984-04-30,112.112366,141.09882,93.306206,82.64946,79.537384,80.16
T000007,1984-07-31,88.059456,96.9353,93.97594,82.71794,70.93884,131.16
T000007,1984-10-31,140.79907,182.51512,107.80306,82.18857,77.85761,100.98
T000007,1985-01-31,110.00518,129.5763,117.00479,95.04209,79.27973,120.75
T000007,1985-04-30,128.2308,154.53497,111.695755,102.02886,80.40031,99.94
T000007,1985-07-31,110.77911,131.7882,110.98956,104.027336,93.93863,150.94
T000007,1985-10-31,161.30817,202.16891,127.58306,105.44691,93.1782,116.59
T000007,1986-01-31,128.02592,151.6161,134.82895,120.44838,110.69983,151.99
T000007,1986-04-30,162.87473,200.70906,135.77754,117.6097,88.64503,128.04
T000007,1986-07-31,142.1011,167.36598,140.75682,123.80195,127.89902,167.6
T000007,1986-10-31,179.11464,219.04858,149.48235,130.04622,98.220436,174.89
T000007,1987-01-31,187.47601,241.50903,171.55133,151.77083,157.8048,168.64
T000007,1987-04-30,180.49384,215.64343,171.95859,152.98384,107.15649,143.66
T000007,1987-07-31,158.06714,185.46107,156.92372,156.4766,148.6815,174.89
T000007,1987-10-31,186.55977,219.60518,160.58731,168.932,114.809845,175.93
T000007,1988-01-31,184.72998,210.73813,175.4537,170.5334,171.75102,189.46
T000007,1988-04-30,198.66835,231.7001,183.26355,175.21828,144.85757,158.23
T000007,1988-07-31,170.08539,174.588,174.81232,171.69057,167.66261,137.41
T000007,1988-10-31,146.86531,126.86601,148.46487,167.62033,132.74806,138.45
T000007,1989-01-31,146.7073,118.22412,137.9737,165.2284,165.52322,148.86
T000007,1989-04-30,155.47333,118.38245,144.09244,154.15202,166.33025,125.96
T000007,1989-07-31,137.47441,85.28254,138.1193,146.2538,169.78873,160.31
T000007,1989-10-31,173.1101,151.25143,144.57841,140.54507,156.12794,156.15
T000007,1990-01-31,167.84251,141.46616,158.35884,140.3001,183.58078,172.8
T000007,1990-04-30,180.43706,177.1298,165.17465,149.6208,177.96176,169.68
T000007,1990-07-31,177.57515,189.77715,171.33662,156.65845,184.05127,167.6
T000007,1990-10-31,174.03682,189.77025,168.70442,161.05096,158.64157,182.17
T000008,1977-10-31,0.1326124,0.08693472,0.02436807,0.16884193,0.42941806,3676.0
T000008,1978-01-31,3907.3433,6810.4995,3676.021,3970.9775,4201.3154,1190.0
T000008,1978-04-30,1596.9153,2554.4434,2510.0005,1246.7385,1160.5192,1972.0
T000008,1978-07-31,2351.7183,4410.952,1613.8602,2095.5781,1832.653,2711.0
T000008,1978-10-31,3086.1948,6077.31,2372.5535,2028.3418,1603.4291,2621.0
T000008,1979-01-31,2909.9985,4633.653,2668.7876,2730.1167,1683.2434,2736.0
T000008,1979-04-30,3061.6335,5725.8926,2683.3323,2759.3308,2113.5696,2679.0
T000008,1979-07-31,3032.95,4479.9507,2709.2654,2657.9734,1003.1583,2934.0
T000008,1979-10-31,3251.011,4991.258,2817.2153,2693.1133,2338.6194,2987.0
T000008,1980-01-31,3204.7922,4329.1045,2962.727,2715.5762,718.04004,2118.0
T000008,1980-04-30,2409.2175,1879.128,2579.416,2815.6985,3350.3633,2078.0
T000008,1980-07-31,2370.0566,2311.1663,2099.239,2858.7546,1918.5118,3693.0
T000008,1980-10-31,3920.1062,4656.2285,2953.3635,2792.675,2715.408,2616.0
T000008,1981-01-31,2799.818,2380.3574,3187.8586,2758.2659,2760.6567,3740.0
T000008,1981-04-30,3980.734,4820.253,3225.2314,2642.6704,3116.1436,2382.0
T000008,1981-07-31,2739.7905,2445.6135,3103.0623,2526.4038,2463.7524,3094.0
T000008,1981-10-31,3301.248,3428.6245,2767.9187,2772.9739,2662.8325,1832.0
T000008,1982-01-31,2121.7996,1433.3466,2502.0889,2794.2417,2503.659,3188.0
T000008,1982-04-30,3417.1538,3169.9043,2566.9802,2807.276,2961.023,2182.0
T000008,1982-07-31,2596.82,2061.2695,2716.1594,2619.623,2669.654,4100.0
T000008,1982-10-31,4442.133,4800.5215,3221.596,2450.424,2511.9905,3812.0
T000008,1983-01-31,4224.963,4825.8984,3964.9204,3135.6284,4534.1904,2945.0
T000008,1983-04-30,3192.38,2996.7021,3405.3542,3019.5469,2258.5303,2537.0
T000008,1983-07-31,2939.914,2999.9219,2753.6372,3200.922,3703.5486,2904.0
T000008,1983-10-31,3103.8093,2958.7876,2735.9216,3200.2095,1968.3601,2386.0
T000008,1984-01-31,2681.6465,2066.8198,2661.0444,3109.4983,3537.6213,3229.0
T000008,1984-04-30,3505.901,3446.516,2842.9236,3011.9023,2337.303,2091.0
T000008,1984-07-31,2552.9307,1158.353,2695.248,2675.7998,3462.152,3880.0
T000008,1984-10-31,4263.9863,4484.697,3060.675,2591.8267,2997.5376,2355.0
T000008,1985-01-31,2693.3015,1591.9398,3164.7349,2551.4734,3483.4224,3923.0
T000008,1985-04-30,4139.332,4499.7217,3204.8887,2468.3076,3828.9573,1787.0
T000008,1985-07-31,2219.05,1492.2349,2921.1597,2596.742,2567.8948,4282.0
T000008,1985-10-31,4611.296,5348.2314,3139.3418,2619.459,2646.2969,3199.0
T000008,1986-01-31,3640.3108,4073.5454,3774.0444,3420.8372,3560.0625,3831.0
T000008,1986-04-30,4129.193,4364.207,3541.5571,3242.8843,2701.6047,2715.0
T000008,1986-07-31,3287.5698,3402.9692,3307.5667,3459.4355,4007.2808,3203.0
T000008,1986-10-31,3474.251,3140.716,2979.506,3477.812,1940.606,2098.0
T000008,1987-01-31,2550.2456,1568.7689,2684.7258,3382.1323,4281.4937,1015.0
T000008,1987-04-30,1426.3087,-1142.8889,1590.0446,2953.774,1335.7257,3712.0
T000008,1987-07-31,4305.0327,4022.595,2476.83,2980.2954,5390.2744,4139.0
T000009,1975-10-31,0.1326124,0.08693472,0.02436807,0.16884193,0.42941806,5666.0
T000009,1976-01-31,6022.581,10497.312,5666.021,6120.698,6475.462,5405.0
T000009,1976-04-30,5755.0503,10397.578,5543.584,5772.8877,5352.3057,5001.0
T000009,1976-07-31,5359.2456,10552.248,5215.513,5886.7554,4459.0654,4688.0
T000009,1976-10-31,5067.8916,10921.66,4854.195,5169.577,3069.3335,5492.0
T000009,1977-01-31,5847.051,10736.202,5123.7847,5553.084,2797.7202,5231.0
T000009,1977-04-30,5506.646,10184.828,5369.584,5329.724,3290.2437,4813.0
T000009,1977-07-31,5062.328,7920.312,5034.947,5079.9873,2362.5127,4780.0
T000009,1977-10-31,5076.123,7367.5884,4797.522,4929.8486,3563.2568,4611.0
T000009,1978-01-31,4875.4087,5499.33,4700.7344,4855.759,1868.5986,5201.0
T000009,1978-04-30,5334.7925,5027.7534,4930.7925,4933.8247,5631.8135,5136.0
T000009,1978-07-31,5252.116,5008.449,5170.513,4848.1626,5357.78,5124.0
T000009,1978-10-31,5283.902,5231.0166,5130.3716,4824.8765,5340.7744,6149.0
T000009,1979-01-31,6381.918,7341.6387,5679.5713,5142.013,5303.2593,6202.0
T000009,1979-04-30,6409.4863,7222.172,6177.727,5160.4614,5519.074,5808.0
T000009,1979-07-31,6058.3,6906.0913,6017.2036,5219.8306,5299.3223,5572.0
T000009,1979-10-31,5863.392,6623.903,5697.3096,5643.707,4727.3115,7069.0
T000009,1980-01-31,7434.2607,9058.729,6383.4053,5924.3345,5348.0527,6839.0
T000009,1980-04-30,7194.0107,8520.324,6961.124,6175.4263,5320.53,6104.0
T000009,1980-07-31,6400.5146,6974.608,6494.2656,6148.6284,5413.937,6812.0
T000009,1980-10-31,7217.5576,8411.551,6487.7505,6183.1147,6004.8887,8367.0
T000009,1981-01-31,8811.364,10657.492,7654.8423,6872.377,6056.8438,8130.0
T000009,1981-04-30,8500.416,10142.425,8255.841,6861.867,6585.0947,7525.0
T000009,1981-07-31,7982.1377,9256.197,7846.2393,6880.187,6587.1514,6918.0
T000009,1981-10-31,7451.428,8196.979,7240.3013,7142.1743,6284.775,6737.0
T000009,1982-01-31,7085.292,7197.955,6833.1064,7103.283,5564.1436,6900.0
T000009,1982-04-30,7122.4897,6799.2393,6825.3496,7097.677,6764.6387,6112.0
T000009,1982-07-31,6473.616,5088.87,6530.407,7089.373,6672.9204,6717.0
T000009,1982-10-31,7213.713,6246.6055,6439.9224,6884.0874,6782.1836,7937.0
T000009,1983-01-31,8338.32,8115.5303,7378.265,6812.233,7215.421,7647.0
T000009,1983-04-30,7950.0845,7408.3984,7800.9824,6756.9536,8070.5737,6993.0
T000009,1983-07-31,7288.8403,7036.5156,7340.257,6929.869,7503.526,8089.0
T000009,1983-10-31,8367.626,9348.166,7587.0547,7079.751,7286.8535,9279.0
T000009,1984-01-31,9676.68,11594.007,8734.005,7717.714,7339.4824,9547.0
T000009,1984-04-30,10008.709,12251.061,9424.262,7962.507,7206.311,8064.0
T000009,1984-07-31,8647.219,9791.476,8851.434,8124.478,7256.8945,8188.0
T000009,1984-10-31,8763.136,9907.628,8131.2104,8304.981,6779.531,8889.0
T000009,1985-01-31,9297.898,10421.508,8567.957,8431.339,7268.6763,8655.0
T000009,1985-04-30,8869.654,9150.3955,8779.248,8821.855,7963.555,7161.0
T000009,1985-07-31,7599.4287,6666.254,7954.275,8501.204,7882.654,6912.0
T000009,1985-10-31,7504.32,5886.9146,7044.2124,8429.967,7399.743,8059.0
T000009,1986-01-31,8514.223,7288.115,7533.6978,8344.603,8442.202,8701.0
T000009,1986-04-30,9021.13,8027.3726,8406.978,8198.044,9205.212,7245.0
T000009,1986-07-31,7670.7495,5977.378,8018.0977,7391.369,9234.253,8023.0
T000009,1986-10-31,8485.389,8105.9307,7666.6924,7351.1445,8507.432,8890.0
T000009,1987-01-31,9200.174,9599.31,8492.932,8127.2305,8574.954,10089.0
T000009,1987-04-30,10339.945,11682.038,9539.883,8127.158,9197.046,8620.0
T000009,1987-07-31,9048.358,9835.515,9400.0,8660.689,8609.237,9742.0
T000009,1987-10-31,10332.7,12161.8955,9228.147,8666.439,7957.039,12345.0
T000009,1988-01-31,13158.125,16973.621,11152.88,9094.328,8784.223,12031.0
T000009,1988-04-30,12727.51,15606.469,12197.726,9801.19,8412.995,10433.0
T000009,1988-07-31,11252.097,13426.752,11281.496,10145.283,8870.126,12770.0
T000009,1988-10-31,13802.832,17590.832,11699.702,10609.828,8776.82,13819.0
T000009,1989-01-31,14794.246,18485.7,13338.58,12116.35,9894.385,15038.0
T000009,1989-04-30,15941.919,20276.43,14479.724,12385.62,10387.403,15518.0
T000009,1989-07-31,16732.854,21363.23,15298.17,12845.769,12438.417,12623.0
T000009,1989-10-31,13779.417,15722.218,14160.169,13025.285,10155.456,10887.0
T000010,1977-10-31,0.1326124,0.08693472,0.02436807,0.16884193,0.42941806,29.0
T000010,1978-01-31,30.927391,53.814346,29.020924,31.26527,33.570248,37.0
T000010,1978-04-30,39.970444,70.80334,33.336166,31.061611,32.262142,42.0
T000010,1978-07-31,45.27061,85.35715,39.710102,39.998096,35.74335,45.0
T000010,1978-10-31,48.47411,97.75079,43.62606,39.028294,29.094263,35.0
T000010,1979-01-31,38.68526,73.71444,40.30974,37.70351,18.291077,42.0
T000010,1979-04-30,45.357624,84.857635,38.794144,37.672558,22.5577,43.0
T000010,1979-07-31,45.503586,76.13919,42.54202,42.652935,21.995535,45.0
T000010,1979-10-31,46.691814,72.2883,44.08404,42.209812,29.43441,37.0
T000010,1980-01-31,40.49165,52.11738,41.24779,43.580658,20.379036,45.0
T000010,1980-04-30,47.85595,52.743114,41.336166,42.333645,36.734024,53.0
T000010,1980-07-31,55.384224,65.66892,49.336166,43.660038,44.955444,52.0
T000010,1980-10-31,53.744583,60.6529,52.530975,45.137314,42.46629,40.0
T000010,1981-01-31,43.366394,43.53641,46.371685,46.379173,44.153835,56.0
T000010,1981-04-30,59.69873,72.32655,48.672333,46.133476,39.479374,54.0
T000010,1981-07-31,56.711117,64.95995,55.061947,52.523396,46.163605,55.0
T000010,1981-10-31,57.027035,65.20233,54.54202,53.408035,45.382874,46.0
T000010,1982-01-31,50.23369,52.338028,50.778763,53.298996,46.517555,60.0
T000010,1982-04-30,63.76767,73.11501,53.58829,54.41153,47.387203,64.0
T000010,1982-07-31,67.08744,79.75585,62.168083,55.270344,54.310467,60.0
T000010,1982-10-31,62.05186,67.63365,62.123894,55.22398,51.699635,55.0
T000010,1983-01-31,59.47644,65.42224,57.65487,55.88324,57.638626,75.0
T000010,1983-04-30,79.9435,98.48446,65.840416,60.571804,49.222733,79.0
T000010,1983-07-31,83.22387,102.5585,77.16808,60.92631,61.917538,82.0
T000010,1983-10-31,86.93179,109.32646,80.62606,64.55687,59.23534,72.0
T000010,1984-01-31,78.87454,95.49495,77.30974,72.43433,57.85206,89.0
T000010,1984-04-30,96.10151,122.294556,81.214355,75.55757,56.467903,75.0
T000010,1984-07-31,79.8533,91.58945,82.43363,76.35996,65.62873,102.0
T000010,1984-10-31,107.69852,135.54187,89.63456,79.39335,76.40956,77.0
T000010,1985-01-31,84.58799,93.11075,90.274345,79.45775,68.144646,126.0
T000010,1985-04-30,135.25957,175.33556,103.55902,78.95002,74.79308,97.0
T000010,1985-07-31,105.66996,124.46452,112.39824,91.29884,76.15472,116.0
T000010,1985-10-31,123.18678,148.45888,107.29839,98.00798,77.23566,96.0
T000010,1986-01-31,106.413246,126.59004,106.61948,99.9286,90.236565,145.0
T000010,1986-04-30,154.9603,194.21255,122.55902,101.292595,89.50733,112.0
T000010,1986-07-31,122.98657,145.64958,129.52213,115.70753,106.33903,146.0
T000010,1986-10-31,156.4555,192.79245,130.42871,112.97965,85.15492,123.0
T000010,1987-01-31,136.50854,160.78183,135.2124,118.93146,122.870384,161.0
T000010,1987-04-30,172.06133,210.42004,143.59679,124.92724,94.35445,168.0
T000010,1987-07-31,180.09027,231.99217,164.79414,145.79779,151.59894,162.0
T000010,1987-10-31,173.38712,207.15399,165.18584,146.95503,102.9317,138.0
T000010,1988-01-31,151.84004,178.1503,150.74336,150.31076,142.82445,168.0
T000010,1988-04-30,179.2101,210.95288,154.26062,162.2795,110.28823,169.0
T000010,1988-07-31,177.45284,202.43445,168.54202,163.81894,164.98709,182.0
T000010,1988-10-31,190.84557,222.57654,176.04626,168.31534,139.15594,152.0
T000010,1989-01-31,163.38829,167.71642,167.92921,164.92914,161.05795,132.0
T000010,1989-04-30,141.08258,121.87224,142.61948,161.02184,127.520676,133.0
T000010,1989-07-31,140.93188,113.57468,132.54202,158.72195,159.00577,143.0
T000010,1989-10-31,149.3522,113.72649,138.42021,148.0834,159.77669,121.0
T000010,1990-01-31,132.06042,81.92626,132.68143,140.49634,163.10468,154.0
T000010,1990-04-30,166.29556,145.30257,138.88669,135.0124,149.98045,150.0
T000010,1990-07-31,161.2317,135.89456,152.1239,134.77719,176.34695,166.0
T000010,1990-10-31,173.33618,170.16318,158.67233,143.73088,170.95503,163.0
T000010,1991-01-31,170.58461,182.30675,164.59293,150.48834,176.80368,161.0
T000010,1991-04-30,167.18346,182.29572,162.06195,154.71184,152.39313,175.0
T000011,1977-10-31,0.1326124,0.08693472,0.02436807,0.16884193,0.42941806,205.0
T000011,1978-01-31,217.96777,379.88416,205.02092,221.38933,234.7008,219.0
T000011,1978-04-30,233.82927,419.82245,212.58829,219.54631,209.25975,198.0
T000011,1978-07-31,211.56091,414.8349,209.15045,223.37164,169.76927,226.0
T000011,1978-10-31,241.07391,504.27878,213.17657,214.7599,140.02254,234.0
T000011,1979-01-31,247.80817,464.48178,230.33617,222.77945,117.77138,252.0
T000011,1979-04-30,265.15942,493.28143,243.75638,219.80412,143.71815,206.0
T000011,1979-07-31,218.6815,360.9625,230.42479,224.27104,96.06671,280.0
T000011,1979-10-31,293.42426,462.08807,246.10954,227.7793,162.70967,313.0
T000011,1980-01-31,332.03455,476.8031,297.8867,237.87508,124.04765,319.0
T000011,1980-04-30,337.3147,417.39105,316.25214,253.75693,223.7133,300.0
T000011,1980-07-31,325.0098,408.24503,310.0885,281.40106,237.99533,326.0
T000011,1980-10-31,351.55115,436.00793,314.09253,302.1192,224.8335,307.0
T000011,1981-01-31,327.51855,390.88852,317.0885,310.3821,263.83267,312.0
T000011,1981-04-30,326.96622,374.87314,309.7101,312.94113,258.7953,203.0
T000011,1981-07-31,227.75485,166.79416,260.87613,322.23813,265.2409,160.0
T000011,1981-10-31,191.29375,61.77841,182.83186,333.4954,224.15836,218.0
T000011,1982-01-31,251.22806,128.60107,191.43721,243.29025,309.14725,274.0
T000011,1982-04-30,302.4259,191.96245,248.35316,237.0903,350.53345,211.0
T000011,1982-07-31,244.9235,115.24199,244.45134,225.38506,349.5193,288.0
T000011,1982-10-31,321.7086,286.3431,252.7356,212.59804,329.40073,333.0
T000011,1983-01-31,359.92557,387.5845,312.39093,224.96838,358.9596,366.0
T000011,1983-04-30,386.687,468.65717,350.8867,276.78036,327.0224,278.0
T000011,1983-07-31,305.2842,358.62772,324.72568,283.15854,306.64093,320.0
T000011,1983-10-31,352.39905,443.86053,300.76486,294.1947,251.87279,331.0
T000012,1977-10-31,0.1326124,0.08693472,0.02436807,0.16884193,0.42941806,587.0
T000012,1978-01-31,623.9762,1087.6038,587.02094,634.04926,671.24554,717.0
T000012,1978-04-30,772.4601,1372.6116,657.4627,628.8638,638.9225,571.0
T000012,1978-07-31,621.66,1204.7588,648.52216,639.0292,471.90137,523.0
T000012,1978-10-31,573.2898,1232.1445,548.48676,592.5972,334.11124,457.0
T000012,1979-01-31,507.96686,947.9775,492.04425,621.0384,231.03772,474.0
T000012,1979-04-30,517.65204,899.17957,466.21436,548.745,289.15546,439.0
T000012,1979-07-31,485.29425,682.8203,457.58408,506.49466,257.3009,440.0
T000012,1979-10-31,494.32852,574.1949,439.54202,473.74557,338.14435,440.0
T000012,1980-01-31,506.87567,473.30313,440.02435,450.0681,232.62543,450.0
T000012,1980-04-30,499.84912,302.6267,445.4202,443.61896,489.65512,458.0
T000012,1980-07-31,499.37286,348.45877,454.33615,442.4146,614.6332,494.0
T000012,1980-10-31,511.01538,473.8027,477.51276,441.95013,526.4118,523.0
T000012,1981-01-31,536.08215,570.9473,509.7186,451.3373,526.32605,535.0
T000012,1981-04-30,550.41534,620.1269,529.5043,459.58307,463.73868,533.0
T000012,1981-07-31,552.7315,629.5095,534.06195,496.0481,471.28522,578.0
T000012,1981-10-31,604.00555,718.42084,557.3909,525.38965,450.19244,580.0
T000012,1982-01-31,606.8655,714.97314,579.08405,534.01996,483.05078,618.0
T000012,1982-04-30,647.63806,775.2215,600.5968,536.59863,513.18195,606.0
T000012,1982-07-31,636.48914,745.896,612.3717,579.63635,509.3308,669.0
T000012,1982-10-31,701.96265,837.9356,640.14734,582.1264,516.2546,658.0
T000012,1983-01-31,688.1951,806.0397,663.8407,607.42993,555.80115,648.0
T000012,1983-04-30,673.39996,759.22314,653.30975,619.73663,549.71844,680.0
T000012,1983-07-31,708.18054,820.4883,665.34467,649.32495,596.50616,708.0
T000012,1983-10-31,734.7092,832.2517,695.1766,659.7206,581.3727,678.0
T000012,1984-01-31,699.1987,767.6023,693.9292,669.6159,633.0238,690.0
T000012,1984-04-30,709.9711,773.7963,684.5043,678.9474,614.2276,730.0
T000012,1984-07-31,750.18286,826.39355,711.68085,683.7721,669.0547,726.0
T000012,1984-10-31,743.2383,802.8619,728.1239,691.9461,645.39044,664.0
T000012,1985-01-31,676.4547,678.577,696.92035,698.95074,658.27954,607.0
T000012,1985-04-30,626.92566,566.7056,637.2655,695.1501,640.94116,568.0
T000012,1985-07-31,594.0111,470.63416,588.70795,684.74744,643.6306,528.0
T000012,1985-10-31,563.403,359.5191,549.23895,630.1516,665.5913,520.0
T000012,1986-01-31,565.72766,328.99356,524.2478,589.81006,718.6581,476.0
T000012,1986-04-30,534.3762,253.0878,499.36285,548.0252,673.7096,452.0
T000012,1986-07-31,517.0688,214.77878,464.74338,536.2281,658.4794,437.0
T000012,1986-10-31,500.02945,202.11316,444.9646,491.48648,645.2736,421.0
T000012,1987-01-31,475.59338,197.01276,429.49557,463.68356,648.04614,425.0
T000012,1987-04-30,470.68478,256.92444,423.1681,448.15854,596.44525,477.0
T000012,1987-07-31,510.68283,388.2147,453.1851,443.21445,581.07117,521.0
T000012,1987-10-31,544.9641,509.8719,500.8489,439.65176,581.1529,464.0
T000012,1988-01-31,483.11725,446.875,494.2655,438.2764,503.24933,447.0
T000012,1988-04-30,463.51907,447.31744,456.02655,454.5862,479.9988,465.0
T000012,1988-07-31,475.38373,489.55453,456.75638,477.22525,455.3893,451.0
T000012,1988-10-31,459.23108,451.2128,458.43362,470.65784,444.77817,428.0
T000012,1989-01-31,440.0055,415.38678,440.2124,461.76718,443.16647,418.0
T000012,1989-04-30,438.1196,386.08115,423.30972,453.53195,435.0153,407.0
T000012,1989-07-31,427.3751,351.44888,412.8407,434.94324,441.2814,411.0
T000012,1989-10-31,429.63824,341.81668,409.1681,424.33408,461.09534,419.0
T000012,1990-01-31,435.77997,357.0175,415.33615,422.88943,488.13843,427.0
T000012,1990-04-30,440.15997,396.37567,423.33615,418.65125,465.31207,442.0
T000012,1990-07-31,452.4099,438.9876,435.1303,418.43552,451.48758,434.0
T000012,1990-10-31,442.10434,430.61517,438.2478,419.52148,449.7831,424.0
T000012,1991-01-31,429.31183,427.19302,429.30972,425.04694,436.79016,413.0
T000012,1991-04-30,417.01428,414.80243,418.8407,427.93567,415.52972,423.0
T000012,1991-07-31,426.63162,428.27676,418.4202,427.1257,417.79922,427.0
T000012,1991-10-31,431.3852,433.8328,425.1681,427.13055,420.0091,434.0
T000012,1992-01-31,438.6057,440.83286,430.79416,424.4387,423.96863,429.0
T000012,1992-04-30,434.35162,433.44672,431.65488,424.1543,429.10406,428.0
T000012,1992-07-31,431.85193,428.3218,428.53098,427.3369,424.12012,436.0
T000012,1992-10-31,438.54037,444.1986,432.33615,428.59506,438.55988,475.0
T000012,1993-01-31,480.96094,518.04626,457.13882,431.49835,443.18484,512.0
T000012,1993-04-30,525.5665,595.9557,495.05478,435.9402,448.03857,610.0
T000012,1993-07-31,638.5638,788.86804,565.11804,440.61765,455.35144,639.0
T000012,1993-10-31,679.22363,857.9,625.7186,477.99274,446.22955,613.0
T000013,1978-04-30,0.1326124,0.08693472,0.02436807,0.16884193,0.42941806,17050.0
T000013,1978-07-31,18123.02,31588.1,17050.021,18418.396,19484.953,18408.0
T000013,1978-10-31,19668.822,35284.05,17786.064,18262.623,17489.828,18540.0
T000013,1979-01-31,19697.875,38349.363,18479.547,20082.44,15661.07,20505.0
T000013,1979-04-30,21835.168,45300.695,19605.07,19327.201,12762.766,18523.0
T000013,1979-07-31,19744.965,37370.64,19575.39,18900.334,8705.28,20076.0
T000013,1979-10-31,21157.62,39888.777,19364.758,18577.438,10947.906,21073.0
T000013,1980-01-31,22007.03,36837.617,20616.395,18831.178,9192.2,21822.0
T000013,1980-04-30,22553.367,35065.99,21478.973,20121.873,13152.37,20979.0
T000013,1980-07-31,22076.97,30142.914,21426.611,20531.72,9697.082,21948.0
T000013,1980-10-31,22824.629,25625.008,21504.219,21053.064,18741.002,22755.0
T000013,1981-01-31,23576.37,26760.848,22385.41,21168.043,20653.11,22434.0
T000013,1981-04-30,23054.246,25285.475,22604.443,21848.93,19448.602,20987.0
T000013,1981-07-31,21622.617,22471.176,21755.318,22101.97,20943.318,22298.0
T000013,1981-10-31,22949.652,24529.121,21697.59,22076.895,19793.826,23186.0
T000013,1982-01-31,23624.746,25145.27,22779.314,22419.094,21646.59,23879.0
T000013,1982-04-30,24231.324,25855.346,23561.621,22455.838,22095.018,22701.0
T000013,1982-07-31,23231.293,24099.662,23326.486,22468.682,22419.533,24506.0
T000013,1982-10-31,25121.742,27326.574,23679.348,22755.35,22056.088,25624.0
T000013,1983-01-31,26258.883,29182.785,25111.979,23296.37,22868.04,26115.0
T000013,1983-04-30,26733.809,29700.035,25890.133,23927.578,22818.502,24906.0
T000013,1983-07-31,25769.408,28329.709,25547.947,24543.33,23126.428,26025.0
T000013,1983-10-31,26941.047,29939.477,25512.521,24971.576,22497.953,27309.0
T000013,1984-01-31,28141.041,31590.156,26720.955,25709.438,24286.498,26942.0
T000013,1984-04-30,27579.814,29986.68,27136.867,26048.365,24105.492,25325.0
T000013,1984-07-31,26062.96,27194.752,26183.584,26236.434,24785.713,25237.0
T000013,1984-10-31,25923.047,26431.865,25283.727,25716.748,23436.041,24363.0
T000013,1985-01-31,24778.021,23556.908,24827.07,25606.727,24472.428,23927.0
T000013,1985-04-30,24388.42,21846.938,24158.504,25611.082,25070.36,23381.0
T000013,1985-07-31,24131.783,20734.629,23670.912,24747.46,26095.22,24847.0
T000013,1985-10-31,25655.799,23271.445,24175.602,24622.238,25589.229,26533.0
T000013,1986-01-31,27240.326,26434.922,25760.848,24458.537,27040.186,27657.0
T000013,1986-04-30,28259.96,28838.947,27142.23,24410.648,27615.377,24207.0
T000013,1986-07-31,24941.33,23972.514,26038.86,24384.95,25657.621,29154.0
T000013,1986-10-31,29962.05,33791.836,26888.377,25064.197,25745.559,29058.0
T000013,1987-01-31,29977.855,33593.27,29108.973,26720.01,25459.682,28628.0
T000013,1987-04-30,29490.252,32671.629,28856.318,27712.78,24725.607,26204.0
T000013,1987-07-31,27491.586,29519.37,27491.08,28111.928,25276.389,28345.0
T000014,1978-04-30,0.1326124,0.08693472,0.02436807,0.16884193,0.42941806,65896.0
T000014,1978-07-31,70043.1,122083.58,65896.02,71184.86,75305.54,63922.0
T000014,1978-10-31,67957.27,122844.97,64970.14,68315.875,63307.004,76160.0
T000014,1979-01-31,81438.79,156327.34,70555.25,71969.78,59154.688,77622.0
T000014,1979-04-30,82906.36,171318.06,76952.44,68824.24,45478.0,78125.0
T000014,1979-07-31,83282.08,156033.69,77894.63,77560.734,41023.527,75453.0
T000014,1979-10-31,80467.7,153252.4,76871.76,75793.51,45349.934,84528.0
T000014,1980-01-31,88707.625,147701.28,80371.836,76453.47,36580.016,88997.0
T000014,1980-04-30,92725.55,147861.28,86950.29,77997.69,54900.65,91926.0
T000014,1980-07-31,96726.914,135134.12,90584.58,78390.484,36545.727,99877.0
T000014,1980-10-31,106024.85,131483.84,96235.61,84961.47,78965.48,106505.0
T000014,1981-01-31,113344.9,140528.58,103469.516,89397.055,72351.35,109341.0
T000014,1981-04-30,115746.46,143293.75,108042.17,92376.65,83875.12,108527.0
T000014,1981-07-31,115129.89,140757.73,108959.21,100346.1,84670.86,100791.0
T000014,1981-10-31,106946.34,123755.05,104898.61,101775.516,84048.336,119445.0
T000014,1982-01-31,126053.95,153529.19,110901.85,106941.984,93307.516,112400.0
T000014,1982-04-30,117425.16,132705.69,116140.71,108973.02,94439.81,126043.0
T000014,1982-07-31,131534.94,154295.14,119794.79,109700.6,105127.74,120669.0
T000014,1982-10-31,126664.94,144938.6,123522.45,112852.81,103473.41,130590.0
T000014,1983-01-31,135655.92,154721.47,126046.39,119966.37,106936.14,127057.0
T000014,1983-04-30,132117.03,151706.05,128932.93,121079.98,112074.59,128797.0
T000014,1983-07-31,132962.56,146570.3,128000.12,126321.555,112805.88,122665.0
T000014,1983-10-31,127702.77,139573.38,125920.93,127421.85,119912.016,133925.0
T000014,1984-01-31,138358.53,151804.27,128768.16,127527.34,109378.25,130428.0
T000014,1984-04-30,133580.64,141757.12,132284.81,129128.445,129176.516,129709.0
T000014,1984-07-31,132317.78,137093.0,130090.77,128918.53,117733.336,125517.0
T000014,1984-10-31,128280.664,129052.6,127742.84,130115.05,128584.016,134699.0
T000014,1985-01-31,136646.9,141288.88,130493.836,130431.195,123975.01,131711.0
T000014,1985-04-30,133092.6,135689.55,133297.55,130917.74,133521.39,127676.0
T000014,1985-07-31,128850.56,127136.945,129818.48,130459.52,125185.34,120658.0
T000014,1985-10-31,123855.43,116772.375,124384.375,129550.055,129701.1,121006.0
T000014,1986-01-31,123289.58,113184.586,120846.625,127577.35,121886.45,116420.0
T000014,1986-04-30,119442.15,102364.47,118855.05,123094.04,132057.48,131788.0
T000014,1986-07-31,134540.22,129556.37,124749.77,123363.89,134687.83,116357.0
T000014,1986-10-31,120488.83,104250.945,124550.45,122983.38,131200.5,131782.0
T000014,1987-01-31,135397.8,134085.3,124717.67,120946.75,131008.22,121252.0
T000014,1987-04-30,124797.89,117593.586,126843.16,122586.99,127997.97,143642.0
T000014,1987-07-31,146289.03,156824.75,133387.84,122187.734,131107.56,128780.0
T000014,1987-10-31,133067.52,140071.88,136671.33,129920.85,126913.76,136479.0
T000015,1978-04-30,0.1326124,0.08693472,0.02436807,0.16884193,0.42941806,19168.0
T000015,1978-07-31,20374.314,35512.055,19168.021,20706.39,21905.375,16279.0
T000015,1978-10-31,17609.594,31545.531,17812.982,17320.908,16104.812,12767.0
T000015,1979-01-31,14217.107,28022.277,14631.779,17554.527,13322.041,13116.0
T000015,1979-04-30,14670.098,31386.943,12956.165,13508.269,6993.812,13141.0
T000015,1979-07-31,14398.648,25153.758,13129.551,15269.977,4729.9844,15385.0
T000015,1979-10-31,16582.367,29284.777,14357.295,13901.49,8816.914,14279.0
T000015,1980-01-31,15510.713,22809.59,14866.257,13360.761,6837.8364,17802.0
T000015,1980-04-30,19188.557,27950.824,16188.539,13262.329,12449.269,19297.0
T000015,1980-07-31,20668.719,27923.445,18612.32,14395.121,7873.3354,20983.0
T000015,1980-10-31,21995.445,26097.516,20210.848,15524.567,18646.998,18198.0
T000015,1981-01-31,19650.775,23872.084,19676.762,17884.23,16497.297,17533.0
T000015,1981-04-30,18912.418,22384.408,17886.098,18209.713,12926.421,16297.0
T000015,1981-07-31,17507.473,19354.91,16953.283,18163.727,14475.693,17888.0
T000015,1981-10-31,18715.195,19676.047,17159.355,18311.182,14997.372,16737.0
T000015,1982-01-31,17676.85,16719.748,17348.15,18082.443,17542.953,24469.0
T000015,1982-04-30,25876.104,30085.29,20927.904,17700.396,18594.938,25004.0
T000015,1982-07-31,26507.762,31204.879,24758.98,17699.826,20188.979,23797.0
T000015,1982-10-31,25185.248,29323.264,24437.885,18067.19,18527.932,19169.0
T000015,1983-01-31,20906.512,23034.34,21626.346,19951.18,17977.947,21841.0
T000015,1983-04-30,23179.41,26206.572,20617.28,23067.729,16071.68,23124.0
T000015,1983-07-31,24451.602,28206.79,22536.412,23874.773,19705.34,26375.0
T000015,1983-10-31,27762.805,32137.703,24886.11,23237.355,20868.383,26513.0
T000015,1984-01-31,28502.18,33181.81,26449.799,23196.682,24246.092,31874.0
T000015,1984-04-30,34097.605,42013.984,29418.773,23331.732,22067.297,36355.0
T000015,1984-07-31,38678.434,49960.1,34302.797,26575.635,27381.258,32115.0
T000015,1984-10-31,34455.195,42355.844,34366.33,26746.605,23708.941,28230.0
T000015,1985-01-31,30885.684,37250.688,30292.832,28907.307,24680.89,18889.0
T000015,1985-04-30,21424.494,18044.969,23848.824,30119.043,18284.58,19612.0
T000015,1985-07-31,22178.094,14511.367,19280.88,30277.918,23209.523,29231.0
T000015,1985-10-31,31812.062,28502.379,24825.697,30495.98,28146.023,34971.0
T000015,1986-01-31,37700.75,36313.594,32342.2,28505.512,34358.875,35974.0
T000015,1986-04-30,39342.492,42156.34,35514.65,28531.592,34124.027,37522.0
T000015,1986-07-31,40998.16,46617.734,36813.047,29696.896,34409.367,25991.0
T000015,1986-10-31,28824.025,26816.803,32113.658,30901.963,30820.543,17254.0
T000015,1987-01-31,19828.12,11919.28,21893.117,32293.902,25431.379,17976.0
T000015,1987-04-30,21374.49,11362.033,17645.34,29297.02,26400.783,25295.0
T000015,1987-07-31,28982.045,20851.602,21943.05,28254.385,26835.389,32532.0
T000015,1987-10-31,36525.05,32801.656,29217.604,26409.473,31250.434,28565.0
T000016,1978-04-30,0.1326124,0.08693472,0.02436807,0.16884193,0.42941806,393004.0
T000016,1978-07-31,417737.34,728106.56,393004.03,424547.1,449120.4,374303.0
T000016,1978-10-31,398616.4,720113.6,384232.75,399755.44,370649.22,417670.0
T000016,1979-01-31,444992.0,862931.6,397808.8,428637.25,345973.2,414987.0
T000016,1979-04-30,440642.0,927786.94,416411.6,409024.28,266611.4,436997.0
T000016,1979-07-31,462286.0,865424.2,426916.88,422277.38,221635.67,421133.0
T000016,1979-10-31,443991.03,845111.8,429556.38,415753.2,249451.11,460312.0
T000016,1980-01-31,479434.78,793456.1,442368.84,418841.75,201124.1,441305.0
T000016,1980-04-30,457185.38,717065.4,451397.22,422829.56,294913.72,462839.0
T000016,1980-07-31,480936.84,647494.5,452976.88,438042.62,177093.78,473135.0
T000016,1980-10-31,489921.3,555126.2,468419.66,442778.12,426919.12,505824.0
T000016,1981-01-31,524049.72,595484.3,490853.12,461380.84,413435.3,488542.0
T000016,1981-04-30,504661.88,564469.8,497718.28,463461.47,443354.72,494992.0
T000016,1981-07-31,510419.56,562765.94,492038.03,474286.06,434026.84,469779.0
T000016,1981-10-31,483936.34,513722.12,483166.44,477576.22,454361.7,479296.0
T000016,1982-01-31,489299.12,509987.94,474937.4,484690.22,431058.53,452357.0
T000016,1982-04-30,461258.84,448473.44,466660.9,483220.94,463777.66,488936.0
T000016,1982-07-31,498360.56,499654.8,472183.56,483561.56,464632.0,484977.0
T000016,1982-10-31,494213.7,490273.72,487079.12,481416.84,488700.8,499887.0
T000016,1983-01-31,507047.5,505625.12,493058.53,479924.7,484946.2,517137.0
T000016,1983-04-30,526272.75,552588.0,509236.84,485628.44,519566.0,550720.0
T000016,1983-07-31,561575.44,612892.6,535339.7,490121.34,495913.9,515889.0
T000016,1983-10-31,529510.06,567523.75,534383.4,500784.1,498411.16,565356.0
T000016,1984-01-31,582508.5,660159.25,542701.1,517227.56,480548.75,568416.0
T000016,1984-04-30,588049.4,664956.4,567014.56,520656.03,503282.1,591947.0
T000016,1984-07-31,612941.7,697099.3,581170.3,552244.0,494756.03,571253.0
T000016,1984-10-31,591215.6,660960.5,582241.0,566031.44,510827.88,625722.0
T000016,1985-01-31,648523.94,737757.25,600776.3,569878.2,534887.5,559137.0
T000016,1985-04-30,578252.94,614011.94,594491.9,574833.5,526326.56,447298.0
T000016,1985-07-31,466294.8,378468.7,506681.56,592235.44,479551.28,400444.0
T000016,1985-10-31,438456.7,281142.25,425322.25,584356.5,530922.25,429054.0
T000016,1986-01-31,469158.97,278770.47,415951.22,472485.66,536239.7,464296.0
T000016,1986-04-30,507555.97,323281.56,448155.9,475377.3,626521.06,562216.0
T000016,1986-07-31,606392.4,514505.22,517370.7,453729.2,648160.75,547908.0
T000016,1986-10-31,593344.06,529427.56,555505.2,448930.25,651355.5,548596.0
T000016,1987-01-31,585297.7,578704.25,548280.94,468262.97,584046.9,572670.0
T000016,1987-04-30,600319.5,656218.1,561644.6,552332.5,602548.8,592558.0
T000016,1987-07-31,616564.8,710091.25,583449.7,550479.75,571079.2,561684.0
T000016,1987-10-31,592192.0,692677.4,578077.3,562619.7,518478.38,615553.0
T000017,1978-04-30,0.1326124,0.08693472,0.02436807,0.16884193,0.42941806,68462.0
T000017,1978-07-31,72770.586,126837.53,68462.02,73956.81,78237.93,63023.0
T000017,1978-10-31,67405.57,121498.766,65910.97,67229.0,62390.938,71918.0
T000017,1979-01-31,76794.39,148672.28,67844.27,74635.05,60436.492,81403.0
T000017,1979-04-30,86908.29,178412.19,77059.07,71654.79,49704.977,80790.0
T000017,1979-07-31,86181.47,159765.97,81115.484,73165.16,41004.86,86546.0
T000017,1979-10-31,92375.11,174258.95,83909.875,72406.36,48809.52,96206.0
T000017,1980-01-31,102265.086,171913.0,91781.92,81382.58,44362.082,96669.0
T000017,1980-04-30,102125.13,164368.4,96456.95,81771.95,59644.137,93260.0
T000017,1980-07-31,99479.21,142156.84,95070.086,86903.945,36808.094,101145.0
T000017,1980-10-31,107772.95,133200.98,97533.836,93699.29,79573.21,97325.0
T000017,1981-01-31,103469.18,121891.97,99353.32,96468.83,76811.516,108776.0
T000017,1981-04-30,114018.22,136509.16,103531.68,96841.2,87263.516,98919.0
T000017,1981-07-31,103435.305,114192.016,104152.805,97863.29,89031.17,104108.0
T000017,1981-10-31,108164.234,119549.98,101731.55,99237.33,90163.27,108048.0
T000017,1982-01-31,111677.55,125305.266,106243.56,101832.2,93518.125,120816.0
T000017,1982-04-30,124175.164,140394.08,114968.52,104543.28,99760.69,132652.0
T000017,1982-07-31,138648.2,168380.2,127231.36,108354.33,109252.02,132758.0
T000017,1982-10-31,139885.06,167243.44,132709.45,108675.28,98550.99,123878.0
T000017,1983-01-31,131286.28,153694.14,128593.05,121423.65,106643.13,147156.0
T000017,1983-04-30,155644.4,193234.22,136495.16,124764.75,103730.41,128768.0
T000017,1983-07-31,135613.16,152868.72,138531.55,130211.53,116268.76,128042.0
T000017,1983-10-31,134321.7,149774.8,128427.484,130379.19,111341.3,128009.0
T000017,1984-01-31,134915.9,145402.88,128026.52,129924.49,116589.695,132537.0
T000017,1984-04-30,136734.14,138094.34,130463.27,130620.73,118031.54,124437.0
T000017,1984-07-31,127859.52,123540.55,128737.89,130718.02,126456.18,109391.0
T000017,1984-10-31,113964.27,87109.42,117380.03,131853.52,121767.21,119149.0
T000017,1985-01-31,125457.87,108258.97,114680.04,127784.734,138369.55,119151.0
T000017,1985-04-30,123934.93,103485.17,119150.086,121401.484,120651.555,108886.0
T000017,1985-07-31,114228.2,83040.58,114336.445,122838.086,140149.53,114693.0
T000017,1985-10-31,120135.82,103315.0,112033.516,116986.65,128953.16,123091.0
T000017,1986-01-31,127452.74,117121.805,119244.89,116322.51,129024.99,131362.0
T000017,1986-04-30,134503.67,136380.81,127574.055,119370.125,131281.48,130534.0
T000017,1986-07-31,133765.67,140249.64,130973.65,119466.016,128931.445,117287.0
T000017,1986-10-31,121577.84,121828.375,124320.805,118250.54,121568.89,131388.0
T000017,1987-01-31,135724.5,151386.86,124930.03,124282.61,115376.22,130712.0
T000017,1987-04-30,133532.08,143032.44,131070.94,131174.38,117172.6,130036.0
T000017,1987-07-31,133053.45,141066.5,130394.94,131859.1,126301.445,135511.0
T000017,1987-10-31,140470.1,155464.31,133003.56,130686.54,124092.53,132519.0
T000018,1978-04-30,0.1326124,0.08693472,0.02436807,0.16884193,0.42941806,21194.0
T000018,1978-07-31,22527.818,39265.562,21194.021,22895.002,24220.662,13377.0
T000018,1978-10-31,15205.917,26516.506,17527.621,13958.31,13193.79,11982.0
T000018,1979-01-31,13732.824,26826.64,12722.708,14581.273,10117.247,12072.0
T000018,1979-04-30,13909.085,29402.254,12030.782,12462.581,5877.327,11927.0
T000018,1979-07-31,13360.527,21737.367,12003.991,14844.224,3847.6309,13912.0
T000018,1979-10-31,15395.721,27020.865,13002.911,13318.257,8625.633,12920.0
T000018,1980-01-31,14522.444,19549.826,13446.726,12181.959,5293.042,18532.0
T000018,1980-04-30,20371.59,29733.117,15961.82,12273.62,13110.609,20231.0
T000018,1980-07-31,21880.207,29772.871,19452.893,13095.165,5354.661,20415.0
T000018,1980-10-31,21828.398,25966.746,20330.732,14082.889,18500.568,15203.0
T000018,1981-01-31,17008.715,20570.723,17970.436,15667.375,11818.283,14171.0
T000018,1981-04-30,15614.387,16974.018,14718.965,16500.793,10317.719,15583.0
T000018,1981-07-31,16849.438,18217.469,14936.333,16386.398,12826.557,19140.0
T000018,1981-10-31,20227.086,21777.322,17510.969,16475.832,14519.306,18512.0
T000018,1982-01-31,19950.684,20687.508,18845.451,15832.718,17802.438,23801.0
T000018,1982-04-30,25604.68,30319.201,21378.748,15723.565,18559.906,32083.0
T000018,1982-07-31,34499.36,45689.03,28290.016,18775.303,22917.572,27454.0
T000018,1982-10-31,29880.07,37859.67,29911.877,19398.434,20149.936,18471.0
T000018,1983-01-31,21152.543,24244.91,23240.736,20395.395,16747.502,25898.0
T000018,1983-04-30,28763.783,37364.18,22496.588,25345.258,15674.776,29855.0
T000018,1983-07-31,32377.14,40318.867,28042.775,27115.043,18280.488,31806.0
T000018,1983-10-31,34113.523,42167.754,30912.482,27747.74,23712.309,32348.0
T000018,1984-01-31,35552.04,43675.367,32099.775,27604.473,26993.332,36848.0
T000018,1984-04-30,40267.64,50375.04,34787.094,30246.406,26335.002,38480.0
T000018,1984-07-31,41394.324,52548.14,37732.58,31970.26,28032.053,36019.0
T000018,1984-10-31,38126.17,45894.195,37325.727,32511.145,31644.797,19567.0
T000018,1985-01-31,23098.469,17713.146,28302.578,35453.902,25508.486,16091.0
T000018,1985-04-30,19954.816,8829.631,17936.664,36126.543,20556.176,23917.0
T000018,1985-07-31,27779.9,15823.9375,20332.855,27182.822,30289.387,32648.0
T000018,1985-10-31,36056.297,26597.576,28649.383,26450.895,38168.65,33882.0
T000018,1986-01-31,38130.57,32816.305,33316.855,24439.428,41339.594,37526.0
T000018,1986-04-30,42154.08,42858.38,35857.125,24374.107,38293.41,38135.0
T000018,1986-07-31,42098.15,47276.28,37856.09,33203.87,39069.37,23457.0
T000018,1986-10-31,26186.055,21707.617,31250.63,35687.656,31019.066,16380.0
T000018,1987-01-31,19765.2,10887.322,20137.701,36463.06,26031.994,20976.0
T000018,1987-04-30,24884.627,17995.812,18871.127,26678.576,21402.215,28459.0
T000018,1987-07-31,32414.309,25853.47,25031.941,26251.916,25472.49,31185.0
T000018,1987-10-31,35047.363,29026.217,29936.549,24323.432,33080.523,33170.0
T000019,1978-04-30,0.1326124,0.08693472,0.02436807,0.16884193,0.42941806,462914.0
T000019,1978-07-31,492047.06,857626.7,462914.03,500068.2,529012.6,430743.0
T000019,1978-10-31,460036.6,829860.6,447824.97,459649.88,426459.88,402723.0
T000019,1979-01-31,432194.5,850746.5,417600.88,469136.53,357918.34,389922.0
T000019,1979-04-30,420251.6,902764.3,396719.0,416634.75,244967.75,421822.0
T000019,1979-07-31,448364.7,824596.5,407212.47,439052.62,204850.47,388312.0
T000019,1979-10-31,410769.72,760939.2,406104.94,412943.2,240502.4,404495.0
T000019,1980-01-31,424750.12,663785.25,397083.53,406274.25,183363.31,402484.0
T000019,1980-04-30,423367.62,614734.75,403551.78,405187.2,296340.38,523829.0
T000019,1980-07-31,547874.5,728831.06,468255.5,407167.12,196389.36,483804.0
T000019,1980-10-31,502419.8,547033.44,505056.22,407177.56,450829.8,482591.0
T000019,1981-01-31,503177.84,566402.6,483235.06,407042.8,412157.4,451865.0
T000019,1981-04-30,478990.44,542397.56,468179.7,459016.78,388647.53,507971.0
T000019,1981-07-31,529417.2,600065.6,482275.62,490039.1,390301.9,457438.0
T000019,1981-10-31,476612.25,510976.1,484269.7,493791.72,451596.72,445532.0
T000019,1982-01-31,464464.53,460892.56,451853.78,464751.72,405508.8,503110.0
T000019,1982-04-30,528353.0,568252.4,476740.47,464509.12,475666.06,547165.0
T000019,1982-07-31,565160.06,604551.6,526988.75,466022.94,453165.22,556894.0
T000019,1982-10-31,571245.2,626968.94,552438.3,504964.88,547026.56,536821.0
T000019,1983-01-31,556794.1,611798.06,547479.25,505275.12,478455.4,619491.0
T000019,1983-04-30,647804.4,774158.9,581629.9,539644.0,538104.94,623090.0
T000019,1983-07-31,653456.1,778679.1,621441.75,549207.7,488183.25,565099.0
T000019,1983-10-31,589935.75,657331.1,595890.7,559446.2,516851.9,604281.0
T000019,1984-01-31,636920.75,745047.4,586336.44,570154.94,522460.84,746148.0
T000019,1984-04-30,786874.75,962187.1,681175.9,611647.7,545998.4,743764.0
T000019,1984-07-31,781445.44,937472.1,745029.8,621603.1,568225.25,668457.0
T000019,1984-10-31,705255.9,805194.4,708443.06,626056.75,569915.7,489723.0
T000019,1985-01-31,538307.0,474815.97,584626.06,649446.94,519520.3,406548.0
T000019,1985-04-30,452653.62,261815.34,450711.75,652562.44,495331.06,385888.0
T000019,1985-07-31,446994.03,146292.75,396857.9,534868.6,589248.2,408257.0
T000019,1985-10-31,479248.62,129009.53,398012.47,452062.97,650417.4,426349.0
T000019,1986-01-31,518968.84,186434.47,418063.25,445977.78,611733.2,522348.0
T000019,1986-04-30,612487.0,365941.7,478382.44,414094.47,624126.4,640404.0
T000019,1986-07-31,713477.44,623726.56,586336.8,414240.9,722962.3,564309.0
T000019,1986-10-31,616899.6,568299.5,604713.44,430147.38,644149.56,521386.0
T000019,1987-01-31,560646.9,595881.0,544177.0,525229.1,591330.56,581109.0
T000019,1987-04-30,618536.3,756394.75,553757.1,538960.8,499931.1,619826.0
T000019,1987-07-31,658989.0,801471.9,602094.44,578270.0,509686.25,564637.0
T000019,1987-10-31,601517.25,692976.94,593940.94,574064.06,470848.12,656687.0
T000020,1973-10-31,0.1326124,0.08693472,0.02436807,0.16884193,0.42941806,101802.0
T000020,1974-01-31,108208.81,188605.53,101802.02,109972.734,116338.46,98612.0
T000020,1974-04-30,104846.56,189527.84,100305.805,105384.8,97662.18,108001.0
T000020,1974-07-31,114905.54,223224.94,103701.03,111163.2,88600.71,105627.0
T000020,1974-10-31,112045.06,237033.62,106887.53,105949.375,67566.21,103518.0
T000020,1975-01-31,109383.484,206175.2,104637.82,106193.93,49631.19,108341.0
T000020,1975-04-30,113419.04,215948.78,106132.164,103667.09,62764.793,110360.0
T000020,1975-07-31,114034.17,186935.17,109435.34,105926.06,48526.395,111116.0
T000020,1975-10-31,114022.055,177199.88,110769.766,108112.51,75664.41,112691.0
T000020,1976-01-31,116794.805,154876.27,111969.68,108515.5,45838.71,110138.0
T000020,1976-04-30,112567.375,118406.37,111493.58,110265.33,106763.37,118389.0
T000020,1976-07-31,121102.57,132995.7,114610.21,110587.44,105020.31,122469.0
T000020,1976-10-31,124976.61,137316.9,120600.445,111560.83,111454.5,121742.0
T000020,1977-01-31,124918.3,136760.62,122128.016,112912.33,110011.266,119507.0
T000020,1977-04-30,122962.984,134352.3,120693.73,118615.516,106485.79,123400.0
T000020,1977-07-31,126422.586,137239.69,121617.086,119743.625,109814.44,122027.0
T000020,1977-10-31,124552.31,132967.73,122756.02,121939.49,116033.11,117781.0
T000020,1978-01-31,119643.69,122637.99,120035.516,122727.92,113374.06,122794.0
T000020,1978-04-30,125148.7,130576.055,120498.15,122031.84,118885.27,126610.0
T000020,1978-07-31,128783.31,134476.98,124862.35,122360.586,118020.94,127598.0
T000020,1978-10-31,128875.49,134049.55,127145.516,122866.81,122447.0,125112.0
T000020,1979-01-31,126598.93,130239.31,126432.0,122911.55,122256.375,125328.0
T000020,1979-04-30,126995.48,130673.586,125229.08,125282.74,122686.49,114609.0
T000020,1979-07-31,116373.24,110755.04,120300.51,126979.836,117544.07,115452.0
T000020,1979-10-31,117344.71,109148.54,115065.92,127953.92,121046.15,119101.0
T000020,1980-01-31,121548.13,114644.03,117429.836,120870.24,124971.58,116187.0
T000020,1980-04-30,118876.8,107009.9,117734.26,117726.09,119690.49,120615.0
T000020,1980-07-31,123737.055,116791.79,118587.07,116748.97,126731.97,122262.0
T000020,1980-10-31,124907.98,119058.086,121507.71,116450.445,126191.96,122630.0
T000021,1978-04-30,0.1326124,0.08693472,0.02436807,0.16884193,0.42941806,113113.0
T000021,1978-07-31,120231.66,209561.08,113113.02,122191.58,129264.52,109569.0
T000021,1978-10-31,116496.26,210586.66,111450.77,117094.35,108513.65,120001.0
T000021,1979-01-31,127672.68,248027.47,115223.36,123514.34,98444.76,117363.0
T000021,1979-04-30,124494.164,263370.0,118763.71,117721.195,75073.06,115020.0
T000021,1979-07-31,121537.195,229083.62,116264.07,117993.24,55145.727,120379.0
T000021,1979-10-31,126021.25,239943.17,117924.69,115185.64,69738.56,122622.0
T000021,1980-01-31,126704.4,207705.4,121594.75,117695.305,53918.184,123462.0
T000021,1980-04-30,126690.945,196888.44,123077.3,120124.9,84071.36,125212.0
T000021,1980-07-31,129771.79,172084.39,124410.54,120572.89,50931.82,122376.0
T000021,1980-10-31,125075.3,131563.52,123881.84,122517.48,118625.98,131543.0
T000021,1981-01-31,134558.02,147772.42,127344.7,122874.73,116689.49,136077.0
T000021,1981-04-30,138863.28,152575.11,134000.52,123956.31,123839.1,135269.0
T000021,1981-07-31,138798.3,151956.72,135698.03,125457.914,122234.375,132786.0
T000021,1981-10-31,136626.0,149281.11,134104.4,131794.69,118317.18,137111.0
T000021,1982-01-31,140469.47,152488.66,135130.23,133048.88,122015.75,135586.0
T000021,1982-04-30,138391.97,147742.77,136395.73,135488.45,128925.45,130868.0
T000021,1982-07-31,132937.73,136265.08,133373.14,136364.34,125971.28,136438.0
T000021,1982-10-31,139054.3,145084.77,133887.06,135591.05,132094.66,140678.0
T000021,1983-01-31,143092.8,149419.31,138736.17,135956.56,131134.78,141776.0
T000021,1983-04-30,143195.48,148944.61,141273.14,136518.89,136051.95,139013.0
T000021,1983-07-31,140665.16,144709.61,140480.08,136568.6,135840.58,139253.0
T000021,1983-10-31,141105.69,145192.02,139143.08,139202.73,136317.95,127343.0
T000021,1984-01-31,129303.31,123060.25,133666.89,141088.12,130604.76,128280.0
T000021,1984-04-30,130383.06,121275.734,127850.875,142170.42,134495.61,132334.0
T000021,1984-07-31,135053.12,127381.125,130477.35,134299.81,138857.67,129097.0
T000021,1984-10-31,132085.73,118900.234,130815.766,130807.07,132989.66,134017.0
T000021,1985-01-31,137486.0,129769.24,131763.73,129721.31,140813.66,135847.0
T000021,1985-04-30,138786.94,132287.36,135008.89,129389.64,140213.3,136255.0
T000021,1985-07-31,138469.89,136023.9,136068.14,132504.33,142515.39,137240.0
T000021,1985-10-31,138784.64,141885.53,136788.89,134148.5,137015.33,138232.0
T000021,1986-01-31,139874.02,144385.69,137777.69,136018.8,138678.28,146270.0
T000021,1986-04-30,149182.47,162984.9,142588.77,136517.38,135133.12,148904.0
T000021,1986-07-31,152083.17,166379.7,147697.69,137468.56,133550.84,147056.0
T000021,1986-10-31,150474.05,162692.47,148037.23,138473.64,135601.16,150830.0
T000021,1987-01-31,154850.22,170628.3,149101.6,146701.5,133341.9,155579.0
T000021,1987-04-30,159442.53,175371.3,153404.06,147299.19,136291.73,146115.0
T000021,1987-07-31,149199.12,156479.72,151140.14,147818.3,140975.83,134412.0
T000021,1987-10-31,137538.75,133248.98,140625.98,150273.5,137149.81,119038.0
T000021,1988-01-31,124494.63,100245.42,127201.19,149983.78,135992.36,138651.0
T000021,1988-04-30,144077.9,128609.09,129668.66,143266.78,146643.52,149512.0
T000021,1988-07-31,154432.05,144022.1,144537.89,141196.88,156233.52,140471.0
T000021,1988-10-31,145916.0,129447.98,145271.53,140319.08,155500.81,144997.0
T000021,1989-01-31,151722.14,148587.5,142924.19,139024.64,153444.75,152431.0
T000021,1989-04-30,156910.38,160357.2,149026.38,141136.66,149809.81,154517.0
T000021,1989-07-31,157587.02,167527.77,153561.66,145373.48,155812.84,153713.0
T000021,1989-10-31,157403.69,172482.75,154139.9,149702.77,147122.47,152062.0
T000022,1977-07-31,0.1326124,0.08693472,0.02436807,0.16884193,0.42941806,135.61
T000022,1977-10-31,144.22128,251.32742,135.63092,146.42998,155.4028,132.22
T000022,1978-01-31,140.53085,254.02402,134.02,141.33537,130.95299,127.23
T000022,1978-04-30,135.3631,266.4372,129.87956,144.27034,109.71619,125.24
T000022,1978-07-31,133.45628,286.0824,126.29664,132.0759,79.75091,126.04
T000022,1978-10-31,133.2744,249.12561,125.673615,132.55261,58.014465,134.61
T000022,1979-01-31,140.51422,263.18268,130.68512,128.6272,78.59811,154.15
T000022,1979-04-30,160.53189,261.82812,145.2011,128.31749,69.46899,170.11
T000022,1979-07-31,177.99767,278.75146,162.80066,128.17624,104.03786,219.96
T000022,1979-10-31,234.79053,346.78497,197.12975,136.4522,76.10887,240.9
T000022,1980-01-31,260.9834,353.81885,231.3099,155.68073,147.3485,240.9
T000022,1980-04-30,265.12994,363.45084,240.92436,172.43304,130.0733,240.9
T000022,1980-07-31,267.7856,370.79044,240.92436,222.53766,137.98955,215.98
T000022,1980-10-31,239.69843,308.0096,229.21187,223.86856,138.38445,175.49
T000022,1981-01-31,194.62793,215.15938,196.98912,228.75206,135.92079,162.13
T000022,1981-04-30,179.47409,159.06653,169.2238,225.87514,140.5737,160.93
T000022,1981-07-31,179.98645,122.26775,161.56717,184.48564,161.57663,160.93
T000022,1981-10-31,182.5063,99.810715,160.95436,172.91269,173.49628,160.93
T000022,1982-01-31,184.77286,88.21221,160.95436,168.85211,203.83112,162.33
T000022,1982-04-30,185.80507,95.62651,161.68883,162.95485,201.19766,165.32
T000022,1982-07-31,184.08475,116.54131,163.95065,161.12222,200.14693,166.72
T000022,1982-10-31,178.98721,134.27771,166.07883,161.09293,198.63942,170.51
T000022,1983-01-31,176.97006,160.7835,168.77425,162.46501,192.44182,170.51
T000022,1983-04-30,172.40468,176.29233,170.53436,165.5062,170.38612,170.51
T000022,1983-07-31,172.60797,180.64153,170.53436,166.92209,161.61002,171.3
T000022,1983-10-31,173.53525,182.34512,170.9382,170.70033,164.13515,173.1
T000022,1984-01-31,175.29657,183.63716,172.27565,170.60052,164.89557,173.1
T000022,1984-04-30,175.1935,182.67998,173.12437,170.58215,167.79044,172.7
T000022,1984-07-31,174.48874,179.85945,172.91238,171.35818,166.83966,173.1
T000022,1984-10-31,174.53564,178.85489,172.91681,172.76964,168.85956,173.1
T000022,1985-01-31,174.08516,176.90991,173.12437,173.13736,168.71805,173.1
T000022,1985-04-30,173.61517,175.41827,173.12437,173.12383,171.82922,173.1
T000022,1985-07-31,173.63382,174.96022,173.12437,173.10757,172.23312,176.49
T000022,1985-10-31,177.28282,180.7463,174.93747,173.2004,173.46356,178.09
T000022,1986-01-31,179.05376,183.40298,177.35724,173.26521,173.60918,178.09
T000022,1986-04-30,179.11972,183.45146,178.11436,173.23415,173.80325,178.09
T000022,1986-07-31,179.418,184.37561,178.11436,176.63658,173.18297,176.09
T000022,1986-10-31,177.25253,180.05334,177.15195,176.8084,170.8389,172.1
T000022,1987-01-31,173.0991,171.93767,174.21858,177.22859,170.58044,168.11
T000022,1987-04-30,169.63554,163.01857,170.22859,177.19302,170.86635,159.94
T000022,1987-07-31,163.11325,145.9173,164.27805,173.73973,170.84174,159.94
T000022,1987-10-31,164.17015,143.65851,159.96437,170.88872,173.94193,159.94
T000022,1988-01-31,164.78807,141.3939,159.96437,162.41583,177.5715,159.94
T000022,1988-04-30,165.02406,141.19644,159.96437,161.82666,178.14697,159.94
T000022,1988-07-31,165.01163,144.87619,159.96437,161.15662,171.01099,159.94
T000022,1988-10-31,164.16551,147.08664,159.96437,160.10884,169.99037,159.94
T000022,1989-01-31,163.1048,151.47134,159.96437,160.10884,169.77287,159.94
T000022,1989-04-30,161.70152,154.57738,159.96437,160.10884,166.00967,159.94
T000022,1989-07-31,160.98604,157.64223,159.96437,160.10884,165.48325,159.94
T000022,1989-10-31,159.94,159.94,159.96437,160.10884,159.94,159.94
T000022,1990-01-31,159.94,159.94,159.96437,160.10884,159.94,159.94
T000022,1990-04-30,159.94,159.94,159.96437,160.10884,159.94,159.54
T000022,1990-07-31,159.60657,159.20935,159.75238,160.01906,159.85596,159.14
T000022,1990-10-31,159.28766,158.45383,159.35239,160.1271,159.83746,159.14
T000022,1991-01-31,159.33455,158.3692,159.16437,159.6831,159.9802,159.14
T000022,1991-04-30,159.34828,158.23714,159.16437,159.27065,160.12991,159.14
T000022,1991-07-31,159.37462,158.27626,159.16437,159.26097,160.00523,159.14
T000022,1991-10-31,159.39459,158.38982,159.16437,159.19957,159.62628,159.14
T000022,1992-01-31,159.36964,158.51024,159.16437,159.30884,159.63173,161.13
T000022,1992-04-30,161.3875,162.3883,160.21863,159.20699,160.25536,161.13
T000022,1992-07-31,161.45532,162.68205,161.15437,159.20444,160.01245,166.32
T000022,1992-10-31,167.29286,172.95596,163.9431,159.35738,161.51767,166.32
T000022,1993-01-31,167.76384,173.82935,166.34438,161.2406,160.29471,166.32
T000022,1993-04-30,167.93857,174.14905,166.34438,161.29634,159.23256,166.32
T000022,1993-07-31,168.14023,175.06296,166.34438,166.5087,160.11629,166.32
T000022,1993-10-31,167.93437,173.06705,166.34438,166.45117,158.91771,171.1
T000022,1994-01-31,172.96774,181.64566,168.91087,166.4809,166.07985,171.1
T000022,1994-04-30,173.0032,179.96071,171.12437,166.47481,164.04321,171.1
T000022,1994-07-31,173.01347,179.41573,171.12437,166.45789,165.68025,172.1
T000022,1994-10-31,174.0061,180.83865,171.64203,171.29549,163.5251,174.3
T000022,1995-01-31,175.83183,182.0568,173.29245,171.213,166.16821,174.3
T000022,1995-04-30,175.84941,182.32301,174.32437,171.189,170.81584,174.3
T000022,1995-07-31,175.88167,181.45273,174.32437,172.17924,169.58089,174.3
T000022,1995-10-31,175.93617,180.93596,174.32437,174.4003,170.18713,174.3
T000022,1996-01-31,175.55096,179.1212,174.32437,174.3556,168.97607,174.3
T000022,1996-04-30,174.96536,177.24792,174.32437,174.46884,173.26405,174.3
T000022,1996-07-31,174.94014,176.46262,174.32437,174.46884,173.15477,174.3
T000022,1996-10-31,174.87729,175.91449,174.32437,174.46884,173.35371,174.3
T000022,1997-01-31,174.63156,175.0335,174.32437,174.46884,173.18965,174.3
T000022,1997-04-30,174.3,174.3,174.32437,174.46884,174.3,174.89
T000022,1997-07-31,174.96783,175.40846,174.6198,174.31985,174.5265,176.49
T000022,1997-10-31,176.78577,178.45363,175.75723,174.37694,175.05215,176.49
T000022,1998-01-31,176.90477,178.67102,176.51437,174.36183,174.7751,182.87
T000022,1998-04-30,184.085,190.99905,179.94809,175.10938,176.79538,182.87
T000022,1998-07-31,184.54503,191.60683,182.89436,176.60716,175.6293,182.87
T000022,1998-10-31,184.76935,192.22195,182.89436,176.66911,174.22227,182.87
T000022,1999-01-31,185.0378,193.1818,182.89436,183.10194,175.15277,201.82
T000022,1999-04-30,205.70055,226.35455,193.1413,183.38663,179.57962,201.82
T000022,1999-07-31,206.64702,227.33107,201.84438,183.48367,184.89177,195.04
T000022,1999-10-31,199.93709,215.36473,198.64,183.3691,178.86931,198.63
T000022,2000-01-31,204.23053,223.62311,196.98584,195.45427,179.9047,198.63
T000022,2000-04-30,203.17433,216.02937,198.65437,199.84154,175.28827,198.63
T000022,2000-07-31,202.0067,213.12514,198.65437,199.30705,192.53596,198.63
T000022,2000-10-31,202.25975,210.011,198.65437,199.16304,191.75711,198.63
T000022,2001-01-31,202.39146,206.58423,198.65437,198.72073,195.64047,198.63
T000022,2001-04-30,201.28352,203.78435,198.65437,198.79884,191.21385,202.21
T000022,2001-07-31,202.76288,204.14836,200.57045,198.7505,200.36287,209.0
T000022,2001-10-31,210.47006,218.27794,205.89034,198.99202,205.10031,215.98
T000022,2002-01-31,218.9937,233.65237,212.7833,199.13393,201.25215,221.96
T000022,2002-04-30,226.14653,246.00278,219.22128,202.54741,202.97847,228.74
T000022,2002-07-31,234.51869,260.53436,225.6349,209.48895,201.81517,263.44
T000022,2002-10-31,273.46844,326.3479,247.54811,216.86472,209.51985,308.51
T000022,2003-01-31,325.39764,412.48688,287.8689,224.1349,223.1545,349.99
T000022,2003-04-30,375.1115,496.24243,330.993,230.96545,228.95183,371.13
T000022,2003-07-31,404.04895,546.82495,361.4483,266.0517,222.06938,367.94
T000022,2003-10-31,403.958,542.4662,369.63382,311.66367,207.2749,365.74
T000022,2004-01-31,400.83795,529.7786,366.90814,352.66638,233.05772,334.23
T000022,2004-04-30,363.66956,447.62146,350.96097,356.49692,260.03415,322.87
T000022,2004-07-31,347.28064,395.53763,328.90186,357.33197,273.39767,340.42
T000022,2004-10-31,361.5846,393.1803,332.38248,347.76294,290.39496,339.82
T000022,2005-01-31,354.97067,352.05405,340.13858,345.27527,311.28903,337.02
T000023,1977-10-31,0.1326124,0.08693472,0.02436807,0.16884193,0.42941806,1299.0
T000023,1978-01-31,1380.7649,2406.7046,1299.0209,1403.1956,1484.9099,1212.0
T000023,1978-04-30,1293.9689,2334.63,1258.1947,1293.4537,1199.9742,1031.0
T000023,1978-07-31,1120.9651,2207.6401,1127.1062,1314.3113,980.80383,1118.0
T000023,1978-10-31,1210.5173,2573.3135,1078.1558,1157.9839,720.7604,1248.0
T000023,1979-01-31,1326.7095,2421.5474,1188.4626,1242.1606,643.495,1235.0
T000023,1979-04-30,1300.0513,2395.5176,1241.9027,1228.5149,790.211,1045.0
T000023,1979-07-31,1113.603,1749.3289,1145.885,1148.2373,551.70514,1166.0
T000023,1979-10-31,1232.8977,1817.59,1110.5845,1140.3833,849.1388,1300.0
T000023,1980-01-31,1355.7019,1753.2856,1238.6307,1193.488,571.3467,1247.0
T000023,1980-04-30,1269.7462,1271.0598,1275.1416,1250.9481,1287.8741,992.0
T000023,1980-07-31,1052.1426,912.24976,1127.3983,1223.4557,1186.8932,1199.0
T000023,1980-10-31,1259.3041,1285.0928,1104.1982,1198.0924,1128.6056,1313.0
T000023,1981-01-31,1351.0663,1420.7056,1260.7904,1224.1926,1225.2402,1007.0
T000023,1981-04-30,1046.3434,815.2651,1169.4779,1266.3021,1173.7529,1252.0
T000023,1981-07-31,1317.4991,1369.5193,1139.795,1215.3384,1332.9606,1343.0
T000023,1981-10-31,1406.8446,1500.2046,1301.3239,1215.9475,1197.1648,1743.0
T000023,1982-01-31,1821.0911,2216.8599,1559.8083,1260.1129,1409.9932,1769.0
T000023,1982-04-30,1880.1141,2379.7314,1757.0925,1319.8959,1365.2278,1268.0
T000023,1982-07-31,1400.717,1488.7035,1534.0178,1303.6359,1129.5289,1316.0
T000023,1982-10-31,1451.515,1695.277,1294.017,1408.4417,1033.791,1717.0
T000023,1983-01-31,1808.8748,2132.1692,1533.3503,1463.8649,1171.9692,1435.0
T000023,1983-04-30,1525.4799,1523.0964,1584.7346,1500.5195,1365.4235,1028.0
T000023,1983-07-31,1163.9397,867.09686,1244.1063,1424.6847,1043.2252,1114.0
T000023,1983-10-31,1291.5079,860.7887,1074.6138,1375.3608,1245.4452,1202.0
T000023,1984-01-31,1332.1509,822.8265,1161.6979,1257.3386,1331.2957,1376.0
T000023,1984-04-30,1479.6272,1085.6699,1296.3116,1271.7162,1627.5745,1121.0
T000023,1984-07-31,1252.6348,756.8859,1256.3983,1153.233,1615.444,1272.0
T000023,1984-10-31,1403.0354,1213.6093,1202.8451,1134.3281,1406.2709,1388.0
T000023,1985-01-31,1477.0765,1447.2157,1334.8744,1229.1898,1329.1162,1482.0
T000023,1985-04-30,1531.4136,1532.8711,1438.95,1279.6263,1562.3811,1154.0
T000023,1985-07-31,1229.8237,1188.6895,1328.1594,1317.7415,1340.8994,1321.0
T000023,1985-10-31,1396.9452,1515.0931,1244.5175,1300.146,1077.851,1736.0
T000023,1986-01-31,1826.1666,2234.0293,1545.9386,1374.6769,1385.06,1544.0
T000023,1986-04-30,1606.8375,1766.1691,1645.9469,1399.3488,1257.7838,1190.0
T000023,1986-07-31,1288.8933,1237.2123,1377.9647,1373.9209,1355.4307,1540.0
T000023,1986-10-31,1649.3909,1863.7443,1379.7073,1384.6649,1229.9357,1657.0
T000023,1987-01-31,1730.5635,1906.7368,1603.4164,1581.2764,1431.6653,1623.0
T000023,1987-04-30,1673.3036,1826.7965,1641.0531,1567.0348,1509.6589,1316.0
T000023,1987-07-31,1433.5317,1343.5302,1479.0089,1580.9304,1516.3326,978.0
T000023,1987-10-31,1117.9703,688.39307,1157.4691,1425.3185,1121.3408,1057.0
T000023,1988-01-31,1180.153,698.59814,1020.81964,1420.4545,1258.2134,1173.0
T000023,1988-04-30,1283.2217,680.83936,1119.8744,1249.1873,1570.1311,894.0
T000023,1988-07-31,1049.6965,274.25806,1042.1416,1147.8634,1515.9106,1185.0
T000023,1988-10-31,1367.3293,940.75085,1051.728,1092.659,1319.8585,1427.0
T000023,1989-01-31,1576.7644,1325.282,1316.1691,1081.9531,1557.3253,1276.0
T000023,1989-04-30,1380.0891,1135.6663,1356.177,1178.0105,1491.1483,871.0
T000023,1989-07-31,979.4293,644.9115,1086.0443,1262.6879,1329.2028,931.0
T000024,1977-10-31,0.1326124,0.08693472,0.02436807,0.16884193,0.42941806,960.0
T000024,1978-01-31,1020.43774,1778.6494,960.02094,1036.9869,1097.5052,923.0
T000024,1978-04-30,981.9659,1774.7446,942.646,986.1164,914.05725,777.0
T000024,1978-07-31,843.7042,1660.9045,854.52216,1000.83514,736.5274,956.0
T000024,1978-10-31,1028.5477,2147.5742,874.0217,962.78955,633.04065,1140.0
T000024,1979-01-31,1216.3501,2212.6138,1055.7318,973.03546,550.4671,1003.0
T000024,1979-04-30,1069.7207,1971.5845,1075.7434,961.9258,603.462,788.0
T000024,1979-07-31,858.4487,1385.2651,902.15936,970.82,384.05402,1014.0
T000024,1979-10-31,1074.9534,1640.042,910.4967,983.0563,667.92065,979.0
T000024,1980-01-31,1026.1654,1292.5569,997.5841,1008.9437,412.2567,997.0
T000024,1980-04-30,1021.9886,1036.6439,988.75635,1032.5312,987.6179,684.0
T000024,1980-07-31,772.12274,524.9819,850.19476,1055.1967,914.10315,1008.0
T000024,1980-10-31,1085.2966,1060.2494,859.61475,998.2434,937.0289,1088.0
T000024,1981-01-31,1137.7976,1170.2343,1051.3617,1014.1744,1051.3596,797.0
T000024,1981-04-30,843.0096,567.2628,951.51337,1060.688,1015.1585,968.0
T000024,1981-07-31,1047.7611,1094.5471,889.68555,991.65326,1124.4718,1194.0
T000024,1981-10-31,1261.3899,1419.945,1090.4967,988.7453,901.13727,1436.0
T000024,1982-01-31,1505.932,1865.8333,1325.1691,1017.96674,1198.9463,1466.0
T000024,1982-04-30,1568.4713,2037.795,1452.2606,1097.1523,1038.286,1060.0
T000024,1982-07-31,1197.3252,1328.6681,1275.5753,1087.181,941.4278,1124.0
T000024,1982-10-31,1249.8584,1497.155,1094.6893,1193.8771,786.7277,1529.0
T000024,1983-01-31,1614.5516,1991.3625,1343.5184,1288.8663,1040.453,1328.0
T000024,1983-04-30,1414.681,1530.2454,1434.7257,1373.1033,1202.4036,934.0
T000024,1983-07-31,1061.8074,922.2445,1143.2036,1204.4639,929.9313,1018.0
T000024,1983-10-31,1159.2167,929.17804,979.5297,1153.8699,987.62164,1305.0
T000024,1984-01-31,1386.6815,1242.0441,1173.5599,1210.2335,1278.4073,1229.0
T000024,1984-04-30,1291.4221,1065.3251,1269.354,1289.5105,1425.8417,1073.0
T000024,1984-07-31,1170.6084,903.94775,1155.8319,1097.2759,1349.2661,1262.0
T000024,1984-10-31,1378.4396,1378.6526,1175.4419,1097.1091,1196.9817,1413.0
T000024,1985-01-31,1483.1116,1577.0354,1343.8451,1241.1823,1229.8739,1346.0
T000024,1985-04-30,1390.9886,1433.3969,1381.5752,1265.5491,1439.4933,1085.0
T000024,1985-07-31,1165.3352,1107.2948,1223.5841,1279.6759,1289.4169,1488.0
T000024,1985-10-31,1586.7283,1890.8768,1303.4343,1281.7421,1216.4968,1773.0
T000024,1986-01-31,1871.5297,2311.8538,1642.476,1370.52,1292.3062,1392.0
T000024,1986-04-30,1464.9374,1552.54,1594.301,1421.631,1285.7769,1150.0
T000024,1986-07-31,1273.6821,1261.7018,1278.4956,1431.6699,1194.9939,1589.0
T000024,1986-10-31,1699.0559,1945.3818,1387.9471,1471.6923,1243.4708,1784.0
T000024,1987-01-31,1861.2979,2137.9197,1694.6941,1534.2928,1467.6122,1503.0
T000024,1987-04-30,1577.422,1642.6937,1652.2036,1546.648,1417.1947,1321.0
T000024,1987-07-31,1472.6459,1415.5763,1417.6372,1449.6626,1373.716,1181.0
T000024,1987-10-31,1308.1047,1075.3964,1255.3363,1409.2465,1155.7925,1121.0
T000024,1988-01-31,1215.8513,744.118,1152.8584,1396.4767,1356.9257,989.0
T000024,1988-04-30,1107.7026,425.61877,1059.0885,1263.7982,1541.7393,832.0
T000024,1988-07-31,1012.79315,207.38818,915.36285,1179.3728,1360.4817,1401.0
T000024,1988-10-31,1584.0592,1284.3802,1140.4098,1166.4478,1409.8148,1537.0
T000024,1989-01-31,1678.6324,1450.8159,1474.7148,1133.5729,1689.0459,1369.0
T000024,1989-04-30,1492.9355,1320.1675,1458.2036,1132.5364,1737.6915,1082.0
T000024,1989-07-31,1206.6569,1106.9626,1234.3894,1130.851,1303.3204,1376.0
T000025,1977-10-31,0.1326124,0.08693472,0.02436807,0.16884193,0.42941806,960.0
T000025,1978-01-31,1020.43774,1778.6494,960.02094,1036.9869,1097.5052,923.0
T000025,1978-04-30,981.9659,1774.7446,942.646,986.1164,914.05725,777.0
T000025,1978-07-31,843.7042,1660.9045,854.52216,1000.83514,736.5274,956.0
T000025,1978-10-31,1028.5477,2147.5742,874.0217,962.78955,633.04065,1140.0
T000025,1979-01-31,1216.3501,2212.6138,1055.7318,973.03546,550.4671,1194.0
T000025,1979-04-30,1270.0813,2328.2017,1169.2692,959.4302,660.1892,788.0
T000025,1979-07-31,874.2018,1400.519,1003.5753,971.8553,406.94702,1014.0
T000025,1979-10-31,1089.209,1672.9908,910.4967,999.74335,642.7352,979.0
T000025,1980-01-31,1040.0698,1328.7347,997.5841,1004.82184,380.58185,997.0
T000025,1980-04-30,1028.1432,986.6653,988.75635,1038.2195,954.23157,684.0
T000025,1980-07-31,781.3468,524.64795,850.19476,1054.8356,941.7915,1008.0
T000025,1980-10-31,1100.0984,1006.08966,859.61475,998.2434,911.63965,1088.0
T000025,1981-01-31,1157.0594,1147.0488,1051.3617,1014.1744,1109.1976,797.0
T000025,1981-04-30,851.7404,522.3773,951.51337,1060.688,992.03876,968.0
T000025,1981-07-31,1053.8904,1037.79,889.68555,991.65326,1240.0432,1343.0
T000025,1981-10-31,1425.1018,1698.508,1171.2578,992.94086,945.39044,1436.0
T000025,1982-01-31,1516.0842,1877.1925,1393.408,1018.4592,1176.2714,1466.0
T000025,1982-04-30,1575.6074,2062.7358,1452.2606,1101.435,1014.9538,1060.0
T000025,1982-07-31,1207.7021,1356.2305,1275.5753,1102.6978,913.03326,1124.0
T000025,1982-10-31,1247.9392,1457.5819,1094.6893,1208.0007,760.6829,1529.0
T000025,1983-01-31,1616.0146,1990.1326,1343.5184,1379.9244,1064.3798,1328.0
T000025,1983-04-30,1419.326,1486.9441,1434.7257,1373.1033,1201.1995,934.0
T000025,1983-07-31,1073.7057,903.40564,1143.2036,1204.4639,973.35803,1018.0
T000025,1983-10-31,1157.0836,893.2733,979.5297,1153.8699,959.73175,1305.0
T000025,1984-01-31,1388.8933,1196.3965,1173.5599,1210.2335,1472.0316,1229.0
T000025,1984-04-30,1291.4221,1065.3251,1269.354,1289.5105,1425.8417,1073.0
T000025,1984-07-31,1170.6084,903.94775,1155.8319,1097.2759,1349.2661,1262.0
T000025,1984-10-31,1378.4396,1378.6526,1175.4419,1097.1091,1196.9817,1413.0
T000025,1985-01-31,1483.1116,1577.0354,1343.8451,1241.1823,1229.8739,1346.0
T000025,1985-04-30,1390.9886,1433.3969,1381.5752,1265.5491,1439.4933,1085.0
T000025,1985-07-31,1165.3352,1107.2948,1223.5841,1279.6759,1289.4169,1488.0
T000025,1985-10-31,1586.7283,1890.8768,1303.4343,1281.7421,1216.4968,1773.0
T000025,1986-01-31,1871.5297,2311.8538,1642.476,1370.52,1292.3062,1392.0
T000025,1986-04-30,1464.9374,1552.54,1594.301,1421.631,1285.7769,1150.0
T000025,1986-07-31,1273.6821,1261.7018,1278.4956,1431.6699,1194.9939,1589.0
T000025,1986-10-31,1699.0559,1945.3818,1387.9471,1471.6923,1243.4708,1784.0
T000025,1987-01-31,1861.2979,2137.9197,1694.6941,1534.2928,1467.6122,1503.0
T000025,1987-04-30,1577.422,1642.6937,1652.2036,1546.648,1417.1947,1321.0
T000025,1987-07-31,1472.6459,1415.5763,1417.6372,1449.6626,1373.716,1181.0
T000025,1987-10-31,1308.1047,1075.3964,1255.3363,1409.2465,1155.7925,1121.0
T000025,1988-01-31,1215.8513,744.118,1152.8584,1396.4767,1356.9257,989.0
T000025,1988-04-30,1107.7026,425.61877,1059.0885,1263.7982,1541.7393,832.0
T000025,1988-07-31,1012.79315,207.38818,915.36285,1179.3728,1360.4817,1401.0
T000025,1988-10-31,1584.0592,1284.3802,1140.4098,1166.4478,1409.8148,1537.0
T000025,1989-01-31,1678.6324,1450.8159,1474.7148,1133.5729,1689.0459,1369.0
T000025,1989-04-30,1492.9355,1320.1675,1458.2036,1132.5364,1737.6915,1082.0
T000025,1989-07-31,1206.6569,1106.9626,1234.3894,1130.851,1303.3204,1376.0
T000026,1977-10-31,0.1326124,0.08693472,0.02436807,0.16884193,0.42941806,156.2
T000026,1978-01-31,166.10384,289.47388,156.22092,168.67255,178.93279,166.3
T000026,1978-04-30,177.51889,318.80853,161.67441,167.27538,159.19508,173.9
T000026,1978-07-31,184.9202,358.77234,170.41936,181.20378,145.7989,177.6
T000026,1978-10-31,188.738,395.64066,175.90547,173.87996,114.39305,192.7
T000026,1979-01-31,204.56378,384.71973,185.78452,177.09392,94.32444,203.9
T000026,1979-04-30,215.78566,404.14178,198.77061,174.47798,110.34036,192.3
T000026,1979-07-31,202.29677,338.4787,198.4593,178.26859,85.3149,196.7
T000026,1979-10-31,205.31396,326.10382,194.68489,193.01816,121.76666,207.54
T000026,1980-01-31,218.06389,301.02692,202.5755,194.09033,91.11722,214.65
T000026,1980-04-30,223.61661,257.92496,211.39377,197.44821,183.85236,213.61
T000026,1980-07-31,221.78163,251.9743,214.16222,204.26079,186.22426,232.6
T000026,1980-10-31,242.25058,280.70642,223.90298,208.20366,193.93794,232.5
T000026,1981-01-31,242.00604,277.00012,232.5531,214.07417,196.90517,245.05
T000026,1981-04-30,253.83536,293.93768,239.30235,215.3023,203.23222,242.95
T000026,1981-07-31,252.56445,290.12506,244.06505,233.21329,215.32413,272.6
T000026,1981-10-31,285.30624,341.2469,259.0209,233.54903,213.94908,271.35
T000026,1982-01-31,284.59424,338.05933,272.01373,243.55458,225.8074,275.9
T000026,1982-04-30,288.4923,336.86237,273.8162,246.01247,222.37173,268.95
T000026,1982-07-31,281.7266,325.30112,272.64026,269.7027,237.53328,277.5
T000026,1982-10-31,288.65182,325.08374,273.5843,271.98615,228.20187,279.1
T000026,1983-01-31,288.0892,321.18542,278.36722,273.0717,259.72513,295.3
T000026,1983-04-30,304.30624,338.80377,287.88074,276.18842,255.82567,286.4
T000026,1983-07-31,295.17465,319.9268,291.12564,277.68488,266.7712,218.2
T000026,1983-10-31,228.80533,186.37656,254.4124,292.33765,232.02061,213.5
T000026,1984-01-31,228.25203,167.17084,215.99557,295.88614,260.1157,227.95
T000026,1984-04-30,243.01996,174.55524,221.3322,237.29057,269.99146,205.95
T000026,1984-07-31,222.82248,123.16304,217.63142,230.21289,287.21637,263.79
T000026,1984-10-31,284.01703,244.06628,237.30048,223.36792,306.55853,298.49
T000026,1985-01-31,318.13754,311.0076,282.59814,221.14062,315.16992,305.65
T000026,1985-04-30,322.58347,344.958,302.37088,229.68668,309.5075,224.5
T000026,1985-07-31,242.61836,224.19958,267.58853,234.7425,233.36098,268.3
T000026,1985-10-31,282.65347,307.37216,248.24051,271.34045,249.11716,297.9
T000027,1977-10-31,0.1326124,0.08693472,0.02436807,0.16884193,0.42941806,13.7
T000027,1978-01-31,14.670412,25.468504,13.720923,14.738804,16.085604,10.9
T000027,1978-04-30,11.907573,21.216618,12.386725,11.565208,10.776995,12.9
T000027,1978-07-31,13.92246,26.913685,11.984041,14.039954,11.281405,13.9
T000027,1978-10-31,14.872905,30.889484,13.44202,13.393206,9.101729,5.6
T000027,1979-01-31,6.881788,11.837754,10.007081,14.621082,4.396,5.1
T000027,1979-04-30,6.7205296,11.532521,5.3654866,12.4150305,6.1908975,6.6
T000027,1979-07-31,8.2937,8.599344,5.913031,7.574883,5.2153525,3.7
T000027,1979-10-31,5.6031013,0.5489216,5.239824,6.8088703,6.0217595,5.2
T000027,1980-01-31,7.599942,1.975205,4.513031,6.470587,3.4372933,16.1
T000027,1980-04-30,18.459867,18.260393,11.108026,5.826081,14.963184,7.6
T000027,1980-07-31,9.755642,5.207858,12.1132765,5.574536,9.413727,3.5
T000027,1980-10-31,5.4593654,0.21744347,5.6769924,6.5521784,6.3971477,8.2
T000027,1981-01-31,10.005141,10.170272,6.0474977,6.963449,9.673284,9.0
T000027,1981-04-30,10.105747,10.088612,8.633617,8.694302,5.76615,7.0
T000027,1981-07-31,8.144029,8.364033,8.061947,9.074415,6.894714,11.5
T000027,1981-10-31,13.460005,15.619925,9.439094,7.669134,8.171554,6.2
T000027,1982-01-31,8.400217,6.297623,9.014161,7.661973,6.5970817,6.6
T000027,1982-04-30,8.039359,5.949056,6.416808,7.648864,3.6114843,12.0
T000027,1982-07-31,13.161832,14.34025,9.526913,7.6949053,13.320572,5.3
T000027,1982-10-31,6.4047995,2.8911104,8.857523,7.3954563,7.039537,3.9
T000027,1983-01-31,5.377404,2.8030438,4.6433635,7.5236654,4.7503424,6.4
T000027,1983-04-30,7.730173,4.461074,5.255052,6.965003,6.281291,12.7
T000028,1977-10-31,0.1326124,0.08693472,0.02436807,0.16884193,0.42941806,42413.0
T000028,1978-01-31,45082.22,78577.35,42413.02,45817.074,48469.465,42968.0
T000028,1978-04-30,45711.625,82418.39,42713.82,45383.598,42259.79,25729.0
T000028,1978-07-31,29597.951,57983.89,34882.457,45011.42,30571.738,41482.0
T000028,1978-10-31,45785.38,93606.37,34267.453,43289.11,29078.441,60789.0
T000028,1979-01-31,65952.86,116549.016,51946.797,43364.395,28382.797,50700.0
T000028,1979-04-30,55418.88,97882.8,56056.992,42802.33,28269.07,58788.0
T000028,1979-07-31,64512.562,110402.98,55083.863,43439.984,26441.191,30376.0
T000028,1979-10-31,36143.562,50436.438,45462.023,46181.414,20184.062,25946.0
T000028,1980-01-31,31080.281,29147.752,28298.213,47012.523,14546.375,52707.0
T000028,1980-04-30,57437.85,62265.15,40451.02,54644.527,47710.543,40417.0
T000028,1980-07-31,45573.566,29737.535,46942.668,43804.223,49403.594,38068.0
T000028,1980-10-31,45488.35,37645.758,39315.258,40138.625,43549.066,54382.0
T000028,1981-01-31,60997.14,61366.95,46910.527,38744.652,44285.01,52757.0
T000028,1981-04-30,57399.277,53445.43,53619.832,41978.758,65809.65,79071.0
T000028,1981-07-31,84252.3,113691.94,67019.734,53170.605,62370.22,50816.0
T000028,1981-10-31,57808.438,63661.746,65818.664,52145.402,53957.094,57260.0
T000028,1982-01-31,65080.656,83200.95,54308.78,54350.38,45543.92,59652.0
T000028,1982-04-30,66684.266,85508.07,58556.516,57124.605,34722.188,98673.0
T000028,1982-07-31,105012.72,137420.75,80802.195,60546.707,61906.58,52494.0
T000028,1982-10-31,61914.906,66056.27,77013.836,62074.61,46486.914,64333.0
T000028,1983-01-31,72850.33,79376.125,58910.984,60416.547,36610.1,66193.0
T000028,1983-04-30,74742.19,82519.7,65341.16,63963.324,59321.48,85145.0
T000028,1983-07-31,89453.984,96729.67,76465.375,68078.11,51513.87,74521.0
T000028,1983-10-31,80970.97,90003.45,80162.06,68105.266,85956.445,119120.0
T000028,1984-01-31,129613.95,168551.95,98694.586,67423.33,66209.375,62881.0
T000028,1984-04-30,74947.96,74158.05,92742.43,70730.06,60221.863,84724.0
T000028,1984-07-31,92042.95,103223.03,74720.36,78272.055,46289.7,89273.0
T000028,1984-10-31,97808.2,111799.09,87189.66,88454.41,95743.51,39744.0
T000028,1985-01-31,47592.96,7527.9297,66042.59,80874.64,39838.258,76930.0
T000028,1985-04-30,87923.945,89022.36,59899.586,85904.22,87068.26,74714.0
T000028,1985-07-31,83679.67,58047.68,75890.64,80351.8,63638.49,80396.0
T000028,1985-10-31,89369.09,71514.67,77793.766,81059.56,105707.664,58518.0
T000028,1986-01-31,68519.24,44395.734,70134.64,80608.04,63564.062,84043.0
T000028,1986-04-30,92816.34,77059.39,72353.08,75661.234,109715.58,75393.0
T000029,1977-10-31,0.1326124,0.08693472,0.02436807,0.16884193,0.42941806,489.0
T000029,1978-01-31,519.81464,906.04224,489.02094,528.18365,559.2524,698.0
T000029,1978-04-30,758.9964,1334.4009,602.28235,523.3287,576.7468,861.0
T000029,1978-07-31,935.26904,1732.6333,786.34937,750.9312,733.2759,958.0
T000029,1978-10-31,1040.068,2045.8403,913.576,737.73193,611.36426,461.0
T000029,1979-01-31,559.97375,1063.3936,724.8939,723.7656,317.91733,366.0
T000029,1979-04-30,458.58398,838.4049,416.4425,604.5852,127.64688,603.0
T000029,1979-07-31,683.7814,1017.4208,494.45892,681.0339,301.45212,679.0
T000029,1979-10-31,739.0189,916.251,644.1936,669.2541,480.35443,740.0
T000029,1980-01-31,830.67804,994.9755,712.0633,624.36926,549.08246,678.0
T000029,1980-04-30,792.223,718.81616,710.92035,608.9668,630.79376,759.0
T000029,1980-07-31,848.2487,853.35205,721.9037,685.8059,762.9645,743.0
T000029,1980-10-31,796.3603,824.9558,751.4956,685.9474,717.05927,664.0
T000029,1981-01-31,714.3311,694.98395,705.9469,691.2977,828.6257,1221.0
T000029,1981-04-30,1330.8523,1877.7761,965.9056,751.1061,792.77124,1338.0
T000029,1981-07-31,1478.7982,2043.3384,1284.4164,761.5593,623.3447,192.0
T000029,1981-10-31,343.9959,-72.01074,800.49585,901.68427,348.47583,1060.0
T000029,1982-01-31,1225.425,1547.0614,662.474,874.0651,718.9619,768.0
T000029,1982-04-30,887.5418,740.0792,923.0443,875.46985,630.71765,601.0
T000029,1982-07-31,709.83636,333.1935,689.6726,877.03143,708.3261,591.0
T000029,1982-10-31,782.3729,548.2891,596.30975,720.4888,803.6118,450.0
T000029,1983-01-31,629.572,-95.6861,524.8673,710.47614,608.20337,1396.0
T000029,1983-04-30,1575.6057,1899.281,962.75165,682.74164,1138.2535,1014.0
T000029,1983-07-31,1145.2982,972.3869,1216.8319,630.83105,901.6561,933.0
T000029,1983-10-31,1121.5258,1143.0269,976.00885,616.09375,1433.1158,719.0
T000029,1984-01-31,903.9786,1111.1677,832.62836,800.1722,255.31848,853.0
T000029,1984-04-30,922.69324,831.88794,791.6308,995.6117,808.417,885.0
T000029,1984-07-31,979.35156,1116.1566,870.34467,958.499,919.14197,1173.0
T000029,1984-10-31,1285.4502,1458.2903,1041.1019,896.9992,788.1482,965.0
T000029,1985-01-31,1132.6111,1205.9163,1075.4425,891.18274,1020.75946,724.0
T000029,1985-04-30,844.84186,648.8444,851.96466,914.4589,443.23865,595.0
T000029,1985-07-31,703.0815,274.89972,663.4956,931.9155,1109.3845,1088.0
T000029,1985-10-31,1144.6272,1146.3523,862.21625,966.93134,1030.0723,836.0
T000029,1986-01-31,907.1252,751.39844,969.80536,903.9059,1025.0198,975.0
T000029,1986-04-30,1061.1876,1061.2202,911.3409,843.2563,874.50055,791.0
T000030,1977-10-31,0.1326124,0.08693472,0.02436807,0.16884193,0.42941806,34.0
T000030,1978-01-31,36.240273,63.077698,34.020924,36.666336,39.284184,92.0
T000030,1978-04-30,102.76051,175.20227,65.4372,35.742138,59.306175,76.0
T000030,1978-07-31,85.29862,154.4263,84.49558,80.982254,74.39773,85.0
T000030,1978-10-31,94.0453,185.22751,80.87819,81.42833,60.93808,77.0
T000030,1979-01-31,88.42022,169.31406,81.24779,78.845245,43.118263,104.0
T000030,1979-04-30,113.443344,201.35881,91.63456,78.45168,47.944183,83.0
T000030,1979-07-31,91.32389,158.12111,94.150444,85.01734,46.57338,79.0
T000030,1979-10-31,84.899414,128.46973,81.12389,81.355484,37.754818,60.0
T000030,1980-01-31,72.06365,85.42756,70.0885,82.50099,41.414093,74.0
T000030,1980-04-30,81.648605,73.27401,67.58829,81.85576,43.95786,84.0
T000030,1980-07-31,89.190285,81.00881,79.420204,83.11358,99.020645,86.0
T000030,1980-10-31,90.784546,81.381,85.08404,79.51066,79.70142,87.0
T000030,1981-01-31,94.232635,94.52177,86.54202,79.277985,98.71449,80.0
T000030,1981-04-30,85.03516,79.90854,83.71681,80.499535,69.87558,106.0
T000030,1981-07-31,110.18091,128.3299,94.09254,84.58424,104.336945,98.0
T000030,1981-10-31,102.61211,119.32089,102.24779,86.51434,81.65885,93.0
T000030,1982-01-31,98.759514,113.29468,95.65487,87.426384,85.097885,111.0
T000030,1982-04-30,119.38606,152.29243,102.75637,93.48323,78.38257,117.0
T000030,1982-07-31,123.79236,148.0076,114.25212,98.97037,80.978676,137.0
T000030,1982-10-31,145.1543,187.99646,127.840416,106.54592,101.21947,68.0
T000030,1983-01-31,77.929886,59.70619,104.637184,106.48575,70.276215,152.0
T000030,1983-04-30,164.21773,211.0672,113.52975,113.32824,112.218834,133.0
T000030,1983-07-31,144.16321,170.42093,143.0885,120.95035,95.835526,144.0
T000030,1983-10-31,151.94676,174.5237,138.96223,134.14995,119.36265,135.0
T000030,1984-01-31,151.2057,188.6459,139.77876,136.97322,122.2876,157.0
T000030,1984-04-30,169.22607,195.78964,146.92445,137.45271,111.84194,148.0
T000030,1984-07-31,159.91663,195.76642,152.77876,145.09001,143.02084,134.0
T000030,1984-10-31,141.0225,145.91685,141.43362,137.41524,100.79843,173.0
T000030,1985-01-31,187.11806,227.58076,155.13881,145.15596,170.84079,165.0
T000030,1985-04-30,177.75908,205.70737,169.24779,149.40405,97.56232,156.0
T000030,1985-07-31,161.064,173.20859,160.77876,156.74515,159.03185,85.0
T000030,1985-10-31,98.01051,49.436035,122.699135,164.42978,112.11745,120.0
T000030,1986-01-31,132.75618,94.97652,103.970726,148.12108,144.0964,207.0
T000030,1986-04-30,219.738,250.4851,167.1558,162.11984,175.96362,188.0
T000030,1986-07-31,200.10077,202.48093,198.0885,158.0919,180.15211,237.0
T000030,1986-10-31,258.80026,335.82697,214.55902,158.5336,200.41135,162.0
T000030,1987-01-31,185.04901,202.32748,201.82303,166.81029,129.1181,224.0
T000030,1987-04-30,241.85626,304.78857,195.60529,191.5294,178.63268,176.0
T000030,1987-07-31,193.10428,224.35849,201.48674,195.00667,146.01013,197.0
T000030,1987-10-31,213.98987,233.65053,187.38243,192.47862,172.70398,180.0
T000030,1988-01-31,205.84355,234.30061,189.02655,188.16946,153.90062,229.0
T000030,1988-04-30,244.87338,258.0758,206.55902,186.92982,148.19093,208.0
T000030,1988-07-31,220.58363,228.38748,219.15045,199.45412,235.92781,99.0
T000030,1988-10-31,115.63297,11.483063,156.87613,198.4545,133.42685,196.0
T000030,1989-01-31,217.37085,203.00113,151.57602,210.23997,258.00958,226.0
T000030,1989-04-30,239.2394,238.53719,212.26062,205.58908,185.44142,155.0
T000030,1989-07-31,169.79128,105.17758,192.69913,217.29863,233.0629,215.0
T000030,1989-10-31,236.54425,261.07257,187.52124,200.30417,208.77524,185.0
T000030,1990-01-31,202.9389,175.78273,200.92921,194.01419,197.43657,266.0
T000030,1990-04-30,281.77695,340.07904,228.90369,197.7982,224.55673,311.0
T000030,1990-07-31,331.19412,430.3304,290.39093,216.56158,239.28844,225.0
T000030,1990-10-31,252.97829,277.74094,270.66373,218.53918,218.24318,278.0
T000030,1991-01-31,311.87595,426.52414,253.7271,229.3989,173.90424,343.0
T000030,1991-04-30,368.45612,477.2177,313.23135,272.01093,207.23764,269.0
T000030,1991-07-31,291.59744,333.3299,308.29205,276.93317,244.05925,276.0
T000030,1991-10-31,301.6419,371.53238,272.79416,284.57736,212.88927,198.0
T000030,1992-01-31,225.5564,178.43039,239.41595,287.22623,226.05609,312.0
T000030,1992-04-30,334.3548,363.07208,259.79037,292.2779,265.81265,278.0
T000030,1992-07-31,292.79227,274.71356,296.0531,288.5442,267.907,381.0
T000030,1992-10-31,401.6674,448.7785,333.82812,277.86633,357.0701,367.0
T000030,1993-01-31,400.8766,492.87225,374.43362,280.36844,296.9078,359.0
T000030,1993-04-30,381.39484,432.74005,363.2478,314.90045,250.91922,393.0
T000030,1993-07-31,421.54367,539.5999,377.4287,361.0744,369.8044,371.0
T000030,1993-10-31,395.94095,467.5542,382.68143,371.1208,259.5903,245.0
T000030,1994-01-31,276.25784,251.54759,311.90268,389.64594,299.97186,344.0
T000030,1994-04-30,374.13147,401.8963,298.66006,378.48502,260.14685,250.0
T000030,1994-07-31,277.69092,164.1964,299.91153,366.11667,339.23242,333.0
T000030,1994-10-31,359.43033,300.31482,294.98773,347.98636,340.653,207.0
T000030,1995-01-31,247.44362,73.196,273.90268,268.5387,363.7724,393.0
T000030,1995-04-30,425.6102,389.0222,307.81586,268.9124,416.40887,389.0
T000031,1977-10-31,0.1326124,0.08693472,0.02436807,0.16884193,0.42941806,290.46
T000031,1978-01-31,308.7964,538.21326,290.48093,313.70847,332.3634,292.33
T000031,1978-04-30,310.87994,560.7706,291.47357,310.77054,288.5577,262.37
T000031,1978-07-31,281.11884,553.0386,278.27795,316.1203,234.42342,299.72
T000031,1978-10-31,320.03885,672.3295,282.61447,303.4757,194.43074,286.56
T000031,1979-01-31,302.75284,566.77747,293.54764,297.90616,139.27338,298.18
T000031,1979-04-30,311.8433,584.12537,292.85828,290.86768,179.1843,262.77
T000031,1979-07-31,275.985,447.04175,281.57175,294.68753,126.416016,335.75
T000031,1979-10-31,349.07257,532.1637,302.3267,288.82843,216.69983,351.17
T000031,1980-01-31,367.8451,503.4793,344.10797,299.3785,143.76111,361.54
T000031,1980-04-30,374.2672,429.7115,356.79077,300.20996,294.51065,324.34
T000031,1980-07-31,344.91135,392.19345,344.09222,326.0534,307.11218,371.55
T000031,1980-10-31,391.44,461.00128,349.9288,337.8065,277.37778,376.82
T000031,1981-01-31,394.27606,465.25232,374.40643,353.09485,332.51093,391.17
T000031,1981-04-30,407.89944,474.8224,384.598,362.2825,318.53467,341.01
T000031,1981-07-31,363.488,392.87183,367.64368,367.82242,330.31247,456.91
T000031,1981-10-31,483.09543,584.1522,403.83023,373.7818,325.51447,496.92
T000031,1982-01-31,522.39624,642.24567,478.59625,381.8013,385.2981,495.99
T000031,1982-04-30,522.1057,633.2114,496.48383,394.2241,366.7818,456.85
T000031,1982-07-31,493.11102,599.4103,477.6323,459.5156,376.3494,504.33
T000031,1982-10-31,539.6881,656.2639,482.58514,461.30478,351.3542,492.02
T000031,1983-01-31,519.9144,614.4242,498.55627,494.62448,435.64822,469.83
T000031,1983-04-30,490.57315,539.9989,481.6123,499.49713,405.01395,328.54
T000031,1983-07-31,365.7134,275.67267,403.56128,494.42453,412.0754,301.13
T000031,1983-10-31,343.19012,180.7768,315.68402,494.7733,365.709,351.11
T000031,1984-01-31,393.78473,213.89973,328.22018,376.86185,481.59207,413.74
T000031,1984-04-30,451.99902,288.9177,385.05676,375.30148,533.73254,351.89
T000031,1984-07-31,398.48532,227.54684,384.7307,367.05273,522.82007,452.03
T000031,1984-10-31,495.57562,445.3202,406.16797,353.28546,493.5736,492.06
T000031,1985-01-31,526.363,546.96204,473.72708,358.93097,522.9907,493.8
T000031,1985-04-30,516.49646,575.58606,493.0031,416.9099,476.1627,394.42
T000031,1985-07-31,424.7848,461.59357,447.18814,425.06433,433.8386,457.29
T000031,1985-10-31,489.85272,577.6095,428.49686,459.9538,362.4033,467.76
T000032,1977-10-31,0.1326124,0.08693472,0.02436807,0.16884193,0.42941806,81042.0
T000032,1978-01-31,86142.3,150144.12,81042.02,87546.5,92614.19,97471.0
T000032,1978-04-30,104907.3,186624.4,89946.86,86828.72,87539.375,100051.0
T000032,1978-07-31,107133.99,205487.81,98869.414,105974.88,85739.01,94505.0
T000032,1978-10-31,101328.53,212350.78,97449.78,98927.016,63339.766,92247.0
T000032,1979-01-31,98899.49,189025.44,93445.94,96416.336,45812.336,131645.0
T000032,1979-04-30,140565.8,256795.4,113601.53,96249.12,65106.28,126483.0
T000032,1979-07-31,134321.1,223977.0,129223.88,98379.11,52124.637,51310.0
T000032,1979-10-31,61983.27,77019.55,91224.88,106042.234,41698.613,83240.0
T000032,1980-01-31,96700.97,115425.164,68616.73,105918.21,38742.87,112739.0
T000032,1980-04-30,121590.7,120861.445,99229.07,100919.8,92960.96,137303.0
T000032,1980-07-31,144969.52,156876.86,126053.195,115500.836,122435.95,129242.0
T000032,1980-10-31,142396.47,163889.44,133522.17,113589.77,118181.28,106438.0
T000032,1981-01-31,122201.48,121167.695,118546.32,108032.13,103350.06,92942.0
T000032,1981-04-30,105318.79,103152.66,100108.02,114897.766,95215.51,124449.0
T000032,1981-07-31,131043.4,138028.88,110019.445,119216.266,116023.61,135476.0
T000032,1981-10-31,145325.97,163343.84,130425.86,126458.07,147407.25,132365.0
T000032,1982-01-31,145714.58,171613.34,134016.86,124956.836,97034.6,155102.0
T000032,1982-04-30,168114.6,206570.17,144688.92,125548.67,120478.055,62847.0
T000032,1982-07-31,74851.2,23243.68,111831.98,141674.2,92635.16,112943.0
T000032,1982-10-31,123202.38,111018.74,90000.07,135951.62,133439.25,57202.0
T000032,1983-01-31,71608.14,2009.4844,86799.01,123206.96,108643.234,156416.0
T000032,1983-04-30,170705.73,170822.86,110978.05,121404.2,148883.92,94855.0
T000032,1983-07-31,115315.97,84122.914,127542.27,106209.445,119798.9,133040.0
T000032,1983-10-31,148712.08,125609.94,115552.06,96793.16,133213.97,101827.0
T000032,1984-01-31,122657.11,114142.39,118400.28,107350.98,145217.67,108454.0
T000032,1984-04-30,116468.17,85794.43,105418.97,110877.055,92659.57,95242.0
T000032,1984-07-31,110849.78,104397.875,102257.23,108385.97,157428.45,85832.0
T000032,1984-10-31,95352.27,65915.94,90828.46,99473.54,45421.83,109062.0
T000032,1985-01-31,124159.945,118557.66,98423.14,107237.59,147068.23,159561.0
T000032,1985-04-30,172582.1,198529.75,136433.5,104814.62,75293.19,119795.0
T000032,1985-07-31,132223.9,121938.21,140909.7,109291.305,155639.61,71246.0
T000032,1985-10-31,83220.06,55993.902,97024.24,106613.37,70705.67,93746.0
T000032,1986-01-31,105268.625,89775.35,83441.47,106558.984,111640.96,70472.0
T000032,1986-04-30,79591.125,31771.742,82829.88,102095.58,84789.625,124193.0
T000033,1978-04-30,0.1326124,0.08693472,0.02436807,0.16884193,0.42941806,839.0
T000033,1978-07-31,891.8258,1554.4766,839.02094,906.2752,959.2279,835.0
T000033,1978-10-31,887.5802,1602.3193,837.1239,893.1593,827.1268,839.0
T000033,1979-01-31,888.19275,1743.8915,837.1681,917.2794,700.8927,869.0
T000033,1979-04-30,919.5964,1949.515,855.2606,874.9209,553.34644,840.0
T000033,1979-07-31,883.03796,1669.3038,855.39825,862.5939,390.11987,846.0
T000033,1979-10-31,880.4857,1675.1177,843.25214,840.7871,492.43088,879.0
T000033,1980-01-31,905.71625,1490.8864,863.88666,844.7808,378.68225,871.0
T000033,1980-04-30,890.52435,1358.6033,875.2478,848.87396,582.3722,853.0
T000033,1980-07-31,878.5084,1133.7892,862.55756,854.76013,345.69583,860.0
T000033,1980-10-31,868.5695,882.6444,856.7941,855.8581,835.04407,871.0
T000033,1981-01-31,878.32745,895.00684,865.9622,865.2367,853.7408,874.0
T000033,1981-04-30,878.83484,894.36707,872.62604,872.5855,850.9409,865.0
T000033,1981-07-31,870.8064,873.1176,869.77875,865.7663,871.71387,878.0
T000033,1981-10-31,886.07556,902.95374,872.04626,865.4477,862.8695,880.0
T000033,1982-01-31,885.4446,899.8003,879.08405,871.5346,860.2232,870.0
T000033,1982-04-30,872.08405,872.7821,875.30975,871.80646,873.25616,861.0
T000033,1982-07-31,865.3908,863.1934,865.77875,873.4929,870.5205,884.0
T000033,1982-10-31,888.8113,902.17566,873.4665,873.69855,867.51776,878.0
T000033,1983-01-31,881.29474,885.93744,881.18585,879.3877,870.2558,886.0
T000033,1983-04-30,888.7182,898.37646,882.3362,878.30756,876.3846,882.0
T000033,1983-07-31,887.3785,896.2095,884.1239,878.3247,881.6025,892.0
T000033,1983-10-31,896.5763,910.9263,887.4202,882.4445,873.7631,881.0
T000033,1984-01-31,884.53564,892.70966,886.8407,882.9991,877.79126,889.0
T000033,1984-04-30,892.1308,901.87714,885.3362,882.5802,878.60034,867.0
T000033,1984-07-31,872.63293,866.7807,878.6814,884.09955,876.4902,847.0
T000033,1984-10-31,853.2734,820.8705,857.61945,886.8382,857.9515,890.0
T000033,1985-01-31,897.06647,894.4725,870.3069,885.02,897.1404,979.0
T000033,1985-04-30,992.5277,1052.22,938.23987,885.92816,914.62177,934.0
T000033,1985-07-31,950.0616,984.5701,957.8938,890.2148,902.1173,927.0
T000033,1985-10-31,946.17957,994.2341,930.7168,892.24365,880.2802,918.0
T000033,1986-01-31,937.2301,979.2831,922.77875,923.05664,880.40753,889.0
T000033,1986-04-30,901.55994,901.25244,904.39825,927.5432,859.78876,870.0
T000033,1986-07-31,884.10913,865.5966,880.0885,926.7879,879.55743,922.0
T000033,1986-10-31,940.55676,936.8875,898.18506,925.6951,893.83923,890.0
T000033,1987-01-31,910.9305,872.56335,906.99115,898.22797,890.49817,896.0
T000033,1987-04-30,912.9615,867.0317,893.25214,892.6153,888.8969,873.0
T000033,1987-07-31,891.4296,821.73627,885.2124,894.56946,941.5626,882.0
T000034,1978-04-30,0.1326124,0.08693472,0.02436807,0.16884193,0.42941806,1173.0
T000034,1978-07-31,1246.8378,2173.268,1173.0209,1267.0826,1340.9188,1439.0
T000034,1978-10-31,1550.7322,2754.6812,1317.1775,1256.6249,1279.5052,1657.0
T000034,1979-01-31,1783.7794,3369.649,1557.1605,1555.453,1400.159,1425.0
T000034,1979-04-30,1544.8813,3203.3516,1548.1859,1490.7157,933.44824,1675.0
T000034,1979-07-31,1806.4929,3415.4487,1560.5052,1470.1221,852.58105,1863.0
T000034,1979-10-31,1996.435,3698.9185,1776.8999,1465.3818,959.6964,1562.0
T000034,1980-01-31,1659.2046,2744.8252,1721.8231,1581.4746,732.1185,1391.0
T000034,1980-04-30,1479.5679,2313.2732,1481.7965,1632.3036,868.39014,1559.0
T000034,1980-07-31,1672.2689,2148.6914,1482.0594,1631.4452,684.60187,1620.0
T000034,1980-10-31,1698.0629,1751.5986,1592.0632,1599.5831,1463.5665,1534.0
T000034,1981-01-31,1582.7468,1490.362,1579.6637,1614.7446,1502.8463,1412.0
T000034,1981-04-30,1508.4912,1250.7499,1476.7788,1569.5233,1662.2094,1476.0
T000034,1981-07-31,1561.536,1389.0004,1446.6893,1513.8164,1508.1394,1355.0
T000034,1981-10-31,1422.402,1082.7223,1419.2478,1501.6276,1551.2339,1217.0
T000034,1982-01-31,1289.9954,820.5786,1290.2744,1445.6433,1644.2893,1265.0
T000034,1982-04-30,1350.5916,1017.802,1243.017,1392.5875,1562.9889,1504.0
T000034,1982-07-31,1576.8903,1432.724,1394.543,1387.0033,1511.4358,1321.0
T000034,1982-10-31,1388.4348,1105.4344,1418.1682,1351.5679,1546.6013,1373.0
T000034,1983-01-31,1435.8159,1274.1078,1349.185,1326.7484,1545.2395,1242.0
T000034,1983-04-30,1304.8656,1118.6886,1311.5575,1290.5065,1453.4412,1234.0
T000034,1983-07-31,1271.3969,1082.6521,1238.2478,1294.4196,1327.6425,1078.0
T000034,1983-10-31,1135.4761,843.9708,1160.8319,1275.4683,1327.3019,1128.0
T000034,1984-01-31,1190.8557,883.95123,1105.1011,1268.7732,1296.27,1067.0
T000034,1984-04-30,1155.2423,837.241,1099.3894,1161.4572,1313.797,1424.0
T000034,1984-07-31,1498.0647,1415.0254,1260.5015,1155.5662,1361.6917,2216.0
T000034,1984-10-31,2351.0107,2965.7783,1853.2804,1171.4905,1802.0338,2217.0
T000034,1985-01-31,2402.027,3125.107,2216.542,1149.4506,1455.2139,1095.0
T000034,1985-04-30,1318.0166,1316.5819,1690.7524,1225.325,1032.0686,634.0
T000034,1985-07-31,863.8313,486.4536,878.7789,1384.3641,619.54004,734.0
T000034,1985-10-31,948.5875,296.76196,688.2021,1295.6946,846.88544,359.0
T000034,1986-01-31,630.715,-729.4968,558.1151,953.3114,1000.8646,523.0
T000034,1986-04-30,888.7543,-486.88916,447.89142,856.233,1392.0126,310.0
T000034,1986-07-31,792.21814,-940.871,423.09738,606.05634,1070.0461,312.0
T000034,1986-10-31,771.63745,-984.0311,311.08405,410.87036,1124.48,244.0
T000034,1987-01-31,627.88654,-976.2256,280.1062,359.9627,1296.1213,233.0
T000034,1987-04-30,497.55652,-788.193,238.84071,338.09155,1284.665,456.0
T000034,1987-07-31,594.2155,195.73819,353.87064,333.4599,962.7734,839.0
T000035,1900-01-31,0.1326124,0.08693472,0.02436807,0.16884193,0.42941806,2334.0
T000035,1900-04-30,2480.8887,4324.2173,2334.021,2521.2664,2667.6948,2598.0
T000035,1900-07-31,2781.8528,4978.1772,2477.0935,2501.0193,2428.7156,3067.0
T000035,1900-10-31,3291.3054,6253.296,2852.2078,2820.9822,2460.7686,3318.0
T000035,1901-01-31,3562.5808,7214.214,3203.047,2734.5898,1977.8187,2710.0
T000035,1901-04-30,2952.184,5588.162,3032.832,2760.0547,1361.9792,3075.0
T000035,1901-07-31,3308.742,6247.4536,2907.8376,2753.8025,1668.7104,3847.0
T000035,1901-10-31,4077.3403,6845.9346,3493.44,3113.716,1799.7941,3969.0
T000035,1902-01-31,4167.964,6626.747,3913.1265,3105.401,2337.1978,3258.0
T000035,1902-04-30,3551.5537,4926.8486,3635.5222,3284.2832,1395.7141,3939.0
T000035,1902-07-31,4258.9688,5293.6455,3627.1162,3319.3806,2789.565,4815.0
T000035,1902-10-31,5153.068,6613.955,4413.81,3879.6038,3350.9812,4570.0
T000035,1903-01-31,4835.549,5924.9824,4700.0884,3950.7332,3287.6094,3594.0
T000035,1903-04-30,3936.8877,4349.1646,4112.2305,4043.4507,3361.9363,4023.0
T000035,1903-07-31,4372.4634,4981.427,3826.5269,4098.977,3191.4746,4496.0
T000035,1903-10-31,4732.0186,5324.901,4279.376,4226.701,3642.7893,4545.0
T000035,1904-01-31,4672.671,5017.7803,4522.559,4612.516,4034.2576,3675.0
T000035,1904-04-30,3958.2017,3621.6567,4136.9473,4174.3164,4071.405,4408.0
T000035,1904-07-31,4711.387,4921.3687,4072.3013,4096.813,3841.2341,5124.0
T000035,1904-10-31,5322.548,5925.704,4796.087,4454.3735,4579.3213,5103.0
T000035,1905-01-31,5238.036,5671.3086,5114.1504,4507.9946,4889.739,4080.0
T000035,1905-04-30,4372.8447,4374.0884,4623.186,4513.133,4596.551,4529.0
T000035,1905-07-31,4813.092,5193.6064,4323.367,4530.8594,3931.561,4998.0
T000035,1905-10-31,5191.1396,5719.1973,4783.2075,4717.4424,4500.5127,5128.0
T000035,1906-01-31,5241.023,5618.7837,5068.463,5065.679,4664.296,5004.0
T000035,1906-04-30,5271.5537,5724.4355,5069.841,5011.4116,4999.109,5092.0
T000035,1906-07-31,5392.8247,5877.55,5051.6978,5029.0947,4432.1934,4340.0
T000035,1906-10-31,4521.275,4253.6426,4739.292,5218.217,4536.076,4801.0
T000035,1907-01-31,4903.8228,4793.297,4589.8716,5121.535,4937.898,5149.0
T000035,1907-04-30,5291.8003,5455.7705,4989.623,5078.819,5434.4907,5453.0
T000035,1907-07-31,5649.4087,6069.33,5313.7744,5014.1313,4887.1553,4922.0
T000035,1907-10-31,5105.8145,5206.113,5203.9473,4944.026,4856.532,5254.0
T000035,1908-01-31,5400.863,5593.04,5101.9507,4945.8066,4949.8877,5245.0
T000035,1908-04-30,5373.469,5666.995,5249.779,5195.5723,5247.861,5667.0
T000035,1908-07-31,5765.8164,6303.7607,5473.733,5254.703,5061.5522,5451.0
T000035,1908-10-31,5638.5557,6125.47,5565.6904,5268.426,5408.1255,5636.0
T000035,1909-01-31,5851.134,6423.3994,5551.274,5267.6978,4849.2656,5298.0
T000035,1909-04-30,5453.615,5727.702,5477.469,5338.698,5046.081,5573.0
T000035,1909-07-31,5649.0693,5878.074,5447.0557,5493.55,5072.0957,5448.0
T000035,1909-10-31,5550.226,5691.6396,5514.3716,5495.432,5640.8237,5476.0
T000035,1910-01-31,5571.3076,5631.403,5463.177,5465.384,5158.342,5168.0
T000035,1910-04-30,5285.396,5086.113,5331.54,5523.4805,5447.667,5476.0
T000035,1910-07-31,5550.433,5420.8916,5334.9424,5489.474,5300.2646,5409.0
T000035,1910-10-31,5483.7217,5300.1855,5444.575,5492.5176,5704.1426,5636.0
T000035,1911-01-31,5684.396,5688.8228,5532.0386,5451.696,5466.619,5388.0
T000035,1911-04-30,5483.447,5398.4487,5519.6816,5429.924,5665.8,6130.0
T000035,1911-07-31,6246.1816,6755.162,5790.179,5428.388,5496.3984,6365.0
T000035,1911-10-31,6526.594,7295.8706,6257.375,5507.633,5783.763,6527.0
T000035,1912-01-31,6722.6724,7614.734,6452.807,5656.533,5475.0776,5757.0
T000035,1912-04-30,6012.6787,6478.8364,6165.8496,5816.569,5336.642,7830.0
T000035,1912-07-31,8223.046,10127.24,6880.609,6179.514,5692.8457,7092.0
T000035,1912-10-31,7464.7026,8695.439,7483.8584,6410.1475,5744.958,7376.0
T000035,1913-01-31,7734.676,9104.855,7245.934,6561.7793,5857.5444,6518.0
T000035,1913-04-30,6994.478,7812.7246,6973.575,6683.1455,6038.73,7113.0
T000035,1913-07-31,7433.0103,8032.851,6840.5024,7302.149,5779.0317,7265.0
T000035,1913-10-31,7536.592,8353.119,7195.387,7226.6943,6721.227,7312.0
T000035,1914-01-31,7509.5845,7702.3677,7290.475,7135.844,6597.169,6669.0
T000035,1914-04-30,7047.089,6958.478,7010.416,7249.9478,7389.9966,7350.0
T000035,1914-07-31,7623.8857,7804.622,7038.116,7141.6465,6170.6113,7730.0
T000035,1914-10-31,7874.82,8153.466,7555.968,7286.5566,8042.3706,8181.0
T000035,1915-01-31,8327.318,9093.869,7974.451,7322.1304,7324.2915,7295.0
T000035,1915-04-30,7568.956,7838.299,7765.443,7366.6714,7456.0054,8353.0
T000035,1915-07-31,8664.839,9797.004,7868.458,7399.3467,6963.0713,8532.0
T000035,1915-10-31,8814.67,9989.016,8450.021,7790.8027,7359.7593,9124.0
T000035,1916-01-31,9407.514,10819.557,8852.876,8205.067,7403.579,8438.0
T000035,1916-04-30,8843.576,9983.148,8802.248,8366.904,7767.6123,9047.0
T000035,1916-07-31,9464.789,10770.353,8768.091,8467.137,7470.8447,9831.0
T000035,1916-10-31,10247.044,12097.479,9471.944,8628.618,8458.363,10462.0
T000035,1917-01-31,10861.75,12720.131,10173.015,9078.459,8264.553,9632.0
T000035,1917-04-30,10115.593,11523.244,10072.708,9150.478,8672.352,10446.0
T000035,1917-07-31,10990.183,12884.893,10073.205,9672.075,8211.626,10930.0
T000035,1917-10-31,11411.028,13343.353,10708.338,9909.687,9099.555,11131.0
T000035,1918-01-31,11547.159,13263.792,11038.946,10470.123,9260.541,10012.0
T000035,1918-04-30,10452.27,11312.985,10606.159,10551.697,9561.357,11241.0
T000035,1918-07-31,11719.675,13203.2705,10678.144,10510.673,9331.211,11655.0
T000035,1918-10-31,12058.296,13542.123,11465.396,10976.734,10271.94,11841.0
T000035,1919-01-31,12117.672,13321.186,11755.815,11144.77,10284.702,11392.0
T000035,1919-04-30,11800.7,12846.232,11630.407,11256.811,11113.127,13012.0
T000035,1919-07-31,13529.069,15556.391,12270.073,11433.932,10768.213,13424.0
T000035,1919-10-31,13938.538,16201.4,13235.3125,11713.124,11357.962,14258.0
T000035,1920-01-31,14807.866,17504.115,13876.045,11885.545,11302.934,13692.0
T000035,1920-04-30,14429.832,16920.504,13992.531,13056.562,11676.181,18577.0
T000035,1920-07-31,19797.344,25726.611,16339.771,13521.334,12166.302,18753.0
T000035,1920-10-31,20107.664,25961.748,18672.396,13826.284,13271.712,18041.0
T000035,1921-01-31,19418.666,24526.625,18419.053,14369.604,12615.241,17580.0
T000035,1921-04-30,19152.738,24387.203,17824.78,17687.205,12753.707,19558.0
T000035,1921-07-31,21026.082,26068.824,18652.117,18170.693,12735.663,19693.0
T000035,1921-10-31,20918.668,25583.906,19631.172,18622.729,16800.768,19846.0
T000035,1922-01-31,20961.473,24601.586,19775.93,18796.781,16089.872,18919.0
T000035,1922-04-30,20141.725,22569.664,19411.213,18985.697,17467.016,20851.0
T000035,1922-07-31,21833.674,24755.906,19966.184,19607.443,16224.864,21589.0
T000035,1922-10-31,22110.988,24692.47,21251.012,19775.049,19335.822,21843.0
T000035,1923-01-31,22435.611,24927.92,21726.674,19899.924,19618.115,20843.0
T000035,1923-04-30,21656.945,23840.74,21373.975,20885.145,19428.652,22523.0
T000035,1923-07-31,23318.252,26148.21,21753.596,20940.945,18688.627,23357.0
T000035,1923-10-31,24029.523,27071.023,22975.045,21662.76,21042.506,24115.0
T000035,1924-01-31,24826.438,28037.648,23767.852,21888.693,20642.035,23087.0
T000036,1900-01-31,0.1326124,0.08693472,0.02436807,0.16884193,0.42941806,104.0
T000036,1900-04-30,110.62771,192.76456,104.02093,112.28331,119.27929,109.0
T000036,1900-07-31,116.22593,208.99658,106.710106,111.347115,105.23216,156.0
T000036,1900-10-31,168.80437,314.8839,134.47498,118.91171,107.79663,174.0
T000036,1901-01-31,188.66992,371.21286,165.75638,115.05449,85.38819,243.0
T000036,1901-04-30,266.1099,482.1468,211.39943,161.97858,134.43787,208.0
T000036,1901-07-31,233.4547,430.4458,226.58408,158.3665,113.39741,126.0
T000036,1901-10-31,147.375,247.02423,169.53984,170.83737,57.292877,118.0
T000036,1902-01-31,137.32932,213.04071,122.24779,177.83878,51.505905,130.0
T000036,1902-04-30,148.04584,156.49713,124.50425,141.03496,35.718178,153.0
T000036,1902-07-31,171.87283,147.99385,142.46648,147.07814,139.99474,158.0
T000036,1902-10-31,180.53696,146.20885,155.7101,135.54881,151.17548,142.0
T000036,1903-01-31,168.21667,108.123764,150.49557,130.72363,175.57738,108.0
T000036,1903-04-30,131.48923,52.32531,126.05311,139.01384,142.42763,182.0
T000036,1903-07-31,196.33673,179.40244,148.10954,146.59845,199.93658,206.0
T000036,1903-10-31,216.7573,246.42242,195.0085,154.90973,204.97993,123.0
T000036,1904-01-31,136.22652,122.791374,167.07082,150.2996,116.51497,118.0
T000036,1904-04-30,137.29233,129.68698,120.65487,137.87209,110.70874,147.0
T000036,1904-07-31,158.82622,148.97583,133.7186,136.07571,127.4888,124.0
T000036,1904-10-31,134.13475,89.06674,136.2124,134.0502,151.54695,137.0
T000036,1905-01-31,148.0517,122.765015,131.04626,134.34822,154.91519,129.0
T000036,1905-04-30,149.36383,109.20569,133.24779,126.23417,146.77406,166.0
T000036,1905-07-31,182.14621,181.12837,149.05476,131.23094,132.62006,164.0
T000036,1905-10-31,174.65518,170.23352,165.06195,137.89423,157.55669,144.0
T000036,1906-01-31,153.63864,139.0614,154.61948,137.86902,174.55014,131.0
T000036,1906-04-30,141.07965,150.83421,137.90266,142.58556,125.70765,143.0
T000036,1906-07-31,148.49632,152.25342,137.50424,150.00247,113.50157,188.0
T000036,1906-10-31,194.94012,228.55124,167.39093,150.10004,170.62903,173.0
T000036,1907-01-31,182.1035,203.02397,180.9646,145.40666,139.29826,179.0
T000036,1907-04-30,190.76472,220.00162,176.25212,145.0687,154.72829,207.0
T000036,1907-07-31,221.24414,274.7052,194.17657,174.4965,158.44891,169.0
T000036,1907-10-31,177.64568,187.32498,189.177,177.02254,156.424,178.0
T000036,1908-01-31,186.2925,214.27328,173.87819,182.23262,168.13231,186.0
T000036,1908-04-30,197.14186,221.75595,182.33617,181.75386,159.87218,272.0
T000036,1908-07-31,289.9819,369.45798,232.61378,184.94313,190.75067,196.0
T000036,1908-10-31,211.68492,232.37923,236.354,190.02815,152.5993,208.0
T000036,1909-01-31,222.3729,243.34361,202.50424,189.74353,181.25174,215.0
T000036,1909-04-30,231.8671,268.65668,211.79414,205.5984,179.99866,225.0
T000036,1909-07-31,233.2448,246.12927,220.42021,216.75137,175.31726,214.0
T000036,1909-10-31,225.07468,246.3646,219.84071,222.31187,225.98712,175.0
T000036,1910-01-31,189.9591,157.26852,195.70798,217.47571,160.0149,187.0
T000036,1910-04-30,204.86197,181.19954,181.50424,216.70576,205.31592,212.0
T000036,1910-07-31,222.43454,200.08522,200.55052,219.7107,185.15186,175.0
T000036,1910-10-31,187.38165,119.590515,194.64603,194.85634,253.57484,231.0
T000036,1911-01-31,242.01929,253.68095,205.35316,188.32674,227.04079,219.0
T000036,1911-04-30,229.34344,227.4165,225.37169,189.86707,219.65834,179.0
T000036,1911-07-31,187.91614,156.36755,200.23895,192.5082,211.77325,159.0
T000036,1911-10-31,170.79518,135.92415,169.61948,192.19249,194.11218,204.0
T000036,1912-01-31,212.34676,198.48438,183.39093,191.69037,205.36554,160.0
T000036,1912-04-30,171.29164,128.99603,183.36284,190.07954,184.32797,172.0
T000036,1912-07-31,183.48187,141.63243,166.50424,178.35057,179.38136,220.0
T000036,1912-10-31,236.25586,235.96143,198.017,175.30742,230.40189,167.0
T000036,1913-01-31,179.18927,134.0462,195.1416,173.21468,163.0461,160.0
T000036,1913-04-30,172.41483,135.69984,163.71681,174.79231,197.94095,210.0
T000036,1913-07-31,219.3348,227.75519,187.10104,176.39046,198.31723,161.0
T000036,1913-10-31,170.45528,140.56267,187.01772,173.01259,173.80954,175.0
T000036,1914-01-31,183.2843,181.27072,168.58829,172.9253,156.49411,214.0
T000036,1914-04-30,225.27168,239.39102,196.13881,172.46523,200.47293,176.0
T000036,1914-07-31,186.51407,171.40295,196.177,180.3246,170.74739,196.0
T000036,1914-10-31,204.74239,220.90279,186.84041,178.39911,173.22499,227.0
T000036,1915-01-31,236.48775,261.91412,212.80264,181.36928,205.70468,147.0
T000036,1915-04-30,159.02913,127.37341,189.47789,185.36104,165.29904,199.0
T000036,1915-07-31,209.7419,229.05774,175.18507,202.56413,165.82254,267.0
T000036,1915-10-31,280.14252,330.1748,235.8574,202.474,234.93413,194.0
T000036,1916-01-31,208.04678,202.53976,232.76108,204.83044,187.24875,200.0
T000036,1916-04-30,214.2185,235.49174,197.25212,206.47173,183.24582,179.0
T000036,1916-07-31,194.51146,169.75314,190.15045,206.93063,189.82256,170.0
T000036,1916-10-31,183.01907,146.86137,174.77876,201.77806,186.44641,208.0
T000036,1917-01-31,218.63431,214.80452,190.59679,205.46808,197.87607,183.0
T000036,1917-04-30,199.24422,148.35527,196.27434,186.98695,223.6749,313.0
T000036,1917-07-31,338.3319,423.54236,253.4627,186.3965,231.85359,246.0
T000036,1917-10-31,265.96176,288.29532,281.57523,186.73,185.1425,190.0
T000036,1918-01-31,208.06569,188.561,219.73453,199.5963,215.9288,300.0
T000036,1918-04-30,324.95703,434.18262,249.62228,219.48735,202.92485,242.0
T000036,1918-07-31,258.86783,271.2526,272.79648,257.21164,174.56143,268.0
T000036,1918-10-31,287.24445,351.1038,256.09253,250.50203,227.5927,265.0
T000036,1919-01-31,291.71918,332.05176,266.59293,249.0766,199.88194,242.0
T000036,1919-04-30,262.62848,250.53098,254.2124,251.03845,243.15643,230.0
T000036,1919-07-31,248.35774,246.41162,236.37169,251.67474,200.19682,206.0
T000036,1919-10-31,219.40479,141.61682,218.74336,248.07457,253.39584,329.0
T000036,1920-01-31,347.86005,399.65573,272.66855,251.34915,315.93842,160.0
T000036,1920-04-30,182.74826,86.047424,249.73456,248.15483,175.15092,238.0
T000036,1920-07-31,261.22195,215.95193,202.27762,240.0937,295.97565,243.0
T000036,1920-10-31,265.54416,250.16115,240.7101,240.74199,247.53091,189.0
T000036,1921-01-31,205.07445,99.15677,217.67258,220.88074,241.61456,235.0
T000036,1921-04-30,255.78416,255.04158,213.93295,251.48909,286.76535,289.0
T000036,1921-07-31,307.1262,308.37296,264.26913,236.89514,235.13182,246.0
T000036,1921-10-31,267.91272,270.88193,268.83188,242.45245,282.39847,235.0
T000036,1922-01-31,251.9038,255.59283,240.84071,238.65181,175.36182,321.0
T000036,1922-04-30,342.04926,397.2445,281.6138,242.23251,325.5505,278.0
T000036,1922-07-31,298.36633,346.1772,300.83188,253.20306,192.63972,291.0
T000036,1922-10-31,303.6607,357.9361,285.04626,278.9784,234.3354,305.0
T000036,1923-01-31,327.62546,386.66815,298.5883,279.75693,258.45728,285.0
T000037,1978-04-30,0.1326124,0.08693472,0.02436807,0.16884193,0.42941806,2310.0
T000037,1978-07-31,2455.3784,4279.753,2310.021,2495.34,2640.2678,4190.0
T000037,1978-10-31,4611.585,7996.2925,3328.999,2458.3733,3118.9219,10735.0
T000037,1979-01-31,11961.461,20847.963,7737.526,4403.7046,6540.0894,4009.0
T000037,1979-04-30,5189.4487,9495.516,7580.329,4123.036,1929.1641,4134.0
T000037,1979-07-31,5309.4336,10013.627,4076.7527,4551.694,1284.5898,5513.0
T000037,1979-10-31,6689.326,12103.954,4881.447,5061.2544,1430.2297,12130.0
T000037,1980-01-31,13267.75,20866.447,9099.552,5514.8296,3753.3816,9232.0
T000037,1980-04-30,10409.275,17073.152,10770.762,5773.6855,3913.3442,14056.0
T000037,1980-07-31,15985.828,24499.188,11846.708,5690.6006,4438.908,8035.0
T000037,1980-10-31,10369.808,13938.826,11231.992,8530.573,4049.6792,18345.0
T000037,1981-01-31,20402.734,29816.627,13623.234,9670.051,7073.7915,17017.0
T000037,1981-04-30,19238.004,27865.15,17722.133,12409.872,13013.904,24608.0
T000037,1981-07-31,27735.51,41204.664,21131.48,14352.906,9649.032,19028.0
T000037,1981-10-31,22754.113,34170.863,21990.834,17152.633,10956.967,30532.0
T000037,1982-01-31,34390.22,50385.273,25263.406,18653.482,10857.882,23503.0
T000037,1982-04-30,27147.764,38578.727,27235.215,19696.418,17283.857,21785.0
T000037,1982-07-31,24524.068,31193.562,22697.213,22360.56,10373.498,14050.0
T000037,1982-10-31,17635.443,18091.828,18157.082,23512.822,16488.32,20753.0
T000037,1983-01-31,23155.062,22680.727,17683.166,22899.078,10555.776,11280.0
T000037,1983-04-30,14131.162,3558.17,16309.914,22742.904,20073.895,14190.0
T000037,1983-07-31,17193.945,4510.288,12857.28,15984.385,16961.18,8213.0
T000037,1983-10-31,12820.826,-4889.545,11386.63,15111.229,26250.502,11881.0
T000037,1984-01-31,15605.7,-1113.1152,10201.132,13175.28,15310.285,7550.0
T000037,1984-04-30,11602.744,-6120.423,9849.647,12729.148,26130.848,7821.0
T000037,1984-07-31,10711.421,-5567.629,7696.8877,9042.695,16429.36,7000.0
T000037,1984-10-31,10271.174,-1253.832,7435.929,8479.622,21011.328,9408.0
T000037,1985-01-31,11428.656,2527.6748,8305.186,8326.397,9885.807,7629.0
T000037,1985-04-30,9849.432,2062.1006,8573.603,8217.507,17237.271,20670.0
T000037,1985-07-31,22367.375,28222.297,14697.493,8064.4414,12120.519,27839.0
T000037,1985-10-31,30802.104,44301.65,24555.746,8507.471,17242.102,29489.0
T000037,1986-01-31,33432.062,50539.613,28733.334,9796.05,8709.253,12785.0
T000037,1986-04-30,17383.8,23742.695,21654.385,13981.051,5614.6357,16684.0
T000037,1986-07-31,20668.977,28546.504,14898.339,19716.146,1998.4736,13260.0
T000037,1986-10-31,16458.04,18270.21,15078.054,18269.1,8217.718,19634.0
T000037,1987-01-31,22228.725,23018.0,16714.84,18650.666,10937.734,10334.0
T000037,1987-04-30,14761.604,6753.74,15272.056,15527.922,13509.939,34632.0
T000037,1987-07-31,39554.65,46782.598,23504.021,14133.201,18846.982,35165.0
T000037,1987-10-31,39437.566,48847.42,34920.9,17282.934,28871.723,42445.0
T000038,1978-04-30,0.1326124,0.08693472,0.02436807,0.16884193,0.42941806,1259.0
T000038,1978-07-31,1338.2484,2332.5977,1259.0209,1359.9851,1439.1985,2202.0
T000038,1978-10-31,2419.5525,4203.35,1770.1256,1341.433,1663.8096,3071.0
T000038,1979-01-31,3368.666,6100.3945,2673.016,2350.8772,2615.4233,2732.0
T000038,1979-04-30,3020.5295,5899.9277,2912.0,2327.441,1849.3313,3836.0
T000038,1979-07-31,4251.5415,7903.0996,3330.3909,2855.8372,2141.223,3695.0
T000038,1979-10-31,4122.8286,7545.256,3769.8672,2768.2236,1805.3605,4053.0
T000038,1980-01-31,4453.697,7703.2036,3889.0435,3111.8677,1989.6462,4531.0
T000038,1980-04-30,4945.8096,8436.268,4312.086,3726.9526,2230.6367,4203.0
T000038,1980-07-31,4684.448,6912.795,4377.159,3857.1257,2015.304,2816.0
T000038,1980-10-31,3303.4858,3854.348,3552.4604,4136.5874,1944.1194,5820.0
T000038,1981-01-31,6324.0166,8487.438,4444.2305,4137.4805,3458.6426,5963.0
T000038,1981-04-30,6461.867,8255.264,5897.509,4288.729,4341.5317,6547.0
T000038,1981-07-31,7104.394,9428.285,6279.54,4595.984,3889.0896,5778.0
T000038,1981-10-31,6487.788,8482.747,6186.319,5839.153,4032.9626,5102.0
T000038,1982-01-31,5650.6865,6485.359,5460.938,6039.018,3539.474,5374.0
T000038,1982-04-30,5850.0693,7068.34,5249.4297,5957.1875,4696.92,6742.0
T000038,1982-07-31,7132.504,8452.088,6115.4844,5969.293,4992.1934,8400.0
T000038,1982-10-31,9121.373,11773.391,7640.6704,5868.7334,6881.2324,12085.0
T000038,1983-01-31,13308.396,18752.482,10397.347,5906.025,5809.785,10568.0
T000038,1983-04-30,11776.979,15814.66,11373.487,6846.77,6210.4673,12203.0
T000038,1983-07-31,13584.68,19398.855,11454.204,8555.746,6396.1562,10882.0
T000038,1983-10-31,12275.892,17024.922,11583.416,10673.26,5885.6577,11246.0
T000038,1984-01-31,12512.39,16551.318,11079.296,11122.137,7212.919,9756.0
T000038,1984-04-30,10995.607,13725.816,10547.15,11062.268,7602.5605,9617.0
T000038,1984-07-31,10599.55,11020.883,9690.806,10878.833,7104.625,7076.0
T000038,1984-10-31,8138.7334,5588.2764,8425.204,10158.647,8446.481,12625.0
T000038,1985-01-31,13486.738,13628.059,10083.673,10275.851,10387.051,14519.0
T000038,1985-04-30,15392.031,16904.287,13651.587,9974.067,14424.12,7190.0
T000038,1985-07-31,8256.104,4099.5854,11081.506,10468.523,9297.118,7912.0
T000038,1985-10-31,9305.063,7160.435,7581.339,9175.895,11050.516,9118.0
T000038,1986-01-31,9975.595,7670.1494,8565.677,8679.475,9361.101,7766.0
T000038,1986-04-30,8613.615,4493.5093,8483.876,8802.552,10832.135,8531.0
T000038,1986-07-31,9524.48,7306.292,8180.646,8797.099,9544.394,10736.0
T000038,1986-10-31,12241.859,10721.572,9726.156,8109.857,10815.808,11081.0
T000038,1987-01-31,12357.724,12388.641,10922.997,8609.822,9169.115,7666.0
T000038,1987-04-30,8632.807,5492.195,9479.275,8862.264,8584.792,5639.0
T000038,1987-07-31,6787.2607,2528.1533,6715.2837,8666.787,10362.223,6030.0
T000038,1987-10-31,6845.301,4280.621,5850.93,8434.877,6816.4604,5339.0
T000039,1978-04-30,0.1326124,0.08693472,0.02436807,0.16884193,0.42941806,63788.0
T000039,1978-07-31,67802.44,118178.16,63788.02,68907.664,72896.54,59714.0
T000039,1978-10-31,63725.38,115001.62,61877.188,63734.21,59123.07,68502.0
T000039,1979-01-31,73116.05,141370.94,64477.277,69490.92,56969.59,71273.0
T000039,1979-04-30,75893.72,157860.78,70003.94,66502.62,44937.258,81679.0
T000039,1979-07-31,87049.67,160914.28,76913.266,69794.76,40118.27,89768.0
T000039,1979-10-31,96139.99,179195.92,86063.41,68838.195,47210.133,107136.0
T000039,1980-01-31,114691.44,193479.06,99181.82,72061.09,42402.184,123269.0
T000039,1980-04-30,132827.47,220228.8,115880.42,82412.08,58487.25,123303.0
T000039,1980-07-31,135304.1,205363.05,123287.43,90792.82,41810.633,122995.0
T000039,1980-10-31,136452.38,187692.66,123158.54,108150.7,76414.625,128762.0
T000039,1981-01-31,142229.06,192163.89,126120.836,124186.27,75578.06,127511.0
T000039,1981-04-30,138985.73,178316.14,128175.25,123554.15,92491.99,147918.0
T000039,1981-07-31,159541.88,207188.17,138572.02,124191.84,106424.42,167297.0
T000039,1981-10-31,180259.42,233280.98,158421.83,128511.484,114191.84,164434.0
T000039,1982-01-31,176890.75,221832.62,165954.17,129511.7,110283.03,145785.0
T000039,1982-04-30,156010.14,184569.88,155687.12,147032.38,108050.484,123176.0
T000039,1982-07-31,131174.62,132125.22,135180.78,154835.19,105746.484,103443.0
T000039,1982-10-31,111769.46,84975.42,113920.7,153678.2,107675.5,101512.0
T000039,1983-01-31,112621.7,66785.305,102537.31,132080.16,120808.805,103444.0
T000039,1983-04-30,117359.48,58519.04,102559.19,111032.92,138961.94,110157.0
T000039,1983-07-31,126828.0,67460.72,107082.586,109501.02,141204.25,108929.0
T000039,1983-10-31,125804.695,66145.125,109581.04,105167.016,133399.64,127569.0
T000039,1984-01-31,141002.36,106470.89,119032.266,104092.46,146576.62,85123.0
T000039,1984-04-30,96514.2,43527.477,107660.71,107914.85,128747.016,79777.0
T000039,1984-07-31,88358.69,45774.582,82615.586,111682.11,115793.64,73372.0
T000039,1984-10-31,82357.305,41608.137,76772.88,90610.83,110304.89,84774.0
T000039,1985-01-31,92149.26,53069.867,79552.12,89706.055,107761.03,123756.0
T000039,1985-04-30,132941.84,135162.7,105903.055,87808.0,132783.5,193766.0
T000039,1985-07-31,208801.22,263906.7,161702.88,88020.234,141714.97,208411.0
T000039,1985-10-31,230464.55,314964.12,201703.89,86922.31,149671.69,196094.0
T000039,1986-01-31,221041.69,311599.44,202634.0,127005.984,106862.09,169968.0
T000039,1986-04-30,196444.66,273710.03,183840.22,172279.7,123679.35,153842.0
T000039,1986-07-31,177362.5,235096.72,162404.48,182506.84,87588.914,165671.0
T000039,1986-10-31,185772.05,234848.52,160253.56,177191.36,125376.59,178926.0
T000039,1987-01-31,198984.97,229387.9,172855.48,176652.0,136353.5,160058.0
T000039,1987-04-30,179102.97,174444.81,170076.4,170913.06,137731.19,182222.0
T000039,1987-07-31,196855.81,194879.19,172071.34,166052.22,154315.27,194522.0
T000039,1987-10-31,203211.1,199058.88,188888.86,167461.95,197678.25,209704.0
T000040,1978-04-30,0.1326124,0.08693472,0.02436807,0.16884193,0.42941806,13313.0
T000040,1978-07-31,14150.835,24664.674,13313.0205,14381.46,15214.356,10780.0
T000040,1978-10-31,11744.66,20957.246,12124.956,11447.172,10660.087,10744.0
T000040,1979-01-31,11667.688,22851.61,10763.115,11827.729,8598.791,12584.0
T000040,1979-04-30,13523.7705,28215.982,11741.318,11196.312,7010.377,15299.0
T000040,1979-07-31,16331.857,29338.496,14055.586,12801.766,7982.993,17701.0
T000040,1979-10-31,18976.158,34854.25,16600.934,12671.861,10045.392,14416.0
T000040,1980-01-31,15711.471,25814.395,16160.249,12692.626,6375.631,12712.0
T000040,1980-04-30,13863.703,21819.531,13616.779,13323.414,8234.418,9072.0
T000040,1980-07-31,10204.432,11229.421,11004.744,13530.985,2886.6445,10710.0
T000040,1980-10-31,11682.025,8468.66,9959.83,13668.834,12895.088,9814.0
T000040,1981-01-31,11151.94,6661.0874,10289.752,11726.943,11134.658,11961.0
T000040,1981-04-30,13529.997,9201.069,10977.719,11245.398,12835.408,4870.0
T000040,1981-07-31,7201.57,-3134.6357,8635.135,10593.159,12445.383,5397.0
T000040,1981-10-31,7775.271,-3293.7734,5155.645,10421.629,12017.064,4568.0
T000040,1982-01-31,6825.401,-3959.913,5008.1772,6098.228,14835.261,4263.0
T000040,1982-04-30,5950.289,-4963.334,4424.947,5721.204,12736.331,8224.0
T000040,1982-07-31,10056.496,5633.427,6409.9443,5553.921,14992.281,13418.0
T000040,1982-10-31,15022.173,15477.175,11039.256,5242.778,12033.292,14866.0
T000040,1983-01-31,16654.781,20866.338,14202.846,5550.5044,14347.273,20417.0
T000040,1983-04-30,22747.172,33511.125,17874.758,8483.473,11290.628,23728.0
T000040,1983-07-31,27014.236,41463.137,22211.63,13773.226,13064.428,25261.0
T000040,1983-10-31,29387.66,46564.297,24558.918,15187.849,7026.413,19467.0
T000040,1984-01-31,23393.754,35895.56,22543.46,19770.82,9456.585,17795.0
T000040,1984-04-30,21319.23,29976.43,18682.787,20827.242,8608.095,15252.0
T000040,1984-07-31,18164.51,21486.94,16602.266,20384.973,8346.107,14203.0
T000040,1984-10-31,16242.6045,13208.572,14759.991,18978.625,9612.648,14023.0
T000040,1985-01-31,16367.92,9950.263,14118.575,16534.447,14897.237,16119.0
T000040,1985-04-30,18675.268,11032.373,15159.075,15939.143,16440.77,10193.0
T000040,1985-07-31,13138.178,-271.74023,13339.55,14904.228,18483.68,11243.0
T000040,1985-10-31,13968.092,1775.2334,10762.122,14952.686,19051.209,7412.0
T000040,1986-01-31,10057.555,-3858.503,9446.16,12142.116,19990.99,14995.0
T000040,1986-04-30,16661.643,11186.278,11522.144,12420.948,19518.83,29028.0
T000040,1986-07-31,31293.719,40345.73,22601.178,12037.746,23719.307,16464.0
T000040,1986-10-31,19037.588,18749.957,23135.154,11603.194,14941.433,11759.0
T000040,1987-01-31,14794.715,15674.021,14257.231,13147.536,13431.341,13664.0
T000040,1987-04-30,16081.131,17365.926,12791.55,16205.534,9638.01,15708.0
T000040,1987-07-31,17357.662,16164.143,14771.891,16370.521,15299.51,20386.0
T000040,1987-10-31,22416.398,27546.793,18243.572,17070.008,14982.046,17003.0
T000041,1900-01-31,0.1326124,0.08693472,0.02436807,0.16884193,0.42941806,49954.0
T000041,1900-04-30,53097.805,92548.33,49954.02,53963.324,57087.227,16602.0
T000041,1900-07-31,22096.09,35492.35,34311.035,17320.738,16200.504,23786.0
T000041,1900-10-31,28894.396,54409.406,20495.877,25264.129,19918.36,13457.0
T000041,1901-01-31,19075.96,39298.64,18941.428,20567.514,3649.8867,10060.0
T000041,1901-04-30,14270.562,13944.147,11863.718,23170.11,2170.581,9205.0
T000041,1901-07-31,14844.043,20218.86,9658.982,18251.79,10507.533,7748.0
T000041,1901-10-31,13826.501,-1142.4902,8521.629,11467.259,492.44824,15326.0
T000041,1902-01-31,22963.02,18027.193,11855.434,11796.516,23475.277,8336.0
T000041,1902-04-30,14440.611,-3739.8398,12047.506,10159.418,-3315.9395,12782.0
T000041,1902-07-31,18802.076,74.1875,10745.824,9345.251,39419.344,13336.0
T000041,1902-10-31,15590.693,12216.301,13082.279,9936.697,14466.617,8841.0
T000041,1903-01-31,10443.96,2341.753,11227.727,9612.571,16172.766,54892.0
T000041,1903-04-30,60696.387,95363.16,33801.598,13850.48,26589.732,14137.0
T000041,1903-07-31,20637.547,20356.184,35776.832,15238.873,3216.8403,19871.0
T000041,1903-10-31,26213.77,36354.22,17244.947,16262.646,10886.54,17102.0
T000041,1904-01-31,24278.44,32673.52,18572.266,18302.807,2770.5215,10254.0
T000041,1904-04-30,14286.368,-389.98242,13890.107,18922.727,6654.681,17377.0
T000041,1904-07-31,23137.957,25788.762,14114.813,22649.95,17501.902,10053.0
T000041,1904-10-31,16114.984,-4403.5234,13941.852,15195.279,4333.7217,16140.0
T000041,1905-01-31,24233.463,13903.461,13352.28,16775.658,28418.707,6732.0
T000041,1905-04-30,13021.791,-7333.951,11727.4,11544.894,-1237.0596,10103.0
T000041,1905-07-31,16047.023,-8068.457,8559.152,11095.402,40280.844,13419.0
T000041,1905-10-31,15662.822,12487.278,11900.341,11320.6875,16913.53,20000.0
T000041,1906-01-31,21371.559,19942.242,16986.04,10732.475,19124.662,27525.0
T000041,1906-04-30,30219.352,41798.055,24078.707,13595.357,24748.488,16173.0
T000041,1906-07-31,18876.53,21632.715,22200.613,13751.108,8014.5894,22354.0
T000041,1906-10-31,25384.809,35352.016,19523.23,16641.791,20714.592,17790.0
T000041,1907-01-31,20360.773,25993.5,20213.363,18982.086,9085.766,11476.0
T000041,1907-04-30,13508.372,9838.93,14828.567,19018.857,15221.259,8481.0
T000041,1907-07-31,11808.946,6996.9424,10071.267,18238.299,8978.576,11525.0
T000041,1907-10-31,14738.3955,4124.329,10130.911,13070.889,10897.934,6662.0
T000041,1908-01-31,10528.8125,-5350.2695,9244.125,13282.208,16293.338,10201.0
T000041,1908-04-30,13908.4375,-1567.9912,8580.212,11410.884,15242.347,14141.0
T000041,1908-07-31,17836.523,7586.2285,12336.562,10397.928,25040.29,9377.0
T000041,1908-10-31,11858.188,2213.2793,11906.559,9795.896,13601.958,6049.0
T000041,1909-01-31,8526.34,-790.1826,7816.0806,10628.104,15590.191,38224.0
T000041,1909-04-30,41782.227,60422.945,23488.518,10895.8955,22347.273,53675.0
T000041,1909-07-31,60336.797,92904.05,46598.76,11897.3,21800.762,16078.0
T000041,1909-10-31,23250.924,29840.15,36041.02,15633.879,1587.3027,10299.0
T000041,1910-01-31,18627.426,24455.281,13367.497,16379.299,674.751,11127.0
T000041,1910-04-30,17393.344,15143.096,10747.793,15889.977,-3480.4424,9666.0
T000041,1910-07-31,14990.408,-186.08203,10441.753,15480.847,4292.3057,9189.0
T000041,1910-10-31,15715.2295,-1059.209,9442.274,16312.533,11997.716,17798.0
T000041,1911-01-31,27681.234,10372.595,13855.257,10912.428,15135.623,8000.0
T000041,1911-04-30,17520.227,-5485.3516,13202.48,10665.804,9180.172,2067.0
T000041,1911-07-31,9559.348,-22501.648,5217.267,11416.977,14040.613,30917.0
T000041,1911-10-31,36472.266,35494.67,17704.299,10975.745,41603.25,27472.0
T000041,1912-01-31,30785.035,38759.117,29301.205,10550.372,17251.305,17313.0
T000041,1912-04-30,20963.156,27747.91,22707.162,17961.254,10167.075,14418.0
T000041,1912-07-31,19646.785,25662.492,15955.169,16473.844,6406.3584,13506.0
T000041,1912-10-31,16898.031,16078.45,13990.248,17931.514,8377.167,10687.0
T000041,1913-01-31,13794.313,10171.376,12183.814,16697.686,9810.1,8095.0
T000041,1913-04-30,11621.957,-613.8838,9471.284,15499.391,13698.516,7817.0
T000041,1913-07-31,13729.981,746.708,7964.611,11820.695,14559.59,10219.0
T000041,1913-10-31,15302.988,2759.3037,9118.934,11098.747,4955.0635,12726.0
T000041,1914-01-31,16491.045,1880.791,11577.846,10513.1,23746.201,10673.0
T000042,1975-10-31,0.1326124,0.08693472,0.02436807,0.16884193,0.42941806,1440.0
T000042,1976-01-31,1530.636,2667.9307,1440.0209,1555.5125,1646.0431,1436.0
T000042,1976-04-30,1526.5269,2755.291,1438.1239,1536.1149,1422.4813,1358.0
T000042,1976-07-31,1444.9816,2844.3608,1399.4159,1566.7013,1175.5696,1525.0
T000042,1976-10-31,1622.365,3406.2573,1448.5175,1501.42,963.2483,1559.0
T000042,1977-01-31,1646.4866,3076.2727,1543.4287,1467.3773,746.0777,1492.0
T000042,1977-04-30,1563.9274,2950.8638,1527.5752,1442.6375,870.6718,1355.0
T000042,1977-07-31,1419.3394,2327.789,1427.7434,1470.4677,618.22485,1452.0
T000042,1977-10-31,1499.131,2263.9363,1407.576,1490.7755,982.6223,1449.0
T000042,1978-01-31,1501.4963,1892.3893,1450.5929,1471.5804,618.8474,1456.0
T000042,1978-04-30,1474.5416,1433.4265,1452.7942,1473.7975,1444.2189,1357.0
T000042,1978-07-31,1406.9387,1294.546,1409.5664,1475.5984,1481.3428,1485.0
T000042,1978-10-31,1525.1472,1499.6637,1426.3787,1451.965,1426.3019,1437.0
T000042,1979-01-31,1464.6816,1392.8269,1462.4867,1460.243,1508.2523,1537.0
T000042,1979-04-30,1553.9645,1571.2095,1491.202,1450.8716,1533.1117,1349.0
T000042,1979-07-31,1391.3508,1313.5022,1448.823,1467.4473,1486.3065,1528.0
T000042,1979-10-31,1561.1954,1623.787,1446.0217,1448.2507,1416.8022,1614.0
T000042,1980-01-31,1647.3037,1794.1287,1574.6138,1491.3186,1525.0093,1703.0
T000042,1980-04-30,1739.4506,1910.1365,1662.2399,1532.128,1495.6589,1490.0
T000042,1980-07-31,1553.5815,1636.3618,1603.0974,1537.8145,1501.9248,1787.0
T000042,1980-10-31,1859.2217,2134.5486,1650.9802,1539.8448,1422.9419,1693.0
T000042,1981-01-31,1756.8416,1950.1697,1742.9115,1626.3916,1561.0692,1687.0
T000042,1981-04-30,1733.0306,1879.7666,1690.1858,1691.856,1445.7521,1474.0
T000042,1981-07-31,1555.5918,1545.8242,1587.0974,1748.4624,1524.7087,1680.0
T000042,1981-10-31,1741.583,1794.6667,1585.6562,1713.1136,1474.9227,1696.0
T000042,1982-01-31,1740.4131,1797.1674,1688.6724,1719.3403,1698.6387,1686.0
T000042,1982-04-30,1714.4303,1669.4318,1691.3097,1705.5311,1619.3312,1444.0
T000042,1982-07-31,1530.1216,1332.948,1572.4956,1738.3799,1745.4618,1702.0
T000042,1982-10-31,1759.4484,1749.8528,1583.8413,1690.2009,1562.3839,1722.0
T000042,1983-01-31,1760.5311,1750.5607,1712.8405,1705.5997,1823.4402,1583.0
T000042,1983-04-30,1609.1763,1491.9783,1656.8053,1736.2214,1650.5386,1467.0
T000042,1983-07-31,1542.7325,1406.2666,1528.5929,1635.0702,1732.6951,1779.0
T000042,1983-10-31,1835.7711,1907.6599,1636.1105,1633.4114,1616.0884,1857.0
T000042,1984-01-31,1899.3582,2026.4951,1821.2776,1708.4816,1816.6782,1395.0
T000042,1984-04-30,1454.8472,1197.8374,1640.3098,1647.1466,1605.7948,1577.0
T000042,1984-07-31,1671.7582,1628.573,1493.6478,1638.607,1711.0503,1969.0
T000042,1984-10-31,2051.0142,2275.798,1789.4722,1667.6431,1605.9978,1943.0
T000042,1985-01-31,1998.7289,2143.6445,1956.8053,1790.9265,1845.6877,1950.0
T000042,1985-04-30,2038.9006,2327.4355,1946.7942,1864.5402,1847.9547,1615.0
T000042,1985-07-31,1743.6401,1736.8165,1792.8762,1672.6376,1524.834,1996.0
T000042,1985-10-31,2099.227,2394.335,1821.5099,1956.3645,1717.5408,2097.0
T000042,1986-01-31,2163.2095,2447.937,2050.7441,1964.2623,1852.6692,2073.0
T000042,1986-04-30,2163.0571,2361.0498,2085.7434,1957.1407,2057.7705,1747.0
T000042,1986-07-31,1890.9945,1985.4247,1920.0974,1994.4685,1731.4945,2003.0
T000042,1986-10-31,2093.2688,2198.3054,1885.7573,2019.281,1695.9584,2063.0
T000042,1987-01-31,2113.9807,2218.228,2035.5212,2034.7922,2056.636,1855.0
T000042,1987-04-30,1892.0464,1763.272,1965.4425,2069.3823,1876.9462,1664.0
T000042,1987-07-31,1778.4434,1542.2268,1765.416,1937.363,2036.0759,2038.0
T000042,1987-10-31,2132.8213,2138.7458,1866.7158,1921.31,1858.9025,2066.0
T000042,1988-01-31,2120.32,2082.7615,2053.1765,2022.1697,2138.352,2071.0
T000042,1988-04-30,2116.8154,2117.906,2068.7102,2044.5889,2121.8115,1763.0
T000042,1988-07-31,1872.5084,1709.539,1926.5399,1909.7771,2081.1282,2164.0
T000042,1988-10-31,2245.6313,2430.4966,1980.3503,2048.234,1932.2972,2219.0
T000042,1989-01-31,2274.5635,2488.236,2193.811,2075.6067,2100.4644,2154.0
T000042,1989-04-30,2204.0823,2327.0317,2188.5132,2079.2856,2108.4646,1787.0
T000042,1989-07-31,1916.0687,1861.5262,1981.8673,2151.8584,1993.8801,2259.0
T000042,1989-10-31,2361.601,2569.4844,2042.8339,2170.759,1880.7957,2390.0
T000042,1990-01-31,2459.8662,2720.0667,2330.0046,2181.6035,2218.0356,2205.0
T000042,1990-04-30,2261.0117,2325.9204,2303.2302,2242.5642,2102.147,2047.0
T000042,1990-07-31,2179.3079,2232.1816,2130.8938,2186.9646,2212.6792,2364.0
T000042,1990-10-31,2470.3518,2688.9895,2218.8206,2233.2422,1948.6226,2038.0
T000043,1975-10-31,0.1326124,0.08693472,0.02436807,0.16884193,0.42941806,41.0
T000043,1976-01-31,43.67856,76.04637,41.020924,44.228035,47.283695,41.0
T000043,1976-04-30,43.6345,78.74223,41.02437,43.816895,41.044273,38.0
T000043,1976-07-31,40.540012,79.78975,39.592922,44.648254,33.71319,44.0
T000043,1976-10-31,46.899845,98.07068,41.252125,42.87932,28.343283,45.0
T000043,1977-01-31,47.61507,88.71315,44.54202,41.742416,21.704107,45.0
T000043,1977-04-30,47.25572,88.72864,45.02437,41.14649,26.113684,41.0
T000043,1977-07-31,43.07188,71.33768,43.123894,41.4953,18.146967,47.0
T000043,1977-10-31,48.70159,75.50346,44.252125,44.16633,29.23301,49.0
T000043,1978-01-31,51.057205,69.56796,48.08404,45.151203,21.3716,48.0
T000043,1978-04-30,49.31601,54.123985,48.530975,45.096615,43.336792,44.0
T000043,1978-07-31,46.096375,48.773853,46.123894,45.56117,43.7593,51.0
T000043,1978-10-31,53.01876,59.45622,47.794144,47.22808,41.874443,56.0
T000043,1979-01-31,57.81839,66.86724,53.710102,48.426548,47.333004,61.0
T000043,1979-04-30,63.35186,75.71023,58.710102,49.17876,48.53873,53.0
T000043,1979-07-31,56.373734,63.97573,57.24779,51.218758,47.493526,64.0
T000043,1979-10-31,67.91835,83.57408,58.962227,53.3425,46.384106,66.0
T000043,1980-01-31,69.657745,85.16507,65.08404,56.615547,50.577045,67.0
T000043,1980-04-30,70.36881,84.21134,66.54202,61.247868,51.658894,56.0
T000043,1980-07-31,60.27146,67.17507,61.84071,62.83012,51.941925,67.0
T000043,1980-10-31,70.942986,81.86328,61.962227,64.500885,49.621437,68.0
T000043,1981-01-31,70.92691,80.396095,67.54202,66.4835,60.120506,69.0
T000043,1981-04-30,70.81772,76.8322,68.54202,67.3868,60.29594,60.0
T000043,1981-07-31,63.588493,63.693726,64.77876,68.25121,64.96959,73.0
T000043,1981-10-31,76.21206,83.95576,67.04627,67.31453,60.35605,72.0
T000043,1982-01-31,74.08167,80.43396,72.530975,68.3584,69.09194,74.0
T000043,1982-04-30,75.514854,81.65007,73.08404,69.14588,65.98823,64.0
T000043,1982-07-31,67.80694,68.50701,69.30974,70.63193,68.86011,76.0
T000043,1982-10-31,79.17573,87.130844,70.50425,72.392654,62.20432,77.0
T000043,1983-01-31,79.21332,87.44881,76.54202,73.31566,72.23482,78.0
T000043,1983-04-30,79.68329,85.81571,77.54202,74.12381,70.616776,69.0
T000043,1983-07-31,72.85004,74.69224,73.77876,75.04358,73.47613,81.0
T000043,1983-10-31,84.28588,92.728096,75.50425,76.32595,66.4624,86.0
T000043,1984-01-31,88.49182,99.99568,83.710106,77.377365,78.96668,73.0
T000043,1984-04-30,74.90307,73.87347,79.90266,78.67275,68.69619,76.0
T000043,1984-07-31,79.622406,83.918335,74.62606,77.52934,78.35309,92.0
T000043,1984-10-31,95.93233,109.296036,84.67233,78.63126,71.74786,94.0
T000043,1985-01-31,96.97116,109.303856,93.08404,81.54478,82.14144,95.0
T000043,1985-04-30,98.738464,115.048386,94.54202,86.40439,79.49511,83.0
T000043,1985-07-31,88.35829,94.24046,89.37168,84.08233,78.305885,98.0
T000043,1985-10-31,103.091675,120.46152,91.13031,92.47282,79.4351,103.0
T000043,1986-01-31,106.74931,124.11778,100.710106,94.41296,85.97769,98.0
T000043,1986-04-30,101.81223,111.71299,100.65487,95.33379,93.02708,90.0
T000043,1986-07-31,95.724266,103.89227,94.24779,96.38255,85.16692,109.0
T000043,1986-10-31,113.9792,129.31686,100.29839,98.557144,86.19336,110.0
T000043,1987-01-31,113.35032,126.604645,109.54202,99.01198,98.0537,107.0
T000043,1987-04-30,109.878944,120.35679,108.59292,103.216866,96.119644,96.0
T000043,1987-07-31,101.55404,104.7594,101.84071,100.19849,97.37715,116.0
T000043,1987-10-31,121.0784,136.68448,106.840416,107.610825,92.886536,119.0
T000043,1988-01-31,122.52917,137.8665,117.62606,109.389725,105.87178,114.0
T000043,1988-04-30,117.151634,126.007065,116.65487,110.251724,106.94486,106.0
T000043,1988-07-31,111.985466,118.65582,110.24779,108.64688,106.558685,128.0
T000043,1988-10-31,133.618,152.03217,117.92445,114.73751,101.07501,132.0
T000043,1989-01-31,136.14447,155.17157,130.16808,116.7,115.22969,131.0
T000043,1989-04-30,135.4,153.08508,131.53098,119.46398,114.06615,120.0
T000043,1989-07-31,127.16827,139.557,125.84071,120.9371,115.42503,137.0
T000043,1989-10-31,143.5435,164.66376,129.21436,128.58203,108.546776,139.0
T000043,1990-01-31,143.46103,162.15918,138.08405,131.45067,121.72134,135.0
T000043,1990-04-30,138.8662,150.75821,137.1239,132.30846,125.05576,122.0
T000043,1990-07-31,128.54086,132.2154,128.90266,134.24477,123.88581,123.0
T000043,1990-10-31,127.74541,125.24901,122.54202,126.32912,111.82721,117.0
T000044,1970-10-31,0.1326124,0.08693472,0.02436807,0.16884193,0.42941806,31.0
T000044,1971-01-31,33.052532,57.519684,31.020924,33.42568,35.855824,40.0
T000044,1971-04-30,43.240868,76.536316,35.878185,33.202835,34.685173,40.0
T000044,1971-07-31,43.012756,82.07291,40.02437,43.2696,35.998722,44.0
T000044,1971-10-31,47.221558,96.49095,42.168083,42.186935,30.020569,32.0
T000044,1972-01-31,35.531067,67.71439,38.371685,40.785786,19.052084,41.0
T000044,1972-04-30,44.012455,81.40385,36.878185,40.55618,23.79073,39.0
T000044,1972-07-31,41.203125,67.86102,40.061947,41.22021,19.48711,47.0
T000044,1972-10-31,48.891388,74.17974,43.336166,40.127422,28.812315,36.0
T000044,1973-01-31,39.690956,50.105984,41.84071,40.443405,20.21243,39.0
T000044,1973-04-30,41.444855,40.64914,37.62606,39.99684,32.37249,37.0
T000044,1973-07-31,39.057083,37.41068,38.061947,39.836517,41.037422,44.0
T000044,1973-10-31,44.9557,44.577614,40.794144,39.951794,37.936695,38.0
T000044,1974-01-31,40.358185,38.149887,41.18584,39.174694,46.056755,43.0
T000044,1974-04-30,45.129555,46.502975,40.710102,38.156776,34.553646,42.0
T000044,1974-07-31,44.011894,45.609173,42.530975,39.533157,43.325764,50.0
T000044,1974-10-31,51.447357,57.5198,46.336166,42.159706,38.513794,39.0
T000044,1975-01-31,41.266277,40.361847,44.84071,43.324013,44.039295,49.0
T000044,1975-04-30,51.24746,58.862823,44.420208,42.342167,37.135536,52.0
T000044,1975-07-31,54.758217,65.414085,50.62606,43.929817,44.997406,68.0
T000044,1975-10-31,71.8262,91.273476,60.672333,49.281685,44.591106,57.0
T000044,1976-01-31,61.737183,76.05696,62.84071,50.1879,47.498318,68.0
T000044,1976-04-30,73.58688,94.777306,62.962227,52.51542,44.981495,66.0
T000044,1976-07-31,71.83003,92.84291,67.06195,57.908394,49.773266,82.0
T000044,1976-10-31,87.96328,114.83164,74.67233,66.40349,48.647846,65.0
T000044,1977-01-31,71.25016,86.79594,74.02655,67.28866,56.538933,82.0
T000044,1977-04-30,88.8487,112.49756,74.214355,66.512115,54.623028,80.0
T000044,1977-07-31,86.418396,107.6448,81.06195,69.62445,64.69106,99.0
T000044,1977-10-31,105.00563,131.62933,90.29839,80.48015,63.568523,78.0
T000044,1978-01-31,84.57207,97.88789,89.150444,81.495125,71.636894,82.0
T000044,1978-04-30,87.58251,98.4547,80.16808,81.48334,61.803093,71.0
T000044,1978-07-31,76.491585,78.57393,76.84071,81.74364,73.57329,75.0
T000044,1978-10-31,77.762024,70.916534,73.16808,80.71256,63.745403,65.0
T000044,1979-01-31,70.36688,54.71036,70.30974,77.992195,85.95716,76.0
T000044,1979-04-30,81.11132,68.04714,70.96223,76.7301,69.54045,66.0
T000044,1979-07-31,72.33746,51.247253,71.30974,73.10471,86.57707,77.0
T000044,1979-10-31,81.656685,67.51641,71.96223,71.392845,76.637566,67.0
T000044,1980-01-31,72.44657,54.751644,72.30974,68.25318,92.69025,76.0
T000044,1980-04-30,78.120926,73.25581,71.87819,68.10268,76.60166,76.0
T000044,1980-07-31,78.60487,80.64204,76.02437,76.370125,85.31469,91.0
T000044,1980-10-31,93.5819,105.85839,84.13031,76.32731,75.37105,76.0
T000045,1970-10-31,0.1326124,0.08693472,0.02436807,0.16884193,0.42941806,0.78
T000045,1971-01-31,0.9565084,1.5320168,0.791369,0.8143679,1.3207922,0.83
T000045,1971-04-30,0.8859612,1.5911763,0.80710095,0.8352996,0.79476434,0.88
T000045,1971-07-31,0.93648654,1.8134537,0.857101,0.90372646,0.7363827,1.04
T000045,1971-10-31,1.1121984,2.265004,0.96672326,0.87383294,0.6198218,0.94
T000045,1972-01-31,1.0102351,1.8943123,0.9930973,0.8950968,0.45865604,0.92
T000045,1972-04-30,0.9827275,1.8617725,0.9306194,0.88450986,0.5140997,0.93
T000045,1972-07-31,0.9810485,1.6482586,0.9254202,0.9328191,0.41788542,0.79
T000045,1972-10-31,0.82412267,1.2092929,0.86433625,0.9380474,0.534021,0.78
T000045,1973-01-31,0.8324723,0.9942897,0.7853097,0.94461155,0.37841612,0.77
T000045,1973-04-30,0.8180662,0.6560192,0.7753097,0.80872303,0.7781891,0.81
T000045,1973-07-31,0.86287075,0.68131906,0.7916808,0.8102865,0.8858238,0.84
T000045,1973-10-31,0.8921619,0.7385804,0.8262606,0.8035033,0.89231473,0.82
T000045,1974-01-31,0.8676026,0.6874176,0.8306194,0.7910047,0.95354825,0.82
T000045,1974-04-30,0.85598505,0.7741672,0.84436804,0.8113945,0.91007614,0.77
T000045,1974-07-31,0.7927984,0.6970949,0.7965486,0.82520175,0.8276145,0.78
T000045,1974-10-31,0.7963468,0.7345669,0.7754202,0.82054806,0.86515313,0.83
T000045,1975-01-31,0.8395755,0.8581368,0.80710095,0.8270657,0.8050745,0.84
T000045,1975-04-30,0.8524221,0.8646263,0.8354202,0.82099456,0.82979053,0.85
T000045,1975-07-31,0.8654313,0.9026534,0.84542024,0.8213071,0.8275459,0.89
T000045,1975-10-31,0.907457,0.9691638,0.8716808,0.8326821,0.8291368,0.92
T000045,1976-01-31,0.9401554,1.0282055,0.9062606,0.84156346,0.8558862,1.02
T000045,1976-04-30,1.052371,1.2323653,0.9742021,0.85402155,0.85555804,1.2
T000045,1976-07-31,1.261258,1.5824091,1.1175637,0.8965927,0.9117231,1.29
T000045,1976-10-31,1.3792145,1.7787907,1.2487818,0.92693394,0.8796007,1.44
T000045,1977-01-31,1.5563817,2.0851896,1.3713031,1.0287752,0.88501835,1.56
T000045,1977-04-30,1.7003796,2.30907,1.5050424,1.2122586,0.8972018,1.62
T000045,1977-07-31,1.7734654,2.4011319,1.5925212,1.3004721,0.96862227,1.78
T000045,1977-10-31,1.949471,2.677559,1.7067233,1.4509511,1.1481299,1.72
T000045,1978-01-31,1.8842878,2.4803994,1.7518584,1.5684,1.1439896,1.69
T000045,1978-04-30,1.8403884,2.3374162,1.7059292,1.6254078,1.2400192,1.69
T000045,1978-07-31,1.8161201,2.2024958,1.7143681,1.695239,1.2901541,1.7
T000045,1978-10-31,1.788168,2.0246994,1.6954203,1.7107458,1.4186968,1.76
T000045,1979-01-31,1.8308332,2.0449543,1.7325213,1.7074531,1.5571642,1.78
T000045,1979-04-30,1.8322964,1.9625834,1.7708404,1.7017806,1.5965962,1.79
T000045,1979-07-31,1.8311082,1.936905,1.7854202,1.7017772,1.6886214,1.78
T000045,1979-10-31,1.8079768,1.887846,1.7853097,1.762658,1.655338,1.86
T000045,1980-01-31,1.8814561,1.9933044,1.8233616,1.7823167,1.7997267,2.04
T000045,1980-04-30,2.08804,2.353099,1.9575638,1.7910454,1.8202801,2.02
T000045,1980-07-31,2.0808558,2.3280582,2.0306194,1.7945442,1.787053,2.16
T000045,1980-10-31,2.2436929,2.6184766,2.0958831,1.8664284,1.8004816,2.25
T000046,1975-10-31,0.1326124,0.08693472,0.02436807,0.16884193,0.42941806,52.0
T000046,1976-01-31,55.367603,96.425735,52.020924,56.110703,59.854355,67.0
T000046,1976-04-30,72.42214,128.2,60.13031,55.69534,58.13883,61.0
T000046,1976-07-31,65.757996,126.28622,64.185844,65.99133,53.94761,64.0
T000046,1976-10-31,68.70029,143.06464,62.62606,64.14097,42.205067,61.0
T000046,1977-01-31,65.68741,125.213715,62.592922,62.16854,29.849089,73.0
T000046,1977-04-30,77.202965,142.08557,67.50425,61.78231,38.173492,67.0
T000046,1977-07-31,70.3494,118.0048,70.185844,64.404945,32.23935,69.0
T000046,1977-10-31,71.73258,110.832794,68.08404,64.21039,42.054512,61.0
T000046,1978-01-31,65.68546,85.24712,65.24779,65.37562,28.728321,76.0
T000046,1978-04-30,79.1019,88.87072,69.13031,68.02692,57.31229,70.0
T000046,1978-07-31,72.23649,76.51087,73.185844,69.7086,70.92565,74.0
T000046,1978-10-31,76.24851,82.056854,72.16808,69.17929,65.504234,70.0
T000046,1979-01-31,73.52581,78.74809,72.12389,70.493484,70.78222,86.0
T000046,1979-04-30,89.284355,102.07921,78.67233,70.82595,66.49624,79.0
T000046,1979-07-31,82.05301,91.50917,82.71681,74.41896,75.18245,79.0
T000046,1979-10-31,81.79649,89.90447,79.02437,74.26989,65.1883,78.0
T000046,1980-01-31,82.170616,91.95458,78.530975,78.57211,75.61129,90.0
T000046,1980-04-30,93.74808,107.08867,84.50425,79.91547,67.543304,83.0
T000046,1980-07-31,85.81794,93.82178,86.71681,79.6889,81.23808,86.0
T000046,1980-10-31,89.02318,97.474464,84.62606,79.20814,73.90202,71.0
T000046,1981-01-31,75.346,70.88334,78.96461,80.99325,76.524284,90.0
T000046,1981-04-30,93.01887,99.35475,81.29839,84.80766,75.26842,82.0
T000046,1981-07-31,84.4248,82.6568,86.24779,84.86245,87.30178,82.0
T000046,1981-10-31,84.21109,80.52399,82.02437,82.61454,80.457756,76.0
T000046,1982-01-31,80.42901,76.318634,79.185844,84.49034,84.04316,90.0
T000046,1982-04-30,92.45727,92.89491,83.58829,83.17361,79.30351,84.0
T000046,1982-07-31,86.51994,85.69411,87.185844,83.0437,92.47464,87.0
T000046,1982-10-31,88.669685,89.8967,85.62606,82.164406,80.72276,83.0
T000046,1983-01-31,87.03862,88.4624,85.12389,83.714005,90.39329,97.0
T000046,1983-04-30,100.31444,110.95134,90.58829,84.82599,76.7935,86.0
T000046,1983-07-31,88.44205,90.582855,91.84071,87.04814,88.56982,89.0
T000046,1983-10-31,91.037186,95.32926,87.62606,86.37676,80.16975,75.0
T000046,1984-01-31,79.22124,72.85129,82.43363,88.14785,82.20408,85.0
T000046,1984-04-30,87.426994,83.5458,80.420204,87.79956,76.93152,85.0
T000046,1984-07-31,87.61659,83.19263,85.02437,86.93426,91.9687,89.0
T000046,1984-10-31,91.1806,86.55002,87.16808,85.38008,84.9524,75.0
T000046,1985-01-31,79.66631,67.97712,82.43363,87.90781,89.12941,96.0
T000046,1985-04-30,99.431175,102.484985,86.38244,85.372986,84.73801,89.0
T000046,1985-07-31,92.10597,91.33318,92.71681,85.96209,96.73428,87.0
T000046,1985-10-31,88.62088,88.40313,88.06195,87.36404,83.543144,88.0
T000046,1986-01-31,91.9201,97.69882,87.54202,88.84529,92.86143,107.0
T000046,1986-04-30,111.25427,126.784195,98.29839,89.27604,82.92569,99.0
T000046,1986-07-31,102.78212,115.14067,103.24779,89.6138,91.87672,111.0
T000046,1986-10-31,115.43291,135.54282,105.50425,89.40289,86.54459,87.0
T000046,1987-01-31,93.62487,95.22228,99.74337,90.512726,86.605156,113.0
T000046,1987-04-30,118.65366,137.94981,101.09254,100.47169,80.835335,95.0
T000046,1987-07-31,99.40759,101.585144,104.557526,102.13636,95.53262,107.0
T000046,1987-10-31,111.02221,116.334175,101.50425,99.94352,93.60643,93.0
T000046,1988-01-31,99.66291,99.55253,100.43363,97.93999,95.598114,109.0
T000046,1988-04-30,112.90392,112.75397,101.67233,97.93674,91.39208,88.0
T000046,1988-07-31,93.504196,80.97153,99.150444,98.02612,108.94706,105.0
T000046,1988-10-31,108.23776,103.11837,97.214355,96.8763,95.104355,92.0
T000046,1989-01-31,98.0705,87.398506,98.90266,95.20347,112.50994,101.0
T000046,1989-04-30,104.60878,97.814,96.87819,94.5984,85.70208,85.0
T000046,1989-07-31,90.83592,74.19618,93.49558,94.72152,109.54863,94.0
T000046,1989-10-31,97.27586,84.19139,89.87819,94.457115,89.02398,98.0
T000046,1990-01-31,102.33175,98.369675,96.16808,95.63034,112.13306,108.0
T000046,1990-04-30,110.70005,111.61245,103.420204,94.4451,92.390495,88.0
T000046,1990-07-31,93.39424,83.545235,98.61948,96.494736,108.09237,101.0
T000046,1990-10-31,104.66898,107.6552,95.04627,94.95218,87.31837,93.0
T000047,1964-10-31,0.1326124,0.08693472,0.02436807,0.16884193,0.42941806,82.0
T000047,1965-01-31,87.2479,152.00583,82.02093,88.517975,94.13797,81.0
T000047,1965-04-30,86.08499,155.5014,81.530975,86.62155,80.23174,66.0
T000047,1965-07-31,71.88141,141.37737,73.96461,87.70479,63.372948,85.0
T000047,1965-10-31,91.57689,190.03708,76.29839,84.746895,55.82876,82.0
T000047,1966-01-31,87.26499,160.78128,83.59292,83.6961,41.09815,92.0
T000047,1966-04-30,96.95961,178.87866,87.420204,82.20771,54.44197,71.0
T000047,1966-07-31,76.72452,123.62479,82.150444,83.657394,34.886482,96.0
T000047,1966-10-31,100.99483,154.43338,84.55052,82.856995,60.12558,97.0
T000047,1967-01-31,102.48225,141.57376,96.54202,86.06661,42.37692,101.0
T000047,1967-04-30,104.35738,118.119354,99.16808,92.30904,83.638664,80.0
T000047,1967-07-31,87.34137,92.06999,91.150444,94.438934,85.64145,101.0
T000047,1967-10-31,106.96129,121.38154,91.38244,96.80144,73.81962,104.0
T000047,1968-01-31,108.65653,124.73144,102.62606,97.97311,99.61537,101.0
T000047,1968-04-30,104.128784,111.79222,102.59292,101.98049,86.507675,74.0
T000047,1968-07-31,82.05459,70.05916,88.33629,107.267334,96.660934,89.0
T000047,1968-10-31,95.07173,89.735214,82.13031,94.657715,79.03995,83.0
T000047,1969-01-31,87.71064,71.244545,86.185844,93.00029,100.35937,96.0
T000047,1969-04-30,99.26709,88.592316,90.04627,91.398384,99.917915,76.0
T000047,1969-07-31,83.6968,61.85938,86.61948,86.48193,104.713745,105.0
T000047,1969-10-31,111.530655,113.39901,91.718605,83.9784,92.39033,103.0
T000047,1970-01-31,108.21403,113.27118,104.06195,89.90215,109.43122,105.0
T000047,1970-04-30,108.1574,113.396126,104.08404,96.474495,100.68955,83.0
T000047,1970-07-31,90.271095,90.19456,94.68142,100.16466,100.063934,109.0
T000047,1970-10-31,114.85755,130.91992,97.09254,103.85106,80.49681,106.0
T000047,1971-01-31,111.07304,125.04123,107.59292,106.67145,103.5299,110.0
T000047,1971-04-30,113.85921,124.79931,108.16808,105.48985,92.81272,85.0
T000047,1971-07-31,93.53443,86.54406,98.274345,109.3355,105.34906,110.0
T000047,1971-10-31,116.14374,123.32029,98.55052,107.32328,89.26993,110.0
T000047,1972-01-31,113.75769,119.72572,110.02437,111.020355,113.71844,110.0
T000047,1972-04-30,112.39555,113.60164,110.02437,111.11866,103.26898,88.0
T000047,1972-07-31,95.97448,86.39129,99.68142,114.26995,111.24658,113.0
T000047,1972-10-31,118.74423,124.45081,101.55052,110.99175,94.12441,114.0
T000047,1973-01-31,117.688675,123.53462,113.54202,111.537384,118.815414,124.0
T000047,1973-04-30,127.03874,138.19846,119.420204,110.25864,109.9162,93.0
T000047,1973-07-31,101.67743,93.708664,109.46018,114.08815,113.88539,127.0
T000047,1973-10-31,134.33188,151.63922,111.4287,114.093285,98.43976,128.0
T000048,1964-10-31,0.1326124,0.08693472,0.02436807,0.16884193,0.42941806,77.0
T000048,1965-01-31,81.93441,142.74246,77.02093,83.11676,88.42403,88.0
T000048,1965-04-30,94.396805,168.57599,82.96223,82.512146,81.136696,64.0
T000048,1965-07-31,70.60916,137.5477,76.74337,82.83212,63.407673,90.0
T000048,1965-10-31,97.50772,199.65994,78.09254,80.67126,58.385857,71.0
T000048,1966-01-31,77.35431,143.2922,81.0885,80.125336,36.988678,93.0
T000048,1966-04-30,98.99392,178.85483,82.92445,77.84964,54.251633,85.0
T000048,1966-07-31,91.04512,150.84749,89.24779,86.387764,46.26977,93.0
T000048,1966-10-31,97.544785,145.33176,89.33617,85.46245,60.333225,88.0
T000048,1967-01-31,94.47293,130.93413,90.65487,88.69182,46.70559,100.0
T000048,1967-04-30,103.701164,116.14648,94.50425,88.452194,77.75492,91.0
T000048,1967-07-31,96.6801,107.44684,95.77876,91.73194,98.36117,98.0
T000048,1967-10-31,102.72289,115.88615,94.79414,91.249084,70.609955,91.0
T000048,1968-01-31,95.619705,101.18609,94.71681,91.969124,96.335815,101.0
T000048,1968-04-30,104.82659,114.80294,96.420204,92.437325,78.026505,92.0
T000048,1968-07-31,94.77034,96.5377,96.77876,93.09496,94.6342,92.0
T000048,1968-10-31,93.97516,92.14757,92.02437,92.97814,83.43953,88.0
T000048,1969-01-31,90.993965,86.7031,90.12389,92.82041,94.31005,102.0
T000048,1969-04-30,103.99356,105.92636,95.58829,94.19812,89.82565,95.0
T000048,1969-07-31,97.36643,95.176346,98.71681,93.04882,101.03692,104.0
T000048,1969-10-31,106.24684,112.113174,99.87819,92.263985,91.720604,90.0
T000048,1970-01-31,93.78009,90.13117,97.43363,93.49612,95.28652,105.0
T000048,1970-04-30,107.46733,114.37909,98.13031,96.03645,89.61579,99.0
T000048,1970-07-31,101.59792,105.61957,102.185844,100.32881,101.39946,105.0
T000048,1970-10-31,107.28997,113.10116,102.25212,99.270035,93.62016,100.0
T000048,1971-01-31,104.00698,110.84111,102.65487,100.97845,101.89662,111.0
T000048,1971-04-30,114.14765,123.02604,105.96223,100.53492,93.23469,105.0
T000048,1971-07-31,107.93847,114.59354,108.185844,105.41782,107.691605,108.0
T000048,1971-10-31,110.15253,116.47215,106.62606,105.18526,96.65738,102.0
T000048,1972-01-31,105.48512,108.25591,105.185844,106.30456,107.960526,118.0
T000048,1972-04-30,121.435776,133.79733,110.67233,106.01387,98.1055,111.0
T000048,1972-07-31,113.72593,120.35442,114.71681,108.47409,109.15449,117.0
T000048,1972-10-31,119.78624,129.63872,114.25212,108.31527,102.126015,90.0
T000048,1973-01-31,95.3329,83.18363,104.33629,112.89356,101.26655,137.0
T000048,1973-04-30,142.53957,163.02887,115.474976,112.319664,111.13679,126.0
T000048,1973-07-31,131.41608,143.68018,131.84071,117.89663,119.33694,130.0
T000048,1973-10-31,135.02951,148.83304,128.16808,117.52233,110.26901,126.0
T000049,1964-10-31,0.1326124,0.08693472,0.02436807,0.16884193,0.42941806,14.7
T000049,1965-01-31,15.732961,27.321175,14.720923,15.818927,17.22839,15.0
T000049,1965-04-30,15.965079,28.769646,14.862607,15.731359,14.694459,11.9
T000049,1965-07-31,12.9897175,25.509827,13.546019,15.894137,11.511576,15.7
T000049,1965-10-31,16.932125,35.016148,13.959679,15.405267,10.263624,15.3
T000049,1966-01-31,16.3053,30.073763,15.512389,15.266446,7.679013,15.5
T000049,1966-04-30,16.345785,30.213982,15.408403,15.08963,9.509998,12.0
T000049,1966-07-31,13.04213,20.908314,13.858408,15.70524,6.2900314,16.7
T000049,1966-10-31,17.556488,26.370857,14.547498,15.430205,10.873862,18.0
T000049,1967-01-31,18.946518,25.941793,17.404627,15.599062,8.215406,17.8
T000049,1967-04-30,18.419384,20.441885,17.906195,15.56057,15.082212,14.0
T000049,1967-07-31,15.4035845,15.674374,16.0177,15.987236,15.895514,18.1
T000049,1967-10-31,19.23035,22.019455,16.222284,16.89962,13.440443,18.5
T000049,1968-01-31,19.266893,21.888046,18.316807,17.96581,17.086184,18.5
T000049,1968-04-30,19.094385,21.092903,18.524368,18.217916,16.154959,13.4
T000049,1968-07-31,14.960886,13.291483,16.107965,18.865166,16.542742,17.4
T000049,1968-10-31,18.631962,19.191055,15.568083,17.959871,14.493383,16.3
T000049,1969-01-31,17.032879,15.773365,16.88407,18.13155,17.695566,17.0
T000049,1969-04-30,17.464867,15.664937,16.679415,17.546251,17.736076,12.9
T000049,1969-07-31,14.406222,10.405422,15.076992,17.326765,18.48304,19.9
T000049,1969-10-31,21.1399,22.131357,16.694145,16.452337,16.828568,20.1
T000049,1970-01-31,21.05473,22.822157,20.008404,17.110329,20.229298,20.9
T000049,1970-04-30,21.686142,23.917252,20.533617,17.137999,18.237352,16.1
T000049,1970-07-31,17.874222,18.509302,18.648674,17.680101,18.578846,20.7
T000049,1970-10-31,22.047306,25.571114,18.593296,20.093386,14.860249,20.7
T000049,1971-01-31,21.77381,25.240068,20.72437,20.39381,19.188787,18.6
T000049,1971-04-30,19.347023,19.657482,19.715046,20.851177,16.582039,13.8
T000049,1971-07-31,15.729969,12.586687,16.348675,20.138687,18.846392,19.3
T000049,1971-10-31,20.782175,20.226114,16.781113,19.724897,15.960837,20.0
T000049,1972-01-31,20.884144,19.735943,19.679415,20.058168,22.2743,19.7
T000049,1972-04-30,20.398436,18.840034,19.859293,19.71496,20.427296,14.7
T000049,1972-07-31,16.545357,12.33302,17.35487,19.446411,21.247374,22.1
T000049,1972-10-31,23.468605,25.334463,18.710953,19.469765,18.737196,22.6
T000049,1973-01-31,23.52739,25.911018,22.37101,19.875137,22.201988,21.8
T000049,1973-04-30,22.559618,24.357088,22.22478,20.109383,20.450144,16.3
T000049,1973-07-31,18.386335,17.781769,19.220354,20.860962,19.955727,23.9
T000049,1973-10-31,25.594122,29.672789,20.419357,22.0306,17.292233,24.4
T000050,1962-10-31,0.1326124,0.08693472,0.02436807,0.16884193,0.42941806,99.0
T000050,1963-01-31,105.31408,183.5012,99.02093,106.882095,113.56535,107.0
T000050,1963-04-30,114.33725,205.0929,103.33617,106.042694,101.60458,104.0
T000050,1963-07-31,110.472664,215.86298,105.59292,113.37337,88.352135,105.0
T000050,1963-10-31,111.52261,236.39813,104.54202,108.59086,68.12796,113.0
T000050,1964-01-31,119.39859,225.43167,109.33617,106.995445,53.267246,113.0
T000050,1964-04-30,118.293915,222.27574,113.02437,105.23549,62.969734,106.0
T000050,1964-07-31,110.06684,182.45134,109.71681,106.3853,47.28416,100.0
T000050,1964-10-31,103.48436,156.94403,103.185844,107.25245,67.34981,118.0
T000050,1965-01-31,122.595535,162.44534,109.75637,109.0879,50.206783,124.0
T000050,1965-04-30,127.176,140.30595,121.25212,113.34947,107.871826,139.0
T000050,1965-07-31,143.8135,168.31143,132.13031,113.51655,116.475914,137.0
T000050,1965-10-31,144.57135,171.28404,138.06195,118.68289,115.31902,137.0
T000050,1966-01-31,144.44899,169.65889,137.02437,124.79333,107.5985,136.0
T000050,1966-04-30,142.9244,168.51079,136.53098,136.51985,115.67174,130.0
T000050,1966-07-31,135.57996,150.00723,133.18584,138.51915,115.45123,137.0
T000050,1966-10-31,143.27159,162.31146,133.79414,137.90355,124.891914,142.0
T000050,1967-01-31,147.98386,163.11139,139.7101,137.30676,120.18613,151.0
T000050,1967-04-30,155.6657,171.79713,146.87819,137.17038,135.7338,155.0
T000050,1967-07-31,159.68883,178.24046,153.16808,137.32388,133.13362,135.0
T000050,1967-10-31,138.6943,137.99904,145.61948,138.63777,131.86842,157.0
T000050,1968-01-31,161.33788,180.8856,146.92445,143.37123,138.51645,166.0
T000050,1968-04-30,170.9409,193.18375,161.87819,151.91177,138.2809,164.0
T000050,1968-07-31,169.24971,188.32736,165.06195,155.24867,145.15819,154.0
T000050,1968-10-31,160.84615,177.23947,159.30974,155.5986,142.8717,155.0
T000050,1969-01-31,160.32277,168.1079,154.54202,157.0357,141.38884,155.0
T000050,1969-04-30,159.0165,165.01498,155.02437,156.01263,148.99629,164.0
T000050,1969-07-31,166.25092,172.87317,159.87819,156.81966,150.79047,160.0
T000050,1969-10-31,164.6255,167.12709,162.1239,155.628,161.82611,164.0
T000050,1970-01-31,168.98668,175.80405,162.16808,155.20949,147.40453,167.0
T000050,1970-04-30,169.66867,176.4786,165.62607,160.2539,161.09563,156.0
T000050,1970-07-31,157.5019,152.50389,161.84071,161.42662,159.17201,129.0
T000050,1970-10-31,134.53424,107.32637,143.33629,165.40417,151.91269,159.0
T000050,1971-01-31,164.28236,159.0336,145.26062,164.11942,156.954,172.0
T000050,1971-04-30,176.762,177.72995,166.04626,161.43181,168.93434,180.0
T000050,1971-07-31,185.0629,193.66742,176.33617,159.45647,168.75221,180.0
T000050,1971-10-31,188.25267,205.9982,180.02437,159.67921,174.02177,183.0
T000050,1972-01-31,190.80237,210.50894,181.62607,173.1317,162.83751,185.0
T000050,1972-04-30,192.40814,219.40538,184.08405,180.60367,169.31268,190.0
T000050,1972-07-31,196.58365,223.51564,187.7101,180.24936,168.15639,197.0
T000050,1972-10-31,206.51318,239.98459,193.79414,183.24341,181.85129,196.0
T000050,1973-01-31,206.17934,235.92542,196.53098,185.30374,156.36543,193.0
T000050,1973-04-30,199.09204,217.60977,194.59293,190.27559,171.74622,185.0
T000050,1973-07-31,188.81563,195.16212,189.24779,192.19899,173.81873,158.0
T000050,1973-10-31,163.1714,138.83252,172.33629,194.09087,172.24834,197.0
T000051,1968-10-31,0.1326124,0.08693472,0.02436807,0.16884193,0.42941806,7.0
T000051,1969-01-31,7.554583,13.05562,7.0206213,7.504374,8.428929,7.0
T000051,1969-04-30,7.5351214,13.515889,7.0243683,7.4396443,7.3636622,7.0
T000051,1969-07-31,7.5039425,14.637511,7.0243683,7.588213,6.2675166,8.0
T000051,1969-10-31,8.512539,17.687351,7.542021,7.331957,4.9265466,8.0
T000051,1970-01-31,8.484112,15.8534775,8.024368,7.129693,3.5672576,10.0
T000051,1970-04-30,10.632597,19.68655,9.084042,7.0838075,5.013513,10.0
T000051,1970-07-31,10.674934,17.960682,10.024368,8.05154,4.4597683,13.0
T000051,1970-10-31,13.882221,22.726562,11.626062,8.120965,6.620536,12.0
T000051,1971-01-31,13.15819,19.725445,12.530973,10.091935,3.609912,13.0
T000051,1971-04-30,14.221693,19.02227,12.542021,10.117449,7.234475,14.0
T000051,1971-07-31,15.382219,21.178074,13.542021,12.072927,9.576751,14.0
T000051,1971-10-31,15.251852,19.579298,14.024368,13.062779,8.356149,12.0
T000051,1972-01-31,13.083063,15.85231,13.061947,13.337056,10.735869,12.0
T000051,1972-04-30,12.887095,14.2452,12.024368,12.471141,9.115625,12.0
T000051,1972-07-31,12.639914,12.88741,12.024368,12.288928,11.457174,14.0
T000051,1972-10-31,14.49536,15.320275,13.084042,12.469253,11.299516,13.0
T000051,1973-01-31,13.451474,13.010208,13.530973,12.164646,14.05818,16.0
T000051,1973-04-30,16.677502,18.817734,14.626062,12.105616,13.922053,15.0
T000051,1973-07-31,15.702601,17.396708,15.530973,13.073079,13.543228,17.0
T000051,1973-10-31,17.644657,20.776846,16.084042,14.093159,14.595776,15.0
T000051,1974-01-31,15.887185,18.314842,16.061947,15.110573,14.267906,18.0
T000051,1974-04-30,19.022549,23.141521,16.626062,15.138825,13.649418,15.0
T000051,1974-07-31,16.022697,18.073742,16.59292,15.316634,13.834421,17.0
T000051,1974-10-31,17.784525,19.927155,16.084042,15.283809,13.065799,14.0
T000051,1975-01-31,14.936469,14.584119,15.592921,15.401059,14.72667,18.0
T000051,1975-04-30,18.724257,19.92098,16.168083,15.628239,13.87383,20.0
T000051,1975-07-31,20.83936,24.20707,19.084042,17.074886,18.533636,25.0
T000051,1975-10-31,26.290848,32.515533,22.710104,17.13814,18.12112,20.0
T000051,1976-01-31,21.773098,25.767262,22.65487,18.122503,18.51072,22.0
T000051,1976-04-30,23.661278,28.953472,21.084042,20.171537,15.402571,26.0
T000051,1976-07-31,27.860699,36.463978,24.168083,20.727474,19.819439,30.0
T000051,1976-10-31,32.18093,41.92978,28.168083,22.298143,18.841726,27.0
T000051,1977-01-31,29.467394,37.938816,28.59292,25.087002,20.559946,32.0
T000051,1977-04-30,35.045788,46.146355,29.710104,26.268335,19.137745,28.0
T000051,1977-07-31,30.486269,37.209442,30.123894,27.309248,22.329226,26.0
T000051,1977-10-31,27.55686,30.54766,27.061947,27.760384,20.539787,21.0
T000051,1978-01-31,22.803278,20.40842,23.65487,27.762661,24.338371,23.0
T000051,1978-04-30,24.78788,20.795952,22.084042,27.27385,22.853899,22.0
T000051,1978-07-31,24.03329,17.69896,22.530973,24.279379,26.20319,23.0
T000051,1978-10-31,24.975866,16.219679,22.54202,23.844978,26.900984,17.0
T000052,1968-10-31,0.1326124,0.08693472,0.02436807,0.16884193,0.42941806,14.0
T000052,1969-01-31,14.989186,26.024305,14.020924,15.06284,16.42844,15.0
T000052,1969-04-30,16.018955,28.754045,14.542021,14.99404,14.3103075,15.0
T000052,1969-07-31,15.924533,31.060558,15.024368,16.35074,12.803341,14.0
T000052,1969-10-31,14.92003,31.863527,14.530973,14.564568,8.844302,12.0
T000052,1970-01-31,12.953578,24.513123,13.061947,14.740976,6.049345,15.0
T000052,1970-04-30,15.88262,29.339489,13.626062,14.455962,8.909785,17.0
T000052,1970-07-31,17.758347,28.658787,16.084042,15.109652,8.4671755,19.0
T000052,1970-10-31,19.89817,30.838892,18.084042,15.07341,12.212046,16.0
T000052,1971-01-31,17.297733,23.280136,17.59292,15.072357,6.6199007,18.0
T000052,1971-04-30,19.05538,22.427149,17.084042,16.113531,14.354856,20.0
T000052,1971-07-31,21.088638,25.997108,19.084042,17.28255,15.377569,21.0
T000052,1971-10-31,22.07339,26.85603,20.54202,18.07728,16.138506,16.0
T000052,1972-01-31,17.46058,18.943687,18.65487,18.744493,15.011089,17.0
T000052,1972-04-30,18.362007,19.500809,16.54202,17.838022,13.40802,16.0
T000052,1972-07-31,16.892197,15.681922,16.530973,17.434418,15.58802,18.0
T000052,1972-10-31,18.555403,16.979254,17.084042,17.57563,16.76282,15.0
T000052,1973-01-31,16.12124,12.206644,16.59292,16.708748,18.775778,18.0
T000052,1973-04-30,19.153137,17.37622,16.626062,16.196535,17.235409,18.0
T000052,1973-07-31,19.049244,17.937819,18.024368,17.120749,19.604372,20.0
T000052,1973-10-31,20.572813,20.56423,19.084042,18.066023,19.75596,14.0
T000052,1974-01-31,15.202516,11.995221,17.185843,19.081743,19.002512,18.0
T000052,1974-04-30,18.789797,19.354769,16.168083,18.35011,16.118233,19.0
T000052,1974-07-31,19.786612,21.391518,18.54202,18.3918,19.389647,21.0
T000052,1974-10-31,21.63191,23.54811,20.084042,18.086512,17.644402,18.0
T000052,1975-01-31,19.259207,20.323437,19.59292,18.247786,19.753284,22.0
T000052,1975-04-30,23.2646,26.654888,20.168083,18.154041,16.40852,24.0
T000052,1975-07-31,25.291983,30.780636,23.084042,19.292044,19.944082,30.0
T000052,1975-10-31,31.658577,40.826645,27.252125,21.15123,19.320839,22.0
T000052,1976-01-31,24.27912,28.254955,26.24779,22.38153,20.74857,26.0
T000052,1976-04-30,28.369131,35.58363,24.168083,22.380457,17.316668,30.0
T000052,1976-07-31,32.240677,41.593857,28.168083,24.944681,22.005089,33.0
T000052,1976-10-31,34.985374,43.447453,31.626062,26.339811,21.05949,30.0
T000052,1977-01-31,32.48371,40.546776,31.59292,30.155102,24.884956,37.0
T000052,1977-04-30,40.145714,51.520702,33.794144,30.317371,23.356632,39.0
T000052,1977-07-31,42.138275,54.46505,38.08404,30.351032,30.422358,45.0
T000052,1977-10-31,48.138428,63.323128,42.252125,33.225456,28.20976,40.0
T000052,1978-01-31,43.598892,55.20688,42.65487,37.14768,31.299292,42.0
T000052,1978-04-30,45.84636,58.155,41.08404,39.233894,27.83715,42.0
T000052,1978-07-31,45.249264,56.124954,42.02437,40.572937,33.0364,40.0
T000052,1978-10-31,41.956596,46.479992,41.061947,40.619736,32.839104,32.0
T000053,1968-10-31,0.1326124,0.08693472,0.02436807,0.16884193,0.42941806,34.0
T000053,1969-01-31,36.240273,63.077698,34.020924,36.666336,39.284184,35.0
T000053,1969-04-30,37.273632,67.12248,34.54202,36.390816,34.122437,30.0
T000053,1969-07-31,32.334393,63.517105,32.65487,36.905552,27.445713,32.0
T000053,1969-10-31,34.375874,73.087296,31.084042,33.2707,20.902584,26.0
T000053,1970-01-31,28.232733,52.340157,29.185843,34.242027,13.465487,30.0
T000053,1970-04-30,32.069286,58.092552,28.168083,31.084093,18.42783,31.0
T000053,1970-07-31,32.848682,50.97081,30.54202,30.79892,15.106928,36.0
T000053,1970-10-31,37.79189,54.724472,33.710102,30.133572,24.397228,33.0
T000053,1971-01-31,35.185272,45.02873,34.592922,31.063778,15.678375,40.0
T000053,1971-04-30,41.531723,47.197422,36.794144,31.19599,34.100525,40.0
T000053,1971-07-31,42.107723,50.209038,40.02437,33.24663,36.256493,46.0
T000053,1971-10-31,48.607063,61.32112,43.252125,36.24406,31.139677,33.0
T000053,1972-01-31,36.12649,39.65542,39.902657,37.431866,31.184586,42.0
T000053,1972-04-30,44.94306,53.870953,37.878185,40.551258,28.14088,40.0
T000053,1972-07-31,42.538166,48.344265,41.061947,41.145504,34.65396,46.0
T000053,1972-10-31,47.898205,53.639473,43.252125,40.221054,37.530243,37.0
T000053,1973-01-31,39.936817,40.341473,41.778763,41.44038,40.677814,40.0
T000053,1973-04-30,42.170258,41.06697,38.62606,40.871883,34.164917,37.0
T000053,1973-07-31,39.081757,36.610134,38.592922,40.722073,42.066235,43.0
T000053,1973-10-31,43.969097,42.390415,40.252125,40.93161,38.39712,36.0
T000053,1974-01-31,38.453217,33.00795,39.716816,38.180332,47.40725,40.0
T000053,1974-04-30,41.919586,39.937256,38.168083,37.520847,36.048187,39.0
T000053,1974-07-31,40.865185,38.59763,39.530975,39.545483,44.269978,47.0
T000053,1974-10-31,48.12591,50.647247,43.336166,39.30599,40.93228,37.0
T000053,1975-01-31,39.090202,35.882195,42.30974,40.213093,44.117596,47.0
T000053,1975-04-30,48.857086,54.529797,42.420208,39.289375,38.194725,50.0
T000053,1975-07-31,52.45053,61.943214,48.62606,40.931847,44.698097,63.0
T000053,1975-10-31,66.3287,83.3567,57.04627,47.28156,41.094486,55.0
T000053,1976-01-31,59.4067,73.93613,59.24779,47.195354,46.737904,64.0
T000053,1976-04-30,69.273315,89.200195,59.878185,50.484978,43.467163,63.0
T000053,1976-07-31,68.49981,88.95621,63.530975,55.660313,47.378426,77.0
T000053,1976-10-31,82.68416,108.17875,70.58829,63.39956,46.86959,61.0
T000053,1977-01-31,66.7383,80.63567,69.49558,64.2692,53.9869,75.0
T000053,1977-04-30,81.128784,101.74498,68.58829,63.42337,50.341167,74.0
T000053,1977-07-31,79.491585,97.60208,74.530975,65.61315,61.054657,88.0
T000053,1977-10-31,92.841675,113.471695,81.58829,74.35682,58.39522,70.0
T000053,1978-01-31,75.36674,84.506134,79.557526,75.51323,65.252785,76.0
T000053,1978-04-30,80.56046,89.17843,73.25212,75.10427,58.875896,69.0
T000053,1978-07-31,73.25119,76.54527,72.71681,75.25746,69.3603,72.0
T000053,1978-10-31,74.045715,70.43141,70.62606,74.00336,60.99164,61.0
T000054,1968-10-31,0.1326124,0.08693472,0.02436807,0.16884193,0.42941806,59.0
T000054,1969-01-31,62.806213,109.394424,59.020924,63.672398,67.85387,63.0
T000054,1969-04-30,67.263794,120.771454,61.168083,63.18607,60.21305,55.0
T000054,1969-07-31,59.050724,115.77683,59.24779,64.096725,49.12777,66.0
T000054,1969-10-31,70.606964,146.85349,60.962227,61.81547,41.742397,52.0
T000054,1970-01-31,56.14378,105.09984,59.43363,61.433407,26.0878,62.0
T000054,1970-04-30,65.66989,121.231674,57.420208,59.856853,37.385002,63.0
T000054,1970-07-31,66.10566,108.283905,62.54202,62.63445,31.604889,73.0
T000054,1970-10-31,75.87603,114.41859,68.420204,62.22419,46.869698,53.0
T000054,1971-01-31,57.680103,71.14009,63.619473,64.77087,26.895584,69.0
T000054,1971-04-30,71.96126,77.41356,61.672333,62.778465,59.64751,63.0
T000054,1971-07-31,66.30488,68.92856,66.185844,64.33582,67.56044,78.0
T000054,1971-10-31,80.781906,91.396774,71.13031,63.65571,61.045635,56.0
T000054,1972-01-31,61.20228,57.266495,67.68142,66.38165,67.682236,70.0
T000054,1972-04-30,74.218094,77.80459,63.58829,64.29921,56.86363,70.0
T000054,1972-07-31,73.87925,80.48871,70.02437,70.35398,69.36235,80.0
T000054,1972-10-31,82.29682,88.57602,75.420204,70.38788,66.00958,62.0
T000054,1973-01-31,67.29894,65.67408,71.557526,72.97202,78.63841,69.0
T000054,1973-04-30,73.066986,74.13133,65.79414,70.50662,56.70092,76.0
T000054,1973-07-31,79.48507,87.245544,72.79414,71.30764,78.47525,80.0
T000054,1973-10-31,82.111305,87.30842,78.16808,70.91174,65.05799,59.0
T000054,1974-01-31,64.01353,54.784992,70.150444,72.41683,79.22339,70.0
T000054,1974-04-30,74.44714,74.36654,64.96223,71.34746,61.00758,76.0
T000054,1974-07-31,79.063126,81.14388,73.25212,71.92604,76.688736,87.0
T000054,1974-10-31,89.23976,96.741684,81.96223,76.290955,73.067986,70.0
T000054,1975-01-31,74.63197,72.90591,79.02655,71.1854,79.24269,84.0
T000054,1975-04-30,89.02314,99.60095,77.58829,70.8718,67.20134,84.0
T000054,1975-07-31,88.18134,99.74362,84.02437,77.57296,77.20932,99.0
T000054,1975-10-31,102.19441,120.24879,92.13031,84.30541,77.62699,79.0
T000054,1976-01-31,84.900345,91.86667,89.61948,85.63479,83.37698,92.0
T000054,1976-04-30,98.03121,113.27487,86.04627,84.581665,69.06552,97.0
T000054,1976-07-31,102.36781,121.28958,94.710106,86.06886,84.80553,114.0
T000054,1976-10-31,118.64631,141.33951,106.214355,92.485565,82.34139,94.0
T000054,1977-01-31,100.5361,112.67554,104.61948,94.92904,92.832275,108.0
T000054,1977-04-30,114.91259,135.13278,101.58829,94.59701,80.15456,112.0
T000054,1977-07-31,118.38021,141.29437,110.16808,99.4168,97.32098,128.0
T000054,1977-10-31,133.73398,160.54855,120.67233,108.38565,92.47662,102.0
T000054,1978-01-31,109.27586,118.816574,115.80531,110.55701,101.64884,117.0
T000054,1978-04-30,124.31754,142.01138,110.13031,109.0337,88.993904,111.0
T000054,1978-07-31,116.860695,127.51249,114.185844,112.83545,103.7547,135.0
T000054,1978-10-31,139.36885,157.89212,124.0085,113.46005,105.661354,107.0
T000055,1971-10-31,0.1326124,0.08693472,0.02436807,0.16884193,0.42941806,309.0
T000055,1972-01-31,328.5016,572.5617,309.02094,333.73654,353.5507,341.0
T000055,1972-04-30,364.91315,653.46875,326.34467,331.09076,320.2356,339.0
T000055,1972-07-31,360.63828,701.2606,340.06195,369.6041,287.98303,380.0
T000055,1972-10-31,405.12012,838.15784,361.22284,356.3172,236.5682,386.0
T000055,1973-01-31,411.43106,773.5637,383.25214,347.144,186.88742,406.0
T000055,1973-04-30,429.93274,805.2691,396.84042,342.94193,217.43411,402.0
T000055,1973-07-31,424.1938,717.14185,404.1239,381.60992,193.813,411.0
T000055,1973-10-31,429.07404,677.47534,406.87817,387.26654,258.31888,413.0
T000055,1974-01-31,435.48117,603.8971,412.08405,402.761,183.09555,398.0
T000055,1974-04-30,414.30856,456.84915,405.9646,404.10013,339.93985,383.0
T000055,1974-07-31,395.76688,413.66272,390.9646,406.1303,366.04373,330.0
T000055,1974-10-31,342.9443,294.22235,358.1416,406.3902,338.2022,360.0
T000055,1975-01-31,374.55038,324.86414,346.26062,394.17862,389.26996,361.0
T000055,1975-04-30,375.79178,312.85638,360.54202,371.0283,396.26355,267.0
T000055,1975-07-31,292.24814,133.04369,316.91153,374.95132,388.10464,325.0
T000055,1975-10-31,355.52554,257.6506,298.4372,346.5657,405.96356,416.0
T000055,1976-01-31,439.18164,410.8352,374.32388,342.7028,430.2606,437.0
T000055,1976-04-30,455.4428,468.42438,427.38245,361.81125,444.36658,445.0
T000055,1976-07-31,469.20764,541.73944,441.33615,364.0793,412.49765,493.0
T000055,1976-10-31,527.542,650.39874,471.017,422.44324,397.09268,519.0
T000055,1977-01-31,559.0374,718.76215,507.09253,439.68445,365.586,441.0
T000055,1977-04-30,472.83755,563.7854,482.41595,445.73367,368.57755,400.0
T000055,1977-07-31,435.11703,481.25058,421.76993,462.6466,373.65134,390.0
T000055,1977-10-31,424.72028,435.74176,395.30972,458.5924,323.08966,452.0
T000055,1978-01-31,475.3526,475.16788,423.6053,458.59036,393.6151,508.0
T000055,1978-04-30,526.7121,545.99963,482.35315,446.48233,474.87976,509.0
T000055,1978-07-31,533.42413,549.68994,508.54202,443.04987,486.99994,485.0
T000055,1978-10-31,511.6686,533.8598,497.74338,454.5677,469.1506,518.0
T000055,1979-01-31,537.7527,588.0129,502.8867,487.39438,491.61044,544.0
T000055,1979-04-30,561.49927,638.33887,532.0925,509.2034,524.33746,569.0
T000055,1979-07-31,593.699,704.04584,557.55054,509.91745,487.72867,538.0
T000055,1979-10-31,568.91296,655.4746,554.4602,519.0435,472.80267,583.0
T000055,1980-01-31,613.6494,716.9504,562.3909,539.7352,464.09735,646.0
T000055,1980-04-30,674.62616,802.6889,617.14734,548.54694,506.27188,613.0
T000055,1980-07-31,635.38654,715.95447,630.52216,570.38,525.1198,634.0
T000055,1980-10-31,662.136,772.8781,624.38245,584.8777,545.4997,671.0
T000055,1981-01-31,703.66364,825.9887,654.05475,615.2222,539.13043,702.0
T000055,1981-04-30,732.5066,855.1387,687.8027,635.5873,575.30066,683.0
T000055,1981-07-31,709.8759,816.38763,693.0885,647.2647,587.31067,706.0
T000055,1981-10-31,735.9508,839.52893,695.4665,673.3556,623.1035,729.0
T000055,1982-01-31,761.35065,876.08136,718.4665,684.6818,614.0353,768.0
T000055,1982-04-30,794.6327,909.9081,750.1388,703.26654,638.748,769.0
T000055,1982-07-31,795.02014,901.80835,768.542,707.4073,689.7189,767.0
T000055,1982-10-31,796.2034,893.8185,768.06195,731.1086,664.912,780.0
T000055,1983-01-31,806.96704,903.9854,774.04626,769.60614,677.773,799.0
T000055,1983-04-30,820.5058,905.4161,790.2984,768.8883,703.58954,743.0
T000055,1983-07-31,759.83075,788.7537,772.7345,774.8256,719.3499,703.0
T000055,1983-10-31,720.5993,702.69116,724.23895,782.85834,693.2752,710.0
T000055,1984-01-31,727.9349,685.58997,706.7941,756.61505,720.77155,775.0
T000055,1984-04-30,789.1012,768.47156,745.2313,756.7431,771.9342,717.0
T000055,1984-07-31,733.7663,658.6271,747.79645,729.29834,783.7975,729.0
T000055,1984-10-31,749.67053,693.21246,723.5043,720.8467,771.86224,832.0
T000055,1985-01-31,853.4521,897.8159,784.8281,726.881,801.9462,873.0
T000055,1985-04-30,892.22217,965.8823,854.22284,735.52527,791.5989,806.0
T000055,1985-07-31,828.9004,889.1124,841.57526,777.01196,781.1387,892.0
T000055,1985-10-31,928.1308,1074.3267,852.6138,809.81866,752.275,891.0
T000055,1986-01-31,930.4669,1066.2976,891.53094,837.0579,761.9622,921.0
T000055,1986-04-30,955.13763,1097.52,907.2606,874.74115,779.20526,536.0
T000055,1986-07-31,595.19586,384.51572,740.42487,949.5923,703.6291,769.0
T000055,1986-10-31,830.7629,762.4864,662.29083,868.05493,785.95087,949.0
T000055,1987-01-31,1002.1047,1040.2294,866.5637,924.0465,881.5612,958.0
T000055,1987-04-30,998.46094,971.4115,953.8782,906.6959,937.7106,894.0
T000055,1987-07-31,964.616,1021.11505,927.9823,900.15063,988.2462,932.0
T000055,1987-10-31,996.58923,1053.1824,914.5968,902.4042,822.8772,880.0
T000056,1978-01-31,0.1326124,0.08693472,0.02436807,0.16884193,0.42941806,65.1
T000056,1978-04-30,69.28847,120.6957,65.120926,70.26187,74.824875,65.9
T000056,1978-07-31,70.10454,126.40619,65.533615,69.658775,64.84193,65.8
T000056,1978-10-31,69.604385,136.70079,65.8531,71.923325,55.01547,73.6
T000056,1979-01-31,78.23917,163.13669,70.027756,68.9358,44.816093,65.0
T000056,1979-04-30,69.08925,130.11331,69.566376,67.60619,29.816402,67.6
T000056,1979-07-31,71.02737,134.58585,66.409256,66.300156,38.382416,69.3
T000056,1979-10-31,71.93792,118.850586,68.52143,66.83097,29.104279,77.8
T000056,1980-01-31,80.13251,122.95364,73.90718,68.27549,47.45628,69.3
T000056,1980-04-30,72.58506,94.81635,73.81328,69.92878,28.792995,72.3
T000056,1980-07-31,74.430176,78.39402,70.92606,69.562675,64.95163,72.3
T000056,1980-10-31,74.60307,79.52651,72.32437,70.37804,69.89451,83.1
T000056,1981-01-31,85.113335,94.77514,78.153824,72.905624,68.14711,73.9
T000056,1981-04-30,76.32635,80.01816,78.78496,72.92816,75.71544,77.2
T000056,1981-07-31,79.93197,85.85945,75.68867,72.63526,68.2112,77.7
T000056,1981-10-31,80.50079,87.548744,77.47101,75.01308,72.03304,86.8
T000056,1982-01-31,88.906906,98.095245,82.63239,77.68789,71.71323,78.6
T000056,1982-04-30,81.03953,85.57423,82.95398,78.28022,80.87467,79.8
T000056,1982-07-31,82.36738,86.740616,79.25042,78.08927,71.81032,79.9
T000056,1982-10-31,82.58726,87.454895,79.85421,79.54101,77.30098,88.6
T000056,1983-01-31,90.458664,97.46994,84.61558,80.95677,74.25837,78.0
T000056,1983-04-30,80.16686,79.04983,83.62833,81.17425,81.7946,78.0
T000056,1983-07-31,80.17386,78.82422,78.02437,79.99736,72.517876,78.7
T000056,1983-10-31,81.11193,79.98162,78.37941,79.61383,78.7003,91.4
T000056,1984-01-31,93.062355,97.734665,85.583664,80.85504,78.47049,75.1
T000056,1984-04-30,77.80194,70.30194,83.75487,80.10462,82.53749,83.1
T000056,1984-07-31,85.78308,85.979095,79.436165,78.78054,77.55544,83.8
T000056,1984-10-31,86.69797,88.847626,83.47941,80.32682,82.204796,98.8
T000056,1985-01-31,101.09807,111.00946,91.93031,83.638466,81.87325,88.1
T000056,1985-04-30,91.46646,97.69404,93.78142,84.397385,90.74423,91.5
T000056,1985-07-31,95.235214,103.29941,89.94287,84.207054,79.58725,93.4
T000056,1985-10-31,97.71678,110.68375,92.52984,89.09599,85.55937,105.9
T000056,1986-01-31,109.39868,125.106926,100.17526,92.177086,82.77303,93.5
T000056,1986-04-30,97.5585,105.36782,100.08407,94.301895,96.04532,98.8
T000056,1986-07-31,103.28601,114.52503,96.37271,93.74787,83.163574,98.1
T000056,1986-10-31,102.15532,111.67633,98.47168,94.9909,92.40002,109.4
T000056,1987-01-31,112.44902,124.352234,104.22484,98.78026,88.47573,96.2
T000056,1987-04-30,99.331375,101.58667,103.208855,99.69018,99.27364,96.4
T000056,1987-07-31,99.46822,100.03184,96.30841,97.9247,88.63564,95.9
T000056,1987-10-31,99.21471,99.58864,96.16549,97.4422,95.51099,109.6
T000056,1988-01-31,111.4884,116.02628,103.32568,99.31509,93.83375,98.1
T000056,1988-04-30,100.89125,97.69989,104.2062,97.897545,105.627045,100.9
T000056,1988-07-31,103.684235,103.6123,99.61766,96.90421,93.85917,101.6
T000056,1988-10-31,104.80019,106.736664,101.27941,99.45173,101.04774,116.1
T000056,1989-01-31,118.32043,127.59849,109.4593,101.99741,97.69435,105.6
T000056,1989-04-30,108.44981,112.528206,111.175224,102.28809,109.39784,104.6
T000056,1989-07-31,107.654434,111.83819,105.130974,102.2127,96.33917,104.7
T000056,1989-10-31,108.43602,114.262505,104.6542,106.05334,101.16384,115.4
T000056,1990-01-31,117.75548,125.63913,110.499626,107.27764,99.15662,104.5
T000056,1990-04-30,107.01697,106.62423,110.28761,106.3456,109.728966,105.2
T000056,1990-07-31,107.96279,107.8367,104.87941,105.881165,98.40545,101.6
T000056,1990-10-31,105.10756,101.49365,103.5115,105.50921,103.395065,107.7
T000056,1991-01-31,109.37732,105.70026,104.90632,106.1244,99.69449,94.3
T000056,1991-04-30,97.42123,81.95917,101.41505,106.38514,109.71517,95.5
T000056,1991-07-31,98.78061,83.871735,94.950424,103.64606,102.89893,94.5
T000056,1991-10-31,98.76724,84.15532,95.030975,96.70361,108.46262,104.3
T000056,1992-01-31,107.36867,97.00418,99.811806,97.552155,106.30525,98.9
T000056,1992-04-30,102.322365,91.60431,101.767265,96.5119,114.45785,98.4
T000056,1992-07-31,100.85838,93.25426,98.66549,95.71125,101.58096,103.5
T000056,1992-10-31,106.107956,107.59917,101.16431,98.73037,107.403336,116.2
T000056,1993-01-31,118.30701,128.93962,110.38366,99.7902,102.263435,107.9
T000056,1993-04-30,110.742424,118.02643,112.30708,103.71082,107.248116,108.7
T000057,1978-04-30,0.1326124,0.08693472,0.02436807,0.16884193,0.42941806,2989.43
T000057,1978-07-31,3177.5654,5538.5117,2989.451,3229.302,3416.7117,2847.18
T000057,1978-10-31,3032.1226,5477.6294,2922.711,3040.787,2819.387,3177.06
T000057,1979-01-31,3384.8884,6563.998,3025.982,3260.4785,2631.6855,3156.65
T000057,1979-04-30,3351.7983,7057.325,3167.487,3111.29,2028.0098,3324.07
T000057,1979-07-31,3516.434,6582.954,3247.395,3212.105,1685.9008,3203.4
T000057,1979-10-31,3377.2727,6428.448,3267.4724,3162.4783,1897.4807,3501.42
T000057,1980-01-31,3646.88,6035.522,3364.9329,3185.9731,1529.8755,3356.84
T000057,1980-04-30,3477.6362,5454.446,3433.6082,3216.3052,2243.2974,3520.64
T000057,1980-07-31,3658.3035,4925.244,3445.623,3332.0237,1347.0851,3598.96
T000057,1980-10-31,3726.6475,4222.637,3563.0908,3368.0457,3247.4119,3847.61
T000057,1981-01-31,3986.246,4529.6206,3733.7336,3509.5503,3144.843,3716.15
T000057,1981-04-30,3838.767,4293.699,3785.9517,3525.3748,3372.431,3765.22
T000057,1981-07-31,3882.5718,4280.753,3742.747,3607.7158,3301.4817,3573.43
T000057,1981-10-31,3681.1191,3907.6865,3675.2654,3632.7427,3456.1553,3645.82
T000057,1982-01-31,3721.9097,3879.2795,3612.667,3686.851,3278.8975,3440.91
T000057,1982-04-30,3508.6228,3411.371,3549.712,3675.6748,3527.7803,3719.15
T000057,1982-07-31,3790.8389,3800.682,3591.7217,3678.2668,3534.2783,3689.04
T000057,1982-10-31,3759.2996,3729.3345,3705.0276,3661.9517,3717.3599,3802.45
T000057,1983-01-31,3856.917,3846.0974,3750.5107,3650.6023,3688.804,3933.66
T000057,1983-04-30,4003.152,4203.319,3873.5684,3693.9954,3952.1367,4189.12
T000057,1983-07-31,4271.6934,4662.047,4072.1248,3728.1667,3772.2234,3924.17
T000057,1983-10-31,4027.7795,4316.9316,4064.8516,3809.2737,3791.2246,4300.45
T000057,1984-01-31,4430.923,5021.5845,4128.1216,3934.3518,3655.3542,4323.72
T000057,1984-04-30,4473.064,5058.063,4313.063,3960.429,3828.2695,4502.72
T000057,1984-07-31,4662.419,5302.5757,4420.7417,4200.713,3763.4207,4345.38
T000057,1984-10-31,4497.2324,5027.8164,4428.9233,4305.5894,3885.6875,4759.63
T000057,1985-01-31,4933.077,5611.843,4569.912,4334.8423,4068.6807,4253.14
T000057,1985-04-30,4398.552,4670.567,4522.0728,4372.532,4003.587,3402.43
T000057,1985-07-31,3546.9326,2878.888,3854.1348,4504.8975,3647.7773,3046.03
T000057,1985-10-31,3335.1763,2138.5317,3235.269,4444.9707,4038.5466,3263.65
T000057,1986-01-31,3568.7163,2120.4985,3163.9844,3594.024,4078.977,3531.72
T000057,1986-04-30,3860.7876,2459.0544,3408.9495,3616.0173,4765.699,4276.56
T000057,1986-07-31,4612.6016,3913.6294,3935.439,3451.3494,4930.326,4167.73
T000057,1986-10-31,4513.3467,4027.1375,4225.516,3414.846,4954.5996,4172.96
T000057,1987-01-31,4452.1377,4401.9565,4170.5645,3561.895,4442.7,4356.08
T000057,1987-04-30,4566.3994,4991.5957,4272.215,4201.3857,4583.361,4507.36
T000057,1987-07-31,4689.97,5401.3877,4438.0767,4187.289,4343.98,4272.52
T000057,1987-10-31,4504.582,5268.9365,4397.214,4279.6367,3943.8704,4682.28
T000058,1977-01-31,0.1326124,0.08693472,0.02436807,0.16884193,0.42941806,585.64
T000058,1977-04-30,622.5307,1085.0842,585.66095,632.58014,669.6914,590.4
T000058,1977-07-31,627.9209,1132.5304,588.22003,626.609,582.24176,495.18
T000058,1977-10-31,536.0742,1053.8718,545.7394,635.05334,462.88495,616.59
T000058,1978-01-31,662.2551,1377.7673,560.98676,613.14545,401.0854,602.31
T000058,1978-04-30,639.47205,1185.2747,609.89233,602.0896,297.0992,597.54
T000058,1978-07-31,628.3493,1169.5184,600.07275,594.7396,364.52332,497.56
T000058,1978-10-31,532.45044,858.20447,550.6467,613.1752,248.17151,630.87
T000058,1979-01-31,658.61005,986.4312,569.8168,603.24054,420.13824,642.78
T000058,1979-04-30,671.5635,887.81116,637.3255,606.9675,294.28302,538.03
T000058,1979-07-31,553.7107,495.0948,593.64954,620.11237,559.0992,547.55
T000058,1979-10-31,583.2654,569.0161,543.19006,567.78735,636.1803,702.29
T000058,1980-01-31,732.0217,810.6538,631.4223,581.67975,573.7453,683.25
T000058,1980-04-30,704.1233,759.49133,693.35974,634.3044,668.28467,702.29
T000058,1980-07-31,728.1506,828.34753,693.57007,645.61035,624.95795,585.64
T000058,1980-10-31,632.0553,641.74506,647.57806,602.4723,597.9875,735.62
T000058,1981-01-31,774.93445,897.6095,666.93225,688.22034,593.58374,733.24
T000058,1981-04-30,758.0637,857.3543,734.5037,706.4845,659.355,738.0
T000058,1981-07-31,766.10706,839.95,735.82,704.17096,701.0496,609.45
T000058,1981-10-31,660.1902,675.52423,677.70667,725.06665,634.59814,773.71
T000058,1982-01-31,810.03766,888.2394,698.48236,737.3668,624.27686,766.57
T000058,1982-04-30,789.7507,852.70776,770.36115,741.5887,753.66437,757.05
T000058,1982-07-31,774.0064,809.3059,762.10486,742.29376,706.79114,640.4
T000058,1982-10-31,687.95605,659.6916,702.3381,759.90674,748.9911,818.95
T000058,1983-01-31,856.0456,935.8694,737.17786,761.9513,667.3948,826.09
T000058,1983-04-30,850.81146,931.3241,822.82007,770.51263,793.8363,809.42
T000058,1983-07-31,829.3445,879.76086,818.27136,769.0773,737.8469,678.49
T000058,1983-10-31,730.9497,711.8154,748.0103,785.7851,779.6299,876.08
T000058,1984-01-31,918.3983,1024.8451,785.5879,814.5335,699.0195,909.41
T000058,1984-04-30,938.64984,1057.886,894.14557,823.04083,839.62177,876.08
T000058,1984-07-31,902.27966,978.7787,893.77734,828.997,798.75397,733.24
T000058,1984-10-31,793.02496,794.5838,809.0843,838.1925,816.97003,928.46
T000058,1985-01-31,976.7223,1092.3315,839.0533,882.5491,733.55035,933.22
T000058,1985-04-30,962.04065,1056.5546,931.04,885.34393,873.4563,918.93
T000058,1985-07-31,942.351,1006.07336,926.5176,917.25287,864.42255,771.33
T000058,1985-10-31,832.9502,808.40094,849.7017,905.88275,879.0102,895.13
T000058,1986-01-31,939.09863,972.85474,838.4321,910.9537,763.62616,845.13
T000058,1986-04-30,869.7517,833.9896,871.6787,918.3655,894.258,816.57
T000058,1986-07-31,835.00433,734.4593,831.73456,862.6415,874.0554,673.73
T000058,1986-10-31,734.76526,542.28906,749.5743,846.0725,900.75055,876.08
T000058,1987-01-31,923.6476,862.34564,783.40796,844.4711,820.3137,914.17
T000058,1987-04-30,949.45874,913.8542,896.7256,853.5257,997.3112,902.27
T000059,1977-07-31,0.1326124,0.08693472,0.02436807,0.16884193,0.42941806,113113.0
T000059,1977-10-31,120231.66,209561.08,113113.02,122191.58,129264.52,109569.0
T000059,1978-01-31,116496.26,210586.66,111450.77,117094.35,108513.65,120001.0
T000059,1978-04-30,127672.68,248027.47,115223.36,123514.34,98444.76,117363.0
T000059,1978-07-31,124494.164,263370.0,118763.71,117721.195,75073.06,115020.0
T000059,1978-10-31,121537.195,229083.62,116264.07,117993.24,55145.727,120379.0
T000059,1979-01-31,126021.25,239943.17,117924.69,115185.64,69738.56,122622.0
T000059,1979-04-30,126704.4,207705.4,121594.75,117695.305,53918.184,123462.0
T000059,1979-07-31,126690.945,196888.44,123077.3,120124.9,84071.36,125212.0
T000059,1979-10-31,129771.79,172084.39,124410.54,120572.89,50931.82,122376.0
T000059,1980-01-31,125075.3,131563.52,123881.84,122517.48,118625.98,131543.0
T000059,1980-04-30,134558.02,147772.42,127344.7,122874.73,116689.49,136077.0
T000059,1980-07-31,138863.28,152575.11,134000.52,123956.31,123839.1,135269.0
T000059,1980-10-31,138798.3,151956.72,135698.03,125457.914,122234.375,132786.0
T000059,1981-01-31,136626.0,149281.11,134104.4,131794.69,118317.18,137111.0
T000059,1981-04-30,140469.47,152488.66,135130.23,133048.88,122015.75,135586.0
T000059,1981-07-31,138391.97,147742.77,136395.73,135488.45,128925.45,130868.0
T000059,1981-10-31,132937.73,136265.08,133373.14,136364.34,125971.28,136437.0
T000059,1982-01-31,139053.27,145082.9,133886.52,135591.19,132094.36,140678.0
T000059,1982-04-30,143092.77,149419.23,138735.7,135956.58,131134.94,141776.0
T000059,1982-07-31,143195.48,148944.45,141273.14,136517.89,136052.11,139013.0
T000059,1982-10-31,140665.11,144709.42,140480.08,136567.62,135840.77,139253.0
T000059,1983-01-31,141105.75,145192.28,139143.08,139202.73,136317.7,127343.0
T000059,1983-04-30,129303.29,123060.266,133666.89,141088.38,130604.22,128280.0
T000059,1983-07-31,130383.03,121276.03,127850.875,142170.42,134495.34,132334.0
T000059,1983-10-31,135053.05,127381.25,130477.35,134299.81,138857.42,129097.0
T000059,1984-01-31,132085.72,118900.48,130815.766,130807.07,132989.52,134017.0
T000059,1984-04-30,137486.0,129769.55,131763.73,129721.31,140813.06,135847.0
T000059,1984-07-31,138786.94,132287.36,135008.89,129389.64,140213.3,136255.0
T000059,1984-10-31,138469.89,136023.9,136068.14,132504.33,142515.39,137240.0
T000059,1985-01-31,138784.64,141885.53,136788.89,134148.5,137015.33,138232.0
T000059,1985-04-30,139874.02,144385.69,137777.69,136018.8,138678.28,146270.0
T000059,1985-07-31,149182.47,162984.9,142588.77,136517.38,135133.12,148904.0
T000059,1985-10-31,152083.17,166379.7,147697.69,137468.56,133550.84,147056.0
T000059,1986-01-31,150474.05,162692.47,148037.23,138473.64,135601.16,150830.0
T000059,1986-04-30,154850.22,170628.3,149101.6,146701.5,133341.9,155579.0
T000059,1986-07-31,159442.53,175371.3,153404.06,147299.19,136291.73,146115.0
T000059,1986-10-31,149199.12,156479.72,151140.14,147818.3,140975.83,134412.0
T000059,1987-01-31,137538.75,133248.98,140625.98,150273.5,137149.81,119038.0
T000059,1987-04-30,124494.63,100245.42,127201.19,149983.78,135992.36,138651.0
T000059,1987-07-31,144077.9,128609.09,129668.66,143266.78,146643.52,149512.0
T000059,1987-10-31,154432.05,144022.1,144537.89,141196.88,156233.52,140471.0
T000059,1988-01-31,145916.0,129447.98,145271.53,140319.08,155500.81,144997.0
T000059,1988-04-30,151722.14,148587.5,142924.19,139024.64,153444.75,152431.0
T000059,1988-07-31,156910.38,160357.2,149026.38,141136.66,149809.81,154517.0
T000059,1988-10-31,157587.02,167527.77,153561.66,145373.48,155812.84,153713.0
T000059,1989-01-31,157403.69,172482.75,154139.9,149702.77,147122.47,152062.0
T000060,1976-10-31,0.1326124,0.08693472,0.02436807,0.16884193,0.42941806,22.0
T000060,1977-01-31,23.489487,40.845657,22.020924,23.703836,25.570736,22.0
T000060,1977-04-30,23.45391,42.29222,22.024368,23.488743,22.222757,21.0
T000060,1977-07-31,22.31191,43.918694,21.530973,23.997746,18.187847,21.0
T000060,1977-10-31,22.331633,47.77288,21.024368,21.829704,13.310043,21.0
T000060,1978-01-31,22.149136,41.62597,21.024368,21.790707,9.61816,21.0
T000060,1978-04-30,21.913244,41.18643,21.024368,21.167274,12.448527,22.0
T000060,1978-07-31,22.733278,36.86744,21.54202,21.08742,9.705943,24.0
T000060,1978-10-31,24.775717,37.848,23.084042,21.105017,15.68898,24.0
T000060,1979-01-31,24.957443,33.09722,24.024368,21.082954,10.095498,24.0
T000060,1979-04-30,24.61097,26.972023,24.024368,22.07511,22.355747,24.0
T000060,1979-07-31,24.723032,27.308676,24.024368,24.092745,22.084984,25.0
T000060,1979-10-31,25.787626,28.92973,24.54202,24.043262,21.561028,28.0
T000060,1980-01-31,29.039713,34.285103,26.626062,24.14047,24.085474,31.0
T000060,1980-04-30,32.519173,39.55772,29.626062,24.213192,24.321615,32.0
T000060,1980-07-31,33.908775,41.81089,31.54202,25.125395,23.718773,34.0
T000060,1980-10-31,36.203987,45.572094,33.08404,28.208826,22.965576,34.0
T000060,1981-01-31,36.239754,44.970837,34.02437,31.203331,23.55774,35.0
T000060,1981-04-30,37.25301,46.19876,34.54202,32.14255,26.866493,36.0
T000060,1981-07-31,38.25877,47.164673,35.54202,34.127087,28.73588,39.0
T000060,1981-10-31,41.415676,50.895676,37.62606,34.11432,29.963434,41.0
T000060,1982-01-31,43.50319,53.39025,40.08404,35.099007,31.59935,45.0
T000060,1982-04-30,47.619095,58.970818,43.168083,36.170692,32.525406,54.0
T000060,1982-07-31,57.60378,75.221,49.878185,39.263508,36.91728,68.0
T000060,1982-10-31,73.5068,101.18537,61.58829,41.598206,39.01463,98.0
T000060,1983-01-31,107.70024,158.98077,84.26062,46.24502,48.31771,110.0
T000060,1983-04-30,123.596596,185.24292,104.50425,55.04584,44.59785,120.0
T000060,1983-07-31,136.8034,208.27527,115.420204,69.49156,42.72205,118.0
T000060,1983-10-31,136.22552,206.28351,119.06195,99.604546,41.486275,113.0
T000060,1984-01-31,129.89444,187.69164,115.65487,110.95017,51.636223,106.0
T000060,1984-04-30,120.62699,165.1694,109.71681,112.4366,71.99656,101.0
T000060,1984-07-31,112.83529,137.04913,103.65487,111.97786,70.4606,98.0
T000060,1984-10-31,107.84249,115.52564,99.59292,108.70216,79.751366,100.0
T000060,1985-01-31,107.39323,101.733055,99.08404,103.2042,83.111084,106.0
T000060,1985-04-30,111.06397,100.175156,103.25212,102.602646,108.42185,113.0
T000060,1985-07-31,117.40218,110.331085,109.79414,101.43348,114.35597,119.0
T000060,1985-10-31,122.84532,124.26839,116.25212,101.292786,120.36035,124.0
T000060,1986-01-31,127.81737,139.86107,121.710106,106.44696,117.19942,125.0
T000060,1986-04-30,129.46028,147.43646,124.54202,113.517334,111.87559,127.0
T000060,1986-07-31,132.39557,154.37845,126.08404,119.48815,106.12739,133.0
T000060,1986-10-31,139.20334,165.34079,130.25212,124.38923,111.87728,138.0
T000060,1987-01-31,144.7533,171.75323,135.7101,125.230415,113.28651,144.0
T000060,1987-04-30,151.09273,179.45976,141.25212,127.29616,118.423065,142.0
T000060,1987-07-31,148.52274,171.55792,143.06195,133.3786,117.50457,141.0
T000060,1987-10-31,146.53992,165.07007,141.53098,138.33391,120.04207,136.0
T000060,1988-01-31,140.19316,151.12352,138.65486,139.29538,124.88316,134.0
T000060,1988-04-30,136.86874,140.96107,135.06195,139.25832,127.853065,138.0
T000060,1988-07-31,140.7344,144.62141,136.16808,139.29716,132.15968,137.0
T000060,1988-10-31,139.27133,137.53163,137.53098,137.96999,133.14929,137.0
T000060,1989-01-31,139.10246,135.75291,137.02437,137.58891,136.87437,144.0
T000060,1989-04-30,145.8932,147.4307,140.79414,137.0944,140.2625,161.0
T000060,1989-07-31,163.97026,178.73042,153.21436,137.99867,148.52747,191.0
T000060,1989-10-31,198.27054,239.67612,177.26062,139.75829,152.54929,233.0
T000060,1990-01-31,247.64792,325.28314,213.76488,145.9066,156.088,292.0
T000060,1990-04-30,317.7569,446.81287,264.97922,163.37154,157.2511,358.0
T000060,1990-07-31,396.61893,582.13275,327.77338,194.08582,158.52692,397.0
T000060,1990-10-31,446.63297,665.898,379.13882,236.74072,161.64015,415.0
T000061,1976-10-31,0.1326124,0.08693472,0.02436807,0.16884193,0.42941806,65.0
T000061,1977-01-31,69.1822,120.51044,65.02093,70.153854,74.71059,66.0
T000061,1977-04-30,70.22423,126.593575,65.54202,69.55493,64.83123,67.0
T000061,1977-07-31,70.94328,138.95459,66.54202,72.10135,55.927948,68.0
T000061,1977-10-31,71.95563,152.63373,67.54202,68.83377,43.529297,67.0
T000061,1978-01-31,70.43453,133.49124,67.530975,68.6235,32.216885,69.0
T000061,1978-04-30,71.87552,136.45285,68.08404,67.07782,40.25635,71.0
T000061,1978-07-31,73.258,121.02705,70.08404,67.1697,30.940327,73.0
T000061,1978-10-31,74.93706,116.0844,72.08404,68.089745,47.2283,73.0
T000061,1979-01-31,75.72889,100.94408,73.02437,69.11425,29.368584,75.0
T000061,1979-04-30,76.82138,84.19118,74.08404,71.167175,67.071686,75.0
T000061,1979-07-31,76.7942,83.72686,75.02437,73.129616,67.8268,77.0
T000061,1979-10-31,78.748955,86.193245,76.08404,73.12223,69.881966,77.0
T000061,1980-01-31,78.79527,85.74872,77.02437,75.09173,71.78524,79.0
T000061,1980-04-30,80.93847,88.21893,78.08404,75.12223,70.76391,79.0
T000061,1980-07-31,80.75418,87.28612,79.02437,77.09173,73.12552,80.0
T000061,1980-10-31,81.51168,87.20084,79.54202,77.11027,73.07976,81.0
T000061,1981-01-31,82.47904,88.56608,80.54202,79.08915,76.46089,82.0
T000061,1981-04-30,83.46066,89.03238,81.54202,79.07352,75.23635,83.0
T000061,1981-07-31,84.43276,90.38264,82.54202,80.06286,78.65146,82.0
T000061,1981-10-31,83.30214,87.57392,82.530975,81.05845,76.81715,82.0
T000061,1982-01-31,83.098434,86.6529,82.02437,82.055405,79.09879,83.0
T000061,1982-04-30,83.98476,87.44672,82.54202,82.1363,79.006874,83.0
T000061,1982-07-31,83.69446,85.9797,83.02437,82.15546,81.12436,86.0
T000061,1982-10-31,86.95164,91.32028,84.62606,83.04779,81.97333,87.0
T000061,1983-01-31,88.119644,92.60539,86.54202,83.07163,81.9141,89.0
T000061,1983-04-30,90.324,96.238205,88.08404,83.117676,83.261086,91.0
T000061,1983-07-31,92.66677,100.38936,90.08404,86.161125,82.997986,93.0
T000061,1983-10-31,94.98639,103.61127,92.08404,87.140854,82.98983,95.0
T000061,1984-01-31,97.42566,108.05823,94.08404,89.1391,85.82676,97.0
T000061,1984-04-30,99.693504,110.93862,96.08404,91.159615,85.7435,97.0
T000061,1984-07-31,99.74206,110.19474,97.02437,93.15417,87.525764,97.0
T000061,1984-10-31,99.593376,108.83889,97.02437,95.14244,87.51666,100.0
T000061,1985-01-31,102.410866,112.148735,98.62606,97.150475,91.30797,100.0
T000061,1985-04-30,102.201454,110.11493,100.02437,97.08277,91.80567,100.0
T000061,1985-07-31,101.90658,108.57641,100.02437,97.08654,94.51959,100.0
T000061,1985-10-31,101.68265,107.109344,100.02437,100.10907,94.77012,101.0
T000061,1986-01-31,102.34651,106.73887,100.54202,100.06194,95.6578,102.0
T000061,1986-04-30,103.079475,107.488434,101.54202,100.06813,98.4547,102.0
T000061,1986-07-31,102.90569,106.19782,102.02437,100.053665,98.88986,101.0
T000061,1986-10-31,101.93249,104.27993,101.530975,101.06253,98.99902,103.0
T000061,1987-01-31,103.872826,107.08605,102.08404,101.12643,98.52434,106.0
T000061,1987-04-30,106.87337,111.43039,104.62606,102.1245,101.83358,106.0
T000061,1987-07-31,107.0408,111.49679,106.02437,102.08403,101.22823,110.0
T000061,1987-10-31,111.67612,119.673676,108.16808,103.12906,102.690605,112.0
T000061,1988-01-31,114.16534,123.34036,111.08404,106.18461,101.60029,114.0
T000061,1988-04-30,116.39933,126.77852,113.08404,106.20701,102.70768,115.0
T000061,1988-07-31,117.66487,129.03671,114.54202,110.20776,105.42942,116.0
T000061,1988-10-31,118.83946,129.67744,115.54202,112.207054,104.52886,116.0
T000061,1989-01-31,118.82026,129.09662,116.02437,114.13778,106.944824,118.0
T000061,1989-04-30,120.51221,130.01965,117.08404,115.097694,108.51613,117.0
T000061,1989-07-31,119.1243,126.09374,117.530975,116.05259,111.108986,112.0
T000061,1989-10-31,113.66422,114.924805,114.65487,117.12495,108.47712,108.0
T000061,1990-01-31,109.57454,105.06645,110.12389,117.57922,110.09756,105.0
T000061,1990-04-30,107.161934,96.27393,106.59292,113.47273,111.15675,105.0
T000061,1990-07-31,107.70353,93.86986,105.02437,109.50508,114.7569,108.0
T000061,1990-10-31,111.05022,98.484886,106.62606,109.40749,116.81455,113.0
T000062,1976-10-31,0.1326124,0.08693472,0.02436807,0.16884193,0.42941806,108.0
T000062,1977-01-31,114.878654,200.17523,108.02093,116.60428,123.85044,110.0
T000062,1977-04-30,117.063126,210.98187,109.08404,115.57388,107.869125,106.0
T000062,1977-07-31,112.35857,221.06276,108.12389,117.89802,90.034,104.0
T000062,1977-10-31,110.51932,236.69841,105.06195,110.201546,67.46269,104.0
T000062,1978-01-31,109.77901,206.90562,104.02437,109.61025,49.13415,106.0
T000062,1978-04-30,110.47373,207.74118,105.08404,106.81263,63.439312,98.0
T000062,1978-07-31,101.765656,162.23764,102.24779,105.11195,46.26667,97.0
T000062,1978-10-31,101.099655,146.28958,97.530975,105.724075,71.877686,98.0
T000062,1979-01-31,103.00715,121.8327,97.54202,98.99723,44.10651,93.0
T000062,1979-04-30,95.82387,78.001625,95.65487,99.21086,106.411285,96.0
T000062,1979-07-31,99.06851,85.978966,94.62606,98.41899,106.91237,102.0
T000062,1979-10-31,104.57772,98.08984,99.25212,97.347206,105.52485,103.0
T000062,1980-01-31,105.0693,102.34074,102.54202,97.12085,105.58716,104.0
T000062,1980-04-30,105.84178,107.94382,103.54202,98.210785,102.78217,108.0
T000062,1980-07-31,110.05165,117.10545,106.16808,102.409325,104.45945,107.0
T000062,1980-10-31,109.423615,118.23491,107.530975,103.15089,99.05408,100.0
T000062,1981-01-31,101.99308,105.50151,103.71681,104.12027,95.54753,101.0
T000062,1981-04-30,103.094986,105.90999,100.54202,104.53723,98.987595,100.0
T000062,1981-07-31,101.98264,101.45251,100.530975,101.68752,96.36349,96.0
T000062,1981-10-31,97.87954,90.265854,98.12389,101.17637,97.32925,94.0
T000062,1982-01-31,96.7026,84.87207,95.06195,101.04249,101.343185,103.0
T000062,1982-04-30,105.681244,99.63358,98.87819,100.455925,105.57832,101.0
T000062,1982-07-31,103.273125,96.645294,102.06195,100.29341,105.209915,103.0
T000062,1982-10-31,104.80866,102.026405,102.08404,100.142105,106.40643,104.0
T000062,1983-01-31,105.9901,108.01369,103.54202,101.20298,106.667915,95.0
T000062,1983-04-30,96.362076,92.13282,99.77876,103.09639,97.58888,103.0
T000062,1983-07-31,104.33891,108.36812,99.33617,103.69926,102.810036,96.0
T000062,1983-10-31,97.518906,93.05802,99.71681,102.1599,98.455025,93.0
T000062,1984-01-31,95.1496,87.60316,94.59292,97.600395,96.53093,92.0
T000062,1984-04-30,94.9164,86.42763,92.530975,96.24706,93.84015,92.0
T000062,1984-07-31,94.63716,79.75316,92.02437,93.90133,99.566086,97.0
T000062,1984-10-31,99.68983,92.74443,94.710106,94.19962,103.780174,102.0
T000062,1985-01-31,104.04301,101.02615,99.710106,93.392006,101.84432,100.0
T000062,1985-04-30,102.37637,101.63417,101.06195,93.144485,105.71243,100.0
T000062,1985-07-31,101.98028,105.76889,100.02437,97.22008,95.23656,99.0
T000062,1985-10-31,100.47975,103.04883,99.530975,99.19648,99.96433,106.0
T000062,1986-01-31,107.88046,117.23061,102.79414,100.33925,98.76707,104.0
T000062,1986-04-30,106.16005,114.03989,105.06195,100.23862,97.68502,107.0
T000062,1986-07-31,109.61015,118.64993,105.62606,100.14082,98.51198,105.0
T000062,1986-10-31,107.62706,115.01345,106.06195,104.1178,96.73797,101.0
T000062,1987-01-31,102.33993,103.100716,103.12389,105.14856,95.86816,107.0
T000062,1987-04-30,108.2471,113.85451,104.25212,105.43523,103.71213,105.0
T000062,1987-07-31,106.14434,107.449196,106.06195,105.59788,102.10945,105.0
T000062,1987-10-31,106.28923,107.98243,105.02437,105.27558,105.26953,106.0
T000062,1988-01-31,107.37649,109.65492,105.54202,105.12231,101.665794,106.0
T000062,1988-04-30,106.710335,106.24336,106.02437,105.35926,106.12268,104.0
T000062,1988-07-31,104.71617,104.48793,105.06195,105.44267,104.48785,102.0
T000062,1988-10-31,102.7028,99.19493,103.06195,105.683784,104.22937,95.0
T000062,1989-01-31,97.05143,87.0278,98.71681,105.07976,104.35007,90.0
T000062,1989-04-30,92.98005,76.80671,92.65487,103.91094,99.7489,91.0
T000062,1989-07-31,94.77873,75.831795,90.54202,97.06123,106.60718,97.0
T000062,1989-10-31,100.65418,85.999146,94.25212,96.8487,108.69824,103.0
T000062,1990-01-31,106.45247,99.03873,100.25212,95.45959,111.35419,107.0
T000062,1990-04-30,110.188194,109.981186,105.16808,95.25066,110.91355,104.0
T000062,1990-07-31,107.11064,109.28431,105.59292,97.35446,107.64794,97.0
T000062,1990-10-31,99.397804,99.626175,100.71681,98.201225,98.31854,97.0
T000063,1976-10-31,0.1326124,0.08693472,0.02436807,0.16884193,0.42941806,15.6
T000063,1977-01-31,16.689215,28.988575,15.620925,16.791039,18.2569,16.0
T000063,1977-04-30,17.03521,30.685837,15.816809,16.695932,15.630187,16.0
T000063,1977-07-31,16.934984,33.210762,16.024368,17.47734,13.461476,15.8
T000063,1977-10-31,16.7288,35.680172,15.906195,16.458427,10.228703,15.8
T000063,1978-01-31,16.614618,31.492367,15.8243685,16.242022,7.456068,15.9
T000063,1978-04-30,16.520016,31.351513,15.854202,15.859879,9.279881,15.5
T000063,1978-07-31,15.927328,26.009409,15.712389,15.847339,6.990904,15.6
T000063,1978-10-31,15.9766445,24.10543,15.554202,15.859776,10.959472,16.0
T000063,1979-01-31,16.519526,20.962948,15.816809,15.821033,6.734398,15.9
T000063,1979-04-30,15.984734,15.887987,15.953097,15.815241,15.831025,16.5
T000063,1979-07-31,16.61126,17.092537,16.225214,15.912771,16.252747,16.6
T000063,1979-10-31,16.768064,17.375881,16.554201,15.91682,16.10739,16.7
T000063,1980-01-31,16.900362,17.707678,16.654203,16.023808,15.954435,16.6
T000063,1980-04-30,16.817387,17.674597,16.6531,16.520626,15.787373,16.0
T000063,1980-07-31,16.185238,16.363722,16.318584,16.669973,15.740064,16.2
T000063,1980-10-31,16.395985,16.737894,16.108404,16.630234,15.791965,15.9
T000063,1981-01-31,16.050306,15.757641,16.059292,16.29766,15.526232,15.9
T000063,1981-04-30,16.072002,15.480098,15.924368,16.112402,16.042646,16.3
T000063,1981-07-31,16.505518,16.214897,16.116806,16.072275,16.298416,16.8
T000063,1981-10-31,16.96648,16.875557,16.571009,16.042183,16.786886,16.6
T000063,1982-01-31,16.759693,16.815443,16.706196,16.214361,16.758627,17.2
T000063,1982-04-30,17.378046,18.088558,16.925215,16.326431,16.6844,17.0
T000063,1982-07-31,17.224846,17.946917,17.106195,16.618532,16.605894,16.8
T000063,1982-10-31,17.010374,17.65845,16.906195,16.818323,16.037401,17.2
T000063,1983-01-31,17.429005,18.405582,17.016808,16.834251,16.597733,17.3
T000063,1983-04-30,17.539442,18.284697,17.254202,17.025705,16.525978,17.4
T000063,1983-07-31,17.629393,18.445564,17.3542,17.20666,16.663807,17.2
T000063,1983-10-31,17.374863,17.820599,17.306194,17.207638,16.547472,17.4
T000063,1984-01-31,17.546375,17.975414,17.308403,17.213326,17.210562,17.1
T000063,1984-04-30,17.218016,17.384954,17.259293,17.229675,16.780602,17.7
T000063,1984-07-31,17.783937,18.216782,17.425215,17.312588,17.308998,17.7
T000063,1984-10-31,17.844835,18.329494,17.72437,17.411955,17.340994,17.7
T000063,1985-01-31,17.838224,18.24287,17.72437,17.41443,17.06492,17.8
T000063,1985-04-30,17.944548,18.509321,17.754202,17.714083,17.446802,17.5
T000063,1985-07-31,17.596535,17.711308,17.659292,17.737999,17.152672,17.6
T000063,1985-10-31,17.6968,17.965227,17.554201,17.746347,17.579428,17.4
T000063,1986-01-31,17.48738,17.446798,17.506195,17.63514,17.194197,17.4
T000063,1986-04-30,17.500994,17.301191,17.424368,17.548367,17.560255,17.8
T000063,1986-07-31,17.916088,18.05555,17.616806,17.542387,17.491777,17.4
T000063,1986-10-31,17.479008,17.063023,17.612389,17.444809,17.636986,18.2
T000063,1987-01-31,18.313202,18.718357,17.833616,17.427437,18.031782,18.3
T000063,1987-04-30,18.442253,18.956985,18.254202,17.45248,17.78361,17.7
T000063,1987-07-31,17.826128,17.888008,18.018583,17.736284,17.670328,17.5
T000063,1987-10-31,17.660131,17.834705,17.606195,17.833008,17.2684,17.0
T000063,1988-01-31,17.148214,16.509815,17.265488,17.60944,17.094929,16.6
T000063,1988-04-30,16.851166,15.697047,16.81239,17.685017,17.31858,16.2
T000063,1988-07-31,16.559294,14.70859,16.412392,17.200027,17.205261,16.6
T000063,1988-10-31,17.04569,15.177361,16.41681,16.797106,18.042622,16.6
T000064,1976-10-31,0.1326124,0.08693472,0.02436807,0.16884193,0.42941806,66.0
T000064,1977-01-31,70.24487,122.363106,66.02093,71.2341,75.85338,71.0
T000064,1977-04-30,75.84414,136.09654,68.710106,70.690315,67.58911,73.0
T000064,1977-07-31,77.60623,150.74454,72.08404,77.40703,61.4508,73.0
T000064,1977-10-31,77.551636,163.42238,73.02437,74.18148,47.786034,75.0
T000064,1978-01-31,79.34646,150.39944,74.08404,74.33259,37.268944,74.0
T000064,1978-04-30,77.59276,146.88324,74.530975,73.14603,42.91851,74.0
T000064,1978-07-31,76.598206,127.18607,74.02437,73.0701,33.345535,74.0
T000064,1978-10-31,75.91577,117.35236,74.02437,74.04915,49.202415,74.0
T000064,1979-01-31,76.76935,99.333145,74.02437,74.21274,32.030743,76.0
T000064,1979-04-30,77.35773,81.534164,75.08404,74.131485,71.161705,76.0
T000064,1979-07-31,76.72462,78.96129,76.02437,74.064766,72.83192,78.0
T000064,1979-10-31,78.80772,82.41322,77.08404,74.099396,74.94456,79.0
T000064,1980-01-31,80.00923,84.42755,78.54202,76.099236,73.73462,80.0
T000064,1980-04-30,81.08202,85.7768,79.54202,76.12007,75.5308,82.0
T000064,1980-07-31,83.47823,90.40133,81.08404,78.11121,76.35897,81.0
T000064,1980-10-31,82.50233,87.89804,81.530975,79.08067,74.76802,82.0
T000064,1981-01-31,83.56653,89.63409,81.54202,80.09039,76.97291,82.0
T000064,1981-04-30,83.45705,88.52466,82.02437,81.06396,76.95365,83.0
T000064,1981-07-31,84.21371,88.608696,82.54202,82.05245,79.01063,84.0
T000064,1981-10-31,85.24579,90.0361,83.54202,82.03395,79.330864,86.0
T000064,1982-01-31,87.21155,92.126396,85.08404,82.09919,81.02314,74.0
T000064,1982-04-30,75.69282,69.908356,80.37168,83.65732,77.882904,89.0
T000064,1982-07-31,90.80559,96.234604,82.13031,83.60288,83.109276,92.0
T000064,1982-10-31,93.93048,100.5054,90.62606,84.52412,84.88044,92.0
T000064,1983-01-31,93.91688,100.23751,92.02437,86.15859,84.38448,96.0
T000064,1983-04-30,99.51265,113.38666,94.16808,89.2582,86.12431,95.0
T000064,1983-07-31,98.29969,107.46654,95.530975,92.339355,82.80562,96.0
T000064,1983-10-31,99.31368,111.62628,95.54202,92.16875,89.43998,98.0
T000064,1984-01-31,100.919846,112.29642,97.08404,95.124794,86.55649,100.0
T000064,1984-04-30,103.57247,114.533646,99.08404,96.090775,94.11347,100.0
T000064,1984-07-31,103.7638,115.04825,100.02437,96.082886,85.44568,102.0
T000064,1984-10-31,104.16296,112.37038,101.08404,98.14691,93.75829,104.0
T000064,1985-01-31,106.15199,114.852974,103.08404,100.132164,96.36307,105.0
T000064,1985-04-30,107.09715,115.46323,104.54202,100.13328,95.227936,107.0
T000064,1985-07-31,109.08291,118.18436,106.08404,102.12763,100.37614,110.0
T000064,1985-10-31,112.52963,123.12287,108.62606,104.14517,99.40807,110.0
T000064,1986-01-31,112.513466,122.19994,110.02437,105.12951,100.124275,112.0
T000064,1986-04-30,114.48663,124.759254,111.08404,107.177284,102.37405,113.0
T000064,1986-07-31,115.48543,125.26109,112.54202,110.19089,104.2334,115.0
T000064,1986-10-31,117.53204,127.48738,114.08404,110.13403,104.696304,121.0
T000064,1987-01-31,123.916855,137.45883,118.25212,112.16468,109.105415,119.0
T000064,1987-04-30,121.84576,132.10011,120.06195,113.147995,107.70596,121.0
T000064,1987-07-31,123.97334,135.51556,120.08404,115.21122,109.81546,122.0
T000064,1987-10-31,124.849655,135.74295,121.54202,119.18978,109.62916,125.0
T000064,1988-01-31,127.65421,138.2045,123.62606,121.15453,114.3086,125.0
T000064,1988-04-30,127.648834,138.1884,125.02437,121.070404,116.727,125.0
T000064,1988-07-31,127.457275,135.41121,125.02437,122.15684,117.689896,118.0
T000064,1988-10-31,120.17413,121.63625,121.71681,123.34255,116.49617,113.0
T000064,1989-01-31,114.68773,108.68289,115.65487,123.736984,114.3494,113.0
T000064,1989-04-30,115.39511,105.31465,113.02437,119.96148,121.04287,113.0
T000064,1989-07-31,115.66547,102.42991,113.02437,114.94584,120.814804,117.0
T000064,1989-10-31,120.119064,109.61388,115.16808,114.53486,124.55537,122.0
T000065,1976-10-31,0.1326124,0.08693472,0.02436807,0.16884193,0.42941806,152.2
T000065,1977-01-31,161.85272,282.0632,152.22092,164.3515,174.36163,152.5
T000065,1977-04-30,162.14418,292.55267,152.36261,162.8304,150.90282,154.7
T000065,1977-07-31,163.78027,321.1194,153.69244,166.78658,128.01636,157.6
T000065,1977-10-31,166.68791,353.87756,156.27185,159.02887,99.49155,161.3
T000065,1978-01-31,169.6751,320.02747,159.60548,158.14735,75.9487,162.8
T000065,1978-04-30,169.75546,322.08612,162.11304,154.86966,93.20499,164.0
T000065,1978-07-31,169.50041,280.36072,163.45042,157.84416,73.13718,166.3
T000065,1978-10-31,170.82085,265.07202,165.24664,161.56561,110.62976,168.6
T000065,1979-01-31,174.35431,231.24677,167.54666,162.95341,69.62801,169.9
T000065,1979-04-30,173.0972,185.99594,169.30463,164.14194,159.34108,170.8
T000065,1979-07-31,174.04225,186.0853,170.38782,166.46468,159.67383,164.2
T000065,1979-10-31,166.73384,171.50107,167.70442,167.23595,157.8024,161.6
T000065,1980-01-31,163.44867,163.55246,162.98053,167.86777,158.25308,163.5
T000065,1980-04-30,165.00447,163.22916,162.62984,165.47804,161.80713,162.9
T000065,1980-07-31,164.37639,158.65193,163.21858,164.50069,163.31726,168.3
T000065,1980-10-31,170.04404,168.63416,165.82692,164.04466,167.46907,172.0
T000066,1976-10-31,0.1326124,0.08693472,0.02436807,0.16884193,0.42941806,73.6
T000066,1977-01-31,78.32125,136.44339,73.620926,79.44394,84.53857,73.3
T000066,1977-04-30,77.91759,140.6531,73.45929,78.407166,72.60923,74.4
T000066,1977-07-31,78.7819,154.4917,73.896225,80.48069,61.795517,76.5
T000066,1977-10-31,80.93082,171.5805,75.53824,76.76282,48.27304,78.6
T000066,1978-01-31,82.72632,155.77213,77.638245,76.034515,36.617146,79.3
T000066,1978-04-30,82.79021,156.98314,78.97941,74.49431,44.86869,79.7
T000066,1978-07-31,82.52393,136.63716,79.51681,76.64414,35.653423,80.5
T000066,1978-10-31,82.79863,128.63808,80.13361,78.75603,53.610893,82.0
T000066,1979-01-31,84.845665,112.89981,81.313034,79.37466,33.87479,82.6
T000066,1979-04-30,84.23816,90.80981,82.32522,79.75849,77.3491,83.1
T000066,1979-07-31,84.806656,90.9747,82.87101,80.57757,77.61159,78.1
T000066,1979-10-31,79.453705,80.50863,80.75487,81.30573,75.411545,75.1
T000066,1980-01-31,76.23376,73.01591,76.69292,81.75234,75.68351,75.8
T000066,1980-04-30,77.167496,72.12881,75.47941,79.32119,78.137146,76.0
T000066,1980-07-31,77.46128,70.19329,75.90841,76.86824,80.422806,79.0
T000066,1980-10-31,80.70744,76.009766,77.62606,76.77078,82.85196,83.3
T000067,1976-10-31,0.1326124,0.08693472,0.02436807,0.16884193,0.42941806,121.6
T000067,1977-01-31,129.332,225.37152,121.620926,131.29558,139.39233,124.8
T000067,1977-04-30,132.88045,239.34776,123.334465,130.14407,121.87155,129.2
T000067,1977-07-31,137.03738,267.32584,127.18489,136.25499,107.267,132.4
T000067,1977-10-31,140.35059,295.79684,130.93445,130.3208,83.87373,138.5
T000067,1978-01-31,146.31235,275.6523,135.70633,131.54678,66.88099,142.5
T000067,1978-04-30,149.73679,282.5747,140.66808,129.50221,79.86224,146.5
T000067,1978-07-31,152.81192,255.04253,144.66808,132.77182,64.76845,151.0
T000067,1978-10-31,156.82816,247.90521,148.93909,138.92421,93.7431,152.4
T000067,1979-01-31,159.77078,219.23697,151.75882,142.8547,62.776047,154.8
T000067,1979-04-30,160.8693,184.45262,153.70085,146.84335,133.50496,164.3
T000067,1979-07-31,170.70195,197.89246,159.9492,151.28336,138.85574,168.4
T000067,1979-10-31,174.92357,201.40883,166.5223,152.67653,142.88327,172.0
T000067,1980-01-31,178.71065,205.72124,170.35127,155.15367,146.27296,180.9
T000067,1980-04-30,188.23003,219.50722,176.82397,164.85616,150.2637,184.8
T000067,1980-07-31,192.38934,222.88353,183.01389,168.79294,151.35938,194.5
T000067,1980-10-31,202.6845,238.8707,190.0576,172.49321,162.14146,200.0
T000068,1977-07-31,0.1326124,0.08693472,0.02436807,0.16884193,0.42941806,28.56
T000068,1977-10-31,30.45986,52.99917,28.580923,30.789978,33.067425,29.77
T000068,1978-01-31,31.731323,57.084457,29.215845,30.574772,28.826319,28.3
T000068,1978-04-30,30.04573,59.019905,29.080532,31.201075,23.669731,32.85
T000068,1978-07-31,34.998913,72.7338,30.766193,29.97461,19.612717,31.89
T000068,1978-10-31,33.816208,63.46366,32.399734,30.299269,15.185551,31.19
T000068,1979-01-31,32.78779,61.893745,31.561682,29.84961,17.8923,33.27
T000068,1979-04-30,34.783623,58.389885,32.3174,31.261423,15.424672,34.4
T000068,1979-07-31,35.56993,55.091805,33.882484,32.010017,21.75867,29.52
T000068,1979-10-31,31.010208,39.86415,32.111153,32.55412,13.038847,29.77
T000068,1980-01-31,30.675125,30.539282,29.655506,32.192596,27.496572,25.81
T000068,1980-04-30,27.188726,21.798931,27.912657,30.42812,28.823084,30.11
T000068,1980-07-31,31.309837,28.0173,28.140688,30.620106,29.761164,26.56
T000068,1980-10-31,28.085981,20.782774,28.444956,30.443497,32.098972,27.03
T000068,1981-01-31,28.702398,21.264763,26.81475,27.474726,32.076633,27.46
T000068,1981-04-30,29.365114,24.357382,27.263067,27.405476,32.34533,31.36
T000068,1981-07-31,32.49672,29.575384,29.573881,27.509296,32.45963,27.61
T000068,1981-10-31,28.825232,25.897184,29.601152,27.833628,32.708622,28.55
T000069,1977-07-31,0.1326124,0.08693472,0.02436807,0.16884193,0.42941806,51.77
T000069,1977-10-31,55.123196,95.999626,51.790924,55.862247,59.591515,61.42
T000069,1978-01-31,66.048195,117.61442,57.0005,55.46825,55.54725,61.12
T000069,1978-04-30,65.358406,125.95835,61.27929,66.50682,52.522247,61.73
T000069,1978-07-31,65.94839,137.80786,61.45063,64.12834,41.372295,61.89
T000069,1978-10-31,66.05019,125.705635,61.816723,62.53659,30.743742,66.66
T000069,1979-01-31,70.27845,131.40631,64.47544,61.65082,36.635468,85.83
T000069,1979-04-30,90.59743,152.62537,77.05054,62.73896,35.48547,85.81
T000069,1979-07-31,90.85647,145.11908,85.82062,62.42688,43.22895,83.74
T000069,1979-10-31,90.55838,131.44754,84.83911,67.205154,28.37733,83.31
T000069,1980-01-31,90.30151,114.24269,83.538315,84.00579,51.810432,59.05
T000069,1980-04-30,63.85582,60.560562,71.93142,91.559395,47.316654,55.32
T000069,1980-07-31,60.46377,49.978584,57.30053,90.79641,52.49006,51.81
T000069,1980-10-31,58.519657,33.45852,53.67372,62.937523,55.734673,58.43
T000069,1981-01-31,66.31461,37.05528,55.39818,62.178677,66.81954,66.16
T000069,1981-04-30,74.76539,51.65549,62.619823,61.40714,76.65569,62.84
T000069,1981-07-31,71.03488,42.26886,64.60284,58.574123,78.51672,82.53
T000069,1981-10-31,89.49754,89.5858,73.51239,58.789886,86.58554,69.76
T000070,1977-07-31,0.1326124,0.08693472,0.02436807,0.16884193,0.42941806,105.3
T000070,1977-10-31,112.00926,195.17303,105.32093,113.68763,120.76493,107.6
T000070,1978-01-31,114.53351,206.37094,106.546646,112.69053,105.32703,103.1
T000070,1978-04-30,109.355446,215.11731,105.48938,114.92498,87.762985,106.2
T000070,1978-07-31,112.663155,239.66599,104.78026,109.752365,68.38336,103.6
T000070,1978-10-31,108.88692,206.09311,104.98052,108.3897,49.343113,104.9
T000070,1979-01-31,109.21503,206.1442,104.30463,105.281235,62.245552,92.2
T000070,1979-04-30,96.365814,153.46115,98.94337,104.9321,43.73757,91.2
T000070,1979-07-31,95.610695,135.55136,91.73097,106.500854,69.75925,90.9
T000070,1979-10-31,96.71027,109.25651,91.059296,93.85125,43.98516,98.7
T000070,1980-01-31,102.0331,87.668175,95.12776,94.106995,108.23147,101.3
T000070,1980-04-30,104.911,96.9432,100.10925,92.92121,112.92578,108.6
T000070,1980-07-31,111.863144,112.85261,105.25675,92.460976,107.792366,102.5
T000070,1980-10-31,105.9329,107.16066,105.738945,98.913864,107.6697,98.5
T000070,1981-01-31,100.686676,101.24968,100.62389,99.628204,97.7796,94.6
T000070,1981-04-30,96.86699,96.18701,96.6708,100.34162,100.90535,97.5
T000070,1981-07-31,99.39719,99.42161,96.17186,99.96204,93.808426,89.8
T000070,1981-10-31,92.66765,84.2181,93.8885,99.32399,95.46904,90.6
T000071,1976-01-31,0.1326124,0.08693472,0.02436807,0.16884193,0.42941806,84.0
T000071,1976-04-30,89.37329,155.71117,84.02093,90.67846,96.423546,85.0
T000071,1976-07-31,90.42109,163.04361,84.54202,89.88179,83.65275,87.0
T000071,1976-10-31,92.16072,180.33911,86.08404,92.89866,72.07121,88.0
T000071,1977-01-31,93.1178,197.4701,87.54202,88.651184,55.899605,87.0
T000071,1977-04-30,91.50673,173.31712,87.530975,89.052925,41.955242,91.0
T000071,1977-07-31,94.922775,179.98077,89.16808,87.11814,52.682583,93.0
T000071,1977-10-31,96.12393,158.86172,92.08404,87.19412,40.534893,95.0
T000071,1978-01-31,97.665436,151.77512,94.08404,88.12311,61.400936,97.0
T000071,1978-04-30,100.82501,135.81357,96.08404,91.19237,38.189472,99.0
T000071,1978-07-31,101.74349,112.69676,98.08404,93.19847,86.73004,99.0
T000071,1978-10-31,101.70173,112.28729,99.02437,95.15417,89.24826,100.0
T000071,1979-01-31,102.509125,112.3389,99.54202,97.1612,90.92406,101.0
T000071,1979-04-30,103.51446,112.87107,100.54202,99.14902,93.42912,102.0
T000071,1979-07-31,104.41434,112.853584,101.54202,99.07352,93.047485,104.0
T000071,1979-10-31,106.078995,114.317986,103.08404,100.07056,96.6502,106.0
T000071,1980-01-31,108.066345,116.26343,105.08404,101.085625,97.24011,107.0
T000071,1980-04-30,109.02703,117.09268,106.54202,102.121254,98.63529,109.0
T000071,1980-07-31,111.073524,119.87221,108.08404,104.148,99.64046,110.0
T000071,1980-10-31,112.11834,120.793175,109.54202,106.149994,101.42909,111.0
T000071,1981-01-31,113.20097,121.99507,110.54202,107.12885,102.47213,111.0
T000071,1981-04-30,113.094215,121.00274,111.02437,109.11572,104.23358,114.0
T000071,1981-07-31,116.160416,124.9541,112.62606,110.090614,105.48024,116.0
T000071,1981-10-31,118.23562,127.40172,115.08404,111.08467,107.13201,117.0
T000071,1982-01-31,119.15987,127.75829,116.54202,111.11898,108.44664,120.0
T000071,1982-04-30,122.41895,132.83887,118.62606,114.17621,110.52042,112.0
T000071,1982-07-31,113.94037,116.655,116.24779,114.94938,106.32227,124.0
T000071,1982-10-31,126.34519,137.52176,118.50425,116.231834,112.44942,127.0
T000071,1983-01-31,129.71413,141.47928,125.62606,117.59622,114.249115,127.0
T000071,1983-04-30,129.74529,140.10287,127.02437,120.221436,116.20692,131.0
T000071,1983-07-31,134.85521,151.04889,129.16808,124.28819,117.17292,132.0
T000071,1983-10-31,135.63866,148.12648,131.54202,127.32786,117.21313,132.0
T000071,1984-01-31,135.54298,148.97574,132.02437,127.18135,123.98824,135.0
T000071,1984-04-30,138.30434,151.86966,133.62607,131.2025,121.96983,138.0
T000071,1984-07-31,141.76819,155.32794,136.62607,132.12451,128.1447,138.0
T000071,1984-10-31,141.91393,154.84473,138.02437,132.12437,123.07678,142.0
T000071,1985-01-31,144.9706,157.50104,140.16808,135.19226,130.27672,142.0
T000071,1985-04-30,144.90714,155.73534,142.02437,138.20064,131.2047,144.0
T000071,1985-07-31,146.8724,158.13463,143.08405,138.18568,131.79759,147.0
T000071,1985-10-31,149.82343,162.14615,145.62607,142.17778,136.59142,150.0
T000071,1986-01-31,153.0729,165.60281,148.62607,142.17026,136.91916,152.0
T000071,1986-04-30,155.37082,169.2067,151.08405,144.15218,139.9676,152.0
T000071,1986-07-31,155.14902,166.95598,152.02437,147.21342,138.60577,155.0
T000071,1986-10-31,158.19443,171.0898,153.62607,150.23396,143.6576,158.0
T000071,1987-01-31,161.29187,174.81973,156.62607,152.14363,144.22166,161.0
T000071,1987-04-30,164.2496,178.12064,159.62607,152.19484,149.16415,163.0
T000071,1987-07-31,166.63562,181.2939,162.08405,155.18971,149.93591,164.0
T000071,1987-10-31,167.60141,181.14394,163.54202,158.24255,149.15085,166.0
T000071,1988-01-31,169.43411,182.9866,165.08405,161.23433,152.50294,169.0
T000071,1988-04-30,172.29623,186.0564,167.62607,163.16776,156.12015,170.0
T000071,1988-07-31,173.25917,186.14389,169.54202,164.13297,159.07317,171.0
T000071,1988-10-31,174.30684,186.5949,170.54202,166.18056,159.58287,164.0
T000071,1989-01-31,166.53247,171.10075,167.71681,166.95679,157.76074,162.0
T000071,1989-04-30,163.84953,164.14876,163.06195,167.65761,158.4466,163.0
T000072,1976-04-30,0.1326124,0.08693472,0.02436807,0.16884194,0.42941806,103.4
T000072,1976-07-31,109.990074,191.65294,103.42093,111.63516,118.59363,104.84
T000072,1976-10-31,111.54007,201.09528,104.180504,110.643486,103.0649,106.73
T000072,1977-01-31,113.02708,221.31544,105.864426,114.55269,88.84322,109.01
T000072,1977-04-30,115.38311,244.37085,107.96581,109.37968,69.30261,111.58
T000072,1977-07-31,117.47402,221.77914,110.40299,108.92699,53.033737,114.28
T000072,1977-10-31,119.41806,226.1133,113.04346,106.88314,64.90785,117.7
T000072,1978-01-31,122.07143,202.70721,116.133705,109.187164,52.118984,121.45
T000072,1978-04-30,125.44302,196.44083,119.732574,111.77533,77.382,123.74
T000072,1978-07-31,129.01694,175.41965,122.69123,114.51228,49.87574,125.04
T000072,1978-10-31,129.12862,145.44014,124.444626,117.969696,109.412575,127.21
T000072,1979-01-31,131.34819,147.67741,126.21619,121.73082,111.75649,129.22
T000072,1979-04-30,133.2259,148.8309,128.29945,123.94292,114.29862,131.47
T000072,1979-07-31,135.30014,150.34518,130.43954,125.18493,117.93435,133.06
T000072,1979-10-31,136.7422,150.74254,132.33182,127.36723,120.26077,134.56
T000073,1976-04-30,0.1326124,0.08693472,0.02436807,0.16884194,0.42941806,102.6
T000073,1976-07-31,109.13989,190.1708,102.620926,110.770966,117.67939,104.5
T000073,1976-10-31,111.20997,200.43277,103.629845,109.79519,102.47566,106.2
T000073,1977-01-31,112.47049,220.19225,105.42143,114.146484,88.686905,108.8
T000073,1977-04-30,115.19469,243.76532,107.60925,109.0495,69.35068,111.8
T000073,1977-07-31,117.76193,222.27237,110.42606,108.326294,53.107807,115.0
T000073,1977-10-31,120.28197,227.47736,113.53447,106.37517,64.87448,118.3
T000073,1978-01-31,122.852104,204.29065,116.78867,108.998505,52.24029,121.3
T000073,1978-04-30,125.42999,196.65329,119.92606,112.034096,76.791565,123.1
T000073,1978-07-31,128.4798,174.7995,122.275635,115.25699,49.98324,124.4
T000073,1978-10-31,128.48894,144.56084,123.80463,118.56207,109.00022,126.7
T000073,1979-01-31,130.73218,146.57762,125.64665,121.539925,111.913345,128.3
T000073,1979-04-30,132.15375,146.86412,127.56723,123.26024,114.61859,130.8
T000073,1979-07-31,134.47324,148.73273,129.65506,124.544655,117.79555,132.3
T000073,1979-10-31,135.7696,148.91568,131.61304,126.85877,119.67733,134.0
T000074,1976-04-30,0.1326124,0.08693472,0.02436807,0.16884194,0.42941806,103.2
T000074,1976-07-31,109.77753,191.28241,103.220924,111.41911,118.36507,105.3
T000074,1976-10-31,112.07443,201.96306,104.33824,110.44046,103.15839,107.2
T000074,1977-01-31,113.55023,222.20786,106.32984,115.00622,89.53072,108.5
T000074,1977-04-30,114.841606,243.48605,107.904625,109.83191,69.63229,110.9
T000074,1977-07-31,116.73603,220.67297,109.80085,109.44233,53.017418,115.0
T000074,1977-10-31,120.14998,227.2863,113.122284,107.345116,65.34535,120.2
T000074,1978-01-31,124.73802,207.16888,117.818504,108.720695,52.110126,125.4
T000074,1978-04-30,129.82867,204.05066,123.01851,111.17315,77.37174,130.1
T000074,1978-07-31,136.30707,188.20721,127.947495,115.33091,49.99771,131.9
T000074,1978-10-31,137.39667,159.71005,131.07564,120.59218,108.32431,132.6
T000074,1979-01-31,138.08865,159.37904,132.27942,125.8018,111.20339,135.6
T000074,1979-04-30,141.00676,162.22635,134.22607,130.4792,116.58212,136.9
T000074,1979-07-31,142.00081,160.85757,136.30463,132.07979,119.45421,138.6
T000074,1979-10-31,143.29062,160.14845,137.82144,132.7553,123.448784,140.6
T000075,1976-04-30,0.1326124,0.08693472,0.02436807,0.16884194,0.42941806,104.3
T000075,1976-07-31,110.946526,193.32034,104.32093,112.60738,119.62214,106.1
T000075,1976-10-31,112.903915,203.50446,105.275635,111.61218,104.11551,107.5
T000075,1977-01-31,113.82011,222.96436,106.85883,115.91376,89.78774,109.8
T000075,1977-04-30,116.22048,246.23915,108.74665,110.694595,70.09978,113.2
T000075,1977-07-31,119.20009,224.94981,111.64287,109.69839,53.536488,116.3
T000075,1977-10-31,121.56883,229.90384,114.880264,107.66845,65.53862,120.1
T000075,1978-01-31,124.67993,207.2443,118.35967,110.014496,52.471626,124.0
T000075,1978-04-30,128.28175,201.2796,122.21388,113.43858,77.611435,125.9
T000075,1978-07-31,131.49219,179.32745,125.02984,116.57498,50.83237,127.3
T000075,1978-10-31,131.68567,149.1733,126.65884,120.39608,110.69602,129.2
T000075,1979-01-31,133.54881,150.52806,128.32983,124.30014,113.425865,131.7
T000075,1979-04-30,135.9462,152.395,130.55505,126.08685,116.515755,134.0
T000075,1979-07-31,138.04771,153.73169,132.94666,127.433624,119.57259,135.7
T000075,1979-10-31,139.51346,153.88332,134.92145,129.36221,122.33286,137.2
T000076,1976-04-30,0.1326124,0.08693472,0.02436807,0.16884194,0.42941806,1031.2
T000076,1976-07-31,1096.1168,1910.5594,1031.2208,1113.9015,1178.8716,1052.9
T000076,1976-10-31,1120.6881,2019.4231,1042.9619,1103.5607,1031.1007,1078.1
T000076,1977-01-31,1142.4164,2233.4907,1066.559,1149.8635,898.33435,1106.8
T000076,1977-04-30,1172.4224,2476.2063,1093.656,1099.1055,703.1124,1122.3
T000076,1977-07-31,1182.7273,2234.599,1115.2014,1099.3938,539.33514,1129.6
T000076,1977-10-31,1181.1124,2240.3677,1126.2567,1080.139,650.04047,1151.3
T000076,1978-01-31,1192.543,1979.7683,1141.3618,1108.9254,518.9708,1161.3
T000076,1978-04-30,1194.3315,1856.1777,1156.7202,1123.673,768.3187,1155.2
T000076,1978-07-31,1197.2019,1584.7639,1158.439,1130.7992,483.54382,1180.8
T000076,1978-10-31,1206.0115,1301.4774,1169.0757,1152.578,1092.9529,1232.5
T000076,1979-01-31,1259.2267,1372.8833,1208.8225,1157.6833,1114.1743,1275.7
T000076,1979-04-30,1305.2922,1438.0836,1255.9153,1163.8445,1146.5127,1321.0
T000076,1979-07-31,1356.8604,1520.3083,1300.2535,1183.1913,1155.7399,1353.9
T000076,1979-10-31,1397.5509,1582.2157,1338.8324,1236.1482,1155.6438,1379.9
T000077,1971-10-31,0.1326124,0.08693472,0.02436807,0.16884193,0.42941806,5472.0
T000077,1972-01-31,5816.372,10137.893,5472.021,5911.1274,6253.761,5884.0
T000077,1972-04-30,6285.2617,11278.813,5695.3125,5860.833,5602.628,6316.0
T000077,1972-07-31,6729.914,12995.095,6118.153,6402.0303,5277.0796,6488.0
T000077,1972-10-31,6909.4414,14386.925,6409.2275,6157.7866,4155.1216,6720.0
T000077,1973-01-31,7150.0205,13486.23,6613.749,6432.7705,3457.1406,7180.0
T000077,1973-04-30,7610.36,14290.769,6969.3296,6347.483,4035.1018,7468.0
T000077,1973-07-31,7857.2417,13204.805,7336.102,6507.425,3385.7148,7592.0
T000077,1973-10-31,7943.2183,12693.609,7535.2104,6745.1055,4598.078,7804.0
T000077,1974-01-31,8269.443,11651.1875,7706.908,7209.4404,3227.3596,7684.0
T000077,1974-04-30,8099.186,9498.944,7747.717,7487.412,6235.6606,7584.0
T000077,1974-07-31,7908.9185,8944.682,7637.097,7593.903,6567.516,7252.0
T000077,1974-10-31,7491.6523,7953.0547,7428.283,7671.7827,6682.2646,7284.0
T000077,1975-01-31,7470.375,7632.294,7269.3447,7669.782,6877.497,7504.0
T000077,1975-04-30,7652.2695,7735.2383,7403.2446,7582.9297,7221.526,7288.0
T000077,1975-07-31,7392.5625,7025.933,7402.6904,7347.9316,7373.5874,7252.0
T000077,1975-10-31,7387.333,6965.758,7271.115,7326.9985,7607.051,7044.0
T000077,1976-01-31,7190.0386,6536.403,7154.4424,7287.057,7357.7695,7368.0
T000077,1976-04-30,7478.197,7092.217,7219.6147,7339.7363,7622.581,7356.0
T000077,1976-07-31,7428.8037,7198.611,7362.3716,7318.1035,7537.6694,7284.0
T000077,1976-10-31,7344.006,7131.422,7322.23,7298.38,7479.8335,7276.0
T000077,1977-01-31,7358.8296,7351.0977,7280.2476,7284.424,7341.9136,6880.0
T000077,1977-04-30,6954.8125,6497.5103,7090.2656,7391.5625,7064.663,6724.0
T000077,1977-07-31,6840.33,6223.799,6806.832,7390.4517,7361.63,6844.0
T000077,1977-10-31,6965.2856,6397.574,6789.0425,6961.8228,7268.507,6660.0
T000077,1978-01-31,6811.7754,5998.2383,6757.699,6921.344,7288.4067,6628.0
T000077,1978-04-30,6815.6587,6035.86,6644.991,6807.4927,7034.32,6812.0
T000077,1978-07-31,6998.8994,6329.125,6727.732,6756.5073,7211.7217,6772.0
T000077,1978-10-31,6922.9688,6334.4717,6793.239,6739.2295,7173.2993,6776.0
T000077,1979-01-31,6883.004,6529.05,6774.168,6781.6763,7048.5034,6740.0
T000077,1979-04-30,6819.0444,6579.4463,6759.115,6743.899,7031.352,7060.0
T000077,1979-07-31,7105.6255,7307.015,6913.447,6781.0864,6970.145,7004.0
T000077,1979-10-31,7058.963,7281.146,7033.7344,6783.705,6770.778,6924.0
T000077,1980-01-31,6982.133,7131.763,6966.478,6781.3726,6807.2397,7120.0
T000077,1980-04-30,7215.106,7602.0474,7030.236,6930.8755,6805.132,7344.0
T000077,1980-07-31,7450.1123,7893.428,7241.4126,7016.1133,6751.467,7740.0
T000077,1980-10-31,7880.844,8641.743,7558.64,7071.7983,7104.531,8196.0
T000077,1981-01-31,8426.137,9541.12,7987.1616,7138.37,7135.841,8292.0
T000077,1981-04-30,8588.34,9790.225,8248.034,7368.1064,7118.979,8456.0
T000077,1981-07-31,8787.8545,10150.047,8380.892,7769.7983,6900.7,9148.0
T000077,1981-10-31,9533.335,11307.898,8831.078,8225.205,7356.8584,8880.0
T000077,1982-01-31,9272.558,10720.435,9022.301,8307.785,7533.107,9184.0
T000077,1982-04-30,9593.26,11208.369,9044.774,8477.118,7870.818,9764.0
T000077,1982-07-31,10209.684,12040.207,9498.372,8901.504,8014.504,10168.0
T000077,1982-10-31,10616.693,12387.911,9982.977,9167.63,8251.861,10384.0
T000077,1983-01-31,10833.249,12733.211,10285.076,9207.688,8654.107,10672.0
T000077,1983-04-30,11140.483,12983.165,10540.102,9802.784,8901.201,10524.0
T000077,1983-07-31,10983.451,12591.03,10602.584,10196.15,8906.711,10588.0
T000077,1983-10-31,10980.454,12388.971,10558.689,10402.558,9093.155,10624.0
T000077,1984-01-31,10943.453,12058.053,10607.513,10532.23,9806.256,10584.0
T000077,1984-04-30,10882.479,11700.471,10605.239,10600.785,9719.047,10400.0
T000077,1984-07-31,10622.755,11046.715,10497.699,10624.645,9798.928,10060.0
T000077,1984-10-31,10198.774,9985.357,10240.531,10593.1875,9936.358,10324.0
T000077,1985-01-31,10439.44,10226.943,10203.094,10486.862,10374.025,10316.0
T000077,1985-04-30,10410.614,10015.256,10320.248,10380.792,10404.456,10368.0
T000077,1985-07-31,10463.592,10072.092,10344.186,10365.706,10695.308,10652.0
T000077,1985-10-31,10762.916,10778.846,10521.934,10327.367,10669.083,10888.0
T000077,1986-01-31,10987.141,11208.395,10779.917,10335.37,10672.569,11016.0
T000077,1986-04-30,11134.663,11641.475,10957.379,10378.711,10689.712,11176.0
T000077,1986-07-31,11332.754,12049.806,11102.724,10670.354,10521.401,11324.0
T000077,1986-10-31,11540.769,12432.538,11256.219,10907.063,10517.368,11216.0
T000077,1987-01-31,11440.907,12251.076,11273.345,11026.625,10369.376,10972.0
T000077,1987-04-30,11149.121,11632.116,11101.558,11058.963,10574.608,11312.0
T000077,1987-07-31,11488.453,12092.582,11156.287,11199.594,10758.202,11360.0
T000077,1987-10-31,11506.628,11946.482,11338.017,11238.961,10781.488,11276.0
T000078,1971-10-31,0.1326124,0.08693472,0.02436807,0.16884193,0.42941806,6176.0
T000078,1972-01-31,6564.6772,11442.172,6176.021,6671.632,7058.2837,5972.0
T000078,1972-04-30,6350.3716,11479.098,6080.319,6381.746,5914.399,6092.0
T000078,1972-07-31,6464.783,12676.007,6037.0425,6657.482,5121.9927,6116.0
T000078,1972-10-31,6464.586,13794.577,6105.0083,6338.7314,3940.096,6172.0
T000078,1973-01-31,6494.4517,12202.431,6146.353,6284.5166,2927.6494,6152.0
T000078,1973-04-30,6386.8706,12176.455,6162.6196,6120.403,3656.1992,6424.0
T000078,1973-07-31,6624.9897,10857.486,6299.4297,6122.038,2807.3557,6456.0
T000078,1973-10-31,6619.303,10197.3955,6441.3447,6158.073,4358.8623,6436.0
T000078,1974-01-31,6629.5312,8676.631,6446.6196,6179.1426,2508.1814,6472.0
T000078,1974-04-30,6568.157,6930.1533,6455.5127,6435.957,6213.7896,6492.0
T000078,1974-07-31,6590.736,6913.3877,6482.8403,6441.285,6055.7866,6372.0
T000078,1974-10-31,6444.4385,6635.994,6435.717,6451.0664,6249.7407,6476.0
T000078,1975-01-31,6540.363,6736.1494,6428.37,6464.8145,6272.9917,6740.0
T000078,1975-04-30,6823.0,7151.437,6619.0933,6485.583,6449.3003,6796.0
T000078,1975-07-31,6881.7275,7204.785,6770.353,6481.9575,6368.218,6924.0
T000078,1975-10-31,7014.67,7440.1855,6865.3784,6500.7373,6516.6787,6780.0
T000078,1976-01-31,6885.751,7195.872,6856.4604,6750.11,6398.592,6768.0
T000078,1976-04-30,6863.627,7151.588,6774.3716,6780.2817,6400.9644,6748.0
T000078,1976-07-31,6827.7324,7063.478,6758.6196,6786.9194,6569.467,6884.0
T000078,1976-10-31,6957.927,7183.339,6821.715,6807.3096,6663.4263,6868.0
T000078,1977-01-31,6953.1836,7155.316,6876.4956,6789.9966,6649.728,6712.0
T000078,1977-04-30,6773.4497,6743.157,6794.832,6789.234,6554.6914,7160.0
T000078,1977-07-31,7228.125,7521.717,6954.825,6786.6484,6898.8696,7104.0
T000078,1977-10-31,7165.532,7358.141,7133.7344,6878.426,6804.8604,7608.0
T000078,1978-01-31,7714.722,8348.125,7377.1787,6897.563,7131.419,7769.0
T000078,1978-04-30,7960.5156,8811.2295,7695.265,7117.064,6953.162,8028.0
T000078,1978-07-31,8263.603,9256.194,7909.3833,7185.9756,6911.2275,8088.0
T000078,1978-10-31,8363.553,9535.461,8060.5215,7630.0723,7065.323,8332.0
T000078,1979-01-31,8619.384,9780.432,8220.253,7790.9443,7029.7134,8388.0
T000078,1979-04-30,8696.685,9910.004,8362.354,8044.016,7531.286,8264.0
T000078,1979-07-31,8544.062,9457.555,8329.841,8098.5894,7245.0903,8336.0
T000078,1979-10-31,8574.475,9370.999,8303.025,8271.616,7771.759,8480.0
T000078,1980-01-31,8690.954,9359.363,8414.051,8338.677,7629.2305,8356.0
T000078,1980-04-30,8486.705,8853.447,8421.841,8346.152,8006.507,8408.0
T000078,1980-07-31,8512.077,8813.168,8384.186,8359.703,8067.1543,8504.0
T000078,1980-10-31,8588.134,8834.714,8460.034,8369.87,8246.519,8724.0
T000078,1981-01-31,8806.351,9147.04,8623.244,8417.953,8302.683,8608.0
T000078,1981-04-30,8670.219,8907.546,8669.593,8483.643,8364.281,8636.0
T000078,1981-07-31,8712.017,8953.469,8623.177,8511.102,8402.779,9032.0
T000078,1981-10-31,9152.933,9727.667,8850.641,8618.722,8527.211,9216.0
T000078,1982-01-31,9350.667,9966.376,9131.731,8655.534,8497.2,9280.0
T000078,1982-04-30,9439.462,10149.12,9250.689,8735.302,8673.385,9376.0
T000078,1982-07-31,9581.247,10377.177,9332.034,9051.251,8539.37,9572.0
T000078,1982-10-31,9790.185,10650.293,9482.236,9234.816,8656.43,9852.0
T000078,1983-01-31,10076.94,11081.473,9723.766,9290.015,8934.773,10104.0
T000078,1983-04-30,10349.491,11441.015,9988.589,9389.35,9202.015,10336.0
T000078,1983-07-31,10638.668,11869.737,10229.749,9589.141,9164.821,10692.0
T000078,1983-10-31,11030.475,12437.411,10528.959,9872.343,9163.706,10608.0
T000078,1984-01-31,10918.304,12103.36,10652.602,10122.999,9329.595,11020.0
T000078,1984-04-30,11347.66,12749.169,10831.3125,10357.724,9732.197,10928.0
T000078,1984-07-31,11249.213,12438.785,10976.85,10623.266,9829.688,10960.0
T000078,1984-10-31,11250.565,12252.763,10945.345,10705.971,9980.274,11248.0
T000078,1985-01-31,11531.271,12633.032,11116.102,10938.972,10293.106,11372.0
T000078,1985-04-30,11616.343,12472.955,11315.211,10969.339,10377.168,11628.0
T000078,1985-07-31,11870.484,12870.059,11510.757,11029.481,10829.537,11920.0
T000078,1985-10-31,12171.775,13224.754,11786.2705,11264.223,10753.984,11464.0
T000078,1986-01-31,11681.702,12262.998,11706.124,11388.766,10883.315,11688.0
T000078,1986-04-30,11893.57,12630.384,11585.413,11487.059,10918.372,11696.0
T000078,1986-07-31,11853.551,12370.063,11692.336,11675.346,11225.322,12040.0
T000078,1986-10-31,12203.375,12829.3125,11882.455,11701.882,11386.751,12288.0
T000078,1987-01-31,12484.827,13303.74,12174.421,11712.867,11561.841,12564.0
T000078,1987-04-30,12778.465,13596.927,12437.598,11715.213,11653.6875,12552.0
T000078,1987-07-31,12786.954,13685.737,12558.372,12059.91,11676.477,12888.0
T000078,1987-10-31,13123.805,14149.807,12734.119,12311.105,11764.545,12892.0
T000079,1971-10-31,0.1326124,0.08693472,0.02436807,0.16884193,0.42941806,27244.0
T000079,1972-01-31,28958.57,50474.21,27244.021,29430.584,31134.523,28140.0
T000079,1972-04-30,29974.844,53964.43,27729.65,29161.408,27383.947,29140.0
T000079,1972-07-31,30917.621,60269.746,28682.021,30706.719,24291.223,29588.0
T000079,1972-10-31,31366.8,66171.89,29382.826,29374.799,18939.979,30936.0
T000079,1973-01-31,32677.203,61636.523,30318.645,29670.904,15073.076,31600.0
T000079,1973-04-30,33176.39,62660.6,31295.902,29211.104,17923.469,32496.0
T000079,1973-07-31,33836.227,56417.043,32085.65,29666.156,14307.301,33200.0
T000079,1973-10-31,34411.656,54228.348,32877.582,31019.463,20771.059,33232.0
T000079,1974-01-31,34753.438,47196.508,33217.344,31670.018,13823.82,33364.0
T000079,1974-04-30,34505.355,38672.746,33303.547,32555.27,29670.613,33992.0
T000079,1974-07-31,35005.98,38734.594,33704.39,33263.34,30272.291,33464.0
T000079,1974-10-31,34281.793,36810.43,33744.355,33252.445,31124.693,33776.0
T000079,1975-01-31,34462.96,36623.203,33633.11,33377.812,31627.459,34804.0
T000079,1975-04-30,35393.01,37617.84,34333.2,33543.75,32572.43,35008.0
T000079,1975-07-31,35512.812,37313.465,34914.57,33809.527,32798.8,35520.0
T000079,1975-10-31,36002.06,38137.76,35285.516,34027.72,33226.844,36140.0
T000079,1976-01-31,36697.363,39040.34,35856.055,34858.707,33699.26,36644.0
T000079,1976-04-30,37278.93,39895.336,36413.18,35046.734,33985.105,37116.0
T000079,1976-07-31,37784.81,40719.992,36899.832,35559.375,34464.477,37484.0
T000079,1976-10-31,38193.367,41082.582,37315.465,36187.45,34907.02,38564.0
T000079,1977-01-31,39422.402,43009.914,38069.383,36684.125,35211.547,37852.0
T000079,1977-04-30,38615.32,41227.516,38230.055,37145.785,35070.105,38437.0
T000079,1977-07-31,39122.535,41742.94,38169.082,37521.387,36101.664,38588.0
T000079,1977-10-31,39246.35,41612.09,38518.844,37907.02,36347.82,38288.0
T000079,1978-01-31,38784.027,40206.84,38447.293,38319.52,36571.67,39444.0
T000079,1978-04-30,39952.13,42150.062,38914.574,38449.066,37623.832,40004.0
T000079,1978-07-31,40516.87,42458.727,39747.53,38485.195,37792.656,40848.0
T000079,1978-10-31,41436.023,43987.902,40461.465,38626.38,38617.934,42280.0
T000079,1979-01-31,43033.258,46644.598,41624.17,39495.46,38484.64,42116.0
T000079,1979-04-30,42937.203,46090.99,42203.08,40065.09,38738.348,43240.0
T000079,1979-07-31,44232.38,48546.117,42725.23,40927.09,39151.312,44072.0
T000079,1979-10-31,45133.5,49652.812,43690.96,42189.67,39608.52,44656.0
T000079,1980-01-31,45778.566,50267.027,44388.54,42341.52,40400.805,45284.0
T000079,1980-04-30,46486.68,51327.992,44996.39,43302.086,41162.188,45992.0
T000079,1980-07-31,47149.367,51590.41,45667.75,44143.594,41405.44,47980.0
T000079,1980-10-31,49260.785,54787.008,47069.54,44712.965,42792.918,49016.0
T000079,1981-01-31,50340.63,55991.273,48541.535,45347.8,43315.832,49604.0
T000079,1981-04-30,50991.71,56633.633,49334.707,46083.695,44233.863,50812.0
T000079,1981-07-31,52370.164,58747.945,50258.76,48098.297,44420.52,51688.0
T000079,1981-10-31,53227.9,59376.777,51286.81,49111.957,45002.14,53404.0
T000079,1982-01-31,55008.28,61937.586,52618.11,49684.066,47500.355,54416.0
T000079,1982-04-30,56116.387,63116.117,53952.523,50890.742,48113.22,56064.0
T000079,1982-07-31,57909.4,65420.742,55309.25,51791.695,48634.52,57572.0
T000079,1982-10-31,59521.0,67542.73,56881.367,53518.684,49604.082,60192.0
T000079,1983-01-31,62244.664,71194.625,58992.094,54531.637,51133.89,61492.0
T000079,1983-04-30,63736.004,73169.91,60896.63,56178.895,52667.01,62308.0
T000079,1983-07-31,64645.984,73920.266,61934.29,57734.973,52888.51,63320.0
T000079,1983-10-31,65681.016,74991.83,62856.523,60362.633,54855.406,64776.0
T000079,1984-01-31,67083.38,76086.25,64109.184,61618.734,55709.5,66432.0
T000079,1984-04-30,68659.35,77738.4,65673.586,62386.312,58549.035,66536.0
T000079,1984-07-31,68664.58,76522.68,66488.37,63413.016,59211.035,67892.0
T000079,1984-10-31,69941.85,77663.37,67270.98,64894.105,60334.6,69596.0
T000079,1985-01-31,71559.41,79288.64,68815.6,66539.336,61654.07,71652.0
T000079,1985-04-30,73517.586,81450.78,70710.4,66650.15,63849.734,73528.0
T000079,1985-07-31,75571.04,84397.48,72668.83,67995.48,66004.195,75568.0
T000079,1985-10-31,77864.625,87425.734,74633.72,69733.68,65836.31,77616.0
T000079,1986-01-31,80132.44,90663.24,76678.055,71806.96,67068.76,78624.0
T000079,1986-04-30,81164.8,91500.63,78162.36,73685.5,67903.54,80256.0
T000079,1986-07-31,82863.19,93553.06,79508.58,75735.586,70547.56,82500.0
T000079,1986-10-31,85282.234,96607.2,81472.3,77774.4,71748.76,83620.0
T000079,1987-01-31,86349.44,97038.34,83107.06,78737.5,73388.97,84796.0
T000079,1987-04-30,87442.23,97761.2,84257.414,80399.67,75375.625,86168.0
T000079,1987-07-31,88714.516,98529.75,85539.66,82654.695,76492.31,87212.0
T000079,1987-10-31,89589.78,98656.02,86733.87,83730.53,78055.21,89308.0
T000080,1971-10-31,0.1326124,0.08693472,0.02436807,0.16884193,0.42941806,7727.0
T000080,1972-01-31,8213.287,14315.663,7727.021,8347.117,8830.747,7816.0
T000080,1972-04-30,8314.296,14992.403,7775.2397,8268.008,7693.7363,8171.0
T000080,1972-07-31,8667.87,16906.87,8008.4175,8544.863,6676.244,8382.0
T000080,1972-10-31,8883.761,18717.68,8285.366,8162.2544,5198.4375,8511.0
T000080,1973-01-31,8981.966,16944.53,8451.921,8323.008,4189.467,8604.0
T000080,1973-04-30,9020.414,17109.11,8561.408,8191.1084,5010.258,8699.0
T000080,1973-07-31,9028.374,14989.72,8655.492,8401.349,3908.981,8830.0
T000080,1973-10-31,9095.711,14192.316,8770.005,8522.788,5827.354,8955.0
T000080,1974-01-31,9294.628,12433.858,8897.753,8611.682,3732.3975,9132.0
T000080,1974-04-30,9369.04,10280.132,9050.9375,8707.697,8330.71,9197.0
T000080,1974-07-31,9423.602,10246.996,9167.231,8839.791,8297.353,9531.0
T000080,1974-10-31,9747.921,10678.003,9378.035,8966.803,8585.499,9571.0
T000080,1975-01-31,9784.697,10644.359,9552.681,9143.774,8724.577,9864.0
T000080,1975-04-30,10095.742,11095.73,9729.8125,9213.074,8865.353,9969.0
T000080,1975-07-31,10220.013,11252.611,9920.912,9548.515,9045.586,10091.0
T000080,1975-10-31,10342.167,11319.953,10035.127,9587.865,9027.321,10259.0
T000080,1976-01-31,10516.643,11581.296,10182.06,9879.338,9392.556,10536.0
T000080,1976-04-30,10799.907,11877.625,10409.14,9980.85,9388.033,10964.0
T000080,1976-07-31,11264.047,12585.264,10767.985,10106.833,9824.406,10871.0
T000080,1976-10-31,11168.8125,12288.817,10920.381,10275.921,9674.631,11457.0
T000080,1977-01-31,11790.301,13262.489,11188.624,10558.54,10096.075,11436.0
T000080,1977-04-30,11781.321,13115.265,11447.15,10890.309,9974.675,11757.0
T000080,1977-07-31,12095.064,13487.206,11609.988,10988.77,10362.845,12236.0
T000080,1977-10-31,12627.267,14358.54,12016.628,11460.017,10788.433,12325.0
T000080,1978-01-31,12719.285,14206.724,12284.24,11478.323,10651.972,12618.0
T000080,1978-04-30,13034.387,14742.054,12483.8125,11779.829,11235.014,12815.0
T000080,1978-07-31,13218.311,14788.75,12724.778,12267.109,11044.525,13149.0
T000080,1978-10-31,13550.366,15170.988,12996.035,12345.29,11681.723,13476.0
T000080,1979-01-31,13899.377,15651.088,13326.241,12635.985,11818.819,13868.0
T000080,1979-04-30,14291.141,16050.031,13688.472,12837.051,12188.809,14027.0
T000080,1979-07-31,14482.177,16268.34,13954.182,13173.599,12297.528,14416.0
T000080,1979-10-31,14869.991,16714.996,14237.846,13505.143,12450.455,14710.0
T000080,1980-01-31,15160.806,17023.705,14575.3545,13896.152,13007.31,15058.0
T000080,1980-04-30,15527.9795,17450.021,14898.623,14051.589,13166.834,15574.0
T000080,1980-07-31,16077.74,18224.832,15337.683,14440.802,13675.903,15930.0
T000080,1980-10-31,16462.422,18623.953,15766.959,14735.482,13708.745,16497.0
T000080,1981-01-31,17067.914,19483.836,16237.326,15089.938,14162.131,17050.0
T000080,1981-04-30,17664.871,20273.383,16796.738,15609.217,14459.706,17278.0
T000080,1981-07-31,17909.406,20449.977,17173.58,15967.791,14786.696,17627.0
T000080,1981-10-31,18281.625,20917.994,17467.166,16539.412,15125.149,17696.0
T000080,1982-01-31,18317.766,20654.326,17664.4,17089.756,15438.958,17924.0
T000080,1982-04-30,18504.223,20669.521,17819.58,17305.914,15916.686,18316.0
T000080,1982-07-31,18860.355,20964.85,18136.473,17648.844,16361.61,18421.0
T000080,1982-10-31,18906.473,20646.135,18372.912,17712.057,16708.69,19019.0
T000080,1983-01-31,19503.947,21452.271,18745.129,17944.79,17215.33,19161.0
T000080,1983-04-30,19607.664,21331.547,19095.967,18340.98,17304.512,19646.0
T000080,1983-07-31,20090.37,21954.367,19423.88,18452.23,17751.877,20396.0
T000080,1983-10-31,20912.719,23252.459,20052.516,19052.016,18226.701,20725.0
T000080,1984-01-31,21280.537,23590.486,20574.324,19194.857,18306.281,21324.0
T000080,1984-04-30,21966.83,24736.162,21049.67,19685.773,18826.521,21855.0
T000080,1984-07-31,22556.252,25466.738,21611.812,20447.502,18773.91,22300.0
T000080,1984-10-31,23031.904,26012.176,22096.2,20765.494,19438.01,22864.0
T000080,1985-01-31,23635.137,26848.537,22605.7,21367.19,19930.727,23536.0
T000080,1985-04-30,24334.322,27633.492,23228.238,21897.01,20366.889,24036.0
T000080,1985-07-31,24879.406,28272.71,23807.01,22339.236,20745.559,24435.0
T000080,1985-10-31,25267.316,28574.545,24252.266,22911.361,21144.521,25025.0
T000080,1986-01-31,25851.21,29190.008,24754.793,23587.635,21852.03,25703.0
T000080,1986-04-30,26552.229,30006.582,25392.49,24076.838,22297.734,26199.0
T000080,1986-07-31,27038.844,30455.914,25971.842,24473.824,22994.797,26860.0
T000080,1986-10-31,27725.846,31273.814,26557.275,25071.186,23513.281,26994.0
T000080,1987-01-31,27846.268,31089.959,26932.63,25752.602,23767.107,27581.0
T000080,1987-04-30,28406.367,31667.197,27312.166,26248.469,24343.26,28438.0
T000080,1987-07-31,29266.105,32738.715,28045.512,26902.844,25238.912,28694.0
T000080,1987-10-31,29503.32,32675.238,28576.758,27033.273,25621.207,29031.0
T000081,1971-10-31,0.1326124,0.08693472,0.02436807,0.16884193,0.42941806,2631.0
T000081,1972-01-31,2796.579,4874.46,2631.021,2842.104,3007.1025,2648.0
T000081,1972-04-30,2816.0334,5079.603,2640.2144,2814.9749,2613.796,2836.0
T000081,1972-07-31,3013.0867,5857.9287,2749.9,2896.6511,2274.2676,2835.0
T000081,1972-10-31,3006.4229,6340.1133,2835.531,2762.9893,1741.3162,2651.0
T000081,1973-01-31,2806.1162,5316.1294,2748.6992,2731.1492,1198.074,2697.0
T000081,1973-04-30,2827.7375,5386.1904,2675.9329,2684.553,1517.4325,2600.0
T000081,1973-07-31,2684.862,4357.924,2651.5044,2671.6165,1105.7494,2641.0
T000081,1973-10-31,2711.5063,4054.8137,2622.223,2682.4495,1826.51,2571.0
T000081,1974-01-31,2680.065,3273.5596,2608.1682,2666.942,1077.7219,2639.0
T000081,1974-04-30,2695.5908,2536.8486,2607.8574,2651.0107,2667.2285,2667.0
T000081,1974-07-31,2721.6506,2618.1084,2654.1765,2644.6462,2683.751,2764.0
T000081,1974-10-31,2798.8904,2741.1035,2719.576,2640.9312,2764.859,2861.0
T000081,1975-01-31,2901.3735,3030.2678,2816.576,2643.7598,2856.3616,2986.0
T000081,1975-04-30,3043.0835,3319.5454,2928.7527,2673.8948,2685.5654,2966.0
T000081,1975-07-31,3040.857,3341.5376,2976.6194,2770.4773,2728.1794,3090.0
T000081,1975-10-31,3183.9912,3592.3896,3033.2107,2869.5305,2632.246,3115.0
T000081,1976-01-31,3216.3225,3627.1138,3103.5505,2972.5562,2746.506,3159.0
T000081,1976-04-30,3263.1982,3665.37,3138.8489,2991.9058,2773.6729,3360.0
T000081,1976-07-31,3478.1982,4003.4766,3267.9463,3095.224,2929.5366,3278.0
T000081,1976-10-31,3388.839,3760.5234,3321.5398,3119.3318,2842.1462,3445.0
T000081,1977-01-31,3558.571,4032.354,3368.5176,3165.1284,3024.7583,3403.0
T000081,1977-04-30,3506.3726,3880.5134,3425.3008,3284.582,2987.162,3498.0
T000081,1977-07-31,3592.526,3953.247,3454.492,3366.3193,3136.0508,3698.0
T000081,1977-10-31,3812.949,4335.2354,3606.404,3407.2358,3243.2432,3692.0
T000081,1978-01-31,3798.8938,4191.5195,3695.1858,3450.134,3271.5686,3829.0
T000081,1978-04-30,3954.7395,4484.4683,3766.2568,3504.9763,3386.6768,3898.0
T000081,1978-07-31,4026.2456,4530.4497,3866.3994,3703.22,3304.719,4020.0
T000081,1978-10-31,4146.7583,4675.9053,3964.1265,3706.641,3533.4055,4190.0
T000081,1979-01-31,4338.831,4999.1675,4112.1436,3836.3733,3602.158,4388.0
T000081,1979-04-30,4552.3057,5262.5337,4297.3203,3907.3135,3686.015,4632.0
T000081,1979-07-31,4836.857,5727.1484,4520.253,4031.6448,3788.9875,4734.0
T000081,1979-10-31,4951.2925,5845.273,4687.286,4203.5244,3748.121,4869.0
T000081,1980-01-31,5096.053,6032.495,4807.173,4405.135,3979.0334,4927.0
T000081,1980-04-30,5161.179,6078.0063,4900.437,4648.6694,4016.451,4994.0
T000081,1980-07-31,5214.199,6051.487,4963.3154,4745.872,4205.689,5172.0
T000081,1980-10-31,5390.002,6257.0845,5090.4795,4878.3623,4419.8096,5264.0
T000081,1981-01-31,5471.6255,6244.3784,5221.8657,4933.2686,4496.0967,5281.0
T000081,1981-04-30,5468.512,6139.254,5273.2144,5002.3496,4647.3447,5406.0
T000081,1981-07-31,5576.5664,6223.035,5348.7524,5182.654,4734.71,5519.0
T000081,1981-10-31,5672.0435,6273.9014,5467.2485,5271.8384,4909.7744,5676.0
T000081,1982-01-31,5828.914,6477.514,5604.097,5289.6855,5087.6978,5764.0
T000081,1982-04-30,5920.9795,6569.5264,5723.6978,5413.9727,5197.4336,5916.0
T000081,1982-07-31,6088.035,6785.502,5846.387,5529.5117,5216.772,6143.0
T000081,1982-10-31,6332.7837,7147.7974,6039.0386,5686.5444,5326.133,6365.0
T000081,1983-01-31,6567.782,7457.3154,6263.3286,5775.4434,5468.4263,6715.0
T000081,1983-04-30,6962.5073,8083.24,6554.707,5931.503,5685.52,6654.0
T000081,1983-07-31,6918.532,7932.775,6686.389,6159.21,5612.1455,6443.0
T000081,1983-10-31,6682.216,7454.8853,6555.0356,6378.229,5653.816,6561.0
T000081,1984-01-31,6778.237,7517.124,6506.9585,6465.782,5858.4985,6761.0
T000081,1984-04-30,6942.4575,7594.421,6669.4043,6601.817,6131.954,7241.0
T000081,1984-07-31,7445.7705,8335.006,7021.17,6669.6,6410.4375,7193.0
T000081,1984-10-31,7406.5635,8154.1387,7218.487,6662.9717,6395.733,7398.0
T000081,1985-01-31,7622.819,8462.023,7304.1143,6781.9956,6557.5527,7401.0
T000081,1985-04-30,7614.624,8418.275,7399.626,7214.182,6547.4077,7639.0
T000081,1985-07-31,7832.638,8652.582,7530.001,7252.993,6747.68,8199.0
T000081,1985-10-31,8462.854,9757.052,7942.5317,7411.4385,7343.112,8058.0
T000081,1986-01-31,8348.578,9388.859,8132.867,7417.544,6984.03,8089.0
T000081,1986-04-30,8383.069,9430.204,8074.8027,7656.8237,7111.475,8049.0
T000081,1986-07-31,8301.65,9132.494,8070.239,8065.674,6909.6167,8641.0
T000081,1986-10-31,8873.457,9888.262,8369.876,8079.9404,7668.122,8320.0
T000081,1987-01-31,8534.11,9256.768,8490.442,8105.311,7741.16,8717.0
T000081,1987-04-30,8943.328,9792.97,8535.183,8102.4824,7902.4067,8867.0
T000081,1987-07-31,9127.943,10071.817,8798.303,8342.322,7942.787,8963.0
T000081,1987-10-31,9167.971,9902.133,8919.034,8658.1,7838.6016,9524.0
T000082,1971-10-31,0.1326124,0.08693472,0.02436807,0.16884193,0.42941806,8171.0
T000082,1972-01-31,8685.2295,15138.248,8171.021,8826.753,9338.145,8270.0
T000082,1972-04-30,8797.55,15863.145,8224.66,8743.171,8137.9844,8744.0
T000082,1972-07-31,9282.979,18074.508,8526.918,9041.425,7096.09,9099.0
T000082,1972-10-31,9656.115,20244.98,8936.417,8644.38,5556.764,9322.0
T000082,1973-01-31,9862.16,18558.441,9219.871,8898.159,4609.5425,9550.0
T000082,1973-04-30,10056.678,19018.918,9445.581,8773.853,5462.533,9677.0
T000082,1973-07-31,10101.505,16847.576,9618.837,9129.025,4386.035,10173.0
T000082,1973-10-31,10551.171,16672.307,9945.843,9341.677,6468.054,10413.0
T000082,1974-01-31,10903.344,15013.568,10303.085,9566.562,4272.7114,11188.0
T000082,1974-04-30,11677.262,13816.748,10833.066,9708.262,9224.194,11362.0
T000082,1974-07-31,11894.281,14027.01,11282.312,10203.24,9223.096,11302.0
T000082,1974-10-31,11796.621,13625.985,11333.858,10453.584,9230.158,11096.0
T000082,1975-01-31,11544.518,13098.495,11205.381,11123.044,9742.677,11326.0
T000082,1975-04-30,11713.81,13027.763,11220.665,11210.842,9908.489,11641.0
T000082,1975-07-31,11988.607,13286.152,11496.736,11323.173,10620.677,12043.0
T000082,1975-10-31,12383.219,13645.177,11858.893,11339.919,10645.57,12110.0
T000082,1976-01-31,12441.953,13573.6045,12079.315,11342.157,11044.213,12662.0
T000082,1976-04-30,13006.031,14394.859,12409.195,11666.974,11014.07,13329.0
T000082,1976-07-31,13697.694,15456.678,13023.528,12068.901,11483.529,13570.0
T000082,1976-10-31,13995.237,15866.983,13459.627,12143.795,11651.02,14818.0
T000082,1977-01-31,15430.029,18350.258,14246.442,12702.241,12322.139,14874.0
T000082,1977-04-30,15583.781,18404.605,14848.354,13374.968,11813.789,15674.0
T000082,1977-07-31,16451.346,19738.371,15307.616,13626.66,12408.789,16494.0
T000082,1977-10-31,17360.105,21116.246,16118.457,14880.305,13056.233,17676.0
T000082,1978-01-31,18638.986,22768.805,17134.668,14936.406,13428.613,18635.0
T000082,1978-04-30,19749.422,24575.768,18195.799,15729.385,14542.373,19199.0
T000082,1978-07-31,20371.502,25081.395,18940.7,16572.07,14175.03,20657.0
T000082,1978-10-31,21962.846,27527.422,19989.266,17764.418,15603.582,20658.0
T000082,1979-01-31,21949.928,26939.32,20657.543,18707.623,15240.075,21088.0
T000082,1979-04-30,22304.283,27046.797,20891.068,19278.406,16949.203,21274.0
T000082,1979-07-31,22466.97,26844.266,21188.816,20740.523,17335.686,21566.0
T000082,1979-10-31,22604.953,26163.846,21432.27,20692.098,17797.684,22617.0
T000082,1980-01-31,23582.018,27374.744,22135.664,21116.545,19405.217,23708.0
T000082,1980-04-30,24628.576,28322.676,23208.344,21323.521,19767.443,24896.0
T000082,1980-07-31,25902.52,30147.156,24351.92,21623.814,20704.727,26254.0
T000082,1980-10-31,27399.525,32389.09,25632.064,22688.74,20599.639,27410.0
T000082,1981-01-31,28678.191,34179.766,26880.576,23794.37,21509.129,28347.0
T000082,1981-04-30,29793.186,35926.727,27917.873,24994.996,22145.195,29420.0
T000082,1981-07-31,30988.205,37566.453,28928.588,26360.918,23237.146,30150.0
T000082,1981-10-31,31799.86,38391.58,29815.676,27505.395,23999.195,30565.0
T000082,1982-01-31,32187.248,38379.27,30374.94,28430.824,24761.352,31567.0
T000082,1982-04-30,33120.8,39150.043,31108.105,29501.916,26026.322,32350.0
T000082,1982-07-31,33815.535,39406.594,31991.402,30210.168,26917.502,32959.0
T000082,1982-10-31,34311.008,39471.824,32680.09,30625.244,28085.166,34270.0
T000082,1983-01-31,35591.254,40979.836,33669.59,31633.848,29163.975,36149.0
T000082,1983-04-30,37557.48,43583.984,35288.457,32416.645,30075.207,37711.0
T000082,1983-07-31,39258.395,45954.227,36995.637,33054.484,30975.771,38815.0
T000082,1983-10-31,40503.266,47629.074,38309.39,34383.96,31771.932,41105.0
T000082,1984-01-31,43060.016,51520.35,40056.227,36289.227,32694.559,42034.0
T000082,1984-04-30,44130.266,52695.586,41608.54,37833.438,33289.355,44261.0
T000082,1984-07-31,46496.55,56066.65,43241.082,38950.277,35322.125,46084.0
T000082,1984-10-31,48525.85,58747.98,45249.105,41252.74,36710.14,48548.0
T000082,1985-01-31,51193.234,62144.406,47419.54,42179.06,37439.18,50175.0
T000082,1985-04-30,52943.984,64359.695,49429.867,44410.77,39432.848,52165.0
T000082,1985-07-31,54994.78,66497.32,51253.62,46256.168,40440.992,55212.0
T000082,1985-10-31,58261.812,71165.17,53816.54,48725.348,43301.484,55737.0
T000082,1986-01-31,58762.117,70591.83,55496.562,50325.926,43525.523,58866.0
T000082,1986-04-30,61992.0,75055.41,57432.984,52349.953,47080.754,60869.0
T000082,1986-07-31,64132.99,77270.266,59951.668,55410.16,48094.05,64887.0
T000082,1986-10-31,68294.83,82695.125,63046.84,55953.734,50350.684,66974.0
T000082,1987-01-31,70576.76,85596.664,66018.195,59055.938,53403.594,70459.0
T000082,1987-04-30,74276.98,90064.75,68862.945,61111.89,54158.453,72736.0
T000082,1987-07-31,76802.89,93479.24,71693.18,65154.62,57349.473,73379.0
T000082,1987-10-31,77282.29,92290.68,73084.516,67213.98,57308.84,76025.0
T000083,1971-10-31,0.1326124,0.08693472,0.02436807,0.16884193,0.42941806,1473.0
T000083,1972-01-31,1565.7122,2729.0688,1473.0209,1591.1611,1683.755,1435.0
T000083,1972-04-30,1525.2449,2757.0862,1455.177,1533.8835,1421.2404,1509.0
T000083,1972-07-31,1601.8855,3128.6812,1475.1095,1608.716,1260.4368,1689.0
T000083,1972-10-31,1796.5995,3729.0706,1606.5637,1542.0793,1027.8804,1850.0
T000083,1973-01-31,1969.294,3648.5938,1776.2654,1536.5382,833.2479,1967.0
T000083,1973-04-30,2095.5752,3914.7036,1913.4164,1516.8171,984.95496,2049.0
T000083,1973-07-31,2182.2737,3683.6138,2011.4457,1701.4148,912.0325,2230.0
T000083,1973-10-31,2366.5264,3846.5781,2147.1057,1863.3721,1257.186,2291.0
T000083,1974-01-31,2456.4531,3587.0986,2263.0632,1976.4844,955.53955,2547.0
T000083,1974-04-30,2736.3635,3574.267,2429.7573,2060.3223,1851.7092,2597.0
T000083,1974-07-31,2805.6812,3627.2468,2574.101,2241.326,1833.2368,2433.0
T000083,1974-10-31,2616.4236,3203.607,2520.0796,2300.4524,1773.0687,2398.0
T000083,1975-01-31,2552.3813,3024.1904,2416.584,2417.0186,1956.4047,2406.0
T000083,1975-04-30,2518.0254,2802.8193,2402.3362,2442.2556,2024.2157,2483.0
T000083,1975-07-31,2568.91,2793.7864,2447.7356,2456.579,2262.4624,2469.0
T000083,1975-10-31,2541.2974,2656.1975,2476.4336,2451.3857,2255.296,2459.0
T000083,1976-01-31,2522.7476,2539.4287,2464.3098,2434.3384,2379.15,2708.0
T000083,1976-04-30,2770.8386,2970.8936,2593.9631,2463.3325,2465.4795,2847.0
T000083,1976-07-31,2902.8489,3162.6836,2783.3408,2481.257,2574.4912,3145.0
T000083,1976-10-31,3243.655,3799.6099,3008.5222,2496.5747,2682.851,3606.0
T000083,1977-01-31,3803.6602,4791.2344,3394.8716,2724.101,2608.9597,3598.0
T000083,1977-04-30,3840.9941,4820.9136,3602.2478,2866.0088,2438.234,3948.0
T000083,1977-07-31,4241.2812,5546.2188,3787.7073,3171.3408,2661.5151,4238.0
T000083,1977-10-31,4575.0835,6019.8643,4105.186,3625.1057,2755.9417,4739.0
T000083,1978-01-31,5129.6035,6836.6597,4509.5522,3632.7998,3087.0007,4939.0
T000083,1978-04-30,5372.1343,7188.574,4847.4043,3969.3032,3389.23,5180.0
T000083,1978-07-31,5631.078,7402.839,5069.627,4269.614,3352.844,5343.0
T000083,1978-10-31,5803.2666,7586.411,5268.3496,4770.505,3700.897,5222.0
T000083,1979-01-31,5616.4375,6995.8584,5286.248,4957.387,3683.6104,5357.0
T000083,1979-04-30,5700.795,6969.8813,5295.173,5196.5615,4380.429,5338.0
T000083,1979-07-31,5647.94,6612.872,5348.0884,5233.3936,4344.328,5354.0
T000083,1979-10-31,5592.189,6281.4478,5346.6724,5341.099,4682.4707,5305.0
T000083,1980-01-31,5481.8916,5924.6597,5331.0176,5343.975,4739.872,5580.0
T000083,1980-04-30,5700.526,6102.7183,5454.0557,5344.4204,5108.551,5756.0
T000083,1980-07-31,5870.135,6338.146,5675.3955,5367.8057,5271.142,6272.0
T000083,1980-10-31,6420.8447,7208.263,6035.6826,5377.6353,5411.1226,6622.0
T000083,1981-01-31,6855.1562,7960.2295,6461.707,5597.2563,5548.7144,6847.0
T000083,1981-04-30,7149.6963,8452.415,6743.9546,5783.9463,5316.2466,7162.0
T000083,1981-07-31,7527.0337,9132.03,7017.7363,6305.3027,5555.755,7237.0
T000083,1981-10-31,7628.635,9180.966,7202.6514,6652.286,5529.362,7109.0
T000083,1982-01-31,7488.923,8857.604,7176.965,6864.4404,5995.2285,6872.0
T000083,1982-04-30,7206.889,8181.69,6997.841,6924.73,5944.526,6875.0
T000083,1982-07-31,7142.155,7769.2,6873.626,6936.5747,6243.734,6761.0
T000083,1982-10-31,6955.5493,7171.5586,6821.531,6923.47,6291.7173,6954.0
T000083,1983-01-31,7082.1274,7135.0376,6865.61,6932.0176,6630.496,7515.0
T000083,1983-04-30,7649.073,8008.6875,7258.0737,6911.2637,7025.8984,7901.0
T000083,1983-07-31,8063.1753,8663.03,7724.22,6899.2793,7182.928,8093.0
T000083,1983-10-31,8299.895,9178.336,8005.068,6975.05,7409.4155,8733.0
T000083,1984-01-31,9044.921,10541.319,8439.894,7551.7227,7377.69,9119.0
T000083,1984-04-30,9536.161,11388.84,8942.22,7931.1553,7273.427,9589.0
T000083,1984-07-31,10097.086,12355.742,9373.75,8129.179,7488.278,10335.0
T000083,1984-10-31,10962.144,13741.834,9993.348,8772.885,7927.6694,11192.0
T000083,1985-01-31,11944.613,15167.346,10799.512,9157.212,7990.9185,11470.0
T000083,1985-04-30,12271.666,15534.963,11342.682,9635.325,8237.475,11766.0
T000083,1985-07-31,12568.768,15761.546,11630.438,10392.693,8628.354,12754.0
T000083,1985-10-31,13620.133,17247.91,12301.517,11250.547,9391.559,12620.0
T000083,1986-01-31,13443.416,16515.422,12691.15,11500.22,9511.879,13866.0
T000083,1986-04-30,14715.066,18374.32,13295.357,11809.584,10838.875,14691.0
T000083,1986-07-31,15623.971,19483.328,14313.167,12668.077,10980.594,15203.0
T000083,1986-10-31,16148.671,19875.07,14968.515,12818.479,11121.016,15780.0
T000083,1987-01-31,16750.389,20796.992,15515.746,13933.437,12046.549,16049.0
T000083,1987-04-30,16986.271,20564.32,15925.804,14764.191,12054.372,16380.0
T000083,1987-07-31,17307.525,20893.473,16228.409,15253.126,13240.463,16399.0
T000083,1987-10-31,17232.49,20258.697,16390.299,15818.916,13437.423,16738.0
T000084,1971-10-31,0.1326124,0.08693472,0.02436807,0.16884193,0.42941806,81.0
T000084,1972-01-31,86.1852,150.15317,81.02093,87.43774,92.99518,91.0
T000084,1972-04-30,97.50163,174.35355,86.420204,86.797066,84.6573,100.0
T000084,1972-07-31,106.93768,204.90385,95.87819,98.76246,83.99898,92.0
T000084,1972-10-31,98.60337,206.6117,96.24779,95.069176,59.81612,87.0
T000084,1973-01-31,93.23667,177.96265,89.65487,93.08276,43.363205,97.0
T000084,1973-04-30,102.45647,192.80325,92.420204,92.0592,54.622765,113.0
T000084,1973-07-31,117.93474,194.86505,105.67233,93.76592,49.20504,104.0
T000084,1973-10-31,108.47153,168.6202,108.77876,97.24619,64.84,97.0
T000084,1974-01-31,103.46038,137.17941,100.71681,97.62546,42.384575,109.0
T000084,1974-04-30,114.41997,131.58795,103.50425,99.19254,91.52384,126.0
T000084,1974-07-31,130.90427,154.07126,118.214355,105.601036,98.036194,114.0
T000084,1974-10-31,118.56475,132.7851,120.37168,109.35796,103.119095,108.0
T000084,1975-01-31,114.228035,125.44435,111.185844,108.80584,98.17105,123.0
T000084,1975-04-30,129.66359,150.46475,116.13031,111.44871,101.718925,132.0
T000084,1975-07-31,136.86958,156.48953,127.87819,115.85346,104.34142,121.0
T000084,1975-10-31,124.88493,135.67462,126.84071,121.809654,115.82956,121.0
T000084,1976-01-31,127.11371,138.7884,121.02437,121.36269,110.454056,147.0
T000084,1976-04-30,154.60764,183.58705,135.09254,122.88049,119.22324,152.0
T000084,1976-07-31,158.29512,185.52939,149.7101,124.5045,119.194626,139.0
T000084,1976-10-31,144.98276,162.84802,145.90266,132.49687,125.83286,136.0
T000084,1977-01-31,144.15341,162.58203,137.59293,137.17508,116.92063,151.0
T000084,1977-04-30,158.44305,182.19429,144.13031,142.12741,122.88467,153.0
T000084,1977-07-31,157.86983,176.90366,152.08405,147.568,134.18243,146.0
T000084,1977-10-31,150.94435,161.6362,149.71681,146.73785,137.94006,140.0
T000084,1978-01-31,147.11194,152.55057,143.18584,141.7572,132.71848,161.0
T000084,1978-04-30,166.69351,183.03767,151.38243,148.03304,137.9908,170.0
T000084,1978-07-31,173.46712,191.4513,165.87819,151.68692,153.17175,161.0
T000084,1978-10-31,165.28499,177.21074,165.77876,153.35228,157.26454,157.0
T000084,1979-01-31,163.64885,178.31912,159.1239,157.46864,148.8806,179.0
T000084,1979-04-30,185.90833,212.56693,168.92445,161.91406,147.63297,190.0
T000084,1979-07-31,196.31465,227.18947,184.96223,162.73221,160.79388,179.0
T000084,1979-10-31,185.73262,208.44579,184.84071,170.40349,159.09477,178.0
T000084,1980-01-31,186.98978,211.01353,178.53098,178.70906,158.27568,195.0
T000084,1980-04-30,203.88083,234.96384,187.21436,179.97751,157.85184,205.0
T000084,1980-07-31,211.78656,242.86423,200.42021,181.02473,177.44724,201.0
T000084,1980-10-31,207.97964,235.0489,203.1239,190.49535,179.59291,198.0
T000085,1971-10-31,0.1326124,0.08693472,0.02436807,0.16884193,0.42941806,48.0
T000085,1972-01-31,51.117012,89.01506,48.020924,51.789734,55.28321,51.0
T000085,1972-04-30,54.432877,97.772675,49.62606,51.40194,48.87456,47.0
T000085,1972-07-31,50.095154,98.26773,49.123894,52.370323,39.70855,51.0
T000085,1972-10-31,54.28986,114.45071,49.168083,50.175278,31.888271,50.0
T000085,1973-01-31,52.696327,99.680435,50.530975,51.090435,24.3385,55.0
T000085,1973-04-30,57.549683,107.504814,52.710102,50.087914,31.358442,51.0
T000085,1973-07-31,53.10553,87.94877,53.123894,51.16884,23.681507,56.0
T000085,1973-10-31,57.905823,89.49245,53.710102,51.141594,35.61658,56.0
T000085,1974-01-31,58.555264,79.42366,56.02437,51.432182,23.694672,59.0
T000085,1974-04-30,60.641144,67.63481,57.62606,55.153316,49.52176,55.0
T000085,1974-07-31,56.947823,62.146736,57.123894,55.192043,52.72046,59.0
T000085,1974-10-31,60.966183,67.41136,57.168083,56.13193,51.58538,58.0
T000085,1975-01-31,59.695312,65.14187,58.530975,56.369762,55.39883,60.0
T000085,1975-04-30,61.348267,66.03818,59.08404,58.058567,52.418938,56.0
T000085,1975-07-31,57.554234,59.09528,58.123894,58.644558,56.305557,62.0
T000085,1975-10-31,63.535492,68.22065,59.252125,58.184906,53.59148,62.0
T000085,1976-01-31,63.24177,67.75799,62.02437,59.13848,59.567905,66.0
T000085,1976-04-30,67.29768,73.56893,64.16808,60.142593,58.938396,62.0
T000085,1976-07-31,63.886406,68.371445,64.12389,62.101032,61.00423,71.0
T000085,1976-10-31,73.38885,83.76146,66.87819,62.241608,58.495243,73.0
T000085,1977-01-31,75.70452,88.05067,72.08404,62.578915,64.16554,78.0
T000085,1977-04-30,81.17542,95.79528,75.710106,66.26956,61.38449,72.0
T000085,1977-07-31,75.82367,87.54593,75.185844,71.16329,61.823925,79.0
T000085,1977-10-31,82.98553,97.52963,75.79414,72.268906,60.747303,80.0
T000085,1978-01-31,83.59021,97.89351,79.54202,73.58505,70.925705,85.0
T000085,1978-04-30,88.45818,102.85084,82.710106,78.20583,68.62578,79.0
T000085,1978-07-31,82.71354,92.97202,82.185844,79.11751,72.56223,91.0
T000085,1978-10-31,95.21478,111.35536,85.50425,79.30165,72.75755,91.0
T000085,1979-01-31,94.71549,109.50975,91.02437,80.58835,79.74821,94.0
T000085,1979-04-30,97.35041,111.48456,92.62606,85.34402,76.37554,85.0
T000085,1979-07-31,88.9304,97.3864,89.77876,86.05115,79.305824,97.0
T000085,1979-10-31,100.97965,114.933716,91.50425,91.319466,79.58233,97.0
T000085,1980-01-31,100.40306,113.32786,97.02437,91.569695,86.026634,104.0
T000085,1980-04-30,107.25585,121.61038,100.79414,94.23055,88.39407,94.0
T000085,1980-07-31,98.34677,106.398766,99.30974,94.59991,91.68814,106.0
T000085,1980-10-31,110.12109,124.051285,100.50425,97.3319,86.33639,105.0
T000085,1981-01-31,108.33618,120.95239,105.530975,97.93295,95.058205,104.0
T000085,1981-04-30,106.39631,114.19685,104.530975,104.13654,92.66951,92.0
T000085,1981-07-31,96.15382,96.22184,98.37168,107.01911,96.64224,102.0
T000085,1981-10-31,105.165306,108.26808,97.420204,103.97914,88.71436,103.0
T000085,1982-01-31,105.07138,106.99132,102.54202,104.79502,104.868004,108.0
T000085,1982-04-30,109.6431,112.17394,105.710106,103.27467,101.12839,99.0
T000085,1982-07-31,102.574814,100.057144,103.77876,102.73198,107.7621,113.0
T000085,1982-10-31,116.225296,124.47051,106.58829,102.328445,100.112175,114.0
T000085,1983-01-31,116.65338,126.51376,113.54202,103.746216,109.06927,123.0
T000085,1983-04-30,125.94859,141.88007,118.87819,108.349594,106.43411,111.0
T000085,1983-07-31,115.98448,126.9324,117.37168,111.35991,106.474785,124.0
T000085,1983-10-31,129.26933,147.92403,118.04627,113.40352,100.41354,126.0
T000085,1984-01-31,130.7938,150.3504,125.08404,115.20781,112.30195,135.0
T000085,1984-04-30,139.6307,160.31146,130.87819,123.35724,110.87512,116.0
T000085,1984-07-31,121.86581,129.97203,126.0885,124.88532,112.27328,134.0
T000085,1984-10-31,139.65398,157.13022,125.75637,124.7224,106.74271,133.0
T000085,1985-01-31,137.42323,151.9679,133.53098,127.385796,124.973526,142.0
T000085,1985-04-30,145.59276,160.93694,137.87819,133.20912,121.22228,125.0
T000085,1985-07-31,130.70367,135.95764,134.02655,134.7824,128.0676,143.0
T000085,1985-10-31,148.27214,162.50351,134.75638,133.63751,118.57501,144.0
T000085,1986-01-31,148.49156,164.30646,143.54202,135.30524,137.50154,155.0
T000085,1986-04-30,158.75769,176.70833,149.96223,142.32454,131.39986,131.0
T000085,1986-07-31,137.72484,140.64539,143.74336,144.70497,138.47362,134.0
T000085,1986-10-31,139.20334,140.82317,132.62607,137.7526,117.97131,152.0
T000085,1987-01-31,156.12068,170.41306,143.75638,145.15677,142.19513,158.0
T000085,1987-04-30,161.09114,171.07433,155.25212,145.1771,140.67245,137.0
T000085,1987-07-31,142.67276,141.10783,148.15045,138.68504,149.76602,154.0
T000085,1987-10-31,160.443,172.40286,146.21436,138.62775,134.9566,150.0
T000086,1971-10-31,0.1326124,0.08693472,0.02436807,0.16884193,0.42941806,226.0
T000086,1972-01-31,240.28659,418.79022,226.02092,244.07483,258.69934,204.0
T000086,1972-04-30,218.76657,393.76093,215.68143,217.47319,201.92172,203.0
T000086,1972-07-31,217.35599,426.64056,203.53098,223.37468,166.8263,212.0
T000086,1972-10-31,225.87323,479.8439,207.87819,211.86153,130.02827,193.0
T000086,1973-01-31,205.4577,379.82318,203.0885,214.80142,90.86636,187.0
T000086,1973-04-30,198.3165,372.18073,190.18584,207.34467,121.35918,196.0
T000086,1973-07-31,206.03416,321.28296,191.87819,199.3322,90.64475,201.0
T000086,1973-10-31,209.6783,301.5259,198.7101,198.38788,150.18907,197.0
T000086,1974-01-31,206.36534,247.99777,199.1239,198.01405,82.55144,193.0
T000086,1974-04-30,198.78067,177.95613,195.1239,193.58484,212.83138,203.0
T000086,1974-07-31,206.76576,205.16676,198.42021,196.49515,206.10101,190.0
T000086,1974-10-31,192.65984,181.27254,196.90266,197.35216,194.84795,190.0
T000086,1975-01-31,192.52238,182.33727,190.02437,195.03722,201.84499,179.0
T000086,1975-04-30,183.17834,167.4219,184.84071,191.51192,190.92482,158.0
T000086,1975-07-31,164.97435,123.485405,169.15045,193.67783,181.08624,178.0
T000086,1975-10-31,185.87773,158.56111,168.84041,184.76935,199.32848,135.0
T000086,1976-01-31,146.51459,72.704926,157.83186,185.11267,190.68317,134.0
T000086,1976-04-30,148.87097,75.50795,134.53098,165.63475,194.89618,115.0
T000086,1976-07-31,133.18382,43.65828,125.0885,142.80852,185.77681,142.0
T000086,1976-10-31,158.19861,82.69259,129.63457,141.50229,196.77074,131.0
T000086,1977-01-31,146.62816,83.70956,136.84071,140.76242,178.56499,146.0
T000086,1977-04-30,158.41776,111.79674,139.13031,134.29665,171.87968,132.0
T000086,1977-07-31,144.8548,113.26821,139.43362,133.41368,168.37796,141.0
T000086,1977-10-31,147.56969,129.47368,136.87819,133.23846,136.7174,135.0
T000086,1978-01-31,141.39647,131.97891,138.18584,136.45656,163.83481,134.0
T000086,1978-04-30,135.85912,132.09648,134.53098,135.44696,126.1826,115.0
T000086,1978-07-31,121.34122,105.93173,125.0885,136.25702,137.81339,131.0
T000086,1978-10-31,135.89758,127.11082,123.67233,135.53874,117.9105,113.0
T000086,1979-01-31,119.15355,89.691086,122.557526,134.67255,140.35268,116.0
T000086,1979-04-30,121.73104,92.530106,114.62606,119.21321,128.51694,112.0
T000086,1979-07-31,119.86186,89.95569,114.12389,116.983406,148.42416,119.0
T000086,1979-10-31,124.733215,98.85459,115.79414,117.01617,125.344345,118.0
T000086,1980-01-31,123.719574,106.442894,118.530975,117.877464,136.96843,124.0
T000086,1980-04-30,127.33293,116.994385,121.25212,116.19475,125.50202,112.0
T000086,1980-07-31,116.68049,105.35608,118.37168,117.598206,129.83685,123.0
T000086,1980-10-31,125.342384,127.12782,117.96223,118.54313,111.71434,109.0
T000086,1981-01-31,112.15056,101.54552,116.43363,120.04324,124.00145,149.0
T000086,1981-04-30,153.62614,176.39226,130.68083,118.97289,123.87372,186.0
T000086,1981-07-31,196.48962,250.92433,169.05476,124.6407,139.06058,245.0
T000086,1981-10-31,264.16882,363.28555,217.97922,125.4287,139.77464,249.0
T000086,1982-01-31,276.38257,393.008,247.16808,151.28784,135.12791,218.0
T000086,1982-04-30,246.76183,338.50485,234.46019,188.35318,95.984024,282.0
T000086,1982-07-31,315.1181,460.10687,252.68933,220.06363,148.55717,431.0
T000086,1982-10-31,477.94818,713.548,362.7611,250.74008,204.1492,435.0
T000087,1971-10-31,0.1326124,0.08693472,0.02436807,0.16884193,0.42941806,19308.0
T000087,1972-01-31,20523.125,35771.43,19308.021,20857.629,22065.367,20088.0
T000087,1972-04-30,21408.584,38519.88,19730.775,20669.422,19471.244,20660.0
T000087,1972-07-31,21919.623,42738.918,20398.035,21919.781,17291.328,21212.0
T000087,1972-10-31,22497.15,47375.414,20959.195,20986.04,13566.61,21396.0
T000087,1973-01-31,22589.686,42734.92,21311.732,21052.08,10407.839,21752.0
T000087,1973-04-30,22789.115,43162.523,21588.959,20712.002,12475.27,22120.0
T000087,1973-07-31,22951.797,38180.344,21951.463,21252.879,10021.442,22096.0
T000087,1973-10-31,22748.13,35370.938,22108.744,21420.816,14573.946,22396.0
T000087,1974-01-31,23259.232,31029.053,22258.605,21777.838,9410.999,22552.0
T000087,1974-04-30,23093.684,24943.984,22480.555,22120.553,20568.111,22896.0
T000087,1974-07-31,23344.781,25012.158,22738.455,22139.133,21214.7,22788.0
T000087,1974-10-31,23158.242,24464.393,22845.346,22411.088,21527.055,23060.0
T000087,1975-01-31,23384.6,24586.531,22935.43,22570.723,21804.947,23020.0
T000087,1975-04-30,23313.283,24338.992,23041.238,22800.2,22031.348,23616.0
T000087,1975-07-31,23891.066,25085.283,23343.045,22909.455,22355.896,24184.0
T000087,1975-10-31,24515.453,26060.389,23923.867,23043.102,22856.502,24492.0
T000087,1976-01-31,24882.777,26507.066,24350.943,23088.418,22726.623,24576.0
T000087,1976-04-30,25005.84,26747.73,24537.53,23651.875,22935.184,24908.0
T000087,1976-07-31,25360.764,27164.436,24755.951,24229.268,22733.797,25136.0
T000087,1976-10-31,25585.62,27415.357,25031.58,24519.557,23521.273,25256.0
T000087,1977-01-31,25698.787,27430.035,25201.043,24595.48,23712.033,25432.0
T000087,1977-04-30,25870.14,27512.46,25351.396,24928.375,24134.385,25784.0
T000087,1977-07-31,26229.732,27845.963,25622.791,25155.219,24040.855,26100.0
T000087,1977-10-31,26492.086,28044.162,25955.28,25271.076,24505.396,25348.0
T000087,1978-01-31,25631.607,26353.484,25747.293,25387.867,24513.727,25824.0
T000087,1978-04-30,26089.979,27019.777,25606.002,25489.145,24968.705,26252.0
T000087,1978-07-31,26512.975,27510.688,26055.984,25839.389,25150.855,26296.0
T000087,1978-10-31,26501.627,27244.543,26275.85,25846.904,25325.375,26972.0
T000087,1979-01-31,27265.914,28636.146,26662.406,26119.043,25958.27,27104.0
T000087,1979-04-30,27446.67,28675.398,27043.547,26282.178,25725.848,26868.0
T000087,1979-07-31,27191.87,28279.4,26993.31,26324.031,25882.383,27400.0
T000087,1979-10-31,27716.398,29150.027,27156.355,26896.684,26024.01,27704.0
T000087,1980-01-31,28053.205,29454.688,27564.773,26994.424,26472.39,28256.0
T000087,1980-04-30,28699.355,30555.521,28003.195,27124.98,26614.145,28492.0
T000087,1980-07-31,28942.994,30779.688,28383.916,27422.475,26712.611,29180.0
T000087,1980-10-31,29687.328,31809.498,28864.91,27739.246,27085.379,29772.0
T000087,1981-01-31,30355.104,32884.758,29500.877,28290.557,27147.29,29696.0
T000087,1981-04-30,30245.05,32416.74,29736.354,28532.04,27390.104,30336.0
T000087,1981-07-31,30962.742,33612.133,30042.893,29224.848,28176.844,30680.0
T000087,1981-10-31,31347.55,33942.94,30522.455,29732.422,27964.752,31064.0
T000087,1982-01-31,31696.615,34216.39,30888.137,29807.06,28761.809,31064.0
T000087,1982-04-30,31670.383,33958.902,31064.023,30366.695,29055.152,31756.0
T000087,1982-07-31,32356.334,34698.008,31439.078,30714.176,29390.969,32156.0
T000087,1982-10-31,32758.693,35157.082,31972.809,31088.086,29851.033,32824.0
T000087,1983-01-31,33405.016,35890.91,32518.07,31101.643,30348.088,33256.0
T000087,1983-04-30,33894.48,36576.074,33058.152,31795.852,30956.12,33172.0
T000087,1983-07-31,33815.582,36150.594,33216.6,32199.2,30366.326,33920.0
T000087,1983-10-31,34563.36,37271.914,33577.43,32868.3,31527.838,34128.0
T000087,1984-01-31,34744.613,37182.11,34032.742,33198.75,31679.244,34556.0
T000087,1984-04-30,35171.19,37644.18,34359.984,33286.94,32575.438,35224.0
T000087,1984-07-31,35903.207,38682.812,34918.07,33956.613,32651.748,35108.0
T000087,1984-10-31,35719.16,37882.42,35169.594,34158.344,32702.91,35996.0
T000087,1985-01-31,36629.863,39322.89,35589.312,34590.47,33526.99,36332.0
T000087,1985-04-30,36945.9,39466.586,36178.117,35140.383,33739.33,36648.0
T000087,1985-07-31,37269.523,39741.668,36503.277,35264.742,34275.016,37304.0
T000087,1985-10-31,37998.883,40912.062,37003.566,36039.023,34627.93,37580.0
T000087,1986-01-31,38243.133,40802.67,37453.598,36366.895,34868.176,38428.0
T000087,1986-04-30,39151.516,42239.246,38039.633,36688.004,35712.477,38268.0
T000087,1986-07-31,38949.63,41526.586,38352.957,37342.44,35635.06,38652.0
T000087,1986-10-31,39312.96,41835.875,38476.137,37622.56,36305.137,39300.0
T000087,1987-01-31,39996.19,42790.758,39003.23,38302.875,36621.5,38800.0
T000087,1987-04-30,39341.703,41102.14,39065.49,38446.6,36858.785,39028.0
T000087,1987-07-31,39532.62,41342.05,38923.582,38667.754,37667.97,39732.0
T000087,1987-10-31,40220.418,42047.74,39409.582,38850.508,37753.363,40216.0
T000088,1964-10-31,0.1326124,0.08693472,0.02436807,0.16884193,0.42941806,72.0
T000088,1965-01-31,76.62096,133.47913,72.02093,77.71555,82.7101,76.0
T000088,1965-04-30,81.078674,145.71094,74.16808,77.09565,73.09093,65.0
T000088,1965-07-31,70.016304,137.3526,70.84071,78.141594,59.07895,80.0
T000088,1965-10-31,85.73048,177.9674,73.13031,75.46961,50.86075,78.0
T000088,1966-01-31,82.82922,154.58794,79.06195,77.28438,39.741985,83.0
T000088,1966-04-30,87.290245,162.273,80.710106,76.23425,49.236397,72.0
T000088,1966-07-31,76.33096,126.39857,77.84071,77.23903,34.52482,87.0
T000088,1966-10-31,90.56542,139.56387,80.13031,78.449776,53.801468,87.0
T000088,1967-01-31,91.372314,125.27426,87.02437,80.452995,39.074825,89.0
T000088,1967-04-30,91.645515,102.05324,88.08404,83.227104,74.797516,76.0
T000088,1967-07-31,80.819824,83.77426,82.90266,85.01945,79.43083,93.0
T000088,1967-10-31,97.245636,109.39369,85.214355,87.40817,72.7315,95.0
T000088,1968-01-31,98.19014,110.68033,94.08404,87.599174,88.185425,95.0
T000088,1968-04-30,97.62402,107.150505,95.02437,89.18966,83.59187,79.0
T000088,1968-07-31,84.32609,83.561264,87.49558,91.89316,87.6613,93.0
T000088,1968-10-31,96.99303,103.49804,86.58829,93.821396,78.26055,91.0
T000088,1969-01-31,93.44821,96.2024,92.06195,95.308655,91.84819,95.0
T000088,1969-04-30,96.64655,99.08814,93.16808,93.84535,89.805565,80.0
T000088,1969-07-31,85.126114,77.900635,87.96461,94.16229,94.05019,100.0
T000088,1969-10-31,104.271965,110.3027,90.840416,91.52602,86.45312,100.0
T000088,1970-01-31,102.81219,109.199646,100.02437,93.45386,98.85845,104.0
T000088,1970-04-30,106.145775,113.50735,102.16808,95.27049,96.49951,88.0
T000088,1970-07-31,93.48608,94.40212,96.49558,96.98959,97.5392,108.0
T000088,1970-10-31,112.730804,126.48903,98.840416,100.53864,86.30134,107.0
T000088,1971-01-31,110.769646,123.864624,107.530975,100.85955,99.99471,109.0
T000088,1971-04-30,111.87518,122.549126,108.08404,104.21222,96.02789,92.0
T000088,1971-07-31,98.32399,98.72052,101.02655,106.65537,101.96351,114.0
T000088,1971-10-31,119.28577,131.91478,103.92445,107.560234,90.80872,115.0
T000088,1972-01-31,118.551544,130.75958,114.54202,108.54263,109.462654,117.0
T000088,1972-04-30,119.76602,129.79807,116.08404,109.24184,104.96815,98.0
T000088,1972-07-31,104.68206,103.79104,108.0885,111.871735,109.98135,121.0
T000088,1972-10-31,126.44302,139.55882,110.46648,114.632645,98.443474,114.0
T000088,1973-01-31,117.46596,123.528206,117.71681,115.688156,113.02412,124.0
T000088,1973-04-30,126.69792,137.0019,119.420204,115.20836,112.4262,103.0
T000088,1973-07-31,110.01663,107.27897,114.150444,117.742805,116.351074,129.0
T000088,1973-10-31,134.75491,147.66986,117.09254,115.107925,105.21842,131.0
T000089,1976-10-31,0.1326124,0.08693472,0.02436807,0.16884193,0.42941806,13.9
T000089,1977-01-31,14.882928,25.839039,13.920923,14.954827,16.314161,15.6
T000089,1977-04-30,16.7134,29.889496,14.821435,14.89479,14.520521,15.2
T000089,1977-07-31,16.190388,31.476631,15.412389,16.55247,12.99148,15.1
T000089,1977-10-31,16.079475,34.004635,15.153097,15.7809925,9.8941555,16.0
T000089,1978-01-31,16.947206,32.12836,15.587819,15.487646,7.699064,15.8
T000089,1978-04-30,16.54517,31.1014,15.906195,15.248386,8.968689,14.6
T000089,1978-07-31,15.15768,25.006805,15.237169,15.397675,6.845848,15.5
T000089,1978-10-31,15.961526,24.457794,15.087819,15.368648,10.280548,15.5
T000089,1979-01-31,16.120064,20.558931,15.524368,15.6748905,6.932666,15.2
T000089,1979-04-30,15.434829,15.370348,15.359292,15.690046,14.473342,15.4
T000089,1979-07-31,15.609024,15.516187,15.308403,15.482712,15.681706,15.7
T000089,1979-10-31,15.909292,15.896488,15.562606,15.42205,15.532907,15.6
T000089,1980-01-31,15.764628,15.887998,15.653097,15.509257,15.485863,15.8
T000089,1980-04-30,15.90647,16.080324,15.708405,15.508582,15.6841955,16.1
T000089,1980-07-31,16.295464,16.874077,15.962607,15.613089,16.080198,16.1
T000089,1980-10-31,16.323042,17.0645,16.124369,15.708768,15.071248,16.1
T000089,1981-01-31,16.244524,16.865484,16.124369,15.812066,15.552106,17.4
T000089,1981-04-30,17.696117,19.25776,16.804626,16.126406,16.053421,15.2
T000089,1981-07-31,15.505294,15.219742,16.368141,16.372303,15.072194,14.7
T000089,1981-10-31,15.006979,14.17936,14.965487,16.554047,15.069366,14.8
T000089,1982-01-31,15.189564,14.03412,14.754202,15.473842,15.484215,14.7
T000089,1982-04-30,15.070032,12.978818,14.753098,15.027615,15.627106,13.5
T000089,1982-07-31,14.09797,11.1446495,14.137169,15.05537,15.643802,16.3
T000089,1982-10-31,16.950733,15.946381,15.017657,14.793058,16.59347,16.7
T000089,1983-01-31,17.29551,17.120968,16.516808,14.7698145,17.06409,16.7
T000089,1983-04-30,17.1618,17.526663,16.72437,14.867073,15.973,17.5
T000089,1983-07-31,18.129286,20.08135,17.133617,16.392483,17.154242,17.3
T000089,1983-10-31,17.936028,19.900013,17.406195,16.758036,15.14398,17.8
T000089,1984-01-31,18.477571,21.304047,17.571009,16.72986,16.263962,16.8
T000089,1984-04-30,17.391306,18.9135,17.330973,16.898699,15.274874,16.9
T000089,1984-07-31,17.52364,18.696857,16.8542,17.064371,16.118425,16.3
T000089,1984-10-31,16.864918,17.189903,16.618584,17.040276,14.709519,16.6
T000089,1985-01-31,16.801641,16.16149,16.462606,16.945091,16.292772,17.1
T000089,1985-04-30,17.362587,17.12412,16.87101,16.940079,17.256817,15.7
T000089,1985-07-31,16.016207,14.186285,16.443363,16.78759,16.38595,17.3
T000089,1985-10-31,17.661972,17.386162,16.567234,16.65559,17.985443,17.9
T000089,1986-01-31,18.155315,18.437204,17.625212,16.6983,17.392866,17.5
T000089,1986-04-30,17.724588,17.85669,17.71239,17.120712,17.841604,17.7
T000089,1986-07-31,18.028109,19.228592,17.608404,17.323874,17.053146,17.9
T000089,1986-10-31,18.241972,19.170734,17.808403,17.535913,17.026886,16.1
T000089,1987-01-31,16.449436,16.090057,17.055752,17.729137,16.527224,16.5
T000089,1987-04-30,16.765797,16.379055,16.316807,17.823273,16.441656,17.8
T000089,1987-07-31,18.15723,18.317184,17.204626,17.670681,18.062752,19.3
T000089,1987-10-31,19.766315,20.96984,18.61303,17.725004,17.630833,17.2
T000089,1988-01-31,17.65383,17.285873,18.315044,17.291504,17.440529,17.0
T000089,1988-04-30,17.481379,16.991096,17.106195,17.25956,17.464647,18.1
T000089,1988-07-31,18.48349,19.164907,17.596222,17.584599,17.705734,18.2
T000089,1988-10-31,18.382174,18.600534,18.154203,18.00409,17.65648,16.8
T000090,1976-10-31,0.1326124,0.08693472,0.02436807,0.16884193,0.42941806,13.6
T000090,1977-01-31,14.564162,25.28324,13.620924,14.630793,15.971325,13.5
T000090,1977-04-30,14.348826,25.90962,13.553098,14.439137,13.372448,13.9
T000090,1977-07-31,14.730612,28.833694,13.716808,14.87124,11.489853,13.8
T000090,1977-10-31,14.58393,31.079372,13.853098,14.1642,8.823226,13.7
T000090,1978-01-31,14.414325,27.232048,13.753098,14.079002,6.472492,14.2
T000090,1978-04-30,14.775315,28.080994,13.97101,13.710408,8.228311,14.5
T000090,1978-07-31,14.942872,24.552242,14.362607,13.824043,6.3303394,13.6
T000090,1978-10-31,13.941448,21.260265,14.077876,13.87667,9.32589,14.9
T000090,1979-01-31,15.395493,20.37349,14.304627,13.846852,5.8776965,15.1
T000090,1979-04-30,15.371944,16.43453,15.008404,14.253803,13.912908,15.2
T000090,1979-07-31,15.46282,16.574898,15.1542015,14.522194,13.831614,14.4
T000090,1979-10-31,14.72107,15.367539,14.824779,14.577819,13.95664,14.6
T000090,1980-01-31,14.869452,15.2953005,14.508404,14.749509,14.01165,14.5
T000090,1980-04-30,14.735939,15.073749,14.553098,14.674635,14.183134,13.6
T000090,1980-07-31,13.788677,12.76997,14.077876,14.627498,13.852663,13.9
T000090,1980-10-31,14.246924,13.404713,13.762607,14.563405,14.98236,14.0
T000090,1981-01-31,14.337595,13.309153,13.954202,14.135224,14.086037,14.7
T000090,1981-04-30,14.9799,14.293387,14.379415,14.095346,15.3407,15.4
T000090,1981-07-31,15.653704,15.916009,15.079413,14.036352,15.417115,14.9
T000090,1981-10-31,15.17006,15.260516,15.165486,14.029285,15.181982,15.1
T000090,1982-01-31,15.382828,16.277027,15.008404,14.734602,14.669406,13.4
T000090,1982-04-30,13.651827,12.993235,14.302655,15.055295,13.88849,12.8
T000090,1982-07-31,13.143156,11.709479,13.118585,15.123437,13.872998,12.9
T000090,1982-10-31,13.3739805,11.739439,12.854202,13.702152,13.6996,13.9
T000090,1983-01-31,14.366367,12.738221,13.44202,13.702632,14.526469,11.9
T000090,1983-04-30,12.592986,9.342653,12.9619465,13.265479,14.394579,13.1
T000090,1983-07-31,13.836288,11.418509,12.550425,13.059903,14.245175,13.7
T000090,1983-10-31,14.32254,12.821723,13.425212,13.047482,15.086646,14.0
T000090,1984-01-31,14.323258,13.467442,13.862607,13.149755,14.423025,15.0
T000090,1984-04-30,15.385714,16.583622,14.542021,13.731211,15.259366,14.8
T000090,1984-07-31,15.242229,16.489418,14.906195,13.752064,13.480322,15.4
T000090,1984-10-31,15.966351,18.254356,15.125213,14.046668,14.057628,15.7
T000090,1985-01-31,16.24086,18.548023,15.562606,14.839528,13.224048,15.7
T000090,1985-04-30,16.261412,18.203478,15.724368,15.028433,14.443813,16.5
T000090,1985-07-31,17.223982,20.054008,16.133617,15.427506,13.933264,14.9
T000090,1985-10-31,15.380533,16.158268,15.7495575,15.59613,13.659588,15.6
T000090,1986-01-31,16.006624,17.045338,15.279414,15.737543,14.553898,15.5
T000090,1986-04-30,15.805873,16.289707,15.553098,15.688778,14.515562,15.5
T000090,1986-07-31,15.674761,15.453639,15.524368,15.6145115,15.38324,16.0
T000090,1986-10-31,16.250134,16.791027,15.77101,15.555799,15.575778,15.3
T000090,1987-01-31,15.493576,14.840549,15.671681,15.5849905,15.148383,15.6
T000090,1987-04-30,15.815887,15.722046,15.462607,15.554774,16.021627,15.5
T000090,1987-07-31,15.640504,15.341742,15.553098,15.556118,15.131603,16.1
T000090,1987-10-31,16.246225,16.318611,15.8252125,15.560381,16.444006,16.3
T000090,1988-01-31,16.49584,17.281654,16.208405,15.629347,15.38178,16.8
T000090,1988-04-30,17.005432,17.89378,16.571009,15.624526,15.742347,18.1
T000090,1988-07-31,18.528303,20.70033,17.504627,16.134586,16.21502,17.3
T000090,1988-10-31,17.728306,19.142794,17.72478,16.333416,15.608184,19.2
T000090,1989-01-31,19.805387,22.881992,18.32984,16.844294,16.74547,19.3
T000090,1989-04-30,20.061266,23.155472,19.254202,17.364618,15.94262,18.4
T000090,1989-07-31,19.066685,21.08802,18.877874,18.146685,16.269947,18.6
T000090,1989-10-31,19.292458,21.662327,18.508404,18.468596,16.51142,18.2
T000091,1977-07-31,0.1326124,0.08693472,0.02436807,0.16884193,0.42941806,2.7
T000091,1977-10-31,2.9901726,5.089142,2.7136283,2.868374,3.5149438,6.1
T000091,1978-01-31,6.773241,11.626604,4.5428705,2.8525615,4.176825,3.2
T000091,1978-04-30,3.7878656,6.892565,4.739824,3.3714857,2.5205257,8.4
T000091,1978-07-31,9.302673,17.431444,6.0185075,3.3715506,3.459311,3.0
T000091,1978-10-31,4.021216,7.168219,5.8672576,3.7452185,0.39839888,4.8
T000091,1979-01-31,5.5605264,9.490981,3.9756374,3.6469452,1.2234647,3.4
T000091,1979-04-30,4.3003073,7.025694,4.1433635,3.7951937,1.1638098,5.8
T000091,1979-07-31,6.3329225,7.9746027,4.70085,4.1023407,1.7594045,3.2
T000091,1979-10-31,4.2313423,4.568889,4.5805316,4.041312,2.575718,8.2
T000091,1980-01-31,9.111439,10.585153,5.910104,3.6492403,2.5216224,5.4
T000091,1980-04-30,6.568986,6.65601,6.8867264,5.012553,7.7595463,7.7
T000091,1980-07-31,8.472808,10.243347,6.646648,5.501429,3.2612798,4.5
T000091,1980-10-31,5.602617,5.47121,6.1991158,5.853405,7.376819,8.2
T000091,1981-01-31,8.997709,11.352815,6.505477,5.821834,3.5386593,10.4
T000091,1981-04-30,11.50486,16.538616,9.392445,7.747234,7.994959,6.6
T000091,1981-07-31,7.4231973,7.787117,8.6177,6.8480725,3.2210605,5.3
T000091,1981-10-31,6.601767,7.036297,5.9902654,7.309404,6.7686563,6.6
T000092,1977-07-31,0.1326124,0.08693472,0.02436807,0.16884193,0.42941806,11.1
T000092,1977-10-31,11.908316,20.651566,11.120916,11.930889,13.114357,14.0
T000092,1978-01-31,15.113233,26.793282,12.671861,11.889574,12.277008,15.9
T000092,1978-04-30,17.129154,32.328136,15.0298395,15.136248,13.51051,17.1
T000092,1978-07-31,18.411991,37.142834,16.550425,14.765119,11.008353,14.9
T000092,1978-10-31,16.284798,30.926271,16.068142,15.19289,7.7566414,21.7
T000092,1979-01-31,23.486551,43.09451,18.585741,15.052027,10.388746,21.1
T000092,1979-04-30,22.743229,38.51314,21.418585,16.102236,8.915131,17.7
T000092,1979-07-31,18.963503,30.221306,19.505312,17.26739,9.689477,24.1
T000092,1979-10-31,26.259386,39.972893,21.168934,17.989315,10.292463,33.8
T000092,1980-01-31,36.957207,51.368664,29.357601,21.503605,17.434156,33.6
T000092,1980-04-30,36.95784,51.337795,33.706192,21.914364,18.900362,34.6
T000092,1980-07-31,38.56478,54.266792,34.142017,24.492739,19.378477,31.3
T000092,1980-10-31,35.467037,47.664722,33.05221,31.61633,18.799292,52.9
T000092,1981-01-31,58.437332,85.257835,43.00765,34.035114,24.925066,39.3
T000092,1981-04-30,43.94221,57.63569,46.52124,34.34865,27.61894,47.6
T000092,1981-07-31,52.81968,72.116196,43.79877,34.976517,31.303978,45.5
T000092,1981-10-31,51.548927,69.58621,46.615044,40.371857,26.839428,58.2
T000093,1977-07-31,0.1326124,0.08693472,0.02436807,0.16884193,0.42941806,26.2
T000093,1977-10-31,27.952208,48.626873,26.220924,28.240698,30.370447,42.6
T000093,1978-01-31,46.64479,81.3593,35.08914,27.981087,33.199734,68.0
T000093,1978-04-30,74.73959,134.47559,56.367325,45.49378,52.683388,93.4
T000093,1978-07-31,102.81027,191.21843,81.76733,44.701298,48.800842,193.5
T000093,1978-10-31,216.34914,381.11212,147.65628,70.80685,88.330536,99.5
T000093,1979-01-31,123.35691,216.94186,149.41153,70.18673,36.64473,187.5
T000093,1979-04-30,214.04355,380.19067,147.19783,96.11466,82.65658,163.8
T000093,1979-07-31,189.37643,329.39792,176.38406,110.58805,60.661453,221.3
T000093,1979-10-31,247.66208,388.8216,194.9662,165.5262,74.91978,192.1
T000093,1980-01-31,228.18257,351.99915,207.60445,188.86537,86.386856,135.8
T000093,1980-04-30,162.88303,183.29248,165.69383,176.13905,62.40953,226.7
T000093,1980-07-31,256.02414,359.17307,185.06969,191.35425,167.23,273.5
T000093,1980-10-31,294.8673,376.5567,252.06657,198.09976,140.57484,247.1
T000093,1981-01-31,268.86908,329.78418,261.1177,222.63573,247.63158,176.7
T000093,1981-04-30,203.74188,230.69064,214.08054,202.40404,115.42912,204.3
T000093,1981-07-31,224.10997,236.12968,191.65977,222.33961,185.95883,186.3
T000093,1981-10-31,201.03012,188.37796,195.85753,212.75507,165.70941,107.7
T000094,1977-07-31,0.1326124,0.08693472,0.02436807,0.16884193,0.42941806,23.6
T000094,1977-10-31,25.18957,43.80993,23.620924,25.432163,27.399199,30.4
T000094,1978-01-31,32.85969,58.168495,27.285742,25.277136,26.382683,29.0
T000094,1978-04-30,31.199001,59.76264,29.743364,31.44324,25.420137,27.8
T000094,1978-07-31,29.909418,62.70523,28.437168,29.131567,18.613749,30.6
T000094,1978-10-31,32.840126,62.380142,29.31766,29.566534,15.526941,37.5
T000094,1979-01-31,39.87621,72.916275,34.339943,29.289581,19.253754,38.2
T000094,1979-04-30,40.46129,68.34728,37.879414,30.519922,17.508095,34.3
T000094,1979-07-31,36.51247,58.056534,36.370796,30.79144,19.601093,38.3
T000094,1979-10-31,41.299385,59.61493,36.468082,34.507027,15.148407,46.5
T000094,1980-01-31,49.857067,64.40905,42.74457,37.755867,28.429625,40.3
T000094,1980-04-30,42.806652,50.66073,43.592037,38.42188,33.09052,37.8
T000094,1980-07-31,40.577415,47.02084,39.127434,38.855083,33.452034,31.5
T000094,1980-10-31,34.47791,33.175476,34.845135,39.77337,30.323248,44.9
T000094,1981-01-31,47.008713,52.29392,38.76308,40.36162,36.442917,45.8
T000094,1981-04-30,47.46886,52.003883,45.387817,40.870285,40.68756,37.0
T000094,1981-07-31,39.220116,35.354435,41.67257,38.531624,38.060852,40.5
T000094,1981-10-31,43.85749,46.51536,38.89707,38.56828,38.192135,55.0
T000095,1977-07-31,0.1326124,0.08693472,0.02436807,0.16884193,0.42941806,36.8
T000095,1977-10-31,39.215538,68.26517,36.820923,39.691013,42.483994,50.3
T000095,1978-01-31,54.55982,96.19577,44.11728,39.40692,42.41888,47.0
T000095,1978-04-30,50.788544,96.77891,48.752213,50.844482,41.71078,50.1
T000095,1978-07-31,53.893307,110.99959,48.680264,49.56825,33.920933,43.9
T000095,1978-10-31,47.905975,91.535416,47.192036,47.868465,23.11931,56.7
T000095,1979-01-31,60.425133,110.743866,50.837868,47.41951,30.072733,51.2
T000095,1979-04-30,54.098213,90.88395,54.120358,50.375267,26.305202,43.1
T000095,1979-07-31,45.310543,66.93406,47.400887,48.543835,27.703012,50.1
T000095,1979-10-31,54.05247,72.66594,46.894142,51.311718,26.808119,59.1
T000095,1980-01-31,61.80138,69.10367,54.978184,51.58208,44.387917,54.3
T000095,1980-04-30,56.100582,59.782745,56.84867,51.679916,55.154335,53.3
T000095,1980-07-31,55.60908,59.888657,53.830975,51.38734,47.37473,51.9
T000095,1980-10-31,54.894543,56.75163,52.64336,52.680935,52.02962,68.9
T000095,1981-01-31,72.14452,86.68291,61.114353,54.715233,50.839188,65.2
T000095,1981-04-30,67.84584,78.1494,67.164604,54.7747,57.093742,58.9
T000095,1981-07-31,62.557762,69.16293,62.245132,54.582348,52.484188,64.5
T000095,1981-10-31,69.10237,83.0052,61.935318,59.574738,50.19199,80.0
T000096,1977-07-31,0.1326124,0.08693472,0.02436807,0.16884193,0.42941806,157.8
T000096,1977-10-31,167.8043,292.43817,157.82092,170.40097,180.76125,209.1
T000096,1978-01-31,226.3996,399.99884,185.60568,169.00888,178.98305,193.1
T000096,1978-04-30,208.37213,398.64706,201.59558,208.92255,171.01161,211.1
T000096,1978-07-31,226.70595,467.25592,202.85638,203.53206,140.68784,191.7
T000096,1978-10-31,207.79996,395.9385,202.00089,196.64857,97.33308,241.3
T000096,1979-01-31,256.74857,471.29675,218.58423,195.31776,125.25291,331.2
T000096,1979-04-30,354.10733,600.99164,290.02768,212.86781,144.00671,410.5
T000096,1979-07-31,442.4929,720.61914,374.18225,215.33754,176.85115,354.2
T000096,1979-10-31,398.72668,609.7792,384.0938,244.72536,107.50051,410.2
T000096,1980-01-31,461.38525,661.8307,384.55316,336.74628,164.21954,473.9
T000096,1980-04-30,527.33325,755.8976,444.7267,359.67303,234.71527,544.5
T000096,1980-07-31,602.3759,857.23804,512.1667,413.22635,311.5064,326.3
T000096,1980-10-31,381.34485,457.7749,442.15845,439.58896,245.60692,416.6
T000096,1981-01-31,469.4682,577.0604,375.24448,434.6646,260.79834,440.8
T000096,1981-04-30,480.7001,554.9912,429.71692,432.0576,349.65442,456.1
T000096,1981-07-31,476.2483,483.0666,449.09293,456.45135,377.29724,391.4
T000096,1981-10-31,425.37833,405.6233,425.754,437.69702,442.51813,488.3
T000097,1977-07-31,0.1326124,0.08693472,0.02436807,0.16884193,0.42941806,368.3
T000097,1977-10-31,391.5279,682.42505,368.32092,397.79605,421.31796,451.4
T000097,1978-01-31,486.42075,864.1238,413.3419,394.55875,401.5555,472.4
T000097,1978-04-30,506.67688,967.80273,462.78244,490.24927,404.74155,522.0
T000097,1978-07-31,559.7721,1140.8885,499.28424,476.37183,333.0783,461.1
T000097,1978-10-31,499.73834,948.77563,493.43628,469.31723,227.97899,532.1
T000097,1979-01-31,568.4913,1061.3843,499.58347,463.65836,276.3216,635.9
T000097,1979-04-30,674.7235,1144.8552,588.36176,481.6592,274.8291,677.2
T000097,1979-07-31,714.5131,1144.5619,658.2855,525.22864,345.95657,764.2
T000097,1979-10-31,827.9233,1249.3267,724.35583,536.67993,316.0682,885.4
T000097,1980-01-31,971.2602,1338.3806,829.89294,642.9555,485.04214,1058.4
T000097,1980-04-30,1162.242,1643.3962,979.1696,684.4177,564.302,1138.9
T000097,1980-07-31,1260.1794,1798.1487,1102.0327,772.1149,612.41016,995.1
T000097,1980-10-31,1117.743,1522.0114,1071.454,892.628,592.8446,1051.0
T000097,1981-01-31,1174.7246,1601.6077,1025.3989,1001.42676,644.8646,1132.7
T000097,1981-04-30,1239.1798,1620.0256,1095.2831,1060.6582,739.8136,1238.3
T000097,1981-07-31,1331.0127,1690.6189,1189.9374,1067.0189,915.4352,1153.8
T000097,1981-10-31,1243.187,1499.855,1198.6674,1134.4528,916.3014,1411.4
T000098,1977-07-31,0.1326124,0.08693472,0.02436807,0.16884193,0.42941806,133.7
T000098,1977-10-31,142.19139,247.78882,133.72092,144.36667,153.22008,194.4
T000098,1978-01-31,211.60732,371.5885,166.60065,143.04861,159.26253,186.9
T000098,1978-04-30,202.52954,382.81824,190.8823,202.14606,166.28722,189.9
T000098,1978-07-31,205.16954,421.21454,188.52606,197.50325,131.4032,184.1
T000098,1978-10-31,200.7385,383.6886,187.17964,190.66916,95.46061,216.3
T000098,1979-01-31,230.89604,424.24002,201.55309,188.09116,112.33128,235.2
T000098,1979-04-30,248.84686,423.4975,226.54419,191.40096,106.15384,293.9
T000098,1979-07-31,311.43756,503.07095,267.0166,192.5136,140.03387,292.7
T000098,1979-10-31,320.12863,477.36536,293.33716,217.9838,111.956055,403.8
T000098,1980-01-31,443.9159,633.5413,352.91852,239.01488,185.48003,401.1
T000098,1980-04-30,444.48175,625.69196,402.53363,295.8653,218.73485,425.3
T000098,1980-07-31,472.92926,665.5293,414.21692,298.00162,215.01643,348.2
T000098,1980-10-31,395.4016,533.6846,389.13806,354.56854,243.19727,386.1
T000098,1981-01-31,426.21414,545.9019,368.7426,395.2473,228.41522,425.1
T000098,1981-04-30,461.24814,589.5974,407.23883,405.5417,320.53354,443.1
T000098,1981-07-31,472.7412,558.1325,434.85638,403.0351,326.99103,386.6
T000098,1981-10-31,416.1722,455.60983,416.6,391.836,374.05557,534.6
T000099,1977-10-31,0.1326124,0.08693472,0.02436807,0.16884193,0.42941806,101.6
T000099,1978-01-31,108.07716,188.31815,101.620926,109.69073,116.5366,99.4
T000099,1978-04-30,105.63862,190.93144,100.568146,106.26567,98.450066,102.3
T000099,1978-07-31,108.47732,212.45087,100.97186,111.0582,85.57913,103.4
T000099,1978-10-31,109.29227,232.43814,102.896225,105.83121,66.44737,103.5
T000099,1979-01-31,108.85405,205.12823,103.4542,104.891495,49.27917,100.7
T000099,1979-04-30,104.82284,200.0348,102.18672,101.91108,59.62989,93.6
T000099,1979-07-31,96.98871,156.5273,97.36991,102.144005,42.46105,93.7
T000099,1979-10-31,96.93444,143.04446,93.6542,102.295906,69.13449,93.6
T000099,1980-01-31,97.79741,115.93337,93.65309,94.78487,41.371925,95.0
T000099,1980-04-30,97.33896,86.645325,94.35883,95.15012,104.40116,93.3
T000099,1980-07-31,96.20684,85.368004,94.20266,94.57035,98.00817,86.2
T000099,1980-10-31,89.70068,72.1192,89.96991,95.06944,95.65258,87.1
T000099,1981-01-31,90.540436,75.42795,86.68781,95.279785,97.94635,86.2
T000099,1981-04-30,88.94105,73.52101,86.67787,87.898926,97.78125,85.9
T000099,1981-07-31,88.32789,74.76723,86.059296,87.53753,99.789764,81.8
T000099,1981-10-31,84.69622,70.855934,83.977,87.01678,91.46688,77.9
T000099,1982-01-31,81.50429,63.388496,79.9708,87.289825,89.68047,72.3
T000099,1982-04-30,76.47064,54.392845,75.27346,83.275955,89.72979,64.8
T000099,1982-07-31,69.71173,39.674152,68.7823,80.033775,88.70659,65.0
T000099,1982-10-31,70.66418,41.520607,64.90841,75.105316,90.24593,57.0
T000099,1983-01-31,63.49752,27.88916,61.24779,67.886635,84.006966,54.6
T000099,1983-04-30,62.11284,24.475708,55.874336,67.47917,83.51247,59.1
T000099,1983-07-31,66.43629,35.511436,57.039093,61.310383,79.34274,59.4
T000099,1983-10-31,65.51462,37.744213,59.262608,60.380955,80.15914,66.5
T000099,1984-01-31,71.214836,58.349697,63.24835,59.321415,81.002914,71.3
T000099,1984-04-30,74.640785,72.64671,69.1017,59.271133,77.27828,71.4
T000099,1984-07-31,74.11726,78.9185,71.35421,59.73493,74.380775,72.8
T000099,1984-10-31,75.70185,87.41687,72.15884,66.84541,67.01385,71.8
T000099,1985-01-31,74.86086,85.504135,72.33098,71.601364,65.93336,70.3
T000099,1985-04-30,73.58194,83.90187,71.096466,71.64564,63.29334,71.2
T000099,1985-07-31,74.18302,82.96127,70.78782,71.632286,62.153236,74.4
T000099,1985-10-31,76.9525,84.26839,72.93447,71.86373,67.31967,76.6
T000099,1986-01-31,78.94324,86.159966,75.592445,71.92672,67.44512,78.2
T000099,1986-04-30,79.9041,86.472786,77.467224,71.916115,69.834045,77.8
T000099,1986-07-31,79.42079,85.116104,78.01239,74.57864,71.784256,77.2
T000099,1986-10-31,78.755104,83.94919,77.518585,76.74675,71.27787,78.9
T000099,1987-01-31,80.35393,86.40021,78.12144,77.27125,74.10553,79.6
T000099,1987-04-30,81.10635,86.81616,79.27941,77.87676,75.40643,80.9
T000099,1987-07-31,82.59727,88.71713,80.30463,78.24687,75.42658,76.5
T000099,1987-10-31,77.90174,79.36351,78.83628,78.31626,73.18262,73.2
T000099,1988-01-31,74.31383,71.19329,74.95221,78.323875,73.891914,71.6
T000099,1988-04-30,73.007126,66.53199,72.449554,77.63123,75.27487,68.3
T000099,1988-07-31,70.33046,57.917664,70.05221,74.52671,76.712074,67.4
T000099,1988-10-31,70.16224,56.28058,67.877884,73.06566,79.0198,66.8
T000099,1989-01-31,70.19079,54.591347,67.11859,69.34533,76.975555,64.8
T000099,1989-04-30,68.51786,51.066475,65.86195,68.18705,77.50615,64.4
T000099,1989-07-31,67.92333,51.867943,64.6124,67.53175,74.414,67.0
T000099,1989-10-31,69.81788,58.02902,65.80925,67.290855,75.716896,69.5
T000099,1990-01-31,71.35956,65.7851,68.35505,66.864235,74.7089,67.7
T000099,1990-04-30,68.972435,65.51691,68.655754,66.839134,71.03221,66.6
T000099,1990-07-31,67.667366,65.88948,67.18407,66.706245,69.35409,62.8
T000099,1990-10-31,63.673172,60.11866,64.817696,67.747734,66.05905,58.9
T000099,1991-01-31,60.198883,52.31846,60.970795,67.65559,64.98167,59.4
T000099,1991-04-30,61.237957,52.644875,59.171013,64.26342,65.74189,59.9
T000099,1991-07-31,62.034863,52.28562,59.671013,60.88131,66.26206,61.0
T000099,1991-10-31,63.454697,54.492977,60.496223,60.834404,66.613075,63.0
T000100,1978-01-31,0.1326124,0.08693472,0.02436807,0.16884193,0.42941806,132.1
T000100,1978-04-30,140.49098,244.82458,132.12093,142.63826,151.39162,176.7
T000100,1978-07-31,191.42398,337.99127,156.27412,141.4802,150.56427,171.7
T000100,1978-10-31,185.10167,352.62286,174.35486,186.10066,150.78745,215.2
T000100,1979-01-31,231.86624,464.37854,195.2779,182.1492,132.30995,119.6
T000100,1979-04-30,138.99449,261.7309,170.36108,176.74951,81.34752,272.1
T000100,1979-07-31,297.30408,531.8458,202.25818,174.73334,143.41675,256.3
T000100,1979-10-31,279.51825,467.41827,264.6894,183.63904,115.46779,158.1
T000100,1980-01-31,175.60303,249.74368,210.24161,181.60034,95.10475,193.5
T000100,1980-04-30,223.39851,322.30243,177.28754,208.39531,93.93351,315.9
T000100,1980-07-31,342.43524,429.91376,259.84335,219.15915,162.94308,290.0
T000100,1980-10-31,313.57553,390.60477,303.75223,259.56793,236.50134,213.1
T000100,1981-01-31,238.04927,257.7569,253.93188,218.85738,165.18556,337.5
T000100,1981-04-30,376.7269,487.74396,280.52737,223.25778,277.83353,343.3
T000100,1981-07-31,378.52487,479.6846,340.6437,294.77374,206.75064,395.1
T000100,1981-10-31,417.76453,546.9584,371.37668,317.89926,313.65915,309.1
T000100,1982-01-31,349.67972,423.70233,354.76373,312.52292,285.77243,239.3
T000100,1982-04-30,277.05563,278.52924,276.36197,339.68823,205.6338,424.0
T000100,1982-07-31,458.60352,593.692,339.41122,347.65228,288.51382,532.7
T000100,1982-10-31,563.43317,710.2225,482.91766,353.81516,356.75586,392.6
T000100,1983-01-31,435.68573,506.7307,466.98944,398.36932,371.40314,454.2
T000100,1983-04-30,508.79974,659.6576,425.9885,396.66132,277.0521,1009.4
T000100,1983-07-31,1107.8872,1628.3618,755.13,450.8327,533.7733,826.7
T000101,1976-10-31,0.1326124,0.08693472,0.02436807,0.16884193,0.42941806,82.0
T000101,1977-01-31,87.2479,152.00583,82.02093,88.517975,94.13797,81.8
T000101,1977-04-30,86.95781,156.94878,81.9062,87.50384,81.03013,81.4
T000101,1977-07-31,86.15565,169.34656,81.6124,89.419304,68.15812,81.1
T000101,1977-10-31,85.79365,183.34247,81.25929,84.725525,52.23932,80.7
T000101,1978-01-31,84.89373,160.18167,80.912384,83.88552,37.97645,81.8
T000101,1978-04-30,84.944275,161.15851,81.29623,81.576164,48.381413,82.9
T000101,1978-07-31,85.233086,139.25468,82.396225,81.4638,37.038498,83.3
T000101,1978-10-31,85.21495,129.73358,83.11681,81.43153,57.518238,83.8
T000101,1979-01-31,86.214325,111.38063,83.571014,81.864426,34.011185,84.3
T000101,1979-04-30,84.89242,87.30688,84.071014,82.98395,82.08234,85.8
T000101,1979-07-31,86.57411,90.3071,85.11304,83.3477,82.387955,85.6
T000101,1979-10-31,86.47091,90.02441,85.70619,83.84004,82.635635,88.2
T000101,1980-01-31,89.38358,94.78359,87.00925,84.38133,83.50181,89.4
T000101,1980-04-30,90.84237,96.8995,88.850426,85.67889,83.399765,88.3
T000101,1980-07-31,89.59062,94.09151,88.88408,85.89733,82.93478,87.9
T000101,1980-10-31,89.113625,93.30557,88.1124,87.97419,84.590324,87.4
T000101,1981-01-31,88.39628,90.917816,87.66549,88.29015,84.008064,86.7
T000101,1981-04-30,87.44677,88.53564,87.071686,88.113045,85.228195,86.9
T000101,1981-07-31,87.514595,87.71321,86.80841,87.67947,85.448555,87.0
T000101,1981-10-31,87.6386,86.70399,86.9542,87.18919,87.01068,86.8
T000101,1982-01-31,87.4335,85.97561,86.9062,87.06259,86.46537,88.1
T000101,1982-04-30,88.58545,87.77082,87.50462,86.94346,88.29286,88.0
T000101,1982-07-31,88.37568,87.70669,88.0531,86.93406,88.954834,89.3
T000101,1982-10-31,89.61495,90.95493,88.70463,87.04141,88.63752,89.4
T000101,1983-01-31,89.85865,91.78363,89.35421,88.04896,87.985176,89.0
T000101,1983-04-30,89.509995,91.16344,89.21239,88.15147,87.35476,88.9
T000101,1983-07-31,89.45555,91.42612,88.953094,88.932495,87.5588,88.9
T000101,1983-10-31,89.34195,90.57381,88.92437,89.07546,87.26921,89.6
T000101,1984-01-31,90.04024,91.61722,89.27941,89.10952,88.66996,89.8
T000101,1984-04-30,90.2162,91.49441,89.708405,89.03151,88.01935,89.9
T000101,1984-07-31,90.25053,91.24308,89.85421,89.01738,89.0294,90.4
T000101,1984-10-31,90.77178,92.15407,90.17101,89.63254,88.893486,91.1
T000101,1985-01-31,91.429276,93.00524,90.77941,89.8247,89.58849,90.8
T000101,1985-04-30,91.16721,92.61658,90.95929,89.92381,89.74788,91.4
T000101,1985-07-31,91.863335,93.83344,91.12522,90.435524,89.717834,91.5
T000101,1985-10-31,92.00334,93.882706,91.4542,90.82558,89.709274,92.0
T000101,1986-01-31,92.49352,94.43844,91.77101,91.124146,89.916504,92.1
T000101,1986-04-30,92.55474,94.42341,92.05421,91.41945,90.52402,92.4
T000101,1986-07-31,92.86481,94.5685,92.2626,91.52903,90.7262,93.0
T000101,1986-10-31,93.50948,95.6188,92.72521,92.02648,91.14953,92.7
T000101,1987-01-31,93.11326,94.56154,92.85929,92.11964,90.84529,94.3
T000101,1987-04-30,94.822945,97.389336,93.56723,92.4322,92.31624,95.1
T000101,1987-07-31,95.7787,98.76337,94.73361,92.75773,91.89047,95.7
T000101,1987-10-31,96.45138,99.67614,95.42521,93.05547,92.37583,98.1
T000101,1988-01-31,99.18469,104.444115,97.00085,94.37605,92.886154,99.0
T000101,1988-04-30,100.28116,105.71898,98.58782,95.17465,92.863396,99.4
T000101,1988-07-31,100.82271,106.703445,99.216805,95.8011,93.93298,100.2
T000101,1988-10-31,101.727234,107.957146,99.83362,98.234245,94.219666,99.3
T000101,1989-01-31,100.71616,105.34345,99.77788,99.06541,94.610535,99.1
T000101,1989-04-30,100.343475,104.24452,99.20619,99.19345,95.52583,100.4
T000101,1989-07-31,101.43333,105.018585,99.80463,99.4698,97.07626,101.1
T000101,1989-10-31,102.02264,104.99955,100.77941,99.528496,98.097984,101.9
T000101,1990-01-31,102.756615,105.91437,101.533615,100.24308,98.28131,103.1
T000101,1990-04-30,103.92249,107.33987,102.55042,100.46637,99.27348,103.9
T000101,1990-07-31,104.81431,108.6068,103.533615,101.1656,100.289116,105.6
T000101,1990-10-31,106.686775,111.83314,104.821434,101.97625,100.43269,106.0
T000101,1991-01-31,107.23511,112.44498,105.81681,103.18489,101.26515,107.7
T000101,1991-04-30,109.223145,115.69002,106.92143,103.99956,101.68802,109.9
T000101,1991-07-31,111.686386,119.47135,108.89245,105.70132,102.4998,112.1
T000101,1991-10-31,114.061005,122.57408,111.092445,106.129654,103.37451,114.0
T000101,1992-01-31,116.260666,126.00691,113.129845,107.833405,105.049805,114.9
T000101,1992-04-30,117.31136,126.958984,114.487816,110.06662,104.608284,115.3
T000101,1992-07-31,117.7003,126.936966,115.11681,112.27018,106.36759,115.9
T000101,1992-10-31,118.162834,126.71362,115.62522,114.14714,107.69145,116.1
T000101,1993-01-31,118.10297,125.29147,116.00841,114.98176,109.82845,118.5
T000101,1993-04-30,120.49344,128.17569,117.400856,115.35937,111.44269,119.2
T000101,1993-07-31,121.036026,127.71622,118.87941,115.95476,112.29118,120.1
T000101,1993-10-31,121.75629,127.92497,119.68781,116.18283,113.38197,121.7
T000101,1994-01-31,123.32213,130.0409,120.967224,118.62029,114.88265,122.7
T000101,1994-04-30,124.26523,130.58482,122.24202,119.28773,115.401375,124.1
T000101,1994-07-31,125.75662,132.95279,123.458824,120.19444,118.19349,126.0
T000101,1994-10-31,127.856224,135.78967,125.129845,121.80725,118.5812,131.4
T000101,1995-01-31,133.85413,145.21786,128.92691,122.870674,120.65919,138.2
T000101,1995-04-30,141.56627,157.59085,135.08572,124.392166,122.0985,145.6
T000101,1995-07-31,150.07112,171.25839,142.21095,126.3507,124.33059,150.5
T000101,1995-10-31,156.25687,181.58588,148.2559,131.82677,124.29958,156.7
T000101,1996-01-31,163.59566,193.26672,153.86053,138.7499,124.555664,159.7
T000101,1996-04-30,167.19473,198.05872,158.32607,146.15509,128.50534,162.3
T000101,1996-07-31,169.96944,200.4271,161.10925,150.98033,133.61652,168.3
T000101,1996-10-31,176.238,208.3358,165.55212,157.1392,141.06331,171.1
T000102,1971-10-31,0.1326124,0.08693472,0.02436807,0.16884193,0.42941806,6024.0
T000102,1972-01-31,6403.1113,11160.566,6024.021,6507.432,6884.58,5960.0
T000102,1972-04-30,6334.276,11440.785,5993.9824,6373.9585,5903.5425,6088.0
T000102,1972-07-31,6450.078,12640.716,6029.3784,6584.253,5080.331,6140.0
T000102,1972-10-31,6489.3433,13809.219,6116.185,6275.5317,3938.3408,6356.0
T000102,1973-01-31,6688.88,12588.805,6257.0767,6226.456,2987.8813,6572.0
T000102,1973-04-30,6860.615,12987.127,6473.0767,6094.747,3722.106,6508.0
T000102,1973-07-31,6738.4473,11128.787,6541.9824,6151.261,2808.2,6596.0
T000102,1973-10-31,6794.338,10586.65,6555.6978,6368.714,4297.4263,6608.0
T000102,1974-01-31,6847.189,9089.59,6602.5044,6516.96,2680.7405,6360.0
T000102,1974-04-30,6469.3936,6703.6714,6491.6816,6555.0024,6188.1343,6728.0
T000102,1974-07-31,6846.8633,7320.625,6559.464,6580.133,6265.849,6576.0
T000102,1974-10-31,6674.249,6855.5107,6656.708,6600.715,6335.3276,6560.0
T000102,1975-01-31,6636.071,6745.207,6568.4956,6587.125,6406.2524,6600.0
T000102,1975-04-30,6664.8755,6785.759,6581.6807,6589.5337,6457.827,6344.0
T000102,1975-07-31,6390.0093,6121.7627,6479.929,6633.3604,6479.4116,6676.0
T000102,1975-10-31,6728.934,6830.546,6523.9507,6604.69,6666.0435,6356.0
T000102,1976-01-31,6411.2607,6127.281,6525.9116,6612.073,6469.9478,6948.0
T000102,1976-04-30,7026.131,7257.7676,6676.8765,6567.6445,6904.035,6696.0
T000102,1976-07-31,6791.596,6918.1797,6829.805,6613.9907,6496.6035,7196.0
T000102,1976-10-31,7287.414,7697.925,6967.0103,6692.793,6824.0913,7452.0
T000102,1977-01-31,7632.809,8482.062,7334.7573,6716.505,6808.6987,6772.0
T000102,1977-04-30,6912.5146,7047.645,7133.062,6818.9116,6334.6533,7144.0
T000102,1977-07-31,7324.417,7985.5166,6973.632,6993.2983,6830.6816,6992.0
T000102,1977-10-31,7134.4785,7397.3394,7072.708,7075.7046,6306.3066,7448.0
T000102,1978-01-31,7585.769,8067.7754,7239.1616,7165.849,7185.671,7532.0
T000102,1978-04-30,7706.1123,8319.673,7493.53,7165.8003,6774.3506,7768.0
T000102,1978-07-31,7939.581,8452.765,7659.917,7161.9673,7317.224,7748.0
T000102,1978-10-31,7957.141,8687.09,7758.6196,7463.3574,7142.163,7736.0
T000102,1979-01-31,7876.224,8354.069,7742.3716,7545.7363,7215.1504,7912.0
T000102,1979-04-30,8082.0728,8775.678,7831.3955,7749.543,7735.3994,7872.0
T000102,1979-07-31,8054.7495,8648.894,7893.239,7752.4595,7099.8687,8176.0
T000102,1979-10-31,8352.0205,9074.28,8036.7744,7776.7363,7715.242,8176.0
T000102,1980-01-31,8358.839,8977.837,8176.0244,7878.8833,7412.971,8456.0
T000102,1980-04-30,8617.302,9301.759,8327.766,7924.9326,7740.2734,8636.0
T000102,1980-07-31,8821.109,9642.766,8553.563,8189.881,7784.9995,9312.0
T000102,1980-10-31,9557.064,10764.621,9002.406,8205.299,8024.1313,9320.0
T000102,1981-01-31,9624.802,10904.477,9316.336,8473.997,8198.533,9976.0
T000102,1981-04-30,10357.971,12074.18,9675.565,8666.983,8091.2026,10000.0
T000102,1981-07-31,10428.327,12152.758,9989.009,9346.186,8402.37,9928.0
T000102,1981-10-31,10335.796,11798.537,9966.23,9352.45,8234.137,9640.0
T000102,1982-01-31,10006.197,11181.788,9792.921,9677.155,8901.065,9920.0
T000102,1982-04-30,10234.471,11201.813,9791.766,9950.161,8770.142,10460.0
T000102,1982-07-31,10761.633,11923.669,10212.691,9967.813,9454.718,10992.0
T000102,1982-10-31,11300.876,12545.856,10748.355,9952.604,9592.934,11288.0
T000102,1983-01-31,11635.351,13043.712,11152.438,9952.608,10072.703,11340.0
T000102,1983-04-30,11717.641,13127.95,11316.186,10497.288,9668.758,11816.0
T000102,1983-07-31,12205.353,13896.3125,11598.002,11034.083,10029.695,12116.0
T000102,1983-10-31,12538.778,14368.291,11978.606,11312.363,10341.513,12608.0
T000102,1984-01-31,13095.027,15206.754,12382.674,11367.659,10972.451,13000.0
T000102,1984-04-30,13572.304,15883.247,12820.472,11844.272,10962.361,12636.0
T000102,1984-07-31,13152.203,14855.283,12829.274,12144.088,10706.989,13064.0
T000102,1984-10-31,13532.387,15330.013,12867.985,12639.901,11383.079,13788.0
T000102,1985-01-31,14243.034,16192.736,13456.423,12689.436,11885.889,14288.0
T000102,1985-04-30,14769.65,16811.637,14059.011,13025.976,12447.247,14504.0
T000102,1985-07-31,15042.8125,17220.715,14405.076,13094.1,12285.155,15096.0
T000102,1985-10-31,15681.218,18034.578,14824.876,13838.522,12778.411,15688.0
T000102,1986-01-31,16316.9795,18944.336,15416.876,14329.277,12875.496,15312.0
T000102,1986-04-30,15868.371,17947.338,15511.646,14537.645,13204.561,15468.0
T000102,1986-07-31,16014.974,18045.465,15396.556,15128.341,13986.365,16516.0
T000102,1986-10-31,17141.703,19654.764,16036.038,15347.122,14003.57,17164.0
T000102,1987-01-31,17778.203,20279.887,16867.229,15519.951,14600.084,17264.0
T000102,1987-04-30,17856.842,20248.969,17218.201,15720.166,15002.972,17352.0
T000102,1987-07-31,17971.326,20211.555,17311.697,16567.117,15135.336,17316.0
T000102,1987-10-31,17889.834,19812.951,17335.115,17207.963,15098.02,17852.0
T000103,1971-10-31,0.1326124,0.08693472,0.02436807,0.16884193,0.42941806,77.0
T000103,1972-01-31,81.93441,142.74246,77.02093,83.11676,88.42403,78.0
T000103,1972-04-30,82.98001,149.61464,77.54202,82.392944,76.718506,76.0
T000103,1972-07-31,80.46607,158.34041,77.06195,84.099144,64.19932,91.0
T000103,1972-10-31,97.06506,200.32986,84.13031,80.86662,54.128433,91.0
T000103,1973-01-31,96.8333,180.29164,91.02437,79.37826,39.784115,87.0
T000103,1973-04-30,92.068954,173.71283,89.12389,78.28247,45.71161,82.0
T000103,1973-07-31,86.53793,144.78922,84.65487,83.20058,35.843914,96.0
T000103,1973-10-31,99.62079,155.54385,89.58829,87.94631,57.715553,101.0
T000103,1974-01-31,105.60825,145.8783,98.710106,91.30692,44.951332,99.0
T000103,1974-04-30,103.02766,116.9341,100.06195,91.291985,85.6254,93.0
T000103,1974-07-31,98.15055,108.569534,96.185844,93.45766,87.68391,107.0
T000103,1974-10-31,111.812744,129.11942,100.58829,96.51313,84.19196,111.0
T000103,1975-01-31,114.68767,131.95987,109.16808,99.50817,96.102005,110.0
T000103,1975-04-30,113.94348,129.61748,110.530975,101.305374,95.041405,104.0
T000103,1975-07-31,109.5168,122.3864,107.185844,104.39586,95.73522,119.0
T000103,1975-10-31,124.623024,144.73634,112.13031,107.481705,93.618675,121.0
T000103,1976-01-31,125.272446,143.4368,120.08404,110.4132,103.81432,127.0
T000103,1976-04-30,131.42696,151.97723,124.25212,111.408394,107.25142,123.0
T000103,1976-07-31,129.25854,148.72118,125.12389,119.3756,110.19044,135.0
T000103,1976-10-31,141.59073,166.31894,129.50424,121.45244,103.724396,142.0
T000103,1977-01-31,148.10239,176.3962,138.79414,123.573875,119.44947,147.0
T000103,1977-04-30,153.44946,181.21024,144.7101,127.43983,119.443115,139.0
T000103,1977-07-31,146.4457,170.2302,143.24779,135.33607,121.48743,157.0
T000103,1977-10-31,165.29141,198.19028,148.75638,139.47191,116.817535,152.0
T000103,1978-01-31,158.67122,182.7969,154.65486,142.59991,131.99226,161.0
T000103,1978-04-30,167.38824,194.13326,156.87819,147.45943,134.1936,146.0
T000103,1978-07-31,152.7154,166.84195,153.9646,148.55452,134.79015,159.0
T000103,1978-10-31,164.78639,181.59323,153.04626,152.87444,134.98955,163.0
T000103,1979-01-31,167.81804,186.33972,161.16808,157.44617,146.67622,167.0
T000103,1979-04-30,170.53484,183.40706,165.16808,159.19048,147.77444,152.0
T000103,1979-07-31,157.33232,162.29013,159.9646,160.59991,153.37294,180.0
T000103,1979-10-31,185.85918,207.48817,167.17657,159.73157,149.8676,186.0
T000103,1980-01-31,191.71187,216.51982,183.25212,163.98625,168.9202,194.0
T000103,1980-04-30,200.2453,230.16402,190.33617,167.7522,159.99467,181.0
T000103,1980-07-31,189.87152,214.60127,187.90266,180.5092,166.5747,204.0
T000103,1980-10-31,213.92235,251.28748,193.46648,181.79338,158.7991,209.0
T000103,1981-01-31,218.38866,258.38593,206.7101,187.07388,180.35887,219.0
T000103,1981-04-30,228.19676,268.073,214.42021,194.63358,174.97197,198.0
T000103,1981-07-31,209.0021,235.10199,209.15045,199.1418,181.44786,219.0
T000103,1981-10-31,229.66266,263.7276,209.38243,204.80542,173.45088,209.0
T000104,1971-10-31,0.1326124,0.08693472,0.02436807,0.16884193,0.42941806,100.0
T000104,1972-01-31,106.3768,185.35388,100.02093,107.96234,114.70815,100.0
T000104,1972-04-30,106.341896,191.92914,100.02437,106.93577,99.49004,97.0
T000104,1972-07-31,102.84447,202.43033,98.59292,109.17216,82.92001,108.0
T000104,1972-10-31,114.75865,240.6512,102.96223,104.54988,68.36042,106.0
T000104,1973-01-31,111.84963,209.98315,107.06195,102.140564,49.187496,98.0
T000104,1973-04-30,102.851814,195.07346,102.24779,100.90445,57.559067,101.0
T000104,1973-07-31,104.98451,173.23502,99.62606,101.21817,43.767128,109.0
T000104,1973-10-31,111.94401,170.78136,105.33617,103.28882,70.147644,109.0
T000104,1974-01-31,112.58639,147.35275,109.02437,106.24699,45.284138,114.0
T000104,1974-04-30,116.52978,127.13907,111.710106,106.23384,102.89829,108.0
T000104,1974-07-31,111.42923,116.94087,111.185844,108.21616,105.054596,117.0
T000104,1974-10-31,120.26059,132.72621,112.87819,109.22988,103.83969,122.0
T000104,1975-01-31,124.901245,139.7291,119.710106,109.80148,109.53345,124.0
T000104,1975-04-30,127.71965,142.71855,123.08404,114.284966,111.04081,127.0
T000104,1975-07-31,132.28278,153.17877,125.62606,117.32981,108.488174,147.0
T000104,1975-10-31,153.80855,185.21152,137.84041,122.46443,112.542496,160.0
T000104,1976-01-31,168.49496,208.98148,154.04626,124.789734,122.980095,161.0
T000104,1976-04-30,170.76355,211.9692,160.54202,127.68965,117.82546,147.0
T000104,1976-07-31,157.28476,188.14725,154.43362,147.73378,116.13158,139.0
T000104,1976-10-31,147.95905,167.73517,143.24779,150.92973,108.35968,149.0
T000104,1977-01-31,155.75854,174.58574,144.42021,149.69647,128.7921,163.0
T000104,1977-04-30,169.09918,188.66658,156.58829,152.06497,144.14555,159.0
T000104,1977-07-31,165.71667,178.29227,161.1239,149.67455,146.37001,168.0
T000104,1977-10-31,175.17134,193.19339,163.87819,149.56932,145.291,184.0
T000104,1978-01-31,190.76237,217.34392,176.67233,159.60887,162.37608,201.0
T000104,1978-04-30,208.4755,247.04219,193.21436,163.67287,168.57611,194.0
T000104,1978-07-31,203.42604,241.67943,197.71681,168.66362,165.7463,201.0
T000104,1978-10-31,212.98947,258.4237,197.79414,185.03864,158.9948,194.0
T000104,1979-01-31,205.71577,242.70526,197.71681,194.5676,154.02626,193.0
T000104,1979-04-30,201.47595,226.57166,193.53098,196.0111,165.83029,190.0
T000104,1979-07-31,196.9785,213.31194,191.59293,194.7327,178.24203,193.0
T000104,1979-10-31,199.35136,207.28241,191.62607,194.05829,176.85974,208.0
T000104,1980-01-31,213.5824,229.38686,201.13031,194.052,189.63918,212.0
T000104,1980-04-30,215.76251,227.68642,210.16808,193.42273,191.08975,191.0
T000104,1980-07-31,195.04643,190.3545,202.15045,194.52629,196.13414,219.0
T000104,1980-10-31,223.91595,245.23924,206.17657,194.91072,195.52731,270.0
T000104,1981-01-31,280.04987,336.52155,246.64307,210.42377,213.43312,268.0
T000104,1981-04-30,281.09647,338.09186,269.06195,212.91953,200.75098,260.0
T000104,1981-07-31,276.9537,338.40546,264.2478,220.70291,204.8945,251.0
T000104,1981-10-31,268.81485,319.65652,255.77876,252.5578,193.12422,285.0
T000104,1982-01-31,301.95486,367.44434,269.4287,261.65344,211.18051,287.0
T000104,1982-04-30,301.23083,359.37808,286.08405,268.60403,243.15895,302.0
T000104,1982-07-31,318.8626,378.78918,295.1303,268.95868,257.38327,298.0
T000104,1982-10-31,317.68634,374.83566,300.1239,286.07773,243.75337,315.0
T000104,1983-01-31,329.72382,380.68912,307.21436,287.91724,244.03764,302.0
T000104,1983-04-30,311.8887,346.69592,308.90265,298.3283,281.8332,307.0
T000104,1983-07-31,316.0366,346.81924,304.7101,302.41678,275.708,358.0
T000104,1983-10-31,373.01678,443.8344,334.64307,304.86966,305.05743,363.0
T000104,1984-01-31,379.14307,440.49658,360.7101,308.7799,284.55096,361.0
T000104,1984-04-30,376.47934,437.6179,362.06195,316.24863,302.46957,337.0
T000104,1984-07-31,352.62302,392.82098,349.74338,339.09235,278.63037,375.0
T000104,1984-10-31,389.75076,446.35175,357.5968,359.1682,311.0041,385.0
T000104,1985-01-31,399.3031,458.705,380.4202,361.9983,328.84985,404.0
T000104,1985-04-30,418.76416,479.37534,395.2984,363.7768,355.71194,402.0
T000104,1985-07-31,422.09146,486.6428,403.06195,376.0112,354.15707,455.0
T000104,1985-10-31,476.66672,565.89215,430.7271,386.50842,346.5891,441.0
T000104,1986-01-31,459.6606,533.50073,448.43362,403.01132,373.63855,505.0
T000104,1986-04-30,528.79095,646.01324,475.68933,406.27585,387.28293,492.0
T000104,1986-07-31,521.2909,632.6661,498.90265,442.80783,403.8258,546.0
T000104,1986-10-31,579.5446,717.2906,521.2691,457.43323,380.51068,585.0
T000104,1987-01-31,622.25275,790.0891,567.1388,493.9816,444.53366,649.0
T000104,1987-04-30,691.98804,878.59937,619.68933,508.04205,442.83417,582.0
T000104,1987-07-31,625.4775,768.9521,617.57526,548.0329,466.51666,647.0
T000104,1987-10-31,690.9367,858.60205,617.2313,585.14264,453.6678,590.0
T000105,1971-10-31,0.1326124,0.08693472,0.02436807,0.16884193,0.42941806,64.0
T000105,1972-01-31,68.11953,118.657776,64.02093,69.07361,73.5678,55.0
T000105,1972-04-30,59.39332,106.4962,59.778763,58.542133,54.417088,53.0
T000105,1972-07-31,57.27724,112.47862,54.061947,60.135113,44.72628,60.0
T000105,1972-10-31,64.31422,135.22795,56.794144,57.101883,36.322678,75.0
T000105,1973-01-31,79.997215,144.44724,68.13031,61.084206,36.070843,61.0
T000105,1973-04-30,65.643486,121.89538,68.43363,60.58725,37.75387,58.0
T000105,1973-07-31,62.213398,100.92875,59.592922,59.449593,25.207321,69.0
T000105,1973-10-31,72.83445,114.03304,63.962227,62.57857,44.189186,74.0
T000105,1974-01-31,76.89406,103.11951,71.710106,63.690205,26.844292,66.0
T000105,1974-04-30,68.74086,74.186134,70.24779,67.02009,65.27935,60.0
T000105,1974-07-31,64.39778,64.244736,63.18584,62.65113,54.63838,66.0
T000105,1974-10-31,69.6864,72.64897,63.252125,68.36984,58.83275,70.0
T000105,1975-01-31,71.77566,73.382065,68.16808,67.27527,63.036682,64.0
T000105,1975-04-30,65.79596,60.474823,67.185844,67.73844,72.922325,62.0
T000105,1975-07-31,65.27969,61.893723,63.061947,65.05346,64.04081,70.0
T000105,1975-10-31,72.70194,74.717445,66.33617,65.40291,64.76449,73.0
T000105,1976-01-31,74.351234,76.415535,71.62606,66.62409,69.86821,74.0
T000105,1976-04-30,75.50521,80.44002,73.54202,70.169075,73.22097,68.0
T000105,1976-07-31,70.77501,73.841835,71.185844,68.357124,66.81988,77.0
T000105,1976-10-31,79.909195,90.36142,72.87819,70.37023,66.352745,83.0
T000105,1977-01-31,85.66769,98.98949,80.25212,73.39768,70.83826,76.0
T000105,1977-04-30,78.37549,84.6234,79.71681,74.22633,70.16998,77.0
T000105,1977-07-31,80.54478,90.63259,76.54202,76.20438,71.17434,83.0
T000105,1977-10-31,86.43005,97.37514,80.25212,77.5759,68.02105,85.0
T000105,1978-01-31,87.43194,97.02278,84.08404,77.836426,75.61111,81.0
T000105,1978-04-30,83.06918,89.65986,83.12389,81.251724,74.87404,83.0
T000105,1978-07-31,85.9284,92.52922,82.08404,81.15757,77.2878,86.0
T000105,1978-10-31,88.85108,97.234055,84.62606,83.209465,76.98974,88.0
T000105,1979-01-31,89.541275,96.40466,87.08404,83.21603,80.49002,88.0
T000105,1979-04-30,89.81595,96.4106,88.02437,85.10699,85.192764,87.0
T000105,1979-07-31,89.33699,95.477905,87.530975,86.15661,80.397224,95.0
T000105,1979-10-31,97.61408,108.9402,91.33617,87.17278,83.49098,98.0
T000105,1980-01-31,100.39692,111.92838,96.62606,88.278114,85.86,99.0
T000105,1980-04-30,101.935486,114.35031,98.54202,88.20749,88.11137,98.0
T000105,1980-07-31,101.63371,114.54405,98.530975,95.29652,85.50047,106.0
T000105,1980-10-31,109.91958,126.28995,102.33617,98.3651,86.61165,114.0
T000105,1981-01-31,118.47716,139.77147,110.33617,98.55569,96.303925,121.0
T000105,1981-04-30,126.420815,151.41626,117.79414,99.4151,99.01674,115.0
T000105,1981-07-31,121.170456,142.07367,118.185844,106.4423,95.54199,122.0
T000105,1981-10-31,128.44632,152.74149,118.79414,114.59153,92.54511,125.0
T000105,1982-01-31,130.75627,153.7073,123.62606,115.61294,102.164635,126.0
T000105,1982-04-30,131.0704,150.42274,125.54202,121.237,108.62411,124.0
T000105,1982-07-31,129.2626,146.5595,125.06195,122.10786,110.95409,131.0
T000105,1982-10-31,136.21889,153.48834,127.79414,124.24372,112.1322,139.0
T000105,1983-01-31,143.89027,164.10901,135.33617,125.529526,119.38684,135.0
T000105,1983-04-30,138.6578,152.14542,137.1239,126.21173,117.919464,130.0
T000105,1983-07-31,133.76918,143.12665,132.65486,130.3866,123.372185,141.0
T000105,1983-10-31,145.29388,161.61794,135.96223,132.0376,120.94482,147.0
T000105,1984-01-31,150.8311,167.28171,144.25212,135.69295,129.68349,152.0
T000105,1984-04-30,156.17995,175.9556,149.7101,139.2894,132.38449,140.0
T000105,1984-07-31,145.00804,155.26259,146.37169,140.46455,130.1189,154.0
T000105,1984-10-31,159.26242,178.45401,147.58829,141.76224,135.73932,162.0
T000105,1985-01-31,166.97289,189.34778,158.33617,147.90057,139.1887,168.0
T000105,1985-04-30,172.86916,195.73943,165.25212,152.31255,143.11888,157.0
T000105,1985-07-31,163.59512,182.00526,162.84071,154.28809,144.16411,178.0
T000105,1985-10-31,185.73225,215.69843,168.38243,157.60179,145.91795,185.0
T000105,1986-01-31,192.56357,225.10495,181.79414,162.94025,154.30699,185.0
T000105,1986-04-30,191.71681,219.69609,185.02437,168.56316,152.41943,179.0
T000105,1986-07-31,187.33215,213.5659,182.18584,178.44174,161.13663,189.0
T000105,1986-10-31,197.45749,224.90791,184.42021,179.61034,154.2354,184.0
T000105,1987-01-31,190.10445,209.11119,186.65486,184.58514,169.32788,200.0
T000105,1987-04-30,205.38107,230.24672,192.67233,185.19574,172.86111,186.0
T000105,1987-07-31,192.41191,203.93558,193.43362,185.86145,180.92854,195.0
T000105,1987-10-31,200.86147,216.05972,190.87819,186.429,171.38809,203.0
T000106,1978-10-31,0.1326124,0.08693472,0.02436807,0.16884193,0.42941806,105.5
T000106,1979-01-31,112.22181,195.54355,105.52093,113.90368,120.99347,109.9
T000106,1979-04-30,117.13522,210.73651,107.88489,112.9413,106.45297,63.0
T000106,1979-07-31,73.00744,142.68736,87.902664,111.68546,76.58578,80.3
T000106,1979-10-31,90.82575,190.96748,72.37696,82.85006,52.293015,114.7
T000106,1980-01-31,124.65858,220.46169,98.94551,107.46627,65.777176,114.0
T000106,1980-04-30,122.29628,213.37427,114.37168,107.34333,78.177826,91.9
T000106,1980-07-31,101.58472,162.6601,103.634514,94.147285,56.617653,123.6
T000106,1980-10-31,134.61116,206.95596,109.08206,93.76771,80.134415,145.1
T000106,1981-01-31,155.98865,223.47726,135.25345,115.0789,64.89728,148.0
T000106,1981-04-30,156.54346,198.89386,146.67186,115.330246,112.84138,159.4
T000106,1981-07-31,174.87695,233.40524,154.17903,124.833046,132.51666,140.9
T000106,1981-10-31,157.81323,201.85425,150.723,141.88196,90.95165,127.9
T000106,1982-01-31,139.97066,165.01144,134.80266,146.71033,94.81201,148.1
T000106,1982-04-30,155.93906,182.39653,138.84882,148.3843,118.1289,160.7
T000106,1982-07-31,169.84137,193.83041,154.92946,149.92152,144.02318,111.8
T000106,1982-10-31,122.141525,105.35738,137.76462,149.11794,114.36105,96.0
T000106,1983-01-31,108.71828,63.48043,104.38939,139.35146,123.01711,184.8
T000106,1983-04-30,196.46211,213.02104,144.13144,139.18658,173.53174,115.9
T000106,1983-07-31,126.454895,78.946686,152.4841,125.46015,145.54778,198.8
T000106,1983-10-31,211.4365,249.82693,160.83353,117.75087,186.17862,154.7
T000107,1971-10-31,0.1326124,0.08693472,0.02436807,0.16884193,0.42941806,81.0
T000107,1972-01-31,86.1852,150.15317,81.02093,87.43774,92.99518,79.0
T000107,1972-04-30,83.96477,151.7738,80.06195,84.44732,78.24317,81.0
T000107,1972-07-31,85.90213,168.32141,80.08404,88.522285,68.132576,86.0
T000107,1972-10-31,91.13739,191.96199,83.710106,84.52794,54.666397,86.0
T000107,1973-01-31,90.63866,170.2412,86.02437,82.75478,39.924652,90.0
T000107,1973-04-30,94.29409,178.47775,88.16808,81.16179,50.03714,86.0
T000107,1973-07-31,89.471375,147.95012,88.12389,86.16763,39.925472,91.0
T000107,1973-10-31,93.82248,146.36404,88.710106,86.16834,61.391785,91.0
T000107,1974-01-31,94.444374,126.69152,91.02437,86.50178,37.631863,91.0
T000107,1974-04-30,92.998665,99.56918,91.02437,90.09176,85.17171,85.0
T000107,1974-07-31,87.27604,89.83826,88.185844,91.377525,82.689575,88.0
T000107,1974-10-31,89.499535,90.60818,86.62606,89.23249,81.451584,88.0
T000107,1975-01-31,89.06978,88.82795,88.02437,88.996254,88.77541,86.0
T000107,1975-04-30,86.869545,82.61392,87.06195,88.92868,85.97785,82.0
T000107,1975-07-31,84.01808,76.38979,84.12389,87.07562,90.333885,86.0
T000107,1975-10-31,87.77826,82.47977,84.16808,86.941734,85.714195,88.0
T000107,1976-01-31,89.42196,85.63385,87.08404,86.52805,92.59574,93.0
T000107,1976-04-30,94.076416,95.42344,90.710106,86.15097,92.31599,90.0
T000107,1976-07-31,91.69029,93.40284,91.59292,86.10826,92.51168,98.0
T000107,1976-10-31,100.23825,109.95159,94.33617,88.22243,88.88776,103.0
T000107,1977-01-31,105.93903,120.21244,100.710106,90.35453,90.66184,103.0
T000107,1977-04-30,106.213554,119.82849,103.02437,93.29489,87.56663,101.0
T000107,1977-07-31,105.03132,119.62463,102.06195,98.23318,89.01017,101.0
T000107,1977-10-31,104.92181,116.77061,101.02437,101.23832,86.69129,105.0
T000107,1978-01-31,108.37169,120.86101,103.16808,101.61373,95.1413,108.0
T000107,1978-04-30,110.91164,122.45301,106.62606,103.13693,95.91709,103.0
T000107,1978-07-31,105.714806,111.16962,105.65487,103.162674,98.359604,101.0
T000107,1978-10-31,103.60215,106.625946,102.06195,101.92041,94.25339,98.0
T000107,1979-01-31,99.321236,96.347855,99.59292,101.98332,96.77857,101.0
T000107,1979-04-30,101.97982,98.329895,99.62606,102.073326,101.80445,98.0
T000107,1979-07-31,99.453636,92.79814,99.59292,102.23342,102.527176,102.0
T000107,1979-10-31,103.805664,99.77799,100.16808,101.21853,102.97464,97.0
T000107,1980-01-31,99.231,91.805046,99.65487,98.54651,101.83706,102.0
T000107,1980-04-30,103.62736,99.33883,99.710106,98.47514,103.69138,100.0
T000107,1980-07-31,101.446266,98.06844,101.06195,100.51342,105.950516,101.0
T000107,1980-10-31,101.52024,100.08384,100.54202,100.14761,102.08165,108.0
T000107,1981-01-31,109.43734,116.92613,104.79414,101.09986,105.58863,118.0
T000107,1981-04-30,120.69211,134.08563,113.420204,101.540504,102.273476,112.0
T000107,1981-07-31,115.25305,126.203354,115.185844,102.2297,103.00052,115.0
T000107,1981-10-31,118.736305,133.15915,113.62606,108.3924,98.72041,115.0
T000107,1982-01-31,118.833725,132.1933,115.02437,112.286804,101.96441,117.0
T000107,1982-04-30,120.527985,132.82445,116.08404,115.25105,103.2268,109.0
T000107,1982-07-31,111.97671,116.86165,113.24779,116.54542,105.39673,114.0
T000107,1982-10-31,117.065285,121.67228,111.710106,114.84241,106.61452,109.0
T000107,1983-01-31,111.64102,110.13333,111.65487,114.98113,107.5859,111.0
T000107,1983-04-30,112.48186,107.52168,110.08404,111.845924,108.676384,105.0
T000107,1983-07-31,107.48881,96.82252,108.185844,109.946556,116.43928,110.0
T000107,1983-10-31,111.981804,104.34751,107.710106,109.98053,111.66804,113.0
T000107,1984-01-31,114.97504,112.09571,111.62606,110.39376,117.28005,113.0
T000107,1984-04-30,114.19779,110.61136,113.02437,110.07509,112.921906,108.0
T000107,1984-07-31,110.072334,106.47342,110.65487,110.55924,115.90992,110.0
T000107,1984-10-31,111.161674,110.335655,109.08404,110.55307,106.961334,112.0
T000107,1985-01-31,112.88617,113.67667,111.08404,110.86841,114.30467,119.0
T000107,1985-04-30,120.14901,126.61416,115.79414,112.222496,111.31263,116.0
T000107,1985-07-31,118.011,122.89238,117.59292,112.09207,114.0923,122.0
T000107,1985-10-31,124.74889,135.13847,119.25212,112.25868,110.52649,131.0
T000107,1986-01-31,134.53368,151.75766,126.87819,116.359535,115.42286,135.0
T000107,1986-04-30,138.99104,157.5653,133.16808,119.28417,114.116684,133.0
T000107,1986-07-31,137.96652,157.81812,134.06195,122.373436,117.188095,138.0
T000107,1986-10-31,143.86476,166.4317,135.7101,131.62735,115.00108,142.0
T000107,1987-01-31,147.91809,170.94128,140.16808,133.25902,119.90395,144.0
T000107,1987-04-30,149.30447,170.45862,143.08405,135.20256,124.60817,127.0
T000107,1987-07-31,131.60786,136.15096,136.02655,137.38371,122.83284,117.0
T000107,1987-10-31,121.724335,113.35339,122.30974,137.23285,118.44849,125.0
T000108,1977-10-31,0.1326124,0.08693472,0.02436807,0.16884193,0.42941806,682.0
T000108,1978-01-31,724.95056,1263.6074,682.02094,736.67413,779.8103,673.0
T000108,1978-04-30,715.24646,1292.081,677.77875,719.6841,666.6118,667.0
T000108,1978-07-31,706.84705,1389.7959,670.18585,735.51807,560.67664,786.0
T000108,1978-10-31,837.5461,1733.5737,731.5005,705.8882,468.3753,793.0
T000108,1979-01-31,842.6004,1566.9419,789.7941,694.2551,347.26428,791.0
T000108,1979-04-30,836.3517,1576.2085,792.06195,684.568,411.68692,814.0
T000108,1979-07-31,858.39636,1443.1666,803.4665,791.76276,388.70294,958.0
T000108,1979-10-31,1003.1841,1597.176,892.05096,794.646,578.0003,848.0
T000108,1980-01-31,898.88074,1239.73,906.4071,796.8681,354.09552,848.0
T000108,1980-04-30,890.23,1018.44836,848.02435,819.2993,732.1989,1001.0
T000108,1980-07-31,1057.4526,1291.6512,930.9292,858.65344,789.23883,1279.0
T000108,1980-10-31,1358.0955,1735.4602,1151.6818,873.5619,820.38806,1176.0
T000108,1981-01-31,1256.7219,1571.3804,1230.6903,963.4587,863.2408,1212.0
T000108,1981-04-30,1310.2572,1658.6067,1195.5127,1011.14087,793.0951,1476.0
T000108,1981-07-31,1601.9037,2153.9058,1355.0935,1185.4077,977.35114,1651.0
T000108,1981-10-31,1786.5487,2381.7754,1570.8536,1223.9116,967.54517,1503.0
T000108,1982-01-31,1634.659,2130.1653,1581.5841,1285.4863,1160.82,1525.0
T000108,1982-04-30,1674.9758,2160.5703,1514.9244,1488.2351,1076.3278,1702.0
T000108,1982-07-31,1852.1296,2381.62,1620.9376,1513.7284,1154.306,2030.0
T000108,1982-10-31,2171.417,2817.078,1879.7828,1551.8771,1385.8254,1622.0
T000108,1983-01-31,1740.6616,2007.2766,1838.6372,1638.4742,1395.7518,1754.0
T000108,1983-04-30,1886.9187,2241.9148,1693.5468,1641.7354,1368.9418,1938.0
T000108,1983-07-31,2063.0476,2480.2341,1853.7318,1756.1365,1467.2532,2348.0
T000108,1983-10-31,2459.0493,3001.4028,2160.2285,1784.1262,1675.477,2605.0
T000108,1984-01-31,2771.322,3599.5244,2487.2993,1947.8671,1936.5767,2540.0
T000108,1984-04-30,2755.9817,3488.3555,2574.5132,1958.3926,1675.6667,2419.0
T000108,1984-07-31,2641.0776,3348.9448,2483.2478,2366.9722,1812.5782,3225.0
T000108,1984-10-31,3470.6882,4644.0586,2855.8687,2442.12,1954.3977,3228.0
T000108,1985-01-31,3479.6948,4528.8545,3226.626,2563.441,2449.6018,2673.0
T000108,1985-04-30,2926.0854,3571.893,2967.6904,2629.3413,1963.1443,3405.0
T000108,1985-07-31,3703.9277,4855.3047,3069.7593,2715.3809,2290.9382,4412.0
T000108,1985-10-31,4762.4883,6305.4473,3950.815,3257.6104,2558.3977,4047.0
T000108,1986-01-31,4360.0225,5559.1064,4240.805,3244.5269,2641.6443,4254.0
T000108,1986-04-30,4627.7715,6080.3774,4159.198,3440.2202,3174.5916,4587.0
T000108,1986-07-31,5029.1836,6588.583,4434.4927,4084.726,3142.3064,5127.0
T000108,1986-10-31,5567.9204,7306.1426,4879.6914,4274.5396,3150.3276,4207.0
T000108,1987-01-31,4530.3604,5413.356,4695.4956,4306.4478,3578.1692,4587.0
T000108,1987-04-30,4945.798,5893.8115,4412.968,4321.888,3865.979,4206.0
T000108,1987-07-31,4547.286,5033.0576,4408.301,4317.6143,3396.9116,4778.0
T000108,1987-10-31,4956.0356,5312.672,4516.0356,4659.2993,3750.7732,5098.0
T000108,1988-01-31,5261.671,5841.5195,4951.447,4624.2583,4807.5737,5746.0
T000108,1988-04-30,5995.557,6867.8745,5449.2295,4610.6016,4710.0806,5827.0
T000108,1988-07-31,6146.997,7373.296,5789.904,4799.988,4886.498,7248.0
T000108,1988-10-31,7672.547,9822.106,6597.2114,5144.0293,4892.55,7046.0
T000109,1977-10-31,0.1326124,0.08693472,0.02436807,0.16884193,0.42941806,2830.0
T000109,1978-01-31,3008.1023,5243.141,2830.021,3057.0762,3234.5173,3012.0
T000109,1978-04-30,3215.1216,5774.2314,2928.6477,3030.647,2883.8271,3032.0
T000109,1978-07-31,3218.0398,6276.697,3022.8403,3287.3174,2555.0786,3232.0
T000109,1978-10-31,3434.2134,7186.112,3140.404,3154.9995,2043.63,3242.0
T000109,1979-01-31,3432.8577,6484.4004,3237.4202,3086.4978,1577.8822,3387.0
T000109,1979-04-30,3560.7654,6708.9473,3320.593,3043.3223,1892.7458,3554.0
T000109,1979-07-31,3715.5266,6232.143,3477.5176,3242.085,1653.7823,3831.0
T000109,1979-10-31,3988.3284,6314.0337,3704.1396,3255.1597,2337.4546,3664.0
T000109,1980-01-31,3870.13,5353.3345,3752.6726,3396.202,1471.3033,3620.0
T000109,1980-04-30,3784.8918,4320.0615,3643.3628,3563.6064,2982.3599,3733.0
T000109,1980-07-31,3882.9048,4409.5713,3681.2483,3633.8628,3258.8748,4342.0
T000109,1980-10-31,4517.936,5339.173,4063.0906,3705.6843,3487.0635,4116.0
T000109,1981-01-31,4283.2686,4880.1865,4236.0,3742.6025,3577.4387,4302.0
T000109,1981-04-30,4495.7095,5201.5947,4216.816,3747.4927,3522.051,5119.0
T000109,1981-07-31,5397.2446,6709.328,4744.831,4136.198,3826.3657,5404.0
T000109,1981-10-31,5709.205,7039.8174,5273.476,4321.4863,3817.0383,5182.0
T000109,1982-01-31,5504.9336,6796.3394,5299.876,4364.1157,4127.547,5350.0
T000109,1982-04-30,5727.6763,7108.8477,5273.0596,5161.571,4070.995,5724.0
T000109,1982-07-31,6117.704,7579.7827,5552.716,5203.9404,4214.1753,6020.0
T000109,1982-10-31,6374.9277,7845.115,5884.438,5364.616,4725.7173,5887.0
T000109,1983-01-31,6207.3145,7363.2227,5957.6196,5417.2124,5001.706,6031.0
T000109,1983-04-30,6387.155,7526.335,5965.051,5746.1626,4937.6655,6638.0
T000109,1983-07-31,6987.1025,8358.124,6360.007,5904.118,5018.8833,7321.0
T000109,1983-10-31,7648.1885,9240.839,7008.2,6050.1865,5717.7534,7573.0
T000109,1984-01-31,7975.387,9753.936,7457.5894,6057.3926,6052.1987,7930.0
T000109,1984-04-30,8440.407,10515.285,7766.5015,6681.956,5897.8823,8258.0
T000109,1984-07-31,8805.694,11005.394,8107.7827,7370.44,5773.6787,9568.0
T000109,1984-10-31,10199.542,13170.55,8968.047,7608.957,6620.098,9949.0
T000109,1985-01-31,10662.074,13762.162,9774.51,7964.05,7270.442,9545.0
T000109,1985-04-30,10289.789,12936.182,9759.514,8306.993,6937.6787,11412.0
T000109,1985-07-31,12305.636,16231.648,10556.953,9614.833,7731.895,13064.0
T000109,1985-10-31,14075.23,18595.2,12307.418,9677.926,8190.1353,12555.0
T000109,1986-01-31,13555.823,17460.129,12825.266,10005.293,9266.293,12706.0
T000109,1986-04-30,13784.487,17819.127,12636.845,11485.92,8857.711,13464.0
T000109,1986-07-31,14552.568,18471.488,13116.852,12635.584,9185.657,14817.0
T000109,1986-10-31,15863.02,20145.244,14197.3545,12766.93,10677.146,13053.0
T000109,1987-01-31,13858.633,16218.352,13989.638,13120.949,11026.672,13464.0
T000109,1987-04-30,14284.59,16422.057,13275.7705,13167.964,11603.687,13280.0
T000109,1987-07-31,13999.185,15444.931,13377.699,13471.73,11252.961,3584.0
T000109,1987-10-31,5079.238,-3968.5479,8732.321,14489.958,9011.166,18965.0
T000109,1988-01-31,20727.588,23825.596,11920.821,13802.227,16530.377,19528.0
T000109,1988-04-30,21241.467,23872.979,19270.158,13607.931,15531.802,21448.0
T000109,1988-07-31,23291.941,28414.43,20568.68,13714.967,16242.979,24757.0
T000109,1988-10-31,27972.172,39761.324,23241.547,19313.05,15401.977,24642.0
T000110,1978-01-31,0.1326124,0.08693472,0.02436807,0.16884193,0.42941806,108.0
T000110,1978-04-30,114.878654,200.17523,108.02093,116.60428,123.85044,103.0
T000110,1978-07-31,109.673676,198.14355,105.65487,110.009605,101.995636,102.0
T000110,1978-10-31,108.52113,213.27802,102.530975,112.63709,85.252914,130.0
T000110,1979-01-31,139.0865,284.27496,117.17658,108.22217,73.92281,87.0
T000110,1979-04-30,95.77042,176.238,109.83187,108.74761,40.839657,106.0
T000110,1979-07-31,114.098175,212.89926,97.29839,106.496826,61.83291,98.0
T000110,1979-10-31,105.05755,166.05803,102.24779,104.662735,42.582436,142.0
T000110,1980-01-31,148.84781,222.73746,121.848915,105.1147,84.92409,87.0
T000110,1980-04-30,97.78367,111.91996,116.20355,104.99019,38.500565,95.0
T000110,1980-07-31,103.3533,83.9966,91.33617,100.95157,95.94081,128.0
T000110,1980-10-31,137.87897,157.5065,112.88669,104.101494,119.51838,133.0
T000110,1981-01-31,138.15646,142.15886,130.7101,103.946365,97.83641,94.0
T000110,1981-04-30,104.004616,93.177505,114.70798,99.80137,123.37305,108.0
T000110,1981-07-31,118.72789,118.3366,101.58829,100.56008,78.64572,99.0
T000110,1981-10-31,108.02009,94.597725,103.77876,102.07978,106.37083,127.0
T000110,1982-01-31,132.40805,136.014,114.17658,112.58622,92.98651,100.0
T000110,1982-04-30,109.29174,88.578766,114.33629,104.26171,126.17403,120.0
T000110,1982-07-31,129.57596,132.38564,110.840416,101.16227,99.152466,101.0
T000110,1982-10-31,109.49211,101.6087,111.0885,103.21468,95.31877,139.0
T000110,1983-01-31,143.32205,151.33713,121.59679,105.43604,119.85469,93.0
T000110,1983-04-30,102.10054,84.97429,117.42479,106.1189,118.504974,105.0
T000110,1983-07-31,111.5311,103.160645,99.50425,105.45909,86.57307,82.0
T000110,1983-10-31,92.273254,67.98294,94.212395,104.575096,105.43651,133.0
T000110,1984-01-31,139.62563,138.31085,109.64306,107.41335,99.45606,85.0
T000110,1984-04-30,96.28269,64.312805,110.48674,100.38903,126.86683,115.0
T000110,1984-07-31,123.95104,112.77289,101.26062,94.51572,98.979866,108.0
T000110,1984-10-31,119.98053,116.31048,111.71681,108.26016,131.64775,109.0
T000110,1985-01-31,114.30896,99.34587,108.54202,111.51415,89.53594,140.0
T000110,1985-04-30,148.42838,178.42944,125.80264,110.11722,155.15588,92.0
T000110,1985-07-31,98.85664,81.95803,117.48674,113.803894,78.64064,132.0
T000110,1985-10-31,141.56522,169.06152,113.68083,110.533455,135.35858,124.0
T000110,1986-01-31,131.84796,146.61568,128.24779,113.30239,84.16701,144.0
T000110,1986-04-30,150.3649,166.67624,134.84041,124.75327,146.40184,104.0
T000110,1986-07-31,114.759315,120.461174,125.238945,130.92714,92.4364,125.0
T000110,1986-10-31,131.7818,131.2233,115.38244,127.52009,108.774055,100.0
T000110,1987-01-31,109.370895,97.19695,113.274345,128.28503,114.27169,130.0
T000110,1987-04-30,135.13106,128.66542,116.26062,127.33311,113.39104,104.0
T000110,1987-07-31,114.84942,92.20643,117.80531,108.76926,154.08565,108.0
T000110,1987-10-31,116.472885,93.114815,106.16808,106.57998,92.543526,108.0
T000110,1988-01-31,117.11832,99.73799,108.02437,110.53836,130.57271,128.0
T000110,1988-04-30,132.4031,121.51553,118.840416,111.3134,109.03615,80.0
T000110,1988-07-31,90.59966,49.85266,105.48674,113.32294,131.29831,92.0
T000111,1978-01-31,0.1326124,0.08693472,0.02436807,0.16884193,0.42941806,1026.0
T000111,1978-04-30,1090.5897,1900.9257,1026.0209,1108.2842,1172.9291,1134.0
T000111,1978-07-31,1213.6536,2173.084,1084.5382,1099.3702,1064.0786,1078.0
T000111,1978-10-31,1147.9504,2239.9727,1107.7345,1173.5706,921.0176,1226.0
T000111,1979-01-31,1307.0775,2713.0952,1158.2191,1131.8998,761.0619,1087.0
T000111,1979-04-30,1160.0658,2195.815,1160.8053,1111.2573,511.56647,1230.0
T000111,1979-07-31,1295.7496,2424.5977,1164.5089,1093.1676,667.1692,1184.0
T000111,1979-10-31,1237.4999,2065.9377,1208.4248,1143.8129,541.4741,1412.0
T000111,1980-01-31,1464.8048,2283.153,1307.5807,1188.187,829.5059,1231.0
T000111,1980-04-30,1309.2207,1769.4138,1327.1062,1234.8319,545.54395,1401.0
T000111,1980-07-31,1462.2694,1687.0598,1323.1436,1235.4559,1095.3806,1384.0
T000111,1980-10-31,1451.624,1690.838,1393.0266,1250.4546,1265.525,1527.0
T000111,1981-01-31,1589.9396,1847.3981,1461.5089,1388.72,1167.1782,1391.0
T000111,1981-04-30,1461.2242,1661.105,1463.2124,1396.0918,1305.455,1617.0
T000111,1981-07-31,1697.3535,1995.9961,1513.4967,1396.484,1283.6736,1515.0
T000111,1981-10-31,1589.9918,1817.2524,1569.1593,1416.351,1415.6748,1721.0
T000111,1982-01-31,1793.1449,2099.5664,1626.6562,1521.1599,1297.4573,1577.0
T000111,1982-04-30,1653.7086,1860.6781,1653.4602,1535.9606,1473.4667,1851.0
T000111,1982-07-31,1939.5137,2291.6655,1725.5137,1583.4028,1419.1583,1675.0
T000111,1982-10-31,1756.9115,1993.3589,1768.4514,1630.2126,1530.0259,1911.0
T000111,1983-01-31,1989.5962,2306.0579,1802.9169,1681.4601,1475.3538,1795.0
T000111,1983-04-30,1884.1576,2152.751,1856.5929,1733.7682,1660.8859,2026.0
T000111,1983-07-31,2114.7744,2448.7617,1920.2068,1801.796,1534.627,1879.0
T000111,1983-10-31,1966.338,2228.1733,1957.0531,1859.6052,1771.5137,2230.0
T000111,1984-01-31,2329.1926,2746.6582,2069.2493,1886.5969,1682.8623,1978.0
T000111,1984-04-30,2079.725,2335.0864,2111.8054,1927.1813,1891.8456,2288.0
T000111,1984-07-31,2389.936,2795.462,2146.0264,1985.9695,1710.5728,2148.0
T000111,1984-10-31,2254.0615,2575.777,2222.3364,2047.6509,1970.3263,2146.0
T000111,1985-01-31,2227.2063,2417.9712,2147.062,2158.6348,1756.544,2575.0
T000111,1985-04-30,2690.2563,3281.5127,2378.5269,2161.0679,2206.4297,2168.0
T000111,1985-07-31,2256.3281,2343.9448,2384.1062,2178.6848,1840.6023,2587.0
T000111,1985-10-31,2697.3325,3190.3955,2395.1067,2177.8171,2328.0952,2398.0
T000111,1986-01-31,2508.6726,2782.568,2498.354,2215.065,1894.0245,2881.0
T000111,1986-04-30,2991.8564,3500.6223,2659.7961,2410.5845,2417.7922,2703.0
T000111,1986-07-31,2846.8755,3374.9067,2797.5134,2583.9646,2165.5093,3124.0
T000111,1986-10-31,3272.6724,3894.652,2931.1907,2603.428,2446.671,2881.0
T000111,1987-01-31,3072.1104,3684.2554,3010.0266,2715.16,2597.079,3365.0
T000111,1987-04-30,3548.1243,4301.7134,3143.3381,2896.747,2356.5784,2990.0
T000111,1987-07-31,3174.1475,3682.6775,3189.1152,2910.8696,2769.601,3558.0
T000111,1987-10-31,3758.7236,4544.032,3297.8677,3005.276,2570.9097,3291.0
T000111,1988-01-31,3483.5886,4075.8694,3432.77,3153.4475,2913.8757,3792.0
T000111,1988-04-30,3984.0566,4726.461,3562.5525,3306.7588,2727.2034,3432.0
T000111,1988-07-31,3621.2236,4152.901,3623.1506,3387.723,3173.588,3581.0
T000112,1971-10-31,0.1326124,0.08693472,0.02436807,0.16884193,0.42941806,262.0
T000112,1972-01-31,278.54785,485.4863,262.02094,282.96423,299.8397,258.0
T000112,1972-04-30,274.19165,495.38977,260.1239,275.87814,255.54697,270.0
T000112,1972-07-31,286.4433,559.59937,264.50424,286.3548,223.21408,286.0
T000112,1972-10-31,303.29828,636.542,278.67233,273.67563,176.83768,279.0
T000112,1973-01-31,294.5943,554.5216,282.71683,275.40665,134.32335,291.0
T000112,1973-04-30,305.2595,579.1329,285.50424,270.6893,166.36093,285.0
T000112,1973-07-31,296.1519,490.5271,288.18585,279.49048,127.472046,297.0
T000112,1973-10-31,305.67313,475.9649,291.50424,285.41824,196.42566,292.0
T000112,1974-01-31,302.9791,403.64557,294.65488,286.54306,121.654816,294.0
T000112,1974-04-30,300.4386,318.91135,293.08405,291.27405,276.1442,288.0
T000112,1974-07-31,294.34933,308.90393,291.18585,292.32117,274.7162,290.0
T000112,1974-10-31,293.17078,297.9175,289.08405,291.75732,273.46896,285.0
T000112,1975-01-31,287.53067,286.172,287.65488,290.88892,289.9083,279.0
T000112,1975-04-30,281.50565,270.0528,282.18585,289.32568,277.93982,276.0
T000112,1975-07-31,280.24042,262.99493,277.59293,286.78278,292.2085,287.0
T000112,1975-10-31,290.64807,279.8287,281.96222,286.75974,287.3877,285.0
T000112,1976-01-31,288.36105,275.66217,286.06195,286.20538,297.75305,305.0
T000112,1976-04-30,308.4454,316.87756,295.84042,285.27167,297.96643,307.0
T000112,1976-07-31,311.85217,326.63614,306.08405,285.3912,297.66525,326.0
T000112,1976-10-31,332.68164,366.05573,317.2984,287.87918,293.47278,342.0
T000112,1977-01-31,352.44965,404.02194,334.67233,305.94717,296.56973,334.0
T000112,1977-04-30,345.75153,388.60056,338.2478,308.0743,282.3434,344.0
T000112,1977-07-31,357.63998,413.69714,339.4202,326.9886,302.33896,341.0
T000112,1977-10-31,353.8793,397.78085,342.59293,334.59665,288.8279,342.0
T000112,1978-01-31,352.88336,388.7508,341.54202,341.29,314.3284,350.0
T000112,1978-04-30,360.44455,396.69647,346.33615,342.1229,312.60312,352.0
T000112,1978-07-31,360.10867,383.74997,351.08405,342.24866,328.86594,326.0
T000112,1978-10-31,332.63422,332.6565,339.80533,345.90866,322.07703,330.0
T000112,1979-01-31,334.2316,327.88766,328.1681,346.20865,328.0531,332.0
T000112,1979-04-30,336.08914,322.41144,331.08405,334.7379,345.1477,334.0
T000112,1979-07-31,337.69904,321.74927,333.08405,335.24988,335.9733,340.0
T000112,1979-10-31,344.74942,336.25186,337.25214,333.22162,351.65723,328.0
T000112,1980-01-31,333.52563,313.40698,334.37167,331.09668,337.24188,333.0
T000112,1980-04-30,337.9984,327.71408,330.7101,333.11444,340.70782,344.0
T000112,1980-07-31,346.88455,346.25595,338.96222,334.59253,340.8885,339.0
T000112,1980-10-31,341.60736,339.23535,341.65488,334.5873,347.7342,363.0
T000112,1981-01-31,368.17188,395.6183,352.00848,339.37927,339.45395,386.0
T000112,1981-04-30,394.80792,436.62674,375.4665,340.21783,341.2681,384.0
T000112,1981-07-31,394.41354,436.25983,385.06195,344.92242,341.58182,385.0
T000112,1981-10-31,396.87924,445.3445,384.54202,364.16833,333.2065,383.0
T000112,1982-01-31,395.12888,436.2612,384.06195,384.11594,337.45862,387.0
T000112,1982-04-30,398.8565,439.3647,385.1681,384.60797,351.6565,378.0
T000112,1982-07-31,387.20743,412.2347,382.77878,384.79147,353.3389,380.0
T000112,1982-10-31,388.32062,403.07404,379.08405,384.29358,365.6377,368.0
T000112,1983-01-31,375.687,373.84625,374.37167,381.32062,359.15247,363.0
T000112,1983-04-30,367.7579,347.98398,365.65488,380.55316,366.9467,364.0
T000112,1983-07-31,369.56924,344.20355,363.54202,370.55823,386.27768,369.0
T000112,1983-10-31,374.199,349.60553,366.7101,369.9928,385.8596,373.0
T000112,1984-01-31,378.2728,362.12228,371.1681,368.98392,388.67615,376.0
T000112,1984-04-30,380.25763,370.58542,374.62607,368.2003,381.68057,371.0
T000112,1984-07-31,375.0158,367.00558,373.65488,369.21222,382.8844,373.0
T000112,1984-10-31,375.14877,375.34586,372.08405,371.21182,373.21878,383.0
T000112,1985-01-31,384.99722,395.31375,378.4202,373.56564,379.20093,394.0
T000112,1985-04-30,397.9888,418.46066,388.96222,373.8409,375.38806,410.0
T000112,1985-07-31,417.1735,452.02118,402.67233,376.55048,377.30142,424.0
T000112,1985-10-31,434.0946,479.56897,417.5883,383.7568,374.1765,447.0
T000112,1986-01-31,460.61612,524.02594,436.4665,395.04984,379.89612,450.0
T000112,1986-04-30,465.6319,531.5256,448.62607,411.17276,378.92584,468.0
T000112,1986-07-31,486.13077,564.28015,459.75638,425.4527,391.90805,476.0
T000112,1986-10-31,496.08957,577.6763,472.33615,448.38052,403.94397,475.0
T000112,1987-01-31,494.17435,564.14386,475.53098,451.033,404.2882,480.0
T000112,1987-04-30,497.96188,564.58875,477.7101,468.94992,426.82465,451.0
T000112,1987-07-31,464.7326,491.18448,466.39822,474.03357,416.63895,415.0
T000112,1987-10-31,426.5116,408.3353,434.11505,477.17758,421.343,431.0
T000113,1977-10-31,0.1326124,0.08693472,0.02436807,0.16884193,0.42941806,49.7
T000113,1978-01-31,52.92351,92.164604,49.720924,53.626144,57.225945,53.8
T000113,1978-04-30,57.4954,103.119736,51.922287,53.23679,51.044594,55.1
T000113,1978-07-31,58.58969,113.78314,54.504623,58.65466,46.45633,49.0
T000113,1978-10-31,52.486523,112.1004,52.238937,51.64501,30.608198,39.0
T000113,1979-01-31,42.82073,80.85436,44.30974,53.19226,20.354168,45.4
T000113,1979-04-30,48.934143,89.58014,42.468933,51.424007,28.93648,50.3
T000113,1979-07-31,52.996643,81.39497,48.0559,50.94792,25.941751,48.0
T000113,1979-10-31,50.60297,70.69294,49.22124,49.410107,36.72428,47.0
T000113,1980-01-31,50.757042,60.38561,47.530975,47.35506,22.771814,55.1
T000113,1980-04-30,57.67258,59.572433,51.390366,47.254986,51.887745,69.8
T000113,1980-07-31,72.694885,87.77066,63.067707,48.954834,58.203197,57.7
T000113,1980-10-31,60.895164,68.52797,64.12478,50.59247,51.34624,48.1
T000113,1981-01-31,52.466892,56.085777,53.19735,49.97863,45.159378,62.6
T000113,1981-04-30,67.30327,82.42168,55.9593,57.48271,42.525013,63.2
T000113,1981-07-31,66.10201,74.06863,62.925213,59.625763,47.43038,63.1
T000113,1981-10-31,65.826996,74.43803,63.1531,64.43403,57.91578,60.8
T000113,1982-01-31,65.52639,71.18171,62.021236,60.99726,54.8891,70.4
T000113,1982-04-30,74.60358,85.071335,66.003395,62.949047,58.49856,78.2
T000113,1982-07-31,81.68442,97.78765,74.62776,63.71274,62.634495,112.4
T000113,1982-10-31,118.9716,158.95947,96.737114,64.80439,78.88049,119.5
T000113,1983-01-31,131.32161,182.47472,116.248344,71.19014,72.256256,107.5
T000113,1983-04-30,120.34442,164.48999,113.87168,79.410034,50.023857,140.9
T000113,1983-07-31,156.35606,227.00804,125.60349,109.14894,68.99749,199.3
T000113,1983-10-31,220.71948,325.89993,172.55402,115.38593,85.8652,297.6
T000113,1984-01-31,332.3056,512.23956,252.58066,124.52242,139.61813,334.7
T000113,1984-04-30,382.3234,595.04016,317.70898,144.23279,120.45954,230.5
T000113,1984-07-31,278.84625,410.0393,285.82745,203.4207,70.120155,200.3
T000113,1984-10-31,243.838,345.74597,216.3354,218.8284,70.11768,178.3
T000113,1985-01-31,208.9721,244.34468,189.98143,215.52818,106.53975,215.7
T000113,1985-04-30,241.82257,256.43164,198.57158,229.76299,167.1181,253.7
T000113,1985-07-31,284.68893,307.12286,236.29678,230.27754,188.65173,262.4
T000113,1985-10-31,295.3589,288.3429,258.41556,216.56273,215.01321,239.7
T000113,1986-01-31,269.07684,249.03491,251.7531,216.97441,234.59976,264.4
T000113,1986-04-30,283.21964,274.46844,253.0879,241.31645,258.55316,306.1
T000113,1986-07-31,319.8897,364.86478,287.00226,255.53604,314.23096,353.4
T000113,1986-10-31,374.17856,483.9231,331.73758,264.0782,261.4068,297.6
T000114,1978-01-31,0.1326124,0.08693472,0.02436807,0.16884193,0.42941806,2892.0
T000114,1978-04-30,3074.0042,5358.007,2892.021,3124.0522,3305.37,3206.0
T000114,1978-07-31,3431.9082,6143.464,3062.1946,3098.9216,3003.565,2867.0
T000114,1978-10-31,3069.4065,5999.206,3047.0,3157.7388,2367.4944,3446.0
T000114,1979-01-31,3684.4172,7622.258,3180.83,3043.2249,1990.7567,3320.0
T000114,1979-04-30,3534.9473,6640.909,3386.9026,3259.7546,1710.8555,3402.0
T000114,1979-07-31,3582.8882,6697.4004,3364.4458,3217.268,2002.2565,3144.0
T000114,1979-10-31,3309.9812,5547.4717,3280.9912,3245.213,1496.1145,3976.0
T000114,1980-01-31,4137.462,6453.3774,3594.9612,3343.414,2331.9111,4099.0
T000114,1980-04-30,4328.9233,6098.2754,4042.6685,3419.083,1749.8486,3900.0
T000114,1980-07-31,4086.411,4714.164,4005.6638,3418.74,3012.8774,3640.0
T000114,1980-10-31,3877.796,4401.2896,3778.0532,3676.5566,3385.3362,4100.0
T000114,1981-01-31,4309.1367,4960.869,3889.3296,3933.5754,3048.182,4137.0
T000114,1981-04-30,4285.1953,4852.5547,4120.0547,3998.4685,3754.983,4517.0
T000114,1981-07-31,4690.7183,5452.6265,4342.968,4107.982,3789.0347,4184.0
T000114,1981-10-31,4426.294,4913.428,4360.8145,4107.2163,3905.01,4700.0
T000114,1982-01-31,4928.5107,5714.364,4463.6826,4152.557,3688.5598,4433.0
T000114,1982-04-30,4581.953,5058.7017,4574.77,4220.3267,4005.8105,4441.0
T000114,1982-07-31,4550.9355,4885.186,4437.336,4449.0664,4046.1953,4161.0
T000114,1982-10-31,4332.458,4556.13,4309.673,4523.6187,4106.3047,4953.0
T000114,1983-01-31,5123.9556,5678.544,4590.2803,4484.272,3986.4949,4909.0
T000114,1983-04-30,5056.048,5566.3545,4932.363,4472.885,4628.0234,5373.0
T000114,1983-07-31,5540.542,6296.2715,5160.4976,4460.7183,4426.051,5231.0
T000114,1983-10-31,5474.623,6250.71,5306.3984,4928.957,4803.619,6072.0
T000114,1984-01-31,6366.6777,7677.571,5686.8394,4979.1924,4552.6997,6300.0
T000114,1984-04-30,6636.6484,8213.809,6195.5806,5251.6,5214.935,6653.0
T000114,1984-07-31,7056.982,8762.828,6491.3335,5405.1265,4805.366,6010.0
T000114,1984-10-31,6451.3545,7788.495,6351.416,6029.5684,5084.9966,8112.0
T000114,1985-01-31,8686.452,11297.376,7149.3276,6128.63,5132.978,8340.0
T000114,1985-04-30,8934.996,11503.473,8235.581,6376.9893,6135.23,8631.0
T000114,1985-07-31,9267.093,11864.602,8497.729,6705.7344,5705.3916,8115.0
T000114,1985-10-31,8833.504,11221.105,8388.982,8168.304,6009.955,9647.0
T000114,1986-01-31,10391.271,13266.383,8945.376,8166.0635,6202.591,8221.0
T000114,1986-04-30,8808.166,10421.364,8978.169,8340.671,7245.69,8489.0
T000114,1986-07-31,8947.755,10198.856,8366.262,8433.938,6882.5376,9860.0
T000114,1986-10-31,10475.383,12648.605,9232.11,8613.382,8236.251,11204.0
T000114,1987-01-31,11846.334,14194.777,10588.476,8649.786,7445.028,10265.0
T000114,1987-04-30,10774.815,12569.4,10763.584,9673.818,8645.17,10472.0
T000114,1987-07-31,11041.529,12773.233,10377.198,9926.823,8038.6157,11017.0
T000114,1987-10-31,11630.669,13769.877,10767.401,10312.247,9839.288,11576.0
T000114,1988-01-31,12110.874,14225.262,11319.989,10544.84,9100.055,10775.0
T000114,1988-04-30,11252.046,12569.773,11200.31,10820.825,10268.648,11628.0
T000115,1971-10-31,0.1326124,0.08693472,0.02436807,0.16884193,0.42941806,65.0
T000115,1972-01-31,69.1822,120.51044,65.02093,70.153854,74.71059,71.0
T000115,1972-04-30,75.92456,136.07425,68.25212,69.636116,67.04033,70.0
T000115,1972-07-31,74.40573,144.99854,70.530975,76.3201,59.441185,74.0
T000115,1972-10-31,78.6729,164.93265,72.16808,73.32619,47.454945,69.0
T000115,1973-01-31,73.19838,139.1278,71.65487,71.56064,33.01256,71.0
T000115,1973-04-30,74.40609,140.54807,70.08404,70.32093,40.698112,66.0
T000115,1973-07-31,68.49309,112.49837,68.65487,70.54187,30.30851,69.0
T000115,1973-10-31,70.88089,105.90626,67.62606,69.75394,46.8077,64.0
T000115,1974-01-31,67.23896,81.44497,66.65487,69.932625,29.740002,71.0
T000115,1974-04-30,72.5884,70.70469,67.79414,69.405846,68.01815,66.0
T000115,1974-07-31,67.87705,62.308067,68.65487,66.90408,72.36485,72.0
T000115,1974-10-31,73.31474,71.97106,69.25212,66.25,70.358246,67.0
T000115,1975-01-31,68.78174,66.070816,69.65487,67.67184,73.670364,72.0
T000115,1975-04-30,72.885994,74.02255,69.710106,67.39867,68.8817,67.0
T000115,1975-07-31,68.54987,68.31564,69.65487,67.64276,70.393845,71.0
T000115,1975-10-31,71.90821,73.137115,69.16808,67.74316,64.76874,68.0
T000115,1976-01-31,69.61662,70.06493,69.59292,68.559494,71.230774,80.0
T000115,1976-04-30,81.913124,89.41671,74.50425,68.62928,67.44386,78.0
T000115,1976-07-31,80.29393,87.801735,79.06195,71.199585,76.54945,80.0
T000115,1976-10-31,82.32457,91.05594,79.08404,71.33078,68.612854,78.0
T000115,1977-01-31,81.01248,90.24411,79.06195,78.2171,74.98444,85.0
T000115,1977-04-30,87.998116,99.70358,81.79414,78.26314,68.752464,82.0
T000115,1977-07-31,84.84856,95.06699,83.59292,80.15394,78.99345,85.0
T000115,1977-10-31,87.95586,98.14087,83.62606,80.17158,72.42694,85.0
T000115,1978-01-31,88.21705,98.09869,85.02437,82.1836,79.05701,93.0
T000115,1978-04-30,96.22864,108.71657,89.33617,85.19527,74.079025,89.0
T000115,1978-07-31,91.39825,100.09221,91.12389,85.140526,83.05344,93.0
T000115,1978-10-31,95.70287,106.13037,91.16808,85.24003,82.39844,89.0
T000115,1979-01-31,91.82658,99.541916,91.12389,89.45071,84.01477,99.0
T000115,1979-04-30,101.90828,114.0605,94.420204,89.573235,81.95908,91.0
T000115,1979-07-31,93.45927,99.06851,95.24779,91.79104,88.719574,100.0
T000115,1979-10-31,102.72072,112.98012,95.87819,91.23908,86.824615,92.0
T000115,1980-01-31,94.98873,99.4378,96.24779,92.885124,88.80822,101.0
T000115,1980-04-30,103.21895,110.34578,96.87819,92.80114,87.98873,100.0
T000115,1980-07-31,102.40212,110.5939,100.530975,99.13705,97.199196,107.0
T000115,1980-10-31,109.479164,119.11194,103.79414,100.27662,91.03488,101.0
T000115,1981-01-31,104.2511,112.73242,104.185844,100.151505,100.51493,111.0
T000115,1981-04-30,114.24552,126.74691,106.420204,101.27211,92.82909,108.0
T000115,1981-07-31,111.283485,122.31033,109.59292,101.69461,102.907364,112.0
T000115,1981-10-31,115.116394,126.89836,110.16808,107.24121,95.15256,107.0
T000115,1982-01-31,110.37393,118.96794,109.65487,107.48091,103.52545,116.0
T000115,1982-04-30,119.413605,131.19089,111.87819,108.39648,100.5053,110.0
T000115,1982-07-31,112.655525,119.462,113.185844,110.70827,106.91746,116.0
T000115,1982-10-31,118.24803,126.144,113.25212,110.162674,102.95394,109.0
T000115,1983-01-31,111.78935,114.33985,112.71681,110.908966,109.76009,115.0
T000115,1983-04-30,117.04159,121.14052,112.25212,110.82517,103.7424,121.0
T000115,1983-07-31,123.030655,132.70824,118.25212,115.11189,116.47814,124.0
T000115,1983-10-31,126.18948,134.87541,122.62606,115.243805,110.86674,120.0
T000115,1984-01-31,123.053314,132.09932,122.12389,116.189285,118.98169,134.0
T000115,1984-04-30,138.13669,156.34242,127.58829,120.34638,113.18096,126.0
T000115,1984-07-31,129.72427,140.56383,130.24779,121.37654,117.96864,133.0
T000115,1984-10-31,136.82845,153.26883,129.79414,124.276405,115.5184,127.0
T000115,1985-01-31,131.17827,142.14328,130.18584,126.73009,119.335495,148.0
T000115,1985-04-30,153.35123,175.8731,138.38243,127.96819,121.30904,145.0
T000115,1985-07-31,150.31972,171.4577,146.59293,133.36401,125.637436,150.0
T000115,1985-10-31,155.08032,174.89392,147.7101,133.5887,123.73408,133.0
T000115,1986-01-31,139.17932,149.05643,142.02655,135.08344,129.38887,163.0
T000115,1986-04-30,169.3118,195.17747,149.26062,145.5924,126.89005,155.0
T000115,1986-07-31,160.59486,179.50653,159.24779,148.57309,139.1823,159.0
T000115,1986-10-31,164.35437,182.29247,157.16808,150.34668,138.60591,142.0
T000115,1987-01-31,149.7053,157.03546,151.02655,153.4284,142.76245,162.0
T000115,1987-04-30,167.42029,179.89632,152.84041,156.58575,135.1254,159.0
T000115,1987-07-31,162.98549,173.88614,160.59293,160.4847,157.24062,164.0
T000115,1987-10-31,167.09793,175.30151,161.7101,159.2145,149.56645,153.0
T000116,1975-10-31,0.1326124,0.08693472,0.02436807,0.16884193,0.42941806,299.0
T000116,1976-01-31,317.87314,554.0351,299.02094,322.9339,342.1228,304.1
T000116,1976-04-30,323.59714,583.27856,301.76428,319.961,298.44458,311.2
T000116,1976-07-31,329.7037,644.8904,307.94836,332.21326,258.72104,316.4
T000116,1976-10-31,334.95395,709.1926,314.0185,317.2696,201.40674,320.4
T000116,1977-01-31,337.31525,637.7411,318.56808,317.63504,154.31912,321.2
T000116,1977-04-30,335.265,636.6998,320.83362,311.685,186.8393,327.6
T000116,1977-07-31,338.54086,560.6787,324.66895,316.85526,146.17656,330.4
T000116,1977-10-31,339.0644,525.5663,329.11765,320.69894,219.4255,340.3
T000116,1978-01-31,352.15045,468.8106,335.766,321.6328,140.78757,345.8
T000116,1978-04-30,353.59238,385.5662,343.2811,327.9738,316.0518,352.6
T000116,1978-07-31,360.7161,393.76935,349.48575,330.96106,316.5172,355.1
T000116,1978-10-31,363.29285,396.458,353.95505,340.8871,323.6337,351.0
T000116,1979-01-31,358.3388,383.74667,353.17697,346.19693,321.5811,367.2
T000116,1979-04-30,375.20984,410.51413,359.78073,351.35526,338.25433,373.5
T000116,1979-07-31,381.87723,416.1521,370.61475,353.2565,338.56372,382.7
T000116,1979-10-31,391.67966,429.25488,378.4866,355.58136,348.63022,391.7
T000116,1980-01-31,402.13376,445.66263,387.5782,367.95697,348.10577,396.9
T000116,1980-04-30,407.3449,448.17334,394.5185,374.24194,349.97305,397.2
T000116,1980-07-31,407.42557,447.7855,397.0626,383.35138,361.1916,402.5
T000116,1980-10-31,412.20593,450.56662,400.07272,392.41745,365.82217,405.9
T000116,1981-01-31,415.67093,451.90894,404.3429,397.3612,376.4207,413.5
T000116,1981-04-30,423.22437,459.37674,410.01938,397.60126,376.6594,421.5
T000116,1981-07-31,430.2859,465.51193,417.83615,402.84634,389.31406,429.6
T000116,1981-10-31,438.61,474.56192,425.89035,406.40228,390.50092,434.9
T000116,1982-01-31,443.90622,480.77216,432.47272,414.05112,397.70667,441.1
T000116,1982-04-30,450.15076,487.64087,438.26053,422.1584,400.27246,443.1
T000116,1982-07-31,452.23758,488.46274,442.18405,430.21146,410.36542,449.0
T000116,1982-10-31,458.28424,495.1615,446.2979,435.42194,414.3372,456.8
T000116,1983-01-31,466.14307,504.11053,453.22775,441.52963,423.16074,461.9
T000116,1983-04-30,471.20782,507.30652,459.56427,443.50342,426.8436,469.2
T000116,1983-07-31,478.47742,515.92456,465.85675,449.4687,434.18643,474.3
T000116,1983-10-31,483.411,519.4617,471.9643,457.369,436.9107,486.5
T000116,1984-01-31,496.06717,537.20667,480.91266,462.4147,446.266,451.4
T000116,1984-04-30,459.11664,468.31744,470.0372,465.8825,433.76038,500.0
T000116,1984-07-31,509.34302,551.67395,477.74222,470.2306,458.89713,508.0
T000116,1984-10-31,518.48895,560.4468,504.33615,476.58606,462.06094,511.2
T000116,1985-01-31,520.89026,558.6526,509.73447,487.26892,469.10938,521.8
T000116,1985-04-30,535.5593,591.9038,516.94543,500.94913,477.50436,526.6
T000116,1985-07-31,539.7575,583.1479,524.4017,509.17828,475.04187,531.3
T000116,1985-10-31,544.5277,596.9606,529.14746,511.80246,500.4966,541.9
T000116,1986-01-31,554.1116,604.4562,537.0454,522.44604,489.56094,554.3
T000116,1986-04-30,568.9685,623.10333,548.62103,527.0899,518.1035,557.6
T000116,1986-07-31,573.49475,628.24194,556.0886,531.91425,490.27087,572.0
T000116,1986-10-31,584.3072,636.67664,565.4051,542.7109,520.30786,573.6
T000116,1987-01-31,586.0529,634.38995,572.86725,555.1288,526.1967,581.3
T000116,1987-04-30,593.6716,642.6295,577.7735,558.3943,530.92676,590.2
T000116,1987-07-31,602.43134,653.25006,586.12396,572.7269,546.88153,602.0
T000116,1987-10-31,614.7086,665.72144,596.5958,574.20685,549.1203,610.8
T000116,1988-01-31,624.09766,678.4429,606.7698,581.8856,563.8264,613.3
T000116,1988-04-30,625.93365,673.996,612.155,590.99054,560.8683,622.2
T000116,1988-07-31,634.7308,684.6535,618.12396,602.8717,576.92413,634.4
T000116,1988-10-31,647.1854,699.5923,628.8127,611.47815,579.7063,646.0
T000116,1989-01-31,658.69446,712.85834,640.68744,613.981,598.8376,652.9
T000116,1989-04-30,666.6539,722.2964,649.7399,622.91327,603.00867,658.8
T000116,1989-07-31,672.7399,726.6045,656.0979,635.3227,604.3355,668.3
T000116,1989-10-31,682.08124,736.84143,663.94916,646.9073,612.7906,675.8
T000116,1990-01-31,688.8056,741.5017,672.3652,653.5134,625.27386,681.1
T000116,1990-04-30,693.7859,744.3107,678.67267,659.4081,638.55133,686.6
T000116,1990-07-31,699.4413,748.1067,684.0811,668.98267,640.70197,663.2
T000116,1990-10-31,673.10486,695.05707,675.6248,671.09766,635.9359,649.7
T000117,1975-10-31,0.1326124,0.08693472,0.02436807,0.16884193,0.42941806,197.5
T000117,1976-01-31,209.9968,365.98914,197.52092,213.28735,226.12991,201.7
T000117,1976-04-30,214.68901,386.8521,199.77649,211.35962,197.50038,203.6
T000117,1976-07-31,215.55632,422.33313,202.72983,220.37315,170.25854,205.7
T000117,1976-10-31,217.67247,462.23083,204.73824,210.35529,132.29837,212.0
T000117,1977-01-31,223.10336,421.51022,209.11473,208.01318,99.92233,212.1
T000117,1977-04-30,221.16927,419.35272,212.0542,203.79073,121.31449,215.0
T000117,1977-07-31,222.06874,367.73914,213.67186,205.96779,95.60901,217.3
T000117,1977-10-31,223.12607,346.03098,216.24664,212.36414,143.47452,221.6
T000117,1978-01-31,229.24136,303.83072,219.6307,212.32672,92.8638,229.2
T000117,1978-04-30,234.17896,256.54813,225.71935,215.24667,210.10593,231.8
T000117,1978-07-31,237.01682,258.3459,230.60925,217.59996,209.79031,236.4
T000117,1978-10-31,242.26926,266.49323,234.2933,222.00917,213.32912,240.3
T000117,1979-01-31,246.46313,271.60205,238.51389,229.67424,211.89021,245.8
T000117,1979-04-30,252.01389,278.1697,243.28111,232.14166,220.43338,250.3
T000117,1979-07-31,257.015,285.30658,248.23909,236.7123,226.20003,254.5
T000117,1979-10-31,261.48273,289.47842,252.57648,240.67032,227.506,258.2
T000117,1980-01-31,265.4027,293.70383,256.5055,246.21025,231.29356,259.4
T000117,1980-04-30,266.09143,291.18182,258.8504,250.67862,232.99135,261.7
T000117,1980-07-31,267.70676,290.77612,260.64664,254.84677,240.71968,264.6
T000117,1980-10-31,270.29657,291.87616,263.27188,258.48322,244.22247,264.5
T000117,1981-01-31,269.47177,286.90945,264.5531,259.5638,248.08862,270.5
T000117,1981-04-30,275.27704,294.1153,267.75214,261.87857,253.22531,276.2
T000117,1981-07-31,280.94128,300.4998,273.58954,264.71207,256.19345,277.9
T000117,1981-10-31,282.5327,300.9064,277.12143,264.88028,258.15616,281.3
T000117,1982-01-31,286.1269,306.28687,279.74286,270.87527,262.0733,284.5
T000117,1982-04-30,289.4935,309.55203,283.03445,276.63425,262.13434,286.0
T000117,1982-07-31,290.97003,310.51526,285.31302,278.14355,267.39267,290.1
T000117,1982-10-31,295.0425,315.65662,288.2223,281.54565,272.4588,296.4
T000117,1983-01-31,301.78952,324.1995,293.51474,284.73175,275.9389,298.3
T000117,1983-04-30,303.9079,325.49973,297.4298,286.27344,275.76624,302.6
T000117,1983-07-31,308.05353,330.4079,300.6307,290.45117,280.31274,304.6
T000117,1983-10-31,309.95398,331.13043,303.68405,296.79904,283.40332,306.3
T000117,1984-01-31,311.51788,331.47238,305.52145,298.59818,286.09085,300.6
T000117,1984-04-30,304.9181,318.19867,303.62656,300.94638,288.81976,318.0
T000117,1984-07-31,323.0434,345.8689,310.03116,303.05588,296.86395,328.6
T000117,1984-10-31,334.91748,362.81595,323.74542,305.52496,300.16577,327.0
T000117,1985-01-31,333.29175,357.5757,327.84955,306.782,298.5933,333.5
T000117,1985-04-30,341.07025,372.3707,330.52313,318.69272,303.51486,338.6
T000117,1985-07-31,346.587,376.9258,336.26428,327.7361,300.86304,335.2
T000117,1985-10-31,342.35034,368.25095,337.00534,328.89508,314.05295,339.7
T000117,1986-01-31,346.45847,373.25494,337.6391,333.77936,317.8658,345.1
T000117,1986-04-30,352.41177,377.66876,342.62692,335.54642,324.2478,349.2
T000117,1986-07-31,356.38202,380.84363,347.3223,338.81583,321.5516,358.2
T000117,1986-10-31,364.17267,390.489,354.0782,340.03262,330.63214,361.0
T000117,1987-01-31,367.1057,391.50107,359.71765,345.49078,337.673,365.5
T000117,1987-04-30,372.3503,400.01862,363.4391,349.72403,335.76978,371.4
T000117,1987-07-31,378.32874,408.0518,368.69794,358.73288,341.65073,378.5
T000117,1987-10-31,385.93588,417.5286,375.24835,361.3708,348.63748,384.9
T000117,1988-01-31,393.37973,428.922,381.96893,365.891,354.41562,386.2
T000117,1988-04-30,394.5957,426.79828,385.6046,371.88757,353.78568,395.3
T000117,1988-07-31,404.04922,439.75696,391.1324,379.05988,361.64185,398.8
T000117,1988-10-31,407.35083,441.04852,397.19705,385.36606,364.32086,407.3
T000117,1989-01-31,415.70917,451.14767,403.40717,386.71506,375.0862,411.0
T000117,1989-04-30,419.85724,455.5511,409.30548,395.81946,379.5945,411.7
T000117,1989-07-31,420.14218,450.91394,411.37943,399.32477,378.3455,424.3
T000117,1989-10-31,433.09772,470.63098,418.52945,407.7901,390.58575,427.3
T000117,1990-01-31,435.66016,468.84952,425.92606,411.3366,392.26678,428.1
T000117,1990-04-30,436.15488,467.03308,427.73364,412.1208,402.43625,431.3
T000117,1990-07-31,439.43613,469.90225,429.83447,424.93918,402.21255,429.6
T000117,1990-10-31,436.35214,458.18173,430.50266,427.59738,404.8038,432.4
T000118,1975-10-31,0.1326124,0.08693472,0.02436807,0.16884193,0.42941806,66.1
T000118,1976-01-31,70.35114,122.54837,66.120926,71.34212,75.96766,67.1
T000118,1976-04-30,71.393486,128.70383,66.64202,70.73175,65.92089,69.6
T000118,1976-07-31,73.799995,144.07707,68.45505,73.32944,57.29086,72.0
T000118,1976-10-31,76.3185,160.68958,70.900856,70.092766,44.870117,73.4
T000118,1977-01-31,77.47432,146.0777,72.75883,70.898865,35.54311,75.8
T000118,1977-04-30,79.54801,150.44882,74.70086,69.77804,42.96331,79.1
T000118,1977-07-31,82.42573,137.3923,77.58867,72.18065,35.494778,80.7
T000118,1977-10-31,83.67189,131.74611,79.967224,73.56018,51.15796,82.7
T000118,1978-01-31,86.60703,119.216156,81.784035,76.00895,33.613613,83.3
T000118,1978-04-30,86.56998,99.08389,83.025215,79.31976,71.45253,85.9
T000118,1978-07-31,89.162,101.984436,84.70926,80.874115,73.18976,86.9
T000118,1978-10-31,89.91604,101.72182,86.442024,82.83727,76.01833,85.7
T000118,1979-01-31,88.310776,97.115005,86.33717,83.43115,77.62497,88.6
T000118,1979-04-30,91.17041,100.90386,87.27186,85.83524,79.85219,92.4
T000118,1979-07-31,94.8951,105.063614,90.659676,86.130394,80.99202,96.1
T000118,1979-10-31,98.700935,110.3094,94.40548,87.07395,85.49407,98.8
T000118,1980-01-31,101.867676,115.23646,97.56345,88.7978,85.14468,102.7
T000118,1980-04-30,106.34894,121.822784,100.91388,92.69483,86.688156,104.9
T000118,1980-07-31,108.9313,125.65036,103.89245,96.388504,86.86865,106.3
T000118,1980-10-31,110.309425,126.73598,105.65884,99.07207,90.49207,107.6
T000118,1981-01-31,111.7397,128.02185,107.00462,102.965034,94.257706,110.0
T000118,1981-04-30,114.2358,130.17242,108.900856,105.10661,94.46394,110.4
T000118,1981-07-31,114.1673,127.72832,110.216805,106.419266,97.65169,114.3
T000118,1981-10-31,117.80229,131.57684,112.513885,107.75022,101.391884,117.2
T000118,1982-01-31,120.62708,134.35796,115.87186,110.14754,103.73983,119.3
T000118,1982-04-30,122.6498,135.98453,118.33824,110.60427,104.517715,121.4
T000118,1982-07-31,124.75965,138.73376,120.43825,114.541855,108.35822,124.7
T000118,1982-10-31,128.24493,142.92116,123.18867,117.45285,108.63338,126.8
T000118,1983-01-31,130.49774,145.76295,125.83824,119.4728,112.67451,127.9
T000118,1983-04-30,131.55702,146.06433,127.396225,121.61126,114.58609,129.9
T000118,1983-07-31,133.57822,147.9721,128.98404,124.92619,116.97583,131.6
T000118,1983-10-31,135.21716,148.80583,130.82144,126.982056,117.60096,138.1
T000118,1984-01-31,141.79688,158.09355,135.12314,128.10205,123.18494,128.7
T000118,1984-04-30,131.69083,138.6847,133.69115,129.19429,120.85211,139.3
T000118,1984-07-31,142.58209,156.3127,134.44542,130.21545,126.00967,145.2
T000118,1984-10-31,148.96368,165.13892,142.49792,132.59612,127.5408,146.1
T000118,1985-01-31,149.54185,163.21173,145.68782,138.40546,128.54752,151.3
T000118,1985-04-30,155.90279,176.63257,148.91852,139.63966,132.7855,153.0
T000118,1985-07-31,157.93372,175.65234,152.22144,145.70314,134.67807,154.3
T000118,1985-10-31,159.2705,178.33835,153.70462,146.3952,138.65587,155.6
T000118,1986-01-31,160.03441,177.71469,155.00464,151.56949,138.11122,158.4
T000118,1986-04-30,162.92493,179.2464,157.11766,153.19823,146.41588,159.3
T000118,1986-07-31,164.14267,180.31096,158.88782,154.40569,142.56787,162.6
T000118,1986-10-31,166.25964,180.26561,161.08868,155.75876,148.27875,165.3
T000118,1987-01-31,168.7428,182.50388,164.06346,158.571,152.66487,166.6
T000118,1987-04-30,169.97676,182.85114,166.00464,159.49716,151.83257,170.9
T000118,1987-07-31,174.27061,189.08517,168.9307,162.8168,157.35,173.7
T000118,1987-10-31,177.34521,192.55893,172.41765,165.49751,157.99672,178.2
T000118,1988-01-31,182.28882,199.95842,176.13908,166.86293,161.3281,180.1
T000118,1988-04-30,184.48111,202.48021,179.22983,171.17851,162.81708,182.8
T000118,1988-07-31,187.31932,205.36697,181.56346,174.0088,164.90128,184.3
T000118,1988-10-31,188.86797,206.81459,183.61304,178.48926,167.61017,188.9
T000118,1989-01-31,193.39493,211.85748,186.7933,180.31346,170.67476,191.8
T000118,1989-04-30,196.38957,215.1735,190.47186,182.98087,175.56856,193.2
T000118,1989-07-31,197.7535,215.06757,192.55882,184.55064,175.61626,194.2
T000118,1989-10-31,198.48566,214.65498,193.74202,189.16722,179.18387,196.7
T000118,1990-01-31,200.69429,215.79329,195.55505,192.06934,180.10228,196.9
T000118,1990-04-30,200.33224,213.19525,196.8084,193.32698,185.52979,197.0
T000118,1990-07-31,200.03702,210.72118,196.9542,194.33159,187.38922,192.5
T000118,1990-10-31,194.9652,199.84192,194.88939,194.97841,187.45712,186.3
T000119,1975-10-31,0.1326124,0.08693472,0.02436807,0.16884193,0.42941806,63.0
T000119,1976-01-31,67.05687,116.8051,63.020924,67.99337,72.42501,63.0
T000119,1976-04-30,67.01427,120.947525,63.02437,67.352806,62.837616,61.0
T000119,1976-07-31,64.68958,127.33182,62.061947,68.77195,52.221962,60.0
T000119,1976-10-31,63.7567,136.59677,60.530975,63.389725,38.688354,58.0
T000119,1977-01-31,61.403297,115.41606,59.061947,63.378716,27.976883,62.0
T000119,1977-04-30,64.790955,121.4238,60.168083,61.605778,37.15232,63.0
T000119,1977-07-31,65.11906,105.12582,62.54202,61.15118,29.315441,65.0
T000119,1977-10-31,66.99495,101.35779,64.08404,61.08896,45.26607,66.0
T000119,1978-01-31,68.548355,90.05559,65.54202,62.138718,28.171627,68.0
T000119,1978-04-30,69.27904,74.49075,67.08404,63.15927,64.08478,67.0
T000119,1978-07-31,68.48883,74.19113,67.530975,65.109215,63.863895,68.0
T000119,1978-10-31,69.602905,75.89164,67.54202,66.10596,62.023476,69.0
T000119,1979-01-31,70.83638,77.71032,68.54202,67.07084,64.53775,72.0
T000119,1979-04-30,73.989944,81.70946,70.62606,68.07637,63.131958,71.0
T000119,1979-07-31,72.63201,78.55229,71.530975,68.07018,65.72932,73.0
T000119,1979-10-31,74.677315,81.076546,72.08404,69.12333,66.34544,74.0
T000119,1980-01-31,75.66373,82.31926,73.54202,71.10703,67.41506,77.0
T000119,1980-04-30,78.72265,86.33664,75.62606,72.09282,68.09663,76.0
T000119,1980-07-31,77.74544,84.64061,76.530975,73.07188,71.0349,78.0
T000119,1980-10-31,79.96901,87.48752,77.08404,74.13941,70.431786,81.0
T000119,1981-01-31,83.20654,92.63583,79.62606,76.1265,72.72094,83.0
T000119,1981-04-30,85.201324,94.386185,82.08404,77.10265,72.36955,83.0
T000119,1981-07-31,85.24945,94.35806,83.02437,78.130516,75.85711,86.0
T000119,1981-10-31,88.61525,99.0922,84.62606,81.20761,75.31852,88.0
T000119,1982-01-31,90.677986,101.5724,87.08404,83.147736,77.43446,92.0
T000119,1982-04-30,94.85401,107.57495,90.16808,83.205246,79.58895,91.0
T000119,1982-07-31,93.88416,104.99605,91.530975,86.17259,82.282715,93.0
T000119,1982-10-31,96.09505,107.68126,92.08404,88.21828,80.795555,92.0
T000119,1983-01-31,94.7436,104.2798,92.530975,91.12122,82.96687,93.0
T000119,1983-04-30,95.169914,102.75571,92.54202,92.08199,84.862076,92.0
T000119,1983-07-31,93.88741,99.74864,92.530975,92.12039,88.16628,95.0
T000119,1983-10-31,96.76488,102.50473,93.62606,92.15296,88.25102,96.0
T000119,1984-01-31,97.562355,103.12945,95.54202,93.06634,90.828064,99.0
T000119,1984-04-30,100.47031,106.75314,97.62606,93.10196,90.49122,98.0
T000119,1984-07-31,99.49734,105.0818,98.530975,95.1099,93.450386,101.0
T000119,1984-10-31,102.75549,110.13761,99.62606,96.15181,92.058556,102.0
T000119,1985-01-31,103.88665,112.07322,101.54202,98.11319,95.656685,104.0
T000119,1985-04-30,106.062485,114.67976,103.08404,99.12566,94.6938,103.0
T000119,1985-07-31,105.15142,113.13895,103.530975,101.09939,97.07488,104.0
T000119,1985-10-31,106.10697,113.18081,103.54202,102.11588,95.58623,101.0
T000119,1986-01-31,102.59298,106.241394,102.59292,102.45057,98.155914,102.0
T000119,1986-04-30,103.08869,105.4888,101.54202,102.52908,97.7598,100.0
T000119,1986-07-31,100.951805,100.38499,101.06195,102.35809,99.94554,98.0
T000119,1986-10-31,99.026245,94.788734,99.06195,101.50483,98.28715,99.0
T000119,1987-01-31,100.32763,96.02867,98.54202,100.55547,101.79401,102.0
T000119,1987-04-30,103.09788,99.78183,100.62606,100.4387,103.16116,100.0
T000119,1987-07-31,101.09664,96.992134,101.06195,100.378876,104.11792,101.0
T000119,1987-10-31,101.91614,100.07956,100.54202,100.051094,102.39157,103.0
T000119,1988-01-31,103.8358,104.69511,102.08404,100.158325,104.15065,108.0
T000119,1988-04-30,109.03574,114.66599,105.710106,101.19145,102.88234,109.0
T000119,1988-07-31,110.50551,118.07267,108.54202,102.102104,103.13829,113.0
T000119,1988-10-31,115.50457,126.66177,111.16808,103.21326,102.22317,115.0
T000119,1989-01-31,118.25854,131.78038,114.08404,108.28672,101.72266,119.0
T000119,1989-04-30,122.53229,137.76428,117.16808,109.25599,101.5185,119.0
T000119,1989-07-31,122.6552,137.60637,119.02437,113.229904,107.65186,120.0
T000119,1989-10-31,123.830864,138.03033,119.54202,115.24275,105.50996,117.0
T000119,1990-01-31,120.43166,130.86029,118.59292,117.21167,107.919945,120.0
T000119,1990-04-30,122.80612,132.05939,118.62606,119.11354,109.33712,119.0
T000119,1990-07-31,121.07635,127.05579,119.530975,119.26096,113.56086,114.0
T000119,1990-10-31,115.50401,114.62027,116.65487,120.02929,111.52263,105.0
T000120,1975-10-31,0.1326124,0.08693472,0.02436807,0.16884193,0.42941806,69.7
T000120,1976-01-31,74.17679,129.21797,69.720924,75.23099,80.08169,71.6
T000120,1976-04-30,76.24058,137.31667,70.729836,74.59854,69.88472,73.6
T000120,1976-07-31,78.03194,152.37094,72.68404,78.1581,61.42283,75.5
T000120,1976-10-31,80.012856,168.7883,74.629845,74.75726,48.10271,76.0
T000120,1977-01-31,80.14107,151.55164,75.77101,75.04011,36.837914,77.6
T000120,1977-04-30,81.20674,153.89755,76.86723,73.76419,44.60659,77.6
T000120,1977-07-31,80.404686,133.44185,77.62437,75.63251,35.246227,80.5
T000120,1977-10-31,82.82939,129.0961,79.17186,76.10787,52.893982,82.7
T000120,1978-01-31,85.92976,115.75415,81.692444,77.69991,33.801933,82.5
T000120,1978-04-30,84.72679,92.8775,82.60619,77.72655,73.65049,82.6
T000120,1978-07-31,84.70223,92.40233,82.55421,80.62803,75.53141,79.6
T000120,1978-10-31,81.174355,84.75396,81.19292,81.02694,73.919464,76.0
T000120,1979-01-31,77.213196,76.29275,77.91151,81.395874,74.63366,75.9
T000120,1979-04-30,77.18093,74.03945,75.953094,80.68038,75.188095,79.5
T000120,1979-07-31,80.80283,78.03762,77.85127,80.683075,80.41195,83.0
T000120,1979-10-31,84.38524,83.996124,81.39707,79.79153,82.410446,87.6
T000120,1980-01-31,89.28007,92.95433,85.4933,79.66514,84.40898,91.6
T000120,1980-04-30,93.91422,102.28743,89.76808,79.73116,87.105484,89.8
T000120,1980-07-31,92.3661,101.125404,90.75575,83.29661,83.60345,90.3
T000120,1980-10-31,93.027855,103.632614,90.071014,87.89297,83.31268,97.9
T000120,1981-01-31,101.43797,117.75661,94.419365,89.999756,84.44102,96.5
T000120,1981-04-30,100.245575,113.96155,97.24336,90.518295,84.22344,95.7
T000120,1981-07-31,99.29586,111.4456,96.12478,91.74591,85.24765,94.5
T000120,1981-10-31,97.68992,106.344475,95.13717,94.70652,84.87405,94.5
T000120,1982-01-31,96.658,101.51581,94.52437,95.51444,86.74845,96.6
T000120,1982-04-30,98.03905,102.968575,95.638245,96.127655,92.03573,98.9
T000120,1982-07-31,100.21137,104.27993,97.84665,95.805016,94.49191,102.2
T000120,1982-10-31,104.17889,111.126,100.68867,95.79768,96.441124,103.4
T000120,1983-01-31,105.3775,112.743324,102.850426,96.74138,94.30497,105.1
T000120,1983-04-30,106.9177,114.79537,104.321434,99.11628,98.30281,107.5
T000120,1983-07-31,109.85784,120.33917,106.400856,102.41698,96.88915,108.8
T000120,1983-10-31,111.44661,122.445694,108.20463,103.53893,98.60926,111.6
T000120,1984-01-31,114.63732,127.51819,110.31766,105.24686,101.38847,114.1
T000120,1984-04-30,117.40873,130.74701,112.95505,107.66195,101.058,115.3
T000120,1984-07-31,118.55143,131.14635,114.75042,108.972725,102.46635,116.6
T000120,1984-10-31,119.72011,131.96559,116.00462,111.79413,104.479774,115.4
T000120,1985-01-31,118.09273,127.40508,116.03717,114.23979,106.22845,112.1
T000120,1985-04-30,114.26189,119.386536,113.85221,114.91475,107.21695,115.3
T000120,1985-07-31,117.10684,122.62923,113.834465,115.7024,109.146515,117.0
T000120,1985-10-31,118.4358,122.67812,116.221436,115.61963,112.38935,122.8
T000120,1986-01-31,124.56053,132.05685,120.14372,115.55845,115.48411,124.4
T000120,1986-04-30,126.55476,135.18533,123.66724,115.534836,115.68772,123.1
T000120,1986-07-31,125.30111,132.41367,123.79027,117.28162,114.59331,127.1
T000120,1986-10-31,129.67062,141.02496,125.26808,123.16172,116.246895,136.5
T000120,1987-01-31,139.8678,156.75095,132.19499,123.51616,119.21752,141.3
T000120,1987-04-30,145.82355,166.60825,139.1017,124.744095,125.32949,143.7
T000120,1987-07-31,149.32431,172.3583,142.60085,127.448524,120.592606,145.9
T000120,1987-10-31,151.97652,175.37396,144.89244,137.05453,121.770546,147.1
T000120,1988-01-31,152.943,174.61444,146.55043,141.72263,122.42575,147.6
T000120,1988-04-30,152.60947,171.75214,147.37102,143.93588,131.89421,151.5
T000120,1988-07-31,156.42685,175.43227,149.71388,146.06084,135.98613,155.8
T000120,1988-10-31,161.04895,180.11922,153.83069,147.24803,137.22859,164.1
T000120,1989-01-31,169.43864,191.28604,160.29878,147.99196,141.08911,169.1
T000120,1989-04-30,174.42233,197.31482,166.8101,151.81897,145.35313,180.3
T000120,1989-07-31,186.86748,216.93626,175.17064,156.32222,147.91808,185.4
T000120,1989-10-31,193.17273,226.79999,183.06432,164.64722,150.13011,195.6
T000120,1990-01-31,204.68253,244.46529,190.92862,169.76408,154.22482,199.2
T000120,1990-04-30,209.29552,251.05171,197.55127,181.00719,162.09048,196.0
T000120,1990-07-31,205.76624,240.69537,197.69913,185.98933,159.98654,197.1
T000120,1990-10-31,206.18819,238.50313,196.59622,196.19395,170.39612,193.2
T000120,1991-01-31,200.50934,221.16736,195.2708,196.6026,169.63182,194.7
T000120,1991-04-30,200.255,215.22632,194.01303,196.27,180.97562,190.8
T000120,1991-07-31,195.05386,200.3349,192.8708,195.32625,180.06123,189.5
T000120,1991-10-31,192.37283,189.60608,190.19026,194.06305,187.40564,194.9
T000120,1992-01-31,197.31973,196.49495,192.42691,194.05305,192.53748,197.1
T000120,1992-04-30,198.45836,195.65102,196.09245,193.40617,196.88289,198.8
T000120,1992-07-31,200.23724,201.31612,198.02145,194.84006,201.42143,203.8
T000120,1992-10-31,205.70735,213.25655,201.5101,195.15784,197.62675,222.6
T000120,1993-01-31,226.73471,249.6306,213.99,197.68564,203.3744,224.3
T000120,1993-04-30,230.10103,256.42773,223.52145,199.28398,197.38214,227.7
T000120,1993-07-31,234.94534,265.50644,226.14287,204.42459,197.97763,235.3
T000120,1993-10-31,244.45282,282.42194,231.81935,223.73022,196.46416,252.0
T000120,1994-01-31,262.50424,308.13055,244.35175,224.86334,201.6549,255.7
T000120,1994-04-30,266.60553,313.47513,254.00548,228.20934,220.4328,259.3
T000120,1994-07-31,271.02676,316.29706,257.65128,236.0594,217.97308,266.2
T000120,1994-10-31,278.6901,326.12366,263.03995,253.05495,223.18047,276.7
T000120,1995-01-31,288.62488,335.2847,271.89124,256.2198,222.83679,285.8
T000120,1995-04-30,296.76996,344.4646,281.6324,259.81662,248.03906,297.5
T000120,1995-07-31,309.93005,361.57095,292.14163,266.8555,251.20323,292.9
T000120,1995-10-31,305.26535,349.01404,295.3425,277.4001,249.10976,287.2
T000121,1969-10-31,0.1326124,0.08693472,0.02436807,0.16884193,0.42941806,11.12
T000121,1970-01-31,11.92956,20.688618,11.140916,11.95249,13.137213,11.61
T000121,1970-04-30,12.376323,22.26196,11.38559,11.904794,11.232034,11.59
T000121,1970-07-31,12.280686,24.037287,11.600619,12.658238,9.745367,11.62
T000121,1970-10-31,12.310871,26.148819,11.60626,12.09139,7.561482,11.82
T000121,1971-01-31,12.436846,23.5816,11.728403,11.876379,5.5992365,11.71
T000121,1971-04-30,12.196344,23.126484,11.768407,11.618329,6.786598,11.48
T000121,1971-07-31,11.811576,19.470963,11.602123,11.659782,5.1665964,11.55
T000121,1971-10-31,11.804141,18.013615,11.5179405,11.64343,7.8717327,11.65
T000121,1972-01-31,12.024356,15.328972,11.604202,11.656899,4.8968043,11.85
T000121,1972-04-30,11.937975,12.161864,11.758404,11.665223,11.446528,12.07
T000121,1972-07-31,12.14929,12.464349,11.969245,11.6555395,11.765999,12.43
T000121,1972-10-31,12.572257,13.193787,12.265127,11.664753,11.83337,12.53
T000121,1973-01-31,12.707698,13.475549,12.484201,11.865017,11.761352,12.66
T000121,1973-04-30,12.862583,13.743987,12.600462,12.0919485,11.885465,12.69
T000121,1973-07-31,12.930157,13.881607,12.67626,12.451545,11.826214,12.86
T000121,1973-10-31,13.11749,14.122257,12.782144,12.543723,11.890826,13.0
T000121,1974-01-31,13.252457,14.252808,12.9358835,12.668455,12.195316,13.22
T000121,1974-04-30,13.473638,14.451509,13.119246,12.701888,12.272667,13.6
T000121,1974-07-31,13.874571,15.023284,13.425968,12.872851,12.506464,13.67
T000121,1974-10-31,13.937324,14.984615,13.637941,13.014887,12.454009,14.08
T000121,1975-01-31,14.368004,15.651741,13.892228,13.241033,12.846218,14.31
T000121,1975-04-30,14.634235,16.012058,14.204664,13.624203,12.874568,14.58
T000121,1975-07-31,14.929618,16.394775,14.456346,13.694666,13.126094,14.92
T000121,1975-10-31,15.313644,17.001621,14.764287,14.104916,13.463314,15.14
T000121,1976-01-31,15.549451,17.180193,15.039246,14.331777,13.464186,15.5
T000121,1976-04-30,15.9349165,17.733843,15.335127,14.602679,13.833936,15.64
T000121,1976-07-31,16.066784,17.746874,15.575883,14.944494,13.935929,16.03
T000121,1976-10-31,16.461025,18.22616,15.851389,15.163586,14.37332,17.03
T000121,1977-01-31,17.550205,19.910582,16.572021,15.527299,14.774619,17.1
T000121,1977-04-30,17.632864,19.780209,17.067942,15.670596,14.878587,17.06
T000121,1977-07-31,17.602303,19.652956,17.08124,16.068735,15.069261,16.91
T000121,1977-10-31,17.41789,19.148418,16.989647,16.947805,15.021767,17.0
T000121,1978-01-31,17.425228,18.781399,16.958782,17.038628,15.547505,16.95
T000121,1978-04-30,17.288479,18.336117,16.97655,17.01922,16.090134,17.22
T000121,1978-07-31,17.512209,18.33309,17.096344,17.013535,16.349052,17.42
T000121,1978-10-31,17.706987,18.474869,17.328403,17.010418,16.625618,17.89
T000121,1979-01-31,18.128967,19.002552,17.67475,17.020237,16.658323,18.09
T000121,1979-04-30,18.290325,19.216936,17.998404,17.235535,17.204794,18.52
T000121,1979-07-31,18.790678,20.058235,18.323069,17.447372,17.190134,18.68
T000121,1979-10-31,19.024502,20.502165,18.606724,17.919353,17.250889,18.89
T000122,1969-10-31,0.1326124,0.08693472,0.02436807,0.16884193,0.42941806,474.0
T000122,1970-01-31,503.87164,878.2522,474.02094,511.9797,542.1106,486.9
T000122,1970-04-30,518.45575,933.79224,480.99207,507.31253,475.24686,484.0
T000122,1970-07-31,512.2031,1005.1372,485.53983,528.815,406.0327,490.5
T000122,1970-10-31,519.23785,1103.5121,487.52313,504.77185,316.05563,503.0
T000122,1971-01-31,528.8882,1000.24915,497.27527,497.99353,236.67401,504.7
T000122,1971-04-30,525.6205,995.74713,503.92145,487.2656,289.54767,504.2
T000122,1971-07-31,519.8537,859.87854,504.46548,490.9554,225.46716,503.3
T000122,1971-10-31,515.55475,793.8893,503.77786,503.65848,338.2785,503.6
T000122,1972-01-31,519.4506,674.9928,503.46262,503.7102,211.28403,514.9
T000122,1972-04-30,520.7718,544.8586,509.72482,504.24478,491.09433,524.2
T000122,1972-07-31,530.0499,555.0617,519.94086,504.896,500.93857,537.7
T000122,1972-10-31,545.786,580.2579,531.5173,504.89886,501.24896,547.8
T000122,1973-01-31,557.24945,598.37683,543.17444,515.5911,499.75513,557.2
T000122,1973-04-30,567.7526,613.49634,552.895,525.1076,502.7385,564.4
T000122,1973-07-31,576.5719,628.7068,561.1026,538.67773,512.653,572.0
T000122,1973-10-31,585.2566,640.0203,568.51935,548.69,519.4173,577.4
T000122,1974-01-31,591.3484,646.56696,574.92694,557.9549,530.0241,584.2
T000122,1974-04-30,598.13403,651.3301,581.0858,565.0473,534.43066,594.7
T000122,1974-07-31,608.1,660.8232,589.89124,572.5729,546.226,605.8
T000122,1974-10-31,618.99255,671.72174,600.71643,577.92596,553.0244,617.7
T000122,1975-01-31,630.9103,685.89343,612.25006,584.8818,563.96686,628.0
T000122,1975-04-30,641.8198,699.0229,623.2828,595.47284,570.5671,638.9
T000122,1975-07-31,653.4329,713.75507,633.908,606.7024,578.69086,645.1
T000122,1975-10-31,659.9353,719.9093,642.2605,618.6284,586.8937,662.8
T000122,1976-01-31,678.62067,745.89355,654.6937,628.86346,599.0917,675.7
T000122,1976-04-30,692.64276,763.2036,669.79205,639.65656,609.487,691.1
T000122,1976-07-31,709.13306,784.0395,684.0471,646.1737,617.9191,710.0
T000122,1976-10-31,729.699,813.19104,701.3442,663.93823,630.49817,729.5
T000122,1977-01-31,750.74963,839.86957,720.5694,676.83203,637.1056,743.3
T000122,1977-04-30,765.798,859.5981,736.9799,692.379,653.5046,755.9
T000122,1977-07-31,779.25256,874.35455,750.12946,711.5042,662.7881,770.7
T000122,1977-10-31,794.86115,892.1551,763.92194,731.02734,679.959,774.4
T000122,1978-01-31,797.7721,886.47516,772.7055,744.493,686.8962,784.5
T000122,1978-04-30,806.23206,889.7251,779.87445,757.0359,710.69226,800.9
T000122,1978-07-31,822.0504,904.39844,793.38916,771.70795,723.7509,815.9
T000122,1978-10-31,836.16376,915.32196,809.03033,775.2127,737.587,834.9
T000122,1979-01-31,855.0785,938.6656,826.1984,785.4568,757.775,858.1
T000122,1979-04-30,879.5313,970.2723,847.47485,802.033,766.31995,875.8
T000122,1979-07-31,898.9457,995.69006,867.6937,817.19763,777.7499,891.4
T000122,1979-10-31,915.8344,1017.9244,884.2555,836.5055,789.0276,907.6
T000123,1969-10-31,0.1326124,0.08693472,0.02436807,0.16884193,0.42941806,94.3
T000123,1970-01-31,100.31927,174.79367,94.32093,101.80496,108.19427,95.1
T000123,1970-04-30,101.1457,182.4241,94.73361,100.89745,93.76763,94.3
T000123,1970-07-31,99.74262,196.10245,94.72478,103.09416,78.63502,94.2
T000123,1970-10-31,99.685745,212.78317,94.2531,98.20715,60.62725,93.9
T000123,1971-01-31,98.69687,186.58075,94.059296,97.08371,43.98053,94.7
T000123,1971-04-30,98.34414,186.55202,94.33362,94.43271,55.630154,95.4
T000123,1971-07-31,97.98851,160.42445,95.079414,94.36142,42.340046,95.9
T000123,1971-10-31,98.023636,149.09833,95.67101,94.33019,65.797424,97.6
T000123,1972-01-31,100.42785,129.84848,96.821434,94.74976,39.81245,99.5
T000123,1972-04-30,100.34515,104.48048,98.629845,95.46752,95.10355,102.0
T000123,1972-07-31,103.23943,109.52053,100.85505,96.0168,96.35661,102.9
T000123,1972-10-31,104.58514,111.94578,102.487816,97.722984,95.40703,105.5
T000123,1973-01-31,107.62685,116.951004,104.30925,99.66861,95.81405,107.8
T000123,1973-04-30,110.30971,121.15627,106.74665,102.17202,97.0065,107.8
T000123,1973-07-31,110.32352,120.21925,107.82437,103.05589,97.92717,108.5
T000123,1973-10-31,111.05099,120.96005,108.17941,105.65777,100.30093,110.2
T000123,1974-01-31,112.73792,122.29562,109.42143,107.99223,100.81272,108.7
T000123,1974-04-30,110.79048,117.459206,109.49646,107.86494,102.2525,110.0
T000123,1974-07-31,111.77039,118.01548,109.404625,108.545494,104.60201,109.5
T000123,1974-10-31,110.93743,114.98532,109.76549,108.86522,105.36799,110.4
T000123,1975-01-31,111.52831,114.83955,109.987816,109.54064,106.24067,112.6
T000123,1975-04-30,113.57351,117.914314,111.592445,110.030174,107.96024,111.2
T000123,1975-07-31,111.930984,113.85766,111.94336,110.03878,108.72057,110.5
T000123,1975-10-31,111.24189,113.140625,110.87168,110.49343,109.151436,111.4
T000123,1976-01-31,111.999535,113.86179,110.987816,110.797226,108.725174,113.1
T000123,1976-04-30,113.64645,115.92953,112.321434,111.47111,111.23839,115.9
T000123,1976-07-31,116.82977,121.6099,114.61766,111.537,110.92506,118.4
T000123,1976-10-31,119.79152,126.08904,117.25505,111.52313,112.294174,121.4
T000123,1977-01-31,123.44464,132.4743,120.02606,113.26856,112.17495,124.3
T000123,1977-04-30,126.80086,138.12814,122.97186,116.09466,112.523125,128.7
T000123,1977-07-31,131.80115,146.21707,126.68489,118.61198,114.18817,131.6
T000123,1977-10-31,135.46693,152.26125,130.27185,121.61968,115.87218,137.7
T000123,1978-01-31,142.41187,163.21439,134.90633,124.58182,117.753006,140.2
T000123,1978-04-30,145.42314,166.95892,139.05505,129.0046,119.651634,140.7
T000123,1978-07-31,145.91298,165.9147,140.47101,131.96297,120.33993,142.2
T000123,1978-10-31,147.24953,166.63947,141.51303,138.07225,124.90124,146.4
T000123,1979-01-31,151.26408,170.17465,144.47647,140.46182,127.63654,148.5
T000123,1979-04-30,153.06767,170.8373,147.53824,140.84573,133.30115,148.3
T000123,1979-07-31,152.46112,167.18091,148.40619,142.36418,134.64519,150.0
T000123,1979-10-31,153.82751,167.31837,149.22144,146.65411,136.99913,149.5
T000124,1969-10-31,0.1326124,0.08693472,0.02436807,0.16884193,0.42941806,28.0
T000124,1970-01-31,29.864824,51.961678,28.020924,30.185066,32.427464,30.8
T000124,1970-04-30,32.952496,59.025,29.517658,30.000586,28.974072,27.9
T000124,1970-07-31,29.820187,58.318,29.439823,30.589952,22.93953,27.0
T000124,1970-10-31,28.92526,61.901478,27.477877,29.036985,17.254635,28.9
T000124,1971-01-31,30.651804,57.766132,28.02984,28.801346,13.410204,27.8
T000124,1971-04-30,29.106977,54.092827,28.38407,28.152443,15.936953,25.5
T000124,1971-07-31,26.663736,42.482075,26.72124,28.405104,12.382655,24.5
T000124,1971-10-31,25.895823,36.507248,25.030973,27.501219,18.547977,24.4
T000124,1972-01-31,26.074247,28.875946,24.453098,26.019041,12.07173,26.4
T000124,1972-04-30,27.440447,23.626509,25.484041,26.096651,28.146778,27.8
T000124,1972-07-31,28.713923,26.2003,27.158827,25.640816,30.670546,30.1
T000124,1972-10-31,31.038677,32.330997,29.046648,25.570686,29.923912,30.7
T000124,1973-01-31,31.778774,34.870846,30.425215,26.516087,28.292915,30.9
T000124,1973-04-30,31.948315,35.65189,30.808403,27.94313,29.299183,31.5
T000124,1973-07-31,32.750523,37.95575,31.225214,30.250597,28.679108,31.8
T000124,1973-10-31,33.189312,38.44574,31.662605,30.767218,27.161737,31.1
T000124,1974-01-31,32.446255,36.766964,31.471682,30.928404,27.983109,32.8
T000124,1974-04-30,34.114902,38.634575,32.021435,31.150354,28.105513,33.5
T000124,1974-07-31,34.59791,38.34719,33.179417,31.571291,29.469126,34.9
T000124,1974-10-31,35.888855,39.90355,34.25883,31.857489,30.085234,37.7
T000124,1975-01-31,38.8949,44.762005,36.41766,32.87308,31.96183,38.2
T000124,1975-04-30,39.61236,45.404884,37.971012,33.600082,31.69456,39.1
T000124,1975-07-31,40.712154,47.581936,38.68782,35.03733,32.533978,38.8
T000124,1975-10-31,40.43291,46.616787,38.95929,37.847797,32.101078,44.5
T000124,1976-01-31,46.580215,56.34312,41.88952,38.323647,35.640263,45.7
T000124,1976-04-30,48.08192,58.236732,45.150425,38.95117,36.56522,46.3
T000124,1976-07-31,48.761387,58.351204,46.02521,39.25291,37.013474,49.3
T000124,1976-10-31,52.192932,64.19474,47.92606,44.77542,38.109566,49.8
T000124,1977-01-31,52.54864,62.642113,49.57101,45.86088,36.85257,50.0
T000124,1977-04-30,52.456676,62.20903,49.908405,46.423275,43.550755,50.7
T000124,1977-07-31,53.095097,61.942795,50.379414,49.47105,42.746502,49.3
T000124,1977-10-31,51.43985,57.356438,50.04336,49.420776,43.554024,45.7
T000124,1978-01-31,47.343006,48.881386,47.611504,49.991264,41.233986,45.9
T000124,1978-04-30,46.90796,45.744778,45.808407,50.136147,44.17823,46.2
T000124,1978-07-31,47.2483,44.22829,46.06261,46.694183,45.672733,48.9
T000124,1978-10-31,49.91359,47.965557,47.66346,46.833538,49.422062,46.9
T000124,1979-01-31,48.042282,44.238213,47.96195,46.44098,50.372955,48.3
T000124,1979-04-30,49.401825,47.28915,47.65883,46.259396,50.429165,48.0
T000124,1979-07-31,48.86473,47.898228,48.159294,47.08948,49.65191,49.6
T000124,1979-10-31,50.002563,50.50108,48.867233,48.052746,49.778873,49.5
T000125,1969-10-31,0.1326124,0.08693472,0.02436807,0.16884193,0.42941806,7.09
T000125,1970-01-31,7.650139,13.222361,7.110644,7.6014857,8.53178,8.46
T000125,1970-04-30,9.100837,16.19932,7.8325686,7.596387,7.628692,8.62
T000125,1970-07-31,9.22406,17.722015,8.546723,9.20198,7.3865175,9.38
T000125,1970-10-31,10.0341625,20.634666,9.031936,8.909368,6.022237,8.06
T000125,1971-01-31,8.711251,16.573067,8.760885,8.611003,4.0921507,9.72
T000125,1971-04-30,10.339639,19.26506,8.959755,8.503932,5.2495394,9.07
T000125,1971-07-31,9.540035,15.952984,9.415133,8.726209,4.1684246,9.9
T000125,1971-10-31,10.2572565,15.957256,9.5198765,9.095739,5.9716053,7.72
T000125,1972-01-31,8.405213,10.567344,8.877522,9.493141,3.6900144,9.07
T000125,1972-04-30,9.485948,9.747512,8.451728,9.331801,7.614494,8.93
T000125,1972-07-31,9.259626,9.344432,9.004336,9.240145,9.227806,10.18
T000125,1972-10-31,10.418444,10.718522,9.607526,9.09969,9.022989,8.27
T000125,1973-01-31,8.812647,8.129256,9.28416,9.203831,9.934929,9.8
T000125,1973-04-30,10.217617,10.51725,9.099292,8.996206,8.508179,9.71
T000125,1973-07-31,10.066255,10.564175,9.757788,9.225731,10.156945,10.61
T000125,1973-10-31,10.831267,11.684988,10.197819,9.7332535,8.99506,8.39
T000125,1974-01-31,8.944589,8.539782,9.568762,10.088515,9.877622,10.14
T000125,1974-04-30,10.606339,11.365616,9.338536,9.807335,8.221513,10.4
T000125,1974-07-31,10.784445,11.780777,10.280926,9.919429,10.343004,11.84
T000125,1974-10-31,12.183474,13.664852,11.18051,10.16611,9.628031,10.0
T000125,1975-01-31,10.611896,11.202526,10.976992,10.231672,10.702038,11.85
T000125,1975-04-30,12.464151,14.312496,11.002739,10.203143,9.010252,11.7
T000125,1975-07-31,12.25348,14.104373,11.779646,10.578581,10.475984,13.42
T000125,1975-10-31,13.927549,16.463835,12.632276,11.746162,10.058124,11.2
T000125,1976-01-31,11.956646,13.209923,12.378761,11.859885,11.012875,13.63
T000125,1976-04-30,14.440441,17.153175,12.517111,11.762906,9.909731,13.65
T000125,1976-07-31,14.379755,17.055382,13.64084,12.052615,12.044136,15.93
T000125,1976-10-31,16.654848,20.106194,14.885807,13.48579,11.6309,13.33
T000125,1977-01-31,14.259678,16.25868,14.710531,13.531428,12.529121,16.05
T000125,1977-04-30,17.03294,20.514845,14.8042965,13.708491,12.026276,15.92
T000125,1977-07-31,16.851048,20.292246,15.989026,13.93266,13.843999,18.22
T000125,1977-10-31,19.11421,23.130512,17.166647,15.994374,13.06002,14.46
T000125,1978-01-31,15.577717,17.1346,16.45646,16.305426,13.61775,16.69
T000125,1978-04-30,17.681154,20.080036,15.668707,16.07709,12.357912,16.2
T000125,1978-07-31,17.001827,18.80766,16.460176,16.253874,15.696894,18.12
T000125,1978-10-31,18.651236,20.38059,17.24068,16.294113,14.6060505,15.1
T000125,1979-01-31,16.006428,15.831434,16.70354,16.730179,16.794785,16.85
T000125,1979-04-30,17.601814,18.015306,16.048536,16.35935,14.160423,16.79
T000125,1979-07-31,17.397923,17.955942,16.821857,16.89305,17.148056,19.03
T000125,1979-10-31,19.416042,20.661034,18.004126,16.853815,16.217684,16.04
T000126,1975-10-31,0.1326124,0.08693472,0.02436807,0.16884193,0.42941806,63.0
T000126,1976-01-31,67.05687,116.8051,63.020924,67.99337,72.42501,67.0
T000126,1976-04-30,71.514496,128.44514,65.16808,67.46595,64.175476,70.0
T000126,1976-07-31,74.427795,144.43617,68.62606,73.01005,58.68457,71.0
T000126,1976-10-31,75.43267,158.36649,70.54202,70.02356,45.89292,69.0
T000126,1977-01-31,73.07783,138.754,70.06195,70.33095,34.164593,75.0
T000126,1977-04-30,78.84573,148.67366,72.25212,69.16818,42.398243,80.0
T000126,1977-07-31,83.39265,138.99074,77.710106,70.3495,35.10023,79.0
T000126,1977-10-31,81.9197,128.48495,79.530975,71.180214,48.90387,74.0
T000126,1978-01-31,77.991264,104.81327,76.65487,74.29721,29.989254,80.0
T000126,1978-04-30,83.067276,93.73093,77.25212,75.62446,67.18343,82.0
T000126,1978-07-31,84.489075,93.87886,81.08404,79.20795,72.706894,80.0
T000126,1978-10-31,81.8593,87.880974,81.06195,80.38023,73.55247,75.0
T000126,1979-01-31,77.5106,79.14843,77.65487,80.117935,73.17606,80.0
T000126,1979-04-30,82.09722,85.31847,77.710106,80.41945,74.3067,82.0
T000126,1979-07-31,83.105286,86.02679,81.08404,80.496284,79.126205,84.0
T000126,1979-10-31,84.77309,87.89955,83.08404,80.109764,81.2849,80.0
T000126,1980-01-31,81.94573,83.37735,82.12389,80.15619,81.20808,85.0
T000126,1980-04-30,86.890305,92.192726,82.710106,80.257484,77.687805,87.0
T000126,1980-07-31,88.447815,94.71958,86.08404,82.30486,81.22682,87.0
T000126,1980-10-31,88.17793,93.45539,87.02437,84.100296,82.25012,82.0
T000126,1981-01-31,84.085266,87.06627,84.65487,84.61588,81.644104,89.0
T000126,1981-04-30,91.20285,98.263725,85.79414,85.245705,78.57352,93.0
T000126,1981-07-31,94.94686,103.620605,91.16808,87.24024,85.3273,94.0
T000126,1981-10-31,95.78626,103.93545,93.54202,87.13581,84.83487,89.0
T000126,1982-01-31,91.59027,97.09567,91.65487,89.155655,86.66005,95.0
T000126,1982-04-30,97.69745,106.70602,92.25212,89.49515,83.169334,99.0
T000126,1982-07-31,101.40412,112.17436,97.16808,93.27941,89.84923,99.0
T000126,1982-10-31,101.129105,110.20093,99.02437,94.08911,88.46267,94.0
T000126,1983-01-31,96.94189,103.120384,96.65487,94.323,92.183174,101.0
T000126,1983-04-30,104.07562,113.95078,97.79414,95.50602,89.78992,101.0
T000126,1983-07-31,103.13115,110.56115,101.02437,99.16332,93.51351,103.0
T000126,1983-10-31,104.58685,111.863396,102.08404,99.096695,94.80869,97.0
T000126,1984-01-31,99.530624,102.43038,100.185844,99.74942,96.462906,104.0
T000126,1984-04-30,106.38719,113.066635,100.79414,101.21006,94.91465,107.0
T000126,1984-07-31,108.88412,117.00283,105.62606,101.44687,99.28143,106.0
T000126,1984-10-31,107.30349,112.22125,106.530975,103.090866,100.00305,94.0
T000126,1985-01-31,96.872505,93.61718,100.37168,105.69761,99.689735,105.0
T000126,1985-04-30,107.38134,111.00853,99.96223,104.96532,97.60524,109.0
T000126,1985-07-31,110.68983,115.477646,107.16808,105.7647,105.8608,112.0
T000126,1985-10-31,113.59083,119.46472,110.62606,106.18275,105.41618,106.0
T000126,1986-01-31,109.307396,113.4789,109.185844,106.20767,107.061424,114.0
T000126,1986-04-30,117.24962,126.35819,110.33617,106.34449,101.95265,125.0
T000126,1986-07-31,128.54503,146.53525,119.96223,109.71206,109.78503,119.0
T000126,1986-10-31,122.04054,133.18445,122.185844,112.19303,104.45811,115.0
T000126,1987-01-31,119.542,130.80386,117.12389,114.34459,109.90297,122.0
T000126,1987-04-30,126.85975,142.0619,118.79414,116.161865,103.03959,123.0
T000126,1987-07-31,126.167854,136.42941,122.54202,119.939995,111.34106,116.0
T000126,1987-10-31,118.17162,121.8344,119.71681,120.38932,110.39662,104.0
T000127,1975-10-31,0.1326124,0.08693472,0.02436807,0.16884193,0.42941806,688.0
T000127,1976-01-31,731.32794,1274.7234,688.02094,743.15576,786.66705,692.0
T000127,1976-04-30,735.88776,1327.459,690.1681,736.101,683.3044,695.0
T000127,1976-07-31,735.3854,1443.5948,693.62604,756.4748,579.94336,696.0
T000127,1976-10-31,735.8844,1568.8164,695.542,720.9148,448.04724,702.0
T000127,1977-01-31,737.5642,1394.1306,699.25214,713.40063,330.7215,704.0
T000127,1977-04-30,731.03265,1389.7849,703.08405,695.2199,411.69617,706.0
T000127,1977-07-31,725.4487,1192.3766,705.08405,696.2703,312.21115,710.0
T000127,1977-10-31,724.9689,1110.9846,708.1681,702.31366,483.99982,713.0
T000127,1978-01-31,733.2334,947.15717,711.62604,704.2241,292.53256,714.0
T000127,1978-04-30,718.58356,736.5459,713.542,706.2343,698.22144,716.0
T000127,1978-07-31,720.324,737.0549,715.08405,710.26544,700.32654,721.0
T000127,1978-10-31,725.4651,743.51324,718.7101,713.228,704.28577,723.0
T000127,1979-01-31,727.3862,744.568,722.08405,714.1704,705.61536,725.0
T000127,1979-04-30,729.0655,745.4472,724.08405,716.2168,710.78937,729.0
T000127,1979-07-31,733.37897,751.16986,727.1681,721.3019,712.2014,731.0
T000127,1979-10-31,735.33527,752.1638,730.08405,723.204,712.77045,737.0
T000127,1980-01-31,741.4574,761.1692,734.25214,725.2584,719.6197,741.0
T000127,1980-04-30,745.87683,766.61426,739.1681,729.2511,721.6613,746.0
T000127,1980-07-31,751.4979,774.4058,743.7101,731.3657,723.00433,749.0
T000127,1980-10-31,754.8387,778.778,747.62604,737.391,725.70465,757.0
T000127,1981-01-31,763.25354,790.2861,753.3362,741.3722,729.26636,766.0
T000127,1981-04-30,773.3013,805.66156,761.8782,746.3641,736.1501,770.0
T000127,1981-07-31,777.8997,810.5772,768.1681,749.50073,737.2298,777.0
T000127,1981-10-31,785.7207,822.23474,773.7941,757.6031,743.2183,782.0
T000127,1982-01-31,791.19556,828.006,779.7101,766.6496,742.9702,785.0
T000127,1982-04-30,793.88544,828.8327,783.62604,770.49304,751.0515,792.0
T000127,1982-07-31,800.9373,837.69586,788.7941,777.4994,760.3628,802.0
T000127,1982-10-31,811.40344,850.225,797.4202,782.39307,764.9907,812.0
T000127,1983-01-31,822.1683,864.51715,807.4202,785.5366,770.96814,821.0
T000127,1983-04-30,831.6883,876.67865,816.8782,792.6237,776.10034,829.0
T000127,1983-07-31,840.3748,887.51996,825.3362,802.7537,781.8072,840.0
T000127,1983-10-31,852.39044,904.5576,834.9622,812.8129,786.7424,850.0
T000127,1984-01-31,863.04004,918.19574,845.4202,821.69885,797.1442,860.0
T000127,1984-04-30,873.93823,932.0529,855.4202,829.7322,806.2578,874.0
T000127,1984-07-31,889.30695,953.2593,867.5883,840.79553,812.92377,885.0
T000127,1984-10-31,901.0207,966.44763,879.9622,850.7769,819.73566,898.0
T000127,1985-01-31,914.61005,983.5145,892.04626,860.90735,830.42645,909.0
T000127,1985-04-30,926.18567,996.7374,903.9622,875.0302,840.7023,917.0
T000127,1985-07-31,934.3602,1003.3746,913.3362,885.99615,849.2558,930.0
T000127,1985-10-31,947.6847,1019.599,924.04626,899.025,861.5144,944.0
T000127,1986-01-31,961.8658,1034.8044,937.5883,909.8565,873.2454,957.0
T000127,1986-04-30,975.25525,1049.6919,951.04626,917.85376,886.59094,965.0
T000127,1986-07-31,983.30286,1055.8906,961.3362,931.0021,894.3291,974.0
T000127,1986-10-31,991.9176,1062.0757,969.8782,945.1267,904.6244,988.0
T000127,1987-01-31,1005.8471,1077.9302,981.5883,958.05023,918.18494,994.0
T000127,1987-04-30,1010.90436,1077.539,991.25214,965.72296,930.8138,1003.0
T000127,1987-07-31,1019.55365,1084.9459,998.8782,974.87866,945.2669,1014.0
T000127,1987-10-31,1030.6085,1095.5337,1008.9622,988.95557,950.6318,1029.0
T000127,1988-01-31,1045.3215,1111.1782,1022.1303,994.6996,961.6103,1046.0
T000127,1988-04-30,1062.7375,1134.1711,1038.2144,1003.78723,979.96893,1066.0
T000127,1988-07-31,1084.3516,1163.2253,1056.8405,1015.01184,987.43097,1090.0
T000127,1988-10-31,1111.2666,1203.5093,1079.0085,1030.1759,1000.146,1116.0
T000127,1989-01-31,1140.318,1246.2017,1104.0925,1047.3849,1007.3693,1146.0
T000127,1989-04-30,1173.9215,1296.5535,1132.2606,1067.6251,1027.3573,1180.0
T000127,1989-07-31,1212.7162,1355.2195,1164.4287,1091.8258,1042.1556,1216.0
T000127,1989-10-31,1253.524,1415.2241,1199.5127,1118.0753,1059.6172,1246.0
T000128,1975-10-31,0.1326124,0.08693472,0.02436807,0.16884193,0.42941806,2777.0
T000128,1976-01-31,2951.767,5144.949,2777.021,2999.8223,3173.9497,2827.0
T000128,1976-04-30,3008.4263,5422.265,2804.101,2971.723,2773.0046,2864.0
T000128,1976-07-31,3032.4436,5939.9907,2847.0547,3088.447,2392.465,2924.0
T000128,1976-10-31,3095.0254,6557.6494,2896.5212,2949.4482,1867.6195,2980.0
T000128,1977-01-31,3136.0884,5926.1426,2954.3533,2924.3784,1415.5559,3019.0
T000128,1977-04-30,3150.9128,5973.0225,3001.139,2867.8643,1727.3212,3038.0
T000128,1977-07-31,3141.8738,5206.8223,3029.2983,2928.3035,1365.5463,3049.0
T000128,1977-10-31,3131.7378,4854.703,3043.9622,2984.273,2033.1057,3081.0
T000128,1978-01-31,3187.601,4216.392,3066.3447,3022.5105,1279.3779,3112.0
T000128,1978-04-30,3168.357,3382.3684,3097.8027,3039.7007,2907.3967,3167.0
T000128,1978-07-31,3221.623,3438.7603,3141.811,3051.4395,2969.1501,3206.0
T000128,1978-10-31,3261.0652,3477.169,3188.139,3083.2844,2989.2554,3259.0
T000128,1979-01-31,3314.0674,3540.6733,3234.727,3115.3508,3018.2585,3301.0
T000128,1979-04-30,3357.8398,3597.1555,3281.765,3170.8281,3056.3115,3340.0
T000128,1979-07-31,3399.1719,3645.4868,3322.139,3209.782,3086.988,3348.0
T000128,1979-10-31,3408.3562,3646.2993,3344.3362,3262.7502,3132.3955,3439.0
T000128,1980-01-31,3504.9194,3783.8218,3397.324,3304.4272,3170.9065,3499.0
T000128,1980-04-30,3569.0186,3861.8896,3471.5212,3342.9136,3225.6658,3571.0
T000128,1980-07-31,3646.0603,3961.483,3538.0254,3352.4333,3263.165,3653.0
T000128,1980-10-31,3736.9968,4096.7837,3615.4458,3444.4229,3316.3943,3748.0
T000128,1981-01-31,3841.353,4235.395,3704.492,3504.4167,3310.6025,3809.0
T000128,1981-04-30,3908.9421,4330.543,3781.0632,3576.736,3410.7266,3855.0
T000128,1981-07-31,3958.635,4380.0513,3833.9329,3659.8533,3441.8362,3908.0
T000128,1981-10-31,4015.4377,4442.0054,3883.727,3755.052,3522.874,3927.0
T000128,1982-01-31,4030.9575,4418.3276,3918.2983,3814.4915,3538.5205,3960.0
T000128,1982-04-30,4052.9976,4402.289,3944.8867,3859.292,3653.9902,4035.0
T000128,1982-07-31,4124.152,4467.374,4000.6516,3911.7122,3712.6636,4102.0
T000128,1982-10-31,4187.0986,4517.0703,4071.3154,3930.1204,3776.086,4187.0
T000128,1983-01-31,4271.5684,4621.0825,4148.072,3964.1985,3848.4053,4299.0
T000128,1983-04-30,4390.0117,4784.4424,4247.7065,4040.041,3902.9978,4378.0
T000128,1983-07-31,4478.2983,4902.103,4341.82,4107.83,3934.3152,4439.0
T000128,1983-10-31,4546.757,4996.4663,4411.0635,4194.5205,3988.8994,4521.0
T000128,1984-01-31,4635.952,5115.2217,4483.446,4307.2983,4063.9753,4589.0
T000128,1984-04-30,4709.94,5196.8228,4557.8574,4384.834,4127.3433,4665.0
T000128,1984-07-31,4787.5737,5281.7656,4630.1934,4444.697,4214.5776,4682.0
T000128,1984-10-31,4798.9434,5242.163,4674.2144,4526.88,4275.0713,4725.0
T000128,1985-01-31,4835.538,5244.057,4705.307,4595.108,4319.338,4773.0
T000128,1985-04-30,4873.3384,5249.5103,4751.017,4670.4575,4403.9087,4837.0
T000128,1985-07-31,4926.148,5272.6475,4807.6895,4685.2847,4501.65,4841.0
T000128,1985-10-31,4922.1953,5223.045,4839.168,4728.177,4575.785,5012.0
T000128,1986-01-31,5100.063,5477.912,4933.6855,4777.639,4627.91,5107.0
T000128,1986-04-30,5202.1177,5608.1733,5063.492,4841.7383,4704.302,5172.0
T000128,1986-07-31,5271.934,5692.016,5142.2314,4847.837,4724.3027,5249.0
T000128,1986-10-31,5361.2754,5837.01,5213.736,5021.1357,4822.3086,5412.0
T000128,1987-01-31,5540.351,6086.999,5337.3496,5115.7393,4806.888,5544.0
T000128,1987-04-30,5686.2124,6306.6455,5483.547,5178.5815,4979.532,5651.0
T000128,1987-07-31,5805.158,6455.8047,5601.996,5258.08,5056.6255,5820.0
T000128,1987-10-31,5996.295,6736.343,5742.6016,5423.3726,5142.7207,6029.0
T000128,1988-01-31,6226.844,7059.2407,5933.282,5554.209,5149.709,6129.0
T000128,1988-04-30,6329.1064,7161.0537,6083.202,5661.941,5315.5444,6255.0
T000128,1988-07-31,6466.1367,7332.9307,6197.2944,5834.0854,5438.379,6421.0
T000128,1988-10-31,6645.8726,7558.0596,6344.9756,6043.9946,5560.5825,6495.0
T000128,1989-01-31,6715.769,7573.456,6461.1094,6139.1934,5632.1562,6610.0
T000128,1989-04-30,6821.074,7664.041,6557.3325,6266.1455,5880.004,6749.0
T000128,1989-07-31,6958.879,7784.7227,6685.341,6432.7686,5964.926,6817.0
T000128,1989-10-31,7017.647,7772.928,6785.8574,6503.3545,6047.8774,6793.0
T000129,1975-10-31,0.1326124,0.08693472,0.02436807,0.16884193,0.42941806,70.3
T000129,1976-01-31,74.8144,130.32959,70.32093,75.87914,80.767365,73.5
T000129,1976-04-30,78.359085,140.93271,72.03447,75.263214,71.053444,78.1
T000129,1976-07-31,83.05012,161.0689,75.9933,80.14122,64.541466,81.1
T000129,1976-10-31,86.216644,180.04266,79.72606,76.88897,50.834465,82.7
T000129,1977-01-31,87.73394,165.42607,81.967224,79.493484,41.726517,84.1
T000129,1977-04-30,88.7541,167.75226,83.458824,78.415405,48.445568,84.3
T000129,1977-07-31,88.07556,147.1265,84.208405,81.34312,38.6075,83.3
T000129,1977-10-31,86.165436,134.89034,83.83098,82.810844,54.968864,85.2
T000129,1978-01-31,88.81114,119.29555,84.32984,83.36646,36.303,90.4
T000129,1978-04-30,93.35291,104.72856,88.01851,84.319916,79.016884,90.2
T000129,1978-07-31,92.7517,101.728386,90.3062,84.41584,79.92923,92.7
T000129,1978-10-31,95.12253,104.98569,91.555046,85.36049,82.2492,95.3
T000129,1979-01-31,97.92505,108.8262,94.10925,90.4938,83.1248,96.9
T000129,1979-04-30,99.55963,110.36073,96.16724,90.566864,84.062096,101.7
T000129,1979-07-31,104.77618,119.38989,99.5017,92.86233,90.60815,106.5
T000129,1979-10-31,110.3513,127.16393,104.3017,95.50051,90.42754,114.1
T000129,1980-01-31,119.09923,141.26932,110.61936,97.247894,92.46136,116.1
T000129,1980-04-30,121.54214,144.14963,115.18404,102.02903,92.07576,116.2
T000129,1980-07-31,121.642235,142.58614,116.1542,106.94687,94.384476,115.1
T000129,1980-10-31,120.429886,139.50363,115.68407,114.495125,96.73984,120.4
T000129,1981-01-31,125.35358,144.46558,117.97271,115.325714,102.08716,124.6
T000129,1981-04-30,129.38583,148.575,122.67649,116.355965,109.840675,121.9
T000129,1981-07-31,126.21821,139.85713,123.333626,116.336815,108.088936,124.7
T000129,1981-10-31,128.73186,142.44864,123.41766,120.620705,111.37083,117.9
T000129,1982-01-31,120.644714,125.1456,121.51062,121.50785,107.78865,114.8
T000129,1982-04-30,116.33967,115.08495,116.44602,121.81786,111.82214,120.6
T000129,1982-07-31,122.16344,123.64718,117.94372,121.8748,117.494385,128.0
T000129,1982-10-31,129.86395,133.68114,124.610954,121.37955,123.62412,124.8
T000129,1983-01-31,126.91464,129.72437,126.499115,120.8063,122.12648,130.6
T000129,1983-04-30,132.98093,140.30466,127.943726,120.89927,123.23029,132.0
T000129,1983-07-31,134.73756,143.59845,131.35883,125.07255,127.96245,135.9
T000129,1983-10-31,138.65114,151.22763,134.11388,128.25424,124.74889,143.3
T000129,1984-01-31,147.15642,166.8946,139.91096,130.79355,129.26033,147.3
T000129,1984-04-30,152.64496,174.21613,145.46808,132.3053,127.67379,152.4
T000129,1984-07-31,158.76901,184.99107,150.06432,136.25832,127.4812,147.0
T000129,1984-10-31,152.45404,171.23886,149.86725,143.58858,124.004845,143.3
T000129,1985-01-31,147.88641,160.73248,145.2646,144.27534,131.26848,144.3
T000129,1985-04-30,148.42346,159.40668,143.84203,145.58374,133.22504,146.0
T000129,1985-07-31,148.82271,154.69682,145.22144,146.74136,137.5747,140.2
T000129,1985-10-31,142.83545,141.36736,143.27965,145.60693,138.42995,151.7
T000129,1986-01-31,154.39818,158.72606,146.43324,144.55492,143.3975,154.5
T000129,1986-04-30,156.82285,161.45937,153.21767,144.7432,149.1899,154.9
T000129,1986-07-31,156.78424,162.06586,154.71681,146.3053,149.38315,160.7
T000129,1986-10-31,163.68474,176.93536,158.04372,152.0547,153.54408,168.9
T000129,1987-01-31,173.20284,192.14859,165.14456,154.8463,149.65578,173.7
T000129,1987-04-30,179.21492,204.24919,171.5017,155.27264,153.67896,178.3
T000129,1987-07-31,184.63496,212.0908,176.1933,161.1192,151.99924,189.3
T000129,1987-10-31,197.39029,232.21155,184.26224,169.48625,156.93372,203.2
T000129,1988-01-31,213.19063,256.78647,196.83409,174.18758,155.89935,213.1
T000129,1988-04-30,223.81711,271.4352,208.566,178.99399,168.61075,219.1
T000129,1988-07-31,231.3793,282.16776,216.35213,190.1907,170.9314,231.8
T000129,1988-10-31,245.65916,303.32394,225.98367,204.24664,172.90976,213.0
T000129,1989-01-31,224.99962,262.22186,222.9823,213.56323,173.59085,206.5
T000129,1989-04-30,216.2164,241.42819,209.95132,216.78767,183.32196,200.0
T000129,1989-07-31,208.25392,218.12587,203.45132,216.31169,183.58308,201.7
T000129,1989-10-31,207.79195,203.891,200.92145,209.7663,189.76155,172.1
T000130,1975-10-31,0.1326124,0.08693472,0.02436807,0.16884193,0.42941806,48.4
T000130,1976-01-31,51.542072,89.756134,48.420925,52.221832,55.740322,48.8
T000130,1976-04-30,51.901703,93.61008,48.616806,51.785988,48.12207,49.3
T000130,1976-07-31,52.17886,102.33255,49.07101,53.338596,41.08279,49.8
T000130,1976-10-31,52.663845,111.98799,49.57101,50.869118,31.869114,50.0
T000130,1977-01-31,52.530567,99.38028,49.908405,50.519554,23.703524,50.2
T000130,1977-04-30,52.201653,99.25697,50.108402,49.3384,29.308334,50.7
T000130,1977-07-31,52.168606,86.00483,50.471012,49.836773,22.596785,51.2
T000130,1977-10-31,52.326916,80.52805,50.971012,50.02145,34.66747,51.5
T000130,1978-01-31,53.05353,69.20947,51.362606,50.22778,21.069342,51.9
T000130,1978-04-30,52.505604,54.909294,51.71681,50.735966,49.529514,52.5
T000130,1978-07-31,53.125977,55.6802,52.225212,51.239162,49.886593,53.2
T000130,1978-10-31,53.848633,56.638622,52.879414,51.53155,50.4102,53.5
T000130,1979-01-31,54.169384,56.95041,53.362606,51.93769,50.954823,54.0
T000130,1979-04-30,54.727924,57.688663,53.77101,52.549194,51.16723,54.9
T000130,1979-07-31,55.69957,59.068367,54.48782,53.250526,51.602844,55.8
T000130,1979-10-31,56.650303,60.311264,55.387817,53.542114,52.139065,56.2
T000130,1980-01-31,57.096767,60.808243,56.016808,54.050934,52.860126,56.8
T000130,1980-04-30,57.764286,61.646015,56.52521,54.96658,53.021942,57.8
T000130,1980-07-31,58.827316,63.07373,57.34202,55.86828,53.55951,59.1
T000130,1980-10-31,60.191563,64.93533,58.504623,56.25212,54.449867,59.8
T000130,1981-01-31,60.962605,65.86109,59.479412,56.86442,55.48261,60.8
T000130,1981-04-30,62.092613,67.39926,60.34202,57.883945,55.60371,62.3
T000130,1981-07-31,63.721672,69.7208,61.61303,59.19403,56.279892,64.0
T000130,1981-10-31,65.534706,72.1895,63.221436,59.878662,57.336636,64.8
T000130,1982-01-31,66.43476,73.26932,64.43362,60.893723,58.57498,65.9
T000130,1982-04-30,67.67243,74.85692,65.396225,62.420685,58.941483,67.7
T000130,1982-07-31,69.60526,77.492935,66.87564,64.125824,60.071712,69.7
T000130,1982-10-31,71.69601,80.170166,68.784035,64.89125,61.254486,70.8
T000130,1983-01-31,72.87005,81.461365,70.29623,66.01192,63.189262,72.3
T000130,1983-04-30,74.523544,83.51056,71.61304,67.84228,63.519573,74.7
T000130,1983-07-31,77.08116,86.9805,73.60085,69.85131,64.972885,77.3
T000130,1983-10-31,79.808556,90.55555,76.10925,70.92041,66.55231,79.0
T000130,1984-01-31,81.65726,92.844406,78.221436,72.450134,68.83046,81.0
T000130,1984-04-30,83.904686,95.78209,80.08404,74.88681,69.46338,83.7
T000130,1984-07-31,86.8092,99.653435,82.463455,77.50274,71.00796,86.3
T000130,1984-10-31,89.50861,102.94068,85.10925,79.15222,73.018394,87.7
T000130,1985-01-31,90.959,104.23462,87.05883,81.17842,75.64445,89.4
T000130,1985-04-30,92.76387,106.04323,88.62144,83.90878,76.62341,91.8
T000130,1985-07-31,95.19486,108.65241,90.70086,86.502106,78.6875,94.3
T000130,1985-10-31,97.609344,111.044785,93.15505,87.8349,81.240326,96.1
T000130,1986-01-31,99.35642,112.55167,95.275635,89.55261,84.37954,97.5
T000130,1986-04-30,100.77179,113.48505,96.85883,91.9851,84.94521,99.6
T000130,1986-07-31,102.830124,115.49811,98.638245,94.496445,87.02497,101.9
T000130,1986-10-31,105.00525,117.58182,100.84665,96.250206,89.40855,101.1
T000130,1987-01-31,103.89666,114.21928,101.52478,97.63618,91.79776,107.5
T000130,1987-04-30,110.66498,124.51969,104.56894,99.75118,94.87648,104.8
T000130,1987-07-31,107.700516,117.640625,106.23363,101.20928,94.157875,108.1
T000130,1987-10-31,110.857864,121.802826,106.58867,102.07559,97.23672,111.7
T000130,1988-01-31,114.697365,127.60036,110.05127,104.99534,99.78759,115.8
T000130,1988-04-30,118.96088,131.96628,113.92229,107.676735,101.07375,118.8
T000130,1988-07-31,122.45762,138.6724,117.42606,108.31263,104.46591,124.3
T000130,1988-10-31,128.53394,146.60739,121.78112,111.98947,105.96136,128.5
T000130,1989-01-31,133.45242,154.49197,126.57649,116.08959,109.2445,134.5
T000130,1989-04-30,140.07896,164.33981,131.75212,119.14602,108.55646,140.6
T000130,1989-07-31,146.82684,174.13727,137.80634,124.66369,116.64448,147.2
T000130,1989-10-31,154.54558,185.46672,144.17734,128.9033,116.23961,152.9
T000131,1975-10-31,0.1326124,0.08693472,0.02436807,0.16884193,0.42941806,7967.0
T000131,1976-01-31,8468.391,14760.303,7967.021,8606.381,9105.016,8036.0
T000131,1976-04-30,8546.947,15414.902,8004.3994,8524.416,7922.646,8106.0
T000131,1976-07-31,8578.639,16827.625,8073.9414,8782.788,6763.3613,8176.0
T000131,1976-10-31,8645.776,18393.465,8143.9414,8375.846,5244.4453,8246.0
T000131,1977-01-31,8663.74,16385.387,8213.941,8306.65,3897.4932,8318.0
T000131,1977-04-30,8650.423,16436.02,8285.025,8111.5503,4829.7695,8390.0
T000131,1977-07-31,8637.607,14245.547,8357.025,8181.545,3734.7134,8462.0
T000131,1977-10-31,8656.072,13339.689,8429.025,8251.588,5707.17,8540.0
T000131,1978-01-31,8804.14,11527.863,8504.277,8323.658,3486.6255,8619.0
T000131,1978-04-30,8731.727,9190.469,8582.819,8395.617,8169.9497,8699.0
T000131,1978-07-31,8813.708,9281.281,8662.361,8467.758,8240.907,8779.0
T000131,1978-10-31,8895.949,9372.518,8742.361,8546.072,8313.287,8860.0
T000131,1979-01-31,8979.206,9464.071,8822.903,8625.274,8385.501,8942.0
T000131,1979-04-30,9063.317,9556.892,8904.445,8705.334,8460.572,9025.0
T000131,1979-07-31,9148.1875,9649.111,8986.987,8785.356,8536.298,9108.0
T000131,1979-10-31,9233.109,9740.625,9069.987,8866.42,8613.851,9193.0
T000131,1980-01-31,9319.92,9833.994,9154.071,8948.507,8690.299,9278.0
T000131,1980-04-30,9406.169,9925.1,9239.071,9031.56,8770.559,9363.0
T000131,1980-07-31,9492.276,10015.385,9324.071,9114.625,8851.027,9450.0
T000131,1980-10-31,9580.495,10108.999,9410.156,9199.724,8933.801,9537.0
T000131,1981-01-31,9668.691,10201.537,9497.156,9284.742,9015.739,9625.0
T000131,1981-04-30,9757.848,10295.537,9584.698,9369.778,9099.292,9715.0
T000131,1981-07-31,9849.135,10392.543,9673.782,9456.862,9183.778,9804.0
T000131,1981-10-31,9939.335,10486.867,9763.24,9543.908,9268.251,9895.0
T000131,1982-01-31,10031.63,10584.831,9853.324,9632.009,9353.898,9986.0
T000131,1982-04-30,10123.808,10681.638,9944.324,9722.108,9440.591,10079.0
T000131,1982-07-31,10218.127,10781.502,10036.408,9811.113,9528.016,10172.0
T000131,1982-10-31,10312.473,10881.322,10129.408,9902.174,9616.144,10266.0
T000131,1983-01-31,10407.739,10981.443,10222.95,9993.256,9704.512,10361.0
T000131,1983-04-30,10504.14,11083.616,10317.492,10086.348,9794.938,10457.0
T000131,1983-07-31,10601.434,11186.07,10413.034,10179.395,9884.481,10553.0
T000131,1983-10-31,10698.655,11288.264,10509.034,10273.457,9976.998,10657.0
T000131,1984-01-31,10804.635,11404.687,10609.37,10368.505,10070.343,10762.0
T000131,1984-04-30,10911.96,11522.57,10713.912,10464.471,10165.054,10868.0
T000131,1984-07-31,11020.66,11642.65,10819.454,10560.684,10258.302,10976.0
T000131,1984-10-31,11131.787,11767.078,10926.538,10665.089,10355.57,11084.0
T000131,1985-01-31,11242.835,11889.154,11034.538,10770.314,10451.038,11193.0
T000131,1985-04-30,11354.656,12012.524,11143.08,10876.43,10551.404,11303.0
T000131,1985-07-31,11467.259,12134.962,11252.622,10984.545,10651.89,11415.0
T000131,1985-10-31,11581.891,12259.109,11363.706,11092.585,10755.301,11527.0
T000131,1986-01-31,11696.18,12381.269,11475.706,11201.634,10857.387,11641.0
T000131,1986-04-30,11811.86,12503.856,11588.79,11311.742,10964.224,11755.0
T000131,1986-07-31,11927.523,12625.83,11702.79,11423.851,11072.404,11871.0
T000131,1986-10-31,12045.15,12750.191,11817.874,11535.924,11180.928,11988.0
T000131,1987-01-31,12163.779,12875.834,11934.416,11650.003,11292.282,12106.0
T000131,1987-04-30,12283.495,13002.228,12051.958,11764.07,11402.792,12226.0
T000131,1987-07-31,12405.362,13132.088,12171.043,11880.176,11515.946,12346.0
T000131,1987-10-31,12527.131,13260.487,12291.043,11997.271,11628.258,12468.0
T000131,1988-01-31,12650.925,13391.924,12412.127,12115.38,11743.672,12591.0
T000131,1988-04-30,12775.8,13524.358,12534.669,12235.482,11859.056,12715.0
T000131,1988-07-31,12901.602,13657.304,12658.211,12355.548,11975.997,12840.0
T000131,1988-10-31,13028.484,13791.756,12782.753,12477.662,12094.012,12966.0
T000131,1989-01-31,13156.249,13926.332,12908.295,12600.766,12212.761,13094.0
T000131,1989-04-30,13286.092,14063.922,13035.379,12724.838,12333.74,13223.0
T000131,1989-07-31,13416.917,14202.174,13163.921,12849.903,12454.885,13353.0
T000131,1989-10-31,13548.744,14341.39,13293.463,12976.004,12578.001,13485.0
T000132,1969-10-31,0.1326124,0.08693472,0.02436807,0.16884193,0.42941806,20356.0
T000132,1970-01-31,21637.08,37713.023,20356.021,21989.742,23263.006,21040.0
T000132,1970-04-30,22412.95,40348.36,20726.742,21788.89,20466.986,21220.0
T000132,1970-07-31,22479.928,43991.117,21137.564,22982.148,17785.52,21852.0
T000132,1970-10-31,23153.262,48922.113,21562.557,21974.383,13959.538,22320.0
T000132,1971-01-31,23521.078,44455.414,22105.666,21639.604,10631.978,22404.0
T000132,1971-04-30,23417.066,44353.254,22365.53,21257.666,12780.365,22568.0
T000132,1971-07-31,23371.861,38832.164,22492.89,21888.648,10227.411,23052.0
T000132,1971-10-31,23707.58,36838.05,22830.338,22360.979,15166.406,23852.0
T000132,1972-01-31,24739.879,33180.168,23485.617,22433.746,10062.126,23900.0
T000132,1972-04-30,24490.23,26777.342,23878.018,22593.229,21689.312,24520.0
T000132,1972-07-31,25131.95,27624.234,24236.053,23093.633,22108.545,24364.0
T000132,1972-10-31,24959.572,27094.678,24446.832,23894.12,21942.396,24676.0
T000132,1973-01-31,25194.877,27173.2,24533.111,23928.72,22553.863,25252.0
T000132,1973-04-30,25767.82,27997.414,24988.203,24383.287,23571.387,25420.0
T000132,1973-07-31,25934.852,27837.49,25343.059,24537.348,23449.514,25544.0
T000132,1973-10-31,26058.697,27970.457,25487.21,24697.975,23844.871,25512.0
T000132,1974-01-31,25951.092,27422.1,25528.99,25283.703,23785.533,26700.0
T000132,1974-04-30,27155.678,29221.666,26155.92,25444.438,24831.332,26940.0
T000132,1974-07-31,27420.812,29480.197,26830.086,25543.736,24924.857,27880.0
T000132,1974-10-31,28449.207,31038.75,27449.5,25587.98,25605.625,28060.0
T000132,1975-01-31,28756.758,31551.172,27977.564,26756.557,25328.658,28780.0
T000132,1975-04-30,29512.988,32482.898,28450.256,26996.123,25195.824,29104.0
T000132,1975-07-31,29851.986,33028.293,28955.615,27930.203,26519.865,29752.0
T000132,1975-10-31,30530.857,33722.883,29455.229,28105.463,26554.87,31152.0
T000132,1976-01-31,32095.266,36244.516,30510.828,28825.068,27813.613,30356.0
T000132,1976-04-30,31238.238,34234.0,30778.654,29145.098,26788.117,31324.0
T000132,1976-07-31,32175.906,35611.074,30880.676,29806.256,28273.441,31768.0
T000132,1976-10-31,32618.48,35901.59,31564.656,30415.717,28237.488,32008.0
T000132,1977-01-31,32744.918,35470.996,31898.086,31194.277,29336.281,32552.0
T000132,1977-04-30,33320.227,36474.965,32302.86,31354.9,29849.744,32944.0
T000132,1977-07-31,33679.77,36299.57,32764.473,31811.17,30290.76,32940.0
T000132,1977-10-31,33634.062,36101.742,32942.125,32040.95,30806.328,34076.0
T000132,1978-01-31,34732.4,37573.117,33555.734,32584.754,30929.73,34412.0
T000132,1978-04-30,35055.977,37695.54,34258.117,32969.047,32183.533,34808.0
T000132,1978-07-31,35540.59,38411.96,34626.64,32984.133,31828.36,34500.0
T000132,1978-10-31,35151.77,37509.87,34663.54,34118.33,32361.336,35864.0
T000132,1979-01-31,36557.117,39458.426,35239.316,34452.418,32763.324,35852.0
T000132,1979-04-30,36525.1,39187.14,35858.37,34540.883,33646.105,36888.0
T000132,1979-07-31,37585.043,40569.574,36413.535,34846.48,34231.06,37444.0
T000132,1979-10-31,38261.9,41631.28,37189.363,35906.836,34587.676,37036.0
T000133,1969-10-31,0.1326124,0.08693472,0.02436807,0.16884193,0.42941806,17332.0
T000133,1970-01-31,18422.768,32110.55,17332.021,18723.031,19807.219,17688.0
T000133,1970-04-30,18826.182,33925.117,17524.959,18548.06,17326.475,17768.0
T000133,1970-07-31,18805.635,36874.875,17731.361,19329.385,14865.901,18200.0
T000133,1970-10-31,19265.748,40834.14,18002.152,18457.36,11623.372,18388.0
T000133,1971-01-31,19335.959,36577.25,18301.9,18158.947,8722.322,18416.0
T000133,1971-04-30,19192.086,36425.266,18403.176,17791.84,10640.809,18488.0
T000133,1971-07-31,19073.885,31564.621,18455.025,18222.205,8340.826,18488.0
T000133,1971-10-31,18925.08,29144.45,18488.023,18402.955,12523.818,18828.0
T000133,1972-01-31,19417.334,25452.408,18672.287,18424.441,7878.4717,18820.0
T000133,1972-04-30,19062.111,19914.414,18824.248,18493.867,17937.197,18928.0
T000133,1972-07-31,19143.184,19902.645,18878.54,18497.504,18212.484,18908.0
T000133,1972-10-31,19105.594,19764.26,18918.62,18833.412,18194.283,19032.0
T000133,1973-01-31,19177.424,19706.19,18975.21,18835.893,18357.783,19304.0
T000133,1973-04-30,19455.062,20160.184,19179.43,18916.082,18814.006,19276.0
T000133,1973-07-31,19426.41,19988.203,19290.867,18936.158,18678.432,19464.0
T000133,1973-10-31,19637.951,20341.928,19377.9,19041.81,18851.238,19536.0
T000133,1974-01-31,19713.67,20384.986,19503.025,19289.633,18667.748,20072.0
T000133,1974-04-30,20269.662,21227.455,19826.523,19321.627,19125.338,20376.0
T000133,1974-07-31,20632.027,21827.34,20236.773,19478.682,19292.83,20364.0
T000133,1974-10-31,20647.879,21752.707,20370.371,19557.201,19198.861,20628.0
T000133,1975-01-31,20958.438,22316.83,20507.094,20100.346,19368.607,20676.0
T000133,1975-04-30,20992.361,22173.102,20654.018,20386.617,19254.648,20804.0
T000133,1975-07-31,21094.254,22241.188,20745.379,20390.494,19938.85,21024.0
T000133,1975-10-31,21323.096,22508.816,20923.244,20640.68,19977.148,21108.0
T000133,1976-01-31,21395.598,22399.176,21069.53,20685.822,20079.32,20984.0
T000133,1976-04-30,21232.7,22021.756,21049.84,20814.125,20158.018,21268.0
T000133,1976-07-31,21464.162,22233.66,21137.934,20995.652,20437.783,21372.0
T000133,1976-10-31,21548.879,22237.64,21324.371,21036.125,20718.8,21676.0
T000133,1977-01-31,21868.77,22704.664,21536.773,21118.31,20874.84,21844.0
T000133,1977-04-30,22056.27,22963.42,21767.059,21279.004,20998.92,21540.0
T000133,1977-07-31,21736.395,22301.615,21701.416,21384.586,20865.564,21416.0
T000133,1977-10-31,21583.65,22029.693,21481.84,21468.734,20985.7,21604.0
T000133,1978-01-31,21728.67,22108.564,21517.9,21609.852,21151.646,21940.0
T000133,1978-04-30,22068.17,22558.775,21786.12,21651.934,21466.826,22288.0
T000133,1978-07-31,22460.959,23186.113,22128.623,21621.725,21510.127,22464.0
T000133,1978-10-31,22673.2,23460.63,22383.396,21619.838,21677.828,23032.0
T000133,1979-01-31,23312.824,24563.07,22771.867,21964.002,21787.896,22172.0
T000133,1979-04-30,22414.271,22942.332,22628.637,22213.117,21550.775,22460.0
T000133,1979-07-31,22679.865,23426.766,22328.102,22340.668,21851.777,22616.0
T000133,1979-10-31,22857.44,23648.5,22544.555,22541.861,21917.488,22320.0
T000134,1975-10-31,0.1326124,0.08693472,0.02436807,0.16884193,0.42941806,277.0
T000134,1976-01-31,294.4904,513.2763,277.02094,299.16818,316.9815,130.0
T000134,1976-04-30,157.38707,265.45023,208.05313,133.15092,127.69658,279.0
T000134,1976-07-31,310.87305,575.89246,210.7611,300.41846,254.84534,489.0
T000134,1976-10-31,538.1902,1005.5738,392.82437,292.51358,264.77252,555.0
T000134,1977-01-31,615.7916,1066.3411,524.7734,286.9293,273.49475,788.0
T000134,1977-04-30,885.4956,1604.6624,681.29083,288.73102,330.37332,956.0
T000134,1977-07-31,1082.0216,1864.2708,879.0595,503.09958,414.8487,896.0
T000134,1977-10-31,1024.9374,1762.8497,927.8584,568.22003,394.68607,785.0
T000134,1978-01-31,917.3972,1508.6328,843.93805,794.1822,259.4368,510.0
T000134,1978-04-30,638.06976,816.6161,656.01776,883.7887,295.17514,302.0
T000134,1978-07-31,420.6117,298.47266,412.44254,865.812,215.46832,126.0
T000134,1978-10-31,263.36172,-264.3781,219.45137,607.1533,300.47302,85.0
T000134,1979-01-31,262.60358,-560.9583,106.76992,394.81842,570.46356,72.0
T000134,1979-04-30,293.56412,-655.04114,78.90266,210.39424,699.6238,52.0
T000134,1979-07-31,287.91595,-740.91266,62.619473,144.45007,633.4995,106.0
T000134,1979-10-31,324.41132,-543.7443,81.26912,116.01672,581.2285,76.0
T000134,1980-01-31,244.90808,-450.1549,91.92921,84.48058,479.18137,77.0
T000134,1980-04-30,194.73824,-267.73273,76.54202,77.0919,439.69147,99.0
T000134,1980-07-31,161.82373,-54.92256,88.92445,77.38334,297.84198,163.0
T000134,1980-10-31,187.74728,155.35155,133.68933,81.43796,225.96457,142.0
T000134,1981-01-31,155.07167,200.3642,153.15045,100.04565,125.323944,189.0
T000134,1981-04-30,209.82906,303.63556,167.47498,101.0544,91.00569,324.0
T000134,1981-07-31,365.28217,572.5604,262.1728,145.94844,144.70348,339.0
T000134,1981-10-31,387.44806,593.60925,332.1303,166.18246,91.588875,273.0
T000134,1982-01-31,322.25024,491.29895,308.04425,192.57841,123.67629,246.0
T000134,1982-04-30,296.92123,438.09467,260.3363,254.52559,98.22646,310.0
T000134,1982-07-31,355.61093,501.66687,280.68933,293.3702,146.75665,327.0
T000134,1982-10-31,362.0562,481.55975,319.21436,315.83105,200.72397,373.0
T000134,1983-01-31,409.09454,530.3723,351.93295,311.29904,268.67908,501.0
T000134,1983-04-30,556.3592,767.56116,442.37866,312.8161,311.49124,539.0
T000134,1983-07-31,594.6061,810.4374,521.5968,331.04834,298.15326,465.0
T000134,1983-10-31,511.94092,669.7529,504.29205,377.17343,310.5231,477.0
T000134,1984-01-31,526.72284,699.7893,471.50424,468.9649,319.29095,674.0
T000134,1984-04-30,740.20325,1041.3906,583.7781,489.69608,389.06982,753.0
T000134,1984-07-31,828.1602,1156.7461,716.81964,509.48468,441.21054,634.0
T000134,1984-10-31,706.14795,926.5519,697.18585,542.8847,419.33978,317.0
T000134,1985-01-31,398.82486,332.60187,485.31866,550.6222,305.90973,119.0
T000134,1985-04-30,204.06012,-139.18799,224.13278,558.2469,277.0209,89.0
T000134,1985-07-31,197.6955,-343.05737,104.92921,408.9538,447.74524,166.0
T000134,1985-10-31,287.32993,-310.6327,130.7356,242.66794,609.65,423.0
T000134,1986-01-31,566.701,189.08846,305.29935,215.90845,731.0078,707.0
T000134,1986-04-30,852.02893,771.2714,576.9339,181.87206,771.7594,535.0
T000134,1986-07-31,666.9695,565.3161,626.32745,175.02031,714.5242,587.0
T000134,1986-10-31,694.55524,824.06,563.18506,436.6331,658.5132,813.0
T000134,1987-01-31,912.7654,1347.1802,709.4967,545.99286,629.54175,1268.0
T000134,1987-04-30,1425.3748,2238.2651,1059.6195,609.74524,606.0502,1169.0
T000134,1987-07-31,1367.2617,2160.5469,1221.5664,715.5501,503.18805,1154.0
T000134,1987-10-31,1372.7887,2101.276,1161.9646,830.5154,374.6087,984.0
T000134,1988-01-31,1180.5536,1711.6748,1074.2655,1008.4826,414.10083,895.0
T000134,1988-04-30,1015.46106,1242.1725,942.25665,1049.5767,470.39484,931.0
T000134,1988-07-31,1024.5182,1172.8065,914.51276,1026.5198,846.18787,403.0
T000134,1988-10-31,536.7709,38.825745,683.3541,984.23224,624.9803,339.0
T000134,1989-01-31,534.5709,-176.36163,372.98233,1003.4528,820.62274,310.0
T000134,1989-04-30,528.04065,-446.27698,325.39822,477.12662,873.97235,708.0
T000134,1989-07-31,905.429,112.321594,525.72424,493.05875,1408.772,291.0
T000134,1989-10-31,491.02747,-425.06555,512.416,427.9219,1115.3574,51.0
T000134,1990-01-31,269.23544,-766.4685,178.43369,403.23956,752.46313,107.0
T000134,1990-04-30,312.5791,-443.8882,81.353165,362.74167,718.125,385.0
T000134,1990-07-31,505.22327,-43.80362,257.68176,358.21735,577.8877,743.0
T000134,1990-10-31,842.7484,845.0476,579.04346,316.96283,959.6604,1538.0
T000134,1991-01-31,1720.4585,2543.314,1173.9065,310.08466,719.2368,1765.0
T000134,1991-04-30,2058.1816,3221.0369,1661.0387,410.90005,721.5359,2018.0
T000134,1991-07-31,2365.311,3866.9028,1902.1312,782.90204,405.31607,1387.0
T000134,1991-10-31,1744.4634,2785.5276,1722.0444,1413.3776,641.6793,1194.0
T000134,1992-01-31,1517.4819,2344.9153,1296.4779,1533.5164,341.3226,2431.0
T000134,1992-04-30,2800.5464,4423.8667,1864.4797,1694.6898,1057.5624,3315.0
T000134,1992-07-31,3755.7026,5576.1377,2910.1462,1822.852,1381.7518,1260.0
T000134,1992-10-31,1672.2542,1807.6832,2351.151,1526.2195,740.80176,214.0
T000135,1969-10-31,0.1326124,0.08693472,0.02436807,0.16884193,0.42941806,160.0
T000135,1970-01-31,170.14243,296.51404,160.02092,172.77754,183.27538,161.0
T000135,1970-04-30,171.21466,308.8437,160.54202,171.18753,158.93881,147.0
T000135,1970-07-31,157.1057,309.12006,154.43362,174.27899,129.85847,139.0
T000135,1970-10-31,149.70348,322.27457,143.24779,152.2518,90.97635,149.0
T000135,1971-01-31,158.56818,294.59885,144.42021,155.2132,71.748314,163.0
T000135,1971-04-30,170.82881,315.297,156.58829,152.06497,97.3679,159.0
T000135,1971-07-31,165.5741,265.86896,161.1239,149.67455,79.02997,168.0
T000135,1971-10-31,175.13533,267.73615,163.87819,149.56932,117.95947,184.0
T000135,1972-01-31,192.9415,262.52972,176.67233,159.60887,75.827866,201.0
T000135,1972-04-30,208.4755,247.04219,193.21436,163.67287,168.57611,194.0
T000135,1972-07-31,203.42604,241.67943,197.71681,168.66362,165.7463,201.0
T000135,1972-10-31,212.98947,258.4237,197.79414,185.03864,158.9948,194.0
T000135,1973-01-31,205.71577,242.70526,197.71681,194.5676,154.02626,193.0
T000135,1973-04-30,201.47595,226.57166,193.53098,196.0111,165.83029,190.0
T000135,1973-07-31,196.9785,213.31194,191.59293,194.7327,178.24203,193.0
T000135,1973-10-31,199.35136,207.28241,191.62607,194.05829,176.85974,208.0
T000135,1974-01-31,213.5824,229.38686,201.13031,194.052,189.63918,212.0
T000135,1974-04-30,215.76251,227.68642,210.16808,193.42273,191.08975,191.0
T000135,1974-07-31,195.04643,190.3545,202.15045,194.52629,196.13414,219.0
T000135,1974-10-31,223.91595,245.23924,206.17657,194.91072,195.52731,270.0
T000135,1975-01-31,280.04987,336.52155,246.64307,210.42377,213.43312,268.0
T000135,1975-04-30,281.09647,338.09186,269.06195,212.91953,200.75098,260.0
T000135,1975-07-31,276.9537,338.40546,264.2478,220.70291,204.8945,251.0
T000135,1975-10-31,268.81485,319.65652,255.77876,252.5578,193.12422,285.0
T000135,1976-01-31,301.95486,367.44434,269.4287,261.65344,211.18051,287.0
T000135,1976-04-30,301.23083,359.37808,286.08405,268.60403,243.15895,302.0
T000135,1976-07-31,318.8626,378.78918,295.1303,268.95868,257.38327,298.0
T000135,1976-10-31,317.68634,374.83566,300.1239,286.07773,243.75337,315.0
T000135,1977-01-31,329.72382,380.68912,307.21436,287.91724,244.03764,302.0
T000135,1977-04-30,311.8887,346.69592,308.90265,298.3283,281.8332,307.0
T000135,1977-07-31,316.0366,346.81924,304.7101,302.41678,275.708,358.0
T000135,1977-10-31,373.01678,443.8344,334.64307,304.86966,305.05743,363.0
T000135,1978-01-31,379.14307,440.49658,360.7101,308.7799,284.55096,361.0
T000135,1978-04-30,376.47934,437.6179,362.06195,316.24863,302.46957,337.0
T000135,1978-07-31,352.62302,392.82098,349.74338,339.09235,278.63037,375.0
T000135,1978-10-31,389.75076,446.35175,357.5968,359.1682,311.0041,385.0
T000135,1979-01-31,399.3031,458.705,380.4202,361.9983,328.84985,404.0
T000135,1979-04-30,418.76416,479.37534,395.2984,363.7768,355.71194,402.0
T000135,1979-07-31,422.09146,486.6428,403.06195,376.0112,354.15707,455.0
T000135,1979-10-31,476.66672,565.89215,430.7271,386.50842,346.5891,441.0
T000136,1969-10-31,0.1326124,0.08693472,0.02436807,0.16884193,0.42941806,83.8
T000136,1970-01-31,89.16075,155.34064,83.82093,90.46242,96.19499,90.7
T000136,1970-04-30,96.92901,173.8471,87.53994,89.76325,86.06136,80.6
T000136,1970-07-31,86.31867,169.08273,85.96283,91.26591,69.26407,84.3
T000136,1970-10-31,90.07586,191.25314,82.60548,87.41668,53.690556,92.7
T000136,1971-01-31,98.10168,183.94473,88.852974,86.01601,43.03794,89.1
T000136,1971-04-30,93.240524,173.7306,91.0115,84.98626,50.905296,83.2
T000136,1971-07-31,86.67642,142.67206,86.33274,85.21409,38.005665,83.5
T000136,1971-10-31,86.777916,130.00513,83.3626,84.99186,54.37285,79.8
T000136,1972-01-31,83.466286,100.957825,81.7646,84.38061,34.245598,86.0
T000136,1972-04-30,87.50115,84.84935,83.16053,85.060585,83.467415,85.9
T000136,1972-07-31,87.91757,83.57431,85.953094,84.10713,90.48446,92.1
T000136,1972-10-31,94.54307,97.56705,89.26053,83.659134,86.91964,93.2
T000136,1973-01-31,95.55628,101.13135,92.69622,86.0586,87.355835,95.7
T000136,1973-04-30,97.6519,104.18884,94.555046,86.34054,90.17741,92.8
T000136,1973-07-31,95.34523,103.802444,94.33982,92.291176,88.51464,97.0
T000136,1973-10-31,99.769615,110.76427,95.07649,92.980675,84.381905,97.0
T000136,1974-01-31,99.90627,110.694534,97.02437,93.466705,91.72172,102.0
T000136,1974-04-30,105.14468,117.28749,99.710106,95.81029,88.198555,97.8
T000136,1974-07-31,100.503,108.21754,100.03009,97.080826,91.45612,103.1
T000136,1974-10-31,105.714615,115.093155,100.67271,97.1564,91.44279,104.0
T000136,1975-01-31,106.27004,115.572876,103.58782,98.21879,97.17772,108.7
T000136,1975-04-30,111.005325,121.34622,106.54749,102.191345,96.127785,106.0
T000136,1975-07-31,108.65029,118.21509,107.433624,103.18064,99.004036,110.4
T000136,1975-10-31,113.351616,124.16257,108.38489,104.19954,98.2897,115.5
T000136,1976-01-31,118.73367,133.33081,113.16431,106.28648,104.89978,120.0
T000136,1976-04-30,123.47745,138.81154,117.939095,108.906395,101.819405,116.9
T000136,1976-07-31,120.6192,134.1679,118.54601,110.634796,106.35958,124.4
T000136,1976-10-31,128.89352,146.927,120.96516,115.88529,104.80098,128.8
T000136,1977-01-31,133.39624,152.80812,126.7849,117.23957,110.46758,133.6
T000136,1977-04-30,138.36308,159.08627,131.40172,120.29628,112.82171,130.4
T000136,1977-07-31,135.34152,153.43001,132.09912,124.65762,115.49879,136.7
T000136,1977-10-31,142.1178,162.26923,133.81471,129.2217,115.53293,131.8
T000136,1978-01-31,136.25618,150.27933,134.40176,130.6929,118.69071,132.4
T000136,1978-04-30,135.59741,145.57837,132.12521,132.09473,121.218414,127.6
T000136,1978-07-31,130.73215,134.88889,130.14867,132.57257,124.846436,134.0
T000136,1978-10-31,136.61115,141.08862,131.06894,133.00233,124.27063,135.4
T000136,1979-01-31,137.2225,141.48271,134.75882,132.76274,131.74629,138.4
T000136,1979-04-30,139.77039,143.21715,137.02606,132.50636,131.57257,132.5
T000136,1979-07-31,134.56488,135.04578,135.63274,132.84152,134.75754,139.2
T000136,1979-10-31,140.8606,146.0677,136.13155,134.22264,130.46262,140.7
T000137,1975-10-31,0.1326124,0.08693472,0.02436807,0.16884193,0.42941806,51.19
T000137,1976-01-31,54.506855,94.92508,51.210922,55.235703,58.928696,56.64
T000137,1976-04-30,60.62306,108.537964,54.144012,54.851364,53.117058,56.96
T000137,1976-07-31,60.620384,117.68474,56.813446,61.75378,48.32444,60.41
T000137,1976-10-31,64.30345,134.14262,58.82997,59.403973,38.691833,60.87
T000137,1977-01-31,64.67222,122.330505,60.65933,57.982655,29.881561,58.23
T000137,1977-04-30,61.35212,115.96765,59.63177,57.128532,32.692272,60.6
T000137,1977-07-31,63.100563,105.72072,59.51459,58.406025,27.637594,61.21
T000137,1977-10-31,63.030712,97.5099,60.93063,60.48438,39.27543,63.81
T000137,1978-01-31,66.40685,88.88541,62.619255,60.6372,28.988886,64.59
T000137,1978-04-30,66.57252,73.64529,64.23277,60.92338,57.09932,64.25
T000137,1978-07-31,65.785934,70.56049,64.43053,61.352886,59.79876,65.88
T000137,1978-10-31,67.45486,73.72963,65.1335,63.96721,59.94716,67.94
T000137,1979-01-31,69.32249,75.50531,66.99657,64.32916,61.004684,69.56
T000137,1979-04-30,71.24728,78.66064,68.81808,64.68568,64.88798,71.67
T000137,1979-07-31,73.83351,82.82652,70.70366,65.989296,62.884045,71.37
T000137,1979-10-31,73.46342,81.13628,71.5293,68.08332,63.689285,75.4
T000137,1980-01-31,77.72538,87.846634,73.554344,69.700554,64.5351,76.05
T000137,1980-04-30,78.31308,87.76575,75.75232,71.48271,67.04228,76.94
T000137,1980-07-31,79.27543,88.50256,76.5324,71.82037,68.603355,79.46
T000137,1980-10-31,82.11643,93.10092,78.30589,75.57816,69.94801,82.77
T000137,1981-01-31,85.51974,96.75868,81.25409,76.17824,70.143456,82.91
T000137,1981-04-30,85.59166,96.3568,82.84588,77.06602,74.10212,81.74
T000137,1981-07-31,84.19595,92.74321,82.36124,79.60557,73.0487,80.42
T000137,1981-10-31,82.60352,88.798805,81.12089,80.68158,74.4654,78.34
T000137,1982-01-31,79.96314,82.48342,79.44442,80.988205,73.308754,79.7
T000137,1982-04-30,80.75381,82.03708,79.07715,81.01704,77.82865,82.03
T000137,1982-07-31,83.10581,84.456116,80.962906,80.88059,79.49112,83.06
T000137,1982-10-31,84.14731,85.358955,82.58828,80.49945,80.7588,85.51
T000137,1983-01-31,86.59904,89.91002,84.387955,80.52074,82.65583,86.05
T000137,1983-04-30,87.17893,90.81485,85.80269,82.18083,83.28872,85.42
T000137,1983-07-31,86.58426,90.64734,85.75452,83.1923,82.83436,89.88
T000137,1983-10-31,91.50296,99.70878,87.83741,85.55064,83.075516,90.02
T000137,1984-01-31,91.95413,99.67632,89.95588,85.61929,82.94658,89.58
T000137,1984-04-30,91.632996,99.01262,89.81363,86.147095,83.550476,90.57
T000137,1984-07-31,92.589325,99.93234,90.1166,89.74677,83.36948,88.22
T000137,1984-10-31,89.67438,92.89016,89.46779,90.04981,83.5749,83.13
T000137,1985-01-31,84.36181,82.48199,85.83266,90.69099,82.96984,83.53
T000137,1985-04-30,84.86171,80.690674,83.34681,89.28393,84.44875,81.83
T000137,1985-07-31,83.60921,75.47626,82.73266,84.398224,86.67224,79.03
T000137,1985-10-31,81.35855,69.25087,80.51672,84.22209,85.74637,86.66
T000137,1986-01-31,89.18379,82.77581,83.16562,83.95152,92.468796,84.67
T000137,1986-04-30,86.870384,79.39974,85.72664,83.29318,89.75181,85.12
T000137,1986-07-31,86.89665,82.94877,84.91391,83.61059,89.11989,87.91
T000137,1986-10-31,89.42939,90.76135,86.63224,84.809456,88.94179,92.49
T000137,1987-01-31,93.815414,99.54286,90.39245,85.33706,88.926476,94.75
T000137,1987-04-30,96.86186,107.59914,93.714966,86.78348,86.5011,97.82
T000137,1987-07-31,100.67093,113.08028,96.41401,88.13091,85.12746,103.02
T000137,1987-10-31,107.03865,124.26016,100.638504,92.804,88.72299,110.16
T000137,1988-01-31,115.063,136.73553,106.89002,95.02186,85.22768,108.77
T000137,1988-04-30,113.523674,132.61139,109.50805,98.13205,91.68091,106.77
T000137,1988-07-31,111.70411,128.83325,107.83195,103.32136,90.60817,107.09
T000137,1988-10-31,111.71538,126.76869,106.94344,106.99037,92.50309,103.97
T000137,1989-01-31,107.3137,115.154144,105.62663,107.86973,94.73324,104.21
T000137,1989-04-30,106.69356,111.37244,104.10008,107.50925,98.696655,97.88
T000137,1989-07-31,100.37684,95.50209,101.24106,105.08621,98.11204,87.45
T000137,1989-10-31,91.31605,72.59267,92.98805,106.1988,98.567955,79.86
T000138,1975-10-31,0.1326124,0.08693472,0.02436807,0.16884193,0.42941806,12.46
T000138,1976-01-31,13.352944,23.171196,12.480922,13.399663,14.668548,12.41
T000138,1976-04-30,13.191806,23.81308,12.436548,13.274691,12.293056,13.53
T000138,1976-07-31,14.389876,27.924004,13.017062,13.633768,10.7386875,13.42
T000138,1976-10-31,14.243271,30.004993,13.478407,12.995393,8.168936,13.99
T000138,1977-01-31,14.792775,27.843073,13.728951,13.658719,7.0463843,13.86
T000138,1977-04-30,14.579084,27.688133,13.929026,13.455603,8.175857,13.68
T000138,1977-07-31,14.198765,23.460476,13.775576,13.557281,6.093542,14.5
T000138,1977-10-31,14.946479,23.476475,14.124457,13.699997,9.566207,14.91
T000138,1978-01-31,15.481284,20.740475,14.722228,13.895368,5.8918242,15.38
T000138,1978-04-30,15.866404,17.847408,15.16475,14.014846,13.649062,15.6
T000138,1978-07-31,16.12391,18.140005,15.499245,14.539184,13.18626,15.93
T000138,1978-10-31,16.415802,18.335602,15.778867,14.953546,13.930216,16.87
T000138,1979-01-31,17.4475,20.077763,16.4395,15.411859,14.392646,18.07
T000138,1979-04-30,18.751686,21.985092,17.520426,15.648402,15.078272,17.58
T000138,1979-07-31,18.342794,21.16518,17.840178,15.972844,15.058737,18.26
T000138,1979-10-31,19.093063,22.330524,17.948574,16.933388,14.911348,18.74
T000138,1980-01-31,19.535696,22.659435,18.52017,17.623257,15.372596,19.22
T000138,1980-04-30,19.962688,22.900057,19.00017,18.104883,16.350113,19.66
T000138,1980-07-31,20.413084,23.54767,19.458488,18.288157,17.146746,21.24
T000138,1980-10-31,22.137619,25.882055,20.516394,18.783268,17.71116,22.26
T000138,1981-01-31,23.279818,27.567484,21.792862,19.269344,17.99049,23.14
T000138,1981-04-30,24.192543,28.756401,22.736979,19.731855,18.119263,23.22
T000138,1981-07-31,24.342873,28.80991,23.183361,21.331001,18.983946,22.17
T000138,1981-10-31,23.22768,26.535952,22.727522,22.23058,18.227715,19.38
T000138,1982-01-31,20.219503,20.636726,20.861416,22.925205,17.634539,20.5
T000138,1982-04-30,21.177761,21.3219,19.987062,22.864481,19.194921,21.35
T000138,1982-07-31,22.003208,21.530863,20.960716,21.78788,20.925867,21.45
T000138,1982-10-31,22.081661,20.815763,21.404203,21.689734,21.332724,24.39
T000138,1983-01-31,25.18769,26.516459,23.043541,21.391186,23.1261,22.6
T000138,1983-04-30,23.33655,23.058355,23.550442,21.401182,22.577753,23.51
T000138,1983-07-31,24.135056,25.540232,23.093239,21.526806,23.33412,25.23
T000138,1983-10-31,25.94285,29.271545,24.442274,22.728394,23.027761,25.61
T000138,1984-01-31,26.466953,29.744083,25.435968,23.580435,23.031368,27.12
T000138,1984-04-30,28.37742,33.937958,26.428453,24.456625,22.431416,26.31
T000138,1984-07-31,27.489735,31.235596,26.74009,25.310728,22.099932,24.98
T000138,1984-10-31,25.999737,28.383226,25.686195,25.44581,23.186338,23.94
T000138,1985-01-31,24.688705,25.580849,24.492212,25.631735,21.551363,21.7
T000138,1985-04-30,22.413183,19.49614,22.889381,25.435925,23.415133,21.61
T000138,1985-07-31,22.629168,18.996292,21.657787,24.730028,23.343473,22.05
T000138,1985-10-31,23.219538,18.44824,21.84849,22.559221,24.235798,22.37
T000138,1986-01-31,23.664316,18.382835,22.223446,22.517088,26.133669,23.2
T000138,1986-04-30,24.455662,20.62602,22.819878,22.141747,25.632895,22.63
T000138,1986-07-31,23.684408,20.009502,22.932655,22.06973,25.165472,24.44
T000138,1986-10-31,25.112331,24.727385,23.611057,22.407324,25.478006,25.12
T000138,1987-01-31,25.577152,27.029568,24.808575,22.703133,24.293026,26.42
T000138,1987-04-30,27.045713,30.210693,25.824627,23.264174,24.230724,27.21
T000138,1987-07-31,28.264013,32.93021,26.848194,24.519352,22.779663,28.54
T000138,1987-10-31,29.783314,34.9573,27.930887,25.209682,22.731709,30.0
T000138,1988-01-31,31.434269,37.778564,29.33135,26.504461,24.517714,31.96
T000138,1988-04-30,33.58954,40.780567,31.06236,27.30337,24.540203,32.24
T000138,1988-07-31,34.016235,41.13588,32.111763,28.641888,25.98214,35.34
T000138,1988-10-31,37.430595,46.410965,33.920265,30.125763,26.211922,35.06
T000138,1989-01-31,37.092514,44.951023,35.20867,32.08037,27.636013,33.25
T000138,1989-04-30,35.002014,40.532032,34.21106,32.34328,27.434715,34.07
T000138,1989-07-31,35.684277,41.11581,33.694458,33.431057,29.623236,27.75
T000138,1989-10-31,28.97108,26.927725,31.105753,34.00075,27.617708,24.65
T000139,1975-10-31,0.1326124,0.08693472,0.02436807,0.16884193,0.42941806,35.5
T000139,1976-01-31,37.834152,65.8567,35.520924,38.2867,40.998363,36.0
T000139,1976-04-30,38.30104,69.05205,35.77101,37.98697,35.387436,35.2
T000139,1976-07-31,37.252735,73.29797,35.62478,38.788643,29.571133,33.7
T000139,1976-10-31,35.84365,76.913666,34.49646,36.575306,22.15021,32.5
T000139,1977-01-31,34.498417,64.93157,33.13717,36.554928,16.06146,32.3
T000139,1977-04-30,33.988625,63.55803,32.406197,34.230225,19.741913,31.6
T000139,1977-07-31,33.023067,51.614086,31.971682,32.995735,15.083292,31.1
T000139,1977-10-31,32.608593,46.091125,31.365488,32.725185,23.164635,30.4
T000139,1978-01-31,32.31253,36.50584,30.77168,31.896559,13.415039,29.6
T000139,1978-04-30,30.939516,24.369003,30.024778,31.3799,34.09499,29.3
T000139,1978-07-31,30.54629,24.340656,29.459293,30.720703,34.075882,29.5
T000139,1978-10-31,30.53351,25.381714,29.408403,29.84597,33.788265,28.7
T000139,1979-01-31,29.62886,24.877312,29.124779,29.734638,32.568104,28.7
T000139,1979-04-30,29.545528,25.666359,28.72437,29.469166,31.253416,30.8
T000139,1979-07-31,31.452341,30.04097,29.838243,29.395964,31.978767,34.1
T000139,1979-10-31,34.722485,36.794537,32.588665,29.463879,32.39054,37.9
T000139,1980-01-31,39.072826,45.22199,36.15968,29.64964,32.59885,39.2
T000139,1980-04-30,41.062836,49.2642,38.60463,30.964539,31.102932,38.3
T000139,1980-07-31,40.564556,48.87236,38.777878,34.328487,28.826427,36.9
T000139,1980-10-31,39.097652,46.332886,37.64336,37.049698,28.39037,38.2
T000139,1981-01-31,40.19416,47.1809,37.60463,38.081684,32.30417,34.8
T000139,1981-04-30,36.47831,39.164703,36.605312,38.276463,31.579252,33.5
T000139,1981-07-31,35.050446,34.625103,34.190266,37.524776,31.632,33.4
T000139,1981-10-31,34.975307,32.051693,33.4531,35.410366,32.857056,33.8
T000139,1982-01-31,35.116924,29.753796,33.616806,34.255947,34.47325,34.0
T000139,1982-04-30,35.373737,29.856056,33.908405,34.4328,37.34213,38.9
T000139,1982-07-31,40.110016,39.016014,36.655903,33.98002,39.025692,38.8
T000139,1982-10-31,39.901295,40.739597,38.853096,33.89942,38.694992,40.2
T000139,1983-01-31,41.286804,44.995785,39.55883,34.124344,36.37628,43.3
T000139,1983-04-30,44.894424,52.321415,41.880264,39.040745,37.605797,43.9
T000139,1983-07-31,45.881287,53.818245,43.62521,39.025112,34.555218,45.6
T000139,1983-10-31,47.914642,58.085567,44.821434,40.315998,38.996975,46.4
T000139,1984-01-31,48.87801,58.4386,46.033615,43.479965,37.321487,44.1
T000139,1984-04-30,46.3531,52.940197,45.32124,44.001316,37.771435,42.8
T000139,1984-07-31,44.607033,48.90033,43.49026,44.514996,37.77154,41.9
T000139,1984-10-31,43.00031,43.78525,42.377876,44.425686,39.95152,43.4
T000139,1985-01-31,44.406536,44.735287,42.71303,43.848213,41.680786,44.1
T000139,1985-04-30,44.921112,44.566887,43.779415,43.819443,42.434914,43.0
T000139,1985-07-31,43.806725,41.447987,43.58407,43.151405,43.818657,42.3
T000139,1985-10-31,43.257195,40.697525,42.671684,43.04793,43.83446,42.7
T000139,1986-01-31,43.38033,40.907574,42.516808,43.022392,43.780293,40.1
T000139,1986-04-30,40.789165,36.36256,41.480534,42.99202,44.046856,38.0
T000139,1986-07-31,38.9532,33.251453,39.115044,42.902203,42.688816,33.3
T000139,1986-10-31,35.211082,24.598309,35.795578,40.99362,41.356934,32.7
T000139,1987-01-31,35.150074,22.49347,33.018585,39.4817,41.946083,36.3
T000139,1987-04-30,38.80517,28.42466,34.651276,37.599247,44.338158,38.4
T000139,1987-07-31,40.637238,32.229595,37.438244,36.840427,44.94314,41.4
T000139,1987-10-31,43.46226,40.893715,40.026062,36.393887,45.27774,41.9
T000139,1988-01-31,43.763065,44.272743,41.671013,36.483696,42.621002,42.9
T000139,1988-04-30,44.462875,48.204296,42.44202,38.61903,42.40945,42.8
T000139,1988-07-31,44.30204,50.179337,42.853096,41.574444,39.61169,43.6
T000139,1988-10-31,45.319363,51.898544,43.233612,41.98705,38.97562,45.2
T000139,1989-01-31,47.322845,55.448765,44.467236,42.850197,39.393696,44.7
T000139,1989-04-30,46.652813,52.583046,44.96549,42.948666,37.6955,42.9
T000139,1989-07-31,44.271713,47.37561,43.855755,43.087116,39.600376,40.1
T000139,1989-10-31,41.05967,40.267273,41.586727,43.493256,39.030205,40.2
T000139,1990-01-31,40.99875,38.274734,40.154205,43.664772,41.577625,38.3
T000139,1990-04-30,39.420414,33.52842,39.30885,41.00684,41.927742,39.6
T000139,1990-07-31,40.937283,34.982956,39.004623,40.762917,44.391586,43.4
T000139,1990-10-31,44.858776,42.38301,41.65968,40.361298,46.06152,46.4
T000139,1991-01-31,47.700176,48.054096,45.026062,40.242817,46.58996,51.3
T000139,1991-04-30,52.96216,59.466904,49.0559,40.38201,48.308952,54.6
T000139,1991-07-31,56.980873,67.769165,53.088665,43.643414,46.436462,56.4
T000139,1991-10-31,59.649483,73.47379,55.575638,46.719772,44.87355,60.9
T000139,1992-01-31,65.003265,83.29747,58.839096,51.64729,42.703262,61.6
T000139,1992-04-30,66.01313,83.609184,61.279415,54.870987,45.016453,61.7
T000139,1992-07-31,66.18738,82.83716,61.654205,56.64961,47.541164,63.8
T000139,1992-10-31,68.104805,83.92795,62.838245,61.206688,49.390545,64.4
T000139,1993-01-31,68.06715,80.48313,64.12521,61.718536,51.419212,62.0
T000139,1993-04-30,64.82763,72.999435,63.274338,61.811836,54.44684,58.3
T000139,1993-07-31,60.282314,62.421333,60.264603,62.693737,54.907757,54.0
T000139,1993-10-31,55.786232,51.079147,56.283188,62.921436,56.5666,49.9
T000139,1994-01-31,52.311935,40.299713,52.076992,59.875,57.13039,47.0
T000139,1994-04-30,50.387703,31.889235,48.539825,55.786507,60.94333,43.9
T000139,1994-07-31,48.4056,24.999067,45.54602,51.76204,61.63964,39.3
T000139,1994-10-31,44.878067,16.502468,41.742477,48.604904,60.072914,35.4
T000140,1975-10-31,0.1326124,0.08693472,0.02436807,0.16884193,0.42941806,81.0
T000140,1976-01-31,86.1852,150.15317,81.02093,87.43774,92.99518,82.0
T000140,1976-04-30,87.23203,157.28833,81.54202,86.67229,80.68092,65.0
T000140,1976-07-31,70.99264,139.47113,74.02655,87.584435,63.08036,83.0
T000140,1976-10-31,89.565,186.25073,74.75637,84.70664,55.420914,83.0
T000140,1977-01-31,88.32348,162.81018,83.02437,83.533714,41.840332,85.0
T000140,1977-04-30,89.48957,165.12665,84.08404,82.62288,52.419502,67.0
T000140,1977-07-31,72.420395,116.07899,76.557526,85.38865,34.570915,85.0
T000140,1977-10-31,89.27516,133.09348,76.75637,83.66544,57.34587,85.0
T000140,1978-01-31,89.19169,116.66853,85.02437,84.26834,40.125107,86.0
T000140,1978-04-30,87.71299,89.432625,85.54202,85.73649,81.41383,68.0
T000140,1978-07-31,73.901726,65.805176,77.557526,88.443146,85.83163,86.0
T000140,1978-10-31,90.32152,93.72562,77.75637,85.70174,72.966736,102.0
T000140,1979-01-31,105.60324,121.20206,94.67233,85.84108,94.82041,109.0
T000140,1979-04-30,113.008255,131.44179,105.79414,86.28328,87.175514,82.0
T000140,1979-07-31,89.731346,93.97424,96.33629,87.79448,86.25827,109.0
T000140,1979-10-31,116.90394,142.53064,96.63456,88.12774,73.861046,102.0
T000140,1980-01-31,107.74307,123.18735,105.71681,104.17837,84.74517,109.0
T000140,1980-04-30,113.182686,130.0,105.79414,102.45991,87.21935,77.0
T000140,1980-07-31,86.06749,79.24363,93.99116,109.436325,86.06393,98.0
T000140,1980-10-31,105.43247,105.915955,88.38244,102.82521,84.656075,93.0
T000140,1981-01-31,98.60661,93.06289,95.65487,101.12017,99.9192,96.0
T000140,1981-04-30,99.29754,83.04637,94.62606,98.96422,96.4753,71.0
T000140,1981-07-31,80.437546,51.686523,84.274345,98.93636,113.199234,101.0
T000140,1981-10-31,107.71984,100.40219,87.26062,94.54982,89.41737,107.0
T000140,1982-01-31,112.535126,112.99786,104.25212,96.858795,119.05048,108.0
T000140,1982-04-30,111.585884,113.26614,107.54202,96.30438,100.12772,80.0
T000140,1982-07-31,88.88428,78.973206,94.86726,99.92598,109.89041,106.0
T000140,1982-10-31,112.23612,123.128395,94.09254,102.40173,85.27991,103.0
T000140,1983-01-31,107.40367,114.59059,104.59292,106.068565,104.99205,102.0
T000140,1983-04-30,104.75652,106.636765,102.530975,105.86824,95.01638,73.0
T000140,1983-07-31,82.652214,64.29754,88.39824,109.62454,102.64382,96.0
T000140,1983-10-31,103.38939,96.881134,85.46648,101.00097,84.72036,100.0
T000140,1984-01-31,104.92262,98.66753,98.16808,104.241714,111.17808,93.0
T000140,1984-04-30,96.32444,78.706055,96.71681,99.60463,102.23948,76.0
T000140,1984-07-31,84.86425,63.497894,85.02655,98.26503,110.78582,110.0
T000140,1984-10-31,116.47269,122.028725,94.4287,94.07409,91.7117,112.0
T000140,1985-01-31,116.54927,124.01566,111.08404,96.88162,116.3795,115.0
T000140,1985-04-30,118.997055,132.23582,113.62606,100.49188,104.87629,80.0
T000140,1985-07-31,90.10448,81.96652,98.584076,99.01254,101.85301,108.0
T000140,1985-10-31,115.36952,128.21048,95.17658,110.17551,84.97155,110.0
T000140,1986-01-31,114.78203,125.426575,109.08404,114.016075,104.81473,109.0
T000140,1986-04-30,112.37596,113.84486,109.530975,112.63539,105.520065,75.0
T000140,1986-07-31,86.02094,67.080055,93.05311,116.91465,105.35525,107.0
T000140,1986-10-31,115.37793,112.9411,92.344666,108.889824,90.15762,111.0
T000140,1987-01-31,116.384285,114.70708,109.16808,111.58026,121.27513,116.0
T000140,1987-04-30,119.48924,118.56539,113.710106,110.4514,111.47429,83.0
T000140,1987-07-31,93.568306,76.83946,100.52213,112.15149,118.08818,117.0
T000140,1987-10-31,125.01248,134.86533,101.4287,108.37029,93.93953,121.0
T000140,1988-01-31,126.31001,139.57008,119.16808,112.40236,118.454185,127.0
T000140,1988-04-30,130.77791,143.88162,124.25212,116.54234,111.00784,87.0
T000140,1988-07-31,98.634254,89.15332,108.238945,122.24154,114.04548,123.0
T000140,1988-10-31,132.33665,146.78618,106.51275,118.86693,92.79517,122.0
T000140,1989-01-31,127.87334,138.41364,122.530975,124.223816,121.91768,123.0
T000140,1989-04-30,126.458336,129.05136,122.54202,125.08517,112.30601,86.0
T000140,1989-07-31,97.93759,78.73877,105.64603,131.44049,122.49477,116.0
T000140,1989-10-31,124.69393,122.14166,102.26062,119.82604,96.87491,125.0
T000140,1990-01-31,130.88129,134.20534,120.87819,126.04547,133.95029,124.0
T000140,1990-04-30,127.64376,122.85891,124.530975,124.64599,119.668884,84.0
T000140,1990-07-31,96.37753,69.274475,105.238945,124.50787,131.97441,109.0
T000140,1990-10-31,118.03374,109.98323,97.55052,114.99638,96.55109,112.0
T000141,1975-10-31,0.1326124,0.08693472,0.02436807,0.16884193,0.42941806,55.0
T000141,1976-01-31,58.555573,101.98375,55.020924,59.35143,63.28272,58.0
T000141,1976-04-30,61.871696,111.20163,56.62606,58.8917,55.808807,50.0
T000141,1976-07-31,53.795387,105.546745,54.24779,59.718018,45.21748,60.0
T000141,1976-10-31,64.24426,133.86232,55.420208,57.59583,38.453964,61.0
T000141,1977-01-31,64.69504,120.678024,60.54202,58.971905,30.83368,62.0
T000141,1977-04-30,65.14518,121.32048,61.54202,58.138706,37.02561,54.0
T000141,1977-07-31,57.139866,94.52432,58.24779,58.972694,26.141293,62.0
T000141,1977-10-31,64.40491,98.54999,58.336166,60.345352,40.049347,65.0
T000141,1978-01-31,67.83777,91.7508,63.62606,61.291374,29.315151,66.0
T000141,1978-04-30,67.567894,73.873535,65.54202,62.08523,57.58209,56.0
T000141,1978-07-31,59.200787,58.914238,61.30974,63.255413,60.404984,65.0
T000141,1978-10-31,67.73636,73.16876,60.878185,62.532658,55.736107,67.0
T000141,1979-01-31,68.65043,73.94869,66.08404,65.34121,64.24292,71.0
T000141,1979-04-30,72.38658,79.05219,69.16808,65.10684,62.935047,59.0
T000141,1979-07-31,62.333572,61.45099,65.37168,66.42474,63.04478,72.0
T000141,1979-10-31,75.177956,83.30723,66.04627,65.54666,61.079082,73.0
T000141,1980-01-31,75.402695,83.731155,72.54202,67.715,66.83962,77.0
T000141,1980-04-30,78.80687,87.6046,75.16808,71.14354,67.03325,62.0
T000141,1980-07-31,66.18974,66.16101,69.96461,72.9285,67.32446,76.0
T000141,1980-10-31,79.63983,88.0384,69.58829,72.61816,61.512928,76.0
T000141,1981-01-31,78.7378,86.512276,76.02437,73.825096,73.25586,80.0
T000141,1981-04-30,81.82652,88.59062,78.16808,76.2744,70.07331,66.0
T000141,1981-07-31,70.53563,69.166145,73.43363,78.26855,74.6479,82.0
T000141,1981-10-31,85.89136,94.18768,74.67233,76.47601,66.358284,82.0
T000141,1982-01-31,84.776024,93.09537,82.02437,76.818245,80.18031,85.0
T000141,1982-04-30,86.92656,94.24825,83.62606,80.1597,74.169075,71.0
T000141,1982-07-31,75.86144,75.7387,78.43363,81.704216,80.02237,85.0
T000141,1982-10-31,88.941216,97.12745,78.58829,82.49783,68.33855,85.0
T000141,1983-01-31,87.67373,95.31098,85.02437,82.731544,83.61327,89.0
T000141,1983-04-30,90.88108,97.85777,87.16808,85.22713,79.01585,73.0
T000141,1983-07-31,77.96882,74.87371,81.49558,87.373726,84.171486,89.0
T000141,1983-10-31,93.01068,100.03875,81.67233,85.61017,73.31728,90.0
T000141,1984-01-31,92.598145,99.60459,89.54202,85.89273,89.411934,80.0
T000141,1984-04-30,81.628174,76.75345,85.30974,87.15394,80.14273,78.0
T000141,1984-07-31,82.27757,80.39498,79.06195,82.7314,90.42521,96.0
T000141,1984-10-31,99.6691,107.850006,87.75637,83.57671,80.29948,96.0
T000141,1985-01-31,98.66313,106.299644,96.02437,89.45684,93.15747,101.0
T000141,1985-04-30,103.96426,117.316826,98.710106,90.40471,90.81409,83.0
T000141,1985-07-31,88.80704,88.47432,92.557526,84.934654,91.22458,102.0
T000141,1985-10-31,106.97709,122.33696,93.29839,96.6525,83.124115,101.0
T000141,1986-01-31,104.247635,116.15878,101.530975,97.07627,91.773636,107.0
T000141,1986-04-30,110.40028,122.8927,104.25212,101.21358,98.23965,89.0
T000141,1986-07-31,95.46514,99.237366,98.557526,103.47783,91.43819,103.0
T000141,1986-10-31,107.63046,114.52509,96.58829,101.896706,85.05279,104.0
T000141,1987-01-31,107.06511,114.45837,103.54202,103.0274,104.834206,110.0
T000141,1987-04-30,111.990074,118.66846,107.25212,103.22294,97.805244,91.0
T000141,1987-07-31,96.626564,92.05326,101.0885,106.430984,105.30082,109.0
T000141,1987-10-31,113.689285,121.02168,100.75637,103.7417,92.304855,111.0
T000141,1988-01-31,114.12934,122.26708,110.08404,105.135544,109.58394,113.0
T000141,1988-04-30,115.03182,121.08745,112.08404,109.401955,102.14999,97.0
T000141,1988-07-31,102.40958,100.6531,105.49558,111.37485,109.87387,117.0
T000141,1988-10-31,121.782845,132.98007,107.840416,109.588165,97.2846,121.0
T000141,1989-01-31,124.77469,138.95523,119.16808,111.58412,115.02378,124.0
T000141,1989-04-30,127.0055,140.07585,122.62606,113.23716,107.86342,104.0
T000141,1989-07-31,110.627174,111.617165,114.61948,115.64787,113.26123,121.0
T000141,1989-10-31,126.50148,138.40407,113.214355,118.00753,99.81335,129.0
T000141,1990-01-31,132.93448,148.66777,125.33617,121.7314,118.912186,133.0
T000141,1990-04-30,136.217,150.12059,131.16808,121.25628,116.17968,109.0
T000141,1990-07-31,116.07568,115.16662,121.74337,124.21005,118.418976,119.0
T000141,1990-10-31,124.871506,128.44218,114.420204,121.86069,103.74318,115.0
T000142,1975-10-31,0.1326124,0.08693472,0.02436807,0.16884193,0.42941806,71.0
T000142,1976-01-31,75.55827,131.62646,71.02093,76.63531,81.567314,74.0
T000142,1976-04-30,78.8747,141.8964,72.62606,76.00857,71.6585,73.0
T000142,1976-07-31,77.32146,151.59543,73.530975,79.704185,61.473454,72.0
T000142,1976-10-31,76.3423,162.78917,72.530975,75.015144,46.482788,70.0
T000142,1977-01-31,73.81877,140.09998,71.06195,74.23693,33.215225,72.0
T000142,1977-04-30,75.00626,141.66992,71.08404,72.639145,42.472996,74.0
T000142,1977-07-31,76.12422,124.45074,73.08404,72.305855,33.406254,76.0
T000142,1977-10-31,77.89633,118.51491,75.08404,72.079445,51.20773,73.0
T000142,1978-01-31,75.714806,96.946045,74.59292,72.07621,31.04596,76.0
T000142,1978-04-30,77.01138,80.351074,74.62606,73.102585,72.15223,76.0
T000142,1978-07-31,76.83802,79.89595,76.02437,74.25234,73.776886,75.0
T000142,1978-10-31,75.66566,77.648926,75.530975,75.1247,72.37121,75.0
T000142,1979-01-31,76.06971,78.86113,75.02437,75.22552,74.17987,79.0
T000142,1979-04-30,80.2678,84.649414,77.16808,75.30448,73.51159,79.0
T000142,1979-07-31,80.09734,84.19923,79.02437,76.075554,75.00845,80.0
T000142,1979-10-31,80.97794,85.37571,79.54202,76.10293,75.11996,79.0
T000142,1980-01-31,80.33068,84.03925,79.530975,79.13419,76.58029,82.0
T000142,1980-04-30,83.455956,89.1296,80.62606,79.101776,75.14265,81.0
T000142,1980-07-31,82.15441,86.63002,81.530975,79.15833,78.46769,83.0
T000142,1980-10-31,84.263535,89.394295,82.08404,80.07755,78.459366,81.0
T000142,1981-01-31,82.4588,86.23416,82.06195,81.11057,77.85375,84.0
T000142,1981-04-30,85.2679,89.72153,82.62606,81.138824,77.41115,84.0
T000142,1981-07-31,84.99072,89.08002,84.02437,82.10533,81.461266,86.0
T000142,1981-10-31,87.04027,91.412796,85.08404,83.094894,80.52127,85.0
T000142,1982-01-31,86.26048,90.58277,85.530975,84.05405,82.56056,88.0
T000142,1982-04-30,89.366356,94.75632,86.62606,84.09882,81.38044,88.0
T000142,1982-07-31,89.31423,94.75494,88.02437,85.08049,84.76085,89.0
T000142,1982-10-31,90.32711,95.5889,88.54202,86.11207,82.325645,87.0
T000142,1983-01-31,88.34733,92.19163,88.06195,87.11228,84.775665,89.0
T000142,1983-04-30,90.28623,94.42442,88.08404,88.0819,83.38706,91.0
T000142,1983-07-31,92.1535,97.17365,90.08404,88.22207,87.42923,91.0
T000142,1983-10-31,92.02043,95.762535,91.02437,89.04969,86.17369,90.0
T000142,1984-01-31,91.10728,94.331924,90.530975,89.05522,87.87388,95.0
T000142,1984-04-30,96.45546,102.707306,92.710106,90.11377,87.79214,95.0
T000142,1984-07-31,96.34969,101.84947,95.02437,91.10767,89.39742,94.0
T000142,1984-10-31,95.260605,100.03328,94.530975,91.0918,88.51407,94.0
T000142,1985-01-31,95.54773,100.46081,94.02437,94.10277,90.53473,97.0
T000142,1985-04-30,98.625275,104.406494,95.62606,94.21365,89.7662,95.0
T000142,1985-07-31,96.16629,99.81019,96.06195,95.13639,91.94519,99.0
T000142,1985-10-31,100.25923,105.90523,97.16808,95.07361,93.342575,98.0
T000142,1986-01-31,99.572556,104.13927,98.530975,95.159966,94.44459,100.0
T000142,1986-04-30,101.4411,106.63862,99.08404,97.12675,92.55012,99.0
T000142,1986-07-31,100.14089,104.51828,99.530975,98.05343,94.760254,103.0
T000142,1986-10-31,104.38206,110.36134,101.16808,99.10654,97.005066,100.0
T000142,1987-01-31,101.5074,105.990295,101.59292,99.171524,97.23688,101.0
T000142,1987-04-30,102.2007,105.91591,100.54202,100.088974,95.55777,98.0
T000142,1987-07-31,99.25674,100.20256,99.59292,100.51472,98.13333,96.0
T000142,1987-10-31,96.836975,94.04424,97.06195,99.56751,94.72375,99.0
T000142,1988-01-31,99.96881,98.94908,97.62606,99.70406,100.50383,102.0
T000142,1988-04-30,102.85071,102.40573,100.62606,99.36337,99.28897,101.0
T000142,1988-07-31,102.0293,101.666534,101.530975,99.1012,102.849236,104.0
T000142,1988-10-31,105.18359,108.21377,102.62606,99.13686,100.207825,102.0
T000142,1989-01-31,103.16446,104.537796,103.06195,101.10254,102.735344,104.0
T000142,1989-04-30,104.99968,109.22557,103.08404,102.08296,100.670364,104.0
T000142,1989-07-31,105.140816,109.62475,104.02437,102.18986,101.57804,106.0
T000142,1989-10-31,107.4453,112.66538,105.08404,104.08957,101.55077,103.0
T000142,1990-01-31,104.49122,107.8733,104.59292,104.25069,99.54561,105.0
T000142,1990-04-30,105.980865,108.71137,104.08404,104.10215,100.338196,102.0
T000142,1990-07-31,102.826,102.61597,103.59292,104.39985,102.57806,102.0
T000142,1990-10-31,102.54006,100.91087,102.02437,103.46905,100.70137,100.0
T000143,1975-10-31,0.1326124,0.08693472,0.02436807,0.16884193,0.42941806,64.0
T000143,1976-01-31,68.11953,118.657776,64.02093,69.07361,73.5678,63.0
T000143,1976-04-30,66.95362,120.96982,63.530975,67.36481,62.40083,61.0
T000143,1976-07-31,64.78823,127.51851,62.061947,68.77649,52.221714,60.0
T000143,1976-10-31,63.829636,136.79935,60.530975,63.35113,38.497787,58.0
T000143,1977-01-31,61.46504,115.16467,59.061947,63.55227,27.802086,62.0
T000143,1977-04-30,64.85526,121.429405,60.168083,61.676716,37.272556,63.0
T000143,1977-07-31,65.2143,104.84633,62.54202,61.15118,29.169025,66.0
T000143,1977-10-31,68.13058,103.10624,64.62606,61.09038,45.81418,66.0
T000143,1978-01-31,68.607544,89.89459,66.02437,62.127697,27.73428,68.0
T000143,1978-04-30,69.29361,74.35289,67.08404,63.184376,64.51978,67.0
T000143,1978-07-31,68.55513,74.37528,67.530975,66.12649,64.102745,69.0
T000143,1978-10-31,70.669586,77.48794,68.08404,66.08907,62.14568,69.0
T000143,1979-01-31,70.88273,77.77539,69.02437,67.0699,65.351585,73.0
T000143,1979-04-30,75.11986,83.448654,71.16808,68.09095,63.555367,71.0
T000143,1979-07-31,72.76225,78.68008,72.06195,69.0552,65.63767,74.0
T000143,1979-10-31,75.74232,82.59207,72.62606,69.14514,66.02589,74.0
T000143,1980-01-31,75.67376,82.24986,74.02437,71.135025,68.62993,78.0
T000143,1980-04-30,79.82875,87.8076,76.16808,73.12107,67.915825,76.0
T000143,1980-07-31,77.85704,84.75666,77.06195,74.0549,71.06349,79.0
T000143,1980-10-31,81.03083,88.70793,77.62606,74.14529,70.81159,82.0
T000143,1981-01-31,84.30573,94.29873,80.62606,76.16864,74.48391,85.0
T000143,1981-04-30,87.40081,97.55058,83.62606,78.13583,72.0484,84.0
T000143,1981-07-31,86.48161,96.26662,84.530975,79.16072,76.46552,88.0
T000143,1981-10-31,90.92986,102.60376,86.16808,82.24629,75.495995,90.0
T000143,1982-01-31,92.99044,105.25536,89.08404,84.14395,79.249725,94.0
T000143,1982-04-30,97.15072,110.87567,92.16808,85.20499,79.55968,93.0
T000143,1982-07-31,96.19249,108.53356,93.530975,88.177025,83.48578,95.0
T000143,1982-10-31,98.40968,110.73012,94.08404,90.2345,81.526184,93.0
T000143,1983-01-31,95.875694,105.29431,94.06195,93.106995,84.509865,95.0
T000143,1983-04-30,97.24039,105.14515,94.08404,93.1199,86.171555,93.0
T000143,1983-07-31,94.90344,99.98344,94.06195,93.24663,90.31104,97.0
T000143,1983-10-31,98.825554,104.581726,95.16808,93.34539,89.5858,98.0
T000143,1984-01-31,99.58729,105.24253,97.54202,95.10549,92.74309,101.0
T000143,1984-04-30,102.467926,108.595894,99.62606,95.12645,92.561554,99.0
T000143,1984-07-31,100.54808,105.79863,100.06195,97.091194,95.904015,102.0
T000143,1984-10-31,103.67192,110.355354,100.62606,98.15001,93.5424,103.0
T000143,1985-01-31,104.80267,112.52271,102.54202,99.170715,97.67062,106.0
T000143,1985-04-30,108.02702,116.71706,104.62606,101.11402,96.35044,104.0
T000143,1985-07-31,106.122604,113.456184,105.06195,102.06101,98.73922,105.0
T000143,1985-10-31,107.0858,113.67016,104.54202,103.11593,97.09494,101.0
T000143,1986-01-31,102.52608,104.86963,103.12389,103.55173,98.3801,103.0
T000143,1986-04-30,103.93964,105.59256,102.08404,103.663506,98.6142,99.0
T000143,1986-07-31,100.16551,97.229004,101.12389,103.689835,101.219955,97.0
T000143,1986-10-31,98.49522,91.54038,98.06195,101.82511,99.47108,98.0
T000143,1987-01-31,100.010056,93.09667,97.54202,99.945305,103.67287,102.0
T000143,1987-04-30,103.6275,97.97186,100.16808,99.89663,104.04108,100.0
T000143,1987-07-31,101.62157,96.00696,101.06195,99.37568,106.33866,102.0
T000143,1987-10-31,103.26554,101.25844,101.08404,99.09071,103.523125,103.0
T000143,1988-01-31,104.233734,104.95632,102.54202,100.13409,105.471565,109.0
T000143,1988-04-30,110.25235,116.92051,106.25212,102.12311,102.94208,109.0
T000143,1988-07-31,110.72473,118.71473,109.02437,102.10778,104.84282,114.0
T000143,1988-10-31,116.7781,129.13098,111.710106,103.23617,102.90645,116.0
T000143,1989-01-31,119.5854,134.46375,115.08404,109.28919,101.92013,121.0
T000143,1989-04-30,124.87425,141.49385,118.710106,109.32716,101.320335,119.0
T000143,1989-07-31,122.88032,137.96419,120.06195,114.243324,108.64688,121.0
T000143,1989-10-31,124.99498,139.59921,120.08404,116.252686,105.126236,118.0
T000143,1990-01-31,121.559395,132.43358,119.59292,118.272194,109.31756,122.0
T000143,1990-04-30,124.95133,134.93546,120.16808,119.268486,110.2366,119.0
T000143,1990-07-31,121.24635,126.79288,120.59292,119.42816,115.1213,115.0
T000143,1990-10-31,116.68979,115.76717,117.12389,119.79827,112.089386,104.0
T000144,1975-10-31,0.1326124,0.08693472,0.02436807,0.16884193,0.42941806,85.0
T000144,1976-01-31,90.43598,157.56383,85.02093,91.758705,97.56634,73.0
T000144,1976-04-30,78.83846,141.35545,79.37168,77.699875,72.225914,58.0
T000144,1976-07-31,64.35478,126.83469,65.96461,78.79267,59.701916,57.0
T000144,1976-10-31,63.87851,137.25348,57.530975,59.717705,29.958134,59.0
T000144,1977-01-31,64.612144,113.175545,58.08404,68.1718,21.757408,69.0
T000144,1977-04-30,74.334236,131.18436,64.420204,62.386475,39.75565,68.0
T000144,1977-07-31,73.36277,109.38623,68.530975,59.733715,37.16591,73.0
T000144,1977-10-31,78.92697,113.48813,70.710106,59.26538,56.61071,81.0
T000144,1978-01-31,86.69673,115.03498,77.33617,68.433815,33.94343,75.0
T000144,1978-04-30,78.0287,81.32427,78.185844,69.27257,77.21389,64.0
T000144,1978-07-31,67.339066,69.6313,69.84071,71.18396,69.39076,69.0
T000144,1978-10-31,72.567184,78.93456,66.710106,71.68937,61.419827,76.0
T000144,1979-01-31,79.10268,85.961006,72.79414,74.67926,67.14797,88.0
T000144,1979-04-30,91.39642,104.71678,82.50425,75.426285,70.31897,72.0
T000144,1979-07-31,75.872116,75.004524,80.49558,72.69943,70.85701,76.0
T000144,1979-10-31,79.93577,83.10435,74.16808,72.88088,70.78597,85.0
T000144,1980-01-31,88.09265,98.19868,80.87819,77.91767,74.91867,91.0
T000144,1980-04-30,93.038376,103.4173,88.25212,77.38373,81.15196,86.0
T000144,1980-07-31,90.04698,102.7662,88.65487,85.32785,81.49857,92.0
T000144,1980-10-31,97.451385,113.03596,89.25212,85.539986,71.69006,100.0
T000144,1981-01-31,105.40899,125.93053,96.33617,86.5977,84.77129,103.0
T000144,1981-04-30,107.28062,126.19722,101.62606,91.27758,81.0236,93.0
T000144,1981-07-31,97.50445,108.50679,98.30974,92.36335,88.977554,88.0
T000144,1981-10-31,92.89152,99.94069,90.65487,94.49821,76.14533,100.0
T000144,1982-01-31,103.972084,115.68373,94.50425,95.836235,85.79286,106.0
T000144,1982-04-30,108.626175,118.69197,103.25212,100.48601,91.62933,97.0
T000144,1982-07-31,99.926,102.32039,101.77876,97.8021,94.952736,98.0
T000144,1982-10-31,102.07814,106.30786,97.54202,97.37205,92.91899,97.0
T000144,1983-01-31,99.43003,99.60192,97.530975,99.06542,93.093285,95.0
T000144,1983-04-30,96.44461,92.16192,96.06195,97.89168,96.702286,86.0
T000144,1983-07-31,88.65534,76.48421,90.77876,98.289986,98.20818,93.0
T000144,1983-10-31,96.41087,89.143715,89.79414,96.83777,96.42734,99.0
T000144,1984-01-31,102.1754,99.66478,96.25212,95.99116,97.36553,104.0
T000144,1984-04-30,106.2269,105.10246,101.710106,95.13708,101.76754,88.0
T000144,1984-07-31,91.57245,81.03164,96.49558,94.891075,101.82742,94.0
T000144,1984-10-31,96.68871,94.32266,91.25212,94.61549,94.55289,107.0
T000144,1985-01-31,109.26818,118.34467,101.04627,96.72893,100.96803,110.0
T000144,1985-04-30,112.080894,121.456924,108.62606,99.43378,98.96091,101.0
T000144,1985-07-31,105.02165,112.574104,105.77876,101.48727,99.171585,106.0
T000144,1985-10-31,110.75273,121.44843,103.710106,101.41394,92.94369,105.0
T000144,1986-01-31,108.38973,115.74301,105.530975,106.41267,98.46297,107.0
T000144,1986-04-30,108.812904,114.83525,106.08404,106.56195,100.086,96.0
T000144,1986-07-31,99.41168,95.51972,101.84071,107.14397,104.77615,93.0
T000144,1986-10-31,97.03016,89.06355,94.59292,103.610504,93.87991,103.0
T000144,1987-01-31,106.293,103.32065,98.420204,104.6987,102.170006,108.0
T000144,1987-04-30,109.88723,105.20041,105.710106,103.63781,108.90532,81.0
T000144,1987-07-31,85.93819,60.735558,95.33629,100.04237,106.204926,87.0
T000144,1987-10-31,92.803116,74.72873,84.25212,97.91445,100.052704,101.0
T000144,1988-01-31,105.382355,96.61033,94.58829,96.299126,109.82005,110.0
T000144,1988-04-30,112.75204,111.03692,105.87819,101.78625,111.84122,101.0
T000144,1988-07-31,105.26576,105.056755,105.77876,101.93858,111.88615,111.0
T000144,1988-10-31,116.73415,127.0043,106.420204,101.82145,104.409744,119.0
T000144,1989-01-31,124.80719,144.65948,115.33617,102.06099,104.24415,122.0
T000144,1989-04-30,126.16111,145.67236,120.62606,110.41871,102.27088,114.0
T000144,1989-07-31,120.06671,136.63548,118.24779,111.22637,113.27847,118.0
T000144,1989-10-31,125.12895,145.25093,116.16808,114.426414,97.92356,122.0
T000144,1990-01-31,127.73227,145.89757,120.16808,118.730446,102.53914,124.0
T000144,1990-04-30,127.28785,139.67633,123.08404,119.26482,107.10087,110.0
T000144,1990-07-31,113.81176,113.05498,117.43363,120.365974,111.81013,109.0
T000144,1990-10-31,112.9851,108.748055,109.530975,117.056015,104.73011,101.0
T000145,1975-10-31,0.1326124,0.08693472,0.02436807,0.16884193,0.42941806,209.6
T000145,1976-01-31,222.85664,388.40643,209.62093,226.35854,239.95766,211.6
T000145,1976-04-30,225.065,405.89355,210.68405,224.26811,208.51474,211.7
T000145,1976-07-31,223.95647,439.79205,211.65419,231.31194,176.8632,214.8
T000145,1976-10-31,227.19534,483.2625,213.38026,220.59969,137.51263,216.5
T000145,1977-01-31,227.37814,430.013,215.72144,217.05933,101.45479,217.3
T000145,1977-04-30,225.91042,429.13025,216.93361,211.84673,125.7807,219.3
T000145,1977-07-31,225.70981,372.29214,218.38405,214.9651,97.981285,220.8
T000145,1977-10-31,225.75983,347.15115,220.11304,216.65242,149.48244,221.5
T000145,1978-01-31,228.11952,297.26202,221.17941,217.4198,91.74137,222.3
T000145,1978-04-30,224.5697,233.34721,221.93361,219.4285,214.32034,224.1
T000145,1978-07-31,226.33264,235.0101,223.27565,220.92241,216.10162,224.2
T000145,1978-10-31,226.30794,233.87624,224.15419,221.569,216.45285,228.2
T000145,1979-01-31,230.27254,239.45593,226.36807,222.42325,219.98991,232.2
T000145,1979-04-30,234.69617,245.88727,230.36807,224.2412,221.50645,236.1
T000145,1979-07-31,239.11778,252.49364,234.31387,224.43845,221.74532,236.7
T000145,1979-10-31,240.04883,253.90326,236.4252,228.45767,223.078,239.3
T000145,1980-01-31,242.95131,257.7934,238.10925,232.53006,222.45137,240.9
T000145,1980-04-30,244.6941,259.94537,240.16724,236.39014,226.5555,244.1
T000145,1980-07-31,247.90239,263.55618,242.63446,236.878,229.83801,251.8
T000145,1980-10-31,256.28278,276.3656,248.27357,239.52222,235.02199,253.5
T000145,1981-01-31,258.3716,277.48743,252.72144,241.1511,232.89728,255.4
T000145,1981-04-30,260.2887,279.56055,254.52983,244.43648,235.86528,257.2
T000145,1981-07-31,261.98013,280.74033,256.37564,252.25166,236.38763,255.9
T000145,1981-10-31,260.11685,274.72922,256.59027,253.69293,240.6515,258.3
T000145,1982-01-31,262.21826,277.17776,257.20084,255.54625,246.61848,259.4
T000145,1982-04-30,262.93414,275.027,258.8962,256.02304,247.77863,259.5
T000145,1982-07-31,262.615,272.07648,259.45422,257.28094,250.40872,260.8
T000145,1982-10-31,263.31116,271.67377,260.20462,258.38553,250.64784,266.0
T000145,1983-01-31,268.108,277.34116,263.6185,259.52042,256.491,268.4
T000145,1983-04-30,270.78314,281.24368,267.30087,259.70578,258.4086,273.2
T000145,1983-07-31,276.10278,289.8621,271.00168,261.00183,259.29907,273.2
T000145,1983-10-31,276.64114,290.31653,273.22437,266.29004,258.99136,275.1
T000145,1984-01-31,278.81454,293.2968,274.22986,268.70538,258.6181,275.8
T000145,1984-04-30,279.34955,293.4567,275.47943,273.48193,263.89685,276.8
T000145,1984-07-31,280.11118,292.26318,276.342,273.3292,265.49945,277.9
T000145,1984-10-31,281.16895,293.01117,277.3962,275.198,269.15082,280.3
T000145,1985-01-31,283.31985,293.86218,279.20084,275.88678,268.26013,281.2
T000145,1985-04-30,283.7256,292.93073,280.7878,276.88303,272.3797,283.5
T000145,1985-07-31,285.82254,295.0575,282.44666,278.02835,272.9152,285.8
T000145,1985-10-31,288.05856,297.79318,284.74664,280.4514,277.02448,286.0
T000145,1986-01-31,288.32742,297.3502,285.9084,281.3428,276.03226,287.5
T000145,1986-04-30,289.8337,299.44363,286.81302,283.65836,279.12503,287.4
T000145,1986-07-31,289.64618,297.84952,287.4531,285.94443,279.30508,289.0
T000145,1986-10-31,291.13223,299.26813,288.26724,286.08893,281.57578,291.1
T000145,1987-01-31,293.20023,301.71188,290.13824,287.48013,283.3418,298.5
T000145,1987-04-30,301.13757,313.5485,295.11093,287.8214,286.4094,301.4
T000145,1987-07-31,304.67136,318.93896,300.07187,289.20865,286.9311,306.4
T000145,1987-10-31,310.33014,327.89847,304.1101,291.40237,286.787,310.9
T000145,1988-01-31,315.7318,336.96005,308.83908,298.94412,288.84543,307.8
T000145,1988-04-30,312.61597,329.9377,309.44598,301.7147,286.9724,310.6
T000145,1988-07-31,315.3911,334.4086,309.31766,306.7098,296.07367,308.0
T000145,1988-10-31,312.33093,325.84097,309.38052,308.04913,294.19968,305.1
T000145,1989-01-31,308.5448,315.9915,306.6398,308.6001,297.36633,304.0
T000145,1989-04-30,306.8225,310.20822,304.58408,308.78293,297.2221,304.9
T000145,1989-07-31,306.69296,305.02615,304.48782,305.74603,301.80582,299.8
T000145,1989-10-31,301.8351,293.81628,302.50793,305.8076,303.54385,300.6
T000146,1969-10-31,0.1326124,0.08693472,0.02436807,0.16884193,0.42941806,83.8
T000146,1970-01-31,89.16075,155.34064,83.82093,90.46242,96.19499,90.7
T000146,1970-04-30,96.92901,173.8471,87.53994,89.76325,86.06136,80.6
T000146,1970-07-31,86.31867,169.08273,85.96283,91.26591,69.26407,84.3
T000146,1970-10-31,90.07586,191.25314,82.60548,87.41668,53.690556,92.7
T000146,1971-01-31,98.10168,183.94473,88.852974,86.01601,43.03794,89.1
T000146,1971-04-30,93.240524,173.7306,91.0115,84.98626,50.905296,83.2
T000146,1971-07-31,86.67642,142.67206,86.33274,85.21409,38.005665,83.5
T000146,1971-10-31,86.777916,130.00513,83.3626,84.99186,54.37285,79.8
T000146,1972-01-31,83.466286,100.957825,81.7646,84.38061,34.245598,86.0
T000146,1972-04-30,87.50115,84.84935,83.16053,85.060585,83.467415,85.9
T000146,1972-07-31,87.91757,83.57431,85.953094,84.10713,90.48446,92.1
T000146,1972-10-31,94.54307,97.56705,89.26053,83.659134,86.91964,93.2
T000146,1973-01-31,95.55628,101.13135,92.69622,86.0586,87.355835,95.7
T000146,1973-04-30,97.6519,104.18884,94.555046,86.34054,90.17741,92.8
T000146,1973-07-31,95.34523,103.802444,94.33982,92.291176,88.51464,97.0
T000146,1973-10-31,99.769615,110.76427,95.07649,92.980675,84.381905,97.0
T000146,1974-01-31,99.90627,110.694534,97.02437,93.466705,91.72172,102.0
T000146,1974-04-30,105.14468,117.28749,99.710106,95.81029,88.198555,97.8
T000146,1974-07-31,100.503,108.21754,100.03009,97.080826,91.45612,103.1
T000146,1974-10-31,105.714615,115.093155,100.67271,97.1564,91.44279,104.0
T000146,1975-01-31,106.27004,115.572876,103.58782,98.21879,97.17772,108.7
T000146,1975-04-30,111.005325,121.34622,106.54749,102.191345,96.127785,106.0
T000146,1975-07-31,108.65029,118.21509,107.433624,103.18064,99.004036,110.4
T000146,1975-10-31,113.351616,124.16257,108.38489,104.19954,98.2897,115.5
T000146,1976-01-31,118.73367,133.33081,113.16431,106.28648,104.89978,120.0
T000146,1976-04-30,123.47745,138.81154,117.939095,108.906395,101.819405,116.9
T000146,1976-07-31,120.6192,134.1679,118.54601,110.634796,106.35958,124.4
T000146,1976-10-31,128.89352,146.927,120.96516,115.88529,104.80098,128.8
T000146,1977-01-31,133.39624,152.80812,126.7849,117.23957,110.46758,133.8
T000146,1977-04-30,138.58261,159.4599,131.5101,120.2984,112.88111,130.4
T000146,1977-07-31,135.35754,153.44586,132.20532,124.65588,115.46835,136.7
T000146,1977-10-31,142.13104,162.30331,133.81471,129.22202,115.50161,131.8
T000146,1978-01-31,136.27058,150.31677,134.40176,130.70744,118.6526,132.4
T000146,1978-04-30,135.59813,145.52559,132.12521,132.11192,121.18346,127.7
T000146,1978-07-31,130.83737,135.07329,130.19557,132.55556,124.900185,134.0
T000146,1978-10-31,136.6195,141.03757,131.11473,132.98654,124.18319,135.4
T000146,1979-01-31,137.23169,141.473,134.75882,132.75978,131.78085,138.4
T000146,1979-04-30,139.76434,143.1853,137.02606,132.50673,131.49649,132.5
T000146,1979-07-31,134.55104,134.95567,135.63274,132.84467,134.85837,139.2
T000146,1979-10-31,140.85336,146.06496,136.13155,134.2227,130.47464,140.7
T000147,1969-10-31,0.1326124,0.08693472,0.02436807,0.16884193,0.42941806,81.8
T000147,1970-01-31,87.03536,151.6353,81.82093,88.30193,93.90942,85.0
T000147,1970-04-30,90.58006,162.99457,83.53447,87.56595,82.44542,86.8
T000147,1970-07-31,92.04687,179.68741,85.97564,92.78395,72.699844,86.4
T000147,1970-10-31,91.543396,194.13425,86.6124,88.66175,56.04586,86.1
T000147,1971-01-31,90.68918,172.14076,86.25929,88.09097,41.457275,88.4
T000147,1971-04-30,92.191986,174.82112,87.34665,86.22119,51.18146,88.0
T000147,1971-07-31,90.65404,149.61845,88.21239,86.46504,39.483353,87.0
T000147,1971-10-31,88.92333,136.62263,87.530975,86.84786,58.959026,85.3
T000147,1972-01-31,88.327835,112.991745,86.20266,86.89076,35.662884,89.5
T000147,1972-04-30,90.557556,93.79018,87.57649,87.53299,84.95428,91.8
T000147,1972-07-31,92.66861,96.67131,90.74665,88.12182,87.50599,93.8
T000147,1972-10-31,94.90004,100.13576,92.88404,88.11124,88.393074,92.7
T000147,1973-01-31,94.381645,99.85779,93.28407,89.64669,88.36685,96.1
T000147,1973-04-30,97.97562,105.619995,94.54286,92.028496,87.705536,97.0
T000147,1973-07-31,98.8918,107.06338,96.58782,92.80222,89.83827,96.5
T000147,1973-10-31,98.34778,105.34898,96.76549,93.91488,90.66721,96.1
T000147,1974-01-31,98.20592,105.10225,96.31239,96.198135,91.4689,100.2
T000147,1974-04-30,102.41327,110.46778,98.32228,96.23231,90.466995,101.5
T000147,1974-07-31,103.35503,110.872406,100.904625,96.68277,95.07594,102.2
T000147,1974-10-31,103.90686,110.90874,101.87941,97.10357,94.73212,101.6
T000147,1975-01-31,103.48534,109.8311,101.91858,100.35328,96.20124,106.0
T000147,1975-04-30,108.11733,116.76369,103.98489,101.66487,95.79372,107.2
T000147,1975-07-31,109.158104,117.82836,106.65042,101.75862,100.101105,108.6
T000147,1975-10-31,110.71956,119.62344,107.958824,102.318344,101.425606,109.0
T000147,1976-01-31,111.51568,120.944565,108.81681,106.17594,101.19309,111.4
T000147,1976-04-30,113.947624,123.42675,110.30085,107.3607,99.623795,113.4
T000147,1976-07-31,115.706345,125.71709,112.48404,108.69411,105.37484,115.6
T000147,1976-10-31,118.00426,128.23396,114.592445,109.1394,106.13267,116.5
T000147,1977-01-31,119.18943,129.69537,116.08782,111.55705,107.49033,120.6
T000147,1977-04-30,123.61295,135.99173,118.72229,113.567604,106.38486,121.5
T000147,1977-07-31,124.329605,135.93561,121.08782,115.752914,110.506,122.8
T000147,1977-10-31,125.657646,137.15007,122.20463,116.69084,111.63469,120.8
T000147,1978-01-31,123.50035,132.67943,121.86195,120.74774,113.17015,122.5
T000147,1978-04-30,124.96287,133.30107,121.721436,120.90645,113.18883,123.4
T000147,1978-07-31,125.46453,132.87062,122.987816,121.686554,117.4346,127.0
T000147,1978-10-31,128.93294,136.66925,125.35127,122.578125,118.62753,125.7
T000147,1979-01-31,127.57654,133.74124,126.39027,122.85037,119.96865,130.1
T000147,1979-04-30,132.11963,140.35204,128.0849,123.5574,120.61688,131.5
T000147,1979-07-31,133.5496,142.3476,130.85883,125.84143,123.09842,134.0
T000147,1979-10-31,136.18533,145.7817,132.85506,127.18434,122.712425,133.1
T000148,1969-10-31,0.1326124,0.08693472,0.02436807,0.16884193,0.42941806,82.0
T000148,1970-01-31,87.2479,152.00583,82.02093,88.517975,94.13797,84.7
T000148,1970-04-30,90.223015,162.43018,83.463455,87.77114,82.42263,86.0
T000148,1970-07-31,91.137024,178.18265,85.404625,92.49298,72.00814,85.6
T000148,1970-10-31,90.644394,192.55185,85.81239,88.32502,55.47042,88.4
T000148,1971-01-31,93.09781,176.13579,87.11766,87.435486,42.072594,88.5
T000148,1971-04-30,92.30638,174.98297,88.4542,85.6836,50.87835,87.5
T000148,1971-07-31,90.24283,149.09589,88.030975,86.07964,38.89104,87.4
T000148,1971-10-31,89.49118,138.05536,87.453094,87.483574,58.84297,85.0
T000148,1972-01-31,87.88085,112.01901,86.27434,88.12835,34.849213,87.9
T000148,1972-04-30,88.82665,91.06891,86.57186,87.903,84.72706,89.6
T000148,1972-07-31,90.2737,92.3298,88.821434,87.64376,87.14378,93.7
T000148,1972-10-31,94.79512,99.48818,91.82228,87.594986,89.61651,93.1
T000148,1973-01-31,94.5732,99.8413,93.41858,88.00901,87.70597,95.6
T000148,1973-04-30,97.20332,103.94858,94.45505,89.81936,88.764465,96.7
T000148,1973-07-31,98.70501,107.26789,96.19622,93.29304,88.873,98.0
T000148,1973-10-31,100.11073,108.74557,97.404625,93.827576,88.67291,97.7
T000148,1974-01-31,99.988754,108.7661,97.85929,95.70167,92.44289,99.4
T000148,1974-04-30,101.82416,110.24577,98.62144,96.82253,90.3301,100.2
T000148,1974-07-31,102.31979,109.977905,99.83362,97.76335,93.4847,102.7
T000148,1974-10-31,104.6098,112.31812,101.555046,98.10728,94.18045,102.5
T000148,1975-01-31,104.21576,110.8078,102.60619,99.48438,97.15159,105.6
T000148,1975-04-30,107.57588,115.709015,104.18027,100.339066,96.54024,105.7
T000148,1975-07-31,107.59508,115.14546,105.6542,102.62136,98.65212,108.3
T000148,1975-10-31,110.26555,118.654884,107.10925,102.85772,99.16751,111.0
T000148,1976-01-31,113.31851,123.68569,109.76346,105.74677,102.670204,112.5
T000148,1976-04-30,115.0243,125.11819,111.813034,105.87389,101.01149,113.5
T000148,1976-07-31,116.14841,126.92691,113.04202,108.4734,104.44755,119.3
T000148,1976-10-31,122.38876,136.0878,116.64372,111.185295,104.209854,121.1
T000148,1977-01-31,124.42201,138.36179,120.275635,112.650055,108.1883,123.7
T000148,1977-04-30,127.33161,142.55159,122.50925,113.71701,109.04828,124.4
T000148,1977-07-31,128.15773,142.94765,124.079414,119.58497,111.4547,128.7
T000148,1977-10-31,132.70012,148.69809,126.73069,121.33248,111.173965,125.7
T000148,1978-01-31,129.18059,141.44415,127.292915,123.8077,115.31023,126.2
T000148,1978-04-30,129.1914,139.17429,125.97101,124.52025,116.44902,125.6
T000148,1978-07-31,128.33887,136.10893,125.91858,125.945786,119.12768,129.3
T000148,1978-10-31,131.4962,138.51865,127.60548,126.26849,119.444214,129.9
T000148,1979-01-31,131.56557,137.76474,129.62521,126.37763,124.62564,131.5
T000148,1979-04-30,133.09224,138.59769,130.76723,126.2946,124.09351,131.9
T000148,1979-07-31,133.6077,139.68921,131.71681,129.4432,126.8299,135.5
T000148,1979-10-31,137.2392,144.77324,133.85127,130.032,127.359116,135.5
T000149,1969-10-31,0.1326124,0.08693472,0.02436807,0.16884193,0.42941806,79.9
T000149,1970-01-31,85.016235,148.11523,79.92093,86.249466,91.73812,84.8
T000149,1970-04-30,90.50105,162.573,82.55591,85.56145,81.314354,85.1
T000149,1970-07-31,90.29324,176.24774,84.9626,92.56651,71.70962,85.3
T000149,1970-10-31,90.47045,191.63849,85.208405,88.53671,55.729744,88.2
T000149,1971-01-31,93.03175,176.24315,86.87186,86.8202,41.867252,87.8
T000149,1971-04-30,91.71447,173.50412,88.01239,85.20532,49.96885,85.6
T000149,1971-07-31,88.41019,146.3357,86.76814,85.41999,37.977097,84.9
T000149,1971-10-31,86.99346,133.51193,85.27168,85.82423,56.70603,84.8
T000149,1972-01-31,87.79132,111.89645,84.8531,85.64713,35.122246,86.2
T000149,1972-04-30,87.15208,88.20167,85.55883,86.05438,82.41795,86.8
T000149,1972-07-31,87.35265,87.33224,86.525215,85.7448,85.56255,91.1
T000149,1972-10-31,92.09784,95.42257,89.130684,85.70366,87.65284,93.4
T000149,1973-01-31,94.77839,100.34769,92.34665,86.31874,87.532265,96.1
T000149,1973-04-30,97.74951,105.69419,94.86346,86.98319,88.86989,97.0
T000149,1973-07-31,99.32841,109.340965,96.58782,91.338486,88.05447,98.7
T000149,1973-10-31,101.469376,112.72958,97.92143,93.64079,85.592766,98.7
T000149,1974-01-31,101.565056,112.69463,98.724365,96.2733,89.596794,99.3
T000149,1974-04-30,102.00728,111.82082,99.025215,97.12369,90.27868,99.6
T000149,1974-07-31,102.09559,110.5919,99.4626,98.80373,92.68708,102.4
T000149,1974-10-31,104.732834,113.06677,101.11766,98.78753,93.09053,103.5
T000149,1975-01-31,105.45033,112.85752,102.99622,99.37296,96.64857,106.4
T000149,1975-04-30,108.36651,116.66354,105.07186,99.726456,97.30977,106.1
T000149,1975-07-31,108.05241,115.60369,106.25929,102.5477,98.62587,109.3
T000149,1975-10-31,111.439705,120.581184,107.834465,103.66188,98.847176,112.7
T000149,1976-01-31,115.176704,126.60173,111.14287,106.25028,102.96172,116.2
T000149,1976-04-30,119.129524,132.04822,114.59707,106.62597,103.17574,118.2
T000149,1976-07-31,121.656906,136.26265,117.284035,109.50185,105.42061,126.3
T000149,1976-10-31,130.6292,150.07028,122.59037,112.96112,105.34371,132.8
T000149,1977-01-31,138.00217,161.35934,129.82314,116.48644,110.192474,137.6
T000149,1977-04-30,143.57617,169.54189,135.40172,118.61073,111.146645,140.4
T000149,1977-07-31,147.11584,174.80284,139.11766,126.822014,115.327675,145.1
T000149,1977-10-31,152.35645,181.32764,142.9475,133.35457,113.688126,145.5
T000149,1978-01-31,152.42094,178.95125,145.31682,137.99538,120.96727,144.7
T000149,1978-04-30,150.86589,172.75824,145.12479,140.66264,125.42654,142.3
T000149,1978-07-31,147.68655,163.6934,143.57434,142.60092,128.54594,145.4
T000149,1978-10-31,149.86652,162.93282,143.98027,144.8823,130.53633,146.6
T000149,1979-01-31,149.69005,158.93427,146.05043,145.23265,136.09805,146.9
T000149,1979-04-30,149.00618,154.77518,146.7626,145.43753,140.17047,145.6
T000149,1979-07-31,147.28415,150.78267,146.29027,145.44905,142.18333,149.0
T000149,1979-10-31,150.27567,154.57202,147.44287,145.7244,143.15823,149.6
T000150,1969-10-31,0.1326124,0.08693472,0.02436807,0.16884193,0.42941806,82.9
T000150,1970-01-31,88.20433,153.67323,82.92093,89.4902,95.16648,84.8
T000150,1970-04-30,90.27063,162.63986,83.92985,88.71993,82.960724,86.5
T000150,1970-07-31,91.645325,179.24278,85.721436,92.60274,72.256836,86.3
T000150,1970-10-31,91.33525,194.04774,86.4062,88.40481,55.757294,88.5
T000150,1971-01-31,93.15465,176.20251,87.49245,88.1557,42.590794,88.9
T000150,1971-04-30,92.687515,175.87941,88.716805,86.403625,51.71747,88.5
T000150,1971-07-31,91.24742,150.7072,88.71239,86.59512,39.40857,88.6
T000150,1971-10-31,90.70831,140.08266,88.55421,88.59069,59.79515,85.2
T000150,1972-01-31,88.085556,112.28728,87.0053,89.68063,34.935646,88.7
T000150,1972-04-30,89.666176,92.25673,87.09707,88.85977,85.705376,91.0
T000150,1972-07-31,91.7953,94.69618,89.94665,88.75544,87.75863,94.8
T000150,1972-10-31,95.93979,101.00851,93.05968,88.67862,90.12811,93.0
T000150,1973-01-31,94.51708,99.44649,93.95576,88.818,88.04936,95.4
T000150,1973-04-30,97.01308,103.158325,94.30085,91.22513,88.096146,96.4
T000150,1973-07-31,98.24459,105.88509,95.942024,93.1328,89.46309,97.7
T000150,1973-10-31,99.48808,106.91216,97.10463,94.91927,89.593056,97.3
T000150,1974-01-31,99.35727,106.969315,97.51239,95.46105,93.08289,99.5
T000150,1974-04-30,101.79502,109.572296,98.49245,96.50961,90.91467,100.5
T000150,1974-07-31,102.472626,109.77525,100.04202,97.36678,93.85958,102.9
T000150,1974-10-31,104.641266,112.08921,101.80085,97.8091,94.06376,102.1
T000150,1975-01-31,103.77305,110.051544,102.52478,99.599,97.34777,105.1
T000150,1975-04-30,107.075134,115.02493,103.72606,100.62429,96.05422,105.5
T000150,1975-07-31,107.36963,114.92126,105.31681,102.19223,98.64502,107.9
T000150,1975-10-31,109.804016,117.87505,106.80085,103.03203,99.41034,110.3
T000150,1976-01-31,112.54529,122.42354,109.20086,105.227036,102.28026,110.8
T000150,1976-04-30,113.143295,121.93135,110.571014,105.64771,100.53146,111.3
T000150,1976-07-31,113.58418,122.54601,111.071014,108.0492,103.83009,116.0
T000150,1976-10-31,118.51506,129.51324,113.847496,110.45663,104.019966,115.7
T000150,1977-01-31,118.154854,127.7092,115.85929,110.8922,107.068985,117.3
T000150,1977-04-30,119.87584,130.10902,116.56723,111.42955,108.22578,117.1
T000150,1977-07-31,119.54141,128.41988,117.20619,115.88555,109.42472,121.0
T000150,1977-10-31,123.50995,133.40398,119.21388,116.123566,109.94852,116.7
T000150,1978-01-31,118.662415,124.37724,118.983185,116.92807,111.72872,117.7
T000150,1978-04-30,119.27256,123.753975,117.24202,117.35509,112.63131,118.0
T000150,1978-07-31,119.59224,123.5866,117.8626,117.69785,114.56626,122.0
T000150,1978-10-31,123.28206,127.61483,120.16808,118.15665,114.60698,122.2
T000150,1979-01-31,123.354324,128.03873,122.108406,118.1992,118.421036,124.4
T000150,1979-04-30,125.8538,131.22739,123.39245,118.13156,116.88079,125.5
T000150,1979-07-31,127.321976,134.39972,124.99622,122.185104,119.14197,129.2
T000150,1979-10-31,131.17552,140.07156,127.50548,122.36645,119.96727,129.0
T000151,1969-10-31,0.1326124,0.08693472,0.02436807,0.16884193,0.42941806,84.4
T000151,1970-01-31,89.79836,156.45222,84.42093,91.11056,96.88067,90.7
T000151,1970-04-30,96.881294,173.86047,87.814735,90.39656,86.39063,81.1
T000151,1970-07-31,86.78203,170.08504,86.19734,91.917816,69.869026,84.7
T000151,1970-10-31,90.44943,192.11641,83.05127,88.02971,54.040504,91.0
T000151,1971-01-31,96.175446,180.67969,88.11473,86.532585,42.584366,88.8
T000151,1971-04-30,92.74824,173.15504,89.96815,85.315155,51.28449,84.5
T000151,1971-07-31,87.73867,144.48822,86.78319,85.38516,38.747517,83.8
T000151,1971-10-31,86.8336,130.04805,84.171684,85.662994,55.41091,81.7
T000151,1972-01-31,85.11365,104.750015,82.81505,85.203255,35.13906,87.8
T000151,1972-04-30,88.948,88.26485,85.006325,85.82887,84.53784,88.6
T000151,1972-07-31,90.0926,88.97564,88.23361,84.860085,91.540695,92.4
T000151,1972-10-31,94.45428,98.839806,90.659676,84.67106,86.79605,93.5
T000151,1973-01-31,95.58591,101.83394,92.99622,88.021065,88.61486,95.8
T000151,1973-04-30,97.60553,104.69224,94.74665,88.83578,91.37574,93.5
T000151,1973-07-31,95.72397,103.58994,94.721245,92.52528,90.22505,95.5
T000151,1973-10-31,97.849754,106.67562,94.58404,93.630936,86.56711,96.0
T000151,1974-01-31,98.47919,107.13275,95.77101,93.778595,90.80988,102.3
T000151,1974-04-30,105.04477,116.09423,99.414734,95.606895,89.580864,99.7
T000151,1974-07-31,101.985405,109.74835,101.08053,95.8599,92.24281,102.0
T000151,1974-10-31,104.26715,112.42427,100.94665,96.19019,92.50548,103.4
T000151,1975-01-31,105.64728,114.63441,102.75883,99.84991,95.16215,108.3
T000151,1975-04-30,110.63386,120.873215,106.05591,102.14359,94.87813,107.7
T000151,1975-07-31,110.2291,120.8212,108.018585,102.3904,100.59893,110.0
T000151,1975-10-31,112.930084,123.83431,108.94665,103.61792,99.70086,112.9
T000151,1976-01-31,116.09232,128.9498,111.57186,107.92075,102.53232,117.5
T000151,1976-04-30,120.76286,134.60353,115.393295,108.474525,100.4908,116.4
T000151,1976-07-31,119.4809,131.81299,116.98407,110.15471,108.13009,119.4
T000151,1976-10-31,122.9385,136.60397,118.02606,113.156525,105.260056,123.3
T000151,1977-01-31,127.03434,142.36682,121.513885,116.592354,109.388756,128.2
T000151,1977-04-30,132.04851,148.53728,125.9559,117.69257,110.15832,127.0
T000151,1977-07-31,130.74568,145.51373,127.63717,119.59412,115.57524,129.2
T000151,1977-10-31,133.22798,148.10547,128.19244,123.59636,113.96065,126.5
T000151,1978-01-31,130.01863,141.07536,127.933624,126.65481,115.514496,127.5
T000151,1978-04-30,130.15771,138.68228,127.04202,127.33309,117.718254,126.1
T000151,1978-07-31,128.22177,133.6144,126.84337,127.20909,122.63647,130.2
T000151,1978-10-31,132.25084,137.85901,128.32228,127.4242,122.81849,131.2
T000151,1979-01-31,132.98203,138.41113,130.74202,127.641975,125.533615,135.7
T000151,1979-04-30,137.30696,144.09587,133.63908,127.6427,126.638504,133.1
T000151,1979-07-31,134.80551,140.10541,134.48053,130.32454,129.51817,136.3
T000151,1979-10-31,138.11043,145.60413,134.83447,131.37859,127.98282,138.0
T000152,1969-10-31,0.1326124,0.08693472,0.02436807,0.16884193,0.42941806,2.15
T000152,1970-01-31,2.4072232,4.0701737,2.1613688,2.2752204,2.8864107,2.36
T000152,1970-04-30,2.5245576,4.5227957,2.2638245,2.3035414,2.222586,1.57
T000152,1970-07-31,1.7611827,3.4374106,1.989469,2.3029776,1.6790897,1.45
T000152,1970-10-31,1.655261,3.5838165,1.5137168,1.619416,0.79186535,2.43
T000152,1971-01-31,2.6491988,4.7194448,1.9811804,2.19463,1.3683245,1.81
T000152,1971-04-30,1.9844109,3.390255,2.1392035,1.9222858,1.1643796,1.36
T000152,1971-07-31,1.5538816,2.2366474,1.5989381,1.6863562,0.8516196,1.3
T000152,1971-10-31,1.5731066,1.8752425,1.3318583,1.6027744,0.9932158,1.39
T000152,1972-01-31,1.6057807,1.2712867,1.3487818,1.4819422,0.58725435,1.75
T000152,1972-04-30,1.9180732,1.4350848,1.5851274,1.5189761,2.0201926,1.78
T000152,1972-07-31,1.9494514,1.5019801,1.7662606,1.4132875,2.1516683,1.9
T000152,1972-10-31,2.1139681,2.143652,1.8450423,1.4002124,1.9693239,2.16
T000152,1973-01-31,2.3369913,2.691296,2.0409253,1.7697966,1.6826687,1.64
T000152,1973-04-30,1.7565843,1.594999,1.9161063,1.7993306,1.9999899,1.42
T000152,1973-07-31,1.5274363,1.4787378,1.5368141,1.8768731,1.6585573,1.64
T000152,1973-10-31,1.7560717,1.8371505,1.5392445,1.7243013,1.4926705,1.88
T000152,1974-01-31,1.9859397,2.0367718,1.770085,1.729869,1.6578418,2.27
T000152,1974-04-30,2.3909156,2.7569447,2.0913882,1.6715462,1.861714,1.68
T000152,1974-07-31,1.8240181,1.6209295,1.9932743,1.6639235,1.7114549,1.78
T000152,1974-10-31,1.9205911,1.8956555,1.734202,1.7279626,1.8138478,2.06
T000152,1975-01-31,2.1512125,2.3604338,1.9317658,1.8633409,1.7914306,2.22
T000152,1975-04-30,2.2840433,2.4899864,2.1467233,1.9233792,2.068448,2.16
T000152,1975-07-31,2.2929335,2.7225142,2.1918585,2.0727189,1.8886092,2.38
T000152,1975-10-31,2.556995,3.052415,2.2792447,2.0775056,1.7340436,2.47
T000152,1976-01-31,2.6305137,3.169816,2.428782,2.1689427,2.054666,2.48
T000152,1976-04-30,2.593668,3.0493565,2.47542,2.2290068,1.983467,2.27
T000152,1976-07-31,2.3905704,2.6566215,2.3815045,2.2863126,2.30135,1.92
T000152,1976-10-31,2.0488536,2.0275393,2.1058407,2.358747,1.8093138,2.32
T000152,1977-01-31,2.4283285,2.5806913,2.1368082,2.3991117,2.0763326,2.45
T000152,1977-04-30,2.5163047,2.5652385,2.3904626,2.3691015,2.25153,2.29
T000152,1977-07-31,2.3654854,2.2454736,2.3749557,2.3437188,2.3883564,2.27
T000152,1977-10-31,2.3843336,2.3378808,2.2806194,2.2832162,2.2690141,2.23
T000152,1978-01-31,2.3047543,2.1255798,2.2512388,2.3149607,2.2733195,2.13
T000152,1978-04-30,2.1919208,1.9660451,2.1830974,2.293494,2.336395,2.1
T000152,1978-07-31,2.1550465,1.911555,2.1159291,2.2613685,2.3157234,2.38
T000152,1978-10-31,2.454493,2.4713159,2.2517657,2.2489803,2.4679716,2.55
T000152,1979-01-31,2.6416223,2.8359795,2.4721437,2.2398179,2.2649026,2.58
T000152,1979-04-30,2.6489694,2.8402734,2.5662606,2.2385235,2.3931284,1.97
T000152,1979-07-31,2.0772734,1.8148174,2.293894,2.2083547,2.2485576,2.0
T000152,1979-10-31,2.0930178,1.8790047,1.9862607,2.2311082,2.1381733,2.43
T000153,1969-10-31,0.1326124,0.08693472,0.02436807,0.16884193,0.42941806,2.66
T000153,1970-01-31,2.9477763,5.015035,2.6734653,2.8253129,3.469232,3.66
T000153,1970-04-30,3.971488,6.99914,3.202021,2.8482535,3.0768332,3.27
T000153,1970-07-31,3.542961,6.7608767,3.4770799,3.529043,2.9308698,2.58
T000153,1970-10-31,2.8506248,6.0937166,2.9463718,2.7605937,1.4727399,2.49
T000153,1971-01-31,2.7750263,5.27433,2.5377874,2.848825,0.9952042,3.39
T000153,1971-04-30,3.625023,6.4517846,2.9778187,2.9187062,1.603597,3.34
T000153,1971-07-31,3.519596,5.59447,3.3665485,3.3617063,2.0067053,2.97
T000153,1971-10-31,3.1742926,4.587086,3.1664603,3.0063453,2.113563,2.63
T000153,1972-01-31,2.9510283,3.455549,2.8105311,2.7418556,1.3876393,3.47
T000153,1972-04-30,3.6437025,3.8696537,3.0852976,3.1210234,2.8797634,3.36
T000153,1972-07-31,3.4664264,3.5057244,3.418407,3.390191,3.6834235,3.0
T000153,1972-10-31,3.126861,3.038702,3.1911504,3.043436,3.2371752,3.13
T000153,1973-01-31,3.3740075,3.6164322,3.0704627,3.0434976,3.0534446,3.92
T000153,1973-04-30,4.1166406,4.714978,3.5581965,3.2188785,2.9437695,3.55
T000153,1973-07-31,3.6660488,3.9361176,3.7464604,3.3800237,3.5547216,3.27
T000153,1973-10-31,3.4047532,3.5450432,3.4186723,3.3037913,3.2331548,3.09
T000153,1974-01-31,3.3178267,3.3637314,3.185575,3.2350223,3.0332038,4.41
T000153,1974-04-30,4.635129,5.501664,3.8054674,3.4817586,3.1645248,3.96
T000153,1974-07-31,4.1173167,4.540491,4.198938,3.5904493,3.5790808,3.83
T000153,1974-10-31,4.034314,4.404013,3.8990264,3.566526,3.4127452,3.59
T000153,1975-01-31,3.8904974,4.2509565,3.7174337,3.6820483,3.3841076,4.5
T000153,1975-04-30,4.701456,5.3637466,4.083239,3.9304972,3.3610055,4.04
T000153,1975-07-31,4.1973667,4.5494723,4.284248,4.0261617,4.078884,3.8
T000153,1975-10-31,3.9746833,4.0365663,3.9274337,3.8810658,3.5465755,3.53
T000153,1976-01-31,3.832813,3.766914,3.6733627,3.9269083,3.710878,4.75
T000153,1976-04-30,4.964501,5.478574,4.191265,4.0191054,3.500129,4.4
T000153,1976-07-31,4.544208,4.722569,4.5858407,4.0829687,4.5658593,3.93
T000153,1976-10-31,4.084367,3.980033,4.1795573,3.9716916,3.7755013,3.93
T000153,1977-01-31,4.203985,4.302138,3.954368,4.0372252,3.9750726,5.03
T000153,1977-04-30,5.2265954,5.864175,4.5262227,4.179599,3.8046765,4.41
T000153,1977-07-31,4.562609,4.724356,4.739204,4.4857516,4.50099,3.59
T000153,1977-10-31,3.791015,3.3523347,4.0253983,4.082483,3.6678767,3.52
T000153,1978-01-31,3.8718581,3.358226,3.557168,4.1719594,3.9212017,4.97
T000153,1978-04-30,5.1924243,5.4726114,4.30593,4.2452,3.8943722,4.89
T000153,1978-07-31,5.0640607,5.1877785,4.9324775,4.4671664,5.184629,4.44
T000153,1978-10-31,4.6851883,4.697368,4.678938,4.435542,4.6841345,4.28
T000153,1979-01-31,4.6568885,4.8293138,4.364956,4.3453946,4.2908664,5.55
T000153,1979-04-30,5.8199058,6.753261,4.968366,4.593034,4.3327117,5.82
T000153,1979-07-31,6.041747,7.1829443,5.696346,4.9214,5.197512,5.19
T000153,1979-10-31,5.5162587,6.307,5.5245137,4.910205,4.507138,4.86
T000154,1975-10-31,0.1326124,0.08693472,0.02436807,0.16884193,0.42941806,60.0
T000154,1976-01-31,63.868877,111.24709,60.020924,64.75264,68.99666,62.0
T000154,1976-04-30,66.04459,118.8976,61.08404,64.22321,60.320015,60.0
T000154,1976-07-31,63.57098,124.93269,61.061947,65.57106,50.00956,64.0
T000154,1976-10-31,67.90563,143.27849,62.168083,62.68504,39.961945,60.0
T000154,1977-01-31,63.252426,119.8365,62.123894,61.73751,27.59251,67.0
T000154,1977-04-30,70.100525,131.6618,63.794144,60.34112,37.19165,64.0
T000154,1977-07-31,66.37129,109.56697,65.59292,62.316673,28.699326,69.0
T000154,1977-10-31,71.08929,109.69698,66.710106,64.177315,44.140892,66.0
T000154,1978-01-31,68.96872,92.00118,67.59292,64.25536,28.61084,70.0
T000154,1978-04-30,71.6831,77.8206,68.16808,66.149574,62.177135,67.0
T000154,1978-07-31,68.840515,74.17704,68.59292,67.31116,64.90401,72.0
T000154,1978-10-31,73.718864,80.17169,69.710106,67.19496,62.465137,69.0
T000154,1979-01-31,70.876144,75.60833,70.59292,69.24769,68.196144,76.0
T000154,1979-04-30,78.0346,86.115845,72.79414,69.155945,63.61257,72.0
T000154,1979-07-31,73.90397,79.08256,74.12389,70.28012,70.2646,80.0
T000154,1979-10-31,82.22224,91.930145,76.33617,72.2138,67.38,78.0
T000154,1980-01-31,80.48918,89.66325,79.06195,72.40749,71.66004,80.0
T000154,1980-04-30,82.36606,90.85098,79.08404,76.22227,68.633194,74.0
T000154,1980-07-31,76.51913,81.65849,77.185844,76.92854,71.363556,83.0
T000154,1980-10-31,85.36449,93.86533,78.87819,78.27287,70.2804,80.0
T000154,1981-01-31,82.162254,88.148735,81.59292,80.42353,77.73813,83.0
T000154,1981-04-30,84.903114,90.76692,81.62606,80.11736,73.11569,75.0
T000154,1981-07-31,77.58031,77.17165,79.24779,81.61765,77.9106,86.0
T000154,1981-10-31,88.074,93.60325,80.96223,80.43321,76.88061,82.0
T000154,1982-01-31,83.62078,86.34669,84.12389,82.547195,82.560555,84.0
T000154,1982-04-30,85.15489,87.629364,83.08404,82.1086,78.5317,77.0
T000154,1982-07-31,79.79689,78.8187,80.71681,83.66986,82.03096,86.0
T000154,1982-10-31,87.85942,90.93603,81.87819,82.731255,77.28716,83.0
T000154,1983-01-31,84.516594,86.021515,84.59292,83.7048,86.2842,85.0
T000154,1983-04-30,86.03481,87.24161,84.08404,83.075165,80.60854,78.0
T000154,1983-07-31,80.79261,78.196014,81.71681,84.59841,85.84787,89.0
T000154,1983-10-31,91.070755,95.29881,83.96223,83.407394,79.286385,86.0
T000154,1984-01-31,87.528824,89.73111,87.59292,85.33268,88.634636,90.0
T000154,1984-04-30,91.28738,96.001175,88.16808,85.16292,83.16812,83.0
T000154,1984-07-31,85.85723,87.45499,86.71681,85.92456,86.196556,95.0
T000154,1984-10-31,97.557915,106.288956,89.50425,86.42292,81.0987,94.0
T000154,1985-01-31,96.29336,105.24243,94.530975,89.238144,90.13858,101.0
T000154,1985-04-30,103.6194,116.019554,97.79414,90.303535,85.05128,91.0
T000154,1985-07-31,94.988396,102.31276,96.30974,91.68121,89.93788,102.0
T000154,1985-10-31,105.70893,118.56321,96.96223,94.324646,83.11068,99.0
T000154,1986-01-31,102.033516,112.29042,100.59292,95.82288,92.633446,103.0
T000154,1986-04-30,105.57152,114.97528,101.16808,99.150604,89.65389,94.0
T000154,1986-07-31,97.76539,101.84242,98.77876,100.60365,94.428154,105.0
T000154,1986-10-31,108.21703,116.20547,99.96223,99.48673,87.89158,103.0
T000154,1987-01-31,105.302956,111.61037,104.06195,102.330574,102.106995,103.0
T000154,1987-04-30,104.443985,107.258514,103.02437,103.15475,95.46736,94.0
T000154,1987-07-31,97.26512,94.362785,98.77876,105.08718,103.25969,107.0
T000154,1987-10-31,109.45727,114.27156,101.04627,103.47974,96.749985,107.0
T000154,1988-01-31,108.80618,113.51219,107.02437,103.435715,107.95475,113.0
T000154,1988-04-30,114.89952,123.121445,110.25212,103.213104,103.24852,100.0
T000154,1988-07-31,103.98805,104.31389,106.90266,104.443825,105.128716,118.0
T000154,1988-10-31,121.76162,134.82706,109.75637,107.4234,99.62504,116.0
T000154,1989-01-31,119.18274,130.86644,117.06195,108.07052,107.9755,119.0
T000154,1989-04-30,121.79366,133.27562,117.62606,113.25907,105.84347,107.0
T000154,1989-07-31,112.07982,118.0866,113.37168,114.68231,107.53056,122.0
T000154,1989-10-31,126.347176,138.37816,115.13031,116.536804,99.533066,125.0
T000154,1990-01-31,128.54903,142.82446,123.62606,118.31459,117.70868,128.0
T000154,1990-04-30,130.95616,143.07065,126.62606,119.21414,112.24265,110.0
T000154,1990-07-31,115.60311,115.85634,119.557526,121.69284,117.6396,121.0
T000154,1990-10-31,125.228134,131.1305,115.96223,122.49277,105.60711,115.0
T000155,1975-10-31,0.1326124,0.08693472,0.02436807,0.16884193,0.42941806,54.1
T000155,1976-01-31,57.599182,100.316345,54.120922,58.37921,62.254204,59.5
T000155,1976-04-30,63.657486,114.02577,57.026913,57.965298,55.977627,56.5
T000155,1976-07-31,60.150536,117.448685,58.092922,61.540825,48.07168,63.9
T000155,1976-10-31,68.09674,141.58575,60.510956,59.306637,39.57074,57.8
T000155,1977-01-31,61.543404,116.49974,61.038937,59.020805,27.415983,62.0
T000155,1977-04-30,65.16986,122.42368,60.07649,57.991524,34.565384,58.5
T000155,1977-07-31,61.00889,101.436615,60.358406,59.05345,26.405094,65.0
T000155,1977-10-31,66.92317,102.32169,62.023136,59.23814,40.51301,59.6
T000155,1978-01-31,62.563385,81.50732,62.46726,60.36282,27.051823,63.6
T000155,1978-04-30,65.12582,68.194305,61.76808,59.825123,55.871773,60.4
T000155,1978-07-31,62.18619,63.5681,62.099117,60.991337,61.621777,66.3
T000155,1978-10-31,67.517876,70.95852,63.597923,60.975903,57.69518,60.6
T000155,1979-01-31,62.153145,62.0337,63.626553,61.259678,64.20755,66.8
T000155,1979-04-30,68.15152,71.92748,63.96053,60.97771,58.61683,63.2
T000155,1979-07-31,64.90103,66.89907,65.1115,63.845905,64.28765,71.0
T000155,1979-10-31,72.544044,78.62905,67.42776,63.452118,61.51584,66.5
T000155,1980-01-31,68.39532,72.52218,68.88938,66.52966,67.31976,72.0
T000155,1980-04-30,73.897575,80.83952,69.48112,66.706856,61.37387,67.8
T000155,1980-07-31,70.020744,75.419495,70.03009,67.230354,67.63227,75.6
T000155,1980-10-31,77.71367,86.14208,72.027756,68.128174,63.300175,69.2
T000155,1981-01-31,71.4978,76.01673,72.59823,69.87485,68.61345,74.1
T000155,1981-04-30,76.1428,82.18642,71.855896,69.47383,63.122368,70.7
T000155,1981-07-31,72.89634,76.85391,72.5053,71.31223,70.43066,77.8
T000155,1981-10-31,79.621635,85.58741,74.54835,71.19936,66.834755,72.3
T000155,1982-01-31,74.20381,76.98444,75.22036,72.97109,73.45106,78.1
T000155,1982-04-30,79.80007,84.98889,75.44372,72.47241,68.76867,72.4
T000155,1982-07-31,74.512985,76.21124,75.42655,73.09731,74.056305,82.6
T000155,1982-10-31,84.467514,91.66885,77.92861,73.194786,70.09539,72.9
T000155,1983-01-31,75.128716,75.37994,78.050446,73.87105,75.42582,79.5
T000155,1983-04-30,81.302704,85.234085,76.47733,73.556854,69.59919,72.6
T000155,1983-07-31,75.06313,74.611916,76.26372,73.77001,73.84148,82.8
T000155,1983-10-31,84.46827,88.058334,78.12861,74.66668,70.43066,76.0
T000155,1984-01-31,78.25839,78.760895,79.61063,77.29005,80.80046,85.1
T000155,1984-04-30,87.02777,91.99023,80.93239,76.27631,74.146164,80.5
T000155,1984-07-31,83.27627,87.697464,82.94248,79.99509,83.75961,89.1
T000155,1984-10-31,91.33365,99.565094,85.161385,80.756775,75.343956,84.8
T000155,1985-01-31,87.60488,95.14275,87.08318,83.05534,86.81659,94.2
T000155,1985-04-30,97.29217,109.841644,89.895,85.10452,76.623634,89.5
T000155,1985-07-31,93.03533,104.03164,91.995575,85.59063,85.589035,99.3
T000155,1985-10-31,103.07788,118.309845,94.811806,89.424324,78.59637,93.1
T000155,1986-01-31,96.83985,108.058716,96.39204,90.052055,87.22257,103.5
T000155,1986-04-30,107.495384,123.21186,98.73702,93.370544,82.76389,96.4
T000155,1986-07-31,100.19245,111.027245,100.169914,94.77974,90.12206,107.2
T000155,1986-10-31,111.021774,125.73632,102.25383,96.67666,86.79936,101.7
T000155,1987-01-31,105.49269,117.012924,104.62035,99.75266,95.67948,109.5
T000155,1987-04-30,113.03958,125.64316,105.92776,101.97956,90.03865,101.3
T000155,1987-07-31,104.86092,112.49765,105.653984,102.51858,99.96121,112.6
T000155,1987-10-31,115.81986,127.19655,107.424835,102.4408,94.98784,105.5
T000155,1988-01-31,108.682175,115.357056,109.26991,106.594246,104.29974,115.4
T000155,1988-04-30,118.32574,128.73474,110.866005,105.79628,97.57065,108.0
T000155,1988-07-31,111.3865,117.331474,111.9292,108.78214,108.62487,129.9
T000155,1988-10-31,134.14282,153.04283,119.870255,108.624466,105.41857,112.4
T000155,1989-01-31,116.789825,123.76372,121.69203,113.72706,110.1243,123.6
T000155,1989-04-30,127.45047,140.55957,118.470634,112.83654,103.41577,114.9
T000155,1989-07-31,119.76008,128.32721,119.51947,116.33559,113.03146,131.0
T000155,1989-10-31,134.93942,148.3046,123.62653,116.85592,105.55079,122.6
T000155,1990-01-31,127.013824,137.9514,127.06018,124.188995,120.7381,131.9
T000155,1990-04-30,135.95885,147.20346,127.64079,122.98133,108.40287,120.5
T000155,1990-07-31,125.70266,131.39322,126.5531,123.94304,124.28552,130.7
T000155,1990-10-31,133.95567,141.20576,126.02861,123.7247,111.35466,115.7
T000156,1975-10-31,0.1326124,0.08693472,0.02436807,0.16884193,0.42941806,63.0
T000156,1976-01-31,67.05687,116.8051,63.020924,67.99337,72.42501,67.0
T000156,1976-04-30,71.514496,128.44514,65.16808,67.46595,64.175476,70.0
T000156,1976-07-31,74.427795,144.43617,68.62606,73.01005,58.68457,71.0
T000156,1976-10-31,75.43267,158.36649,70.54202,70.02356,45.89292,69.0
T000156,1977-01-31,73.07783,138.754,70.06195,70.33095,34.164593,75.0
T000156,1977-04-30,78.84573,148.67366,72.25212,69.16818,42.398243,80.0
T000156,1977-07-31,83.39265,138.99074,77.710106,70.3495,35.10023,79.0
T000156,1977-10-31,81.9197,128.48495,79.530975,71.180214,48.90387,74.0
T000156,1978-01-31,77.991264,104.81327,76.65487,74.29721,29.989254,80.0
T000156,1978-04-30,83.067276,93.73093,77.25212,75.62446,67.18343,82.0
T000156,1978-07-31,84.489075,93.87886,81.08404,79.20795,72.706894,80.0
T000156,1978-10-31,81.8593,87.880974,81.06195,80.38023,73.55247,75.0
T000156,1979-01-31,77.5106,79.14843,77.65487,80.117935,73.17606,80.0
T000156,1979-04-30,82.09722,85.31847,77.710106,80.41945,74.3067,82.0
T000156,1979-07-31,83.105286,86.02679,81.08404,80.496284,79.126205,84.0
T000156,1979-10-31,84.77309,87.89955,83.08404,80.109764,81.2849,80.0
T000156,1980-01-31,81.94573,83.37735,82.12389,80.15619,81.20808,85.0
T000156,1980-04-30,86.890305,92.192726,82.710106,80.257484,77.687805,87.0
T000156,1980-07-31,88.447815,94.71958,86.08404,82.30486,81.22682,87.0
T000156,1980-10-31,88.17793,93.45539,87.02437,84.100296,82.25012,82.0
T000156,1981-01-31,84.085266,87.06627,84.65487,84.61588,81.644104,89.0
T000156,1981-04-30,91.20285,98.263725,85.79414,85.245705,78.57352,93.0
T000156,1981-07-31,94.94686,103.620605,91.16808,87.24024,85.3273,94.0
T000156,1981-10-31,95.78626,103.93545,93.54202,87.13581,84.83487,89.0
T000156,1982-01-31,91.59027,97.09567,91.65487,89.155655,86.66005,95.0
T000156,1982-04-30,97.69745,106.70602,92.25212,89.49515,83.169334,99.0
T000156,1982-07-31,101.40412,112.17436,97.16808,93.27941,89.84923,99.0
T000156,1982-10-31,101.129105,110.20093,99.02437,94.08911,88.46267,94.0
T000156,1983-01-31,96.94189,103.120384,96.65487,94.323,92.183174,101.0
T000156,1983-04-30,104.07562,113.95078,97.79414,95.50602,89.78992,101.0
T000156,1983-07-31,103.13115,110.56115,101.02437,99.16332,93.51351,103.0
T000156,1983-10-31,104.58685,111.863396,102.08404,99.096695,94.80869,97.0
T000156,1984-01-31,99.530624,102.43038,100.185844,99.74942,96.462906,104.0
T000156,1984-04-30,106.38719,113.066635,100.79414,101.21006,94.91465,107.0
T000156,1984-07-31,108.88412,117.00283,105.62606,101.44687,99.28143,106.0
T000156,1984-10-31,107.30349,112.22125,106.530975,103.090866,100.00305,94.0
T000156,1985-01-31,96.872505,93.61718,100.37168,105.69761,99.689735,105.0
T000156,1985-04-30,107.38134,111.00853,99.96223,104.96532,97.60524,109.0
T000156,1985-07-31,110.68983,115.477646,107.16808,105.7647,105.8608,112.0
T000156,1985-10-31,113.59083,119.46472,110.62606,106.18275,105.41618,106.0
T000156,1986-01-31,109.307396,113.4789,109.185844,106.20767,107.061424,114.0
T000156,1986-04-30,117.24962,126.35819,110.33617,106.34449,101.95265,125.0
T000156,1986-07-31,128.54503,146.53525,119.96223,109.71206,109.78503,119.0
T000156,1986-10-31,122.04054,133.18445,122.185844,112.19303,104.45811,115.0
T000156,1987-01-31,119.542,130.80386,117.12389,114.34459,109.90297,122.0
T000156,1987-04-30,126.85975,142.0619,118.79414,116.161865,103.03959,123.0
T000156,1987-07-31,126.167854,136.42941,122.54202,119.939995,111.34106,116.0
T000156,1987-10-31,118.17162,121.8344,119.71681,120.38932,110.39662,104.0
T000157,1975-10-31,0.1326124,0.08693472,0.02436807,0.16884193,0.42941806,235.0
T000157,1976-01-31,249.85182,435.46423,235.02092,253.79718,268.98444,248.0
T000157,1976-04-30,264.5684,475.47894,242.04626,251.63081,238.53612,264.0
T000157,1976-07-31,280.89325,544.0969,256.67233,270.21802,219.20564,285.0
T000157,1976-10-31,303.58112,628.57544,275.38245,260.01022,176.18877,290.0
T000157,1977-01-31,308.86414,580.365,287.7101,268.75494,145.38559,290.0
T000157,1977-04-30,307.54697,580.63007,290.02435,265.28088,164.26987,298.0
T000157,1977-07-31,313.2532,526.7111,294.33615,286.53665,140.5454,306.0
T000157,1977-10-31,318.24878,502.97272,302.33615,290.68982,196.11075,297.0
T000157,1978-01-31,311.67032,422.92224,301.77878,290.366,128.6074,312.0
T000157,1978-04-30,324.6894,369.24268,305.1303,297.38666,268.51672,321.0
T000157,1978-07-31,332.37695,372.3478,316.87817,299.07724,275.06262,329.0
T000157,1978-10-31,338.47607,375.37558,325.33615,306.49945,286.08115,363.0
T000157,1979-01-31,374.9398,435.74484,347.4287,312.75778,303.47165,363.0
T000157,1979-04-30,377.01718,432.28333,363.02435,321.84998,305.1933,373.0
T000157,1979-07-31,388.83246,454.98688,368.4202,330.2766,307.66495,369.0
T000157,1979-10-31,384.7524,444.37695,371.1239,364.59036,307.20218,424.0
T000157,1980-01-31,443.4824,534.133,398.81116,364.3474,337.97797,439.0
T000157,1980-04-30,462.05472,562.4599,432.1303,370.68906,357.974,444.0
T000157,1980-07-31,467.80914,560.413,441.7101,374.52118,350.9161,467.0
T000157,1980-10-31,494.78033,607.6463,456.4665,426.56955,365.28952,476.0
T000157,1981-01-31,502.69397,600.7715,471.87817,440.7962,349.39978,476.0
T000157,1981-04-30,499.1911,590.3789,476.02435,445.15326,416.81863,471.0
T000157,1981-07-31,492.727,566.92126,473.65488,467.97867,403.08957,461.0
T000157,1981-10-31,480.42758,529.2663,466.30972,469.40973,414.7816,435.0
T000157,1982-01-31,449.73196,460.7552,448.80533,471.04504,394.25214,436.0
T000157,1982-04-30,444.51562,429.25464,435.54202,466.89215,426.96664,449.0
T000157,1982-07-31,457.8968,437.15826,443.04626,454.52072,451.94357,474.0
T000157,1982-10-31,482.59427,474.33276,462.5505,451.78955,472.1437,453.0
T000157,1983-01-31,462.26727,438.67554,464.15045,450.0735,474.56116,466.0
T000157,1983-04-30,474.57794,468.5414,460.04626,449.75912,477.4579,461.0
T000157,1983-07-31,467.37155,467.71115,463.65488,455.2204,472.22946,466.0
T000157,1983-10-31,469.0691,474.98465,463.7101,462.22955,465.99435,461.0
T000157,1984-01-31,466.2518,478.37796,463.65488,462.9698,467.2885,449.0
T000157,1984-04-30,454.98273,451.18628,455.37167,464.7504,438.31723,427.0
T000157,1984-07-31,435.27017,410.51245,438.68143,465.88727,442.11337,414.0
T000157,1984-10-31,423.3732,370.03738,420.90265,454.5644,436.34198,381.0
T000157,1985-01-31,397.3666,301.7686,398.52213,435.06482,462.64832,371.0
T000157,1985-04-30,391.90033,281.3805,376.30972,425.44455,452.64105,377.0
T000157,1985-07-31,401.163,288.7046,374.25214,389.24316,465.78952,351.0
T000157,1985-10-31,376.82843,242.06502,364.80533,384.5902,451.04697,404.0
T000157,1986-01-31,427.7477,354.2913,379.7271,382.09015,467.7558,431.0
T000157,1986-04-30,448.81204,418.58167,418.63455,378.71472,465.2606,455.0
T000157,1986-07-31,469.16602,487.47797,444.00848,378.71164,463.4259,481.0
T000157,1986-10-31,499.5752,575.5562,469.09253,406.11792,442.30344,507.0
T000157,1987-01-31,531.12054,632.3949,495.09253,433.65018,423.1051,523.0
T000157,1987-04-30,553.3691,684.44995,515.6723,457.0307,408.1273,550.0
T000157,1987-07-31,583.66187,727.6056,537.6346,483.1367,413.67462,604.0
T000157,1987-10-31,644.6045,819.86365,579.2691,508.88943,456.2438,665.0
T000157,1988-01-31,713.81635,921.95917,637.0633,525.59656,451.34943,679.0
T000157,1988-04-30,728.0166,927.1791,672.5883,552.91614,481.67645,654.0
T000157,1988-07-31,701.2356,868.19165,667.27435,607.122,481.73657,685.0
T000157,1988-10-31,730.51044,900.0747,670.8027,657.3592,508.97415,758.0
T000157,1989-01-31,803.09973,994.6585,724.5675,668.07495,579.295,733.0
T000157,1989-04-30,773.2457,917.5142,746.27435,680.14954,606.8037,810.0
T000157,1989-07-31,856.6022,1046.2805,774.7356,687.3027,642.6132,706.0
T000157,1989-10-31,745.0935,824.857,761.22125,714.0615,592.66846,540.0
T000158,1975-10-31,0.1326124,0.08693472,0.02436807,0.16884193,0.42941806,49.8
T000158,1976-01-31,53.029774,92.34987,49.820923,53.734165,57.34022,52.2
T000158,1976-04-30,55.660923,100.08815,51.10085,53.318237,50.39256,54.2
T000158,1976-07-31,57.561646,111.98288,53.284042,56.922497,45.364193,56.6
T000158,1976-10-31,60.116688,125.87453,55.50085,54.6035,35.906567,61.2
T000158,1977-01-31,64.948814,121.87454,59.093296,55.187077,29.295406,60.8
T000158,1977-04-30,64.261406,120.9617,61.01239,54.375748,33.287773,62.3
T000158,1977-07-31,65.36343,109.74173,61.61303,56.84235,28.152567,63.7
T000158,1977-10-31,66.406136,105.39852,63.05883,61.06082,39.500782,62.3
T000158,1978-01-31,65.37168,88.77197,63.04336,61.293087,27.214363,65.3
T000158,1978-04-30,67.87619,77.95452,63.926064,62.37302,57.364216,66.6
T000158,1978-07-31,68.95559,77.254234,66.00462,62.480415,57.881096,67.9
T000158,1978-10-31,70.067444,77.86488,67.30463,63.79407,60.015404,72.3
T000158,1979-01-31,74.610504,84.97445,70.2849,65.41417,60.550133,71.8
T000158,1979-04-30,73.938446,82.042046,72.06549,66.7271,63.20861,73.4
T000158,1979-07-31,75.77161,85.54053,72.66724,68.07592,64.41674,72.5
T000158,1979-10-31,74.70478,82.79933,72.977875,71.96156,64.42993,80.5
T000158,1980-01-31,83.21452,95.748245,76.83617,72.46376,69.021866,82.7
T000158,1980-04-30,85.91872,99.80295,81.692444,72.786354,70.53237,83.6
T000158,1980-07-31,86.86612,99.62245,83.18781,73.61964,70.76773,85.8
T000158,1980-10-31,89.57725,104.6468,84.79244,80.85306,71.59629,87.5
T000158,1981-01-31,91.11452,104.445076,86.721436,82.95864,70.001816,88.4
T000158,1981-04-30,91.65038,104.8517,87.987816,83.73567,80.00008,88.5
T000158,1981-07-31,91.634384,103.0205,88.4542,85.93541,78.08116,88.2
T000158,1981-10-31,91.18354,100.30321,88.35929,87.612724,80.500275,84.1
T000158,1982-01-31,86.42177,90.069916,86.276985,88.465614,76.92348,84.0
T000158,1982-04-30,85.172295,85.38716,84.0531,88.49552,80.87199,85.8
T000158,1982-07-31,86.831825,86.24187,84.97564,86.52237,85.0409,90.0
T000158,1982-10-31,90.998795,92.18437,88.07649,86.29339,87.076,86.4
T000158,1983-01-31,87.50229,85.92429,88.3115,86.019745,87.32097,87.8
T000158,1983-04-30,88.924965,88.68246,87.15884,85.90627,88.213356,86.3
T000158,1983-07-31,87.24904,86.617714,87.096466,86.77277,87.43356,87.0
T000158,1983-10-31,87.41866,86.831276,86.67941,86.89021,86.77687,87.6
T000158,1984-01-31,88.25535,89.49717,87.32522,87.40039,88.568054,86.6
T000158,1984-04-30,87.43556,87.005585,87.130974,86.75196,84.86079,83.7
T000158,1984-07-31,84.84238,82.28963,85.239815,87.12391,85.36412,81.7
T000158,1984-10-31,82.84253,76.68429,82.76195,87.11058,83.70919,77.5
T000158,1985-01-31,79.45926,67.91034,79.73009,84.71608,87.73025,76.7
T000158,1985-04-30,79.02244,66.38023,77.12478,83.17225,86.19481,77.6
T000158,1985-07-31,80.32112,67.466545,77.18781,78.67901,88.013054,74.8
T000158,1985-10-31,77.808266,62.579506,76.28672,78.454895,86.047806,80.1
T000158,1986-01-31,82.99228,73.9821,77.67271,77.976974,87.10117,83.6
T000158,1986-04-30,85.78922,81.78503,81.99707,77.691246,87.440674,86.2
T000158,1986-07-31,87.852196,89.4311,85.00925,77.77539,87.478516,89.3
T000158,1986-10-31,91.33806,99.79546,87.880264,80.3295,84.96031,92.8
T000158,1987-01-31,95.60291,107.6964,91.197075,83.91314,82.8727,97.1
T000158,1987-04-30,100.89538,118.16545,95.130684,86.42728,81.084045,98.0
T000158,1987-07-31,102.15455,119.389496,97.58782,89.55324,81.34924,103.6
T000158,1987-10-31,108.46422,129.04295,101.03532,93.0978,85.911896,109.1
T000158,1988-01-31,114.71855,137.97768,106.581116,97.3765,85.96132,110.3
T000158,1988-04-30,115.619,136.66321,109.75042,98.32871,88.8828,106.2
T000158,1988-07-31,111.04746,127.51909,108.37699,103.88231,91.66102,108.6
T000158,1988-10-31,113.0443,127.998405,107.50085,106.424736,92.72746,113.4
T000158,1989-01-31,117.34783,132.3698,111.2017,108.89559,99.316864,108.2
T000158,1989-04-30,111.043945,118.31789,110.96107,109.22393,99.18906,112.1
T000158,1989-07-31,114.82399,123.52961,110.31387,108.74843,105.0268,100.6
T000158,1989-10-31,103.21899,99.147156,106.7062,109.58361,100.145744,84.8
T000159,1975-10-31,0.1326124,0.08693472,0.02436807,0.16884193,0.42941806,510.1
T000159,1976-01-31,542.24115,945.1336,510.12094,550.9772,583.36523,516.6
T000159,1976-04-30,549.5748,990.91187,513.6231,545.8246,508.18015,522.0
T000159,1976-07-31,552.52155,1083.2184,519.5269,564.5122,435.79218,535.7
T000159,1976-10-31,566.98145,1201.2244,529.42566,538.97626,340.81314,544.7
T000159,1977-01-31,573.0787,1082.3137,540.5782,533.2277,257.5111,555.0
T000159,1977-04-30,579.20776,1097.6301,550.2828,522.75714,316.2216,561.4
T000159,1977-07-31,581.03723,963.2488,558.46893,536.60126,252.3641,568.2
T000159,1977-10-31,584.4484,908.07245,565.0858,545.56274,375.474,574.3
T000159,1978-01-31,595.24426,793.717,571.50635,555.76697,237.89487,582.7
T000159,1978-04-30,595.403,646.11523,578.85297,562.00073,535.72815,593.3
T000159,1978-07-31,606.3169,658.92633,588.44543,568.69904,547.14606,604.8
T000159,1978-10-31,618.2059,672.2904,599.5332,574.8881,550.38776,617.8
T000159,1979-01-31,631.5122,689.00964,611.84625,583.4045,560.98364,626.0
T000159,1979-04-30,640.2417,698.41675,622.24457,594.1286,566.9753,636.1
T000159,1979-07-31,650.8064,711.51776,631.4744,605.7751,576.832,639.9
T000159,1979-10-31,654.6377,712.76013,638.15967,618.7494,584.41486,654.3
T000159,1980-01-31,669.3979,731.4092,647.7051,626.80334,595.61597,669.7
T000159,1980-04-30,685.64703,752.3787,662.6471,636.7715,608.7948,684.7
T000159,1980-07-31,701.47314,770.9945,677.8303,640.88257,616.6275,705.6
T000159,1980-10-31,724.2974,804.6751,696.02826,655.2992,628.2989,722.2
T000159,1981-01-31,742.5176,827.5279,714.5976,670.85065,631.227,732.2
T000159,1981-04-30,753.4372,840.5736,727.62024,686.1149,646.75275,746.0
T000159,1981-07-31,768.16254,859.4148,739.6799,707.1533,658.0947,754.2
T000159,1981-10-31,776.44867,863.86163,750.4446,723.55835,672.46497,765.2
T000159,1982-01-31,787.2346,872.9445,760.16223,733.245,686.831,779.7
T000159,1982-04-30,801.0132,885.01465,773.0593,746.998,702.99677,792.9
T000159,1982-07-31,813.55804,893.681,786.85474,755.00604,714.0052,807.0
T000159,1982-10-31,827.2228,907.6706,800.5425,766.12476,728.13074,832.0
T000159,1983-01-31,852.70575,940.79407,820.55054,780.73596,743.42944,851.4
T000159,1983-04-30,873.5657,967.4379,842.5152,793.9893,758.93317,872.1
T000159,1983-07-31,896.35767,999.45386,862.6198,808.5146,769.48425,887.6
T000159,1983-10-31,913.6198,1021.45386,880.5013,833.7775,784.78253,904.3
T000159,1984-01-31,931.68854,1042.5154,896.6517,853.13513,794.4498,918.3
T000159,1984-04-30,945.9528,1057.4973,911.8883,873.7152,813.3467,935.0
T000159,1984-07-31,962.4184,1072.1338,927.35175,888.9898,832.2703,947.1
T000159,1984-10-31,974.2294,1079.9167,941.5584,905.5998,850.6139,961.7
T000159,1985-01-31,987.95703,1089.0408,955.01355,919.558,861.25806,972.3
T000159,1985-04-30,996.64777,1090.6096,967.44543,936.25775,881.261,986.8
T000159,1985-07-31,1009.83704,1099.8602,980.1593,948.2264,896.3443,993.7
T000159,1985-10-31,1015.1162,1097.7656,990.5399,962.7798,915.7318,1026.5
T000159,1986-01-31,1048.828,1143.6768,1011.4783,973.357,933.93146,1046.5
T000159,1986-04-30,1070.0997,1169.4655,1037.3405,987.86584,950.69464,1067.6
T000159,1986-07-31,1092.8086,1198.3505,1057.9366,995.2828,958.9484,1087.7
T000159,1986-10-31,1115.2811,1231.1803,1078.4945,1028.5493,979.8957,1122.3
T000159,1987-01-31,1152.7094,1282.1729,1106.454,1048.3193,981.50037,1146.6
T000159,1987-04-30,1179.5056,1320.1216,1135.4711,1069.1759,1016.28253,1169.3
T000159,1987-07-31,1204.4401,1350.0328,1158.9038,1089.8134,1029.8004,1208.6
T000159,1987-10-31,1247.7668,1412.94,1190.6013,1124.7401,1057.2231,1253.5
T000159,1988-01-31,1296.6683,1478.812,1232.9368,1148.6115,1068.2261,1273.0
T000159,1988-04-30,1316.9738,1497.8655,1264.0695,1171.7579,1100.1344,1302.1
T000159,1988-07-31,1348.4023,1537.0737,1288.7728,1211.7123,1119.7264,1326.1
T000159,1988-10-31,1373.4751,1560.7749,1315.1085,1256.6882,1146.1729,1360.0
T000159,1989-01-31,1407.1145,1596.3296,1344.4745,1275.2142,1171.8485,1386.4
T000159,1989-04-30,1432.3671,1619.5835,1374.3093,1304.1383,1222.1993,1424.2
T000159,1989-07-31,1471.5204,1661.7844,1406.8884,1328.3456,1240.9526,1439.4
T000159,1989-10-31,1486.3948,1667.5756,1432.4387,1362.4602,1260.8868,1468.4
T000160,1975-10-31,0.1326124,0.08693472,0.02436807,0.16884193,0.42941806,48.6
T000160,1976-01-31,51.754597,90.12666,48.620922,52.437874,55.96888,49.3
T000160,1976-04-30,52.452164,94.56261,48.979412,52.004936,48.452736,50.4
T000160,1976-07-31,53.388763,104.46782,49.89622,53.868935,41.853798,52.8
T000160,1976-10-31,55.9613,117.826775,51.700848,51.51003,33.028023,53.9
T000160,1977-01-31,56.871338,107.13849,53.39622,51.36057,25.591402,55.2
T000160,1977-04-30,57.882504,109.46953,54.60463,50.517467,30.945692,55.7
T000160,1977-07-31,57.97056,96.557205,55.471012,52.943535,25.330282,58.1
T000160,1977-10-31,60.097137,94.330696,57.00085,54.015686,37.367832,59.2
T000160,1978-01-31,61.777546,84.31038,58.696224,55.28622,24.657795,60.4
T000160,1978-04-30,62.47228,70.793724,59.85043,55.818256,52.75747,61.1
T000160,1978-07-31,63.243187,71.50274,60.779415,58.229916,53.60594,62.0
T000160,1978-10-31,64.01176,71.48307,61.58782,59.319187,53.48491,64.1
T000160,1979-01-31,66.01678,74.10098,63.138245,60.486435,57.118893,65.6
T000160,1979-04-30,67.53859,75.53489,64.91303,61.179398,57.834602,67.6
T000160,1979-07-31,69.70758,78.49426,66.68404,62.112045,59.590225,65.4
T000160,1979-10-31,67.334274,73.653244,66.568146,64.184364,58.528774,71.4
T000160,1980-01-31,73.54255,83.29571,68.65212,65.525444,61.767986,71.4
T000160,1980-04-30,73.56924,82.293945,71.42437,65.84204,63.023148,73.9
T000160,1980-07-31,76.16975,85.69243,72.75505,67.76728,64.776215,76.9
T000160,1980-10-31,79.724884,91.95987,75.52606,71.604675,65.48858,80.4
T000160,1981-01-31,83.47823,95.92643,78.79707,71.60557,66.16162,76.4
T000160,1981-04-30,79.241264,88.944885,78.523895,74.03768,69.58442,79.4
T000160,1981-07-31,82.08279,92.225334,78.02606,76.56597,68.41349,79.1
T000160,1981-10-31,81.65524,90.1212,79.25929,77.34832,72.176254,77.5
T000160,1982-01-31,79.50081,84.36253,78.34956,77.84819,70.39519,80.9
T000160,1982-04-30,82.5797,88.9457,79.342865,79.22688,76.31887,80.1
T000160,1982-07-31,81.59352,84.552505,80.52478,79.196396,74.644,80.2
T000160,1982-10-31,81.289185,84.14462,80.1542,79.43491,78.16471,85.2
T000160,1983-01-31,86.34598,92.21734,82.9101,80.17278,78.813385,86.6
T000160,1983-04-30,88.016945,93.756905,85.958824,80.37919,82.33306,90.5
T000160,1983-07-31,92.66051,103.184654,88.71388,81.044785,80.04786,90.7
T000160,1983-10-31,93.185646,103.30527,90.608406,85.44397,79.316284,92.2
T000160,1984-01-31,95.01048,105.93509,91.51303,86.844376,80.82128,92.0
T000160,1984-04-30,94.83153,105.7014,92.10619,90.696785,82.35077,91.6
T000160,1984-07-31,93.92588,101.77516,91.81239,90.79125,84.149765,91.7
T000160,1984-10-31,93.99071,101.20898,91.6542,91.633995,86.76412,89.7
T000160,1985-01-31,91.45831,94.35526,90.76195,92.04185,84.30251,90.7
T000160,1985-04-30,91.80709,93.49146,90.24202,91.97404,88.7718,90.7
T000160,1985-07-31,91.45954,91.46025,90.724365,91.022285,88.46335,84.5
T000160,1985-10-31,85.72314,78.42277,87.79204,91.59093,89.43705,93.6
T000160,1986-01-31,94.95536,95.32998,89.43239,91.03589,92.996185,96.5
T000160,1986-04-30,97.71391,99.719055,95.17186,90.913086,94.57585,98.7
T000160,1986-07-31,100.09202,105.12554,97.692444,90.87193,94.978386,103.7
T000160,1986-10-31,106.377975,118.49327,101.4101,93.88081,94.539696,106.4
T000160,1987-01-31,109.73749,122.73198,105.16346,96.82627,92.35555,109.2
T000160,1987-04-30,113.17707,130.68884,107.91766,98.98967,94.02359,111.8
T000160,1987-07-31,116.0798,134.28575,110.60925,104.01993,93.92919,117.6
T000160,1987-10-31,122.79387,144.33562,114.94372,106.65101,99.99879,124.9
T000160,1988-01-31,131.12823,157.1712,121.556755,109.458694,98.63012,123.0
T000160,1988-04-30,128.51254,149.38966,124.00885,112.12596,102.261604,121.2
T000160,1988-07-31,126.45128,144.46747,122.155754,117.906555,104.267166,118.1
T000160,1988-10-31,122.52141,134.82477,119.74601,119.089294,103.26652,114.9
T000160,1989-01-31,117.89032,122.555336,116.59911,119.291626,107.727875,115.0
T000160,1989-04-30,117.44553,118.49809,114.9542,119.365585,109.89637,116.1
T000160,1989-07-31,118.46436,115.51932,115.59622,117.011345,113.10355,103.1
T000160,1989-10-31,106.771324,89.32934,110.002655,116.21387,111.9902,106.0
T000161,1975-10-31,0.1326124,0.08693472,0.02436807,0.16884193,0.42941806,69.8
T000161,1976-01-31,74.28306,129.40326,69.82093,75.33902,80.19598,71.1
T000161,1976-04-30,75.66585,136.37085,70.50462,74.6951,69.71868,72.6
T000161,1976-07-31,76.910164,150.46245,71.91303,77.66021,60.505722,75.1
T000161,1976-10-31,79.56109,167.90189,73.95505,74.23947,47.51478,76.3
T000161,1977-01-31,80.42158,151.80917,75.75042,74.020515,36.591213,79.1
T000161,1977-04-30,82.83429,156.63068,77.81766,72.74901,44.72798,80.0
T000161,1977-07-31,83.136215,138.28342,79.58782,75.26647,36.33762,79.4
T000161,1977-10-31,81.96826,127.80033,79.71858,76.45932,52.43558,80.1
T000161,1978-01-31,83.3073,111.76488,79.77941,79.26502,33.239258,83.6
T000161,1978-04-30,85.83486,94.93094,81.99707,79.50544,74.68281,85.1
T000161,1978-07-31,87.32083,96.22755,84.41303,80.10705,77.55485,88.1
T000161,1978-10-31,90.51375,100.69496,86.72606,80.23349,78.1976,89.4
T000161,1979-01-31,91.99167,102.30224,88.80463,83.80412,79.461075,89.9
T000161,1979-04-30,92.44743,102.11479,89.67101,85.296844,78.39541,91.3
T000161,1979-07-31,93.72203,103.826035,90.65884,88.29508,82.52598,92.6
T000161,1979-10-31,95.01773,104.57213,92.00462,89.528946,83.92213,98.1
T000161,1980-01-31,101.038666,113.96124,95.581116,90.09742,87.13172,101.2
T000161,1980-04-30,104.47968,118.28051,99.78026,91.46411,87.26692,103.8
T000161,1980-07-31,107.30115,121.845436,102.60925,92.82911,88.68777,106.9
T000161,1980-10-31,110.84439,127.414055,105.48027,98.42972,89.30427,110.3
T000161,1981-01-31,114.43293,131.71477,108.742874,101.491844,91.02172,111.4
T000161,1981-04-30,115.64643,132.98145,110.896225,104.03138,96.3967,110.7
T000161,1981-07-31,114.80982,129.82422,111.071686,107.1183,97.62907,108.2
T000161,1981-10-31,111.86304,122.6142,109.52743,108.47114,98.282104,106.3
T000161,1982-01-31,109.1139,115.042076,107.30885,109.0833,98.7595,109.4
T000161,1982-04-30,111.30198,115.96634,107.98027,110.08696,103.400475,111.5
T000161,1982-07-31,113.01017,116.42816,110.53824,109.72204,106.6242,115.8
T000161,1982-10-31,117.4505,123.0568,113.83069,109.48391,110.130035,119.8
T000161,1983-01-31,121.91462,130.53024,117.96809,109.562485,111.43634,121.4
T000161,1983-04-30,123.78646,133.5803,120.66724,111.76209,111.728226,124.3
T000161,1983-07-31,127.26712,140.66455,122.97186,116.10754,112.81463,129.8
T000161,1983-10-31,133.62584,151.11993,127.28112,120.102066,112.4196,135.3
T000161,1984-01-31,140.14835,161.65204,132.78111,121.65279,116.34734,136.5
T000161,1984-04-30,141.88824,163.52104,135.95042,124.593025,116.74283,138.6
T000161,1984-07-31,144.09349,165.34705,137.63824,130.1837,118.08538,137.0
T000161,1984-10-31,142.05362,159.42418,137.84956,135.6142,118.72386,136.0
T000161,1985-01-31,140.04134,152.99353,136.53098,136.18257,123.071945,136.2
T000161,1985-04-30,139.45688,149.31209,136.10841,136.5953,127.92318,137.5
T000161,1985-07-31,140.19785,147.09143,136.90463,136.8715,129.50436,138.4
T000161,1985-10-31,140.5289,145.69211,137.98781,137.0999,131.74405,145.2
T000161,1986-01-31,147.1269,155.02757,142.08572,137.18266,135.3433,151.2
T000161,1986-04-30,153.64229,165.24454,148.45212,137.80792,139.64268,156.2
T000161,1986-07-31,159.54486,175.58923,153.9101,138.71234,139.09662,161.9
T000161,1986-10-31,166.60991,188.39143,159.2895,145.63782,140.44398,171.9
T000161,1987-01-31,178.35648,207.89946,167.3202,151.66615,138.82416,174.8
T000161,1987-04-30,182.30354,214.02051,173.47186,156.6224,144.2186,178.8
T000161,1987-07-31,186.95877,220.43143,176.96808,162.49725,147.845,189.7
T000161,1987-10-31,198.99408,238.41466,184.70802,172.51253,154.5343,198.8
T000161,1988-01-31,208.8252,250.32446,194.63239,175.22264,156.32304,202.6
T000161,1988-04-30,212.66022,253.6669,200.8597,179.31706,166.68613,204.6
T000161,1988-07-31,214.66635,253.13881,203.68405,190.38655,167.04927,202.5
T000161,1988-10-31,211.77893,243.4104,203.61505,199.3725,170.02861,203.8
T000161,1989-01-31,211.58624,238.17245,203.20462,202.80647,177.58118,205.8
T000161,1989-04-30,211.95335,233.15186,204.88405,202.83392,187.5002,206.0
T000161,1989-07-31,211.35655,226.80763,205.9084,203.88268,191.59464,201.7
T000161,1989-10-31,205.89424,213.54388,203.98318,204.50578,190.80515,194.6
T000162,1969-10-31,0.1326124,0.08693472,0.02436807,0.16884193,0.42941806,77.0
T000162,1970-01-31,81.93441,142.74246,77.02093,83.11676,88.42403,78.0
T000162,1970-04-30,82.98001,149.61464,77.54202,82.392944,76.718506,65.0
T000162,1970-07-31,70.41885,138.40356,71.90266,83.46579,60.932312,84.0
T000162,1970-10-31,90.28303,186.70648,75.29839,80.759544,53.72341,84.0
T000162,1971-01-31,89.361336,165.10516,84.02437,79.31274,42.210556,85.0
T000162,1971-04-30,89.66462,166.50305,84.54202,78.25416,51.092926,70.0
T000162,1971-07-31,75.17787,123.143906,77.96461,80.7,33.983425,91.0
T000162,1971-10-31,95.21978,146.03984,81.38244,84.49949,56.651154,92.0
T000162,1972-01-31,96.58346,131.81917,91.54202,84.53471,43.8958,92.0
T000162,1972-04-30,94.76089,104.534225,92.02437,85.271866,82.3603,75.0
T000162,1972-07-31,81.34472,81.41838,84.02655,88.14883,84.96479,98.0
T000162,1972-10-31,103.28057,116.73283,87.46648,91.56702,75.892105,97.0
T000162,1973-01-31,100.43883,111.44961,97.530975,92.63374,91.21119,99.0
T000162,1973-04-30,101.73289,111.33588,98.08404,92.27868,89.2344,80.0
T000162,1973-07-31,86.91632,85.184235,90.0885,95.25153,92.02807,105.0
T000162,1973-10-31,110.61226,123.81381,93.55052,97.619896,82.392,101.0
T000162,1974-01-31,104.54612,113.479126,103.12389,98.89191,97.56121,106.0
T000162,1974-04-30,108.675476,117.78783,103.710106,99.23235,95.64579,86.0
T000162,1974-07-31,93.308975,91.50324,96.61948,102.12019,99.138405,111.0
T000162,1974-10-31,116.68354,129.29321,99.55052,101.93883,87.47664,112.0
T000162,1975-01-31,115.97828,129.6232,111.54202,105.5752,107.44556,115.0
T000162,1975-04-30,118.13979,129.41934,113.62606,106.25649,98.39476,94.0
T000162,1975-07-31,101.74128,102.66645,105.150444,108.8007,105.20111,122.0
T000162,1975-10-31,128.573,146.20773,109.17658,111.69492,92.55506,123.0
T000162,1976-01-31,127.69357,144.88504,122.54202,112.9251,114.66961,125.0
T000162,1976-04-30,128.8631,143.94527,124.08404,115.31672,107.79642,99.0
T000162,1976-07-31,107.73288,106.549355,112.80531,119.51921,113.53102,129.0
T000162,1976-10-31,136.14838,152.71338,115.26062,122.85043,100.17126,129.0
T000162,1977-01-31,133.70625,147.9258,129.02437,124.19068,122.06977,130.0
T000162,1977-04-30,133.36163,142.92432,129.54202,125.734985,118.24864,101.0
T000162,1977-07-31,110.45854,102.01159,116.39824,130.24928,123.199524,134.0
T000162,1977-10-31,141.21736,152.5589,118.88669,129.95561,108.85359,132.0
T000162,1978-01-31,136.54233,144.51878,133.06195,131.147,132.61658,136.0
T000162,1978-04-30,139.15198,145.48586,134.16808,130.8834,126.77616,106.0
T000162,1978-07-31,116.05094,105.53172,121.92921,134.91498,132.602,139.0
T000162,1978-10-31,146.39278,156.82547,123.88669,133.14697,113.81457,133.0
T000162,1979-01-31,137.8024,142.88214,136.18584,135.62096,137.49545,144.0
T000162,1979-04-30,147.29375,155.67552,138.96223,133.35098,130.57791,114.0
T000162,1979-07-31,124.200066,116.97603,129.92921,137.54625,138.23984,151.0
T000162,1979-10-31,159.09044,175.74881,134.05476,134.2722,117.88974,147.0
T000163,1969-10-31,0.1326124,0.08693472,0.02436807,0.16884193,0.42941806,75.0
T000163,1970-01-31,79.80902,139.03714,75.02093,80.95628,86.13846,74.0
T000163,1970-04-30,78.645164,142.07245,74.530975,79.13282,73.2975,61.0
T000163,1970-07-31,66.31796,130.4503,67.90266,80.17173,58.128853,80.0
T000163,1970-10-31,86.11975,178.04665,71.29839,77.53285,51.614273,83.0
T000163,1971-01-31,88.395004,162.23322,81.62606,76.25201,41.29374,81.0
T000163,1971-04-30,85.68219,158.81854,82.06195,75.24879,48.937687,63.0
T000163,1971-07-31,68.4662,110.84561,72.557526,77.78262,31.405735,88.0
T000163,1971-10-31,92.61521,141.8461,76.55052,80.66345,55.406708,93.0
T000163,1972-01-31,97.769165,134.26276,90.710106,81.70769,42.54064,90.0
T000163,1972-04-30,93.24343,103.66702,91.59292,83.361145,79.722984,70.0
T000163,1972-07-31,77.41063,76.750694,80.61948,84.716286,79.90446,98.0
T000163,1972-10-31,104.32509,120.82336,85.17658,88.85028,73.4593,100.0
T000163,1973-01-31,104.274376,119.875305,99.08404,90.944756,88.97849,99.0
T000163,1973-04-30,102.50241,114.459595,99.530975,93.52543,87.323166,79.0
T000163,1973-07-31,87.48981,88.43647,89.61948,93.493416,89.37576,110.0
T000163,1973-10-31,117.43624,137.2067,95.80264,98.72791,79.71127,104.0
T000163,1974-01-31,108.50566,121.00497,107.185844,99.96307,96.33922,104.0
T000163,1974-04-30,107.16898,115.864685,104.02437,100.4439,95.54516,85.0
T000163,1974-07-31,93.690025,92.28956,95.0885,103.25503,98.976555,112.0
T000163,1974-10-31,118.52632,131.25723,99.63456,105.295494,84.45537,113.0
T000163,1975-01-31,117.00709,129.7905,112.54202,105.05448,107.48274,116.0
T000163,1975-04-30,119.354614,129.63997,114.62606,104.35807,103.04222,90.0
T000163,1975-07-31,98.96164,94.77859,103.80531,108.59814,107.51632,122.0
T000163,1975-10-31,129.0026,145.3998,107.344666,112.82676,91.56336,128.0
T000163,1976-01-31,132.8139,151.81644,125.25212,113.992645,121.66567,126.0
T000163,1976-04-30,130.22748,144.65738,127.06195,116.38856,109.97477,98.0
T000163,1976-07-31,107.84075,107.221275,112.86726,120.57257,112.74133,135.0
T000163,1976-10-31,143.40277,164.69458,118.05477,123.123405,101.447624,139.0
T000163,1977-01-31,144.88152,166.27551,137.16808,127.068085,126.06656,138.0
T000163,1977-04-30,142.67783,159.13588,138.53098,128.59189,118.94107,102.0
T000163,1977-07-31,113.75584,106.82806,121.11505,133.04607,123.44147,142.0
T000163,1977-10-31,151.38208,169.5094,123.68083,136.42476,110.60659,138.0
T000163,1978-01-31,143.54865,154.15837,140.1239,141.56847,134.55898,141.0
T000163,1978-04-30,144.75566,151.1394,139.62607,140.20593,133.18549,105.0
T000163,1978-07-31,117.387146,102.53892,124.11505,145.39133,136.71988,145.0
T000163,1978-10-31,154.1213,163.04758,126.68083,139.63403,118.33461,131.0
T000163,1979-01-31,137.06102,133.17958,138.43362,142.91173,144.43182,149.0
T000163,1979-04-30,152.92282,156.86316,140.75638,138.50774,139.68422,114.0
T000163,1979-07-31,126.10855,112.98087,132.58408,137.5627,149.3656,158.0
T000163,1979-10-31,167.25546,183.2682,137.8489,132.99092,122.14105,150.0
T000164,1976-10-31,0.1326124,0.08693472,0.02436807,0.16884193,0.42941806,20.0
T000164,1977-01-31,21.364376,37.140324,20.020924,21.543447,23.285164,21.0
T000164,1977-04-30,22.39503,40.264576,20.54202,21.41358,20.253944,23.0
T000164,1977-07-31,24.508171,47.305264,22.084042,22.893867,18.69431,24.0
T000164,1977-10-31,25.569181,53.04002,23.54202,21.989916,14.719009,27.0
T000164,1978-01-31,28.8186,53.796165,25.626062,23.450443,13.579118,30.0
T000164,1978-04-30,32.092667,59.645233,28.626062,23.131556,15.705743,32.0
T000164,1978-07-31,34.15894,57.857155,31.084042,24.18934,13.300351,30.0
T000164,1978-10-31,32.06224,52.12686,31.061947,27.167883,16.301895,26.0
T000164,1979-01-31,28.204521,39.009857,28.123894,27.855722,10.505096,25.0
T000164,1979-04-30,26.798302,29.119934,25.530973,28.111395,20.783102,23.0
T000164,1979-07-31,24.446745,21.937918,24.061947,27.091007,21.193005,22.0
T000164,1979-10-31,23.734756,17.465088,22.530973,26.053463,23.921383,22.0
T000164,1980-01-31,24.292269,16.011436,22.024368,23.889349,25.232613,22.0
T000164,1980-04-30,24.478037,14.505131,22.024368,22.6263,27.607946,23.0
T000164,1980-07-31,25.30348,16.764433,22.54202,22.368326,27.062374,37.0
T000164,1980-10-31,39.095596,43.854206,30.588291,22.54593,31.89806,47.0
T000164,1981-01-31,50.27678,66.03323,42.420208,22.81611,32.45992,62.0
T000164,1981-04-30,68.006714,99.372246,55.13031,23.806002,30.573257,68.0
T000164,1981-07-31,77.01227,116.56279,65.25212,37.860035,25.391523,75.0
T000164,1981-10-31,85.91169,131.43713,71.79414,48.04363,19.077932,75.0
T000164,1982-01-31,86.66656,132.79335,75.02437,62.894592,31.264748,73.0
T000164,1982-04-30,83.98006,122.840454,74.06195,68.52256,37.53546,75.0
T000164,1982-07-31,85.38014,120.76932,74.08404,73.302605,47.583935,76.0
T000164,1982-10-31,84.87281,110.82828,75.54202,75.134186,46.799828,86.0
T000164,1983-01-31,93.24893,118.53755,81.420204,75.29738,61.35726,91.0
T000164,1983-04-30,97.2594,119.74732,88.710106,75.32494,64.514626,95.0
T000164,1983-07-31,100.36497,121.60717,93.16808,76.36073,71.51585,90.0
T000164,1983-10-31,94.95192,111.85278,92.65487,86.341446,68.645386,90.0
T000164,1984-01-31,94.166306,107.78706,90.02437,90.31447,70.82066,99.0
T000164,1984-04-30,103.42902,122.90688,94.87819,90.9323,85.80322,115.0
T000164,1984-07-31,120.888275,148.43729,107.67233,92.36633,88.73931,157.0
T000164,1984-10-31,168.37732,227.36047,137.76488,96.61885,101.40106,175.0
T000164,1985-01-31,191.14789,263.86996,166.75638,100.26417,94.78928,177.0
T000164,1985-04-30,196.02448,272.9192,176.08405,116.80011,91.05467,177.0
T000164,1985-07-31,197.86365,277.29547,177.02437,159.24164,83.875755,191.0
T000164,1985-10-31,211.84503,292.70233,184.58829,176.71362,101.75036,164.0
T000164,1986-01-31,182.05429,234.08728,178.33629,178.81331,123.45839,162.0
T000164,1986-04-30,177.75449,213.16455,163.06195,180.15784,123.97911,142.0
T000164,1986-07-31,156.57619,156.21625,152.61948,168.5375,128.81659,99.0
T000164,1986-10-31,113.15031,48.25241,121.83187,170.0283,123.816025,80.0
T000164,1987-01-31,101.00943,-3.1434174,90.0885,152.18526,154.8488,60.0
T000164,1987-04-30,87.17799,-60.310272,70.61948,113.15948,167.47682,58.0
T000164,1987-07-31,89.25451,-64.6342,59.061947,91.41418,184.67615,62.0
T000164,1987-10-31,94.25297,-51.221283,60.168083,72.86724,153.76106,70.0
T000165,1974-10-31,0.1326124,0.08693472,0.02436807,0.16884193,0.42941806,54.0
T000165,1975-01-31,57.492916,100.13107,54.020924,58.271187,62.139927,65.0
T000165,1975-04-30,69.96266,124.45229,59.962227,57.855705,58.352757,79.0
T000165,1975-07-31,85.18508,160.17673,72.58829,70.26062,64.81504,79.0
T000165,1975-10-31,85.19582,172.49854,79.02437,68.307785,50.671356,71.0
T000165,1976-01-31,77.385544,147.09265,75.24779,72.415665,38.35421,65.0
T000165,1976-04-30,70.72572,134.2562,68.185844,67.357605,33.758034,59.0
T000165,1976-07-31,63.096874,101.70754,62.18584,67.45089,25.110737,52.0
T000165,1976-10-31,56.03576,75.667366,55.716816,67.656876,40.041344,55.0
T000165,1977-01-31,61.144306,62.254314,53.62606,61.93623,32.509846,59.0
T000165,1977-04-30,65.24847,48.28688,57.168083,61.12089,61.100197,66.0
T000165,1977-07-31,71.68536,57.96324,62.794144,59.37152,72.5233,73.0
T000165,1977-10-31,77.780235,73.06016,69.79414,59.257214,79.99314,79.0
T000165,1978-01-31,83.034645,90.216286,76.25212,59.43768,79.13865,81.0
T000165,1978-04-30,85.35285,102.33156,80.08404,66.503395,72.547485,83.0
T000165,1978-07-31,88.21182,109.86195,82.08404,73.54844,66.64423,79.0
T000165,1978-10-31,84.68074,104.0172,81.12389,79.30414,64.06163,79.0
T000165,1979-01-31,84.45162,101.55979,79.02437,79.42058,62.954548,81.0
T000165,1979-04-30,85.64493,99.37853,80.08404,79.77002,68.46017,87.0
T000165,1979-07-31,90.92886,103.620834,84.25212,81.32662,71.84039,95.0
T000165,1979-10-31,98.93718,114.94491,91.33617,81.3209,77.28859,108.0
T000165,1980-01-31,113.03082,136.66411,102.04627,81.57457,82.46164,114.0
T000165,1980-04-30,120.44989,149.2514,111.25212,87.53966,83.58668,127.0
T000165,1980-07-31,135.51794,175.34991,121.04627,95.76712,84.32489,143.0
T000165,1980-10-31,154.36398,207.0928,135.67233,108.84748,90.1365,143.0
T000165,1981-01-31,155.7836,207.1162,143.02437,114.82151,90.67096,154.0
T000165,1981-04-30,168.16734,227.16736,148.96223,128.01817,102.376656,143.0
T000165,1981-07-31,156.19131,199.71999,148.84071,143.66806,100.064445,129.0
T000165,1981-10-31,139.4176,162.78227,136.43362,147.30386,104.54993,119.0
T000165,1982-01-31,127.284874,132.81067,124.30974,147.88654,105.88926,115.0
T000165,1982-04-30,121.76634,105.472534,117.12389,134.15857,114.20201,110.0
T000165,1982-07-31,118.37385,87.61507,112.65487,123.90665,124.66503,114.0
T000165,1982-10-31,123.576805,85.10418,112.16808,118.88803,131.78802,127.0
T000165,1983-01-31,136.88875,107.70859,121.04627,116.59875,150.48854,140.0
T000165,1983-04-30,147.83417,136.43114,134.04626,115.71711,148.34534,153.0
T000165,1983-07-31,159.71074,169.71432,147.04626,115.627396,155.41617,164.0
T000165,1983-10-31,171.77486,203.71759,158.96223,127.87731,146.4508,164.0
T000165,1984-01-31,174.07826,214.18076,164.02437,141.00484,132.76932,168.0
T000165,1984-04-30,179.4748,225.71158,166.16808,153.97766,122.43162,183.0
T000165,1984-07-31,195.82875,250.39934,176.13031,164.8748,137.35162,188.0
T000165,1984-10-31,201.44373,253.31895,185.7101,164.46545,139.96059,183.0
T000165,1985-01-31,195.36148,237.27832,185.65486,168.45152,146.96758,182.0
T000165,1985-04-30,192.51405,225.03876,182.53098,182.64456,148.29875,179.0
T000165,1985-07-31,186.61436,206.40129,180.59293,183.79694,153.66022,164.0
T000165,1985-10-31,168.60603,167.66408,171.9646,183.79526,154.38068,160.0
T000165,1986-01-31,164.82704,151.5202,162.1239,182.1162,161.63835,171.0
T000165,1986-04-30,176.61916,164.61325,165.96223,174.46059,172.4395,184.0
T000165,1986-07-31,189.0255,182.85541,178.04626,172.80153,184.07007,183.0
T000166,1976-10-31,0.1326124,0.08693472,0.02436807,0.16884193,0.42941806,8.0
T000166,1977-01-31,8.6161175,14.908289,8.020796,8.583405,9.571715,8.0
T000166,1977-04-30,8.596007,15.434311,8.024368,8.510465,8.354268,7.0
T000166,1977-07-31,7.532287,14.817543,7.5309734,8.680378,6.511649,6.0
T000166,1977-10-31,6.606565,14.35475,6.5309734,7.2145014,4.2893853,5.0
T000166,1978-01-31,5.6054935,10.128739,5.5309734,7.805865,2.9027762,6.0
T000166,1978-04-30,6.5938225,11.477592,5.542021,6.4448705,3.8152068,6.0
T000166,1978-07-31,6.5546765,9.128358,6.0243683,6.351856,3.013644,6.0
T000166,1978-10-31,6.630788,8.356092,6.0243683,6.1537824,4.9712553,7.0
T000166,1979-01-31,7.69424,9.013792,6.542021,6.0193896,3.1371007,7.0
T000166,1979-04-30,7.4312587,6.779489,7.0243683,6.0304327,7.3179646,8.0
T000166,1979-07-31,8.32239,9.446078,7.542021,6.0496974,7.7590876,7.0
T000166,1979-10-31,7.3606877,8.214485,7.5309734,7.025557,6.415387,7.0
T000166,1980-01-31,7.402111,8.458219,7.0243683,7.069547,6.1808577,7.0
T000166,1980-04-30,7.422019,8.527766,7.0243683,7.1272316,6.038431,7.0
T000166,1980-07-31,7.212795,7.4599147,7.0243683,7.1271286,6.4414515,7.0
T000166,1980-10-31,7.273706,7.58559,7.0243683,7.148912,6.9697824,6.0
T000166,1981-01-31,6.2873163,5.2084823,6.5309734,7.197637,6.120961,7.0
T000166,1981-04-30,7.296165,6.843876,6.542021,7.1159697,7.532818,6.0
T000166,1981-07-31,6.2745857,4.7906547,6.5309734,7.279378,6.7303977,9.0
T000166,1981-10-31,9.314698,10.226407,7.6260624,7.0436006,8.768938,10.0
T000166,1982-01-31,10.5606985,12.9045925,9.542021,7.066337,8.261957,13.0
T000166,1982-04-30,13.919282,18.647545,11.626062,7.101957,8.682519,14.0
T000166,1982-07-31,15.453665,22.002228,13.542021,9.1287775,8.065643,14.0
T000166,1982-10-31,15.623419,21.790936,14.024368,10.175376,6.210967,15.0
T000166,1983-01-31,16.841944,24.46526,14.542021,13.181345,9.19868,16.0
T000166,1983-04-30,17.866259,25.06903,15.542021,14.108641,8.456856,18.0
T000166,1983-07-31,19.940596,27.959232,17.084042,14.099188,12.519597,20.0
T000166,1983-10-31,22.163887,30.710733,19.084042,15.083576,11.363434,28.0
T000166,1984-01-31,30.808918,44.144234,24.336166,16.283045,14.853052,32.0
T000166,1984-04-30,35.538757,51.431545,30.168083,18.228071,14.90771,35.0
T000166,1984-07-31,39.095398,56.975056,33.62606,20.326244,15.515744,36.0
T000166,1984-10-31,40.732025,59.863205,35.54202,28.428753,16.342861,36.0
T000166,1985-01-31,40.71783,57.987415,36.02437,32.342617,16.024233,39.0
T000166,1985-04-30,43.5711,61.668106,37.62606,35.267914,24.590557,45.0
T000166,1985-07-31,49.67259,68.92852,42.252125,36.17477,26.699604,54.0
T000166,1985-10-31,59.516853,82.95148,49.878185,36.529797,32.749054,60.0
T000166,1986-01-31,66.220726,92.274765,57.252125,39.34275,32.083214,64.0
T000166,1986-04-30,70.527214,97.70506,62.168083,45.54326,33.48,69.0
T000166,1986-07-31,76.164154,106.141754,66.710106,54.630177,36.17172,71.0
T000166,1986-10-31,78.27777,107.386375,70.08404,60.528507,40.796608,64.0
T000166,1987-01-31,70.558495,91.81703,67.71681,64.276184,45.409237,68.0
T000166,1987-04-30,74.16478,94.6019,66.16808,64.7359,49.967964,60.0
T000166,1987-07-31,64.802925,72.37572,64.24779,65.09656,47.891586,53.0
T000166,1987-10-31,56.42469,51.498005,56.716816,65.69845,49.89323,52.0
T000166,1988-01-31,55.797085,44.1811,52.530975,62.467796,56.50171,42.0
T000166,1988-04-30,47.120693,18.166073,47.30974,55.588623,58.564747,42.0
T000166,1988-07-31,48.553787,17.718311,42.02437,55.048115,66.35353,43.0
T000166,1988-10-31,49.972363,17.567501,42.54202,44.961,64.0807,41.0
T000167,1976-10-31,0.1326124,0.08693472,0.02436807,0.16884193,0.42941806,50.0
T000167,1977-01-31,53.242306,92.7204,50.020924,53.95022,57.568783,50.0
T000167,1977-04-30,53.19793,96.00804,50.02437,53.445286,49.959732,49.0
T000167,1977-07-31,51.895966,102.121,49.530975,54.615784,41.540245,51.0
T000167,1977-10-31,54.021576,114.68439,50.08404,52.123955,32.826324,54.0
T000167,1978-01-31,56.890003,106.69766,52.62606,51.05231,25.054287,56.0
T000167,1978-04-30,58.594784,110.21935,55.08404,50.123474,31.080853,58.0
T000167,1978-07-31,60.465527,100.576996,57.08404,51.138035,24.648718,59.0
T000167,1978-10-31,61.352455,96.46196,58.54202,54.207542,35.84197,59.0
T000167,1979-01-31,61.80503,84.513145,59.02437,56.177433,23.995722,59.0
T000167,1979-04-30,61.013485,68.63504,59.02437,58.130608,52.504955,60.0
T000167,1979-07-31,61.97327,69.20377,59.54202,59.088345,54.11255,63.0
T000167,1979-10-31,65.14048,73.3887,61.62606,59.113968,55.47775,67.0
T000167,1980-01-31,69.28285,78.96744,65.16808,59.248394,57.126286,74.0
T000167,1980-04-30,76.96084,91.01075,70.79414,60.311474,59.49647,79.0
T000167,1980-07-31,82.86761,100.5553,76.710106,63.29562,59.4073,87.0
T000167,1980-10-31,92.133514,116.062675,83.33617,67.432434,60.93306,93.0
T000167,1981-01-31,99.46599,128.23233,90.25212,74.47162,62.88357,100.0
T000167,1981-04-30,107.69111,141.00967,96.79414,79.5184,66.01394,104.0
T000167,1981-07-31,112.571266,148.15411,102.16808,87.56832,71.59032,103.0
T000167,1981-10-31,111.47334,142.91855,103.530975,93.51297,72.021774,100.0
T000167,1982-01-31,107.657326,133.07642,101.59292,100.35582,77.232346,99.0
T000167,1982-04-30,105.25673,123.50065,99.530975,100.76811,79.23664,100.0
T000167,1982-07-31,104.69927,117.07474,99.54202,100.6265,88.12076,97.0
T000167,1982-10-31,100.40973,104.58373,98.59292,100.73924,88.761116,104.0
T000167,1983-01-31,106.62481,111.96251,100.79414,100.31417,97.203835,115.0
T000167,1983-04-30,117.889824,129.0779,109.96223,100.58917,102.203125,122.0
T000167,1983-07-31,125.43996,141.15704,118.79414,100.432106,104.9773,133.0
T000167,1983-10-31,138.43658,165.82486,127.96223,104.51785,109.3492,145.0
T000167,1984-01-31,153.27454,191.2555,139.50424,115.74999,106.758354,152.0
T000167,1984-04-30,162.33379,207.18318,148.79414,122.73354,104.20835,161.0
T000167,1984-07-31,172.974,224.83728,156.87819,133.86685,112.45314,173.0
T000167,1984-10-31,186.6672,244.39343,167.50424,145.92331,120.274704,180.0
T000167,1985-01-31,194.70006,253.3444,176.79414,152.67357,122.99093,190.0
T000167,1985-04-30,204.81633,264.87488,185.42021,161.78282,134.53926,200.0
T000167,1985-07-31,214.89276,274.7559,195.42021,173.87688,142.45119,202.0
T000167,1985-10-31,216.302,270.0841,201.08405,180.72446,147.35393,200.0
T000167,1986-01-31,212.61711,257.76984,201.06195,190.6359,157.737,208.0
T000167,1986-04-30,219.36134,261.4892,204.33617,200.84111,168.38918,223.0
T000167,1986-07-31,234.14435,279.02747,216.13031,200.75076,179.5987,231.0
T000167,1986-10-31,241.83295,285.53418,227.33617,202.56816,189.46806,239.0
T000167,1987-01-31,250.2302,295.5937,235.33617,208.61972,193.49313,248.0
T000167,1987-04-30,260.02145,308.19913,243.87819,223.98944,195.25673,273.0
T000167,1987-07-31,286.6631,348.80276,261.5505,231.76375,207.09705,323.0
T000167,1987-10-31,342.10757,439.00677,300.10104,240.92406,234.54921,367.0
T000167,1988-01-31,394.1243,522.9058,346.8489,250.27168,243.13304,414.0
T000167,1988-04-30,450.99078,618.58527,392.47498,275.63358,246.52338,462.0
T000167,1988-07-31,508.15808,711.51746,440.017,326.43655,240.24901,475.0
T000167,1988-10-31,525.4153,730.7682,469.04626,370.64905,254.49028,484.0
T000168,1976-10-31,0.1326124,0.08693472,0.02436807,0.16884193,0.42941806,5.13
T000168,1977-01-31,5.5690584,9.591128,5.149536,5.485558,6.291917,5.16
T000168,1977-04-30,5.487264,9.89839,5.1462607,5.488663,5.095065,5.17
T000168,1977-07-31,5.469896,10.741052,5.16542,5.6409736,4.3154755,5.2
T000168,1977-10-31,5.4985456,11.71627,5.1862607,5.376562,3.3405552,5.22
T000168,1978-01-31,5.4826922,10.367013,5.21084,5.308116,2.4549813,5.2
T000168,1978-04-30,5.3999033,10.268986,5.2106194,5.1716447,3.0509524,5.24
T000168,1978-07-31,5.382527,8.844627,5.2216806,5.2018137,2.333139,5.26
T000168,1978-10-31,5.368202,8.205018,5.25084,5.202427,3.6120548,5.27
T000168,1979-01-31,5.4169955,6.9675303,5.2654204,5.221271,2.157088,5.3
T000168,1979-04-30,5.3281817,5.4458942,5.2862606,5.2416363,5.184073,5.32
T000168,1979-07-31,5.3482475,5.458063,5.3108406,5.261837,5.2070904,5.34
T000168,1979-10-31,5.36935,5.490219,5.3308406,5.2717876,5.2269235,5.39
T000168,1980-01-31,5.4217105,5.5671124,5.3671007,5.3018513,5.2486196,5.43
T000168,1980-04-30,5.4678593,5.631587,5.4116807,5.321881,5.279309,5.45
T000168,1980-07-31,5.4931383,5.668661,5.4408402,5.342616,5.2690306,5.49
T000168,1980-10-31,5.535307,5.726806,5.4716806,5.393442,5.3025665,5.54
T000168,1981-01-31,5.5899334,5.801022,5.517101,5.433227,5.3290353,5.57
T000168,1981-04-30,5.6225314,5.8401546,5.556261,5.4526324,5.3610244,5.59
T000168,1981-07-31,5.643214,5.8571944,5.5808406,5.493288,5.400426,5.59
T000168,1981-10-31,5.64203,5.8316092,5.6143684,5.543271,5.408312,5.58
T000168,1982-01-31,5.625761,5.7773685,5.5853095,5.5720773,5.4267893,5.54
T000168,1982-04-30,5.573482,5.656508,5.561239,5.581211,5.4601326,5.53
T000168,1982-07-31,5.5549107,5.5897107,5.53531,5.580036,5.4813166,5.54
T000168,1982-10-31,5.5604773,5.5670075,5.53542,5.5474534,5.500676,5.54
T000168,1983-01-31,5.5557103,5.5263553,5.5643682,5.5482206,5.5155125,5.56
T000168,1983-04-30,5.5743775,5.548287,5.5508404,5.542832,5.553629,5.6
T000168,1983-07-31,5.6139235,5.6177316,5.581681,5.5415187,5.592217,5.6
T000168,1983-10-31,5.6121645,5.6280303,5.624368,5.541219,5.5952253,5.6
T000168,1984-01-31,5.612029,5.648504,5.624368,5.561502,5.580624,5.59
T000168,1984-04-30,5.6030746,5.642825,5.5953097,5.591242,5.568051,5.57
T000168,1984-07-31,5.5824757,5.6074038,5.5806193,5.598226,5.5407443,5.53
T000168,1984-10-31,5.542095,5.524787,5.551239,5.5972323,5.5308814,5.5
T000168,1985-01-31,5.517629,5.4446325,5.5159297,5.5815277,5.5381775,5.48
T000168,1985-04-30,5.505318,5.389023,5.490619,5.544489,5.552967,5.44
T000168,1985-07-31,5.4737163,5.2924833,5.461239,5.514029,5.5634637,5.45
T000168,1985-10-31,5.490268,5.3021936,5.44542,5.4939485,5.5943,5.49
T000168,1986-01-31,5.527665,5.382543,5.4716806,5.490488,5.5859175,5.54
T000168,1986-04-30,5.569757,5.4943724,5.517101,5.481687,5.600018,5.58
T000168,1986-07-31,5.60396,5.6127334,5.561681,5.4818587,5.5948424,5.63
T000168,1986-10-31,5.656132,5.7470837,5.607101,5.4930415,5.5765657,5.68
T000168,1987-01-31,5.7161965,5.8826466,5.6571007,5.5436807,5.5479507,5.69
T000168,1987-04-30,5.7345676,5.9230494,5.68542,5.5836277,5.50467,5.71
T000168,1987-07-31,5.761365,5.9699793,5.7008405,5.633788,5.5379877,5.72
T000168,1987-10-31,5.774287,5.9766846,5.7154202,5.6834865,5.5372224,5.73
T000168,1988-01-31,5.779869,5.9551044,5.72542,5.6917443,5.565814,5.74
T000168,1988-04-30,5.782842,5.9306955,5.7354198,5.71127,5.6076837,5.77
T000168,1988-07-31,5.8070855,5.937432,5.756261,5.72096,5.6368785,5.79
T000168,1988-10-31,5.8228493,5.942147,5.7808404,5.730983,5.668556,5.78
T000168,1989-01-31,5.805436,5.892894,5.78531,5.7413387,5.6787553,5.78
T000168,1989-04-30,5.8007765,5.873812,5.8043685,5.771515,5.713921,5.81
T000168,1989-07-31,5.83033,5.9108944,5.796261,5.7810073,5.7219667,5.83
T000168,1989-10-31,5.849145,5.9295745,5.8208404,5.781997,5.7607594,5.86
T000168,1990-01-31,5.8819165,5.9785495,5.846261,5.7910485,5.775721,5.9
T000168,1990-04-30,5.9280996,6.048731,5.881681,5.8117723,5.780654,5.91
T000168,1990-07-31,5.9403477,6.060428,5.90542,5.8320374,5.771794,5.94
T000168,1990-10-31,5.9717674,6.11023,5.926261,5.8626065,5.798056,5.97
T000168,1991-01-31,6.005124,6.156246,5.9562607,5.9026804,5.826168,5.98
T000168,1991-04-30,6.0176573,6.1658773,5.97542,5.911921,5.8386474,5.97
T000168,1991-07-31,6.0061088,6.136042,5.9753094,5.941716,5.861296,5.96
T000168,1991-10-31,5.990682,6.085002,5.9653096,5.9612036,5.862114,5.9
T000169,1967-01-31,0.1326124,0.08693472,0.02436807,0.16884193,0.42941806,99.0
T000169,1967-04-30,105.31408,183.5012,99.02093,106.882095,113.56535,99.4
T000169,1967-07-31,105.69553,190.68224,99.216805,105.91834,98.24675,100.6
T000169,1967-10-31,106.487785,208.8364,100.05042,108.68702,83.49181,100.6
T000169,1968-01-31,106.33842,226.6109,100.62437,103.56301,64.3804,99.4
T000169,1968-04-30,104.48398,197.71121,100.03717,102.24638,46.45489,100.0
T000169,1968-07-31,103.881615,197.67471,99.72521,99.579285,58.42031,101.4
T000169,1968-10-31,104.13957,170.79358,100.75883,100.22861,44.869083,101.4
T000169,1969-01-31,103.46432,157.84726,101.42437,100.630356,69.73602,99.4
T000169,1969-04-30,102.355194,130.31279,100.46195,100.229126,40.711258,99.8
T000169,1969-07-31,100.30721,100.341606,99.61681,100.158394,99.118675,100.8
T000169,1969-10-31,101.10524,101.44306,100.342026,100.33974,99.82059,100.0
T000169,1970-01-31,100.195244,99.32422,100.42478,100.265396,100.238365,98.0
T000169,1970-04-30,98.55832,96.17057,99.06195,100.229576,100.17077,97.6
T000169,1970-07-31,98.42655,95.324326,97.81239,99.87073,99.196144,99.8
T000169,1970-10-31,100.466866,98.694626,98.79244,100.29455,100.49791,99.8
T000169,1971-01-31,100.30081,98.33583,99.82437,100.14145,101.134415,99.0
T000169,1971-04-30,99.57195,97.820946,99.42478,99.12028,101.4063,99.4
T000170,1967-01-31,0.1326124,0.08693472,0.02436807,0.16884193,0.42941806,94.7
T000170,1967-04-30,100.744354,175.5347,94.720924,102.23705,108.651375,96.9
T000170,1967-07-31,103.153305,185.84607,95.89245,101.34886,94.78242,100.6
T000170,1967-10-31,106.70841,208.13556,98.90548,105.824234,83.2041,102.8
T000170,1968-01-31,108.960396,229.73213,101.79244,101.17344,64.903206,104.1
T000170,1968-04-30,109.840706,207.53748,103.50462,102.50505,51.09017,106.6
T000170,1968-07-31,111.69839,211.59778,105.45505,100.84897,61.58688,110.8
T000170,1968-10-31,115.11055,191.45386,108.87649,102.985176,49.57262,112.9
T000170,1969-01-31,116.63633,182.79562,111.93825,104.27779,72.43592,112.3
T000170,1969-04-30,117.15951,158.18005,112.61859,106.83248,46.191387,114.9
T000170,1969-07-31,118.58746,132.62262,113.70926,111.09086,101.6487,118.2
T000170,1969-10-31,121.74468,135.75954,116.68867,112.44194,103.786865,118.7
T000170,1970-01-31,121.81209,133.97968,118.47101,113.038025,107.70838,118.1
T000170,1970-04-30,121.03014,131.44012,118.41858,115.053215,109.65565,119.2
T000170,1970-07-31,121.971436,131.19261,118.69622,118.32292,109.93596,124.0
T000170,1970-10-31,126.62143,137.31787,121.8017,118.364044,112.700745,125.5
T000170,1971-01-31,127.80406,137.80475,124.813034,118.846504,116.68532,126.2
T000170,1971-04-30,128.72345,138.52802,125.87941,119.34334,117.57934,128.9
T000171,1967-01-31,0.1326124,0.08693472,0.02436807,0.16884193,0.42941806,98.2
T000171,1967-04-30,104.4639,182.01906,98.220924,106.0179,112.65112,99.1
T000171,1967-07-31,105.403946,190.09557,98.68781,105.0715,97.67517,100.2
T000171,1967-10-31,106.05693,207.95941,99.69622,108.31079,83.504906,100.7
T000171,1968-01-31,106.48094,226.60165,100.47101,103.28224,64.63136,102.5
T000171,1968-04-30,107.746796,203.63039,101.67564,102.59014,48.597237,103.6
T000171,1968-07-31,107.81089,204.69202,103.09622,100.27275,60.011787,105.1
T000171,1968-10-31,108.350204,178.87805,104.41303,100.803,46.17399,106.4
T000171,1969-01-31,109.0873,168.81375,105.80463,102.61438,70.38829,107.3
T000171,1969-04-30,110.865585,146.21005,106.887825,103.71052,43.686058,107.6
T000171,1969-07-31,109.37663,116.31117,107.4626,105.20775,101.213974,108.2
T000171,1969-10-31,109.878334,116.2509,107.92521,106.50614,101.96786,109.2
T000171,1970-01-31,110.79908,116.95325,108.74202,107.37389,103.80419,109.8
T000171,1970-04-30,111.29844,116.83082,109.525215,107.64455,104.316086,110.4
T000171,1970-07-31,111.73665,116.73031,110.12522,108.2556,105.929474,111.5
T000171,1970-10-31,112.79111,117.76546,110.99622,109.27028,106.35411,111.7
T000171,1971-01-31,112.84083,117.12932,111.608406,109.85244,107.14137,112.7
T000171,1971-04-30,113.77933,118.26365,112.24202,110.463844,108.48239,113.5
T000172,1967-01-31,0.1326124,0.08693472,0.02436807,0.16884193,0.42941806,95.7
T000172,1967-04-30,101.80708,177.38739,95.720924,103.3173,109.79416,97.5
T000172,1967-07-31,103.7624,187.00604,96.67564,102.411766,95.59629,100.0
T000172,1967-10-31,105.96793,207.16528,98.85505,106.50127,83.11369,102.2
T000172,1968-01-31,108.23497,228.79584,101.192444,101.756905,64.86749,104.7
T000172,1968-04-30,110.3425,208.32022,103.555046,101.96111,50.227615,106.6
T000172,1968-07-31,111.53946,211.23523,105.729836,100.18436,60.782333,109.3
T000172,1968-10-31,113.41328,188.47748,108.06345,102.38998,48.928284,111.3
T000172,1969-01-31,114.86323,179.64136,110.38404,104.88797,72.02084,113.0
T000172,1969-04-30,117.62091,158.79028,112.221436,106.78719,46.30262,115.1
T000172,1969-07-31,118.53419,132.28003,114.138245,109.4995,102.21642,117.3
T000172,1969-10-31,120.7042,134.1837,116.29244,111.47145,103.80474,118.7
T000172,1970-01-31,121.96241,134.78221,118.05883,113.1512,106.64985,120.5
T000172,1970-04-30,123.66511,136.11063,119.67564,115.269264,108.5749,122.1
T000172,1970-07-31,125.15043,137.03079,121.36723,117.46961,110.56341,124.2
T000172,1970-10-31,127.16523,138.93181,123.238235,118.83315,112.43172,128.8
T000172,1971-01-31,131.93268,145.63766,126.6933,120.64259,116.126396,127.5
T000172,1971-04-30,130.51566,141.68753,128.19026,122.24556,116.04732,129.7
T000173,1975-07-31,0.1326124,0.08693472,0.02436807,0.16884193,0.42941806,119.0
T000173,1975-10-31,126.568855,220.5546,119.02093,128.48695,136.42111,113.0
T000173,1976-01-31,120.38126,217.43701,116.185844,120.67024,111.894325,110.0
T000173,1976-04-30,117.25714,230.61655,111.59292,123.40529,93.70129,105.0
T000173,1976-07-31,112.37785,241.49973,107.65487,113.97388,68.397514,98.0
T000173,1976-10-31,104.8998,194.45445,101.71681,116.326096,48.75052,98.0
T000173,1977-01-31,104.36844,192.93463,98.02437,107.68294,63.15702,133.0
T000173,1977-04-30,139.95244,222.11917,116.970726,107.51245,63.06813,168.0
T000173,1977-07-31,177.93228,276.6809,151.97073,107.11539,100.74427,158.0
T000173,1977-10-31,170.39319,240.93404,163.30974,106.04407,57.70103,152.0
T000173,1978-01-31,165.56422,207.86127,155.18584,134.4472,116.53829,137.0
T000173,1978-04-30,149.56615,180.0656,144.9646,140.91934,98.84983,120.0
T000173,1978-07-31,129.31898,137.92111,129.02655,142.56339,101.69168,106.0
T000173,1978-10-31,116.168335,102.71429,113.43363,143.19185,103.4828,110.0
T000173,1979-01-31,122.73956,92.89691,108.16808,126.277275,111.691315,116.0
T000173,1979-04-30,130.51439,92.902985,113.25212,121.173096,119.18084,121.0
T000173,1979-07-31,134.20593,89.090485,118.710106,118.711975,132.04172,131.0
T000173,1979-10-31,142.93893,110.47608,126.420204,116.230934,156.76993,141.0
T000173,1980-01-31,149.19197,141.75449,136.42021,116.44561,148.42685,147.0
T000173,1980-04-30,152.96208,165.98914,144.25212,121.615746,144.10942,148.0
T000173,1980-07-31,154.17377,179.5187,147.54202,131.69263,131.74193,143.0
T000173,1980-10-31,150.67249,176.68115,145.65486,141.5395,120.17386,143.0
T000173,1981-01-31,150.79819,175.85834,143.02437,143.49925,119.32795,148.0
T000173,1981-04-30,154.5459,176.33852,145.7101,144.64008,128.31642,155.0
T000173,1981-07-31,160.79604,180.98071,151.79414,147.22234,135.13733,167.0
T000173,1981-10-31,173.41843,198.79007,161.50424,148.30034,139.58618,185.0
T000173,1982-01-31,192.89825,228.65247,176.75638,148.67393,147.8341,197.0
T000173,1982-04-30,206.69876,251.0252,191.50424,155.83661,151.03514,223.0
T000173,1982-07-31,236.48006,302.2579,211.09254,168.13573,153.21199,245.0
T000173,1982-10-31,263.18744,346.67123,234.92445,186.20825,159.43584,256.0
T000173,1983-01-31,277.706,369.13312,250.96223,198.56116,163.8682,268.0
T000173,1983-04-30,292.10565,391.46362,262.50424,224.78206,176.80656,249.0
T000173,1983-07-31,271.31577,345.2815,259.0885,246.09683,173.95654,238.0
T000173,1983-10-31,256.88934,309.9215,243.84071,248.96548,187.48798,227.0
T000173,1984-01-31,241.60474,266.86078,232.84071,249.11815,190.1438,218.0
T000173,1984-04-30,228.77196,222.10077,222.77876,242.85123,202.52971,211.0
T000173,1984-07-31,222.45993,193.43057,214.71681,232.79395,213.14273,226.0
T000173,1984-10-31,237.42784,201.99017,219.13031,230.22302,229.77277,250.0
T000173,1985-01-31,260.88068,242.40494,239.0085,227.2781,263.43604,271.0
T000173,1985-04-30,280.30084,286.2239,261.38245,226.61821,265.18152,289.0
T000173,1985-07-31,299.97925,335.44537,280.75638,227.15297,272.22226,309.0
T000173,1985-10-31,323.9206,390.44244,299.84042,251.777,254.54947,324.0
T000173,1986-01-31,343.5534,429.38367,317.1303,272.72937,245.57828,342.0
T000173,1986-04-30,365.3563,466.83264,333.75638,290.58365,248.7018,358.0
T000173,1986-07-31,384.5635,494.43658,350.67233,310.54147,264.20123,369.0
T000173,1986-10-31,397.00336,505.1742,363.96222,325.37473,265.2052,383.0
T000173,1987-01-31,410.0652,514.6595,376.5883,343.41385,282.6902,383.0
T000173,1987-04-30,407.00632,494.00104,383.02435,359.23416,295.64508,382.0
T000173,1987-07-31,402.57016,473.46793,382.53098,369.91156,314.90866,368.0
T000173,1987-10-31,384.11722,428.5381,375.43362,371.62604,323.98013,378.0
T000173,1988-01-31,390.1963,424.6446,373.4202,380.58252,342.008,408.0
T000173,1988-04-30,419.26047,463.79642,394.26062,383.50662,360.02673,414.0
T000173,1988-07-31,424.11905,461.136,411.25214,382.51776,371.2129,424.0
T000173,1988-10-31,435.3622,481.07715,419.4202,382.961,383.9383,435.0
T000173,1989-01-31,448.01453,499.55344,429.96222,409.76678,379.5325,482.0
T000173,1989-04-30,498.88947,582.5703,460.47498,415.2731,395.57715,596.0
T000174,1976-07-31,0.1326124,0.08693472,0.02436807,0.16884193,0.42941806,26.0
T000174,1976-10-31,27.739697,48.25634,26.020924,28.024656,30.141886,24.0
T000174,1977-01-31,25.659496,46.260574,25.061947,25.60397,23.759825,25.0
T000174,1977-04-30,26.643131,52.1318,24.54202,27.284546,21.27536,26.0
T000174,1977-07-31,27.569525,58.36058,25.54202,25.99984,16.778614,27.0
T000174,1977-10-31,28.478306,53.025547,26.54202,26.508762,13.449022,27.0
T000174,1978-01-31,28.277218,53.67077,27.024368,26.042675,16.425371,31.0
T000174,1978-04-30,32.421722,53.639877,29.168083,26.0884,13.044099,37.0
T000174,1978-07-31,38.907257,62.302917,34.252125,27.244606,20.79386,43.0
T000174,1978-10-31,45.957985,67.99276,40.252125,27.366648,14.194037,46.0
T000174,1979-01-31,49.99474,67.8132,44.62606,31.298801,28.646885,48.0
T000174,1979-04-30,52.87735,72.71614,47.08404,37.44226,25.067942,49.0
T000174,1979-07-31,54.074184,73.93413,48.54202,43.42602,28.108484,49.0
T000174,1979-10-31,53.76336,71.42639,49.02437,46.25549,33.257183,59.0
T000174,1980-01-31,64.22453,87.07518,54.420208,48.18759,39.961044,54.0
T000174,1980-04-30,58.90422,74.50288,56.65487,49.12607,37.511337,60.0
T000174,1980-07-31,64.67923,82.17575,57.252125,49.251785,42.827164,69.0
T000174,1980-10-31,74.01979,95.95369,64.87819,54.441006,46.729443,79.0
T000174,1981-01-31,84.54896,109.46504,74.420204,59.368378,49.644997,87.0
T000174,1981-04-30,94.05972,127.3872,83.33617,60.477203,56.136703,91.0
T000174,1981-07-31,99.38223,133.33784,89.16808,69.707146,56.556725,105.0
T000174,1981-10-31,115.231964,160.21481,98.58829,79.78882,61.205784,116.0
T000174,1982-01-31,127.47765,177.47032,110.96223,87.58759,63.86951,115.0
T000174,1982-04-30,126.49942,171.77985,115.530975,91.734055,76.45414,99.0
T000174,1982-07-31,109.900215,141.02222,107.49558,100.10405,70.1902,90.0
T000174,1982-10-31,98.74108,113.285645,94.77876,103.78398,67.90042,85.0
T000174,1983-01-31,91.23491,89.855644,87.65487,102.758,73.278625,84.0
T000174,1983-04-30,89.75175,73.71336,84.530975,93.55912,80.99925,86.0
T000174,1983-07-31,93.074425,70.78477,85.08404,90.092186,91.9876,94.0
T000174,1983-10-31,101.79761,81.53114,90.33617,87.362816,97.37592,102.0
T000174,1984-01-31,109.00143,96.32164,98.33617,86.493286,108.837,109.0
T000174,1984-04-30,114.27674,113.38108,105.79414,86.38519,111.73109,117.0
T000174,1984-07-31,121.9112,137.67819,113.33617,94.52851,112.237946,121.0
T000174,1984-10-31,127.19844,154.09024,119.16808,102.63119,100.421776,125.0
T000174,1985-01-31,132.80875,165.7428,123.16808,109.62372,93.9648,133.0
T000174,1985-04-30,142.01904,180.2587,129.33617,117.58988,99.74975,140.0
T000174,1985-07-31,149.76532,189.4019,136.79414,121.370636,103.832596,141.0
T000174,1985-10-31,150.61636,186.84093,140.54202,125.46954,107.96407,131.0
T000174,1986-01-31,138.90932,161.88715,136.30974,131.54497,107.13566,129.0
T000174,1986-04-30,135.21953,150.08086,130.06195,133.25063,111.480705,127.0
T000174,1986-07-31,131.23103,136.80078,128.06195,132.31145,115.41603,125.0
T000174,1986-10-31,128.01448,124.030304,126.06195,130.6443,120.57843,129.0
T000174,1987-01-31,132.40892,127.95325,127.16808,130.74286,128.53455,130.0
T000174,1987-04-30,133.4993,125.612274,129.54202,129.28038,128.90192,138.0
T000174,1987-07-31,141.09192,139.98799,134.33617,129.10289,136.7167,140.0
T000174,1987-10-31,142.54904,145.18604,139.08405,129.1721,136.9213,149.0
T000174,1988-01-31,151.95322,165.48904,144.87819,130.41222,140.14088,175.0
T000174,1988-04-30,181.98767,220.69267,163.09254,138.6757,139.4067,214.0
T000174,1988-07-31,226.97581,295.54193,196.13881,141.94373,143.12253,266.0
T000174,1988-10-31,288.22473,401.37622,242.18507,151.36128,157.04524,231.0
T000174,1989-01-31,256.54202,345.81262,249.58408,177.02841,124.78972,366.0
T000175,1960-10-31,0.1326124,0.08693472,0.02436807,0.16884193,0.42941806,18.0
T000175,1961-01-31,19.239277,33.434982,18.020924,19.383347,20.999588,19.0
T000175,1961-04-30,20.269669,36.427734,18.54202,19.27391,18.272734,15.0
T000175,1961-07-31,16.36277,32.071278,17.123894,19.452332,14.398487,11.0
T000175,1961-10-31,12.649688,27.885826,13.123895,15.450352,8.553882,8.0
T000175,1962-01-31,9.718328,16.796104,9.592921,17.809881,5.9904633,8.0
T000175,1962-04-30,9.879432,14.785636,8.024368,12.380404,6.012501,7.0
T000175,1962-07-31,9.135157,7.560148,7.5309734,9.444042,5.560878,7.0
T000175,1962-10-31,9.821189,5.47956,7.0243683,8.980221,7.0509033,9.0
T000175,1963-01-31,12.024866,6.535517,8.084042,8.431127,4.8238974,12.0
T000175,1963-04-30,14.367159,7.9765778,10.626062,8.110316,15.185202,21.0
T000175,1963-07-31,22.917246,27.547821,16.878187,8.343825,18.430378,25.0
T000175,1963-10-31,27.53616,39.086372,23.168083,9.267024,15.298578,26.0
T000175,1964-01-31,29.666357,44.997787,25.54202,12.373332,11.291769,37.0
T000175,1964-04-30,42.414227,68.142075,31.962229,21.514711,9.755308,51.0
T000175,1964-07-31,58.349735,93.20079,44.58829,25.446363,13.92594,49.0
T000175,1964-10-31,57.22197,90.47887,50.061947,26.500296,19.760607,46.0
T000175,1965-01-31,54.56191,85.16403,47.592922,37.59119,17.869362,55.0
T000175,1965-04-30,63.82841,97.1368,50.878185,46.592453,20.1188,59.0
T000175,1965-07-31,66.930244,96.39754,57.168083,49.35404,28.174587,52.0
T000175,1965-10-31,58.12053,77.689545,55.716816,51.180664,35.830128,46.0
T000175,1966-01-31,51.903778,62.023197,49.18584,50.814396,34.561134,44.0
T000175,1966-04-30,48.680393,50.711594,45.061947,47.744587,34.11386,39.0
T000175,1966-07-31,41.90886,32.051193,41.65487,48.22547,38.041893,33.0
T000175,1966-10-31,36.886345,15.07354,36.18584,46.274406,46.963505,33.0
T000175,1967-01-31,38.5816,14.336987,33.02437,41.357857,51.023853,36.0
T000175,1967-04-30,41.882187,18.957605,34.62606,37.49148,50.29074,41.0
T000175,1967-07-31,46.1818,27.660324,38.710102,36.90464,52.57496,46.0
T000175,1967-10-31,50.036465,41.192215,43.710102,36.170174,56.42566,58.0
T000175,1968-01-31,61.455566,70.4761,52.50425,36.41245,54.95241,64.0
T000175,1968-04-30,68.479675,88.165924,61.252125,41.405487,49.291786,66.0
T000175,1968-07-31,71.68852,96.46756,65.08404,46.619987,44.363487,62.0
T000175,1968-10-31,68.760735,93.06248,64.12389,58.5598,38.97398,61.0
T000175,1969-01-31,67.58949,89.01936,61.530975,61.39856,39.18039,66.0
T000175,1969-04-30,71.9924,93.267876,63.710102,63.015564,49.127125,67.0
T000175,1969-07-31,72.00758,87.53345,66.54202,64.27023,51.050465,58.0
T000175,1969-10-31,62.188736,66.33542,62.778763,63.429226,51.38062,54.0
T000175,1970-01-31,57.59701,53.697964,56.123894,63.309517,50.896435,55.0
T000175,1970-04-30,57.407623,48.29168,54.54202,59.631905,58.50272,53.0
T000175,1970-07-31,55.434353,40.605984,54.061947,56.557602,63.504448,47.0
T000175,1970-10-31,50.572147,30.376976,50.18584,55.80756,62.69979,40.0
T000175,1971-01-31,45.448837,18.745003,43.716816,54.63661,58.622948,34.0
T000175,1971-04-30,40.51866,7.4107666,37.18584,49.443336,57.706215,30.0
T000175,1971-07-31,36.99237,-1.3390236,32.123894,42.79677,59.86399,24.0
T000175,1971-10-31,31.654964,-11.067234,27.185843,36.832764,59.56394,21.0
T000175,1972-01-31,29.384596,-12.561005,22.59292,32.62596,54.44481,18.0
T000175,1972-04-30,26.792706,-15.230251,19.59292,26.513258,48.569336,18.0
T000175,1972-07-31,26.298796,-12.816429,18.024368,22.764992,46.625664,17.0
T000175,1972-10-31,24.237223,-9.367577,17.530973,19.578403,40.794178,17.0
T000175,1973-01-31,22.791155,-3.770275,17.024368,18.83906,35.450493,18.0
T000175,1973-04-30,22.42556,4.4531174,17.54202,18.517511,29.68608,19.0
T000175,1973-07-31,21.918922,10.514112,18.54202,18.029543,26.184477,23.0
T000175,1973-10-31,24.726004,22.229603,21.168083,18.080761,26.269066,32.0
T000175,1974-01-31,33.751762,42.5215,27.878187,18.418137,24.418568,38.0
T000175,1974-04-30,41.15461,56.928726,35.252125,19.374567,23.066349,38.0
T000175,1974-07-31,42.33548,60.373047,38.02437,23.381475,17.901207,38.0
T000175,1974-10-31,42.987953,61.8514,38.02437,32.502453,16.081547,37.0
T000176,1976-10-31,0.1326124,0.08693472,0.02436807,0.16884193,0.42941806,55.0
T000176,1977-01-31,58.555573,101.98375,55.020924,59.35143,63.28272,41.0
T000176,1977-04-30,45.25531,80.18439,48.43363,43.332535,40.511787,42.0
T000176,1977-07-31,46.034145,89.87511,41.54202,46.053776,33.574493,43.0
T000176,1977-10-31,46.930347,99.28273,42.54202,43.327385,25.430405,42.0
T000176,1978-01-31,45.233326,80.1608,42.530975,45.722725,17.878696,38.0
T000176,1978-04-30,41.17742,76.19426,40.123894,43.899956,25.555773,36.0
T000176,1978-07-31,39.37999,56.044334,37.061947,41.95882,15.625488,27.0
T000176,1978-10-31,31.319992,35.277145,31.778763,39.45299,29.463547,20.0
T000176,1979-01-31,25.346977,9.265532,23.716816,38.55922,11.207893,21.0
T000176,1979-04-30,27.022633,-3.8816605,20.54202,29.821882,49.46646,23.0
T000176,1979-07-31,28.635311,1.8616962,22.084042,25.085146,43.585464,24.0
T000176,1979-10-31,29.726892,5.981806,23.54202,24.956825,39.546524,27.0
T000176,1980-01-31,32.191227,15.098952,25.626062,23.141468,39.658825,30.0
T000176,1980-04-30,34.002502,25.25425,28.626062,23.131556,39.044907,32.0
T000176,1980-07-31,34.421135,34.073227,31.084042,24.18934,35.261578,30.0
T000176,1980-10-31,31.697014,34.54825,31.061947,27.167883,32.43715,26.0
T000176,1981-01-31,27.783607,30.695553,28.123894,27.855722,26.048767,25.0
T000176,1981-04-30,26.798302,29.119934,25.530973,28.111395,20.783102,23.0
T000176,1981-07-31,24.446745,21.937918,24.061947,27.091007,21.193005,22.0
T000176,1981-10-31,23.734756,17.465088,22.530973,26.053463,23.921383,23.0
T000176,1982-01-31,25.216991,17.854591,22.54202,23.975765,25.529613,25.0
T000176,1982-04-30,27.217354,20.099695,24.084042,23.467112,27.91735,25.0
T000176,1982-07-31,26.970493,20.792381,25.024368,23.115622,29.16423,38.0
T000176,1982-10-31,39.98039,46.483883,32.04627,23.450056,33.35134,48.0
T000176,1983-01-31,51.421432,68.53557,43.420208,25.556726,33.666046,62.0
T000176,1983-04-30,67.98613,99.10985,55.58829,25.79116,31.600182,69.0
T000176,1983-07-31,77.9244,117.86803,65.79414,38.785534,27.327044,76.0
T000176,1983-10-31,86.87448,132.21417,72.79414,48.99435,21.460117,77.0
T000176,1984-01-31,88.70106,135.21228,76.54202,62.89912,32.516518,72.0
T000176,1984-04-30,82.75256,119.81225,74.65487,69.49884,37.215424,75.0
T000176,1984-07-31,85.02214,119.041336,73.62606,72.284706,48.79612,77.0
T000176,1984-10-31,85.69289,111.57695,76.08404,75.36223,48.812645,86.0
T000176,1985-01-31,93.00464,117.01256,81.87819,76.25019,61.339344,91.0
T000176,1985-04-30,97.19877,119.41301,88.710106,77.17872,65.899,94.0
T000176,1985-07-31,99.26814,118.960526,92.62606,77.38704,72.28577,92.0
T000176,1985-10-31,96.8752,114.688354,93.06195,86.40942,73.15165,90.0
T000176,1986-01-31,93.9982,107.068695,91.06195,90.28722,72.26791,98.0
T000176,1986-04-30,102.21469,120.50746,94.33617,91.36063,86.27613,120.0
T000176,1986-07-31,126.57466,158.53406,109.92445,93.370575,89.40025,160.0
T000176,1986-10-31,171.84785,232.40453,141.68083,96.015335,101.778534,172.0
T000176,1987-01-31,188.07602,259.08362,166.50424,99.236855,95.10303,175.0
T000176,1987-04-30,194.04228,270.15997,173.62607,121.994675,87.85025,182.0
T000176,1987-07-31,202.96623,285.131,178.79414,162.47174,84.08116,193.0
T000176,1987-10-31,213.76703,295.13974,187.96223,173.30246,107.905624,159.0
T000176,1988-01-31,176.76256,224.20471,177.0531,176.73521,125.33211,160.0
T000176,1988-04-30,176.14351,209.62413,159.54202,178.68672,122.27876,147.0
T000176,1988-07-31,160.84451,163.10832,153.90266,164.70552,126.51805,100.0
T000176,1988-10-31,113.42133,47.249863,124.955765,166.29276,123.9613,77.0
T000176,1989-01-31,98.45839,-8.204742,89.212395,157.18979,153.36382,59.0
T000176,1989-04-30,87.06037,-60.48401,68.557526,114.58388,163.92567,61.0
T000176,1989-07-31,92.14633,-60.156723,60.08404,88.166954,187.73828,62.0
T000176,1989-10-31,93.78585,-52.79605,61.54202,73.8883,156.7299,66.0
T000177,1976-07-31,0.1326124,0.08693472,0.02436807,0.16884193,0.42941806,73.0
T000177,1976-10-31,77.68364,135.33179,73.02093,78.7958,83.85289,71.0
T000177,1977-01-31,75.47083,136.42642,72.06195,75.887856,70.31831,65.0
T000177,1977-04-30,69.62807,137.08438,68.185844,77.32521,57.978645,59.0
T000177,1977-07-31,64.05991,138.43285,62.18584,67.12891,40.15445,52.0
T000177,1977-10-31,56.893127,104.08737,55.716816,70.79391,27.548992,55.0
T000177,1978-01-31,59.779568,106.8442,53.62606,61.61817,35.6402,59.0
T000177,1978-04-30,63.34486,92.4884,57.168083,61.12089,28.731064,66.0
T000177,1978-07-31,70.61227,97.77816,62.794144,59.37152,50.016537,73.0
T000177,1978-10-31,78.03624,98.64906,69.79414,59.257214,34.968082,79.0
T000177,1979-01-31,82.83394,91.99755,76.25212,59.43768,75.58907,81.0
T000177,1979-04-30,85.35285,102.33156,80.08404,66.503395,72.547485,83.0
T000177,1979-07-31,88.21182,109.86195,82.08404,73.54844,66.64423,79.0
T000177,1979-10-31,84.68074,104.0172,81.12389,79.30414,64.06163,79.0
T000177,1980-01-31,84.45162,101.55979,79.02437,79.42058,62.954548,81.0
T000177,1980-04-30,85.64493,99.37853,80.08404,79.77002,68.46017,87.0
T000177,1980-07-31,90.92886,103.620834,84.25212,81.32662,71.84039,95.0
T000177,1980-10-31,98.93718,114.94491,91.33617,81.3209,77.28859,108.0
T000177,1981-01-31,113.03082,136.66411,102.04627,81.57457,82.46164,114.0
T000177,1981-04-30,120.44989,149.2514,111.25212,87.53966,83.58668,127.0
T000177,1981-07-31,135.51794,175.34991,121.04627,95.76712,84.32489,143.0
T000177,1981-10-31,154.36398,207.0928,135.67233,108.84748,90.1365,108.0
T000177,1982-01-31,118.5044,141.97888,126.584076,109.99598,79.41709,154.0
T000177,1982-04-30,166.73808,224.69553,132.93295,115.75509,106.844154,143.0
T000177,1982-07-31,155.00925,194.01505,148.84071,129.21065,97.03511,129.0
T000177,1982-10-31,137.98535,156.50755,136.43362,130.96515,99.795135,119.0
T000177,1983-01-31,129.53165,142.33784,124.30974,135.21822,103.093796,115.0
T000177,1983-04-30,121.22964,105.93154,117.12389,124.19366,101.93927,110.0
T000177,1983-07-31,117.7125,97.92023,112.65487,123.90665,121.30568,114.0
T000177,1983-10-31,120.64596,89.67842,112.16808,118.88803,114.51534,127.0
T000177,1984-01-31,136.85634,116.27318,121.04627,116.59875,151.98547,140.0
T000177,1984-04-30,148.03522,147.23273,134.04626,115.71711,119.15552,153.0
T000177,1984-07-31,159.71074,169.71432,147.04626,115.627396,155.41617,164.0
T000177,1984-10-31,171.77486,203.71759,158.96223,127.87731,146.4508,164.0
T000177,1985-01-31,174.07826,214.18076,164.02437,141.00484,132.76932,168.0
T000177,1985-04-30,179.4748,225.71158,166.16808,153.97766,122.43162,183.0
T000177,1985-07-31,195.82875,250.39934,176.13031,164.8748,137.35162,188.0
T000177,1985-10-31,201.44373,253.31895,185.7101,164.46545,139.96059,183.0
T000177,1986-01-31,195.36148,237.27832,185.65486,168.45152,146.96758,182.0
T000177,1986-04-30,192.51405,225.03876,182.53098,182.64456,148.29875,179.0
T000177,1986-07-31,186.61436,206.40129,180.59293,183.79694,153.66022,164.0
T000177,1986-10-31,168.60603,167.66408,171.9646,183.79526,154.38068,160.0
T000177,1987-01-31,164.82704,151.5202,162.1239,182.1162,161.63835,171.0
T000177,1987-04-30,176.61916,164.61325,165.96223,174.46059,172.4395,184.0
T000177,1987-07-31,189.0255,182.85541,178.04626,172.80153,184.07007,183.0
T000177,1987-10-31,187.79329,182.11662,183.53098,171.35626,190.6838,174.0
T000177,1988-01-31,179.29819,171.36093,178.77876,171.45706,186.24959,194.0
T000177,1988-04-30,198.50404,213.67242,184.84041,174.97244,187.60487,279.0
T000177,1988-07-31,292.47003,373.27338,240.07176,186.63612,207.53943,336.0
T000177,1988-10-31,360.69263,490.02933,309.89517,187.94482,213.03018,364.0
T000177,1989-01-31,401.3172,567.1597,351.17657,197.01016,195.22948,395.0
T000177,1989-04-30,443.37488,643.7269,380.80264,284.0097,169.65616,454.0
T000178,1969-10-31,0.1326124,0.08693472,0.02436807,0.16884193,0.42941806,16.31
T000178,1970-01-31,17.44358,30.30397,16.330923,17.557951,19.068277,16.72
T000178,1970-04-30,17.80121,32.06688,16.532228,17.455666,16.337934,16.84
T000178,1970-07-31,17.830204,34.931442,16.785042,18.267857,14.09609,16.83
T000178,1970-10-31,17.810472,37.8898,16.835308,17.431349,10.898209,16.94
T000178,1971-01-31,17.806267,33.747902,16.889622,17.243292,8.077565,16.85
T000178,1971-04-30,17.525478,33.302727,16.897787,16.839363,9.863499,16.86
T000178,1971-07-31,17.318377,28.514029,16.85542,16.845257,7.5135565,16.54
T000178,1971-10-31,16.883133,25.700281,16.709911,16.883228,11.457655,15.93
T000178,1972-01-31,16.493702,20.45935,16.253895,16.970491,6.788975,16.16
T000178,1972-04-30,16.358625,15.695786,16.054665,16.680107,16.510729,16.54
T000178,1972-07-31,16.718424,16.07128,16.365969,16.681992,16.922237,16.68
T000178,1972-10-31,16.853415,16.348436,16.615883,16.584179,17.132757,16.53
T000178,1973-01-31,16.72048,16.335634,16.609646,16.535944,16.907784,16.82
T000178,1973-04-30,16.995123,16.978252,16.687185,16.55509,16.944668,17.05
T000178,1973-07-31,17.1772,17.564756,16.944664,16.559214,16.87975,17.0
T000178,1973-10-31,17.1046,17.551918,17.026548,16.688744,16.744608,16.69
T000178,1974-01-31,16.857048,17.20686,16.854603,16.712004,16.542854,16.94
T000178,1974-04-30,17.125957,17.648144,16.825506,16.848127,16.326422,17.17
T000178,1974-07-31,17.313683,17.823847,17.064665,16.974491,16.506994,17.18
T000178,1974-10-31,17.273142,17.632057,17.175419,17.004921,16.754581,16.91
T000178,1975-01-31,17.034447,17.18513,17.053364,16.960443,16.861074,17.15
T000178,1975-04-30,17.270273,17.550581,17.040083,16.970808,16.757498,17.5
T000178,1975-07-31,17.600306,18.060905,17.339708,17.163675,17.057592,17.54
T000178,1975-10-31,17.626413,18.054062,17.52168,17.175207,17.12127,17.52
T000178,1976-01-31,17.670504,18.18521,17.53062,17.19384,17.268246,17.87
T000178,1976-04-30,18.07011,18.846466,17.709707,17.528364,17.067854,18.31
T000178,1976-07-31,18.52944,19.541979,18.10849,17.540575,17.245564,18.55
T000178,1976-10-31,18.791777,19.95232,18.440084,17.55943,17.56067,18.6
T000178,1977-01-31,18.90886,20.133224,18.577103,17.893587,17.52914,19.11
T000178,1977-04-30,19.49237,21.079899,18.87643,18.340734,17.375938,19.49
T000178,1977-07-31,19.88909,21.5914,19.315968,18.569462,17.678516,19.66
T000178,1977-10-31,20.05824,21.737558,19.582144,18.623535,18.245975,19.36
T000178,1978-01-31,19.763731,21.144964,19.519293,19.129686,18.2116,19.33
T000178,1978-04-30,19.700462,20.81351,19.34593,19.349653,18.09364,19.46
T000178,1978-07-31,19.749205,20.654533,19.400463,19.429499,18.561876,19.61
T000178,1978-10-31,19.812325,20.473104,19.541304,19.489454,18.911594,19.46
T000178,1979-01-31,19.64649,20.029316,19.539646,19.483667,19.089333,19.69
T000178,1979-04-30,19.866251,20.26027,19.584665,19.466364,19.140633,19.9
T000178,1979-07-31,20.020777,20.440435,19.803823,19.48136,19.416536,20.02
T000178,1979-10-31,20.107742,20.534254,19.965042,19.619131,19.53296,19.89
T000179,1969-10-31,0.1326124,0.08693472,0.02436807,0.16884193,0.42941806,4.56
T000179,1970-01-31,4.963945,8.535107,4.5787935,4.8700724,5.640528,3.56
T000179,1970-04-30,3.9005394,6.9388027,4.0909734,3.7737885,3.5191967,3.38
T000179,1970-07-31,3.7086604,7.2718835,3.4755752,3.8934193,2.836333,3.46
T000179,1970-10-31,3.788896,8.056416,3.4233618,3.5683122,2.0475712,4.06
T000179,1971-01-31,4.345352,7.7229223,3.7852125,3.77409,1.7627939,3.72
T000179,1971-04-30,3.9757047,7.3281794,3.9005308,3.6726117,2.3067582,3.64
T000179,1971-07-31,3.8860261,5.990426,3.682478,3.5747797,1.5453565,3.99
T000179,1971-10-31,4.2412376,6.368435,3.8297074,3.6700785,2.8562193,5.47
T000179,1972-01-31,5.7485104,7.991503,4.7921906,3.806402,1.8057683,4.96
T000179,1972-04-30,5.2291803,6.116022,5.230797,4.008669,4.4470124,4.48
T000179,1972-07-31,4.826868,5.6829677,4.7348676,4.021761,3.4486864,3.95
T000179,1972-10-31,4.3313384,4.813194,4.231416,4.2002916,3.3741999,4.48
T000179,1973-01-31,4.712092,5.078908,4.2372713,4.738864,3.4215732,3.89
T000179,1973-04-30,4.1085067,3.7739882,4.2032743,4.6972766,3.953473,3.71
T000179,1973-07-31,3.9969745,3.175918,3.8055754,4.1141815,3.6765366,3.57
T000179,1973-10-31,4.0066524,2.9532876,3.6443362,3.9747493,4.017901,4.65
T000179,1974-01-31,4.959423,4.41028,4.1553826,4.0515294,4.1525145,4.17
T000179,1974-04-30,4.4392953,3.577667,4.424867,3.9426322,5.1517515,3.79
T000179,1974-07-31,3.9884872,3.2217188,3.99177,3.8443916,4.3383703,3.68
T000179,1974-10-31,3.9211068,3.5232642,3.7384071,3.8314471,4.2587266,4.4
T000179,1975-01-31,4.5076137,4.573563,4.070255,4.0080285,3.8481874,3.94
T000179,1975-04-30,4.064559,3.8461738,4.184248,4.064211,4.362488,3.5
T000179,1975-07-31,3.6605816,3.1321032,3.7336285,3.8969276,3.6173966,3.31
T000179,1975-10-31,3.6080353,2.9345417,3.4108849,3.8273675,3.7693026,3.94
T000179,1976-01-31,4.1181536,3.6956053,3.651473,3.8264935,3.619068,3.59
T000179,1976-04-30,3.7591093,2.9625125,3.7758405,3.7330716,4.387723,3.15
T000179,1976-07-31,3.336319,2.3571212,3.3836284,3.6166277,3.8935483,2.79
T000179,1976-10-31,3.108236,1.9654552,2.9811504,3.446126,3.755824,3.11
T000179,1977-01-31,3.3552887,2.2813487,2.9634464,3.273718,3.5407376,3.04
T000179,1977-04-30,3.2605355,2.129417,3.077168,3.2389286,4.0278053,2.79
T000179,1977-07-31,2.9973955,1.85466,2.9227433,3.1533027,3.6299462,2.57
T000179,1977-10-31,2.866556,1.7818834,2.686814,2.8908584,3.5192642,3.1
T000179,1978-01-31,3.322636,2.6920254,2.857271,2.8998504,3.2922058,2.92
T000179,1978-04-30,3.0901833,2.3828046,3.0155752,2.971988,3.6162357,3.03
T000179,1978-07-31,3.1294286,2.8461094,2.9796221,2.9272375,3.4389238,2.86
T000179,1978-10-31,2.9876478,2.8612995,2.9502654,2.8816686,3.1557906,3.1
T000179,1979-01-31,3.1724498,3.2533362,2.990085,2.9427567,2.8657227,2.8
T000179,1979-04-30,2.864381,2.7637622,2.959292,2.9618342,3.0153584,2.87
T000179,1979-07-31,2.916763,2.8086877,2.8379414,2.9016886,2.8733168,2.5
T000179,1979-10-31,2.6288834,2.2849834,2.6964602,2.8971932,2.8584843,2.85
T000180,1969-10-31,0.1326124,0.08693472,0.02436807,0.16884193,0.42941806,183.0
T000180,1970-01-31,194.58633,339.12543,183.02092,197.62357,209.55948,202.0
T000180,1970-04-30,216.16916,387.09784,193.2984,196.08344,189.67552,207.0
T000180,1970-07-31,220.39471,427.0058,204.7101,220.10918,175.07819,210.0
T000180,1970-10-31,223.45378,468.53708,208.62607,211.45297,137.35922,210.0
T000180,1971-01-31,222.82219,423.09567,210.02437,210.7811,103.88109,192.0
T000180,1971-04-30,202.42847,383.77856,201.55753,205.26962,113.712326,174.0
T000180,1971-07-31,182.65263,294.85165,183.55753,207.24614,85.14997,173.0
T000180,1971-10-31,181.3661,258.96344,173.53098,198.42007,128.20628,167.0
T000180,1972-01-31,179.32404,193.35393,170.18584,178.80354,86.32738,172.0
T000180,1972-04-30,182.56718,141.38295,169.7101,178.33524,188.50075,193.0
T000180,1972-07-31,203.74953,177.13715,183.38243,174.64449,217.27492,214.0
T000180,1972-10-31,223.28143,220.75644,204.38243,174.22253,223.42514,225.0
T000180,1973-01-31,233.8516,255.29497,219.96223,173.85536,220.074,235.0
T000180,1973-04-30,245.6634,287.64404,230.42021,194.43013,213.67325,226.0
T000180,1973-07-31,238.8107,283.28113,230.77876,215.15836,196.22554,214.0
T000180,1973-10-31,226.32578,263.17935,220.37169,216.31612,177.89609,217.0
T000180,1974-01-31,227.98247,259.92285,215.62607,220.33513,193.916,216.0
T000180,1974-04-30,225.77942,243.46808,216.53098,218.61575,193.12491,222.0
T000180,1974-07-31,230.26631,242.2156,219.25212,219.40294,199.82822,222.0
T000180,1974-10-31,227.88098,229.84906,222.02437,217.52176,207.66483,231.0
T000180,1975-01-31,235.14084,238.52908,226.87819,217.30756,224.96606,237.0
T000180,1975-04-30,240.56805,250.46794,234.25212,222.28442,227.92345,242.0
T000180,1975-07-31,245.46576,259.87988,239.7101,222.46474,231.37639,255.0
T000180,1975-10-31,261.27893,292.66306,249.04626,231.51056,231.54063,266.0
T000180,1976-01-31,275.01376,315.02332,260.96222,237.51907,221.10432,283.0
T000180,1976-04-30,294.48697,347.42584,275.21436,242.82039,233.99106,316.0
T000180,1976-07-31,332.10156,409.28937,300.8867,256.0445,240.02458,357.0
T000180,1976-10-31,379.25223,484.77637,338.22284,267.66406,252.05719,403.0
T000180,1977-01-31,433.32812,574.71954,381.93295,285.229,261.63382,428.0
T000180,1977-04-30,464.8374,624.03345,416.5505,318.6274,262.11676,428.0
T000180,1977-07-31,467.82492,623.6403,428.02435,360.13303,262.88028,415.0
T000180,1977-10-31,453.2608,589.01154,421.90265,405.56845,279.16257,380.0
T000180,1978-01-31,411.59784,495.6087,398.58408,412.2437,300.25052,352.0
T000180,1978-04-30,377.13434,407.44833,366.86725,413.12836,299.24747,355.0
T000180,1978-07-31,376.3911,370.05566,353.62607,391.24664,317.42313,353.0
T000180,1978-10-31,372.6652,325.13284,354.06195,363.96283,337.6911,364.0
T000180,1979-01-31,384.1922,323.0144,358.96222,363.41705,369.2957,387.0
T000180,1979-04-30,406.49585,358.07037,376.4665,356.78497,415.98297,373.0
T000180,1979-07-31,389.62924,338.79083,380.43362,355.46133,410.81616,373.0
T000180,1979-10-31,384.78534,359.5579,373.02435,364.57156,405.25958,371.0
T000181,1969-10-31,0.1326124,0.08693472,0.02436807,0.16884193,0.42941806,3.5
T000181,1970-01-31,3.8392253,6.571277,3.5164697,3.7289062,4.4291735,1.8
T000181,1970-04-30,2.1337638,3.6388338,2.7026553,1.8529451,1.7705761,1.8
T000181,1970-07-31,2.112852,4.083639,1.824368,1.9277822,1.4671311,1.9
T000181,1970-10-31,2.2233415,4.6129146,1.854202,1.8689121,1.0733025,2.4
T000181,1971-01-31,2.64885,4.2844334,2.1710105,2.2532835,0.83691585,1.4
T000181,1971-04-30,1.6950717,2.9043045,1.9309738,2.0443566,1.0815626,0.9
T000181,1971-07-31,1.2750344,1.0120468,1.1654868,2.052823,0.3998567,1.3
T000181,1971-10-31,1.7466501,1.666085,1.1168082,1.598781,1.7663587,1.7
T000181,1972-01-31,2.0088303,1.4028503,1.5168083,1.5459514,0.59280336,1.2
T000181,1972-04-30,1.5309534,0.051977277,1.4654869,1.4789807,3.064202,0.9
T000181,1972-07-31,1.2054067,0.08824384,1.059292,1.3168415,1.6148878,1.1
T000181,1972-10-31,1.39846,0.5318768,1.0084041,1.2215701,1.7508504,1.7
T000181,1973-01-31,1.8738691,1.5287883,1.4252125,1.3030534,1.7577281,0.9
T000181,1973-04-30,1.0825262,0.23307264,1.3247788,1.2360375,1.8594892,0.8
T000181,1973-07-31,0.99286985,0.46257257,0.8530973,1.0249245,1.2771308,1.5
T000181,1973-10-31,1.689755,1.8324976,1.1794145,1.0514396,1.2039392,2.2
T000181,1974-01-31,2.3354168,2.7922456,1.8794146,1.1870354,1.5610578,1.1
T000181,1974-04-30,1.2836828,1.0846379,1.6840711,1.174531,1.3963377,1.0
T000181,1974-07-31,1.2427026,1.1244227,1.0530972,1.1481508,0.96444094,1.6
T000181,1974-10-31,1.8216256,2.1901066,1.3252124,1.3078874,1.0956175,2.2
T000181,1975-01-31,2.3354037,2.860879,1.9252125,1.5980104,1.1735146,1.3
T000181,1975-04-30,1.4993886,1.4195331,1.7778763,1.4011228,1.6410949,1.1
T000181,1975-07-31,1.4069767,1.2076204,1.2061948,1.2351055,0.81200755,1.5
T000181,1975-10-31,1.7476542,1.8261209,1.3168082,1.4579784,1.118148,1.8
T000181,1976-01-31,1.9080358,1.8280128,1.6626062,1.5989155,1.4814893,1.8
T000181,1976-04-30,1.9383706,2.0042548,1.824368,1.5382073,2.255612,1.1
T000181,1976-07-31,1.3435549,0.997282,1.4716816,1.3907508,1.0797311,1.5
T000181,1976-10-31,1.7134366,1.7085851,1.3168082,1.5834829,1.4181999,2.3
T000181,1977-01-31,2.4280736,2.8659408,1.9336166,1.6339368,1.6873411,1.4
T000181,1977-04-30,1.5372168,1.1307203,1.8778762,1.615001,1.907947,1.0
T000181,1977-07-31,1.2194986,0.9043803,1.2123895,1.5701367,1.3435034,1.6
T000181,1977-10-31,1.8171227,1.8124356,1.3252124,1.5582802,1.3444965,2.9
T000181,1978-01-31,3.0978756,3.8365703,2.304627,1.6724293,2.0352721,2.2
T000181,1978-04-30,2.4023838,2.768002,2.5716817,1.643229,1.8500872,2.4
T000181,1978-07-31,2.7232285,3.4141579,2.3084042,1.6344478,1.971564,3.9
T000181,1978-10-31,4.3923483,6.468746,3.2130313,2.2513046,1.9429525,5.3
T000181,1979-01-31,5.8681602,8.657211,4.658829,2.4946566,2.4689524,3.9
T000181,1979-04-30,4.4969234,6.457738,4.6433635,2.9370136,2.471973,3.3
T000181,1979-07-31,3.9915013,5.6152296,3.6185842,3.4281921,1.595037,3.6
T000181,1979-10-31,4.2473974,5.7538977,3.462606,3.96972,1.847932,4.4
T000182,1969-10-31,0.1326124,0.08693472,0.02436807,0.16884193,0.42941806,6903.0
T000182,1970-01-31,7337.4297,12789.0625,6903.021,7456.982,7889.09,7047.0
T000182,1970-04-30,7500.6123,13515.912,6981.051,7387.371,6901.778,7162.0
T000182,1970-07-31,7585.5996,14847.468,7109.3325,7697.086,5983.3853,7250.0
T000182,1970-10-31,7673.586,16272.418,7209.6978,7350.383,4653.985,7269.0
T000182,1971-01-31,7645.2485,14479.852,7260.2983,7322.6885,3487.988,7418.0
T000182,1971-04-30,7732.465,14673.523,7349.761,7171.7163,4298.4614,7538.0
T000182,1971-07-31,7781.029,12871.773,7483.0425,7256.2686,3378.7979,7633.0
T000182,1971-10-31,7829.718,12125.881,7589.492,7277.0317,5072.548,7648.0
T000182,1972-01-31,7917.576,10469.349,7641.1304,7427.088,3112.6802,7752.0
T000182,1972-04-30,7900.486,8463.531,7704.37,7548.376,7138.4956,7768.0
T000182,1972-07-31,7899.2056,8393.695,7760.6724,7640.3354,7298.6343,7751.0
T000182,1972-10-31,7860.873,8250.211,7760.0264,7653.464,7396.3574,7752.0
T000182,1973-01-31,7851.166,8178.4453,7751.542,7755.843,7492.189,7802.0
T000182,1973-04-30,7888.126,8155.2324,7779.101,7754.3193,7481.3433,7822.0
T000182,1973-07-31,7884.54,8091.63,7812.8403,7755.4473,7632.408,7810.0
T000182,1973-10-31,7853.8423,7987.881,7816.3716,7769.2056,7655.5317,7725.0
T000182,1974-01-31,7759.34,7788.351,7770.133,7766.041,7683.0537,7768.0
T000182,1974-04-30,7792.548,7822.3057,7748.307,7785.1445,7679.208,7755.0
T000182,1974-07-31,7766.2886,7743.7607,7761.903,7779.1626,7740.713,7739.0
T000182,1974-10-31,7751.4165,7692.578,7747.4956,7767.1514,7759.15,7695.0
T000182,1975-01-31,7721.627,7632.145,7718.363,7749.735,7753.8086,7791.0
T000182,1975-04-30,7814.1353,7780.0596,7747.034,7748.3374,7777.925,7841.0
T000182,1975-07-31,7860.3203,7878.8496,7818.101,7757.8354,7841.569,7890.0
T000182,1975-10-31,7910.42,7981.1553,7867.559,7757.4844,7834.148,7896.0
T000182,1976-01-31,7931.6675,8056.1416,7893.252,7794.659,7837.9575,8002.0
T000182,1976-04-30,8051.0312,8268.369,7953.454,7845.7646,7766.214,8024.0
T000182,1976-07-31,8078.4673,8317.26,8013.9243,7893.291,7804.0303,8023.0
T000182,1976-10-31,8080.435,8307.285,8023.531,7900.0376,7808.7466,7966.0
T000182,1977-01-31,8026.5723,8210.118,7996.2656,7970.545,7840.0605,8017.0
T000182,1977-04-30,8072.534,8244.555,7993.643,8005.995,7801.6646,7985.0
T000182,1977-07-31,8022.49,8119.9053,8001.991,8008.725,7894.9683,7830.0
T000182,1977-10-31,7860.528,7768.949,7912.301,8005.5596,7861.092,7573.0
T000182,1978-01-31,7651.6577,7270.6133,7709.4604,8024.0586,7864.159,7443.0
T000182,1978-04-30,7560.342,6944.4575,7512.0264,7894.935,7858.254,7429.0
T000182,1978-07-31,7570.481,6831.774,7436.4336,7642.2007,8019.9175,7414.0
T000182,1978-10-31,7570.313,6766.8257,7421.965,7513.98,8045.0654,7397.0
T000182,1979-01-31,7572.324,6798.2603,7406.0264,7484.6436,7904.0396,7471.0
T000182,1979-04-30,7637.2236,7021.1655,7437.1094,7449.3594,7761.769,7625.0
T000182,1979-07-31,7753.25,7396.7524,7554.471,7437.0186,7826.5874,7756.0
T000182,1979-10-31,7837.6655,7778.4688,7696.005,7435.7334,7814.419,7824.0
T000183,1969-10-31,0.1326124,0.08693472,0.02436807,0.16884193,0.42941806,1.03
T000183,1970-01-31,1.2211072,1.995184,1.0411733,1.0737175,1.606489,1.04
T000183,1970-04-30,1.1061898,1.994936,1.0354202,1.1020839,1.0247431,1.07
T000183,1970-07-31,1.1338087,2.2172556,1.0562607,1.1369444,0.8821453,1.06
T000183,1970-10-31,1.1212875,2.3856084,1.0653098,1.0837132,0.6767596,1.07
T000183,1971-01-31,1.1258309,2.129859,1.0654203,1.0858201,0.5115221,1.07
T000183,1971-04-30,1.1136171,2.1193464,1.0943681,1.0608053,0.6279427,1.09
T000183,1971-07-31,1.121642,1.8464092,1.0808405,1.070817,0.4878289,1.1
T000183,1971-10-31,1.1244138,1.7345943,1.0954202,1.0705916,0.74838024,1.09
T000183,1972-01-31,1.1241297,1.4566934,1.0953097,1.0707328,0.44649518,1.09
T000183,1972-04-30,1.102402,1.1411403,1.1143681,1.0907519,1.0593315,1.12
T000183,1972-07-31,1.1316274,1.1794304,1.1062607,1.0914695,1.0577915,1.12
T000183,1972-10-31,1.129585,1.1684511,1.144368,1.0916857,1.0958148,1.12
T000183,1973-01-31,1.1306182,1.1707371,1.144368,1.1007441,1.0823714,1.11
T000183,1973-04-30,1.120831,1.1488503,1.1153097,1.1107908,1.0819559,1.13
T000183,1973-07-31,1.1398149,1.1738272,1.1208404,1.1206874,1.0866094,1.13
T000183,1973-10-31,1.1371298,1.1656809,1.154368,1.1205201,1.1036657,1.13
T000183,1974-01-31,1.1364783,1.1576289,1.154368,1.1204569,1.1152725,1.12
T000183,1974-04-30,1.1287029,1.1445206,1.1253097,1.1217018,1.1118563,1.13
T000183,1974-07-31,1.136106,1.1495554,1.1254202,1.1305346,1.1030948,1.13
T000183,1974-10-31,1.1327596,1.1416326,1.154368,1.1310488,1.1247556,1.13
T000183,1975-01-31,1.1320802,1.1368934,1.154368,1.1305954,1.1257627,1.13
T000183,1975-04-30,1.134253,1.1412361,1.154368,1.1301891,1.1334571,1.15
T000183,1975-07-31,1.155156,1.1741382,1.1408404,1.1305301,1.1256386,1.15
T000183,1975-10-31,1.1541715,1.1720808,1.174368,1.1306477,1.1369678,1.14
T000183,1976-01-31,1.1440653,1.1551358,1.1453097,1.1305298,1.1269385,1.14
T000183,1976-04-30,1.1453974,1.1591843,1.164368,1.141151,1.1300274,1.15
T000183,1976-07-31,1.1550511,1.1713799,1.1454202,1.1433977,1.1239237,1.15
T000183,1976-10-31,1.1536082,1.1668512,1.174368,1.1506222,1.141086,1.14
T000183,1977-01-31,1.1438643,1.1467323,1.1453097,1.1410761,1.1353697,1.13
T000183,1977-04-30,1.1354897,1.1268619,1.1353097,1.1433331,1.1358356,1.14
T000183,1977-07-31,1.1438506,1.1384012,1.1354202,1.1430632,1.1359062,1.13
T000183,1977-10-31,1.1332953,1.1121769,1.1353097,1.1438344,1.1454091,1.1
T000183,1978-01-31,1.107829,1.0585665,1.1159291,1.1343832,1.1414962,1.09
T000183,1978-04-30,1.1028079,1.0433027,1.0953097,1.137304,1.1398926,1.09
T000183,1978-07-31,1.1037658,1.0342338,1.1143681,1.1054424,1.1352221,1.08
T000183,1978-10-31,1.0947866,1.0127964,1.0853097,1.0971457,1.1516486,1.08
T000183,1979-01-31,1.0961576,1.0194693,1.1043681,1.0960616,1.1326206,1.08
T000183,1979-04-30,1.0965334,1.0279533,1.1043681,1.0829798,1.1204864,1.09
T000183,1979-07-31,1.1035972,1.0553261,1.0854203,1.0823463,1.1172736,1.08
T000183,1979-10-31,1.0904173,1.0462122,1.0853097,1.081517,1.1172283,1.08
T000184,1969-10-31,0.1326124,0.08693472,0.02436807,0.16884193,0.42941806,82.0
T000184,1970-01-31,87.2479,152.00583,82.02093,88.517975,94.13797,85.0
T000184,1970-04-30,90.56459,162.99902,83.62606,87.776405,82.55517,33.0
T000184,1970-07-31,42.22837,81.93837,60.61063,85.06355,54.66781,44.0
T000184,1970-10-31,54.061108,113.89557,38.962227,47.84545,21.047413,47.0
T000184,1971-01-31,55.113243,89.92396,45.62606,60.65948,17.327717,22.0
T000184,1971-04-30,30.544655,34.730705,35.27434,51.49105,23.142342,20.0
T000184,1971-07-31,31.74961,21.993788,21.061947,41.34896,25.954409,27.0
T000184,1971-10-31,41.677086,17.450983,23.794146,30.227186,29.630165,31.0
T000184,1972-01-31,44.39288,14.4218025,29.168083,30.333946,20.61164,13.0
T000184,1972-04-30,24.53175,-33.506927,22.557526,26.07252,49.96818,16.0
T000184,1972-07-31,27.039318,-17.290886,14.626062,23.351349,62.807507,24.0
T000184,1972-10-31,30.36014,13.097616,20.336166,21.987684,33.29586,27.0
T000184,1973-01-31,30.869596,14.98019,25.626062,25.07981,34.451267,14.0
T000184,1973-04-30,18.70566,1.0374489,20.902658,17.888214,38.05128,18.0
T000184,1973-07-31,21.878342,14.661845,16.168083,17.501606,21.36624,27.0
T000184,1973-10-31,29.779617,31.529217,22.878187,20.560535,25.176243,40.0
T000184,1974-01-31,42.145386,52.124565,34.04627,24.397142,31.380587,14.0
T000184,1974-04-30,18.40435,10.918454,27.805315,20.18296,23.718945,16.0
T000184,1974-07-31,20.913387,18.525139,15.084042,19.755178,9.342155,23.0
T000184,1974-10-31,26.69091,27.793959,19.794146,20.92505,16.319174,27.0
T000184,1975-01-31,28.804827,25.020296,25.168083,25.41013,24.149351,13.0
T000184,1975-04-30,17.04625,6.8788557,20.433632,19.186108,25.382256,17.0
T000184,1975-07-31,22.358366,13.062958,15.168083,17.780474,13.0852585,26.0
T000184,1975-10-31,30.344494,29.03997,21.878187,19.56796,24.172173,34.0
T000184,1976-01-31,36.40678,38.32931,30.336166,23.359367,26.816488,17.0
T000184,1976-04-30,21.06273,13.308546,26.026552,18.168818,29.955399,20.0
T000184,1976-07-31,23.935957,24.944258,18.626062,18.931171,12.873995,30.0
T000184,1976-10-31,33.12063,41.151043,25.420208,22.915442,20.640806,41.0
T000184,1977-01-31,43.172813,55.01861,35.962227,26.825624,27.13513,20.0
T000184,1977-04-30,24.229101,22.53565,31.150448,21.583616,24.527987,26.0
T000184,1977-07-31,31.097374,35.01882,23.252125,22.18205,14.974833,55.0
T000184,1977-10-31,60.806396,85.784325,41.7186,29.877254,31.85223,90.0
T000184,1978-01-31,98.35876,144.08255,73.970726,32.285286,38.5109,62.0
T000184,1978-04-30,72.78615,104.25876,76.86726,41.73737,38.14788,64.0
T000184,1978-07-31,77.37481,115.582306,63.08404,56.328697,18.839321,84.0
T000184,1978-10-31,97.64391,148.04213,74.840416,63.95214,36.199844,99.0
T000184,1979-01-31,110.230286,157.99515,92.13031,67.594696,50.188858,59.0
T000184,1979-04-30,70.39982,87.957695,80.238945,67.66999,51.74951,55.0
T000184,1979-07-31,68.38862,74.59644,57.123894,69.85742,29.212898,60.0
T000184,1979-10-31,70.583336,68.804214,57.710102,63.814453,40.470203,71.0
T000185,1969-10-31,0.1326124,0.08693472,0.02436807,0.16884193,0.42941806,43.0
T000185,1970-01-31,45.803825,79.75172,43.020924,46.38852,49.56927,63.0
T000185,1970-04-30,68.60535,120.41489,53.840416,46.001705,51.432472,74.0
T000185,1970-07-31,80.342415,149.24548,68.96223,67.89635,63.665337,64.0
T000185,1970-10-31,70.015396,142.16576,69.30974,66.392204,43.40092,70.0
T000185,1971-01-31,76.69206,146.19968,67.25212,65.6434,36.647453,95.0
T000185,1971-04-30,103.03464,187.73328,83.55052,65.2679,44.3032,109.0
T000185,1971-07-31,117.31583,199.08157,102.58829,71.033455,45.312916,95.0
T000185,1971-10-31,103.30087,170.306,102.43363,74.64467,44.905952,98.0
T000185,1972-01-31,109.405075,163.8559,96.62606,96.27882,39.264168,125.0
T000185,1972-04-30,138.26553,191.17773,112.63456,96.59989,66.66406,136.0
T000185,1972-07-31,147.40486,197.97034,130.96223,99.71766,91.64604,114.0
T000185,1972-10-31,125.09001,157.2587,125.68142,109.5879,89.1154,112.0
T000185,1973-01-31,124.21144,152.20299,113.06195,113.964745,79.785,131.0
T000185,1973-04-30,141.10538,172.46915,122.29839,119.27835,94.01167,135.0
T000185,1973-07-31,140.83698,163.11432,133.16808,126.364296,107.51761,111.0
T000185,1973-10-31,117.23454,118.13977,123.74337,116.667496,111.000206,103.0
T000185,1974-01-31,112.278786,103.46685,107.24779,117.95141,101.765274,128.0
T000185,1974-04-30,134.52574,138.38222,116.55052,118.48659,110.73339,138.0
T000185,1974-07-31,141.277,144.04681,133.42021,129.20567,134.21886,118.0
T000185,1974-10-31,122.963905,113.385254,128.61948,119.85796,132.19005,114.0
T000185,1975-01-31,122.06087,116.735306,116.12389,116.74249,112.00925,137.0
T000185,1975-04-30,142.66968,153.52809,126.46648,123.06224,119.22005,148.0
T000185,1975-07-31,151.52579,166.97049,142.96223,129.37901,138.38478,125.0
T000185,1975-10-31,130.24521,131.68938,137.2124,126.49225,133.17192,118.0
T000185,1976-01-31,126.675186,127.533424,121.71681,121.83095,112.04038,135.0
T000185,1976-04-30,141.47168,151.54037,127.214355,130.13089,115.94495,142.0
T000185,1976-07-31,144.73958,150.61853,138.79414,137.04791,131.79779,122.0
T000185,1976-10-31,126.308105,117.22474,132.61948,128.20552,133.51729,115.0
T000185,1977-01-31,123.13122,110.226074,118.71681,126.53711,118.252304,131.0
T000185,1977-04-30,137.00716,133.82361,123.67233,126.562256,123.08438,127.0
T000185,1977-07-31,130.45496,115.86156,129.1239,129.73447,131.74142,87.0
T000185,1977-10-31,95.093216,46.823547,108.238945,128.39453,130.33481,65.0
T000185,1978-01-31,79.61545,12.848457,76.68142,124.30344,115.38022,75.0
T000185,1978-04-30,90.258156,21.767494,70.420204,96.67323,119.97618,75.0
T000185,1978-07-31,89.616554,10.570747,75.02437,83.10681,136.67734,59.0
T000185,1978-10-31,75.846886,-11.371368,67.49558,83.489624,126.560295,60.0
T000185,1979-01-31,79.40618,4.488304,59.54202,69.39541,105.458466,80.0
T000185,1979-04-30,96.01748,46.921246,70.840416,69.079155,104.21878,87.0
T000185,1979-07-31,97.5772,65.9233,83.79414,75.317955,111.13213,82.0
T000185,1979-10-31,89.57563,75.24276,84.65487,75.34933,109.249214,84.0
T000186,1969-10-31,0.1326124,0.08693472,0.02436807,0.16884193,0.42941806,313.0
T000186,1970-01-31,332.75293,579.9724,313.02094,338.0576,358.1218,321.0
T000186,1970-04-30,341.7671,615.6352,317.33615,334.98843,313.59433,325.0
T000186,1970-07-31,344.21844,673.8104,323.1681,350.63678,271.87695,324.0
T000186,1970-10-31,342.904,729.2131,324.53098,334.65356,209.64151,325.0
T000186,1971-01-31,341.7426,647.8892,324.54202,332.00687,154.90662,331.0
T000186,1971-04-30,344.45908,653.82623,328.25214,324.34583,192.16576,335.0
T000186,1971-07-31,344.83078,568.819,333.1681,325.18732,149.04274,333.0
T000186,1971-10-31,340.53287,523.9547,334.06195,325.176,224.79065,333.0
T000186,1972-01-31,343.88138,446.92654,333.02435,331.2797,136.05449,339.0
T000186,1972-04-30,343.13965,358.48438,336.25214,333.2014,320.49783,343.0
T000186,1972-07-31,346.39578,361.1269,341.1681,333.3994,329.44537,342.0
T000186,1972-10-31,345.27435,358.10995,342.53098,335.1582,332.14636,340.0
T000186,1973-01-31,343.55466,354.16312,341.06195,339.2157,329.7385,344.0
T000186,1973-04-30,347.2956,358.62082,342.1681,340.21222,330.58698,345.0
T000186,1973-07-31,347.36652,356.43875,344.54202,342.1938,336.09106,343.0
T000186,1973-10-31,344.87677,350.7603,344.06195,343.11337,338.22995,339.0
T000186,1974-01-31,341.2941,343.28964,341.1239,343.10287,336.3946,345.0
T000186,1974-04-30,346.8919,351.20486,342.25214,343.55103,338.6703,346.0
T000186,1974-07-31,346.97556,349.94022,345.54202,344.253,342.66425,344.0
T000186,1974-10-31,344.68015,345.15674,345.06195,344.46533,343.34485,342.0
T000186,1975-01-31,343.55978,343.64658,343.06195,343.46008,343.0507,349.0
T000186,1975-04-30,350.43927,354.9078,345.79416,344.37552,343.09283,351.0
T000186,1975-07-31,352.22098,358.05176,350.08405,345.23672,346.02716,349.0
T000186,1975-10-31,350.3037,354.73297,350.06195,346.13882,345.4378,348.0
T000186,1976-01-31,350.23483,355.41058,348.53098,348.15256,345.65427,354.0
T000186,1976-04-30,356.3439,364.9002,351.25214,349.2006,343.36877,357.0
T000186,1976-07-31,358.95963,368.4814,355.62607,349.42798,349.12308,355.0
T000186,1976-10-31,357.07758,364.68338,356.06195,351.15598,348.3942,355.0
T000186,1977-01-31,357.77075,366.0164,355.02435,354.22476,348.7306,360.0
T000186,1977-04-30,362.82562,373.13516,357.7101,355.17465,347.23648,363.0
T000186,1977-07-31,365.2584,375.67163,361.62607,355.36423,353.6971,362.0
T000186,1977-10-31,364.34155,373.58685,362.53098,357.136,354.77005,360.0
T000186,1978-01-31,362.7659,370.40826,361.06195,360.16956,353.26392,364.0
T000186,1978-04-30,366.64954,375.73196,362.1681,360.33124,353.04346,366.0
T000186,1978-07-31,367.9099,375.94983,365.08405,362.21524,358.3385,363.0
T000186,1978-10-31,364.56918,369.11243,364.59293,363.12823,359.04642,361.0
T000186,1979-01-31,362.96408,365.87115,362.06195,362.6777,358.11234,363.0
T000186,1979-04-30,364.50894,366.89346,362.08405,363.84756,358.04996,364.0
T000186,1979-07-31,364.6502,365.79083,363.54202,363.44186,362.0488,361.0
T000186,1979-10-31,361.5984,359.4526,362.59293,363.8602,362.81052,360.0
T000187,1969-10-31,0.1326124,0.08693472,0.02436807,0.16884193,0.42941806,37.2
T000187,1970-01-31,39.640587,69.00623,37.220924,40.12311,42.941105,15.7
T000187,1970-04-30,19.517418,32.467457,27.115934,16.080498,15.394234,11.0
T000187,1970-07-31,14.76713,28.363842,13.495577,16.43555,10.3496475,26.6
T000187,1970-10-31,30.716362,60.025543,19.455523,16.426603,11.975744,28.9
T000187,1971-01-31,32.129272,50.546036,27.846647,27.90151,20.36816,12.0
T000187,1971-04-30,15.796947,26.482292,20.973455,18.815292,9.929892,6.6
T000187,1971-07-31,12.065024,9.2128,9.4672575,16.202255,2.2441587,20.9
T000187,1971-10-31,25.63224,30.29692,14.350897,16.136715,17.043615,23.5
T000187,1972-01-31,26.640203,26.43378,22.309256,22.884975,11.46099,8.5
T000187,1972-04-30,12.571418,-5.432255,16.464605,14.580274,28.563274,4.5
T000187,1972-07-31,10.769127,-4.2457714,6.6238947,12.046036,13.736807,15.6
T000187,1972-10-31,19.884356,12.592212,10.516431,11.818835,12.169644,23.0
T000187,1973-01-31,25.61113,21.26371,19.610952,17.02367,26.451624,11.3
T000187,1973-04-30,14.414068,5.0586367,17.512392,12.664073,22.635853,5.9
T000187,1973-07-31,10.864351,2.5261211,8.767258,10.736832,12.293599,20.4
T000187,1973-10-31,24.025078,27.77179,13.7593,14.042864,11.299831,32.0
T000187,1974-01-31,34.229275,43.32005,26.68744,16.838108,24.559097,11.3
T000187,1974-04-30,14.680386,10.304739,22.291155,12.784934,17.158348,7.1
T000187,1974-07-31,12.458095,9.181831,9.33009,14.782862,7.516733,20.5
T000187,1974-10-31,24.711954,29.598713,14.363078,15.381044,8.494629,26.6
T000187,1975-01-31,28.70536,31.960987,23.806326,22.081017,18.31663,10.1
T000187,1975-04-30,13.428231,5.733348,18.861067,13.773552,17.01597,7.2
T000187,1975-07-31,13.200731,3.6779385,8.739823,13.182672,9.44768,18.2
T000187,1975-10-31,22.764688,21.404762,13.16223,13.434087,10.859468,23.1
T000187,1976-01-31,25.417465,22.5721,20.855904,19.498938,21.951416,8.7
T000187,1976-04-30,12.146991,-0.0023670197,16.346022,12.135164,22.130146,5.3
T000187,1976-07-31,10.498591,0.23960209,7.1053104,11.74079,8.864366,16.3
T000187,1976-10-31,20.07389,18.077381,11.262228,11.850881,10.1131115,24.3
T000187,1977-01-31,26.32847,26.441097,20.636166,17.341888,23.129698,7.9
T000187,1977-04-30,11.107063,0.90929127,16.60797,10.4242525,18.945591,4.0
T000187,1977-07-31,8.8924885,-0.18462753,6.070797,11.001759,7.122114,11.6
T000187,1977-10-31,15.22579,11.2811,8.119358,10.715092,7.1711783,17.6
T000187,1978-01-31,19.548851,15.319678,14.852125,13.4778,17.018196,7.5
T000187,1978-04-30,10.243571,1.1110439,12.862834,9.988516,17.458696,5.4
T000187,1978-07-31,9.811388,1.5541162,6.5150447,9.157194,7.7152905,15.2
T000187,1978-10-31,18.752909,19.147478,10.711803,9.834232,9.3204565,24.2
T000187,1979-01-31,26.178297,30.601143,20.078188,12.434243,16.858572,12.2
T000187,1979-04-30,14.802088,12.637153,18.571686,12.8487625,20.337175,9.1
T000187,1979-07-31,12.783927,13.138565,10.746018,10.683815,7.0144725,20.4
T000187,1979-10-31,23.75312,32.478516,15.224834,14.861499,10.09567,26.2
T000188,1969-10-31,0.1326124,0.08693472,0.02436807,0.16884193,0.42941806,2.1
T000188,1970-01-31,2.3542502,3.9775403,2.1111739,2.2211814,2.829271,3.9
T000188,1970-04-30,4.296859,7.4417324,3.0756373,2.2331417,2.8755496,2.9
T000188,1970-07-31,3.2395663,6.029679,3.4309738,3.0872855,2.7352684,2.5
T000188,1970-10-31,2.8083317,5.879354,2.7123895,2.6111112,1.5765101,3.2
T000188,1971-01-31,3.5567133,6.734102,2.8794146,2.9616995,1.6300938,5.2
T000188,1971-04-30,5.631649,9.763849,4.2840414,3.0846033,2.3086295,4.3
T000188,1971-07-31,4.6983094,7.903328,4.7778764,3.247167,2.1698837,3.1
T000188,1971-10-31,3.5136368,5.38284,3.7371683,3.2218816,1.5898005,3.8
T000188,1972-01-31,4.33726,6.1725473,3.4794145,3.5077622,1.6967403,6.3
T000188,1972-04-30,6.834276,9.135321,5.155052,4.209426,2.9632142,4.7
T000188,1972-07-31,5.117176,5.982874,5.5495577,4.421598,4.2789907,3.4
T000188,1972-10-31,3.9836056,4.0609574,4.0902658,4.066398,2.6942616,3.5
T000188,1973-01-31,4.1957316,4.127448,3.4542022,3.9095645,2.6686554,5.2
T000188,1973-04-30,5.541295,5.8617315,4.4214354,4.2899227,3.4470906,4.0
T000188,1973-07-31,4.299289,3.489882,4.6371684,4.3722677,4.8495026,2.7
T000188,1973-10-31,3.2563875,1.4169497,3.3902657,3.812366,3.803016,3.0
T000188,1974-01-31,3.7777188,2.334199,2.862606,3.7645454,3.4788785,5.2
T000188,1974-04-30,5.6479936,5.309781,4.1924458,3.959354,4.106073,3.8
T000188,1974-07-31,4.218153,2.7433286,4.543363,4.0785365,5.564568,2.4
T000188,1974-10-31,2.8941772,1.1160474,3.143363,3.2908087,3.8609085,3.5
T000188,1975-01-31,4.107426,3.6659262,2.996223,3.3694048,3.7968907,6.3
T000188,1975-04-30,6.71921,7.9668884,5.017658,3.9617047,4.062021,4.8
T000188,1975-07-31,5.1962633,5.504658,5.596461,3.900525,5.2401834,3.8
T000188,1975-10-31,4.3945713,4.5919952,4.3309736,3.913416,3.927895,4.6
T000188,1976-01-31,5.3224435,6.437702,4.2336164,4.1026525,3.5611649,7.6
T000188,1976-04-30,8.210728,10.838813,6.2260623,4.9767313,3.8192334,5.9
T000188,1976-07-31,6.4160757,7.731458,6.802655,4.9181523,5.3867025,5.2
T000188,1976-10-31,5.9551797,7.044029,5.5716815,4.8940096,4.246976,6.0
T000188,1977-01-31,6.89349,8.776345,5.6336164,5.4401646,4.1043234,10.1
T000188,1977-04-30,10.925409,14.686747,8.222285,6.238256,5.037186,8.0
T000188,1977-07-31,8.708719,10.890109,9.115045,6.1251965,6.8923807,6.2
T000188,1977-10-31,7.1127768,8.14903,7.1557527,6.232836,4.9602456,6.1
T000188,1978-01-31,7.1776,8.247263,6.153097,6.663306,4.6662383,10.1
T000188,1978-04-30,10.825088,13.322008,8.268084,7.384241,5.3519373,7.6
T000188,1978-07-31,8.19418,8.471902,8.927435,8.084962,7.3136125,4.9
T000188,1978-10-31,5.785099,3.8433084,6.3336287,6.770353,5.013953,4.6
T000188,1979-01-31,5.952111,3.586385,4.759292,6.949981,5.589597,7.5
T000188,1979-04-30,8.237463,6.5231304,6.17186,6.8560905,5.8523903,4.9
T000188,1979-07-31,5.697359,1.5219364,6.2805314,5.651926,8.705351,3.4
T000188,1979-10-31,4.4229736,-0.33100462,4.1964607,5.541184,7.048476,3.9
T000189,1969-10-31,0.1326124,0.08693472,0.02436807,0.16884193,0.42941806,29.0
T000189,1970-01-31,30.927391,53.814346,29.020924,31.26527,33.570248,30.1
T000189,1970-04-30,32.073418,57.719994,29.596222,31.043556,29.213585,30.6
T000189,1970-07-31,32.439186,63.375664,30.37101,32.863598,25.639286,31.3
T000189,1970-10-31,33.17128,70.06033,30.979416,31.433712,20.072392,33.2
T000189,1971-01-31,35.071754,66.06072,32.329838,31.167356,15.681892,34.9
T000189,1971-04-30,36.677837,68.9451,34.121437,30.674006,18.987272,36.1
T000189,1971-07-31,37.74162,63.103035,35.550426,31.39466,15.560153,37.1
T000189,1971-10-31,38.691727,61.410236,36.642017,33.330906,22.105043,37.0
T000189,1972-01-31,38.99312,53.930588,37.053097,35.02842,15.132862,39.0
T000189,1972-04-30,40.763927,48.097717,38.08404,36.201958,32.153755,39.8
T000189,1972-07-31,41.510563,48.420834,39.433617,37.06232,33.449726,41.6
T000189,1972-10-31,43.412582,50.76789,40.775635,37.19387,35.177845,40.8
T000189,1973-01-31,42.5423,48.63174,41.224777,39.088722,34.838776,43.3
T000189,1973-04-30,44.97103,51.640278,42.155052,39.898666,35.82876,43.7
T000189,1973-07-31,45.269535,51.57145,43.516808,40.86996,37.900364,45.1
T000189,1973-10-31,46.607796,52.770187,44.45883,41.6985,38.881836,43.8
T000189,1974-01-31,45.280876,50.364967,44.49026,43.3541,39.864983,46.4
T000189,1974-04-30,47.9179,53.63951,45.20925,43.781754,39.819084,46.7
T000189,1974-07-31,48.06979,53.43961,46.56261,43.932167,42.51315,47.7
T000189,1974-10-31,48.936295,53.795513,47.24202,45.182,42.268658,48.0
T000189,1975-01-31,49.32421,54.454617,47.862606,46.47419,44.048412,50.3
T000189,1975-04-30,51.759434,57.457283,49.24665,46.785995,43.412453,50.6
T000189,1975-07-31,51.955547,57.600147,50.462605,47.761017,46.180496,53.6
T000189,1975-10-31,55.166157,62.311687,52.22606,48.120583,45.853806,53.6
T000189,1976-01-31,55.36776,62.350853,53.624367,50.41971,48.06288,56.4
T000189,1976-04-30,58.442352,66.92406,55.117657,50.761303,46.544884,57.0
T000189,1976-07-31,59.043377,67.55692,56.725212,53.74317,49.983883,58.8
T000189,1976-10-31,60.931076,69.53833,57.97564,53.764153,49.256187,58.4
T000189,1977-01-31,60.533115,68.70165,58.61239,56.514633,52.302467,60.2
T000189,1977-04-30,62.27658,70.07095,59.37564,57.1104,51.169975,60.8
T000189,1977-07-31,62.724575,70.1658,60.52521,58.473183,55.207577,61.9
T000189,1977-10-31,63.694275,70.30828,61.39622,58.884396,54.586075,60.6
T000189,1978-01-31,62.094025,66.95996,61.290264,60.23992,56.940777,61.9
T000189,1978-04-30,63.25815,67.773415,61.304626,60.658875,56.21646,62.0
T000189,1978-07-31,63.03257,66.673805,61.954205,60.9295,59.290905,63.8
T000189,1978-10-31,64.74531,68.58534,62.97564,61.940475,59.378525,62.7
T000189,1979-01-31,63.57501,66.36221,63.28407,61.918903,60.50035,64.4
T000189,1979-04-30,65.32887,68.69876,63.621437,62.06124,60.65822,65.8
T000189,1979-07-31,66.7589,71.04784,65.15884,62.798607,62.1437,68.3
T000189,1979-10-31,69.414696,74.74304,67.15505,63.881474,61.96596,67.1
T000190,1963-10-31,0.1326124,0.08693472,0.02436807,0.16884193,0.42941806,119.0
T000190,1964-01-31,126.568855,220.5546,119.02093,128.48695,136.42111,328.0
T000190,1964-04-30,366.57306,624.5847,232.28233,125.04681,210.22253,200.0
T000190,1964-07-31,232.39716,418.64822,267.96463,210.15663,194.79045,290.0
T000190,1964-10-31,322.49567,631.2268,248.78188,211.60045,185.59444,471.0
T000190,1965-01-31,524.31195,960.1233,388.10577,300.48474,265.05518,159.0
T000190,1965-04-30,202.47177,327.2449,324.6638,230.73898,52.93506,115.0
T000190,1965-07-31,164.32233,267.95914,138.36284,263.6917,73.65029,177.0
T000190,1965-10-31,222.87479,262.06726,148.60529,207.83598,50.235764,282.0
T000190,1966-01-31,324.727,328.82526,233.91219,214.10178,184.56213,114.0
T000190,1966-04-30,166.94067,12.166702,203.20358,206.41647,131.10152,95.0
T000190,1966-07-31,167.31891,-88.09735,105.0885,143.17613,249.61813,145.0
T000190,1966-10-31,217.26764,63.855133,122.101036,137.34225,223.88974,238.0
T000190,1967-01-31,278.10727,158.74591,195.40793,166.65804,198.14775,103.0
T000190,1967-04-30,151.10779,-28.318176,174.68144,137.32915,340.18304,84.0
T000190,1967-07-31,123.80112,22.182953,94.0885,124.10069,116.04667,144.0
T000190,1967-10-31,181.32538,147.73216,116.52125,124.29259,135.97522,333.0
T000191,1967-10-31,0.1326124,0.08693472,0.02436807,0.16884193,0.42941806,60.0
T000191,1968-01-31,63.868877,111.24709,60.020924,64.75264,68.99666,90.0
T000191,1968-04-30,98.133545,171.98943,76.26062,64.16857,72.69098,104.0
T000191,1968-07-31,112.97911,209.8049,97.58829,97.026375,89.9289,101.0
T000191,1968-10-31,109.859695,220.5752,102.59292,95.09191,69.487305,78.0
T000191,1969-01-31,87.77028,168.91788,90.212395,91.84581,45.145077,64.0
T000191,1969-04-30,72.14943,134.68141,71.43363,85.87283,34.96858,97.0
T000191,1969-07-31,104.066055,168.8934,81.88669,95.375565,52.738903,86.0
T000191,1969-10-31,91.104454,128.35919,91.84071,90.46174,60.09424,54.0
T000191,1970-01-31,64.101074,55.044483,70.99116,85.22308,43.515156,74.0
T000191,1970-04-30,86.04342,71.45566,64.840416,79.95351,73.14027,107.0
T000191,1970-07-31,114.4708,112.518936,91.88669,81.14615,101.83051,74.0
T000191,1970-10-31,80.63592,57.184273,91.52213,78.53055,95.3691,65.0
T000191,1971-01-31,72.77429,54.632263,69.77876,78.746376,84.346146,69.0
T000191,1971-04-30,78.456764,66.291985,67.16808,75.137695,78.29249,98.0
T000191,1971-07-31,103.73483,110.933685,84.718605,80.341576,75.2909,102.0
T000191,1971-10-31,106.91763,118.73412,100.16808,75.87435,95.445045,90.0
T000192,1975-10-31,0.1326124,0.08693472,0.02436807,0.16884193,0.42941806,102.0
T000192,1976-01-31,108.50226,189.0592,102.02093,110.122826,116.99371,102.0
T000192,1976-04-30,108.467636,195.76599,102.02437,109.07538,101.47125,100.0
T000192,1976-07-31,105.906494,208.39932,101.06195,111.41848,84.74851,104.0
T000192,1976-10-31,110.1567,233.88222,102.16808,106.33066,66.939545,100.0
T000192,1977-01-31,105.141556,198.66888,102.12389,104.88652,48.075863,106.0
T000192,1977-04-30,110.40789,208.65732,103.25212,102.10732,62.48527,98.0
T000192,1977-07-31,101.322395,164.99194,102.24779,100.88739,44.47531,109.0
T000192,1977-10-31,112.129105,170.92108,103.96223,100.66031,73.455696,108.0
T000192,1978-01-31,111.84229,146.4129,108.530975,104.34033,43.9798,106.0
T000192,1978-04-30,107.241295,109.12664,107.06195,106.13542,101.06517,98.0
T000192,1978-07-31,100.536674,99.250725,102.24779,108.14292,102.19293,100.0
T000192,1978-10-31,101.437386,97.44267,99.08404,101.95302,94.86628,107.0
T000192,1979-01-31,108.71828,110.36301,103.79414,107.509834,110.19919,110.0
T000192,1979-04-30,111.49759,113.45232,108.62606,106.17296,105.03096,101.0
T000192,1979-07-31,103.83399,99.619545,105.77876,101.54744,110.32155,114.0
T000192,1979-10-31,117.05989,124.96471,108.04627,101.60148,105.0385,112.0
T000192,1980-01-31,114.11739,118.7242,113.06195,107.4723,110.198875,112.0
T000192,1980-04-30,113.50613,119.43559,112.02437,110.126884,109.03578,102.0
T000192,1980-07-31,105.191666,105.58256,107.30974,112.23051,105.565125,114.0
T000192,1980-10-31,116.96099,123.60033,108.50425,112.63389,104.53878,110.0
T000192,1981-01-31,112.38211,115.63048,112.12389,113.47063,107.93977,109.0
T000192,1981-04-30,110.260864,108.085045,109.530975,110.74978,106.73046,96.0
T000192,1981-07-31,100.35093,88.45693,102.90266,112.50242,111.00769,111.0
T000192,1981-10-31,114.00914,111.23851,104.13031,110.67606,105.52624,107.0
T000192,1982-01-31,109.46044,102.88024,109.12389,111.05008,116.14905,107.0
T000192,1982-04-30,108.74332,101.39167,107.02437,107.919846,110.283066,94.0
T000192,1982-07-31,98.8667,85.05053,100.90266,110.56762,111.959946,107.0
T000192,1982-10-31,110.02943,104.58004,101.04627,108.58498,103.75116,104.0
T000192,1983-01-31,106.67975,99.92021,105.59292,109.150925,115.312355,101.0
T000192,1983-04-30,102.74225,92.69437,102.59292,105.57962,107.296776,88.0
T000192,1983-07-31,93.25119,76.622765,94.90266,105.04918,109.08758,102.0
T000192,1983-10-31,105.5697,98.13998,95.58829,103.48683,98.62457,100.0
T000192,1984-01-31,103.025734,93.552246,101.06195,103.273865,112.51291,98.0
T000192,1984-04-30,100.05475,89.54054,99.06195,101.803055,103.43323,87.0
T000192,1984-07-31,92.07398,77.21274,92.84071,101.38607,107.02195,103.0
T000192,1984-10-31,106.2261,103.86569,95.67233,99.13641,97.99064,101.0
T000192,1985-01-31,103.4625,100.39161,102.06195,101.01035,109.21099,102.0
T000192,1985-04-30,103.53959,102.47476,101.54202,100.29572,102.84932,91.0
T000192,1985-07-31,95.461975,90.57585,96.84071,100.09371,103.700905,106.0
T000192,1985-10-31,109.0897,114.699745,99.13031,101.49797,94.042625,102.0
T000192,1986-01-31,104.04682,106.639694,104.12389,102.90338,104.75462,103.0
T000192,1986-04-30,104.39546,106.2658,102.54202,102.306,99.704155,90.0
T000192,1986-07-31,94.65487,89.12241,96.90266,105.24113,101.76603,104.0
T000192,1986-10-31,107.14205,109.17534,97.58829,103.15911,93.26102,102.0
T000192,1987-01-31,104.073135,103.943695,103.06195,103.44031,106.78189,100.0
T000192,1987-04-30,101.41342,97.20228,101.06195,103.36238,99.6948,89.0
T000192,1987-07-31,93.63031,84.07566,94.84071,103.38607,105.280136,99.0
T000192,1987-10-31,101.8618,97.49495,94.420204,101.10385,93.410164,100.0
T000192,1988-01-31,102.22791,98.25891,99.54202,101.861046,108.0616,96.0
T000192,1988-04-30,97.52005,89.65621,98.12389,101.13056,99.39508,81.0
T000192,1988-07-31,86.1024,68.37248,88.96461,100.04851,102.85958,98.0
T000192,1988-10-31,101.77896,97.234505,90.214355,97.95957,94.38887,95.0
T000192,1989-01-31,97.7848,88.92969,96.59292,98.33282,105.010544,92.0
T000192,1989-04-30,94.021324,83.86023,93.59292,97.04841,99.92001,79.0
T000192,1989-07-31,84.31328,68.06478,85.90266,96.249695,99.35923,94.0
T000192,1989-10-31,97.59226,91.49524,87.13031,93.999306,92.69075,96.0
T000192,1990-01-31,98.67989,95.77911,95.08404,95.628204,103.4168,94.0
T000192,1990-04-30,95.85891,90.74504,95.06195,95.19822,97.01199,80.0
T000192,1990-07-31,85.312416,74.83825,87.43363,94.812386,98.517525,93.0
T000192,1990-10-31,96.487274,95.83604,87.04627,93.98176,85.37445,84.0
T000193,1975-10-31,0.1326124,0.08693472,0.02436807,0.16884193,0.42941806,561.0
T000193,1976-01-31,596.3414,1039.4343,561.02094,605.96246,641.5331,373.0
T000193,1976-04-30,419.9114,736.10486,472.82306,390.80792,368.1121,282.0
T000193,1976-07-31,329.32385,646.968,330.3186,400.888,293.69785,346.0
T000193,1976-10-31,396.1794,828.25433,316.68933,355.6652,198.76654,546.0
T000193,1977-01-31,594.1886,1002.99133,454.40414,398.44925,250.76114,372.0
T000193,1977-04-30,419.71143,731.651,464.38943,402.80267,247.52197,272.0
T000193,1977-07-31,327.545,441.37167,325.09738,381.38867,139.4318,305.0
T000193,1977-10-31,367.88766,469.654,289.8867,341.32224,256.82147,463.0
T000193,1978-01-31,499.18066,576.61487,390.63928,382.15317,169.44728,326.0
T000193,1978-04-30,361.99384,231.69495,398.7434,358.9687,483.30804,243.0
T000193,1978-07-31,293.23068,141.42934,287.0708,331.48926,331.7835,266.0
T000193,1978-10-31,329.88782,214.78775,255.46648,301.09238,307.64178,397.0
T000193,1979-01-31,431.06256,361.30215,337.00473,334.16803,334.48367,298.0
T000193,1979-04-30,333.11758,195.06891,350.5664,323.79886,454.09796,210.0
T000193,1979-07-31,250.3686,100.41789,256.72568,288.22015,317.9726,214.0
T000193,1979-10-31,267.97617,146.91641,212.16808,270.505,278.69388,352.0
T000193,1980-01-31,382.2059,328.73157,288.79886,294.84943,314.80975,258.0
T000193,1980-04-30,288.28442,162.89685,307.91153,281.83777,395.4967,226.0
T000193,1980-07-31,257.36856,164.70148,242.99117,236.1014,298.70053,233.0
T000193,1980-10-31,276.19363,216.94557,229.79414,242.08849,254.53294,392.0
T000193,1981-01-31,416.90082,452.9862,319.1813,265.01648,284.23566,320.0
T000193,1981-04-30,343.63748,343.482,358.2301,264.58676,361.4455,250.0
T000193,1981-07-31,277.80826,255.66818,287.16815,259.009,256.7959,299.0
T000193,1981-10-31,338.25906,392.87515,276.55902,270.4796,253.1198,478.0
T000193,1982-01-31,511.11313,648.90894,396.02173,321.13754,249.56503,399.0
T000193,1982-04-30,427.35422,509.85733,440.94693,325.90634,375.44693,317.0
T000193,1982-07-31,356.37042,399.16974,360.53986,325.21384,259.60144,333.0
T000193,1982-10-31,381.62454,438.593,325.67233,339.78568,290.60446,463.0
T000193,1983-01-31,495.35803,593.20166,403.4627,373.4942,284.0723,400.0
T000193,1983-04-30,421.37448,454.92618,433.45135,415.04547,390.1453,315.0
T000193,1983-07-31,350.60724,320.68115,360.13275,345.75592,292.06577,350.0
T000193,1983-10-31,397.21213,399.1193,333.97073,354.0817,305.5395,518.0
T000193,1984-01-31,547.5009,628.2383,441.05948,385.588,345.55692,529.0
T000193,1984-04-30,552.96204,636.2638,523.9622,404.37817,514.8519,455.0
T000193,1984-07-31,493.39352,560.83215,494.29205,402.81763,426.2779,478.0
T000193,1984-10-31,527.8138,644.93713,467.4665,459.39383,385.2233,664.0
T000193,1985-01-31,714.69324,933.45337,578.81586,490.90393,435.11905,584.0
T000193,1985-04-30,622.01196,759.0067,626.4779,521.4744,487.00095,468.0
T000193,1985-07-31,515.4522,579.02765,529.59296,492.62686,420.00125,493.0
T000193,1985-10-31,551.8009,625.0248,481.5505,506.78976,388.9923,645.0
T000193,1986-01-31,685.29834,792.5209,575.38715,541.04663,431.35873,571.0
T000193,1986-04-30,593.46045,615.1832,610.29205,591.2167,542.2458,502.0
T000193,1986-07-31,536.3596,501.0075,538.6372,512.29236,500.85434,530.0
T000193,1986-10-31,579.25366,574.66705,517.1766,523.9988,492.05756,650.0
T000193,1987-01-31,677.0835,725.0458,595.0425,562.1972,513.65283,522.0
T000193,1987-04-30,544.23883,475.9644,589.96466,549.60767,592.6881,438.0
T000193,1987-07-31,472.43994,360.84113,482.60178,552.74713,532.6991,470.0
T000193,1987-10-31,515.7397,440.3723,455.34467,528.16565,488.0045,624.0
T000193,1988-01-31,651.45306,643.8576,553.4712,548.90393,535.991,520.0
T000193,1988-04-30,548.28906,456.75546,575.22125,542.748,619.065,448.0
T000193,1988-07-31,486.18884,371.78467,486.2301,485.6534,546.6847,507.0
T000193,1988-10-31,550.98724,515.6648,479.97922,494.6635,523.8897,832.0
T000194,1975-10-31,0.1326124,0.08693472,0.02436807,0.16884193,0.42941806,87.3
T000194,1976-01-31,92.88021,161.82498,87.32093,94.24326,100.19475,90.1
T000194,1976-04-30,95.96974,172.78741,88.81766,93.44285,87.717026,92.9
T000194,1976-07-31,98.536194,192.22427,91.61766,98.319145,77.617096,91.5
T000194,1976-10-31,96.951706,205.78973,92.24336,93.93534,59.099022,91.5
T000194,1977-01-31,96.41177,182.87724,91.52437,93.64234,44.264297,94.8
T000194,1977-04-30,98.90226,187.50897,93.28867,91.61193,54.937073,97.8
T000194,1977-07-31,100.96695,166.73087,96.42606,91.75922,42.657665,97.6
T000194,1977-10-31,100.21304,155.35553,97.70619,92.99898,63.71797,97.6
T000194,1978-01-31,101.32139,134.01912,97.62437,94.95828,39.66463,100.8
T000194,1978-04-30,103.11868,112.13115,99.334465,97.8676,91.253746,102.6
T000194,1978-07-31,104.66761,113.42466,101.775635,97.71248,93.41118,101.2
T000194,1978-10-31,103.05606,109.97879,101.94336,97.87702,96.64263,99.4
T000194,1979-01-31,101.36825,106.52212,100.35576,99.62249,94.794754,100.2
T000194,1979-04-30,101.85162,105.93344,99.83362,100.769165,94.462074,102.2
T000194,1979-07-31,103.254005,106.83857,101.284035,101.18614,97.69525,99.4
T000194,1979-10-31,100.11909,100.08901,100.88673,100.70581,98.51558,96.9
T000194,1980-01-31,98.03196,95.37364,98.22743,100.12774,98.387405,99.2
T000194,1980-04-30,100.30958,98.569275,98.14665,100.03137,98.72469,101.2
T000194,1980-07-31,101.8699,100.246376,100.284035,99.84801,101.437004,100.4
T000194,1980-10-31,100.998665,99.34228,100.82478,99.61736,102.636185,99.8
T000194,1981-01-31,100.66154,99.782486,100.11859,99.4467,101.01162,102.8
T000194,1981-04-30,103.69269,105.871315,101.42606,99.903564,100.654625,103.2
T000194,1981-07-31,103.88523,106.38045,103.01681,100.532845,100.56619,102.2
T000194,1981-10-31,102.80019,104.84311,102.73097,101.24666,101.50537,99.8
T000194,1982-01-31,100.87403,101.68292,101.07433,100.868004,98.89515,100.6
T000194,1982-04-30,101.49217,102.29059,100.23361,101.23383,98.05964,101.0
T000194,1982-07-31,101.50158,101.41957,100.81681,101.44014,99.760315,98.5
T000194,1982-10-31,99.13146,95.570694,99.82743,101.09369,100.33333,96.8
T000194,1983-01-31,98.08773,93.05585,97.70266,100.41018,100.43061,99.5
T000194,1983-04-30,100.725624,97.12566,98.26346,100.05853,100.16465,100.7
T000194,1983-07-31,101.65271,98.5028,100.15042,99.82245,103.27376,99.2
T000194,1983-10-31,100.001564,96.7926,99.99646,99.503944,102.071396,97.9
T000194,1984-01-31,98.89345,96.102356,98.59027,98.84481,101.27497,100.9
T000194,1984-04-30,101.545616,102.04164,99.52606,99.41365,100.51219,102.5
T000194,1984-07-31,102.96508,104.87166,101.76723,99.73138,101.15843,101.8
T000194,1984-10-31,102.37527,104.245674,102.171684,100.74358,101.10472,101.7
T000194,1985-01-31,102.80553,105.66266,101.7531,100.98248,99.91426,105.9
T000194,1985-04-30,107.297104,113.01668,103.976494,101.80687,99.97524,107.8
T000194,1985-07-31,109.15962,115.69274,106.92985,102.01313,101.4543,107.7
T000194,1985-10-31,109.231346,115.77687,107.7531,102.60819,101.68839,107.1
T000194,1986-01-31,109.078285,115.683334,107.41858,106.06391,101.13485,110.4
T000194,1986-04-30,112.51764,120.63333,108.88867,107.25641,100.92893,110.7
T000194,1986-07-31,112.44519,119.51234,110.56261,107.77456,104.83478,107.4
T000194,1986-10-31,108.813225,112.27476,109.152214,107.95093,104.22886,101.9
T000195,1975-10-31,0.1326124,0.08693472,0.02436807,0.16884193,0.42941806,41.0
T000195,1976-01-31,43.67856,76.04637,41.020924,44.228035,47.283695,41.1
T000195,1976-04-30,43.70005,78.84492,41.054203,43.86399,40.659042,41.4
T000195,1976-07-31,43.814392,85.98723,41.262608,44.941093,34.42568,40.9
T000195,1976-10-31,43.2461,92.398834,41.16549,42.68611,26.31803,41.0
T000195,1977-01-31,43.12521,81.46043,40.954205,42.20322,19.19108,41.0
T000195,1977-04-30,42.55821,80.92776,41.02437,41.04811,24.112476,40.9
T000195,1977-07-31,42.016884,68.574005,40.9531,41.049805,18.115517,41.3
T000195,1977-10-31,42.199104,64.13133,41.116806,41.027515,28.634674,41.1
T000195,1978-01-31,42.29817,53.67446,41.206192,41.008774,16.741735,40.7
T000195,1978-04-30,40.81159,40.450897,40.91239,41.09467,40.99727,40.8
T000195,1978-07-31,40.900585,40.60901,40.754204,40.99452,40.893826,40.5
T000195,1978-10-31,40.618793,39.873264,40.659294,40.859177,41.068916,40.2
T000195,1979-01-31,40.361206,39.45465,40.35929,40.79748,40.859417,40.3
T000195,1979-04-30,40.516335,39.569572,40.254204,40.59136,40.942406,40.3
T000195,1979-07-31,40.533344,39.485065,40.324368,40.35811,41.08237,40.4
T000195,1979-10-31,40.621304,39.789562,40.354202,40.36668,40.841064,40.2
T000195,1980-01-31,40.40528,39.477802,40.3062,40.346886,40.85777,40.4
T000195,1980-04-30,40.5568,40.05362,40.308407,40.308212,40.900238,40.3
T000195,1980-07-31,40.395447,40.083946,40.353096,40.31881,40.483242,40.2
T000195,1980-10-31,40.261696,39.91151,40.253098,40.32829,40.51281,40.4
T000195,1981-01-31,40.447174,40.493908,40.308407,40.318623,40.545143,40.1
T000195,1981-04-30,40.1411,39.90394,40.259293,40.22844,40.180676,40.1
T000195,1981-07-31,40.159836,39.939285,40.124367,40.251335,40.36915,39.6
T000195,1981-10-31,39.728848,38.98207,39.865486,40.153507,40.04237,39.8
T000195,1982-01-31,39.947117,39.236694,39.7084,40.211044,40.36911,39.8
T000195,1982-04-30,39.955585,39.30444,39.824368,39.8988,40.26599,39.6
T000195,1982-07-31,39.76132,38.80067,39.706192,39.878777,40.36987,39.6
T000195,1982-10-31,39.803932,39.076042,39.624367,39.683327,40.21642,39.3
T000195,1983-01-31,39.49317,38.463375,39.45929,39.643383,39.872036,39.5
T000195,1983-04-30,39.674892,38.933548,39.408405,39.654396,40.14717,39.7
T000195,1983-07-31,39.8139,39.415108,39.608402,39.640114,39.882816,40.0
T000195,1983-10-31,40.0943,40.05953,39.862606,39.60615,40.13609,39.8
T000195,1984-01-31,39.90347,40.018227,39.906197,39.60565,39.690495,40.0
T000195,1984-04-30,40.096813,40.37476,39.908405,39.7166,39.776886,40.0
T000195,1984-07-31,40.1084,40.490505,40.02437,39.816833,39.810646,40.1
T000195,1984-10-31,40.20295,40.632114,40.054203,40.007183,39.638756,40.1
T000195,1985-01-31,40.2297,40.71481,40.124367,40.0031,39.84752,39.7
T000195,1985-04-30,39.824574,39.866962,39.91239,40.095314,39.42584,39.3
T000195,1985-07-31,39.437824,39.02474,39.51239,40.141254,39.5388,39.5
T000195,1985-10-31,39.6359,39.11048,39.408405,39.829674,39.657494,39.4
T000195,1986-01-31,39.5537,38.734932,39.4531,39.59887,40.032978,38.6
T000195,1986-04-30,38.863567,37.31339,39.02478,39.514492,39.69379,38.8
T000195,1986-07-31,39.153027,37.69555,38.7084,39.43662,39.934464,38.5
T000195,1986-10-31,38.851135,37.05552,38.659294,38.907753,39.86462,38.5
T000196,1975-10-31,0.1326124,0.08693472,0.02436807,0.16884193,0.42941806,197.0
T000196,1976-01-31,209.4654,365.0628,197.02092,212.74722,225.55852,348.0
T000196,1976-04-30,382.55695,664.24585,278.84512,209.82768,261.86426,360.0
T000196,1976-07-31,393.48254,727.8567,354.50424,375.82407,322.59933,668.0
T000196,1976-10-31,733.3762,1366.9717,526.9424,370.88937,351.06235,630.0
T000196,1977-01-31,711.9562,1292.8026,650.177,371.1413,302.80615,553.0
T000196,1977-04-30,629.0889,1154.819,593.88495,370.19815,232.49445,786.0
T000196,1977-07-31,880.63684,1569.5569,679.29083,560.9136,424.00232,356.0
T000196,1977-10-31,421.03918,614.96625,584.31866,612.4202,78.97769,735.0
T000196,1978-01-31,814.5127,1248.7063,561.42584,648.4766,434.94223,1207.0
T000196,1978-04-30,1343.7355,1960.2699,990.8338,660.5244,580.67377,2684.0
T000196,1978-07-31,2989.4585,4604.995,2007.5647,784.18036,1138.1753,552.0
T000196,1978-10-31,899.35724,957.38135,1684.0359,867.56305,136.3378,815.0
T000196,1979-01-31,1132.3818,1381.6135,694.55145,967.509,276.17636,1325.0
T000196,1979-04-30,1637.2615,2259.123,1091.4305,1056.1643,609.02814,1176.0
T000196,1979-07-31,1350.6195,1182.5292,1255.1151,1392.393,440.84247,730.0
T000196,1979-10-31,1014.25604,882.39075,966.8143,1062.7599,1037.8533,1451.0
T000196,1980-01-31,1818.1062,1756.0579,1120.797,879.57495,562.5579,1246.0
T000196,1980-04-30,1562.6177,1381.7877,1354.8496,1210.0225,1473.7198,1764.0
T000196,1980-07-31,1962.3464,2092.8608,1526.7667,1256.1122,1015.29755,622.0
T000196,1980-10-31,933.9904,114.12891,1228.372,1358.6637,2049.197,407.0
T000196,1981-01-31,622.15533,49.06421,521.15936,967.9616,445.70047,2334.0
T000196,1981-04-30,2582.9233,3517.581,1451.474,1368.5477,1596.7472,3426.0
T000196,1981-07-31,3735.5747,5043.0625,2925.8867,1333.631,2016.3298,1585.0
T000196,1981-10-31,2009.4414,2400.3252,2562.5225,1644.0364,1554.5891,388.0
T000196,1982-01-31,906.8026,493.21777,1023.5755,1002.8896,245.37567,2178.0
T000196,1982-04-30,2575.5828,3204.2285,1358.2172,2052.773,1722.0859,2083.0
T000196,1982-07-31,2341.6377,2455.1968,2133.4424,2409.2253,1532.0695,1892.0
T000196,1982-10-31,2190.587,2238.1606,1993.416,2152.156,2261.2122,622.0
T000196,1983-01-31,1315.4989,362.32788,1296.3365,1894.3762,1276.8921,675.0
T000196,1983-04-30,1221.9165,-148.26184,650.7271,988.95355,944.1572,1073.0
T000196,1983-07-31,1477.3247,85.27649,890.72424,1269.5999,1995.98,724.0
T000196,1983-10-31,1040.3954,-956.9464,909.3098,937.869,2227.975,735.0
T000196,1984-01-31,1174.3151,92.16028,729.9622,885.30347,1765.9724,4049.0
T000196,1984-04-30,4614.8994,6286.3535,2531.2568,877.89813,1350.9215,2277.0
T000196,1984-07-31,2745.3667,2918.632,3217.8853,821.30054,1880.3324,943.0
T000196,1984-10-31,1371.1434,1178.2456,1651.3188,1180.341,824.6772,566.0
T000196,1985-01-31,1146.0784,944.9149,766.17706,1175.1803,503.54224,1475.0
T000196,1985-04-30,1825.5392,1600.1239,1058.6969,1312.7491,184.1101,2571.0
T000196,1985-07-31,2959.993,3767.2114,2069.0547,1787.7174,1439.7872,1158.0
T000196,1985-10-31,1662.7172,671.60425,1908.2659,1308.0802,800.21,1130.0
T000196,1986-01-31,1884.041,1177.8369,1144.8673,1279.8716,1517.5591,4075.0
T000196,1986-04-30,4669.758,6185.4375,2726.2512,1489.686,1052.196,2840.0
T000196,1986-07-31,3221.0293,3218.2173,3495.7524,1631.0743,3045.5518,1638.0
T000196,1986-10-31,2034.3369,2383.799,2276.2305,1783.8301,1787.8417,1295.0
T000197,1975-10-31,0.1326124,0.08693472,0.02436807,0.16884193,0.42941806,62.0
T000197,1976-01-31,65.9942,114.95243,62.020924,66.913124,71.28223,63.0
T000197,1976-04-30,67.035355,120.8383,62.54202,66.34545,61.859406,63.0
T000197,1976-07-31,66.65169,130.83594,63.02437,68.842995,52.836014,63.0
T000197,1976-10-31,66.64831,142.03291,63.02437,65.64751,40.85314,64.0
T000197,1977-01-31,67.24961,127.21192,63.54202,64.60805,30.179878,65.0
T000197,1977-04-30,67.56916,128.15291,64.54202,63.052593,37.69433,65.0
T000197,1977-07-31,66.88721,110.21097,65.02437,63.053665,28.584255,66.0
T000197,1977-10-31,67.56275,104.114494,65.54202,64.06511,43.956287,66.0
T000197,1978-01-31,68.08667,88.883675,66.02437,65.064804,26.855183,67.0
T000197,1978-04-30,67.83597,71.33191,66.54202,65.06111,63.334797,68.0
T000197,1978-07-31,68.87702,72.82594,67.54202,66.0505,64.70025,68.0
T000197,1978-10-31,68.92506,72.36396,68.02437,66.06162,64.321365,69.0
T000197,1979-01-31,70.019966,74.17647,68.54202,67.06511,65.20317,70.0
T000197,1979-04-30,71.00915,75.158966,69.54202,68.066086,65.14263,70.0
T000197,1979-07-31,70.954956,74.661606,70.02437,68.06162,66.46779,72.0
T000197,1979-10-31,73.12523,78.18076,71.08404,69.0596,67.67848,73.0
T000197,1980-01-31,74.22687,79.35742,72.54202,70.06475,68.00204,74.0
T000197,1980-04-30,75.35894,80.96042,73.54202,70.08735,68.161415,75.0
T000197,1980-07-31,76.443115,82.55054,74.54202,72.10854,69.32396,76.0
T000197,1980-10-31,77.50427,83.54661,75.54202,73.099236,69.46831,78.0
T000197,1981-01-31,79.692696,87.017395,77.08404,74.076836,71.286156,79.0
T000197,1981-04-30,80.73262,87.93292,78.54202,75.07764,72.16586,81.0
T000197,1981-07-31,82.93245,91.08436,80.08404,76.118034,73.41313,82.0
T000197,1981-10-31,84.078156,92.409424,81.54202,78.13201,73.62304,83.0
T000197,1982-01-31,85.00447,92.98569,82.54202,79.12885,74.88324,85.0
T000197,1982-04-30,87.10917,96.02104,84.08404,81.13319,76.955696,87.0
T000197,1982-07-31,89.21097,98.39568,86.08404,82.09387,77.779305,88.0
T000197,1982-10-31,90.28338,99.48935,87.54202,83.121254,79.68766,90.0
T000197,1983-01-31,92.392784,102.154724,89.08404,85.148,80.20591,92.0
T000197,1983-04-30,94.4587,104.55203,91.08404,87.15242,82.257484,93.0
T000197,1983-07-31,95.45302,105.25812,92.54202,88.12737,83.02535,95.0
T000197,1983-10-31,97.48313,107.84303,94.08404,90.148,85.81581,97.0
T000197,1984-01-31,99.6256,110.262924,96.08404,92.15242,86.69995,99.0
T000197,1984-04-30,101.7041,112.69877,98.08404,93.131035,88.01592,101.0
T000197,1984-07-31,103.73931,115.10635,100.08404,95.1391,90.36903,103.0
T000197,1984-10-31,105.834465,117.37367,102.08404,97.159615,91.68818,106.0
T000197,1985-01-31,109.053925,121.85897,104.62606,99.15351,93.54,108.0
T000197,1985-04-30,111.12838,124.0724,107.08404,101.152214,95.13672,110.0
T000197,1985-07-31,113.23996,126.493675,109.08404,103.193825,97.2653,112.0
T000197,1985-10-31,115.38071,128.99626,111.08404,106.21539,98.91255,114.0
T000197,1986-01-31,117.356926,130.72565,113.08404,108.180046,100.73775,116.0
T000197,1986-04-30,119.319046,132.71236,115.08404,110.159615,103.70377,119.0
T000197,1986-07-31,122.386154,136.28127,117.62606,112.15351,105.854355,121.0
T000197,1986-10-31,124.43974,138.22081,120.08404,114.152214,107.523865,124.0
T000197,1987-01-31,127.52991,142.00143,122.62606,116.18846,109.379105,127.0
T000197,1987-04-30,130.63438,145.80658,125.62606,119.208984,112.35437,129.0
T000197,1987-07-31,132.72318,147.77979,128.08405,121.20342,113.8708,133.0
T000197,1987-10-31,136.97322,153.85008,131.16808,124.22238,117.083664,136.0
T000197,1988-01-31,140.19026,157.48346,134.62607,127.21844,118.993935,141.0
T000197,1988-04-30,145.56937,165.07559,138.7101,129.25746,122.032486,149.0
T000197,1988-07-31,154.37103,178.48227,145.33617,133.28378,125.78407,155.0
T000197,1988-10-31,161.16013,187.80219,152.25212,136.36653,128.17476,161.0
T000198,1975-10-31,0.1326124,0.08693472,0.02436807,0.16884193,0.42941806,1184.0
T000198,1976-01-31,1258.5298,2193.6475,1184.0209,1278.9655,1353.4895,1196.0
T000198,1976-04-30,1272.1487,2294.1655,1190.5043,1266.8706,1178.1797,1209.0
T000198,1976-07-31,1279.6658,2509.1194,1203.0463,1307.0483,1008.374,1216.0
T000198,1976-10-31,1285.8933,2735.8755,1212.7942,1246.5364,780.964,1242.0
T000198,1977-01-31,1305.7988,2467.2212,1230.0925,1237.3528,587.7624,1247.0
T000198,1977-04-30,1297.9404,2464.651,1244.7101,1209.9182,721.97705,1245.0
T000198,1977-07-31,1282.5934,2116.1665,1246.0619,1217.1948,552.532,1244.0
T000198,1977-10-31,1272.8009,1960.9983,1244.531,1243.2805,842.6942,1254.0
T000198,1978-01-31,1291.8254,1679.5573,1249.4202,1244.6147,520.9226,1257.0
T000198,1978-04-30,1269.201,1313.112,1255.6261,1245.4575,1222.3485,1262.0
T000198,1978-07-31,1272.603,1308.8038,1259.7101,1247.2698,1225.1279,1268.0
T000198,1978-10-31,1278.0948,1311.9995,1265.2521,1254.4779,1235.6156,1283.0
T000198,1979-01-31,1292.6149,1330.1965,1276.1304,1257.4797,1235.0425,1286.0
T000198,1979-04-30,1293.9799,1328.8396,1284.6261,1262.4598,1252.8156,1284.0
T000198,1979-07-31,1292.2354,1323.6067,1285.0619,1268.6871,1252.9686,1294.0
T000198,1979-10-31,1303.4866,1342.2767,1289.4202,1284.0216,1260.4464,1307.0
T000198,1980-01-31,1317.1742,1359.258,1301.0463,1284.5186,1261.4203,1310.0
T000198,1980-04-30,1319.6526,1359.7103,1308.6261,1286.4377,1278.5516,1314.0
T000198,1980-07-31,1324.3788,1364.3958,1312.1681,1294.659,1276.9866,1322.0
T000198,1980-10-31,1332.7848,1373.7571,1318.3362,1307.9557,1280.9429,1334.0
T000198,1981-01-31,1344.695,1388.7861,1328.5043,1310.4583,1285.9587,1343.0
T000198,1981-04-30,1353.3495,1399.3136,1338.8782,1314.5488,1303.7354,1351.0
T000198,1981-07-31,1362.8706,1411.5796,1347.3362,1322.7188,1306.9192,1361.0
T000198,1981-10-31,1374.3105,1427.7601,1356.4202,1334.8842,1307.9492,1375.0
T000198,1982-01-31,1388.6484,1446.1809,1368.5883,1343.7344,1313.4775,1380.0
T000198,1982-04-30,1393.5126,1449.263,1377.7101,1351.6997,1328.576,1374.0
T000198,1982-07-31,1387.0623,1433.7123,1377.1858,1361.743,1330.5463,1384.0
T000198,1982-10-31,1396.8514,1444.8774,1379.4202,1374.8912,1339.5981,1394.0
T000198,1983-01-31,1405.8289,1451.0638,1389.4202,1375.7452,1348.4983,1363.0
T000198,1983-04-30,1371.2354,1383.0793,1379.4602,1378.4572,1342.3486,1294.0
T000198,1983-07-31,1308.2256,1248.8282,1330.6372,1389.3579,1328.2557,1297.0
T000198,1983-10-31,1316.4349,1236.3755,1295.6261,1378.6522,1344.791,1288.0
T000198,1984-01-31,1309.9722,1195.6432,1292.7788,1307.6036,1364.0331,1278.0
T000198,1984-04-30,1303.4944,1165.8342,1283.3097,1308.2941,1387.3364,1269.0
T000198,1984-07-31,1301.5405,1162.742,1273.7788,1298.2141,1348.2566,1281.0
T000198,1984-10-31,1312.747,1188.3171,1275.5043,1284.4441,1340.609,1290.0
T000198,1985-01-31,1316.1152,1223.4661,1285.8782,1283.2557,1345.6985,1288.0
T000198,1985-04-30,1305.3461,1235.4661,1289.0619,1281.37,1338.6769,1304.0
T000198,1985-07-31,1315.3235,1298.4604,1296.6724,1281.4861,1343.8162,1323.0
T000198,1985-10-31,1329.3348,1356.5096,1314.2983,1288.6594,1299.9713,1330.0
T000198,1986-01-31,1337.8788,1375.9067,1326.7942,1290.8252,1300.911,1334.0
T000198,1986-04-30,1345.0474,1393.2563,1332.1681,1305.0403,1290.3809,1306.0
T000198,1986-07-31,1317.5531,1342.8773,1320.8673,1308.9462,1275.4573,1263.0
T000198,1986-10-31,1273.8619,1257.3374,1285.8319,1315.1865,1258.2548,1222.0
T000199,1975-10-31,0.1326124,0.08693472,0.02436807,0.16884193,0.42941806,71.0
T000199,1976-01-31,75.55827,131.62646,71.02093,76.63531,81.567314,50.9
T000199,1976-04-30,56.548252,99.84301,61.57257,53.641243,50.27388,40.0
T000199,1976-07-31,45.720257,89.9463,45.787613,54.916973,40.747154,43.0
T000199,1976-10-31,49.118916,104.14453,41.62606,44.26054,22.840048,51.84
T000199,1977-01-31,56.66749,95.96519,47.791462,55.76416,26.921476,41.6
T000199,1977-04-30,46.455406,80.7194,47.03717,47.14451,27.406525,37.7
T000199,1977-07-31,43.47042,57.179882,39.770798,43.734642,15.931198,49.9
T000199,1977-10-31,56.15356,75.42635,44.312656,43.61588,39.00361,67.5
T000199,1978-01-31,72.303406,92.572235,59.439568,44.740402,27.177742,57.4
T000199,1978-04-30,61.410866,62.527058,62.762836,50.206882,67.40058,54.0
T000199,1978-07-31,58.815983,67.402985,55.805313,50.378845,52.715977,61.7
T000199,1978-10-31,67.0698,84.23128,58.173557,54.87394,47.819294,76.5
T000199,1979-01-31,81.49195,104.4558,69.72191,59.081432,51.360516,66.2
T000199,1979-04-30,70.95393,86.20686,71.66903,62.085014,56.094467,59.5
T000199,1979-07-31,65.66486,75.25915,63.05752,60.629932,49.5976,65.1
T000199,1979-10-31,71.00196,82.9432,62.535316,64.085,50.390446,81.6
T000199,1980-01-31,85.47007,101.04352,74.04334,67.90643,57.338078,66.5
T000199,1980-04-30,69.58599,71.60614,74.51771,68.12257,68.03657,54.4
T000199,1980-07-31,59.17212,52.436134,60.824783,69.386665,55.38026,63.2
T000199,1980-10-31,68.380936,67.26925,59.169785,66.7094,59.041634,74.6
T000199,1981-01-31,77.09388,77.07747,69.379036,67.582886,64.02906,56.7
T000199,1981-04-30,59.975758,45.05566,66.20443,67.201126,72.66427,45.2
T000199,1981-07-31,51.297764,28.795055,51.3062,61.276295,61.19478,58.0
T000199,1981-10-31,64.28061,51.65759,52.137863,60.27733,62.649254,64.2
T000199,1982-01-31,68.146576,55.50848,61.360527,60.5584,66.58002,49.9
T000199,1982-04-30,54.178135,31.81099,57.492924,60.82763,71.84792,48.5
T000199,1982-07-31,54.43745,37.83783,49.243362,52.375885,64.27231,62.8
T000199,1982-10-31,67.54428,65.02845,56.250896,53.94097,61.856987,76.7
T000199,1983-01-31,79.84625,87.458755,70.33409,58.91359,67.32352,64.9
T000199,1983-04-30,68.56422,70.9636,71.16549,63.10573,70.36361,63.3
T000199,1983-07-31,68.84894,77.27758,64.14956,63.304756,60.003426,89.5
T000199,1983-10-31,96.65958,126.55928,77.500946,64.94999,61.21502,114.4
T000199,1984-01-31,122.53615,165.45674,102.996315,67.81244,69.46825,96.4
T000199,1984-04-30,105.81949,138.37384,105.95753,77.36,69.422485,95.0
T000199,1984-07-31,106.9747,142.70636,95.74336,90.52092,56.875484,110.0
T000199,1984-10-31,121.961044,163.47684,103.13031,96.07564,64.66489,108.0
T000199,1985-01-31,116.29658,144.28418,109.06195,99.455635,78.80386,80.9
T000199,1985-04-30,88.16857,91.683174,95.28938,101.63198,80.02019,68.9
T000199,1985-07-31,79.231804,64.01137,75.27168,102.33647,74.97178,78.6
T000199,1985-10-31,87.90358,68.479645,74.1576,86.73799,78.719864,100.4
T000199,1986-01-31,106.90367,91.53072,90.41605,86.734055,102.552704,77.8
T000199,1986-04-30,85.53457,50.490852,89.80001,82.94956,115.57567,107.2
T000199,1986-07-31,116.19627,116.71962,93.73541,79.093254,114.661385,202.6
T000199,1986-10-31,219.11911,300.0576,158.90878,85.23441,133.59973,293.4
T000200,1975-10-31,0.1326124,0.08693472,0.02436807,0.16884193,0.42941806,40.8
T000200,1976-01-31,43.46603,75.67584,40.820923,44.011986,47.055138,36.9
T000200,1976-04-30,39.560463,71.21574,38.970795,39.339653,36.524662,44.2
T000200,1976-07-31,47.318127,91.11101,40.856754,44.379097,37.091106,62.1
T000200,1976-10-31,67.046844,131.97337,53.902172,43.002384,34.132065,57.1
T000200,1977-01-31,62.210503,113.266235,59.754868,45.00576,26.941767,46.8
T000200,1977-04-30,51.818245,98.530075,52.269028,44.730026,24.361969,48.3
T000200,1977-07-31,52.77803,89.06674,47.61303,48.77036,19.343504,61.7
T000200,1977-10-31,64.97776,102.4241,55.56308,52.565937,34.225792,49.0
T000200,1978-01-31,52.487606,67.72772,55.743366,51.100784,21.398556,35.1
T000200,1978-04-30,39.79077,28.69758,42.480534,51.999187,40.566666,37.7
T000200,1978-07-31,44.024063,31.26504,36.509254,50.392185,43.557827,52.8
T000200,1978-10-31,56.795265,48.266697,45.884514,51.285538,48.841827,43.8
T000200,1979-01-31,47.464043,30.433315,48.578762,46.881355,59.153084,32.7
T000200,1979-04-30,37.850666,16.030077,38.593807,39.972527,53.03807,32.1
T000200,1979-07-31,38.633224,19.697355,32.418587,38.234283,47.16383,41.7
T000200,1979-10-31,45.77748,31.914125,37.303402,40.45738,45.583633,40.0
T000200,1980-01-31,43.156246,29.590963,40.902653,42.451813,54.725876,30.3
T000200,1980-04-30,34.03955,18.42321,35.450447,34.15836,44.56306,33.9
T000200,1980-07-31,38.809654,30.45891,32.251274,34.384438,37.40242,44.1
T000200,1980-10-31,46.984787,45.087784,39.42861,36.640812,39.631947,41.9
T000200,1981-01-31,43.95536,40.044254,43.068142,40.48997,50.521492,35.3
T000200,1981-04-30,37.604183,35.191444,38.804424,35.88454,40.67113,42.5
T000200,1981-07-31,45.583313,51.497124,39.202553,36.275623,36.683025,57.3
T000200,1981-10-31,60.759613,76.25519,50.521908,42.58528,41.703938,59.2
T000200,1982-01-31,62.443085,78.99445,58.329838,42.734226,45.666283,44.6
T000200,1982-04-30,49.41383,56.975014,52.35222,43.00413,39.70936,43.3
T000200,1982-07-31,48.51633,56.092266,43.99026,45.726414,32.74323,56.6
T000200,1982-10-31,60.522106,73.135574,50.508873,48.831383,37.10501,51.6
T000200,1983-01-31,53.8945,57.314083,54.254868,53.41714,42.9995,34.2
T000200,1983-04-30,38.53261,27.698427,43.438942,48.35035,41.573734,34.6
T000200,1983-07-31,41.02791,27.253305,34.41681,47.716476,38.669975,43.0
T000200,1983-10-31,47.484825,33.7257,39.152973,46.59472,44.95413,35.3
T000200,1984-01-31,39.268295,15.491062,39.3885,38.567593,51.853218,26.1
T000200,1984-04-30,31.710056,3.465805,30.984959,37.656464,54.144226,28.8
T000200,1984-07-31,35.494476,12.697853,27.563457,36.472267,42.781265,39.6
T000200,1984-10-31,44.553654,30.645172,34.65382,36.703045,43.280807,52.9
T000200,1985-01-31,56.511852,56.119476,46.808876,35.917896,54.139946,52.1
T000200,1985-04-30,56.296646,63.51552,52.52478,35.696365,51.229435,69.1
T000200,1985-07-31,75.94748,105.08246,61.31435,40.38542,43.510162,81.9
T000200,1985-10-31,90.733,131.10553,76.037865,52.873127,43.49036,90.0
T000200,1986-01-31,100.031265,145.81407,86.29037,53.82746,47.361156,72.5
T000200,1986-04-30,83.815155,120.20798,81.79204,69.81658,45.33637,45.1
T000200,1986-07-31,55.307854,64.07231,59.648678,77.98292,27.638258,40.2
T000200,1986-10-31,49.02865,43.062267,42.801773,76.50658,31.39802,38.5
T000201,1975-10-31,0.1326124,0.08693472,0.02436807,0.16884193,0.42941806,659.0
T000201,1976-01-31,700.5041,1220.9961,659.02094,711.8281,753.52625,660.0
T000201,1976-04-30,701.7246,1266.1362,659.542,705.02246,653.25134,661.0
T000201,1976-07-31,699.45557,1373.6748,660.542,721.5951,551.3323,673.0
T000201,1976-10-31,711.7095,1513.9006,667.5043,687.95605,429.00372,686.0
T000201,1977-01-31,720.9168,1360.2233,680.04626,677.6195,316.7749,688.0
T000201,1977-04-30,715.8235,1358.9769,687.08405,661.48755,392.38058,688.0
T000201,1977-07-31,709.14966,1170.0116,688.02435,673.73676,306.0832,700.0
T000201,1977-10-31,717.0209,1106.3121,694.5043,687.10876,470.21213,711.0
T000201,1978-01-31,732.9485,963.67206,705.9622,688.4213,294.0454,713.0
T000201,1978-04-30,722.7583,763.0589,712.08405,688.47345,680.37036,712.0
T000201,1978-07-31,722.3677,759.2777,712.53094,700.6447,679.5374,722.0
T000201,1978-10-31,732.5146,771.22284,717.4202,711.9721,678.29376,733.0
T000201,1979-01-31,742.5333,782.14325,727.9622,712.46765,692.0898,728.0
T000201,1979-04-30,736.0221,766.21906,730.65485,713.3325,702.76605,714.0
T000201,1979-07-31,721.57935,738.205,721.43365,715.5657,699.15826,717.0
T000201,1979-10-31,723.5362,736.1786,715.62604,720.359,696.31494,721.0
T000201,1980-01-31,724.75824,730.9165,719.1681,723.02966,704.4984,716.0
T000201,1980-04-30,718.519,714.2924,718.65485,719.5778,713.14233,712.0
T000201,1980-07-31,716.1879,706.7003,714.1239,718.12274,715.732,723.0
T000201,1980-10-31,727.34235,723.9779,717.9622,716.9398,718.7469,737.0
T000201,1981-01-31,740.3634,747.08673,730.5883,718.083,729.4282,736.0
T000201,1981-04-30,739.2697,747.3722,736.53094,721.32086,732.23285,734.0
T000201,1981-07-31,738.7387,752.3426,735.06195,723.5925,728.80255,747.0
T000201,1981-10-31,753.45233,780.41174,741.04626,734.8777,720.65155,761.0
T000201,1982-01-31,768.3515,802.986,754.5883,736.69635,725.58386,764.0
T000201,1982-04-30,772.17004,808.7788,762.62604,737.4704,735.8875,759.0
T000201,1982-07-31,768.7374,801.86993,761.65485,747.6662,730.0923,773.0
T000201,1982-10-31,783.68756,824.0509,766.5883,759.9435,728.7945,785.0
T000201,1983-01-31,794.9668,836.9114,779.5043,761.72656,740.1405,780.0
T000201,1983-04-30,788.4697,821.10986,782.65485,764.3985,753.48944,771.0
T000201,1983-07-31,779.89435,804.7678,775.77875,771.613,750.291,780.0
T000201,1983-10-31,788.30524,813.07385,775.8782,774.3897,749.21643,790.0
T000201,1984-01-31,796.29626,819.88824,785.4202,781.0503,763.869,787.0
T000201,1984-04-30,791.4426,807.3778,788.5929,780.3044,769.8918,781.0
T000201,1984-07-31,786.5371,796.65967,784.18585,780.3587,776.2781,794.0
T000201,1984-10-31,799.723,817.3659,788.04626,781.9895,773.75604,810.0
T000201,1985-01-31,815.11993,839.68695,802.6723,787.8871,782.714,814.0
T000201,1985-04-30,819.32166,846.1092,812.1681,790.3788,790.2026,808.0
T000201,1985-07-31,815.84546,841.52716,811.18585,794.7111,786.4718,813.0
T000201,1985-10-31,821.56915,850.6499,810.7101,808.8678,781.0857,837.0
T000201,1986-01-31,846.04706,887.8463,826.0085,810.89825,794.0951,846.0
T000201,1986-04-30,855.38403,899.4326,841.8782,813.744,809.90314,836.0
T000201,1986-07-31,846.9716,883.8852,841.30975,814.61346,805.7905,840.0
T000201,1986-10-31,851.77783,890.46674,838.1681,837.14087,800.92285,853.0
T000202,1975-10-31,0.1326124,0.08693472,0.02436807,0.16884193,0.42941806,6.42
T000202,1976-01-31,6.9387937,11.981071,6.440431,6.8785453,7.7661123,6.16
T000202,1976-04-30,6.5548677,11.845877,6.2980533,6.580726,6.1002207,6.3
T000202,1976-07-31,6.6901693,13.114779,6.2358828,6.8830256,5.3083334,7.58
T000202,1976-10-31,8.087903,16.636776,6.993787,6.6095877,4.484462,7.87
T000202,1977-01-31,8.391489,15.500401,7.737186,6.533914,3.442837,7.7
T000202,1977-04-30,8.200558,15.430185,7.790265,6.4518833,3.938449,7.53
T000202,1977-07-31,8.001925,13.459938,7.6202655,7.5792603,3.6019359,8.64
T000202,1977-10-31,9.057146,14.437902,8.131643,7.616821,5.3720984,8.47
T000202,1978-01-31,8.928682,12.47859,8.560266,7.735504,3.6768134,7.61
T000202,1978-04-30,7.984962,8.757954,8.066637,7.773345,6.8327055,7.05
T000202,1978-07-31,7.5047865,7.6730385,7.3473454,7.8556423,6.706844,7.88
T000202,1978-10-31,8.1757965,8.3518505,7.4998775,7.8356295,6.819187,7.05
T000202,1979-01-31,7.2691646,6.2549157,7.4907084,7.8540297,7.5178676,3.84
T000202,1979-04-30,4.5493093,0.23938131,5.5444255,7.441548,6.816561,2.7
T000202,1979-07-31,3.9191287,-1.8544044,3.30531,7.9217386,7.2068086,2.92
T000202,1979-10-31,4.236759,-2.3203135,2.8192446,4.434021,7.304495,2.47
T000202,1980-01-31,3.8418522,-3.6809883,2.7089384,3.6044679,8.9970255,2.11
T000202,1980-04-30,3.6488965,-3.5676994,2.3011503,3.304408,6.903362,2.14
T000202,1980-07-31,3.7455077,-2.6935863,2.1262605,2.665041,5.6165953,4.0
T000202,1980-10-31,5.2916875,1.56843,3.1481588,2.6307268,5.8246555,3.58
T000202,1981-01-31,4.4486175,1.6498976,3.8030088,2.5131793,5.6615705,3.61
T000202,1981-04-30,4.1905003,3.1560884,3.5962603,2.5063856,5.513486,3.73
T000202,1981-07-31,4.105579,4.948331,3.6750426,3.6284509,3.7545464,5.74
T000202,1981-10-31,6.2222033,8.594501,4.8194613,3.6784203,3.2896366,5.44
T000202,1982-01-31,5.988655,8.380856,5.5992923,3.770031,3.8762178,5.03
T000202,1982-04-30,5.653005,7.6232476,5.2476993,3.7701,3.2098746,4.87
T000202,1982-07-31,5.581428,7.558676,4.9549556,4.926001,3.2798357,5.65
T000202,1982-10-31,6.2020855,7.9010015,5.2927766,5.174885,2.8102,4.7
T000202,1983-01-31,5.027062,5.6175957,5.2044253,5.190456,4.5529733,2.5
T000202,1983-04-30,2.9817111,1.2268987,3.6681418,5.2358294,3.557075,2.25
T000202,1983-07-31,3.0274758,0.45946002,2.3827434,5.2027817,4.328592,2.69
T000202,1983-10-31,3.4203193,0.16669178,2.4884892,3.0393898,4.3497815,2.14
T000202,1984-01-31,2.921267,-1.4380975,2.4320354,2.974474,6.032839,2.42
T000202,1984-04-30,3.3207245,-0.33860183,2.291766,2.753337,4.362033,3.34
T000202,1984-07-31,4.2036996,1.8010641,2.9186592,2.4612868,4.5121555,2.85
T000202,1984-10-31,3.5118055,1.4032314,3.1101768,2.4506106,3.8998587,3.18
T000202,1985-01-31,3.6218123,2.6632042,3.0288668,2.7074797,4.240581,3.88
T000202,1985-04-30,4.1647468,4.699915,3.5594146,2.8850627,4.122752,4.24
T000202,1985-07-31,4.56826,5.9577284,4.0751276,3.2042036,2.9984982,4.2
T000202,1985-10-31,4.5652914,6.166146,4.2212386,3.367096,2.6599157,4.64
T000202,1986-01-31,5.078068,6.7753887,4.438489,3.9269073,3.2123532,4.93
T000202,1986-04-30,5.4370937,7.3382835,4.797186,4.2282076,3.1880724,4.45
T000202,1986-07-31,4.832187,6.0724115,4.704867,4.257733,3.025464,2.49
T000202,1986-10-31,2.8733926,2.1287146,3.530708,4.645111,3.1017776,2.07
