unique_id,ds,TFT,NBEATS,TiDE,NLinear,KAN,MLP,DLinear,NHITS,DeepNPTS,PatchTST,SeasonalNaive
T000000,1980-06-30,1217026.6,884301.1,847374.75,1002838.4,909692.25,919866.4,822229.1,952253.2,1143604.5,942783.56,1179180.0
T000000,1980-07-31,1222303.0,1464874.1,980539.1,1026234.0,1427376.8,1147180.4,1459640.8,1078496.8,1115422.5,1121916.5,1939450.0
T000000,1980-08-31,1115260.4,591343.6,649569.6,301293.53,710244.8,565518.4,272839.62,961371.94,1133809.6,1000772.4,630177.0
T000000,1980-09-30,920611.1,877384.8,947395.3,821704.2,1053108.4,872782.94,997502.75,992497.5,1133144.2,1035831.06,913313.0
T000000,1980-10-31,1040893.9,1231333.2,1032691.6,955424.4,1228674.6,1222187.0,1285996.4,1075019.6,1114985.1,1138884.5,1617990.0
T000000,1980-11-30,1072894.4,661367.8,714538.56,600037.06,889406.75,599271.4,356860.3,833363.6,1138242.8,1000303.9,622073.0
T000001,1985-08-31,256.38123,254.91806,275.48038,263.35144,255.75159,280.47232,263.60782,259.218,231.62675,240.62172,152.05
T000001,1985-09-30,263.06998,258.13007,269.5114,264.04056,275.97925,270.02707,255.8432,263.07996,231.28575,237.7574,161.14
T000001,1985-10-31,269.4233,256.5451,290.5686,251.67435,243.66058,253.13708,236.38092,272.245,235.72847,234.59712,151.96
T000001,1985-11-30,273.1583,267.60925,308.74512,251.26305,259.33746,250.60062,248.0264,266.6057,237.62096,232.03941,186.11
T000001,1985-12-31,273.4384,265.6682,297.42484,259.8285,259.1122,280.43442,240.36862,276.92688,237.86969,248.20958,188.91
T000001,1986-01-31,273.82532,288.5441,297.67157,271.4557,296.22778,314.7353,273.10858,288.55838,233.57414,265.23483,256.66
T000002,1987-01-31,986.4907,906.3454,808.7993,819.8923,919.98413,901.97107,867.4673,860.1749,843.41095,852.779,754.0
T000002,1987-02-28,1028.0897,938.6444,871.62354,762.4333,1014.15,931.225,789.2531,940.6793,859.9968,845.7357,886.0
T000002,1987-03-31,1020.166,932.9454,887.62213,792.54645,899.8636,920.2724,797.77997,999.03424,850.7896,870.9953,833.0
T000002,1987-04-30,1005.77625,950.7025,890.44366,891.9159,957.18195,882.75385,854.68365,985.33154,852.85675,897.85754,859.0
T000002,1987-05-31,998.96985,1006.16583,937.01294,825.59015,1022.4972,948.58856,859.88446,996.6129,851.5907,873.9789,1006.0
T000002,1987-06-30,998.58307,1005.66125,924.0714,910.983,994.3596,991.08057,920.34015,1017.18866,842.89624,908.83026,938.0
T000003,1982-02-28,4800.0225,4448.671,5341.7295,5017.8447,5119.005,4517.382,5318.0737,4539.442,6086.6533,5563.5166,8202.0
T000003,1982-03-31,5015.559,4410.826,4972.041,5114.7393,5083.5933,4499.668,4670.7656,4493.3477,6147.5054,6142.967,7582.0
T000003,1982-04-30,5257.8247,4446.8975,4774.091,3954.2437,4705.7666,4381.6807,4227.484,4388.707,6074.1577,6083.9385,6880.0
T000003,1982-05-31,5458.6904,4584.76,5479.3994,5072.6997,4705.993,4749.0,5168.8267,4616.7656,6001.791,6121.58,6841.0
T000003,1982-06-30,5604.214,4595.3696,5196.25,4866.7876,4681.341,4779.9565,5673.8965,4948.144,5952.188,6093.5327,6618.0
T000003,1982-07-31,5694.415,4348.9155,5150.095,4621.1323,4435.4565,4482.713,4020.3857,4765.3154,6075.6064,5652.48,5719.0
T000004,1986-12-31,44.008606,44.759922,44.49654,44.052574,43.93826,42.1178,46.595776,45.820583,43.887627,44.564007,52.44
T000004,1987-01-31,44.731346,42.854836,42.92843,43.62795,45.414783,41.555,40.458096,43.70122,44.198864,44.297623,48.63
T000004,1987-02-28,45.273365,43.250126,43.54446,45.25075,43.99053,41.6453,42.438602,43.88701,43.52771,44.305546,45.67
T000004,1987-03-31,45.32994,44.214134,45.066273,45.44332,43.502724,42.515644,45.519863,44.027576,43.667404,44.73225,49.56
T000004,1987-04-30,44.758694,41.71441,42.420097,44.151497,40.484108,41.416267,42.725155,43.407253,43.59973,43.47016,44.56
T000004,1987-05-31,42.814133,43.435253,42.52323,45.237804,43.402977,40.812706,42.69371,44.201523,43.82342,43.93267,46.32
T000005,1980-06-30,4069.4453,4755.5464,5185.1245,5198.463,4548.5586,4491.849,4672.76,4382.204,3256.5889,5438.537,3464.0
T000005,1980-07-31,2718.0269,3602.5806,3363.3274,4308.531,4480.1367,4183.1133,4268.796,3893.9653,3168.6194,5309.2896,2557.0
T000005,1980-08-31,1671.5852,2894.4998,3494.4778,4418.0073,2275.6729,2997.9993,3738.9846,2328.427,3277.5078,5009.393,1927.0
T000005,1980-09-30,882.87134,1758.9303,3186.392,3666.132,1771.7114,2267.119,1907.2852,1827.0603,3333.9104,4965.1973,984.0
T000005,1980-10-31,649.8467,1361.3741,2543.3718,2867.3188,2005.9436,1415.7451,2320.546,1056.8398,3172.6814,4997.981,699.0
T000005,1980-11-30,1520.2571,1182.6937,2282.4626,2573.3035,1756.3429,2552.658,1930.6384,969.0012,3422.7935,4879.407,708.0
T000006,1980-06-30,157774.7,182039.4,180915.77,179667.33,158421.06,171698.52,156101.56,173549.1,146982.34,179897.81,139844.0
T000006,1980-07-31,148271.83,135310.83,141601.19,153936.67,125182.55,135340.19,123162.266,142250.05,145811.83,176070.95,99098.0
T000006,1980-08-31,157981.23,161662.33,161843.72,175091.1,146398.02,149312.42,149056.12,162735.33,149202.55,170337.08,123147.0
T000006,1980-09-30,177938.73,166239.8,190286.89,169924.78,161543.19,169750.03,153532.45,158462.17,149064.86,173885.75,136589.0
T000006,1980-10-31,193410.4,145091.83,142936.56,143498.86,137595.48,132135.94,138789.9,144630.2,145102.83,172566.38,109528.0
T000006,1980-11-30,202991.61,109170.766,120407.875,133316.06,125055.08,124091.34,105419.98,104130.86,150358.66,172012.5,88284.0
T000007,1980-06-30,672.81116,772.71356,888.0639,768.3973,716.87634,753.66516,822.6987,744.2717,679.4716,671.63055,1109.0
T000007,1980-07-31,687.16187,599.5452,667.2505,644.64996,597.3296,671.76245,445.71106,725.2196,676.8707,651.106,582.0
T000007,1980-08-31,700.85333,654.14954,801.3528,635.36865,712.582,669.0344,496.71014,682.5259,675.03973,615.09515,597.0
T000007,1980-09-30,717.82886,709.4603,943.5868,643.74457,670.6162,754.2144,591.6986,650.6019,676.19904,618.0683,719.0
T000007,1980-10-31,730.4402,675.65137,857.4125,613.0791,645.75555,734.1088,584.42554,692.8943,666.1383,653.4894,662.0
T000007,1980-11-30,723.4286,707.40295,740.6068,611.4742,846.5493,750.6663,642.7976,635.2333,694.9277,703.30927,685.0
T000008,1980-06-30,10352.634,12424.836,11676.547,11459.946,11360.607,9842.108,12373.821,12739.244,7485.664,11859.65,12656.0
T000008,1980-07-31,7629.517,7022.699,7162.4785,8588.012,8085.032,7414.535,6935.9023,9007.972,7318.2666,11451.5625,6081.0
T000008,1980-08-31,5572.0127,6707.0703,7070.435,9275.379,4651.6953,5385.552,7780.1826,7741.031,7321.2095,10820.872,5045.0
T000008,1980-09-30,3902.7634,5275.3516,7376.4917,7726.5586,5465.5166,6309.3623,5256.794,6148.9946,7617.4443,10390.123,5085.0
T000008,1980-10-31,2927.644,4693.5225,5277.6997,6049.341,5567.705,4574.9263,5025.8047,6055.417,7293.564,10688.4795,3659.0
T000008,1980-11-30,3028.0454,3657.785,5949.426,5884.996,4396.92,5094.6914,4977.9897,4243.581,7801.9307,10782.522,3551.0
T000009,1987-05-31,3882.543,3866.654,4177.8174,3993.5723,3969.8794,3645.313,3055.2488,3728.0747,4813.3306,4608.9883,2863.0
T000009,1987-06-30,5231.6733,4571.4004,4613.776,4642.718,4716.2764,4226.0635,4027.4062,5400.2354,4940.3857,4790.2754,3955.0
T000009,1987-07-31,5550.5513,5373.977,5749.8857,5171.3228,5527.107,5491.151,4880.3047,5985.7046,4876.282,4794.5703,4638.0
T000009,1987-08-31,5418.545,8264.346,7703.796,6135.093,7945.376,6391.352,7904.2793,6958.7837,4765.3496,5217.159,8562.0
T000009,1987-09-30,5260.6846,5862.118,6517.133,5770.659,5632.824,6014.9185,5514.3555,6233.361,4812.082,5410.398,5507.0
T000009,1987-10-31,5155.785,5522.949,4688.154,5229.593,5595.6777,5576.0674,5579.8003,4862.811,4806.408,5401.264,4898.0
T000010,1987-10-31,3505.4219,3254.051,3373.544,3163.1885,3699.8965,3342.267,3096.4563,3287.8606,4322.804,3701.0198,4942.0
T000010,1987-11-30,3597.162,3300.1863,3503.96,3981.4653,3248.0498,3430.4138,3583.44,3273.9456,4364.6274,4061.273,5021.0
T000010,1987-12-31,3698.517,3435.9517,3877.7327,4085.6963,3794.5547,3508.1782,3781.0515,3355.4033,4282.157,4094.4697,5748.0
T000010,1988-01-31,3741.5332,3332.8413,3394.2402,3573.5747,3299.545,3355.5781,3241.0898,3283.5454,4343.6714,4146.5977,4897.0
T000010,1988-02-29,3689.7368,3450.9963,3832.7195,4358.156,3684.6072,3396.7449,3835.9587,3307.4602,4284.834,4498.584,4873.0
T000010,1988-03-31,3336.5112,3842.6782,3856.1138,4009.4639,4079.4082,3662.0247,4159.8647,3717.0317,4327.6523,4517.2715,5869.0
T000011,1985-09-30,29.374495,28.936316,29.625107,28.982662,28.398888,26.114939,25.320608,28.69886,29.32318,30.82414,25.3
T000011,1985-10-31,29.491585,34.174717,31.437832,31.789816,33.648365,30.859283,31.52196,30.062696,29.618021,31.243736,36.8
T000011,1985-11-30,29.588844,32.578957,31.170965,33.79342,31.364143,28.170376,30.828238,29.792637,29.112963,31.6317,33.6
T000011,1985-12-31,29.608152,31.804874,32.495663,31.641571,30.98969,28.35516,30.005312,30.728863,29.225515,31.65862,30.4
T000011,1986-01-31,29.593414,33.052692,33.93193,34.32983,33.812702,30.239862,32.461502,28.470606,29.47741,30.904577,37.9
T000011,1986-02-28,29.047136,28.972157,28.786816,31.265795,30.100216,26.972443,26.476265,27.270359,29.136652,31.08622,27.2
T000012,1985-09-30,20.595598,20.712202,19.634792,20.816746,20.193296,19.988752,19.722294,20.726767,21.158396,20.342045,23.6
T000012,1985-10-31,20.588943,21.235182,19.186771,21.524635,21.04367,21.327957,20.562174,21.044353,21.187674,20.876038,22.8
T000012,1985-11-30,20.711119,20.150372,18.970654,20.736109,19.654976,18.84532,17.67391,19.774147,21.180386,20.305733,21.8
T000012,1985-12-31,20.882467,19.914362,21.076849,20.367947,20.451048,20.38799,20.082052,20.836567,21.057781,20.390335,20.2
T000012,1986-01-31,21.05012,23.843283,23.152594,22.340395,23.082865,22.32223,25.638357,22.308268,21.106539,20.875154,26.2
T000012,1986-02-28,20.732935,19.017923,19.409529,19.41712,21.12996,19.937849,15.73765,18.687153,21.0697,20.581148,16.0
T000013,1983-01-31,1230.259,1232.1549,1386.5819,1195.9054,1328.15,1235.6124,1400.2446,1194.9508,1364.9825,1133.6542,1686.0
T000013,1983-02-28,1052.1515,1156.4291,1155.9366,1205.1013,1272.5736,1302.2101,1292.6608,1079.2949,1361.8754,1154.0443,1751.0
T000013,1983-03-31,449.40405,781.17267,830.37463,839.64307,937.61365,730.1546,824.8468,772.54675,1370.9658,1089.4705,1015.0
T000013,1983-04-30,940.64526,720.0978,909.74695,877.4519,838.36707,776.4828,784.46423,670.9897,1386.9939,1063.1644,788.0
T000013,1983-05-31,1229.4807,1297.292,1426.3002,1265.9745,1536.3829,1412.2334,1395.3838,1413.2698,1384.7721,1258.9526,1524.0
T000013,1983-06-30,1237.6486,1443.0564,1471.0652,1444.862,1666.0698,1439.9253,1532.2667,1580.3568,1376.03,1398.1466,1872.0
T000014,1986-02-28,10299.866,10290.185,10062.055,9491.049,9553.448,9516.465,10686.41,10352.835,8288.674,10772.008,9222.5
T000014,1986-03-31,10250.672,11497.349,9741.093,11580.585,11275.767,11149.029,11629.253,11249.323,8216.969,10421.114,15527.5
T000014,1986-04-30,10282.094,10189.913,9062.619,10229.999,8463.699,9911.243,10230.678,10635.855,7875.7344,10143.388,8742.5
T000014,1986-05-31,10472.798,11066.586,12123.21,10009.94,9283.212,10516.619,11157.699,11296.92,8073.5728,10328.517,9315.0
T000014,1986-06-30,10559.16,12025.395,13777.576,8815.3955,10608.791,11388.039,13071.176,14043.133,7990.9473,8549.207,8247.5
T000014,1986-07-31,9879.85,10019.906,9614.535,7992.0938,8564.018,9671.262,9005.928,9747.132,8215.267,8204.21,4735.0
T000015,1978-06-30,91.8678,92.6311,90.53654,91.91204,90.48446,87.99686,86.5583,91.37123,96.112885,97.67885,111.0
T000015,1978-07-31,89.05091,91.49548,88.96017,83.74779,83.52858,90.694595,85.63872,93.00571,96.41405,97.42988,103.0
T000015,1978-08-31,85.14749,91.94744,88.847496,84.0789,71.33676,89.32186,85.60947,92.370155,95.69425,97.952995,101.0
T000015,1978-09-30,83.239525,91.34235,88.964676,88.74714,75.50438,87.447784,83.451,89.84158,95.59805,97.26835,97.0
T000015,1978-10-31,86.09676,89.181694,86.869064,83.83449,73.84892,86.36368,77.24222,88.820694,95.48369,92.63953,90.0
T000015,1978-11-30,89.69962,92.72644,90.50644,89.654366,81.5154,92.53581,82.92083,87.96228,96.11867,92.396164,93.0
T000016,1978-05-31,31.369713,33.715572,31.076443,32.453014,32.642284,30.547188,31.927006,34.308987,32.50341,35.37236,39.5
T000016,1978-06-30,30.550968,31.33752,26.88171,30.06622,28.429888,29.46443,26.468735,30.316261,32.701435,34.588314,34.2
T000016,1978-07-31,29.899422,33.000977,27.83949,31.049482,31.233253,29.324703,26.188679,28.788113,32.207245,34.383514,36.9
T000016,1978-08-31,26.737494,31.921886,28.141792,32.399803,33.645226,30.94507,27.997139,32.79712,32.2503,34.550488,33.6
T000016,1978-09-30,29.634836,32.303387,27.98577,29.134666,31.989588,29.746603,29.69131,31.649216,32.210506,32.041588,30.9
T000016,1978-10-31,33.43617,30.987547,25.892475,27.735033,31.822878,29.152386,23.495731,28.990784,32.584988,32.05697,26.6
T000017,1985-04-30,3579.0132,3937.308,3643.3606,3873.7227,3667.4878,4016.496,4040.5652,4074.0747,3282.1865,3257.8923,3514.32
T000017,1985-05-31,3571.2146,3542.9248,3733.6895,3254.3596,3177.334,3342.2793,3217.3005,4056.9346,3264.4438,3134.0994,2279.72
T000017,1985-06-30,3600.2727,3470.8691,3923.0352,3128.6265,3615.7024,3565.9407,2503.993,3953.9998,3311.1729,2994.426,1840.93
T000017,1985-07-31,3963.9797,4250.411,4360.6177,3890.4119,4035.2043,3963.845,4300.3525,4403.949,3288.546,3172.7263,4539.49
T000017,1985-08-31,4058.3118,2998.0796,3062.4963,3251.472,3520.3455,3814.1172,2539.6042,3136.0122,3233.914,3310.9458,2120.16
T000017,1985-09-30,3918.0845,4396.648,3795.989,3389.714,4311.501,4290.609,4122.7266,3732.2444,3308.6157,3547.0771,3626.01
T000018,1982-02-28,7330.823,5811.6836,5683.0596,5483.942,5482.299,5955.4253,4730.955,6639.4395,6667.6646,6098.5806,6538.1
T000018,1982-03-31,7715.509,7640.2656,7418.0254,7452.978,7207.341,7323.3145,8113.3853,7267.225,6736.487,6633.827,8883.89
T000018,1982-04-30,7968.978,7706.8735,8157.844,7885.6406,5999.346,6925.8813,7402.8516,7398.5635,6638.035,6807.094,9371.54
T000018,1982-05-31,8119.131,7404.648,8343.354,5684.916,6734.59,6839.245,7774.517,7944.293,6552.112,6421.2646,8139.19
T000018,1982-06-30,8247.26,7103.849,7656.4053,6668.2817,6855.9565,6864.8667,7962.6133,7537.8765,6592.655,6167.9595,7537.95
T000018,1982-07-31,8305.613,6263.967,5257.41,5442.2407,6550.7407,5207.524,4927.441,6459.599,6545.6377,5995.9346,5355.45
T000019,1982-02-28,6418.486,5904.3555,5651.522,5779.677,6397.608,6262.242,5559.2954,6611.042,6645.571,6005.1914,8638.1
T000019,1982-03-31,6608.6846,7179.3384,6910.712,7454.11,7508.36,7147.832,8642.766,6968.0923,6721.0293,6334.866,9839.43
T000019,1982-04-30,6822.8496,6675.6797,7333.0444,6527.0234,5822.8794,6600.6025,6619.679,6721.298,6587.6016,6344.257,9447.45
T000019,1982-05-31,6955.414,6358.114,7195.976,4747.4263,6494.415,6659.8223,6736.3237,6894.0693,6576.4956,5911.224,7067.82
T000019,1982-06-30,7058.681,6776.211,6814.4683,6227.0786,6586.496,6920.2734,7804.4756,6994.0728,6573.0347,5818.6577,7878.69
T000019,1982-07-31,7141.781,6172.2476,5270.7905,4990.71,6869.792,5698.6777,5266.3223,6706.0205,6463.4414,5978.3896,6494.98
T000020,1982-02-28,10493.212,9931.51,9506.0205,8961.503,9424.603,10204.467,8584.491,10163.675,9329.467,9288.213,10395.2
T000020,1982-03-31,10508.09,10946.526,10543.856,10671.354,10438.462,11139.533,11846.689,10852.281,9305.134,9211.348,11084.3
T000020,1982-04-30,10475.839,10153.908,10276.428,9836.074,8114.7026,10187.086,9490.801,10106.418,9379.306,8965.597,10260.1
T000020,1982-05-31,10408.786,10230.457,10309.232,7336.575,9368.633,10066.564,9737.434,10316.157,9306.609,8139.4375,9426.45
T000020,1982-06-30,10318.733,11137.203,10916.282,9669.954,9819.691,11187.54,11121.064,10564.47,9386.806,8694.046,11081.8
T000020,1982-07-31,10333.215,10333.894,9339.139,8656.345,9216.856,10163.588,9290.679,10314.719,8947.59,9473.294,9477.98
T000021,1981-02-28,2148.4956,1698.5813,1811.3967,1844.0569,1895.7095,1313.5244,1143.8818,1857.3412,2481.096,2127.5452,3032.52
T000021,1981-03-31,2213.2173,1876.1459,1905.8624,2215.103,2322.3435,1379.685,1493.6573,1495.5065,2506.2114,2419.9312,3326.0
T000021,1981-04-30,2329.1692,1923.8068,2122.4473,1749.3848,2356.168,1548.1334,1637.7808,1925.2722,2462.98,2434.411,3066.12
T000021,1981-05-31,2397.3008,2007.7759,2542.999,1926.5364,2410.6484,1780.9153,2352.933,2159.429,2436.4456,2342.239,3138.41
T000021,1981-06-30,2398.4072,2045.9445,2026.6226,2009.2522,2190.6318,1688.2064,2573.1685,2198.975,2417.7573,2385.4492,2808.51
T000021,1981-07-31,2435.9395,1859.9441,1775.4746,1755.328,1985.6271,1481.5261,1316.74,2000.9214,2447.9946,2273.9785,2352.03
T000022,1981-06-30,40.610184,41.26312,38.609154,41.69758,38.433266,40.203205,43.602024,43.203796,37.33212,46.868465,41.92
T000022,1981-07-31,39.570545,30.677164,34.662136,33.268665,34.558994,33.557327,29.882412,41.75544,37.613403,45.63819,26.91
T000022,1981-08-31,39.341026,40.86981,38.88675,46.221962,39.383945,39.72164,44.01876,44.344193,37.39668,46.48696,41.6
T000022,1981-09-30,39.663605,38.036877,40.7446,42.32066,36.731945,40.198597,40.623356,42.43698,37.438534,46.23184,38.31
T000022,1981-10-31,40.235767,39.155823,39.274998,39.17064,37.634705,39.466755,37.024178,42.693893,37.700623,45.792656,41.02
T000022,1981-11-30,40.684574,36.891434,38.858532,42.631824,36.025734,40.53174,40.478615,41.541595,37.452904,47.34654,35.6
T000023,1983-07-31,675.7221,674.4823,682.77734,671.0668,668.1367,671.73785,662.08746,669.2479,681.8282,674.6935,676.0
T000023,1983-08-31,677.84125,674.7779,676.0137,669.7728,661.149,670.74786,648.2898,674.6246,681.74536,681.5147,680.0
T000023,1983-09-30,679.0753,680.12024,683.00433,673.5466,675.87836,673.68976,661.2428,674.1029,682.0708,683.0067,688.0
T000023,1983-10-31,679.33124,678.9269,679.4933,680.86316,675.5419,675.6399,668.657,675.15515,681.30457,683.81433,686.0
T000023,1983-11-30,678.81305,677.6055,679.02893,678.5087,665.44275,672.6268,674.8631,675.4291,681.4659,686.4093,677.0
T000023,1983-12-31,677.31195,681.2544,683.40173,689.431,677.2667,675.7635,672.58344,675.5064,681.7638,682.4805,694.0
T000024,1983-03-31,1298.9999,1141.9801,1247.7383,1066.2821,1111.5369,1333.942,1053.5554,1286.5482,1218.2899,1196.3203,722.0
T000024,1983-04-30,1592.4216,1243.7705,1292.5192,1230.6238,1173.0332,1333.5305,1150.7386,1616.4417,1227.7045,1195.342,677.0
T000024,1983-05-31,1860.4307,1424.985,1662.2812,1359.6215,1279.6208,1417.3298,1308.6022,1878.6813,1214.8008,1147.8842,957.0
T000024,1983-06-30,2146.9497,2187.0745,2297.7334,1558.4066,2235.8567,1957.2169,2153.823,2137.3098,1200.2509,1188.4135,1734.0
T000024,1983-07-31,2417.6167,2288.4395,2261.5576,1852.5378,2424.5518,2245.105,2181.9907,2265.7383,1207.719,1482.8958,2323.0
T000024,1983-08-31,2560.8408,2022.3301,1778.0214,1660.2119,2037.6307,2182.5806,2154.1023,2087.436,1210.6951,1716.4817,1763.0
T000025,1981-06-30,4030.3135,3503.97,4006.1692,3949.2612,4006.3457,3376.4844,3287.1274,3344.9407,3823.3652,3646.6538,3966.0
T000025,1981-07-31,4236.6284,3604.336,3257.4407,3256.3667,3991.0984,3383.0513,3494.5227,3554.2932,3692.8745,4322.959,4225.0
T000025,1981-08-31,4057.1792,3663.2844,3328.7778,2836.796,4018.9595,3476.1375,3874.7095,3405.1514,3813.1765,4570.332,4634.0
T000025,1981-09-30,3061.843,3375.096,3399.9949,3169.3574,3547.2754,3521.7783,3553.712,3545.842,3698.282,4235.0664,3475.0
T000025,1981-10-31,1366.2388,1912.4158,2097.087,1931.8165,3239.6843,1454.6321,1998.6013,2874.7578,3606.0215,3495.1592,1548.0
T000025,1981-11-30,2592.909,1543.1184,1103.5391,1947.914,1708.5033,1604.805,1188.4806,1427.0216,3753.5044,2839.8142,856.0
T000026,1982-06-30,3695.765,3408.195,3059.054,3222.71,3692.5693,3006.0574,3287.585,3819.2974,3489.5254,3669.0098,4109.0
T000026,1982-07-31,3684.1587,3336.3555,2799.8408,2372.4016,3460.2861,2985.3179,2676.662,4079.58,3595.0032,3590.3865,3511.0
T000026,1982-08-31,3672.3684,3188.765,2748.3413,3086.9004,3326.7913,2850.351,2563.4248,3844.675,3543.9355,3633.5312,3667.0
T000026,1982-09-30,3570.4548,3534.9995,3170.574,3364.2756,3744.046,2991.2664,3642.5828,4008.0876,3467.1724,3667.0413,4416.0
T000026,1982-10-31,3325.212,3189.8372,3023.811,2598.0203,3776.7383,2758.4985,2736.5342,3851.502,3476.372,3121.422,4065.0
T000026,1982-11-30,3471.2754,2654.2046,2274.0469,2747.544,3475.6057,2205.8015,1869.5192,2124.58,3469.4004,3119.062,1732.0
T000027,1982-06-30,1708.9702,2011.2568,2173.6477,2026.0286,1738.4525,2181.599,2182.9517,2110.987,1898.693,1801.2668,2402.0
T000027,1982-07-31,1916.0911,1878.4478,2216.6338,2332.4917,1675.2186,2215.7773,1967.522,1928.4308,1934.0125,1838.0221,2138.0
T000027,1982-08-31,2041.5033,2158.5593,2424.194,2584.6575,1817.3463,2259.426,2473.6628,2021.7423,1907.4403,1900.869,2532.0
T000027,1982-09-30,2083.0103,1911.4552,2476.7197,1832.0265,1609.5093,2120.7002,2219.5488,2108.8784,1925.5682,1874.5671,1966.0
T000027,1982-10-31,2068.115,1817.9847,2352.4263,2069.1296,1652.7532,2221.4736,2134.85,2479.1904,1913.5314,1830.1028,1479.0
T000027,1982-11-30,2012.9087,2108.0273,2457.4277,2201.5225,1940.7062,2439.2783,2370.536,2618.8562,1913.7698,1884.4991,2509.0
T000028,1982-06-30,152.65411,160.61899,154.49672,148.02196,149.5466,155.66644,140.25354,163.8837,151.69366,148.9766,182.0
T000028,1982-07-31,154.78175,113.8992,109.18116,126.30304,113.515915,108.66182,60.34088,141.03441,151.17653,147.66403,105.0
T000028,1982-08-31,159.73253,173.75346,143.79907,154.98744,158.35684,165.00531,191.97993,176.98793,152.68861,149.4671,181.0
T000028,1982-09-30,164.88768,164.09027,193.4783,132.34543,201.83536,180.24963,167.1531,166.27966,150.68121,151.49933,152.0
T000028,1982-10-31,164.23944,160.86826,166.61723,141.66524,196.00453,149.87978,158.4835,181.32077,151.84404,154.4837,120.0
T000028,1982-11-30,159.5131,149.89642,153.70851,147.51414,204.0487,164.66026,145.3447,169.10638,152.99622,163.60233,184.0
T000029,1981-10-31,55.04008,54.352695,53.59858,55.410416,52.239,52.530674,52.010784,51.684326,49.350727,55.02029,47.0
T000029,1981-11-30,55.836384,59.727997,55.90191,59.653847,57.435543,57.338318,62.297318,52.943703,49.47237,56.25298,63.0
T000029,1981-12-31,56.0176,58.79744,57.59092,58.43828,58.169704,54.232525,62.941456,51.091755,49.326263,57.10326,70.0
T000029,1982-01-31,56.078484,52.104687,56.387207,53.920494,48.365635,52.703392,50.94715,51.266327,48.9022,55.66589,41.0
T000029,1982-02-28,46.012157,52.11111,48.012012,48.315956,55.186626,51.016457,52.95146,50.257263,48.80162,47.07653,52.0
T000029,1982-03-31,26.968678,21.398012,30.495087,36.506245,29.732742,27.00386,27.366272,22.674704,49.187553,43.314957,15.0
T000030,1981-12-31,1217.6802,1248.5468,1330.1625,1187.49,1028.4324,1253.7087,1299.0896,1208.332,1212.4031,1268.8062,1523.0
T000030,1982-01-31,1251.6318,1079.2,1207.4554,1141.9491,928.98126,1148.2119,1069.7401,1217.9769,1234.6105,1311.6857,1597.0
T000030,1982-02-28,1306.8649,1234.057,1293.5646,1139.8947,951.54285,1332.2448,1222.4092,1306.6681,1207.5927,1398.5282,1392.0
T000030,1982-03-31,1210.9722,1140.5664,1139.5168,1245.5989,959.9619,1130.4727,1202.0244,1272.7845,1194.032,1374.1476,1654.0
T000030,1982-04-30,845.9415,151.02893,850.7507,844.35,-217.24231,379.05762,414.42572,566.3556,1178.0359,1125.6995,190.0
T000030,1982-05-31,1104.7109,1220.6564,1112.1647,1279.115,1008.6172,1280.3975,1225.1912,1327.147,1218.7821,1066.1274,1525.0
T000031,1981-12-31,1709.0393,1760.7251,1903.8529,1646.0321,1312.4136,1624.232,1745.4358,1696.9701,1875.714,1922.0024,2366.0
T000031,1982-01-31,1749.2881,1678.153,1811.3885,1831.1904,1340.5374,1560.876,1782.571,1720.6443,1919.7549,2136.2915,2821.0
T000031,1982-02-28,1797.8036,1824.0931,1990.0378,1683.892,1184.2546,1712.9656,1885.3387,1813.9102,1862.3157,2295.6948,2522.0
T000031,1982-03-31,1748.9177,1616.6101,1627.3342,1778.4518,1055.3395,1407.0093,1654.0618,1769.2173,1855.374,2175.5764,2453.0
T000031,1982-04-30,1519.0187,424.55518,1317.5873,1331.3344,-571.48584,650.5237,765.42554,840.9247,1825.9832,1833.6826,765.0
T000031,1982-05-31,1468.428,1695.0332,1630.3209,1790.8561,1021.0178,1686.4193,1638.0797,1825.6205,1895.3337,1630.4708,2233.0
T000032,1980-06-30,2580.7007,2625.354,2524.0718,2747.262,2551.3816,2465.818,2266.3782,2703.305,2733.3955,2778.0166,2602.0
T000032,1980-07-31,1576.8594,1423.5536,2006.21,2289.0627,1141.4205,1358.0848,1664.2816,1763.6631,2722.7026,2750.7573,1453.0
T000032,1980-08-31,3037.6118,2734.611,2641.7014,2778.253,2699.979,2646.0823,2350.644,2658.9766,2773.9568,2745.9084,2750.0
T000032,1980-09-30,3148.6255,3215.9414,3168.609,2849.6003,3308.1147,3050.9575,2977.3333,3012.956,2744.7217,2792.6233,3031.0
T000032,1980-10-31,3097.8376,2912.92,2764.807,2650.313,3058.0808,2883.4146,3060.0764,2960.7483,2740.8445,2844.719,2908.0
T000032,1980-11-30,3034.7837,2742.9895,2460.1768,2598.5537,2821.2688,2920.5127,2484.2974,2815.9026,2730.6248,2962.7869,2222.0
T000033,1981-12-31,260.4136,220.07361,217.98251,227.022,257.6802,204.64389,201.01514,214.5383,284.39166,241.8114,343.0
T000033,1982-01-31,267.48383,215.52538,242.3561,235.13123,245.90018,198.54536,221.97255,222.75795,286.0524,274.81143,283.0
T000033,1982-02-28,271.09775,223.23886,239.29863,198.28885,254.96292,209.82214,192.9085,225.23985,286.82883,277.6909,344.0
T000033,1982-03-31,265.04065,223.67242,236.99022,211.01724,258.17764,209.59775,225.45859,228.73608,280.33426,274.19464,327.0
T000033,1982-04-30,244.84357,200.19223,187.59305,202.13698,247.27277,180.26222,229.93283,230.8821,279.3929,276.11356,212.0
T000033,1982-05-31,235.23093,214.59518,227.78117,196.95131,254.34366,211.63794,159.37111,221.33832,285.3081,254.88217,282.0
T000034,1981-10-31,581.8395,595.18866,624.4388,578.67786,592.6649,572.26355,585.10034,615.9496,609.7098,626.5648,692.0
T000034,1981-11-30,584.3854,585.4942,597.00305,565.0445,586.6646,581.21234,562.03217,601.8985,615.52094,639.4017,672.0
T000034,1981-12-31,590.54443,591.4228,607.73694,561.9008,607.38513,573.90564,619.3975,639.70544,609.23395,639.5498,660.0
T000034,1982-01-31,592.3542,600.05963,641.5083,640.6256,609.324,598.36414,630.59467,635.07806,605.08234,648.78723,708.0
T000034,1982-02-28,575.98395,580.7149,596.5443,572.01013,566.49475,574.7674,610.33966,605.8601,602.1274,603.9144,650.0
T000034,1982-03-31,534.5212,470.8772,520.72266,530.92224,427.86963,467.354,448.7505,468.49548,610.2662,570.3615,466.0
T000035,1981-12-31,233.23615,212.69608,208.88863,214.57002,214.6543,207.88702,203.19228,226.62598,227.6085,214.41895,214.0
T000035,1982-01-31,240.80045,216.15414,203.07634,221.80484,207.75706,208.24092,188.19135,226.15402,225.64938,228.50734,208.0
T000035,1982-02-28,242.3477,243.98936,218.4674,224.57918,219.94347,224.03584,223.33498,213.41779,228.05354,236.00356,282.0
T000035,1982-03-31,224.26546,210.26866,207.06204,222.90338,199.78906,208.55638,185.43916,210.16692,227.44734,239.867,200.0
T000035,1982-04-30,199.92911,188.22,201.93233,214.78458,207.02823,171.99463,195.03201,221.41597,226.42613,237.01738,171.0
T000035,1982-05-31,222.08284,216.23442,206.21304,230.72278,232.55356,219.91385,191.4224,242.6025,228.63712,227.468,261.0
T000036,1981-10-31,863.5067,836.0666,824.01843,873.9163,931.58386,849.89685,852.96606,870.39355,890.71564,893.4131,884.0
T000036,1981-11-30,871.2597,866.99896,846.31836,924.255,945.36475,903.51373,966.8243,906.02075,900.4756,932.07336,1002.0
T000036,1981-12-31,883.5778,866.2328,857.4137,842.861,931.20447,882.6953,902.8914,929.5096,891.5899,941.22943,1023.0
T000036,1982-01-31,897.9507,863.4061,927.3246,883.5177,943.23517,882.1075,934.99664,947.06165,885.0398,949.1088,926.0
T000036,1982-02-28,881.21814,863.8866,875.92883,890.0611,978.39545,875.1349,1006.6527,915.59485,889.53986,912.4111,943.0
T000036,1982-03-31,818.1307,761.5282,756.40533,787.3606,782.0308,805.95056,730.0226,805.432,888.1835,868.4818,735.0
T000037,1981-06-30,847.43176,827.6198,811.11426,924.0261,887.9384,810.6822,903.03503,872.1438,972.41,990.647,1108.0
T000037,1981-07-31,850.0835,803.9678,814.2156,796.21606,833.49243,803.47644,720.9538,860.83887,967.2493,1072.1772,1119.0
T000037,1981-08-31,857.143,830.7603,864.0089,893.4236,809.468,815.5077,834.7705,885.55914,950.4403,1096.4943,1064.0
T000037,1981-09-30,864.48865,857.1898,955.68353,950.6112,884.5716,829.3037,976.9147,909.905,950.8972,1108.4675,1147.0
T000037,1981-10-31,865.92474,842.1051,903.3082,866.83606,917.6272,848.00073,951.8165,902.2156,944.17883,1080.6827,1189.0
T000037,1981-11-30,854.9144,851.7204,879.3195,937.39575,946.1264,866.27765,935.72107,865.90326,966.5275,1022.9847,943.0
T000038,1981-12-31,513.4311,480.94983,501.16016,463.45752,486.7657,490.85095,438.5821,482.8563,516.3062,549.61847,620.0
T000038,1982-01-31,511.48227,470.87653,471.1182,436.11835,488.11096,505.65924,481.6693,499.8117,518.82733,552.6247,659.0
T000038,1982-02-28,511.1035,510.39667,504.4309,471.96448,473.20557,532.478,493.66794,527.2001,513.0021,564.9826,616.0
T000038,1982-03-31,497.6317,490.90546,438.05008,489.67444,477.91174,495.1797,485.20258,499.81287,508.7954,548.8688,602.0
T000038,1982-04-30,448.52197,293.67197,411.38092,375.22076,320.00677,339.52316,289.1826,368.40796,504.7648,455.73438,277.0
T000038,1982-05-31,474.80093,473.3025,387.07385,436.39014,482.62506,489.6248,418.73737,460.2587,516.05054,431.38705,457.0
T000039,1981-12-31,349.15533,368.8708,422.63788,326.92978,371.6264,340.91953,404.01956,358.08456,489.25162,484.13098,592.0
T000039,1982-01-31,379.7219,372.98447,416.2251,435.27106,329.24765,333.49893,398.0891,368.41055,494.42633,558.61475,760.0
T000039,1982-02-28,401.68713,394.53827,440.31693,404.03186,339.63245,370.77957,433.83798,373.4801,480.9743,583.7496,690.0
T000039,1982-03-31,352.66025,394.82614,340.9452,473.95087,422.88223,335.53833,438.75732,400.93216,479.05112,573.8624,795.0
T000039,1982-04-30,122.26605,82.55966,261.1202,348.3312,68.80087,56.423126,188.47322,282.7565,464.54434,495.87158,124.0
T000039,1982-05-31,262.883,342.44662,264.09692,337.37836,312.31207,257.07733,332.0713,356.38687,492.16757,414.5465,588.0
T000040,1981-12-31,243.01309,212.48053,233.55902,226.81847,223.3855,183.65916,190.52217,196.72647,266.50598,249.43622,214.0
T000040,1982-01-31,232.62366,240.85944,238.64734,246.37326,263.1407,222.13342,242.92809,229.66975,266.64902,263.22156,322.0
T000040,1982-02-28,214.01767,229.55608,217.55763,214.6562,264.84512,226.14522,196.24765,240.05087,269.8979,267.25293,261.0
T000040,1982-03-31,196.06177,213.32668,197.08963,240.71838,231.24141,177.91025,197.8201,235.32005,269.0421,263.26312,228.0
T000040,1982-04-30,207.75032,181.06769,233.6597,219.55002,224.3603,173.04744,191.68358,237.1817,268.3689,249.05106,171.0
T000040,1982-05-31,244.78883,248.29137,227.79584,239.0737,279.6112,238.90877,215.96889,259.21655,267.15594,237.19241,247.0
T000041,1985-06-30,26802.346,26292.082,26022.252,27588.557,26392.268,26344.988,26155.838,25143.564,25736.105,27427.75,22063.0
T000041,1985-07-31,25446.133,25226.584,25114.477,27009.049,26511.61,26414.11,26727.07,25531.988,25636.535,27356.746,24783.0
T000041,1985-08-31,24490.344,25468.357,24813.64,27213.805,25863.068,26572.877,25129.229,25769.477,25899.86,27370.227,25923.0
T000041,1985-09-30,22703.37,22097.623,23526.69,26160.041,21069.652,22326.27,22394.297,22832.6,25896.988,27529.896,20796.0
T000041,1985-10-31,22297.238,21276.004,23818.383,25220.85,23219.979,19481.918,23527.307,21168.807,25743.748,26916.58,21257.0
T000041,1985-11-30,25676.6,23949.121,24037.3,25347.23,26425.117,26523.059,23277.09,24476.062,25936.145,26909.26,23026.0
T000042,1985-06-30,26779.725,26289.781,26015.713,27588.025,26420.11,26344.72,26154.092,25121.531,25747.232,27428.932,22063.0
T000042,1985-07-31,25424.148,25218.477,25124.697,27014.215,26501.824,26434.06,26726.078,25517.895,25647.732,27364.672,24783.0
T000042,1985-08-31,24499.963,25457.062,24813.81,27206.29,25842.16,26551.168,25127.41,25750.969,25911.729,27374.242,25923.0
T000042,1985-09-30,22746.186,22105.506,23547.215,26168.715,21093.664,22331.32,22400.26,22847.104,25909.266,27535.707,20796.0
T000042,1985-10-31,22334.832,21408.94,23894.246,25267.605,23286.605,19663.205,23635.066,21321.494,25756.723,26941.125,21408.8
T000042,1985-11-30,25663.229,23955.15,24082.168,25365.871,26478.957,26527.19,23285.861,24468.86,25948.473,26933.16,23026.0
T000043,1985-06-30,18404.53,18774.127,18398.562,19177.91,19172.22,18766.01,18874.697,18138.418,17676.303,18827.768,16916.0
T000043,1985-07-31,17535.871,17312.852,17348.602,18629.137,18164.812,18272.535,18252.496,17788.193,17622.312,18738.443,16351.0
T000043,1985-08-31,16752.703,17703.02,17215.748,18617.852,18704.389,18119.35,17326.09,18061.172,17741.402,18639.117,17362.0
T000043,1985-09-30,15443.425,15429.478,16576.607,17663.297,14531.566,15410.757,15625.176,15292.036,17779.016,18693.277,14497.0
T000043,1985-10-31,15787.975,15261.639,16385.748,17374.756,16058.083,14032.127,16507.928,14979.288,17713.252,18570.889,14803.0
T000043,1985-11-30,17758.729,16829.457,17026.512,17420.152,18606.576,18559.938,16491.043,17061.75,17837.596,18641.389,16345.0
T000044,1982-03-31,18144.752,18842.785,18276.707,17384.021,18563.348,18588.238,18756.902,18521.125,15860.341,17025.025,18300.0
T000044,1982-04-30,17890.535,18312.484,17108.582,17431.791,18356.578,18393.57,17594.934,18073.738,15664.456,16799.605,17275.0
T000044,1982-05-31,17070.85,17186.27,17370.525,17150.78,16718.629,17091.57,17492.312,17236.012,15644.13,16590.422,15844.0
T000044,1982-06-30,15743.671,16674.574,16218.876,16364.9795,15819.894,16500.506,15797.118,16366.042,15753.895,16342.551,15455.0
T000044,1982-07-31,14799.895,15348.225,15300.387,15577.699,16072.454,15531.599,15258.101,15601.6,15637.5205,16060.796,14161.0
T000044,1982-08-31,14088.847,15877.492,15447.277,15321.978,15323.703,16474.197,16217.357,15726.849,15878.523,16237.634,14964.0
T000045,1983-03-31,145.67184,140.61223,138.7568,141.7611,141.5506,141.01895,137.14064,142.92549,142.2355,140.83255,141.46
T000045,1983-04-30,145.63318,141.37526,143.75555,139.52185,140.7859,141.77165,138.21416,145.28697,141.85048,140.95021,138.16
T000045,1983-05-31,144.51001,140.65004,139.39449,136.18738,139.24625,138.84503,132.4985,144.8497,142.27629,139.93413,134.26
T000045,1983-06-30,144.44716,141.72136,141.25381,141.76988,139.43605,139.74715,137.99303,144.69986,142.20569,140.23174,142.14
T000045,1983-07-31,145.55202,142.39452,141.39499,142.23425,143.72418,142.41188,142.29103,145.27942,142.2171,142.62366,144.31
T000045,1983-08-31,145.1806,143.35542,145.50916,143.56693,149.24863,143.74243,142.85136,143.89893,142.24315,143.82639,142.78
T000046,1979-12-31,7938.112,6894.384,6394.161,6966.319,6196.5273,6528.5483,7122.5405,7179.702,7104.288,8135.8643,7898.0
T000046,1980-01-31,7899.141,7195.247,5981.6577,6667.788,7301.586,6244.5264,6777.819,7266.7583,7150.854,7929.205,7819.0
T000046,1980-02-29,8047.044,8349.414,6693.339,7686.283,7243.4985,6643.9365,7773.723,8413.502,7084.4087,8155.5845,8591.0
T000046,1980-03-31,8267.25,6852.985,5335.8037,5859.284,5390.0273,5814.7373,6561.3096,6622.1304,7227.527,7800.4854,6602.0
T000046,1980-04-30,8652.29,6588.3926,5511.1143,6459.2646,6175.4346,5971.7524,6394.7144,7442.477,7243.081,7679.548,5937.0
T000046,1980-05-31,8766.488,8780.62,6768.181,6728.3447,7611.413,6985.1504,8222.558,8801.202,7102.341,8135.1777,9308.0
T000047,1979-12-31,7900.4355,7302.166,7121.8286,7219.6675,6514.844,6837.636,7080.3105,7414.1865,7537.271,7422.5786,7169.0
T000047,1980-01-31,7633.7715,7194.159,6407.027,6729.548,7374.664,6635.5254,6406.467,7066.4424,7702.6567,7295.4243,7632.0
T000047,1980-02-29,7245.988,7705.6816,7537.2783,7295.563,7016.5664,7824.576,6686.6797,7046.773,7680.3354,7558.761,8164.0
T000047,1980-03-31,7251.865,7114.9854,6394.3145,6304.5806,7071.4043,6271.4404,6783.0938,7023.638,7721.293,7334.0977,6796.0
T000047,1980-04-30,7806.63,6681.9717,6370.8027,6715.9272,6491.897,6500.5234,6078.702,7333.502,7797.4565,7271.6904,5910.0
T000047,1980-05-31,7884.7705,9022.376,7576.0376,7679.247,8401.285,8541.432,8555.791,8518.991,7651.502,7837.2695,10239.0
T000048,1979-12-31,8.5921,8.510888,8.537289,9.174064,8.29238,8.571252,8.712251,8.567506,8.505928,8.536291,8.16
T000048,1980-01-31,8.592208,8.586707,8.625068,9.707849,8.449341,8.840897,8.7495165,8.5462265,8.524668,8.522747,8.53
T000048,1980-02-29,8.645205,8.675181,8.981035,10.178567,8.471887,8.874726,8.852251,8.703234,8.527045,8.566811,8.62
T000048,1980-03-31,8.729409,8.681598,8.878688,9.923507,8.686975,8.689531,8.971077,8.708338,8.534238,8.547619,8.46
T000048,1980-04-30,8.824191,8.646966,8.6904955,10.085511,8.7180805,8.828446,9.075302,8.659814,8.544914,8.541558,8.43
T000048,1980-05-31,8.903711,8.887123,8.681117,10.245365,8.904593,9.147419,8.901697,8.915633,8.513104,8.6069565,8.85
T000049,1987-08-31,24458.541,28808.385,27063.092,25375.385,28416.965,29447.162,25879.848,29084.299,32419.49,26671.877,27518.0
T000049,1987-09-30,33441.754,34742.242,31867.57,30424.793,34843.957,37097.145,32617.938,36496.984,32326.867,33358.477,36765.0
T000049,1987-10-31,33545.594,35305.92,32815.42,28151.191,31215.58,37117.73,32709.076,36905.04,32477.203,32421.139,32517.0
T000049,1987-11-30,33213.562,37897.78,37379.48,31913.438,36165.863,37606.39,36212.67,38175.01,32003.95,33964.184,37962.0
T000049,1987-12-31,33076.332,35854.062,35817.34,34318.16,35485.777,37999.734,35332.57,36769.453,31836.238,36892.652,36341.0
T000049,1988-01-31,33091.09,35474.9,34582.44,35369.594,34123.992,38269.605,34199.2,35894.85,32363.922,31088.818,35300.0
T000050,1984-06-30,2099.872,2182.0432,2079.8257,2022.7155,2096.9348,2068.251,2153.2454,2177.1682,1906.4556,1946.3516,2225.0
T000050,1984-07-31,2112.395,2197.9548,1998.9138,2098.1082,2118.014,2090.0012,2148.407,2136.323,1881.4481,1946.208,2226.0
T000050,1984-08-31,2005.2665,2019.8265,2030.5076,1959.6675,1982.6388,1986.8535,1993.6987,2085.6296,1876.126,1926.3252,1991.0
T000050,1984-09-30,1858.5109,1862.3912,1808.1814,1866.1365,1734.1517,1866.0967,1814.1079,1885.5499,1890.8601,1911.4834,1783.0
T000050,1984-10-31,1773.5621,1768.9551,1753.5085,1848.3735,1720.8026,1720.1536,1857.151,1813.6659,1872.6534,1852.4348,1750.0
T000050,1984-11-30,1697.1804,1833.4604,1827.2986,1761.2654,1758.584,1889.7405,1872.3506,1866.1847,1908.0244,1846.9963,1836.0
T000051,1987-05-31,3729.4353,3765.9316,3760.84,3767.289,3757.0415,3792.2502,3786.925,3780.7485,3725.5557,3707.0627,3759.0
T000051,1987-06-30,3729.4443,3768.6982,3730.7249,3770.4932,3763.9963,3800.518,3741.2407,3795.499,3722.6921,3711.9587,3745.0
T000051,1987-07-31,3730.5308,3729.4902,3736.6992,3720.2769,3717.2449,3754.0627,3674.8552,3754.0798,3724.159,3703.857,3676.0
T000051,1987-08-31,3734.5835,3733.2202,3761.0798,3717.32,3738.1455,3752.903,3780.4062,3776.6995,3724.233,3705.0588,3657.0
T000051,1987-09-30,3738.2412,3763.5354,3731.3752,3721.7375,3777.7715,3770.5513,3827.1863,3789.79,3725.009,3707.977,3712.0
T000051,1987-10-31,3738.8618,3753.7886,3710.9368,3730.195,3711.067,3802.1167,3730.6877,3795.5125,3726.2334,3706.7542,3667.0
T000052,1984-06-30,65.01384,69.59338,65.95196,64.10973,67.41406,66.117905,69.21624,67.48309,60.00935,61.768543,71.3
T000052,1984-07-31,65.81722,68.60799,62.70176,66.90074,67.32737,65.21125,66.67094,66.01453,59.309994,61.71524,70.8
T000052,1984-08-31,63.205826,63.04442,63.730114,62.395332,62.440636,62.901146,62.18729,64.41533,59.103302,61.146927,62.4
T000052,1984-09-30,58.778774,60.415115,57.578846,61.531826,57.82087,60.514153,59.10127,61.067608,59.321957,60.91212,61.5
T000052,1984-10-31,55.23609,51.62916,52.24932,57.455803,50.424667,50.76812,55.478367,57.2303,58.637703,57.36805,48.1
T000052,1984-11-30,52.356064,56.846733,54.98739,55.38239,55.079845,56.335453,57.888294,56.845104,60.073936,56.467102,56.9
T000053,1984-02-29,54658.246,52058.08,51723.79,54039.04,48599.445,52073.73,52251.723,50676.64,49773.047,53227.992,46240.3
T000053,1984-03-31,54368.293,57061.406,49790.715,52789.63,57729.773,55477.09,56960.727,52570.562,49147.594,53083.414,55979.8
T000053,1984-04-30,39754.86,34626.316,40917.34,41601.953,28165.635,33991.15,33994.344,34232.652,49180.418,51394.004,32888.3
T000053,1984-05-31,33954.53,37374.594,40804.79,44518.312,32302.764,33560.67,38717.496,38916.492,50463.73,49853.25,32888.3
T000053,1984-06-30,55333.695,54167.164,51938.516,50859.723,54365.824,56985.13,55311.77,52364.94,50064.14,53605.89,56873.4
T000053,1984-07-31,56641.195,53125.1,50941.133,50398.07,56164.555,55427.72,48857.707,53082.9,49831.105,55743.598,50031.9
T000054,1987-01-31,13484.051,13369.494,13393.033,13507.035,12559.73,13341.7,13602.374,13745.67,12216.741,12864.196,12071.0
T000054,1987-02-28,13590.816,15521.965,13846.088,14419.7295,15274.462,14974.396,17060.592,14204.165,11946.897,12944.024,15621.0
T000054,1987-03-31,12047.775,12455.719,12567.925,12352.357,12705.922,12370.382,12728.364,12346.608,11966.107,12830.383,12249.0
T000054,1987-04-30,4811.554,4120.126,8133.53,9624.001,4646.546,3466.208,5676.405,6424.3594,12383.927,12197.7295,3659.0
T000054,1987-05-31,13342.221,13192.751,12032.809,12446.395,13151.09,13404.519,13588.442,12895.544,12343.002,12574.733,12710.0
T000054,1987-06-30,13545.678,13458.054,13976.672,12370.151,13761.839,14755.293,12555.615,14549.922,12310.684,13044.44,12524.0
T000055,1984-03-31,416.94653,390.45093,391.83484,397.61804,385.298,404.46936,391.61823,388.81488,367.59378,399.2642,334.43
T000055,1984-04-30,409.58362,432.52823,372.324,403.6102,449.226,429.90466,442.09335,405.3285,362.18167,399.73706,399.56
T000055,1984-05-31,268.83582,260.56302,308.94385,311.17212,212.15073,248.9386,266.7406,259.70154,363.7577,383.60193,234.79
T000055,1984-06-30,279.56442,278.8491,300.60803,329.4585,261.87436,257.6346,289.8851,297.39233,373.16397,369.7857,234.78
T000055,1984-07-31,422.3017,419.89206,402.60968,390.40466,437.9881,449.4992,423.00403,410.66306,371.15054,405.76117,421.57
T000055,1984-08-31,435.4499,401.8769,383.40796,372.87833,424.72644,431.9906,374.3863,412.10474,367.56326,419.70688,370.82
T000056,1985-12-31,798.1341,762.3413,755.32043,696.22046,781.6686,802.5217,794.3408,773.6572,707.1268,739.1298,616.82
T000056,1986-01-31,853.1967,789.12244,805.7901,680.5184,815.7045,830.7929,694.5906,834.16956,723.4514,718.5606,722.39
T000056,1986-02-28,874.84393,824.78723,838.2232,800.61383,767.5103,842.7832,811.84094,867.1073,715.8434,743.3891,760.35
T000056,1986-03-31,887.5825,851.67413,835.10364,787.32404,827.0975,811.15265,844.1359,876.7194,720.807,752.3523,753.28
T000056,1986-04-30,887.827,836.3128,883.7896,761.2853,878.0288,870.49585,734.02637,928.22687,725.526,741.8388,790.33
T000056,1986-05-31,882.0105,962.57635,877.39166,852.3807,954.91113,921.82996,977.33655,958.2353,711.653,795.3307,906.79
T000057,1904-07-31,8596.19,8373.75,9300.791,9339.501,8782.244,8724.046,8468.919,8459.169,11031.519,9086.193,8733.0
T000057,1904-08-31,8678.1875,8414.645,9316.033,9280.686,8719.968,9046.931,9062.25,8672.258,11182.433,9471.693,8998.0
T000057,1904-09-30,9299.598,9725.448,9739.639,8964.96,10089.414,10082.525,9029.02,9796.41,11319.004,9514.176,10187.0
T000057,1904-10-31,10502.804,10888.086,10889.437,9950.101,11343.346,11064.687,11184.264,10983.318,11235.17,9907.212,11061.0
T000057,1904-11-30,11526.425,11360.577,11266.604,10990.096,12065.368,11866.698,11305.465,12522.64,11297.361,10893.189,11511.0
T000057,1904-12-31,12351.982,12091.623,11798.651,11802.268,12891.1,12369.0625,11253.979,13196.344,11055.918,11388.613,12954.0
T000058,1982-06-30,72.522415,71.1595,73.22685,73.09099,71.807884,69.54921,72.125786,69.699974,82.40086,79.50094,94.7
T000058,1982-07-31,73.61487,71.722626,72.413086,71.6142,69.39658,70.56285,69.57606,70.38938,83.15369,83.12809,93.6
T000058,1982-08-31,74.646935,72.35397,74.41887,71.95165,72.38187,70.84032,73.34132,69.598526,82.18417,84.33788,91.8
T000058,1982-09-30,75.5992,71.96036,77.59406,73.396614,71.840614,71.05323,76.04393,68.83839,82.07904,83.373,86.4
T000058,1982-10-31,76.409225,72.71298,77.87303,73.361,75.12785,72.02608,74.02998,73.020515,81.84578,81.94569,83.1
T000058,1982-11-30,77.116425,74.34542,77.879486,77.15349,73.35095,74.07833,75.345055,71.24618,82.48973,79.998985,85.2
T000059,1984-06-30,36.47434,38.324177,37.20635,36.92782,35.829224,36.64551,34.705322,37.005676,37.660133,36.50215,36.7
T000059,1984-07-31,28.552652,30.898361,33.16312,36.516476,28.177116,29.330086,29.466484,29.723627,37.506786,36.538887,29.3
T000059,1984-08-31,39.579185,39.86239,37.60577,39.05242,37.372227,38.707542,35.985924,38.489784,37.894897,36.539295,38.2
T000059,1984-09-30,40.489944,41.018375,39.170685,38.66205,40.93048,38.720074,36.984127,39.194885,37.67594,36.79268,39.0
T000059,1984-10-31,40.152363,40.116325,37.090874,39.8451,40.04303,38.20837,37.699066,39.135246,37.844788,38.302578,37.7
T000059,1984-11-30,39.632587,42.199097,37.950817,39.700706,41.162766,40.00998,39.451496,40.95378,37.88517,39.643192,41.8
T000060,1985-12-31,116812.195,107819.83,117807.91,119535.37,113413.52,115258.81,121809.68,112397.86,105659.89,132260.12,110000.0
T000060,1986-01-31,116021.945,105277.766,104396.89,110646.47,111735.04,109540.43,112234.516,119308.74,106540.61,128646.84,103000.0
T000060,1986-02-28,117051.51,112106.14,110193.31,120943.22,110010.33,116729.51,116665.54,126717.125,106525.305,131146.34,112000.0
T000060,1986-03-31,101895.914,100990.52,103164.17,106602.0,104446.91,103379.92,107959.836,103335.68,106399.36,129016.64,96000.0
T000060,1986-04-30,84500.8,53665.98,84671.35,94751.3,71470.89,58534.633,73935.56,84851.45,107072.164,124074.95,55000.0
T000060,1986-05-31,121894.5,104534.914,102729.99,107205.66,114290.22,114527.38,115767.44,125172.14,106264.38,126361.41,117000.0
T000061,1986-05-31,3612.1511,3626.4805,3730.1477,3640.114,3685.7148,3718.342,3731.1353,3850.6033,3426.5269,3665.4153,3513.84
T000061,1986-06-30,3659.0337,3777.7158,3790.766,3691.9314,4041.6548,3820.4214,3781.9492,4047.025,3454.1929,3599.654,3649.38
T000061,1986-07-31,3716.5527,3594.9834,3834.5408,3626.7446,3500.9473,3793.9272,3438.0815,3792.3308,3412.477,3598.64,3365.69
T000061,1986-08-31,3757.1162,3908.622,3960.6316,3752.5918,3865.3633,3879.7864,4091.0166,3971.8423,3418.177,3620.1953,3741.97
T000061,1986-09-30,3775.6357,3611.877,3900.7734,3643.2915,3673.7085,3889.757,3532.2705,3860.032,3437.7537,3568.6255,3505.97
T000061,1986-10-31,3767.48,3762.8572,3703.4065,3682.5757,3717.5283,3863.695,3806.828,3845.9922,3415.461,3656.4814,3575.99
T000062,1988-02-29,907.26013,854.4044,857.5958,851.70264,863.4583,902.5341,856.6391,817.72955,692.8778,894.02014,683.82
T000062,1988-03-31,908.54565,829.8142,811.57385,843.9012,881.02203,895.9386,869.9169,816.1271,689.0148,894.9644,683.82
T000062,1988-04-30,910.6271,809.684,843.5247,843.91394,822.4166,815.128,834.58716,826.66766,694.7712,885.1168,628.87
T000062,1988-05-31,907.78613,780.0006,831.93066,761.7537,804.1666,785.7812,783.64777,791.6974,696.43933,870.77563,604.44
T000062,1988-06-30,897.5591,742.47327,815.50037,744.0262,880.9502,823.15356,785.7237,818.38885,697.52045,887.63116,598.34
T000062,1988-07-31,897.8262,785.6188,790.45154,734.7123,930.42725,896.92773,801.81335,807.3791,698.09784,871.47144,610.55
T000063,1988-06-30,3023.4878,3023.8464,3214.8152,3064.16,2965.9111,3179.7388,2912.2976,2956.79,2931.9236,3047.9414,2434.22
T000063,1988-07-31,2995.1572,3024.1667,3197.203,3165.4941,3045.398,3185.3765,2996.093,3173.1238,2940.9275,3034.566,2621.91
T000063,1988-08-31,2975.1646,2995.4807,3421.0398,3187.2607,3068.1533,3198.5588,3018.698,3081.783,2956.6245,3023.7844,2644.66
T000063,1988-09-30,2928.2063,3135.4175,3569.7068,3170.277,3262.1123,3281.7932,3198.4148,3146.9114,2955.4175,3033.5535,3002.97
T000063,1988-10-31,2894.195,3090.057,3484.105,3166.5684,3095.5684,3259.259,2953.5764,3015.1848,2959.4663,3076.6934,2883.53
T000063,1988-11-30,2899.6206,3000.3477,3164.542,3106.1174,3081.4995,3190.952,2972.7651,2918.0974,2930.3625,3122.6323,2917.65
T000064,1988-06-30,11378.203,12140.622,11320.781,11416.539,12374.638,10644.13,9895.741,11341.581,9593.39,11649.801,6698.51
T000064,1988-07-31,11568.133,9138.318,10111.386,9271.195,10755.756,7398.676,6946.949,9247.935,9608.149,11478.042,3381.89
T000064,1988-08-31,11999.295,11829.858,11957.078,11666.069,14399.4375,10355.824,9274.28,12596.226,9866.108,11470.283,7142.71
T000064,1988-09-30,13054.881,12387.223,13314.779,11704.821,15829.121,11360.814,9460.139,12633.484,9920.341,11423.532,8897.22
T000064,1988-10-31,14177.803,13086.033,13047.064,11222.854,16233.684,11575.033,10186.361,12616.158,9859.638,12126.319,10963.8
T000064,1988-11-30,15057.488,12416.304,12796.4,12328.786,16610.652,12100.477,10045.569,12469.084,9752.09,12912.769,9372.66
T000065,1988-02-29,9823.658,9815.94,9665.531,9318.773,9674.257,9779.528,9331.066,9909.548,9419.918,9494.009,9743.88
T000065,1988-03-31,9905.675,10299.112,9924.162,10041.519,10159.868,10196.971,10074.344,10003.993,9434.847,9491.325,10251.0
T000065,1988-04-30,9994.207,10284.208,9893.704,9990.82,9795.011,9995.904,9943.847,9819.955,9404.457,9455.607,10349.0
T000065,1988-05-31,10041.122,9863.799,9800.522,9153.9375,9684.435,9856.05,9634.826,9841.879,9403.274,9287.098,9444.54
T000065,1988-06-30,10055.693,10295.55,10068.967,9827.464,10330.35,10051.259,10296.833,10010.199,9430.201,9344.283,10276.7
T000065,1988-07-31,10052.445,9694.942,9463.719,9232.543,9412.226,9931.871,9314.304,9795.818,9322.671,9517.379,9368.55
T000066,1984-12-31,24253.938,21526.057,20932.549,21156.748,21813.191,21922.78,22984.375,21811.615,22327.984,22638.723,21594.0
T000066,1985-01-31,24346.941,20150.312,21057.6,19495.604,22365.035,22337.895,19690.252,22888.764,22722.531,22095.322,21125.3
T000066,1985-02-28,24372.588,21820.87,22533.873,22208.195,23048.412,23798.074,23440.168,23138.936,22661.824,22620.668,23484.9
T000066,1985-03-31,24523.133,21291.607,21451.002,22243.436,22192.04,22235.512,23745.582,23838.287,22706.252,22352.656,23172.9
T000066,1985-04-30,24974.14,22374.742,21848.93,21260.305,24265.123,24935.021,21701.924,25905.06,22851.232,22246.648,21617.5
T000066,1985-05-31,25342.428,26518.605,24705.268,24616.094,28543.773,26854.582,28698.852,26869.74,22455.04,23755.379,27054.8
T000067,1984-12-31,541.53284,526.336,535.52344,514.42163,532.5037,511.02612,546.00684,511.73193,518.71063,517.1165,555.49
T000067,1985-01-31,541.0687,488.4957,505.70944,433.45697,508.054,493.81708,426.1713,508.06482,522.63367,516.8424,487.6
T000067,1985-02-28,541.5533,526.57684,507.6541,482.85992,515.47943,503.2096,537.6352,535.21484,522.48816,530.2513,568.86
T000067,1985-03-31,540.47656,492.0084,480.45605,514.1752,505.91876,504.53024,463.58337,523.08484,518.46967,525.6193,504.44
T000067,1985-04-30,524.59033,488.67874,463.16653,446.47086,526.3102,474.83408,442.1002,511.19836,517.8346,495.91028,491.36
T000067,1985-05-31,502.0588,504.0243,518.687,509.5389,528.22327,516.93604,483.62415,510.22006,518.61224,501.59183,482.9
T000068,1988-12-31,7908.7256,7977.801,8187.7144,7806.6313,7621.551,8005.445,7778.5566,7950.7163,7204.3228,7966.4966,7296.27
T000068,1989-01-31,7982.8784,7585.169,7539.9277,7762.141,7280.569,7551.2734,7468.5913,7815.454,7232.2954,7810.1714,6763.6
T000068,1989-02-28,8096.314,8426.8125,7997.7017,8304.051,7593.887,8254.813,8118.3623,8607.516,7264.35,7887.8687,7471.46
T000068,1989-03-31,7390.3945,7749.645,7734.4346,7402.767,7022.329,7048.628,7261.847,7588.5493,7244.4893,7787.929,7032.59
T000068,1989-04-30,4704.85,4936.669,6379.9927,6888.618,4882.2,4726.098,5654.6987,5311.649,7251.8745,7562.971,4491.37
T000068,1989-05-31,7906.5273,8142.717,7454.776,7498.466,7633.4614,8086.913,7783.83,8292.833,7213.277,7718.6396,7699.75
T000069,1987-04-30,18249.494,17525.041,17205.977,17710.363,16005.11,17640.979,18451.127,17855.09,14851.043,17641.055,15387.0
T000069,1987-05-31,11517.078,9553.238,11789.811,13753.125,8590.344,8945.594,10766.924,10179.456,14813.02,17223.502,7594.18
T000069,1987-06-30,6108.445,6089.846,10681.822,11036.902,2745.6094,2787.7344,7513.1226,7727.7954,14941.234,16456.441,4600.6
T000069,1987-07-31,18147.268,16840.559,17448.064,15995.559,17492.166,16626.146,15805.144,18343.57,15064.579,16306.408,14985.6
T000069,1987-08-31,19818.645,20607.047,18902.951,16589.898,20451.848,20125.229,20361.383,21230.422,14885.384,18930.611,19687.1
T000069,1987-09-30,19916.2,19476.055,18276.66,17933.723,19794.639,19683.842,18979.576,21466.863,14997.228,21131.738,18467.7
T000070,1988-08-31,61318.164,54896.938,56624.08,56229.98,56025.305,54660.508,52662.934,56572.086,58404.79,59342.79,52244.4
T000070,1988-09-30,62128.633,64740.5,59669.645,59776.664,65613.21,64315.1,63989.85,61219.375,58026.492,60087.773,64659.4
T000070,1988-10-31,62705.492,59756.516,60667.023,58638.953,59631.754,59461.31,58622.004,60549.023,58231.65,59426.69,60962.5
T000070,1988-11-30,63152.3,59404.24,58618.41,58319.574,58250.492,60254.2,58780.336,61155.266,58351.195,59550.723,55902.5
T000070,1988-12-31,63054.242,62267.016,61190.617,59401.094,61869.734,62762.324,63325.49,61370.668,58020.62,58839.44,62172.1
T000070,1989-01-31,56647.39,54001.46,53473.383,51770.98,54504.52,54393.52,52565.66,55151.613,58371.438,57613.78,48641.3
T000071,1986-10-31,1186.6372,1181.0447,1258.06,1344.1357,1198.3583,1289.5889,1197.329,1148.527,1061.9738,1365.5289,830.11
T000071,1986-11-30,1194.4612,1220.9817,1234.329,1228.7354,1304.7542,1307.006,1103.3582,1230.9281,1070.4469,1318.2781,1038.64
T000071,1986-12-31,1205.2723,1199.6776,1250.1038,1334.5378,1280.6373,1370.6377,1263.6033,1322.2516,1070.5104,1304.5604,908.31
T000071,1987-01-31,1218.0801,1541.9286,1599.5955,1335.7456,1687.3035,1522.489,1631.4846,1488.8086,1063.1154,1316.0647,1291.28
T000071,1987-02-28,1229.421,1137.5016,1321.815,1013.8778,1415.2943,1303.4194,1128.1531,1389.4786,1051.2219,1197.3625,870.21
T000071,1987-03-31,1252.804,691.18036,901.6142,1004.48425,965.37024,969.0508,862.5313,851.8459,1065.7037,1174.0824,459.17
T000072,1983-10-31,31823.895,33966.68,32325.797,31820.46,34448.9,33643.266,30871.701,32217.191,29559.703,31508.795,31510.7
T000072,1983-11-30,32123.84,31400.447,31658.504,31282.488,32270.375,32975.28,28523.285,32726.188,29747.258,31442.627,30500.7
T000072,1983-12-31,32384.168,32382.336,30264.264,32434.203,31890.436,32548.16,34535.773,33584.832,29760.895,30860.395,31244.9
T000072,1984-01-31,33030.59,34050.906,35701.15,33086.164,34870.555,33936.062,35390.18,35200.71,29333.703,30979.684,34218.5
T000072,1984-02-29,25442.73,30673.754,27796.55,27288.902,33723.81,29200.594,28860.365,32075.66,29155.322,27642.727,27936.5
T000072,1984-03-31,13630.104,10374.229,19094.28,24401.61,15153.56,11141.656,15497.484,14670.125,29541.453,25840.441,12270.6
T000073,1987-12-31,21230.812,20744.594,21181.0,20323.566,21825.938,20967.984,20937.268,20522.775,17940.914,21465.906,16741.8
T000073,1988-01-31,20930.033,19839.457,19254.514,19861.174,21904.002,20344.844,20350.9,21414.574,17969.094,20942.96,15891.6
T000073,1988-02-29,20847.422,21348.637,21595.316,22226.08,20517.59,20995.21,21063.756,21431.746,18145.012,21222.889,20108.3
T000073,1988-03-31,16228.934,19158.33,18220.766,19871.115,20126.828,19052.621,17809.828,19906.668,17924.98,21071.562,18639.8
T000073,1988-04-30,12328.473,10193.417,12598.556,17047.531,6007.079,8729.768,12179.301,8995.733,17994.871,19960.625,8091.46
T000073,1988-05-31,21301.637,19289.416,16635.098,18326.594,19207.09,18400.889,17979.273,19297.658,17981.285,20153.555,17893.1
T000074,1989-08-31,181.18907,179.32823,174.86269,178.312,176.18755,172.68584,169.34506,177.45828,180.36539,176.89084,189.01
T000074,1989-09-30,181.15628,173.68999,173.80353,173.91446,172.60622,169.07066,162.35545,176.81532,180.70078,178.59656,170.93
T000074,1989-10-31,182.28221,179.6098,179.00063,178.50157,176.60623,173.09239,173.48566,178.56805,180.91328,178.95609,185.72
T000074,1989-11-30,183.72672,181.67181,181.98677,179.04443,181.68259,175.5284,177.37674,178.86096,180.07924,179.99878,185.72
T000074,1989-12-31,183.7457,179.22716,177.58917,175.62589,180.67987,173.30766,175.94443,176.56856,179.87378,179.82669,184.08
T000074,1990-01-31,183.17479,177.37717,173.96716,175.51794,176.055,174.57797,168.02798,171.04926,180.37932,179.0404,172.57
T000075,1985-08-31,1346.1476,1189.5154,1703.251,1750.4686,1220.1252,1175.0425,1312.9347,1267.4464,1940.9248,1834.9178,1059.32
T000075,1985-09-30,2046.49,2109.2996,1992.6327,2033.1172,2074.2517,2093.4065,2088.2405,1989.0886,1945.9736,1904.6337,1976.27
T000075,1985-10-31,2162.7048,2176.1685,2141.0557,1914.8551,2193.7024,2073.5166,1887.1432,2086.2798,1969.0599,1924.8842,1896.67
T000075,1985-11-30,2144.1401,2142.698,2122.5269,1989.1755,2250.3262,2100.4321,2043.4797,2105.043,1960.2678,1950.0806,1911.98
T000075,1985-12-31,2096.2275,2121.1104,2127.3237,2125.988,2251.1235,2194.0117,2149.841,2105.019,1966.4343,1995.7229,1985.45
T000075,1986-01-31,2050.7942,2094.83,1970.9144,2024.3425,2162.7007,2053.8767,1888.222,2120.1052,1925.887,2002.998,1986.98
T000076,1985-04-30,7220.7676,7617.7607,7631.4004,7504.495,7512.83,7790.8457,8023.5083,7457.251,6794.968,7496.6816,6910.9
T000076,1985-05-31,7260.186,7255.949,7327.723,7273.6123,7300.3623,7491.8877,7196.943,7499.212,6849.461,7372.292,6696.06
T000076,1985-06-30,7299.9595,7308.4995,7262.6206,7336.3506,7087.52,7345.062,7262.016,7643.804,6766.3047,7342.224,6454.09
T000076,1985-07-31,7358.373,7632.963,8064.7134,7663.5645,7690.47,7753.88,7787.627,7806.9434,6768.7163,7435.818,7073.72
T000076,1985-08-31,7440.789,7608.3823,7854.0703,7341.74,7571.3564,7684.329,7363.56,7535.2695,6818.099,7368.629,7155.13
T000076,1985-09-30,7512.355,7358.1704,7244.1045,7481.9287,7439.398,7641.199,7299.6987,7448.7646,6793.2886,7521.832,6564.9
T000077,1983-04-30,553.99615,615.3852,582.5564,563.5901,562.5036,593.89075,611.6587,545.4532,450.7504,587.73114,506.11
T000077,1983-05-31,488.5868,403.3344,415.72684,495.35095,508.48108,423.7043,384.43347,422.7665,451.38397,570.3502,307.39
T000077,1983-06-30,463.10065,455.24225,431.10925,478.5332,481.94772,507.88135,413.6291,494.24872,450.66943,571.0846,353.97
T000077,1983-07-31,547.28735,598.0101,578.90906,507.81998,645.10114,582.202,505.01382,568.3576,445.49518,562.47107,473.51
T000077,1983-08-31,581.7091,590.6154,608.7461,511.32483,677.88367,622.6114,514.5223,555.1646,457.23624,593.79364,450.22
T000077,1983-09-30,582.9002,629.22266,561.8992,593.90314,707.9314,689.07404,630.46533,605.2786,447.08435,659.6746,602.36
T000078,1989-02-28,21585.531,20330.637,21139.79,21382.463,20688.188,20696.307,21322.521,19844.793,19332.846,20102.043,18142.7
T000078,1989-03-31,21423.117,21946.914,20518.29,21474.627,22733.48,22597.781,22783.514,20608.535,18980.535,20227.5,21367.5
T000078,1989-04-30,17792.025,17230.902,18170.988,19069.494,17791.39,16927.281,17885.627,16063.438,19095.916,19746.75,15880.6
T000078,1989-05-31,11418.828,10019.853,15515.95,16991.07,12351.062,9978.019,12534.289,11654.5625,19616.871,19172.338,9326.86
T000078,1989-06-30,21767.412,21194.31,20397.182,20328.26,22286.084,22394.19,22255.28,20803.68,19497.557,20326.998,20823.0
T000078,1989-07-31,22682.525,20740.303,21380.232,20488.121,22599.572,22730.14,19844.88,21625.344,19488.59,21023.87,19371.4
T000079,1987-02-28,14770.151,14606.56,14737.042,14783.526,14038.295,14325.829,14925.089,14746.834,13424.83,13711.703,13488.5
T000079,1987-03-31,14959.196,17410.521,15049.496,15679.997,17172.633,16234.069,18559.088,15211.81,13117.36,13843.436,17886.6
T000079,1987-04-30,13004.755,12937.905,13227.467,12993.756,14029.803,12810.289,13292.931,12867.892,13148.844,13546.464,12552.9
T000079,1987-05-31,5677.0415,4544.045,9081.415,10445.68,6300.88,3880.58,6324.4126,6926.333,13584.309,12866.518,4146.68
T000079,1987-06-30,14583.869,14674.711,13354.889,13495.882,14670.222,14704.559,14825.358,13937.183,13523.945,13351.903,14253.4
T000079,1987-07-31,14703.496,14238.254,15246.748,13378.016,14635.652,15741.201,12989.833,15363.018,13509.614,13808.612,13069.9
T000080,1990-02-28,9088.106,8389.843,8633.196,8931.971,8619.363,8620.35,8717.252,7991.9507,7857.63,8526.622,6890.8
T000080,1990-03-31,8725.955,8803.488,8555.805,8726.483,9368.178,9305.292,9227.5625,8274.186,7713.3926,8571.892,7848.66
T000080,1990-04-30,6065.9453,6915.5063,7345.1753,7607.3657,7189.158,6537.6055,6845.4463,6168.035,7781.489,8335.49,5631.35
T000080,1990-05-31,6627.883,4384.981,6244.507,7038.955,5252.5415,3862.0322,5116.876,4525.6494,8003.1895,8095.3813,3566.04
T000080,1990-06-30,9134.724,8769.383,8423.737,8325.21,9317.2,9358.693,9165.105,8368.982,7960.9756,8707.556,8256.42
T000080,1990-07-31,9526.68,8777.747,8800.987,8532.536,9381.219,9548.401,8287.637,8760.594,7937.0312,9023.15,7814.88
T000081,1985-06-30,146811.22,143486.19,139720.0,139933.52,132518.53,133498.83,111760.35,140700.06,150405.11,154096.1,134832.0
T000081,1985-07-31,53649.445,58062.414,112671.13,133080.7,76016.02,61368.78,89148.53,56160.594,149343.92,154467.06,56067.3
T000081,1985-08-31,163664.02,161061.81,154800.72,156839.7,147437.86,161845.77,150185.58,150703.97,153506.42,153480.19,161078.0
T000081,1985-09-30,170199.66,181968.23,179818.86,153650.86,170007.9,176217.38,159367.83,171748.69,150321.16,151428.14,166453.0
T000081,1985-10-31,165158.44,171478.42,163137.5,163814.86,176662.03,175715.52,178305.89,175474.16,154045.33,163732.23,165270.0
T000081,1985-11-30,161743.86,172466.53,162017.97,155679.2,166874.47,180936.16,169296.62,169699.03,151840.58,173536.56,157343.0
T000082,1989-08-31,2667.1128,2605.5146,2715.541,2694.184,2557.1577,2653.9866,2562.0496,2643.8,2635.7627,2690.6343,2339.7
T000082,1989-09-30,2691.58,2955.9707,2819.9268,2807.5024,2900.2449,2864.04,2793.493,2786.1438,2639.0295,2727.6167,2875.68
T000082,1989-10-31,2701.455,2827.3018,2815.8464,2759.5767,2739.7334,2802.488,2723.9075,2768.9055,2637.2156,2758.6045,2675.27
T000082,1989-11-30,2708.8953,2818.7615,2825.0889,2753.4731,2713.379,2783.1458,2746.8777,2830.2866,2638.2615,2736.6216,2647.31
T000082,1989-12-31,2703.3416,2746.2693,2778.7334,2693.4424,2721.9866,2773.7048,2714.0273,2784.7124,2635.1633,2662.5044,2684.59
T000082,1990-01-31,2651.6846,2586.4485,2640.8926,2643.883,2463.5793,2680.9988,2536.425,2608.434,2631.0308,2623.4658,2456.22
T000083,1987-10-31,24488.508,26070.553,25214.62,25176.775,25492.496,25364.59,24753.422,25597.494,23373.744,23980.762,24414.8
T000083,1987-11-30,24387.582,24517.54,24104.828,24315.648,24511.402,24512.16,23928.094,24981.148,23304.402,23857.668,22714.4
T000083,1987-12-31,24338.19,24501.434,23828.375,23491.395,23342.287,23677.346,22688.434,23882.418,23433.846,23395.023,22306.0
T000083,1988-01-31,24287.367,24658.02,25443.45,24357.379,24378.02,24276.412,23927.166,24505.861,23387.998,23528.145,22933.6
T000083,1988-02-29,22931.812,23224.627,21928.688,22563.035,23823.088,22796.168,23349.52,23292.63,23235.81,23036.236,21900.0
T000083,1988-03-31,18718.637,18654.25,19970.9,21536.953,18998.781,18405.092,18809.328,19064.555,23501.951,22650.975,17783.9
T000084,1986-08-31,4745.086,3606.2725,6442.3193,6833.2456,3919.4817,3173.3535,3955.023,4070.324,7997.6816,8122.187,3245.28
T000084,1986-09-30,8733.534,8939.211,8102.7256,8648.396,9249.367,8895.434,9179.141,8353.099,8046.1714,8337.338,8665.05
T000084,1986-10-31,9290.723,9424.172,9059.754,8150.526,9289.254,9059.791,8215.044,8777.318,8135.027,8514.319,8920.39
T000084,1986-11-30,9136.81,8704.725,7919.5356,8063.4175,8931.348,8680.863,8022.5283,8471.177,8075.884,8515.973,7684.88
T000084,1986-12-31,8899.919,8893.096,8737.525,8746.579,9174.047,8886.214,8948.851,8652.792,8153.334,8447.025,8039.06
T000084,1987-01-31,8739.086,8759.137,7640.18,7927.3657,9139.198,8692.094,7723.8857,8526.77,7919.344,8482.957,8039.06
T000085,1984-08-31,1589.064,1323.3564,1382.7383,1378.0063,1318.477,1252.8435,1257.9457,1298.9996,1514.9601,1429.9694,1333.31
T000085,1984-09-30,1702.3082,1518.7565,1537.22,1561.9897,1421.7281,1455.3989,1440.3988,1382.398,1529.1099,1511.4193,1546.53
T000085,1984-10-31,1686.6511,1663.9087,1607.9049,1490.6385,1637.7104,1559.579,1518.0505,1563.1774,1520.5553,1509.9795,1584.16
T000085,1984-11-30,1637.134,1666.5681,1721.7513,1581.3369,1575.9645,1615.2512,1637.7941,1625.125,1512.272,1551.7748,1845.71
T000085,1984-12-31,1577.8053,1600.3643,1539.6196,1619.0729,1552.6257,1558.0239,1709.9834,1541.2684,1512.1461,1604.135,1623.24
T000085,1985-01-31,1522.5964,1512.162,1496.6476,1542.3009,1441.0745,1501.392,1447.6813,1532.7324,1515.8988,1552.2808,1626.19
T000086,1987-04-30,90151.67,87134.69,90514.29,90172.914,79425.21,93016.92,90326.31,83743.83,68527.35,104911.2,61597.9
T000086,1987-05-31,53955.258,49406.992,61878.38,72207.27,37230.496,54615.88,57958.293,50473.168,67573.39,104352.734,27650.5
T000086,1987-06-30,41715.953,33446.703,60076.758,65054.04,600.83203,29614.398,45710.812,38122.477,67893.84,101029.2,17464.5
T000086,1987-07-31,91713.31,84014.2,89002.266,77511.72,91636.125,80625.81,73499.55,86234.33,69438.25,98867.68,60020.9
T000086,1987-08-31,106379.984,115387.97,105823.84,86868.89,132048.77,112675.09,101890.25,111192.44,69283.516,113067.07,94762.0
T000086,1987-09-30,110451.734,111161.72,98955.24,94079.44,127831.805,117389.516,108267.04,116081.86,68688.195,121285.53,95169.2
T000087,1985-10-31,2536.8599,2727.316,2339.0933,2357.686,2629.8906,2715.6313,2526.0273,2697.8845,2724.8472,2336.1958,2471.65
T000087,1985-11-30,3072.8591,2950.3853,2640.3828,2533.1523,2829.616,3082.8494,2529.3003,3152.857,2727.3418,2740.8335,2580.71
T000087,1985-12-31,3181.3599,3092.3574,2786.7703,2542.428,2764.1633,3107.305,2702.7866,3108.238,2741.871,2710.7253,2870.72
T000087,1986-01-31,3208.9333,3215.9878,3129.575,2728.2422,2974.4624,3120.3958,2966.9058,3276.2754,2707.2568,2849.084,3014.02
T000087,1986-02-28,3180.7554,3122.3315,2887.7231,2802.6719,2981.8997,3103.8745,2883.2253,3178.312,2697.9258,3017.0962,2913.6
T000087,1986-03-31,3117.8582,3069.8362,2846.9546,2925.248,3057.5505,3162.1038,2856.254,3146.928,2724.6748,2656.5273,2884.9
T000088,1987-04-30,9167.3,9068.143,8865.301,8484.357,9191.313,8715.545,10158.083,8875.914,9463.691,7668.6675,18141.0
T000088,1987-05-31,8337.646,6740.54,7468.5054,5705.452,6514.1533,7527.0947,5838.9307,9095.25,9588.349,7523.0376,6944.0
T000088,1987-06-30,6357.8647,5934.9883,6312.4473,3103.8467,5667.111,5258.9424,2390.8096,4978.746,9723.214,6717.9185,7039.0
T000088,1987-07-31,8355.221,8002.5986,8128.014,6702.464,9202.297,7993.858,6604.909,8224.408,9486.657,6752.6577,11483.0
T000088,1987-08-31,9588.642,7723.306,6583.1123,5856.2573,8816.017,8941.106,7945.9,9078.561,9454.337,8051.408,8463.0
T000088,1987-09-30,9626.489,8399.654,9205.814,7314.127,9117.594,9103.474,7080.618,8412.061,9722.436,9076.035,10019.0
T000089,1985-04-30,2970.912,2681.6777,2946.2966,2615.4639,2661.6125,2984.8328,3129.5894,2960.219,2804.5793,2886.039,2671.0
T000089,1985-05-31,3064.6233,2728.9126,2836.2832,2753.3704,3043.5095,3119.654,2801.853,3385.706,2853.914,2949.011,3221.0
T000089,1985-06-30,3111.4158,2961.778,3051.7253,2741.9514,3039.5935,3241.2615,3515.5007,3727.7134,2799.5764,2999.3384,3136.0
T000089,1985-07-31,3139.2903,2904.299,3408.291,3093.2778,2909.1294,3273.6086,3311.1404,3656.0977,2781.2666,3118.778,3149.0
T000089,1985-08-31,3141.1123,2931.2163,3506.4475,2985.821,3156.6792,3251.6938,3371.5964,3718.9963,2804.5583,3036.6294,3058.0
T000089,1985-09-30,3115.003,2882.731,3292.812,3181.8118,3561.364,3303.6038,3584.9617,3311.7288,2790.058,3016.6594,2907.0
T000090,1989-12-31,115513.14,116622.34,122711.47,115247.26,119035.92,125192.06,117619.055,122789.805,115804.53,104273.37,115050.0
T000090,1990-01-31,123821.85,134620.02,124546.55,122558.7,134349.27,133891.67,143721.06,127346.664,116047.95,108912.91,133264.0
T000090,1990-02-28,128864.41,118445.945,124939.32,107798.41,117459.16,128151.805,124010.11,128463.04,115831.336,109189.66,115598.0
T000090,1990-03-31,130372.53,117385.92,123454.66,108018.13,115869.92,121872.44,122050.59,114395.88,115699.44,108327.49,98100.0
T000090,1990-04-30,130314.34,117144.58,119580.305,121872.7,122178.336,127818.484,119511.766,115721.48,116332.37,114741.234,129444.0
T000090,1990-05-31,128715.95,126116.52,122106.69,129646.266,133892.88,132632.62,132407.88,130196.45,115033.51,117874.24,134163.0
T000091,1989-12-31,7297.0684,7224.788,7793.9175,7347.089,8285.211,7871.892,7779.2974,7798.1235,7805.1284,6952.0405,8652.0
T000091,1990-01-31,8084.9604,7845.8486,7722.1797,7468.71,8557.666,8086.8413,9236.917,8040.4346,7810.8,7515.104,9655.0
T000091,1990-02-28,8574.86,7278.847,8265.398,6801.257,8889.19,7836.5654,8208.638,7937.7954,7768.6553,7580.9707,8357.0
T000091,1990-03-31,8806.813,7167.627,8254.307,6860.475,8596.79,7742.5293,8286.799,7103.4136,7770.2295,7425.6665,6421.0
T000091,1990-04-30,8844.928,7095.462,7770.1,7506.308,8458.267,7938.443,7501.4062,7542.5244,7777.98,7709.1694,8425.0
T000091,1990-05-31,8731.462,7730.0195,7852.3667,8477.064,9129.8545,7929.183,8826.955,8067.2925,7806.059,7666.3364,8818.0
T000092,1983-08-31,1522.4163,1429.8777,1443.7671,1488.2085,1398.4861,1495.127,1533.3811,1414.4357,1549.5778,1532.9786,1217.0
T000092,1983-09-30,1412.3362,1453.1641,1428.873,1463.2676,1451.9619,1533.4163,1440.0752,1596.1372,1569.2621,1554.9719,1488.0
T000092,1983-10-31,1503.4209,1394.471,1458.3417,1474.4684,1384.6477,1514.2019,1400.2992,1450.1215,1561.4811,1578.4778,1418.0
T000092,1983-11-30,1627.6545,1660.0034,1702.3735,1686.0485,1598.8182,1644.7349,1748.737,1783.2935,1554.0475,1647.4722,1755.0
T000092,1983-12-31,1621.6208,1565.9794,1625.9579,1603.9695,1523.0872,1685.9316,1573.5178,1710.5356,1560.3962,1653.7065,1645.0
T000092,1984-01-31,1590.42,1604.657,1552.9963,1711.277,1722.7725,1657.3586,1685.2141,1748.9983,1544.6866,1652.4762,1677.0
T000093,1983-06-30,601.3623,588.827,549.77625,564.27246,592.3713,552.75616,598.47375,582.15466,609.9363,615.42065,688.3
T000093,1983-07-31,612.1267,580.20276,554.1936,538.98114,622.67615,555.59973,544.9052,594.6383,613.89825,624.56335,679.8
T000093,1983-08-31,621.2349,588.13275,557.879,573.3008,575.4497,547.3102,569.91156,596.78687,600.94403,628.6176,671.5
T000093,1983-09-30,626.9931,595.7866,562.3575,620.7777,597.46625,556.29376,584.40137,595.1446,603.2786,643.6638,724.1
T000093,1983-10-31,626.57776,581.14703,550.2936,611.5174,602.95337,559.9687,588.9923,552.959,604.5021,645.4209,717.7
T000093,1983-11-30,599.27234,588.0259,562.9925,604.7459,602.73785,552.47864,586.51605,591.0049,607.75946,651.56714,672.8
T000094,1983-08-31,607.4548,648.9993,593.53284,623.71173,618.85657,648.5178,661.3821,617.70197,637.71387,577.74146,576.0
T000094,1983-09-30,596.0534,591.66315,572.84937,605.56824,577.4536,598.6774,560.36786,583.64417,639.84796,612.3879,561.0
T000094,1983-10-31,603.38025,592.0878,581.5693,562.8772,540.3461,562.36255,543.9601,580.4756,640.8496,600.24207,552.0
T000094,1983-11-30,647.6018,707.8102,729.7073,682.99927,660.3884,676.30835,678.6521,722.4219,636.34625,640.40344,691.0
T000094,1983-12-31,653.9237,800.59753,689.7095,675.0024,747.78314,706.9933,749.5353,719.3976,636.23285,685.3627,801.0
T000094,1984-01-31,640.0654,679.56537,638.2334,683.0848,699.67175,685.3297,638.2447,701.49133,637.87244,671.2163,623.0
T000095,1983-08-31,2498.8743,2430.7827,2437.4473,2491.1396,2277.1086,2453.1753,2506.5862,2306.382,2539.4739,2466.3586,2128.0
T000095,1983-09-30,2426.674,2459.4111,2362.5107,2496.5747,2319.271,2457.5046,2336.0269,2456.1304,2551.0435,2531.594,2462.0
T000095,1983-10-31,2630.7158,2358.4817,2438.2554,2393.668,2255.6042,2430.7837,2253.4565,2327.0305,2545.722,2542.9094,2257.0
T000095,1983-11-30,2779.5835,2751.98,2740.3962,2693.528,2567.5098,2634.5303,2754.3987,2779.213,2544.7307,2659.0742,2747.0
T000095,1983-12-31,2788.174,2671.0354,2634.0757,2611.2278,2469.4868,2741.333,2638.0393,2714.8992,2536.6387,2711.145,2591.0
T000095,1984-01-31,2749.7747,2779.9648,2627.706,2787.0103,2777.746,2735.067,2755.0256,2816.3132,2533.9954,2676.4673,2816.0
T000096,1983-08-31,142.95541,116.283615,114.203285,113.30406,126.84683,115.33356,122.414246,112.77811,142.68407,141.04109,98.0
T000096,1983-09-30,122.52672,117.17546,102.13698,105.3035,128.89444,120.690834,91.79347,151.83246,146.71352,140.58917,102.0
T000096,1983-10-31,153.96944,142.82954,129.32704,157.16493,138.13692,148.2891,149.8509,120.6147,147.41815,148.88248,179.0
T000096,1983-11-30,163.9364,149.61449,147.37563,151.36404,149.01903,148.50165,160.86423,168.46501,144.64328,152.77875,171.0
T000096,1983-12-31,161.71994,133.74023,146.08084,145.30272,137.84416,137.53387,109.69687,168.29062,147.27725,150.0539,120.0
T000096,1984-01-31,159.52538,151.00165,127.583176,163.66997,140.73096,148.84679,168.54044,172.09879,143.56882,156.14073,182.0
T000097,1986-10-31,769.4267,774.04126,809.0636,794.7911,762.3758,782.2993,785.41205,753.5111,747.50604,757.7117,575.0
T000097,1986-11-30,747.62195,767.40607,781.02527,785.9976,765.82263,773.1162,770.6338,758.37317,742.7019,755.6918,569.0
T000097,1986-12-31,720.1015,761.1101,825.88324,769.64825,657.3239,739.9614,668.5378,737.41626,754.751,748.3401,588.0
T000097,1987-01-31,696.6,777.53467,845.67865,759.93744,744.78,741.6086,707.4967,722.646,760.21387,741.55035,602.0
T000097,1987-02-28,717.79474,812.9447,876.50037,804.31323,807.0829,800.9981,770.7019,829.49695,761.1555,785.3029,684.0
T000097,1987-03-31,746.9535,859.501,869.0862,829.6172,868.7106,847.22437,791.1528,831.78284,752.137,824.4032,818.0
T000098,1987-06-30,789.0853,778.1247,813.64374,793.3293,759.35364,763.8739,816.02673,818.12134,818.079,795.78485,922.0
T000098,1987-07-31,786.83716,753.30164,757.8413,775.34125,797.8553,759.33966,774.144,784.15594,815.5951,816.0274,862.0
T000098,1987-08-31,775.9176,751.2169,754.1586,749.1321,758.41724,719.57117,753.027,749.9855,818.8616,812.88446,845.0
T000098,1987-09-30,764.6935,737.8815,737.65265,762.62054,775.2521,700.62524,739.2975,760.3597,816.9324,805.4335,785.0
T000098,1987-10-31,762.65295,750.70337,679.1384,746.8732,748.54425,690.7025,755.3708,739.9873,813.5813,796.7133,781.0
T000098,1987-11-30,764.2973,741.9588,656.21954,721.2344,752.5295,716.5698,692.3687,747.6253,819.87024,779.21326,767.0
T000099,1988-02-29,566.50836,514.94214,500.87146,491.69336,532.04865,514.77344,513.6024,512.67706,440.7941,507.56714,442.0
T000099,1988-03-31,634.91626,519.50476,491.4425,486.7081,550.35297,532.9429,515.0297,526.8207,440.4881,507.87924,434.0
T000099,1988-04-30,690.5764,512.2232,499.90747,494.50363,532.0571,509.90128,491.55527,508.11835,440.7235,507.2455,424.0
T000099,1988-05-31,715.26953,508.77426,477.95364,465.65564,533.5907,499.98993,477.97128,491.2346,442.51035,502.5059,413.0
T000099,1988-06-30,722.875,515.3809,478.9976,462.14465,544.5971,518.27094,476.9236,508.00406,443.23102,507.60294,423.0
T000099,1988-07-31,724.6488,514.66016,486.78848,467.33127,554.9648,529.4115,493.5045,501.77872,442.58005,503.09818,427.0
T000100,1984-06-30,14.818488,15.222382,15.420765,15.795051,15.240142,15.237556,15.529191,15.258531,15.117733,15.064582,15.15
T000100,1984-07-31,14.78262,15.23671,15.33087,16.37592,15.384312,15.189833,15.067734,15.286274,15.121878,15.154339,15.41
T000100,1984-08-31,14.688652,15.10435,15.228224,16.530388,15.069594,15.0863085,15.191746,15.128878,15.136326,15.174214,15.12
T000100,1984-09-30,14.572286,15.001724,15.272394,16.553186,15.059524,15.015244,15.168789,15.186078,15.128723,15.15776,15.19
T000100,1984-10-31,14.516747,14.6762,14.596205,16.406109,14.674211,14.553714,14.986524,14.841277,15.113826,15.032314,14.44
T000100,1984-11-30,14.472057,14.703364,14.588493,16.52359,15.049587,14.642844,14.503523,15.033712,15.12595,14.915121,15.03
T000101,1983-01-31,13046.047,12090.222,12444.952,12022.438,11845.685,12081.662,11656.094,12234.071,13412.788,13188.512,11237.0
T000101,1983-02-28,14330.634,13234.735,13480.487,13828.624,14033.245,14715.495,12754.12,12718.663,13489.796,13885.848,13387.0
T000101,1983-03-31,15273.272,16382.9375,16374.927,16334.311,15494.199,15675.078,17021.71,16270.405,13256.677,14382.113,17355.0
T000101,1983-04-30,15977.972,17227.672,16982.082,14713.179,17140.209,16726.766,16893.207,17459.904,13274.977,14781.918,16650.0
T000101,1983-05-31,16509.12,16834.549,17101.93,15707.38,17181.336,17243.697,17139.365,17546.729,13397.258,15149.644,16786.0
T000101,1983-06-30,16450.355,16005.358,15228.959,15216.237,15596.479,17280.975,17298.441,17180.295,13382.86,15159.463,16349.0
T000102,1983-01-31,438.3186,380.50516,355.96368,395.14062,317.2124,321.37085,316.2544,373.80698,468.8616,490.58643,411.0
T000102,1983-02-28,495.93515,398.0118,400.45197,416.0274,345.18634,291.13177,280.0079,251.27379,478.3797,508.25095,428.0
T000102,1983-03-31,531.21185,557.76416,520.42957,521.6762,493.55872,464.6005,482.6819,416.50897,464.3385,525.2303,604.0
T000102,1983-04-30,532.7527,729.28284,665.1001,591.6723,597.3216,554.17267,677.1019,549.70526,454.9514,555.7561,819.0
T000102,1983-05-31,529.0256,607.1191,543.37366,511.75916,530.1041,542.4313,559.8637,503.12024,461.98087,543.48444,594.0
T000102,1983-06-30,523.56604,505.6517,382.8629,467.95398,400.0299,485.80017,501.68613,429.3411,465.70038,537.695,476.0
T000103,1983-06-30,7755.48,7132.1177,7931.99,7720.1567,7221.1924,7113.862,7035.1973,7907.7065,9591.218,8875.346,7757.0
T000103,1983-07-31,7804.239,7675.639,8857.416,8621.094,8896.216,8065.218,7463.8203,7939.2617,9692.129,9612.54,8816.0
T000103,1983-08-31,9280.316,9469.058,10601.922,10411.269,9840.677,9452.052,10393.49,8979.874,9614.292,9916.919,12353.0
T000103,1983-09-30,9278.146,9104.1455,10607.141,9994.625,10092.144,9765.299,9998.314,9377.824,9604.787,10289.945,11363.0
T000103,1983-10-31,9038.304,8877.662,10224.191,10748.527,9820.46,9533.849,9906.628,9282.053,9650.754,10834.919,11364.0
T000103,1983-11-30,8889.877,9222.048,9737.185,10685.3125,10064.43,9789.484,10886.74,10011.364,9653.458,10602.666,12537.0
T000104,1985-10-31,360.63095,372.64648,343.56265,343.95755,364.66986,365.173,378.48898,365.3439,353.10364,338.85266,408.7
T000104,1985-11-30,375.30368,347.4463,331.95218,326.89465,375.88568,371.11325,304.85254,334.2452,354.1964,369.38757,354.1
T000104,1985-12-31,371.52948,381.3648,355.73688,365.4708,382.44662,381.94574,377.82367,340.21036,352.70703,378.924,433.2
T000104,1986-01-31,363.8367,334.0267,354.20197,352.32416,343.84314,348.64908,332.82062,347.95316,349.71472,380.9246,345.0
T000104,1986-02-28,356.8966,315.5008,334.77206,327.21628,339.539,298.25366,298.9823,327.16013,347.50214,369.0045,341.3
T000104,1986-03-31,350.8068,347.3906,323.8801,366.58374,347.42023,369.43884,339.7458,354.87503,353.80823,342.1646,352.3
T000105,1985-10-31,267.1894,274.64926,252.61292,255.88286,273.37903,271.76627,278.59235,272.48404,260.9406,252.0402,294.1
T000105,1985-11-30,276.42624,259.1026,246.65259,244.5558,279.19287,277.0213,230.00269,252.27101,261.52863,273.38126,261.8
T000105,1985-12-31,273.92944,281.29382,263.88797,272.82544,284.70255,284.88474,281.08362,256.8891,260.37433,280.12744,316.7
T000105,1986-01-31,268.77405,250.52875,265.752,262.26462,261.29575,264.33026,251.56883,262.19244,258.43216,281.7629,253.8
T000105,1986-02-28,263.94907,238.56557,250.99007,246.4385,259.29373,232.70439,225.84087,245.25197,257.06857,273.6055,256.6
T000105,1986-03-31,259.73322,257.65778,239.21364,272.66364,258.3544,276.94608,254.55312,265.19025,261.18182,254.63927,259.5
T000106,1985-10-31,27.430742,27.869726,23.855556,22.463512,25.310461,27.644115,24.249918,26.869616,26.20867,23.511585,27.0
T000106,1985-11-30,29.379152,28.926847,25.782932,26.129505,26.935959,30.291304,25.204184,29.690775,26.169928,28.83812,28.1
T000106,1985-12-31,27.884966,31.59151,28.528828,28.53041,27.35233,30.805128,30.215961,29.030315,26.20835,28.869625,34.7
T000106,1986-01-31,26.704033,30.339407,30.254747,27.596704,28.032257,30.402039,28.356644,30.660975,25.618078,29.284918,29.2
T000106,1986-02-28,26.110262,27.350681,28.87621,27.48311,24.114342,26.600897,25.14421,27.30062,25.513172,29.497854,26.2
T000106,1986-03-31,25.87948,27.382233,23.531681,28.288855,26.84717,28.286093,25.413494,27.463047,26.07146,24.408981,24.8
T000107,1985-10-31,85.74059,86.10536,78.87766,81.47934,83.357445,85.52284,88.83009,88.782394,81.68281,79.18901,92.1
T000107,1985-11-30,87.18721,78.440765,74.51139,74.50579,83.877304,84.458916,69.262276,80.19689,81.92481,84.575035,77.0
T000107,1985-12-31,86.03494,86.96541,81.51629,86.318665,86.253075,87.788864,87.96452,83.09509,81.57626,87.054535,97.2
T000107,1986-01-31,83.97015,78.86551,82.74492,83.656624,78.26564,81.77808,80.02819,86.06294,81.019325,88.29708,80.3
T000107,1986-02-28,82.0235,73.27123,78.24609,77.201614,78.54096,71.9525,69.574684,76.5812,80.48862,85.56801,79.3
T000107,1986-03-31,80.41688,81.3808,75.1982,87.545685,81.74781,87.588066,81.33124,86.203316,81.839645,80.77143,82.2
T000108,1905-03-31,2742.6064,2402.3945,2574.3188,2659.9912,2453.8354,2109.5708,2199.5164,2319.088,3403.7761,2777.6196,3069.89
T000108,1905-04-30,2555.693,2247.7173,2702.568,2397.4897,1901.4656,2127.0454,2130.204,2206.8452,3427.7073,2952.4495,2919.96
T000108,1905-05-31,2357.3062,2485.994,2277.2974,2408.0618,1937.511,2311.8293,1897.3689,2466.0444,3487.3584,2952.7686,3142.77
T000108,1905-06-30,2331.273,2670.401,2682.1453,2745.3755,2511.6938,2392.0864,2576.983,2886.5103,3453.4487,3107.603,3243.69
T000108,1905-07-31,2568.881,2605.8835,3191.208,2856.125,2546.0435,2533.9756,2528.7148,3190.773,3459.2783,3308.0554,2986.97
T000108,1905-08-31,2796.0605,3145.0718,3162.9673,3199.5015,3111.6338,3145.195,2709.2173,3413.0283,3424.421,3310.2603,3754.35
T000109,1906-03-31,106781.39,122752.38,104308.05,123653.625,112159.72,118035.23,122113.96,121183.39,116940.88,110006.43,197100.0
T000109,1906-04-30,95792.21,90698.56,90291.984,79175.61,86297.44,101108.555,73256.836,98697.72,114316.79,110019.1,104800.0
T000109,1906-05-31,99006.14,107539.61,88386.07,60949.027,111492.336,99720.85,78018.06,113184.56,114874.62,102518.99,101300.0
T000109,1906-06-30,115154.53,110839.69,97865.805,95598.695,136077.89,121691.35,99483.555,112356.61,114471.445,101777.73,123500.0
T000109,1906-07-31,117360.12,108720.29,65310.184,76748.17,127789.2,113350.27,115985.74,109003.39,111832.73,107292.63,123300.0
T000109,1906-08-31,116522.89,100904.98,93233.516,73933.11,123815.54,114388.69,71074.78,102432.03,117763.445,111994.625,89000.0
T000110,1988-03-31,493935.38,490405.06,496370.44,481113.03,498505.78,495672.44,477342.66,511042.78,477476.44,485291.66,447979.0
T000110,1988-04-30,498538.84,511245.1,506223.97,500875.2,523210.3,528100.2,507217.12,541378.7,474875.88,486149.62,477198.0
T000110,1988-05-31,502811.4,562104.56,544962.25,528492.94,563596.1,541947.6,578103.5,566192.1,477739.47,491226.8,535792.0
T000110,1988-06-30,506522.53,489651.38,484679.94,476603.84,500680.0,501857.75,474429.28,526225.0,478351.75,488578.53,431935.0
T000110,1988-07-31,507927.78,492697.25,489063.25,487401.9,520380.88,494099.25,479490.2,527514.25,477740.47,481443.84,448411.0
T000110,1988-08-31,502595.84,497355.06,489812.88,474399.9,508345.62,531008.06,508885.4,538785.0,478038.16,482680.84,481161.0
T000111,1989-04-30,1091.279,1121.7847,1105.8969,1106.3782,1096.0304,1094.2299,1172.6948,1154.2583,969.73553,1136.6888,1065.12
T000111,1989-05-31,962.5282,834.56976,839.36017,967.13184,923.53876,846.3855,909.00214,979.1201,965.0352,1131.148,731.93
T000111,1989-06-30,830.0368,900.58075,922.1045,927.3342,886.8075,727.8755,887.52203,972.1806,972.0078,1100.9835,748.1
T000111,1989-07-31,948.7091,1006.47314,1032.7646,969.0515,1030.2056,912.6041,992.39545,1072.0928,984.84955,1097.3638,843.42
T000111,1989-08-31,1034.6951,1068.2397,968.5088,972.3429,1133.5402,961.3325,1074.3776,1147.1388,977.1026,1158.2263,916.61
T000111,1989-09-30,1060.5237,1076.5597,969.14984,951.49036,1167.408,1038.7997,1001.41675,1153.2764,986.84064,1177.8777,982.99
T000112,1987-12-31,23774.422,24057.436,24330.365,23778.648,23870.05,24847.8,25311.414,24475.223,23121.568,24244.41,25485.0
T000112,1988-01-31,23667.902,23531.553,23508.193,23660.062,23829.06,24536.79,23199.018,24156.72,23172.873,23867.791,24694.0
T000112,1988-02-29,23690.906,23218.592,23677.207,23958.893,23336.61,23644.607,24112.219,24255.953,23032.828,23903.262,23950.0
T000112,1988-03-31,23809.814,23172.66,23344.37,22565.975,23019.299,23155.418,23900.316,23475.016,23179.209,23510.633,23142.0
T000112,1988-04-30,23981.816,22663.045,23093.6,22501.98,23500.328,23582.445,22734.008,24400.902,23190.42,23154.785,22535.0
T000112,1988-05-31,24164.875,23903.082,23231.174,22845.094,24479.3,24425.066,24346.041,24762.914,23076.74,23714.984,24106.0
T000113,1987-12-31,39338.28,39405.777,39273.953,38069.617,40427.664,40833.965,39836.1,38915.734,34405.61,40131.055,32693.0
T000113,1988-01-31,39948.79,38577.824,37907.836,37392.64,40548.35,40146.1,36783.6,38797.85,34395.84,39913.918,31813.0
T000113,1988-02-29,40404.14,38907.49,38344.2,39113.082,39665.332,39294.664,38326.21,39357.414,34475.164,40144.938,32370.0
T000113,1988-03-31,40907.566,39373.785,38334.387,36400.402,40860.58,38657.152,38037.965,39283.25,34717.99,39790.707,32879.0
T000113,1988-04-30,41381.15,38999.742,39550.426,36413.523,41819.273,40627.668,35844.06,40104.504,34807.094,40261.57,33301.0
T000113,1988-05-31,41806.6,40555.25,39386.637,37073.523,43394.74,43218.73,39526.062,41209.207,34426.688,40464.055,36083.0
T000114,1987-12-31,8053.246,8069.1973,8055.7627,8034.0127,8218.347,7944.977,8753.323,8518.751,8661.317,8612.543,10672.0
T000114,1988-01-31,8024.581,8020.1396,7654.4014,8204.001,8022.4424,7967.3613,8152.946,8295.363,8701.621,8665.154,10870.0
T000114,1988-02-29,8108.515,7831.1323,7925.92,7859.371,7905.84,7843.415,8031.732,8454.598,8534.798,8716.525,9687.0
T000114,1988-03-31,8336.924,7854.616,7578.653,7529.1973,7508.396,7759.1543,8252.854,8253.685,8638.467,8544.954,9029.0
T000114,1988-04-30,8604.074,7982.3306,7808.6416,7727.4106,7911.4395,7894.8804,8182.863,8648.554,8574.73,8231.356,9010.0
T000114,1988-05-31,8853.572,8259.807,7838.1826,7646.6104,8303.139,8016.4146,8295.947,8775.329,8639.508,8364.55,9323.0
T000115,1987-03-31,1241.058,1333.0731,1298.1523,1311.1036,1320.3717,1377.6874,1371.2816,1344.4106,1117.8999,1255.5511,1130.0
T000115,1987-04-30,1266.0742,1320.7008,1265.46,1272.4521,1340.7938,1360.3711,1227.3743,1312.0247,1117.9938,1244.9596,1077.0
T000115,1987-05-31,1281.0916,1300.7275,1273.5806,1312.7389,1288.998,1254.3994,1249.6431,1271.9241,1116.85,1256.8209,1039.0
T000115,1987-06-30,1295.695,1286.4749,1288.1138,1186.1218,1333.3872,1242.1327,1236.7709,1242.0048,1126.4069,1239.8921,1010.0
T000115,1987-07-31,1311.4661,1317.8318,1295.3043,1197.095,1343.6368,1322.9354,1213.0731,1321.3103,1125.491,1249.1003,1098.0
T000115,1987-08-31,1324.2437,1355.0012,1314.2207,1251.9878,1388.024,1416.9391,1286.1752,1377.3953,1124.4379,1269.1941,1183.0
T000116,1987-12-31,1222.3467,1191.1743,1201.48,1103.5244,1195.3552,1090.2949,1088.262,1203.6101,1204.05,1236.0892,1279.0
T000116,1988-01-31,1218.2555,1209.8936,1086.5646,1151.357,1218.9568,1123.7732,1091.38,1229.9152,1213.824,1221.1835,1307.0
T000116,1988-02-29,1227.1309,1224.7942,1218.6459,1208.8032,1215.1643,1107.286,1262.4277,1250.0294,1202.95,1226.7982,1344.0
T000116,1988-03-31,1241.239,1223.1316,1261.0095,1147.7454,1268.4414,1148.9623,1184.1453,1242.7645,1206.2618,1217.3441,1280.0
T000116,1988-04-30,1251.317,1211.8694,1278.9094,1139.845,1185.1995,1132.4537,1127.2732,1253.7622,1209.8235,1172.5137,1186.0
T000116,1988-05-31,1259.0977,1224.4274,1177.5062,1159.6312,1258.64,1111.6248,1138.0261,1232.1666,1202.4767,1189.3953,1207.0
T000117,1987-12-31,855.5095,958.37946,979.9398,946.8913,946.7313,947.0001,1048.5541,965.5089,853.02045,916.994,1036.0
T000117,1988-01-31,841.92346,856.98016,832.2367,861.4088,852.7482,875.013,854.3068,883.9201,849.9322,899.7041,823.0
T000117,1988-02-29,827.26886,866.9917,854.1205,859.9585,866.46155,848.13873,932.898,884.53357,850.2259,899.07965,844.0
T000117,1988-03-31,849.5453,858.61755,858.2801,836.7786,865.4813,859.8059,866.57465,863.636,856.5599,880.24896,744.0
T000117,1988-04-30,876.35345,819.7373,791.9032,811.7203,893.7304,815.3175,758.98956,880.60144,854.0044,883.97675,750.0
T000117,1988-05-31,885.5428,908.59076,862.6137,874.1785,902.44104,885.34644,917.69446,916.69196,859.6374,916.21625,914.0
T000118,1988-01-31,1236.5323,1246.8901,1220.6676,1207.1732,1228.8467,1258.6649,1249.2025,1228.253,1118.0515,1235.4932,1097.0
T000118,1988-02-29,1262.468,1206.0332,1213.112,1195.7152,1248.6697,1249.4211,1157.5907,1202.6687,1119.6696,1228.5919,1019.0
T000118,1988-03-31,1287.783,1322.1646,1276.6361,1290.628,1285.8278,1268.3984,1311.1696,1252.1553,1121.3004,1241.2217,1195.0
T000118,1988-04-30,1310.4219,1270.7223,1265.7985,1201.9783,1256.0815,1241.6488,1255.1029,1262.1188,1120.7039,1231.6726,1101.0
T000118,1988-05-31,1327.3857,1242.6562,1238.5626,1160.1696,1240.2693,1265.3105,1158.284,1271.2946,1125.1406,1224.9564,1035.0
T000118,1988-06-30,1336.6458,1306.2885,1218.8813,1173.4799,1319.2863,1344.9088,1263.4231,1293.2102,1117.495,1227.4551,1116.0
T000119,1988-12-31,31655.867,32388.484,32546.637,31827.64,31873.373,33618.938,33590.938,32299.42,29897.117,32712.527,30862.0
T000119,1989-01-31,32133.883,31620.71,31781.88,31518.582,32206.691,33160.527,31050.475,31741.139,29930.604,32322.467,30193.0
T000119,1989-02-28,32384.951,31686.69,31717.537,32502.201,31986.836,32445.164,32256.08,31856.594,29910.195,32524.521,29931.0
T000119,1989-03-31,32581.84,31571.834,31218.863,30415.018,32225.898,31484.754,31968.182,31593.332,30038.664,32087.162,29292.0
T000119,1989-04-30,32712.047,30665.527,31617.232,30112.615,31533.81,32355.01,30034.383,32176.46,30099.305,32007.783,28566.0
T000119,1989-05-31,32780.88,32595.793,31978.504,30611.496,33934.074,34260.72,32662.777,32959.56,29858.197,32445.824,30951.0
T000120,1986-07-31,8158.4287,8291.144,8362.905,7939.3115,8212.148,8563.756,8092.1074,7948.538,7249.4175,8476.523,6376.0
T000120,1986-08-31,8227.725,8341.355,8127.4897,7998.2944,8544.93,8544.462,7821.979,8022.5234,7270.319,8414.446,6847.0
T000120,1986-09-30,8277.113,8526.084,8299.328,8515.033,8426.169,8442.692,8041.349,8167.9893,7295.002,8502.9795,6973.0
T000120,1986-10-31,8160.565,8306.359,8014.6113,7661.0137,8232.626,7836.717,7583.0786,8066.2515,7334.6846,8381.692,6659.0
T000120,1986-11-30,8242.103,8040.717,8266.417,7625.424,8306.38,8329.823,7100.49,8189.966,7360.2793,8429.297,6429.0
T000120,1986-12-31,8536.443,8910.454,8371.864,7883.7686,8910.661,9169.414,8276.953,8489.825,7257.357,8489.433,7627.0
T000121,1987-12-31,111038.664,110356.375,112259.92,108695.1,112423.125,116413.35,112628.11,108903.58,100353.22,115517.42,93193.0
T000121,1988-01-31,113090.2,110061.0,109862.77,107397.664,114093.22,115739.875,106615.305,111223.41,100713.74,114591.875,95332.0
T000121,1988-02-29,114682.22,110512.77,110916.53,113195.94,114767.07,114492.31,110714.875,111723.41,100829.805,115526.21,95657.0
T000121,1988-03-31,115988.22,111750.45,109412.13,106455.33,116273.86,110451.22,109885.46,112180.766,101165.46,114482.49,98009.0
T000121,1988-04-30,117063.36,106211.664,112039.43,104120.49,115284.28,114495.1,100564.234,112059.76,101525.375,114923.234,92451.0
T000121,1988-05-31,117923.17,115707.67,112691.96,107843.766,123253.72,122548.28,114722.98,115838.2,100330.52,115616.54,104821.0
T000122,1987-12-31,11564.473,11220.168,11863.355,11380.969,11373.649,12041.826,11366.219,11058.254,11221.618,12369.954,10236.0
T000122,1988-01-31,11597.52,11553.674,11734.756,11839.674,11636.318,12112.068,11558.168,11739.554,11280.773,12239.839,11328.0
T000122,1988-02-29,11643.139,11166.57,11783.375,11992.03,11441.191,12028.381,11462.596,12199.491,11265.506,12286.568,10757.0
T000122,1988-03-31,11646.989,11629.985,11897.923,11562.109,11463.682,11957.529,11938.998,12006.63,11304.94,12209.4,11773.0
T000122,1988-04-30,11719.684,10953.29,11973.468,11490.877,11176.376,12036.76,11295.034,11282.445,11368.975,12219.89,10741.0
T000122,1988-05-31,11790.296,11629.137,12004.355,11601.342,11921.268,12303.802,12010.04,12259.676,11203.4795,12361.183,11712.0
T000123,1987-12-31,111038.664,110356.375,112259.92,108695.1,112423.125,116413.35,112628.11,108903.58,100353.22,115517.42,93193.0
T000123,1988-01-31,113090.2,110061.0,109862.77,107397.664,114093.22,115739.875,106615.305,111223.41,100713.74,114591.875,95332.0
T000123,1988-02-29,114682.22,110512.77,110916.53,113195.94,114767.07,114492.31,110714.875,111723.41,100829.805,115526.21,95657.0
T000123,1988-03-31,115988.22,111750.45,109412.13,106455.33,116273.86,110451.22,109885.46,112180.766,101165.46,114482.49,98009.0
T000123,1988-04-30,117063.36,106211.664,112039.43,104120.49,115284.28,114495.1,100564.234,112059.76,101525.375,114923.234,92451.0
T000123,1988-05-31,117923.17,115707.67,112691.96,107843.766,123253.72,122548.28,114722.98,115838.2,100330.52,115616.54,104821.0
T000124,1987-08-31,9535.178,9265.97,9606.319,9314.477,9570.826,9828.395,9692.257,9439.373,8659.51,10090.264,7967.0
T000124,1987-09-30,9582.794,9075.192,9301.6,9030.756,9813.917,9586.658,8860.714,9356.447,8717.655,9987.81,8115.0
T000124,1987-10-31,9717.689,9406.248,9520.967,9754.982,9609.148,9788.038,9612.08,9791.299,8687.53,10082.323,8332.0
T000124,1987-11-30,9976.287,9718.6455,9717.239,9455.453,10306.618,9744.344,9850.785,10140.419,8691.973,10059.405,9111.0
T000124,1987-12-31,10148.813,8942.463,9714.228,8969.018,9919.383,9842.439,8678.372,9880.081,8745.209,10016.336,7914.0
T000124,1988-01-31,10253.157,9898.492,9581.423,9337.359,10817.598,10431.752,10078.72,10236.654,8643.162,10055.722,9054.0
T000125,1987-12-31,5806.3755,5689.516,5888.1904,5690.925,5824.6865,5960.63,5813.1665,5563.9946,5541.171,5818.0703,5439.0
T000125,1988-01-31,5853.6553,5718.29,5568.8755,5654.5737,5955.9863,5922.5396,5516.626,5745.4873,5571.3477,5748.128,5805.0
T000125,1988-02-29,5890.965,5714.3228,5781.9663,5503.853,5838.704,5895.3086,5763.1274,5832.5117,5561.066,5810.5576,5540.0
T000125,1988-03-31,5906.406,5697.4136,5700.9985,5491.257,5660.618,5793.189,5696.799,5732.859,5568.6616,5723.465,5325.0
T000125,1988-04-30,5926.4995,5628.3486,5720.2974,5308.336,5900.3735,5769.0186,5503.2866,5862.546,5583.4204,5628.6123,5122.0
T000125,1988-05-31,5965.94,5818.889,5776.476,5659.3496,6111.024,5967.4224,5903.7817,5906.316,5550.779,5724.8857,5841.0
T000126,1987-12-31,2982.7178,3033.187,3069.2646,2943.1252,2944.7888,3186.252,3152.8364,3049.6807,2732.7446,3212.0776,2916.0
T000126,1988-01-31,2927.885,2842.2888,2934.4885,2768.462,3033.425,3083.6218,2756.289,3007.8203,2739.1428,3153.691,2610.0
T000126,1988-02-29,2871.466,2781.211,2960.7888,3059.4463,2732.9788,2903.8022,2917.6743,2780.6782,2734.0916,3168.9448,2663.0
T000126,1988-03-31,2796.544,2821.0786,2929.2263,2908.372,2861.4343,2864.0435,2923.0195,3025.1367,2744.5068,3117.6624,2834.0
T000126,1988-04-30,2811.0757,2658.0288,2936.6357,2708.8735,2882.313,2985.8699,2608.4304,3004.038,2753.8796,3110.892,2486.0
T000126,1988-05-31,2899.1797,2944.9307,3001.2422,2903.1438,3087.8503,3152.8386,3117.239,3004.114,2724.7434,3160.4932,2756.0
T000127,1987-12-31,1837.5117,1922.9935,1887.8169,1922.0536,1866.0332,1941.8109,2069.08,1946.8065,1774.2589,1914.2991,2096.0
T000127,1988-01-31,1801.0339,1852.3806,1793.8304,1712.4738,1869.5697,1942.5684,1796.3158,1998.5922,1772.2474,1872.5758,1868.0
T000127,1988-02-29,1798.4014,1857.8245,1889.8453,1800.3098,1758.135,1881.1669,1810.5133,1930.825,1756.0121,1887.8269,1872.0
T000127,1988-03-31,1813.3856,1841.2228,1834.4604,1732.2764,1783.636,1856.5975,1789.7744,1871.7886,1770.5076,1839.1315,1645.0
T000127,1988-04-30,1831.522,1833.4241,1774.6099,1639.2876,1735.4968,1904.2412,1655.5944,1931.836,1768.234,1785.6177,1810.0
T000127,1988-05-31,1866.474,1923.1357,1834.2699,1791.5659,2020.8932,1947.1486,1900.3081,1890.7273,1767.4933,1848.0082,1753.0
T000128,1986-12-31,19286.1,19452.969,19790.523,18989.71,19695.809,20458.02,19810.084,19208.664,17446.477,20176.973,16881.0
T000128,1987-01-31,19389.885,19026.404,19109.629,18596.678,19641.012,20015.133,18454.078,19179.19,17472.266,19976.611,16808.0
T000128,1987-02-28,19587.697,18807.557,19103.896,19542.809,19579.412,19454.82,18847.254,18787.504,17504.238,20101.695,16498.0
T000128,1987-03-31,19676.32,19008.371,18774.297,18159.941,19836.055,18570.982,18652.03,19137.076,17608.432,19778.707,16654.0
T000128,1987-04-30,19771.57,18186.535,19167.494,17758.955,19730.52,19530.246,17073.4,19399.957,17633.678,19914.938,15799.0
T000128,1987-05-31,20131.03,19972.033,19452.0,18445.367,21161.467,21112.74,19654.531,19923.64,17458.889,20097.17,17958.0
T000129,1986-07-31,12897.981,12926.486,13650.936,13013.0205,13293.093,14096.321,13372.307,12540.144,11959.303,14043.4375,11221.0
T000129,1986-08-31,12926.635,13067.12,13194.943,13181.846,13524.06,14334.055,13288.782,12969.25,11947.685,13956.274,12102.0
T000129,1986-09-30,12877.262,13143.047,13394.65,13936.625,12536.322,13910.652,13604.723,13349.578,11971.838,14091.6,11905.0
T000129,1986-10-31,11771.368,11954.927,12526.927,12178.119,12309.111,12493.448,12121.63,12422.99,12060.687,13796.013,10560.0
T000129,1986-11-30,11462.632,11787.218,12917.873,12215.404,12328.654,13352.231,11729.994,12673.642,12088.858,13831.568,10509.0
T000129,1986-12-31,13006.5205,13221.3545,13344.104,12556.811,13615.287,14658.568,13487.573,13160.573,11969.826,13835.202,12059.0
T000130,1986-07-31,1457.5516,1450.6161,1476.5774,1346.1716,1412.3469,1363.3027,1263.6938,1444.6787,1487.6545,1493.8693,1509.0
T000130,1986-08-31,1475.8153,1455.6074,1409.7854,1400.9387,1428.5708,1383.346,1200.4524,1459.6926,1503.9746,1474.8092,1484.0
T000130,1986-09-30,1511.5576,1473.7993,1547.4465,1495.5262,1361.4314,1375.3273,1272.1012,1497.7815,1497.1488,1483.528,1570.0
T000130,1986-10-31,1533.0082,1500.5437,1641.8323,1409.6978,1594.8164,1416.1348,1356.9617,1490.4666,1503.7723,1461.4227,1636.0
T000130,1986-11-30,1542.9314,1472.505,1659.863,1440.1497,1474.3665,1389.8038,1312.4347,1558.8218,1508.2421,1471.5095,1443.0
T000130,1986-12-31,1549.9106,1556.7668,1612.7192,1541.2852,1693.1292,1469.7566,1464.9867,1522.3821,1487.1233,1534.3507,1692.0
T000131,1984-06-30,88.17416,90.457535,91.06765,93.48006,92.41799,84.78956,80.11584,93.769714,104.81694,100.519806,93.0
T000131,1984-07-31,62.991634,78.5168,82.188995,91.14273,84.84861,76.020584,76.45596,80.98154,104.185104,101.27408,79.0
T000131,1984-08-31,106.807045,101.81665,93.39349,99.241486,107.05072,99.51949,94.692154,100.31851,105.68061,100.71358,106.0
T000131,1984-09-30,110.73894,107.35989,99.15671,102.08091,109.810776,104.69653,99.50901,107.69267,105.06336,101.31103,106.0
T000131,1984-10-31,108.774216,106.67733,100.955055,105.49399,111.475555,104.2168,106.19937,108.70293,105.651764,105.59113,108.0
T000131,1984-11-30,107.2191,108.928024,97.90617,102.48006,117.42819,107.48073,101.14746,109.382034,105.33584,108.2723,106.0
T000132,1981-05-31,10350.937,12153.1875,10062.301,10082.68,11071.945,10715.931,11027.156,12215.528,9610.196,7681.1943,11916.0
T000132,1981-06-30,7619.8516,6536.252,7418.838,9212.033,4817.5225,5298.9873,7150.935,7709.526,9648.255,7777.676,5502.0
T000132,1981-07-31,4937.514,6174.2383,6806.532,6354.1494,2249.2139,5402.6577,5295.8877,8414.495,9814.717,6990.6753,5292.0
T000132,1981-08-31,10616.824,11212.006,10915.966,9016.674,11862.7295,10805.43,9777.962,12113.091,9686.533,7575.5137,10743.0
T000132,1981-09-30,10752.922,11511.723,9982.562,10568.527,10453.53,10606.525,12806.415,11718.231,9637.783,9904.0,11907.0
T000132,1981-10-31,10325.067,11620.064,10409.264,10083.6,11337.814,10594.608,10176.159,12343.133,9834.865,11115.869,12623.0
T000133,1981-05-31,3114.4927,4695.0015,5089.5024,4396.9893,4490.174,4814.5796,4877.478,4204.8525,4341.9414,4035.1072,3753.0
T000133,1981-06-30,3986.8562,3591.3018,4008.2295,4259.829,4460.8433,3828.1152,3340.546,1437.5596,4364.314,3948.0183,4279.0
T000133,1981-07-31,5177.215,3460.2922,4011.5967,3911.4038,4148.3384,3761.3389,4112.3643,4619.1133,4377.914,3742.3723,1899.0
T000133,1981-08-31,5455.0283,4829.5312,5681.415,4586.392,4714.546,4898.1655,5234.03,5250.8477,4416.089,3919.7107,5021.0
T000133,1981-09-30,5435.7896,5015.3677,5686.7266,4912.2886,5128.534,5023.562,5096.895,5346.841,4358.787,4415.91,4722.0
T000133,1981-10-31,5342.3955,4719.239,5627.93,5339.327,4783.355,5074.197,5210.5913,5241.825,4348.245,4834.6855,5377.0
T000134,1981-05-31,6409.855,8689.996,8614.22,10447.117,7801.0977,8459.462,10167.373,7700.597,8891.525,9208.565,3774.0
T000134,1981-06-30,8451.845,7080.361,8522.957,7973.0244,7081.067,7208.4585,7779.1826,8608.975,9303.025,8970.552,2671.0
T000134,1981-07-31,10760.154,10406.973,10403.852,9279.5205,8225.393,10758.956,9475.643,12378.622,9347.811,9511.719,7522.0
T000134,1981-08-31,12165.42,12359.266,12989.599,11306.611,10956.566,12968.099,12706.673,12790.32,9114.906,9957.797,10560.0
T000134,1981-09-30,13110.565,13581.35,12214.963,10887.904,10992.241,13929.962,12772.023,12912.904,9514.439,10554.622,12814.0
T000134,1981-10-31,13746.008,13589.197,12589.768,13404.564,14706.986,14716.88,14509.936,12540.018,8879.201,12268.595,10570.0
T000135,1988-06-30,17000.12,17675.506,16758.633,17720.05,15263.47,17382.988,16891.766,17115.393,16166.721,16822.414,16030.8
T000135,1988-07-31,17353.045,17441.822,16146.546,16231.312,15988.649,16828.568,14607.001,17415.633,15830.473,16969.207,15679.7
T000135,1988-08-31,17721.398,18964.898,17932.064,19390.26,16585.508,17956.154,18532.793,18072.738,15877.263,17628.002,17963.9
T000135,1988-09-30,17956.605,18166.84,17801.072,17112.53,15770.32,16890.783,15845.229,18171.977,15935.697,17726.107,16513.1
T000135,1988-10-31,18030.363,18129.137,17162.053,16230.76,16267.843,17487.541,15677.871,17590.656,15814.012,17334.098,16593.3
T000135,1988-11-30,18140.61,19232.135,17308.033,18393.094,17229.26,18932.572,19884.916,18961.705,16079.519,18103.342,18649.2
T000136,1985-02-28,60260.7,60079.336,57758.836,60171.133,58262.94,58752.668,59764.777,54971.55,53704.926,55845.883,54252.8
T000136,1985-03-31,57084.02,58404.414,54705.72,59039.984,60579.89,60455.42,63813.797,54430.04,52676.156,55773.57,61239.1
T000136,1985-04-30,44577.508,45893.008,45817.51,51039.777,51050.28,46427.17,47813.68,48053.48,53009.387,53977.836,40615.8
T000136,1985-05-31,31025.498,24086.295,35534.184,45135.066,31946.43,17618.59,30806.62,24951.906,54316.746,51624.527,22958.3
T000136,1985-06-30,54645.25,46352.598,50853.004,51592.78,49097.7,50682.355,50927.117,44199.76,54171.625,54397.285,46291.2
T000136,1985-07-31,61283.344,56320.598,56033.66,54879.484,59253.516,59823.273,50651.82,55698.906,54194.906,56231.605,51352.6
T000137,1985-02-28,2189.432,2189.33,2223.4978,2126.0442,2118.1917,2297.5137,1964.5043,2117.9175,1867.5201,2179.119,1736.31
T000137,1985-03-31,2196.4043,2185.3533,2190.936,2198.562,2177.7246,2245.9338,2191.8782,2208.956,1850.4023,2149.368,1883.34
T000137,1985-04-30,2192.8289,2144.5447,2246.8098,2163.7065,2041.4689,2203.316,2038.2495,2147.8765,1882.8851,2110.8147,1792.1
T000137,1985-05-31,2143.3342,2239.9807,2220.5327,2051.2117,2087.5913,2120.9521,2041.222,2166.5088,1862.604,2092.034,1933.12
T000137,1985-06-30,1836.7428,1265.0354,1698.4725,1830.028,1170.7329,1478.6211,1521.4642,1683.4434,1852.6099,2041.8083,1083.72
T000137,1985-07-31,1394.5525,1703.6396,1724.0352,1738.1471,1751.1956,1677.9412,1693.1008,1755.2018,1862.4371,2014.31,1559.41
T000138,1985-04-30,6804.4404,7051.36,6940.772,6830.382,7002.54,6871.7,7070.394,6687.2417,6501.461,6760.332,6733.96
T000138,1985-05-31,6790.5947,6516.6577,6312.884,6760.782,6571.2485,6407.2744,6382.2314,6255.7764,6546.329,6698.0635,6267.82
T000138,1985-06-30,6807.399,6864.266,6626.157,6443.555,6593.6895,6809.3057,6669.6533,6773.7886,6493.0063,6720.878,6729.19
T000138,1985-07-31,6862.887,7203.3926,7244.9165,7070.79,7216.667,7088.0737,7093.1025,7090.876,6448.7427,6841.1577,7107.08
T000138,1985-08-31,7000.75,6774.6836,6571.572,6596.4507,7154.9355,6707.589,6869.663,6789.722,6499.118,6681.605,6433.7
T000138,1985-09-30,7050.3105,6682.6484,6200.609,6641.8657,6684.8296,6724.3804,6631.479,6714.8296,6486.163,6780.3257,6256.74
T000139,1983-12-31,35636.37,38289.637,37637.895,35854.945,36976.14,36918.977,38762.176,38953.375,35055.684,37044.227,32988.9
T000139,1984-01-31,33910.76,35373.836,35882.543,33185.816,37748.98,35005.04,31684.277,37162.08,35230.152,36212.492,30857.2
T000139,1984-02-29,36819.395,36946.4,37444.605,38297.64,36637.066,34667.945,36784.09,37499.387,35373.52,36612.14,32812.3
T000139,1984-03-31,38315.168,37774.94,38514.02,36642.117,36823.707,35110.61,36583.426,39894.152,35483.184,36526.2,35186.6
T000139,1984-04-30,38681.594,36763.793,39388.645,36494.754,37721.152,36775.48,34074.605,40615.54,35488.805,37121.18,34974.5
T000139,1984-05-31,38637.312,39771.285,39733.664,39262.137,39098.89,39082.832,40011.074,42656.984,35146.875,39153.984,40738.1
T000140,1985-04-30,2876.71,3334.1167,3376.2327,3186.309,3231.273,3387.1382,3419.5786,3164.7847,2784.3994,2767.5857,2628.55
T000140,1985-05-31,2949.6824,3566.5823,3486.96,3459.356,3562.6855,3511.4092,3776.2463,3448.642,2765.2441,2796.075,3412.51
T000140,1985-06-30,3004.0674,3088.5984,3146.2783,2882.336,3013.1885,3164.526,2975.322,3290.564,2783.035,2698.4355,2213.52
T000140,1985-07-31,3056.7478,3187.29,3308.4072,3020.983,2953.5645,3129.5576,3004.4294,3267.481,2784.1853,2716.0505,2640.08
T000140,1985-08-31,2998.1028,2824.6143,2806.7249,2923.4336,2999.206,3028.5034,2705.9978,2974.726,2767.5498,2666.0603,2363.39
T000140,1985-09-30,2892.2988,2661.0232,2609.867,2775.408,3148.4492,2892.5208,2459.3054,2701.515,2778.4402,2575.2197,2178.93
T000141,1985-08-31,2200.6729,1820.6764,2273.9697,2325.4963,1554.8085,1791.2449,1905.6815,1932.6436,2572.269,2422.303,1766.61
T000141,1985-09-30,2750.7715,2698.0505,2634.1445,2673.1243,2654.4434,2676.203,2628.1277,2605.303,2584.4473,2534.7356,2619.19
T000141,1985-10-31,2830.9382,2832.4836,2788.709,2531.436,2854.998,2779.2122,2530.5583,2783.1577,2592.9307,2555.3794,2585.54
T000141,1985-11-30,2816.9912,2800.2686,2846.3025,2653.38,2859.4016,2878.629,2735.9502,2871.0447,2579.4358,2599.2808,2785.3
T000141,1985-12-31,2789.8223,2741.9966,2728.23,2784.812,2833.3638,2861.2861,2868.9463,2841.4946,2589.3972,2672.4285,2681.35
T000141,1986-01-31,2766.7332,2674.3848,2600.8389,2652.0103,2747.1318,2743.7607,2480.8962,2743.4963,2557.9128,2638.8247,2684.64
T000142,1985-02-28,27493.574,27634.256,26198.893,27381.883,27503.162,27304.135,27957.422,25492.48,24127.31,25718.996,25212.9
T000142,1985-03-31,26125.566,26153.365,24746.219,26349.555,27737.25,27528.637,28849.926,25297.13,23697.047,25625.26,26318.8
T000142,1985-04-30,20730.83,20531.658,20810.006,23315.277,21976.076,20955.934,21811.328,21409.152,23826.715,24824.844,18135.7
T000142,1985-05-31,13805.98,10511.563,15535.833,20363.111,12280.341,7702.453,13686.512,9910.119,24487.555,23625.33,9838.4
T000142,1985-06-30,24699.348,20321.959,22346.098,23093.764,22430.72,22690.69,21797.842,18736.555,24406.41,25048.191,20184.5
T000142,1985-07-31,27870.34,25755.46,25249.432,25031.701,28190.357,27484.832,23493.74,25079.002,24434.02,25975.533,23378.1
T000143,1989-08-31,2261.5771,2203.6055,2262.002,2276.485,2151.9238,2240.7183,2174.0295,2244.5186,2212.2583,2261.6147,2010.54
T000143,1989-09-30,2284.1497,2444.8855,2336.0835,2326.2168,2396.984,2395.1074,2322.9033,2341.7334,2215.3228,2277.4119,2361.69
T000143,1989-10-31,2303.1106,2348.5488,2324.0059,2299.431,2257.9048,2340.9956,2261.1897,2316.4775,2213.8645,2295.2588,2216.09
T000143,1989-11-30,2315.59,2374.2761,2363.0417,2301.3352,2263.8933,2334.7666,2315.5752,2369.31,2215.0215,2285.9941,2207.53
T000143,1989-12-31,2297.7854,2321.8054,2318.4683,2243.4253,2280.5774,2331.2393,2291.1663,2334.4033,2212.3262,2225.183,2261.06
T000143,1990-01-31,2226.4072,2158.4167,2204.3657,2212.4878,2093.6943,2255.6482,2122.9072,2191.851,2211.0552,2201.0542,2031.95
T000144,1988-06-30,16587.166,16556.04,15933.503,16478.693,15095.509,16677.936,16186.971,15951.697,15682.975,16114.346,15353.3
T000144,1988-07-31,16838.805,16404.861,15214.726,15200.786,15747.443,16133.533,14100.355,16151.107,15378.782,16159.599,14737.4
T000144,1988-08-31,17054.783,17614.465,16605.436,18035.697,15402.412,16848.162,17374.566,16514.168,15431.7,16589.188,16484.3
T000144,1988-09-30,17283.945,17426.828,16644.537,16325.922,15828.369,16354.793,15239.256,17412.51,15515.392,16736.941,16301.4
T000144,1988-10-31,17435.02,17433.492,16871.324,15753.785,15311.119,17237.11,15568.089,17062.453,15393.625,16721.002,16488.9
T000144,1988-11-30,17497.512,18655.89,16873.277,17549.887,17312.252,18117.787,19453.838,17930.973,15611.972,17559.781,18170.1
T000145,1982-01-31,1389.9021,900.7571,1393.1335,790.3756,1203.4364,834.6072,618.5364,1494.6842,2173.2363,1849.6785,3224.0
T000145,1982-02-28,1441.7487,1044.0562,1112.7806,945.89545,999.4264,818.22156,636.9774,1486.2572,2235.3452,2222.8325,2562.0
T000145,1982-03-31,1491.6556,1254.7792,1489.471,1143.2484,1317.0548,1025.7994,1443.8511,1231.3541,2153.9736,2216.1147,3143.0
T000145,1982-04-30,1505.1543,1463.0762,1837.2043,2081.176,1582.511,1308.4553,2011.1934,1786.442,2097.3853,2342.469,4183.0
T000145,1982-05-31,1463.642,1044.4863,1613.2317,1561.4556,1264.0565,1005.63696,1266.8843,1555.4436,2074.6616,2371.0308,2448.0
T000145,1982-06-30,1352.3558,1013.3823,1003.1542,1476.9844,1214.8922,747.0166,820.2075,1562.948,2177.896,2097.5298,2230.0
T000146,1983-08-31,978.0195,989.3919,994.8529,1003.5751,949.3077,962.34717,973.4852,958.81793,990.57404,926.9346,911.0
T000146,1983-09-30,1038.5801,999.9979,928.07446,1034.409,958.83075,919.75946,896.21216,810.59235,978.7377,967.74133,974.0
T000146,1983-10-31,1125.5217,943.67126,968.1658,920.69727,939.55896,918.4556,853.53156,896.57294,983.90906,956.3949,839.0
T000146,1983-11-30,1158.6643,1055.8032,1047.4038,1008.88367,965.69855,971.6465,1005.8993,1038.11,988.692,1007.07336,992.0
T000146,1983-12-31,1149.7476,1064.9752,1011.7185,1008.73865,998.45087,1039.5948,1064.8179,1052.1345,980.76105,1051.1155,946.0
T000146,1984-01-31,1122.2568,1102.8423,1063.8751,1077.385,1073.9728,1070.5923,1069.9467,1117.5535,990.70764,1030.9941,1139.0
T000147,1982-06-30,789.0853,778.1247,813.64374,793.3293,759.35364,763.8739,816.02673,818.12134,818.079,795.78485,922.0
T000147,1982-07-31,786.83716,753.30164,757.8413,775.34125,797.8553,759.33966,774.144,784.15594,815.5951,816.0274,862.0
T000147,1982-08-31,775.9176,751.2169,754.1586,749.1321,758.41724,719.57117,753.027,749.9855,818.8616,812.88446,845.0
T000147,1982-09-30,764.6935,737.8815,737.65265,762.62054,775.2521,700.62524,739.2975,760.3597,816.9324,805.4335,785.0
T000147,1982-10-31,762.65295,750.70337,679.1384,746.8732,748.54425,690.7025,755.3708,739.9873,813.5813,796.7133,781.0
T000147,1982-11-30,764.2973,741.9588,656.21954,721.2344,752.5295,716.5698,692.3687,747.6253,819.87024,779.21326,767.0
T000148,1984-06-30,38.871876,44.32258,47.595207,49.698242,44.589443,42.048225,39.868477,46.64154,55.50683,52.377594,46.0
T000148,1984-07-31,47.244736,42.652008,46.79006,51.141884,47.202545,46.594254,43.683044,39.5011,55.408882,53.11764,44.0
T000148,1984-08-31,57.32895,55.033936,54.760513,54.940685,57.78122,57.06796,54.88721,53.40884,56.07915,53.285755,59.0
T000148,1984-09-30,57.38544,56.68395,55.924953,55.17047,59.68486,57.90218,55.631557,57.34327,55.676254,53.466835,57.0
T000148,1984-10-31,56.39254,57.52875,56.094265,57.64164,60.062798,57.9012,57.6011,57.60644,56.023346,55.41839,59.0
T000148,1984-11-30,55.65694,55.12062,54.15615,55.61179,56.07408,58.954445,54.169636,56.797077,55.563206,56.703125,55.0
T000149,1983-08-31,300.8273,242.73062,289.30707,265.79303,253.49289,256.91537,266.0584,269.15372,292.02463,303.6324,215.0
T000149,1983-09-30,299.24362,302.662,311.97754,281.57715,314.7089,306.43134,297.81653,310.12872,301.16357,306.73193,352.0
T000149,1983-10-31,287.45428,296.39676,307.80365,295.5292,302.47327,327.73492,294.7657,292.95325,297.37564,322.6886,305.0
T000149,1983-11-30,287.83615,326.36728,311.6751,321.3807,316.84772,307.87256,345.7693,324.35458,296.93094,324.99658,358.0
T000149,1983-12-31,299.4814,198.54395,291.16147,281.80426,245.42317,258.4772,209.74786,291.91864,298.3284,297.614,205.0
T000149,1984-01-31,301.65747,312.5785,295.0264,328.8838,310.16864,304.7998,330.91748,325.3678,294.77625,294.76913,363.0
T000150,1983-06-30,6.8699713,4.3323765,4.76788,5.8571005,4.4476414,4.948519,4.7543364,4.667387,6.496293,6.401209,4.7
T000150,1983-07-31,6.784226,4.369197,4.6636086,6.45405,4.732194,3.4088447,4.097413,4.330574,6.6215167,6.359641,4.7
T000150,1983-08-31,6.903116,6.368938,5.799444,6.99879,7.048545,6.4311876,5.349235,7.085313,6.629491,6.424703,6.6
T000150,1983-09-30,6.9634233,7.2802525,7.0912156,8.729166,7.576591,6.965452,8.504294,7.7396936,6.4948506,7.0589714,9.8
T000150,1983-10-31,6.815398,5.7845154,5.5864654,7.561695,6.0901127,5.6352043,6.7022233,7.1404405,6.514932,6.8768535,4.9
T000150,1983-11-30,6.6816845,6.224212,5.161824,7.186656,6.1920543,6.3026156,5.495074,7.1490865,6.5699296,6.856662,7.4
T000151,1984-06-30,323.27725,322.47595,325.10077,317.7418,314.1623,318.44537,298.6636,319.86237,321.20316,330.40375,315.0
T000151,1984-07-31,241.08441,255.37909,288.1629,309.55142,256.84714,245.87073,264.6909,253.79877,319.65247,329.5597,250.0
T000151,1984-08-31,337.88754,342.1972,332.8089,335.58344,331.81332,338.1501,323.41678,334.96857,322.49567,329.63574,331.0
T000151,1984-09-30,347.54816,355.67618,349.05527,328.53964,350.56207,343.00012,330.6167,344.35782,320.53464,329.81686,337.0
T000151,1984-10-31,344.34674,341.41702,327.38184,331.8555,344.38876,336.38477,334.28622,344.41534,322.5834,337.55048,320.0
T000151,1984-11-30,340.60956,355.5201,327.71292,328.2908,359.27954,349.79654,345.49585,348.00534,322.37476,346.28384,342.0
T000152,1984-06-30,334.34695,336.62442,319.898,307.4184,321.4922,315.391,330.3724,336.23334,288.2835,292.17822,337.0
T000152,1984-07-31,342.51828,339.6612,305.80798,321.71194,338.2668,317.6643,326.91336,330.16382,284.59222,293.82718,343.0
T000152,1984-08-31,330.09515,309.38446,305.7649,295.4143,301.8747,297.43582,302.40778,315.4851,283.944,291.18048,301.0
T000152,1984-09-30,298.51163,281.91333,271.33987,282.7629,263.26093,279.1316,267.8726,285.07333,286.0979,288.55038,265.0
T000152,1984-10-31,273.75674,266.6308,256.20526,279.25763,268.31543,252.43823,274.4773,269.0252,283.01187,278.18405,260.0
T000152,1984-11-30,255.6301,273.51117,268.58902,264.5441,256.20837,273.4293,271.4528,277.90384,288.8317,275.134,276.0
T000153,1983-12-31,41.5093,39.43667,38.661743,39.514256,38.34984,40.132694,39.06908,40.792706,43.82871,42.999584,49.4
T000153,1984-01-31,41.502125,39.369995,39.71189,38.569824,38.102867,41.373943,38.960533,41.74575,43.774075,44.4513,46.36
T000153,1984-02-29,41.17498,40.188484,41.62499,41.642807,38.112347,41.19442,41.327774,41.31758,43.732243,44.545033,49.12
T000153,1984-03-31,40.783295,39.44532,41.79521,40.25368,35.509277,41.53594,39.65964,41.063503,43.54962,44.441296,43.9
T000153,1984-04-30,40.276443,39.33162,42.12364,41.03898,37.4804,41.235634,41.990417,41.438747,43.386814,43.86473,45.11
T000153,1984-05-31,39.73586,39.513752,40.829178,40.40015,38.87342,41.395657,37.63764,39.877228,43.863304,42.6381,41.59
T000154,1983-12-31,268.96683,260.29895,261.62994,258.50992,266.5348,267.2267,256.43997,266.18372,235.82924,260.25177,208.62
T000154,1984-01-31,274.49237,271.1377,257.77036,256.58408,279.36597,278.04474,258.23267,273.0883,236.26909,259.74,226.59
T000154,1984-02-29,279.36942,268.3393,264.49377,258.10266,267.85828,265.9826,253.984,277.89035,237.01363,258.66357,215.18
T000154,1984-03-31,283.6132,268.00116,264.95886,251.21394,274.0224,257.5049,249.0426,277.31888,237.48227,258.52594,213.32
T000154,1984-04-30,288.3015,271.20572,263.12674,246.94913,282.8187,269.19867,246.31331,279.88702,236.51587,260.23474,219.51
T000154,1984-05-31,292.18616,272.53943,257.07922,247.77943,282.12817,281.81635,250.88412,280.51654,237.3388,259.83746,224.79
T000155,1983-12-31,163.97966,163.67548,164.55019,162.70113,163.90613,165.08679,160.11017,164.1433,154.76572,160.83289,142.87
T000155,1984-01-31,165.48094,167.10402,163.4195,164.57378,168.52724,166.8264,161.58109,165.37096,154.90529,160.60544,149.37
T000155,1984-02-29,166.70654,165.39514,164.71352,163.13786,163.73068,161.76392,157.44928,163.79033,155.24818,160.13643,144.84
T000155,1984-03-31,167.93544,170.48148,171.10461,161.91121,172.96626,163.84418,165.08798,169.30038,155.33038,159.79942,153.31
T000155,1984-04-30,169.28116,168.87558,168.6849,162.82616,173.82712,167.08272,162.83366,167.80794,155.52419,161.243,152.82
T000155,1984-05-31,170.54678,167.7658,164.4542,162.24384,171.2975,168.69604,159.07785,168.24605,154.672,161.99509,153.27
T000156,1983-12-31,334.6609,333.46176,326.73242,322.50452,327.72772,332.37653,321.14536,328.22177,296.8324,317.80423,284.29
T000156,1984-01-31,339.879,329.70462,317.78992,324.5411,323.56952,333.97522,321.2744,329.50354,295.23196,318.09402,283.66
T000156,1984-02-29,344.219,332.3504,329.18073,320.71747,317.01276,315.12003,311.88693,330.72992,297.6915,314.18436,281.42
T000156,1984-03-31,344.60785,327.01794,333.65363,310.82364,322.74088,310.95407,304.38217,330.41992,297.6819,313.88596,274.43
T000156,1984-04-30,341.07675,321.27316,321.60953,308.8441,324.1564,318.70633,310.85577,329.6898,296.58054,317.15094,274.43
T000156,1984-05-31,347.48816,321.9129,307.60626,298.44473,324.55682,331.7501,300.278,327.74146,297.7371,315.04214,274.61
T000157,1983-12-31,106.236336,103.25565,103.82799,101.3808,106.40474,107.49052,104.17308,104.17059,98.62857,102.03211,91.6
T000157,1984-01-31,108.056946,106.218185,104.54268,109.09907,110.58772,111.42704,107.57981,107.124115,97.84811,102.17599,96.79
T000157,1984-02-29,109.87116,107.151405,108.28063,110.544655,107.78883,108.86079,108.250656,106.957405,98.16238,101.00346,98.28
T000157,1984-03-31,111.28093,106.50671,107.420654,104.8066,111.25869,108.24532,106.38475,107.60131,98.59665,101.121605,96.34
T000157,1984-04-30,112.28465,107.408615,109.02568,107.60037,113.35151,111.68027,110.62997,110.051926,98.59459,102.57696,95.48
T000157,1984-05-31,113.01206,106.52734,105.80829,102.158646,110.48429,113.754456,108.30644,108.3751,98.864006,102.61362,98.62
T000158,1983-12-31,442.67188,432.93378,432.451,425.95508,436.19278,443.06073,419.75684,436.5745,397.24582,423.1294,344.05
T000158,1984-01-31,451.20822,445.85873,429.28912,434.21313,454.94867,458.18164,430.0069,443.7926,395.73535,425.03104,364.76
T000158,1984-02-29,458.44766,450.04065,446.63757,433.64047,431.32388,443.9418,420.50967,449.28476,398.95145,422.4745,368.63
T000158,1984-03-31,465.71313,456.5269,459.35904,421.20117,467.0423,449.06857,428.67096,458.0085,399.32126,421.58514,372.88
T000158,1984-04-30,473.01086,466.90942,462.08975,432.30383,493.63983,474.0375,442.04047,467.44205,399.9903,429.8336,400.16
T000158,1984-05-31,480.25513,469.16922,443.5105,424.15668,483.8175,489.70755,433.442,468.99207,397.2778,430.54993,395.87
T000159,1983-12-31,169.90369,171.36897,169.99713,169.15585,170.51968,170.64648,164.72682,168.12685,162.10786,169.28023,156.35
T000159,1984-01-31,169.7922,170.67569,168.85501,170.79442,170.80322,172.17387,164.73145,168.40297,161.94156,169.43137,157.32
T000159,1984-02-29,169.46385,172.01979,171.58548,169.80814,171.97955,173.14949,164.9709,171.29456,162.48984,168.843,157.91
T000159,1984-03-31,168.2974,172.89204,171.73238,167.7287,173.90201,172.48917,167.00122,168.89226,162.29976,168.76254,157.6
T000159,1984-04-30,169.58755,169.3718,169.12506,167.34349,169.9397,171.67477,165.63126,169.59122,162.48927,169.69864,154.9
T000159,1984-05-31,172.1466,170.19601,168.22333,167.49298,174.09464,173.31163,164.87495,169.18346,162.13249,169.27371,161.19
T000160,1983-12-31,316.83823,314.42868,313.24936,315.7854,307.44934,309.68127,310.70743,316.08817,305.3316,312.9883,313.32
T000160,1984-01-31,313.08557,317.00104,312.4948,314.00177,311.60422,308.31488,308.24164,315.99222,304.7049,311.9972,319.96
T000160,1984-02-29,305.81204,308.927,307.86703,309.97958,302.98053,300.04855,301.16327,307.7957,304.4846,310.40863,304.82
T000160,1984-03-31,298.34482,303.65744,305.91873,307.44794,297.61496,299.7327,302.85806,305.95468,305.1307,309.7524,294.03
T000160,1984-04-30,293.6479,301.77356,298.56702,301.01172,302.47134,297.8653,306.17746,305.74225,304.21967,305.377,298.6
T000160,1984-05-31,286.61185,288.80692,292.9286,295.50665,287.34335,287.61606,286.06113,293.22235,305.8722,303.99567,283.94
T000161,1983-12-31,209.96774,211.46985,209.19138,207.48041,210.81935,213.44922,208.41713,208.3759,198.10115,208.44826,193.44
T000161,1984-01-31,211.08775,212.0346,206.85321,207.28467,210.85504,214.5682,205.03406,209.6987,198.43318,208.01956,192.47
T000161,1984-02-29,212.69704,212.6427,209.08745,208.87744,210.96652,209.47783,202.38708,208.37892,198.61229,207.14845,191.54
T000161,1984-03-31,213.82674,213.82616,213.31126,207.96413,213.12244,208.85397,206.87817,211.04126,198.54395,207.48392,195.9
T000161,1984-04-30,215.536,212.29291,210.44525,203.97173,214.34763,211.54341,203.06267,207.72398,198.28012,208.0468,192.37
T000161,1984-05-31,217.25871,214.01611,205.57008,204.2159,216.26277,216.4431,202.80618,208.2779,198.56258,207.31525,190.88
T000162,1983-12-31,435.71753,444.32782,435.7423,432.09305,443.21735,450.67603,435.47504,441.05286,393.70654,433.32635,388.27
T000162,1984-01-31,438.6963,445.3684,424.7841,426.51324,446.5067,447.59433,422.74908,440.5325,393.2779,433.30585,386.67
T000162,1984-02-29,443.52216,428.76926,424.91357,424.4448,420.14343,412.76212,406.00018,427.41852,393.97302,429.46442,363.38
T000162,1984-03-31,447.49435,443.0384,437.71072,414.19415,442.0443,423.36362,414.404,437.1003,395.70023,427.45624,376.17
T000162,1984-04-30,452.42072,449.89612,435.37747,409.92267,453.04822,440.3185,421.0042,440.173,394.28885,433.472,392.52
T000162,1984-05-31,458.33755,436.7,419.70926,402.93094,441.59515,447.5881,404.0479,431.42487,395.54938,430.74887,367.35
T000163,1907-11-30,4441.249,4657.591,4485.264,4473.9756,4440.592,4576.014,4298.0527,4613.6724,4493.923,4362.658,4268.0
T000163,1907-12-31,4484.184,4565.9604,4501.245,4660.0605,4417.909,4391.165,4490.8994,4665.6714,4481.827,4344.5186,3914.0
T000163,1908-01-31,4522.227,4634.3716,4820.3364,4707.2354,4538.8745,4515.3115,4202.1636,4713.2666,4532.895,4296.221,4205.0
T000163,1908-02-29,4570.243,4768.3735,4815.101,4266.556,4926.9766,4482.28,4510.452,4599.146,4545.043,4268.0107,4317.0
T000163,1908-03-31,4642.6177,4620.4253,4714.488,4595.476,4897.9917,4590.6177,4642.5864,4666.3667,4550.3794,4437.315,4218.0
T000163,1908-04-30,4726.3345,5047.224,4817.5894,4415.9683,5072.1675,4789.853,4596.2554,4854.583,4525.594,4582.6646,4736.0
T000164,1907-07-31,2527.957,2388.7747,2495.4727,2551.1768,2437.4634,2479.2197,2224.7288,2301.8271,2347.8643,2624.9275,1796.0
T000164,1907-08-31,2392.3867,2583.1304,2481.713,2630.2502,2715.5742,2506.43,2570.123,2550.9,2347.4817,2628.47,2072.0
T000164,1907-09-30,2535.172,2404.3704,2574.0728,2385.7612,2417.151,2393.495,2166.185,2555.9795,2370.2065,2585.105,1938.0
T000164,1907-10-31,2647.877,2737.5432,2869.6025,2457.6648,2751.9512,2667.3923,2654.3206,2720.588,2374.637,2578.8557,2221.0
T000164,1907-11-30,2705.1228,2695.059,2806.8103,2500.0225,2820.1294,2760.9072,2686.0662,2663.062,2377.4026,2658.1094,2430.0
T000164,1907-12-31,2737.5024,2538.3438,2491.6697,2309.108,2517.8728,2639.736,2278.57,2579.208,2348.7915,2661.5234,2056.0
T000165,1903-07-31,11050.593,8466.523,9045.593,7944.2744,8331.147,7876.5137,8094.995,8639.607,8172.7705,10696.071,6417.0
T000165,1903-08-31,13337.782,12719.518,10989.359,9852.582,14278.945,11928.064,10792.516,12104.971,8271.971,10472.615,13353.0
T000165,1903-09-30,14308.501,13734.135,12594.145,10634.206,12773.099,12511.875,12393.1455,14850.736,7824.4624,10665.183,10781.0
T000165,1903-10-31,13520.324,16254.35,14145.164,11810.56,15832.664,13708.647,16546.66,16133.184,7870.449,10949.928,15343.0
T000165,1903-11-30,11264.981,12308.397,12282.675,9129.931,13678.248,12087.377,11720.619,15186.395,7925.0625,8789.599,10415.0
T000165,1903-12-31,9112.323,7911.4663,6372.66,6235.6357,7161.2876,8172.1406,8159.705,6965.6226,8038.4067,8392.157,4590.0
T000166,1907-05-31,5454.9385,5518.2837,5454.0337,5124.79,4744.1562,4999.8145,5588.005,5597.071,6281.363,5926.433,6921.0
T000166,1907-06-30,5345.2744,4873.4507,5009.2695,5008.8438,4294.3906,4489.198,4313.241,4516.4814,6408.9673,6283.3267,6772.0
T000166,1907-07-31,5375.7593,4874.2466,4905.9746,4930.728,4148.0215,4358.76,3923.2131,5209.9937,6281.616,6176.845,5801.0
T000166,1907-08-31,5528.997,6270.8096,6422.1157,6357.0283,4943.2666,5361.5376,6757.3384,6079.5557,6236.612,6625.1694,8710.0
T000166,1907-09-30,5593.9287,5911.824,6898.1367,5930.9775,4304.0273,5487.134,6373.569,5913.1562,6209.115,6815.2075,7382.0
T000166,1907-10-31,5602.659,6059.007,6195.2656,6195.9995,5002.7803,5601.8037,5982.9487,5939.1426,6298.6465,6501.554,6831.0
T000167,1903-07-31,12133.922,11204.999,11413.614,10979.593,11643.0625,11947.159,12088.278,12132.127,9175.6045,12316.498,10160.0
T000167,1903-08-31,11844.966,10916.775,11719.581,10364.84,12976.098,12607.919,10774.652,12310.161,9086.806,11930.355,10189.0
T000167,1903-09-30,11113.863,12685.019,12542.352,13152.978,12889.254,12617.8955,13543.877,12648.915,8953.317,12247.645,10996.0
T000167,1903-10-31,10253.396,10286.288,10521.874,10653.504,10968.147,10200.301,10727.885,11146.006,9099.377,11846.988,9523.0
T000167,1903-11-30,9339.656,8372.649,9902.315,9699.126,10058.729,9740.491,8439.759,10516.115,9151.153,11373.601,7161.0
T000167,1903-12-31,8289.536,10641.179,11054.048,10371.939,11735.711,12545.217,12035.385,11457.586,9098.047,11746.067,10131.0
T000168,1903-09-30,1910.4329,1854.6174,2043.0139,1974.0657,1960.6635,2163.6584,2100.8555,1721.1531,1370.5005,2380.195,1205.0
T000168,1903-10-31,1584.8536,1625.0919,1620.7242,1701.666,1757.5046,1814.3665,1683.1715,1606.0967,1374.3253,2338.5676,1354.0
T000168,1903-11-30,1223.613,1328.9121,1602.8053,1872.9362,1317.646,1431.2635,1678.2294,1601.6208,1380.2014,2292.1423,955.0
T000168,1903-12-31,1030.7266,1424.9015,1842.6707,1758.4384,1548.1404,1529.1869,1654.6168,1692.4591,1381.1722,2275.7625,1301.0
T000168,1904-01-31,862.3572,1026.118,1378.9427,1360.6797,1305.8856,1330.1139,1262.9648,1359.3093,1364.2489,2270.5923,796.0
T000168,1904-02-29,776.32886,936.29126,1258.6619,1318.5763,1184.2089,1272.5588,1351.0593,1177.5702,1403.551,2180.1,720.0
T000169,1904-07-31,101017.83,64392.72,81788.64,147828.14,227776.66,69889.22,52917.523,83008.44,173134.95,146882.14,72886.0
T000169,1904-08-31,77693.56,97852.95,96172.27,104136.125,168279.53,113746.91,102868.77,137373.31,177495.12,178785.28,211685.0
T000169,1904-09-30,106415.9,106759.414,42746.61,78773.266,224583.42,132772.88,96247.734,162880.44,177694.39,188147.3,111051.0
T000169,1904-10-31,162473.9,150094.92,164043.69,164056.4,283896.0,143053.0,202179.39,171759.38,173596.78,192336.69,159814.0
T000169,1904-11-30,187212.64,95757.69,159545.25,103448.086,257827.97,99035.4,111478.13,121928.52,172978.25,172436.55,154763.0
T000169,1904-12-31,194121.8,83880.66,101260.914,186538.28,246488.64,131595.4,30716.64,160382.47,171085.45,147509.83,54732.0
T000170,1907-10-31,4927.5127,4884.3438,4417.7695,4789.4624,4750.8696,4902.116,5461.1753,4603.829,3776.3916,4634.006,4422.0
T000170,1907-11-30,4972.5835,3845.0945,3741.008,3903.9854,4287.3276,4266.8027,4226.7373,4371.205,3684.3596,4476.7627,3620.0
T000170,1907-12-31,4919.6987,3847.8308,4033.318,3809.1475,3967.794,3820.3616,3698.8965,4519.8135,3724.928,4220.797,2970.0
T000170,1908-01-31,4780.9565,4064.361,4669.7847,4584.9707,4461.011,4529.9746,5033.221,4633.671,3727.9521,4347.075,4352.0
T000170,1908-02-29,4488.3843,3648.4521,3390.559,3418.6965,4338.124,4264.6143,4800.3247,4698.5356,3624.5059,4130.177,3166.0
T000170,1908-03-31,3480.2185,2661.1934,2826.087,2754.5017,3662.2676,3223.0684,3219.8179,2283.4688,3813.86,4072.9626,1587.0
T000171,1905-07-31,42.727947,39.85622,37.855858,40.326004,45.570606,42.741238,42.67267,37.80288,44.503895,43.55419,38.0
T000171,1905-08-31,43.11868,42.689594,38.80122,44.893692,45.317127,41.592934,38.844696,41.28089,44.595844,44.31569,51.0
T000171,1905-09-30,43.57118,36.81654,32.867077,39.831566,42.224827,40.072388,35.196682,34.144367,44.11385,44.580006,40.0
T000171,1905-10-31,44.482742,46.02449,40.90172,48.106026,45.337284,42.870647,47.33908,45.088196,44.185543,46.944225,59.0
T000171,1905-11-30,45.066837,36.741882,39.60578,46.05682,40.072544,42.83601,41.401836,43.492767,44.031624,48.0551,35.0
T000171,1905-12-31,44.84757,44.890385,42.886543,50.265347,43.34833,43.00792,49.16393,46.683445,44.330338,49.190998,62.0
T000172,1904-02-29,12167.086,10570.834,11487.989,10257.234,10502.933,10477.279,9724.423,11143.851,13618.523,11695.637,12065.0
T000172,1904-03-31,13298.855,12451.29,12019.325,12745.362,11495.021,13109.365,12387.484,12473.324,13875.312,12389.179,14096.0
T000172,1904-04-30,14026.311,13312.956,13165.604,12665.223,11598.144,13295.077,12595.036,12327.914,13913.831,12423.957,15331.0
T000172,1904-05-31,14455.845,13449.128,13553.463,11929.284,12130.876,13411.842,12861.377,13144.126,13830.898,12720.326,14500.0
T000172,1904-06-30,14598.267,14099.534,15198.016,13985.351,13274.145,13885.621,14059.098,14906.707,13817.474,13487.484,14757.0
T000172,1904-07-31,14583.66,14371.566,13378.18,13035.277,12302.644,13845.017,13217.821,14983.301,13693.03,13525.67,15245.0
T000173,1907-11-30,516.4923,519.07794,520.4255,515.2132,514.2398,514.94214,522.5914,520.3556,504.56995,514.61597,514.0
T000173,1907-12-31,519.2618,515.27,517.67194,503.74847,522.68353,515.56195,487.29507,517.95825,504.13214,511.86392,498.0
T000173,1908-01-31,520.2621,527.04315,525.1593,524.54236,518.80884,512.9803,517.3513,517.2003,503.5416,514.8256,522.0
T000173,1908-02-29,519.67267,509.03333,519.6151,520.76874,504.15695,503.37714,502.6551,514.5596,504.2648,514.01514,497.0
T000173,1908-03-31,517.8883,519.07874,516.77966,507.77704,522.21075,508.0674,506.81418,523.27026,504.07864,509.98123,508.0
T000173,1908-04-30,516.85205,513.8718,517.043,517.4713,509.86838,519.1652,511.34985,522.25543,504.61218,514.298,509.0
T000174,1906-12-31,2009.1722,2272.4253,2278.2612,2167.1611,2256.5342,2372.321,2331.6462,2281.8696,1911.4093,1909.5588,1802.0
T000174,1907-01-31,2038.4451,1939.1134,2102.3896,2159.4329,2137.4978,2191.319,2075.5361,2338.6514,1913.9976,1889.6826,1366.0
T000174,1907-02-28,2071.77,2119.4424,2305.3938,2046.9755,2044.4648,2207.2507,1997.6439,2409.716,1942.7173,1836.2346,1552.0
T000174,1907-03-31,2132.0156,2170.8262,2406.1475,2169.2422,2073.9636,2338.0503,2078.1108,2371.18,1941.7523,1893.4768,1955.0
T000174,1907-04-30,2197.6501,2053.4575,2163.2861,2099.1387,2032.5156,2263.6448,2077.4976,2235.2632,1931.7808,1958.3905,1772.0
T000174,1907-05-31,2255.1953,1959.615,2128.7722,1999.2756,2004.885,2290.068,1975.4487,2045.6863,1938.5027,2007.6324,1727.0
T000175,1985-10-31,77.21232,76.33689,76.87627,78.17083,78.31437,76.72441,77.846405,76.94307,76.72247,78.136955,76.5
T000175,1985-11-30,76.843185,76.725624,75.49949,77.81952,78.15691,76.875626,75.48585,77.55582,76.7706,77.77294,78.4
T000175,1985-12-31,76.85032,77.03207,76.36036,79.26021,78.03428,77.53527,76.64482,78.141655,76.77735,77.9104,77.2
T000175,1986-01-31,77.41428,76.95858,77.17608,78.543564,78.83565,76.97608,79.35087,78.383064,76.83811,78.19723,75.5
T000175,1986-02-28,78.48466,76.29804,78.03742,75.7118,80.56277,75.19845,77.03818,79.624374,76.58874,76.015465,69.9
T000175,1986-03-31,79.16655,77.413864,75.56916,77.261765,79.17479,77.58141,77.46241,78.037384,76.91774,75.66883,74.4
T000176,1986-06-30,5.53771,5.266655,5.018476,5.8009515,5.323527,5.161727,5.4650517,5.255317,5.189887,5.529656,4.9
T000176,1986-07-31,5.4996963,5.101478,4.864568,6.028201,5.2774453,4.382396,4.4683204,5.357885,5.2023754,5.407383,5.2
T000176,1986-08-31,5.186405,4.9268527,4.9195294,6.3753633,4.7219887,4.5114307,4.0144596,5.29775,5.207483,5.3413672,4.7
T000176,1986-09-30,5.450058,5.539114,5.5883236,6.8937206,6.256394,5.4134445,5.900958,5.905071,5.2116823,5.463299,5.8
T000176,1986-10-31,5.6806207,5.488859,5.663997,6.2668314,5.674028,5.3232207,5.5802402,6.188611,5.155881,5.2733183,4.5
T000176,1986-11-30,5.6399984,5.4674134,5.1479435,6.3041124,5.657468,5.443497,4.933451,5.298579,5.2149143,5.28687,4.8
T000177,1985-10-31,6.854934,6.5669937,7.147697,7.499607,6.961384,6.982724,6.9750934,7.393145,7.87709,7.7347417,7.7
T000177,1985-11-30,6.953134,7.0026245,7.691392,8.514333,8.178915,7.9619474,7.7524,7.6701,7.936852,8.60532,8.4
T000177,1985-12-31,6.785587,7.2102942,8.148831,9.913314,8.445829,8.252736,8.8855295,6.900205,7.9076066,8.839745,10.1
T000177,1986-01-31,6.7461624,7.2598267,8.519414,9.531195,8.62801,7.9798446,8.544185,8.107414,7.7553086,8.660667,9.4
T000177,1986-02-28,6.782291,5.807245,7.165225,8.919583,7.4366117,6.655588,6.8860874,7.0010214,7.7448506,8.274884,7.1
T000177,1986-03-31,6.7609324,6.2847643,5.8301206,9.188576,7.635514,6.883225,7.1919966,7.2205133,7.85396,7.462878,7.0
T000178,1985-10-31,25.481922,25.408434,24.469074,24.79818,25.500645,25.643457,24.677258,26.585066,27.06927,25.24356,25.3
T000178,1985-11-30,27.843353,26.774218,25.679296,25.77544,28.576586,28.748154,25.640678,28.336086,27.207981,28.347849,26.6
T000178,1985-12-31,28.183573,27.552069,27.11384,27.97809,28.837536,30.03431,26.815605,26.194878,27.291483,28.697905,30.6
T000178,1986-01-31,27.841677,28.33523,28.85662,28.44764,28.874336,29.236458,28.957129,29.575397,26.80404,28.84549,31.1
T000178,1986-02-28,27.120361,23.389128,24.6499,26.812504,27.296177,26.10384,23.755205,26.245893,26.725405,28.65791,23.8
T000178,1986-03-31,26.316658,25.739017,22.96552,28.217121,28.1124,27.910692,25.769142,27.064674,26.975769,25.80952,25.8
T000179,1988-06-30,382498.97,399676.53,396793.16,395668.62,395745.7,390812.44,387721.1,394084.72,380887.53,385693.8,338512.0
T000179,1988-07-31,373669.6,404725.12,392204.38,395228.44,405224.7,408592.7,388732.7,393095.47,380949.6,385352.28,354630.0
T000179,1988-08-31,359058.5,408091.2,411560.66,403021.28,393322.56,397180.62,370782.72,378187.62,383216.56,385229.47,366305.0
T000179,1988-09-30,352058.62,396063.7,413322.16,392022.78,398607.16,372607.0,370653.28,392268.12,383182.4,386647.1,353958.0
T000179,1988-10-31,355045.1,407189.84,407614.94,393538.88,417787.8,396352.3,388623.1,403896.56,382164.53,387711.34,358280.0
T000179,1988-11-30,362450.84,413749.84,398577.84,394779.34,413133.84,416487.88,375390.72,410015.4,382047.22,391048.25,374104.0
T000180,1984-02-29,44258.71,44471.043,41237.78,43057.195,38202.89,41019.6,45668.27,40135.81,40627.89,40108.906,43359.1
T000180,1984-03-31,43101.34,44454.92,38174.023,41688.902,44329.664,42893.566,45173.86,40038.55,39926.68,40099.953,47879.5
T000180,1984-04-30,27956.244,26968.139,29270.207,30672.723,28929.879,24781.457,22032.797,21793.37,40126.78,38454.32,28033.8
T000180,1984-05-31,26723.316,28130.86,28248.508,33407.242,30744.77,23042.627,28737.965,29707.021,40756.914,36929.14,28034.5
T000180,1984-06-30,43192.695,39748.586,37594.605,39503.832,38143.883,41497.74,41895.84,39769.746,40640.098,40343.727,42301.2
T000180,1984-07-31,43943.582,43293.727,40204.062,39314.543,41500.64,41637.734,36817.656,41700.773,40478.312,42453.918,44803.1
T000181,1983-04-30,545.2654,557.93207,556.13635,451.97687,442.19983,574.8451,582.1987,502.78546,471.05743,435.72638,392.45
T000181,1983-05-31,473.92838,472.8254,452.5617,390.18848,410.7265,391.66895,369.47333,386.57968,486.295,422.07382,390.08
T000181,1983-06-30,380.25928,271.5943,429.598,374.8118,87.483795,328.38617,275.4875,238.44699,478.98584,392.21756,104.02
T000181,1983-07-31,573.26416,789.22327,806.9827,624.2952,652.2117,613.1887,809.4872,741.9946,469.72803,447.3528,936.2
T000181,1983-08-31,576.0316,594.26636,615.2937,527.44666,566.8182,624.5122,525.9938,588.7246,469.8026,493.3691,406.63
T000181,1983-09-30,557.46185,646.17523,489.40543,586.1843,549.65015,566.879,606.4485,556.7329,472.89868,538.1938,560.3
T000182,1986-02-28,6498.962,6734.793,6629.17,6523.7656,6688.166,6563.199,6752.9883,6387.022,6209.5825,6456.8296,6431.64
T000182,1986-03-31,6485.7393,6224.0938,6029.469,6457.3076,6276.243,6119.62,6095.717,5974.932,6252.436,6397.3574,5986.43
T000182,1986-04-30,6501.789,6556.0947,6328.6772,6154.3394,6297.6646,6503.601,6370.2373,6469.6865,6201.508,6419.1475,6427.08
T000182,1986-05-31,6554.779,6880.0,6919.6606,6753.413,6892.684,6769.8564,6774.676,6772.5376,6159.2314,6534.027,6788.01
T000182,1986-06-30,6686.4526,6470.5405,6276.549,6300.375,6833.7266,6406.457,6561.271,6484.907,6207.345,6381.64,6144.87
T000182,1986-07-31,6733.7935,6382.6357,5922.2407,6343.7607,6384.728,6422.4937,6333.7725,6413.376,6194.971,6475.9287,5975.85
T000183,1984-12-31,29.478212,30.56586,31.649582,29.921762,29.939304,31.896843,30.933659,29.223045,28.398512,30.60796,24.38
T000183,1985-01-31,29.999964,30.567844,32.219337,30.277168,33.475216,32.172024,28.143745,34.106796,28.519722,29.60393,23.16
T000183,1985-02-28,30.482374,32.98932,35.842216,35.48947,34.209602,34.841442,33.32114,33.494072,28.629808,29.367224,25.57
T000183,1985-03-31,30.974295,37.670296,38.99295,36.983852,43.117897,37.260284,39.667656,38.338455,28.144112,30.79665,40.98
T000183,1985-04-30,31.125057,28.978834,33.442135,31.012749,33.512398,32.699852,29.712175,33.92886,28.071388,28.965645,20.06
T000183,1985-05-31,30.394058,30.596027,29.242287,31.381784,33.019646,28.941748,31.288275,27.442913,28.294125,29.183329,25.7
T000184,1985-04-30,660.4055,751.6613,740.7775,770.98413,709.3238,712.20624,817.54663,765.1127,644.16473,693.46594,710.65
T000184,1985-05-31,653.2026,654.7223,660.5498,707.4642,639.24524,670.0619,610.0506,630.55383,647.68994,680.5766,520.99
T000184,1985-06-30,652.96936,743.7448,715.3968,722.2873,693.94025,676.35736,689.1621,704.3926,642.0724,694.315,728.93
T000184,1985-07-31,675.808,616.0768,716.822,680.05396,546.22943,600.2011,568.6773,706.7929,642.73303,695.12573,525.56
T000184,1985-08-31,694.2712,719.2628,714.5566,668.5879,719.8581,652.3895,713.69403,736.7317,649.4397,680.065,653.52
T000184,1985-09-30,695.1045,657.3648,719.15955,702.7311,651.9417,731.13995,614.06647,724.0193,647.14844,712.03217,621.53
T000185,1985-02-28,61.311546,62.93882,62.200745,63.760597,61.48418,61.452286,61.743713,62.414646,63.83007,63.296516,63.33
T000185,1985-03-31,59.805965,61.23693,60.242424,62.877823,61.054485,59.387062,59.88349,61.406296,63.83518,63.176006,61.28
T000185,1985-04-30,62.583233,61.06614,59.87222,62.67548,61.046776,58.20321,57.941467,59.410805,63.984108,63.017586,61.08
T000185,1985-05-31,64.510475,61.784668,60.95777,63.890244,63.77575,60.460663,61.005764,62.188923,63.98259,62.79006,62.94
T000185,1985-06-30,65.0199,63.018265,61.924778,64.74668,63.827698,61.941925,63.880634,62.82425,64.01591,63.81914,64.86
T000185,1985-07-31,65.09077,64.53446,63.229145,66.215645,64.416176,63.344532,62.455303,64.52418,63.84648,64.83581,65.37
T000186,1984-02-29,54242.605,53807.508,53207.49,55603.65,51937.133,53098.24,57781.8,51552.19,48379.18,51699.562,50644.3
T000186,1984-03-31,52980.66,56338.39,49579.562,53484.355,55748.71,53974.758,57204.242,51360.793,47762.33,51055.773,57736.8
T000186,1984-04-30,35978.766,30673.113,39187.523,40986.9,22450.535,29339.16,33649.777,26363.742,47581.113,49188.324,28301.6
T000186,1984-05-31,30659.312,31779.664,38202.91,41816.582,22990.328,28156.223,35855.867,34066.094,49153.543,47298.047,28301.6
T000186,1984-06-30,53373.05,49868.516,49557.305,47262.43,52863.445,53894.207,52334.773,51330.12,48550.465,50694.516,49534.0
T000186,1984-07-31,55478.543,52329.992,52148.438,49979.562,57169.89,53986.406,49477.78,53499.566,48720.895,53501.51,50079.8
T000187,1985-02-28,5361.151,5277.4272,5165.528,4957.717,5170.8667,5326.458,5219.5156,5274.8857,5237.8394,5041.094,5903.66
T000187,1985-03-31,5414.7095,4941.506,4938.019,4727.3716,5106.735,5110.581,4808.3804,5272.0366,5239.81,5048.115,5570.36
T000187,1985-04-30,5324.5913,4647.17,4807.5205,4638.868,4819.374,4976.7104,4445.572,5003.7046,5234.5493,4951.3306,4643.4
T000187,1985-05-31,5028.553,5129.4966,4969.632,5056.0205,5302.143,5188.237,5317.4585,5311.2627,5228.456,4933.1494,5751.47
T000187,1985-06-30,5289.3584,4538.7427,4890.149,4756.613,5092.7944,4951.774,4445.913,5143.695,5192.3345,4973.412,4760.56
T000187,1985-07-31,5371.9775,5173.702,4933.376,5136.018,5329.976,5173.558,5220.5107,5220.0933,5246.0767,5007.995,5327.36
T000188,1982-10-31,7364.216,7183.626,7004.996,6782.384,6807.8184,6923.45,6770.666,7465.7383,9152.872,7574.419,8362.81
T000188,1982-11-30,8848.99,8725.092,8275.812,7812.7554,8114.634,8753.131,7814.087,8893.314,9278.671,9298.743,9561.89
T000188,1982-12-31,9801.201,9383.151,9224.421,7450.301,8817.477,8923.93,8175.6724,9291.353,9197.912,9176.289,10192.2
T000188,1983-01-31,10485.747,10742.035,11597.763,9122.985,9126.897,10132.414,10984.34,9773.032,9024.566,9743.971,11668.0
T000188,1983-02-28,10974.381,10982.439,10811.852,9437.969,9626.102,10959.605,10696.314,10266.376,9014.421,10588.094,11375.9
T000188,1983-03-31,11320.384,10702.793,9548.697,9873.107,9735.065,10612.907,10085.629,10152.998,9143.337,9179.514,10561.1
T000189,1989-04-30,11178.073,10090.958,10561.251,10294.205,10244.141,10577.584,11784.187,11083.362,10904.125,11011.411,13043.3
T000189,1989-05-31,11680.988,9829.615,10066.16,9967.25,11194.2705,10711.506,9721.16,11504.869,11084.787,11710.455,12476.0
T000189,1989-06-30,11923.42,10625.467,10396.141,10043.229,11289.067,10883.259,11357.313,11977.367,10830.922,12038.448,12853.9
T000189,1989-07-31,12065.088,11148.655,12097.753,11572.744,11614.642,11207.279,13019.711,12375.708,10689.756,12191.321,13909.0
T000189,1989-08-31,12095.057,9962.866,10624.8955,9939.547,11755.387,10399.755,10311.107,11682.825,10718.562,11448.593,10407.0
T000189,1989-09-30,11694.729,10211.866,9920.707,10931.532,10938.106,10171.737,10512.683,10766.075,10872.287,10711.532,10561.3
T000190,1987-12-31,19828.906,19074.71,19340.508,18511.48,18572.355,19440.002,19119.465,19018.701,16186.948,19507.498,15481.1
T000190,1988-01-31,19735.664,17961.482,17189.312,18014.361,18619.096,18623.967,18071.916,20063.096,16195.834,19020.387,14587.1
T000190,1988-02-29,19895.707,19604.64,20008.31,21270.047,17819.973,19071.5,19895.016,19497.64,16341.301,19435.762,20384.0
T000190,1988-03-31,16264.299,16904.63,15976.734,17719.541,17379.143,17853.818,15064.881,17257.494,16167.022,19164.438,15528.5
T000190,1988-04-30,8531.548,9604.444,11065.505,15101.206,2824.2021,8868.268,10426.458,9494.123,16221.757,17777.26,6705.17
T000190,1988-05-31,19619.215,16703.744,14181.59,16232.782,15766.066,15168.054,14921.219,16546.15,16262.924,17896.955,15408.5
T000191,1987-12-31,50999.492,48803.93,50344.355,48367.125,49514.688,50449.805,49659.797,47722.227,43480.586,51156.86,38930.5
T000191,1988-01-31,51781.656,47558.297,46618.586,47433.25,46932.684,48372.383,50240.68,51243.45,43641.473,49778.71,37418.2
T000191,1988-02-29,53602.07,50005.086,49666.61,48540.16,50975.254,52392.85,47041.95,53640.723,44036.977,49753.098,39039.5
T000191,1988-03-31,47116.895,49118.625,46680.805,48978.453,48273.844,44321.86,47403.062,52441.49,43494.035,49865.332,50708.4
T000191,1988-04-30,22178.346,24547.66,31510.113,42350.51,22996.367,22347.783,31680.973,20901.13,43720.09,48653.32,22166.2
T000191,1988-05-31,51763.445,50260.473,44401.766,45651.438,51393.414,49857.38,49043.055,51036.14,43288.32,49752.664,46512.2
T000192,1986-05-31,3689.6729,3840.4397,3888.0056,3827.8787,3806.1836,3892.396,4032.1035,3935.1904,3441.1436,3797.7688,3633.11
T000192,1986-06-30,3755.9128,3766.1074,3810.7927,3821.0757,3964.4443,3798.1038,3752.2422,4032.1782,3488.5154,3699.5713,3512.06
T000192,1986-07-31,3806.8496,3795.6533,3853.1465,3636.36,3612.269,3919.079,3636.3215,3989.4658,3427.558,3708.3262,3477.47
T000192,1986-08-31,3853.5193,4263.5527,4294.6113,4032.9055,4240.8003,4108.383,4398.1777,4272.4795,3405.7256,3784.6865,4083.36
T000192,1986-09-30,3895.101,3766.7659,3985.0562,3680.1,3988.5503,3942.8274,3703.9348,4065.9795,3451.5527,3645.4736,3463.34
T000192,1986-10-31,3896.844,3859.3633,3638.2844,3737.7039,3984.6445,3866.9553,3881.4788,3965.747,3426.3423,3766.9775,3435.35
T000193,1983-06-30,24177.377,22494.307,24129.363,24055.697,22012.371,23414.676,22647.47,22108.516,21105.06,24980.498,18037.3
T000193,1983-07-31,22097.95,17654.004,18597.219,20906.541,21589.965,17632.59,19086.828,16838.521,21099.377,24654.342,14094.9
T000193,1983-08-31,23056.129,23227.867,23409.77,23286.611,23356.756,21490.594,22002.209,21221.84,21477.965,24539.83,18916.5
T000193,1983-09-30,24624.143,25181.027,25974.47,24071.893,24848.328,23253.184,23965.857,24343.963,21393.11,24713.117,20267.7
T000193,1983-10-31,25244.914,22461.08,20894.057,20766.613,22993.625,20822.05,21422.625,22226.197,21061.314,24684.748,17139.6
T000193,1983-11-30,25499.04,23475.695,20258.482,21735.879,25405.809,23133.082,21032.816,22755.637,21357.873,24936.383,17398.8
T000194,1984-02-29,1146.7852,1116.1954,1169.9397,1160.8683,1106.3712,1171.6571,1063.9639,1106.9452,1074.5283,1159.3029,865.65
T000194,1984-03-31,1010.23236,1206.74,1193.6367,1277.008,1298.7322,1298.2916,1374.8809,1159.2422,1051.5374,1174.545,1046.65
T000194,1984-04-30,773.2951,942.9132,1026.682,1056.4117,865.6884,915.5377,903.58826,853.3392,1075.1451,1115.3397,786.96
T000194,1984-05-31,715.9835,541.3504,790.07025,954.2334,490.06665,399.93622,581.34937,618.2552,1102.3251,1080.9323,409.22
T000194,1984-06-30,1131.9178,1134.2505,1217.1068,1173.3397,1176.3511,1263.8665,1202.4016,1131.2432,1104.8268,1186.6755,983.7
T000194,1984-07-31,1263.9117,1201.7197,1186.9236,1112.2516,1286.1713,1332.0358,1063.1228,1200.134,1088.7621,1204.9209,991.57
T000195,1983-02-28,11409.634,11351.868,11457.41,11343.426,11380.564,11285.145,11202.368,11362.72,11582.065,11578.54,11686.5
T000195,1983-03-31,11451.47,11393.865,11463.571,11439.761,11349.327,11364.388,11116.385,11379.929,11595.993,11688.534,11811.1
T000195,1983-04-30,11481.366,11441.817,11687.768,11551.099,11380.18,11356.163,11283.449,11378.528,11569.82,11717.732,11955.7
T000195,1983-05-31,11507.151,11444.301,11768.57,11584.872,11350.34,11421.243,11563.84,11423.376,11562.065,11713.45,11940.1
T000195,1983-06-30,11519.1,11385.191,11705.228,11505.218,11208.453,11390.184,11551.661,11419.777,11559.614,11659.541,11635.3
T000195,1983-07-31,11514.094,11405.763,11521.028,11487.1045,11214.055,11385.996,11339.852,11384.355,11581.046,11559.819,11550.8
T000196,1983-06-30,10585.428,12065.772,11776.754,12427.061,11100.103,12000.591,12665.537,12910.547,11902.56,10687.584,16068.2
T000196,1983-07-31,10888.038,10852.222,11239.707,11813.714,12142.338,12060.534,11170.402,11337.506,11524.932,12268.244,12589.2
T000196,1983-08-31,10841.947,12174.205,13566.008,12367.4795,11077.04,12384.639,12807.289,13284.756,11508.193,12336.172,14735.4
T000196,1983-09-30,10353.799,10954.198,13059.916,11381.154,11264.464,11418.301,11534.127,10806.554,11498.601,12701.319,11770.4
T000196,1983-10-31,9767.94,11545.797,10513.641,11796.206,11728.593,11717.861,13842.23,10351.696,11305.848,13359.855,14829.4
T000196,1983-11-30,9561.852,11647.65,10794.97,11934.435,11496.296,13098.959,11993.95,12517.91,11827.611,12715.514,12929.5
T000197,1983-12-31,20435.436,24528.684,25355.074,22688.154,20775.502,23454.244,22234.361,22377.893,19785.83,21127.875,19365.7
T000197,1984-01-31,20992.635,22578.402,23568.535,22871.482,20455.041,23915.277,20679.672,22954.746,19692.773,20997.332,18152.7
T000197,1984-02-29,21725.152,22317.568,24194.875,23264.953,16096.192,22115.95,19399.818,21233.426,19703.139,20245.344,16209.0
T000197,1984-03-31,22035.742,23132.61,26711.93,21690.44,20101.572,23116.945,19315.266,21266.367,19861.727,20826.838,18881.0
T000197,1984-04-30,22319.521,22562.8,23787.08,23112.44,19372.51,22870.018,20475.678,20554.941,19742.285,21501.285,21149.8
T000197,1984-05-31,22411.363,19157.365,19720.1,20336.387,18457.902,20451.836,14392.926,17733.016,20076.17,21778.98,17825.2
T000198,1984-12-31,426.47632,408.458,411.87146,409.39297,410.91513,403.83594,379.61218,426.26822,396.13965,460.2091,316.21
T000198,1985-01-31,431.61298,468.2049,431.53418,432.75967,456.0105,477.496,421.8565,463.05884,393.27032,459.73688,390.77
T000198,1985-02-28,436.80014,450.5695,446.3116,501.5687,423.60693,437.83917,462.07843,450.89755,392.9703,460.1777,406.91
T000198,1985-03-31,442.01807,429.22818,443.29675,412.91614,411.9877,436.54065,389.5955,442.47284,397.49692,455.21838,336.41
T000198,1985-04-30,443.07953,481.55316,491.32928,450.88724,478.45996,467.17993,444.8861,446.40692,399.43042,462.79233,483.21
T000198,1985-05-31,432.7126,399.18472,431.08,425.43057,416.43286,435.81488,389.047,439.3874,395.39984,466.46228,354.5
T000199,1984-08-31,2112.284,1795.9353,1968.7971,1936.5018,2069.029,1790.3407,1652.804,1854.4175,2051.573,2148.9631,1536.34
T000199,1984-09-30,2141.1572,2322.8093,2105.3584,2217.7744,2369.2363,2317.938,2321.922,2154.8342,2067.5457,2170.3008,2313.81
T000199,1984-10-31,2185.593,2174.792,2099.2449,2184.823,2052.5437,2150.0457,2033.7067,2148.0073,2068.2463,2153.8901,2105.49
T000199,1984-11-30,2210.8657,2244.6816,2175.4277,2083.0667,2182.3865,2168.5188,2142.299,2254.301,2051.8699,2168.1985,2191.05
T000199,1984-12-31,2208.1826,2241.6653,2380.5532,2140.2563,2251.5833,2284.607,2293.8235,2195.934,2060.03,2094.194,2213.37
T000199,1985-01-31,2196.6812,1849.0741,1837.8374,1838.4087,2047.4521,1961.2583,1736.585,1822.751,2040.3304,2034.2642,1458.22
T000200,1986-10-31,2949.726,2862.1978,2990.9377,3131.8098,2980.081,3083.0615,2903.51,2911.9885,2425.2725,3287.4207,2263.47
T000200,1986-11-30,2942.9631,2979.002,2977.0818,2772.056,2978.5686,3085.607,2750.649,2919.5293,2441.0674,3176.9395,2410.45
T000200,1986-12-31,2985.6367,2857.8428,2991.4614,3001.0515,2895.5854,3010.8018,2791.8801,2974.0386,2427.712,3120.012,2204.68
T000200,1987-01-31,3002.5947,3161.5837,3412.062,3068.7363,3350.8252,3182.5898,3332.288,3207.7136,2423.5298,3121.2275,2814.64
T000200,1987-02-28,2511.703,2437.1355,2758.2678,2271.019,2867.3381,2687.856,2463.0742,2648.6553,2391.065,2887.631,2065.05
T000200,1987-03-31,1458.8298,1433.9766,1993.1709,2136.5166,1845.1888,1684.3868,1753.6545,1315.6699,2440.9426,2803.0498,852.47
T000201,1989-08-31,838.94415,839.3416,851.83923,838.4501,835.2777,842.8736,826.3482,831.75024,843.36237,840.76056,823.89
T000201,1989-09-30,839.71936,855.3531,856.3571,856.9752,847.02374,850.43604,833.4456,840.3731,843.15216,845.8934,862.06
T000201,1989-10-31,838.9135,854.84406,861.7976,851.96234,843.2676,850.4415,834.47644,841.4983,842.79724,847.98926,854.67
T000201,1989-11-30,836.03406,846.96,852.07574,849.16345,841.4136,848.50964,841.9231,842.7337,843.3415,846.992,849.02
T000201,1989-12-31,833.05634,845.07935,851.81476,852.3878,844.909,846.9005,849.414,837.1173,843.0317,846.95306,840.59
T000201,1990-01-31,830.9847,845.19385,847.3969,848.2611,843.0123,847.29614,840.1589,841.0293,843.25037,844.7962,855.8
T000202,1977-11-30,101.72264,98.87794,97.19942,86.50158,106.932846,99.39679,96.93443,102.600784,99.238,89.983154,89.66
T000202,1977-12-31,122.39455,112.16716,106.55225,108.163666,117.73851,113.02937,105.46893,112.60626,101.37407,101.51516,107.58
T000202,1978-01-31,135.26495,128.17813,118.753525,114.065,122.74668,114.66276,128.25192,125.04222,98.844406,105.43105,142.33
T000202,1978-02-28,139.33646,121.85593,122.89464,107.72923,125.34314,119.18504,114.876625,130.69525,97.50764,107.901596,123.32
T000202,1978-03-31,134.04504,128.14314,120.89708,120.48022,124.530426,122.11651,124.10034,130.92444,99.29215,113.1501,134.53
T000202,1978-04-30,121.4577,113.48002,105.27021,110.22705,114.472115,121.669174,119.53563,125.11615,98.6938,109.274475,117.77
T000203,1987-06-30,222.56659,278.83658,253.17755,247.24384,243.46384,258.43457,240.18307,270.16595,247.03723,264.68262,295.5
T000203,1987-07-31,71.77968,22.851624,168.6105,163.24203,130.42883,53.593994,49.675323,82.79178,246.01219,255.64507,20.9
T000203,1987-08-31,286.62564,268.40262,224.02347,273.20438,255.81252,255.92657,257.40903,261.39642,255.00597,254.73805,252.0
T000203,1987-09-30,289.42737,312.2502,304.93573,266.11923,322.40115,311.09723,280.94434,309.7806,248.82649,250.75833,301.9
T000203,1987-10-31,276.94858,274.53967,257.67685,238.99896,277.78436,274.91318,256.36264,296.71857,252.00323,270.1895,245.2
T000203,1987-11-30,270.21588,274.40894,264.8517,271.31876,268.38297,291.4249,250.68039,283.83636,250.13556,301.72055,243.4
T000204,1981-06-30,8999.147,8906.011,8599.983,8450.134,8662.529,9080.032,8197.732,8693.036,7036.276,8393.241,5500.0
T000204,1981-07-31,9310.01,9161.228,8427.741,8573.773,8772.192,9399.754,8501.23,8999.785,6980.2246,8439.863,5908.0
T000204,1981-08-31,9613.293,9420.77,9090.856,8504.582,8523.836,8926.146,8077.543,9208.84,7123.1187,8309.074,6125.0
T000204,1981-09-30,9922.117,9534.545,9345.975,8110.0684,9223.015,8828.039,7887.6455,9270.978,7102.2134,8339.289,6148.0
T000204,1981-10-31,10219.381,9626.446,9073.168,8065.2324,9380.348,9357.76,8155.3726,9312.091,7081.9897,8551.07,6475.0
T000204,1981-11-30,10435.564,9611.814,8478.254,7646.8477,9679.447,9936.823,7890.8633,9311.457,7077.6577,8474.148,6523.0
T000205,1984-08-31,1438.4647,1395.9197,1422.5807,1333.0823,1391.3236,1370.1489,1386.5088,1436.3129,1411.2823,1432.8386,1581.29
T000205,1984-09-30,1468.8203,1399.4952,1365.478,1383.5549,1465.609,1380.6282,1365.6593,1464.6827,1414.1405,1419.7681,1619.61
T000205,1984-10-31,1470.1014,1368.177,1386.1207,1310.3083,1386.9419,1366.7375,1320.356,1413.3636,1415.181,1397.1382,1474.39
T000205,1984-11-30,1465.1678,1371.9081,1311.1882,1360.4128,1428.0544,1376.818,1387.9402,1458.2106,1412.717,1401.6587,1553.72
T000205,1984-12-31,1414.8965,1245.2275,1226.2899,1233.3472,1333.8037,1265.8611,1238.6031,1460.3993,1398.0994,1307.2858,1011.83
T000205,1985-01-31,1010.41113,1267.0223,1195.3177,1117.9529,1330.7192,1225.9073,1174.6716,1285.6167,1419.3381,1275.7449,1308.33
T000206,1978-12-31,4.5025415,5.501459,5.262212,5.891374,4.607649,4.9804025,4.6948705,4.9879217,5.641727,4.4904165,4.68
T000206,1979-01-31,4.3141856,4.9201503,4.787147,6.008182,3.8553634,4.3617325,5.424151,4.864394,5.7251067,4.429362,5.01
T000206,1979-02-28,4.3816175,5.520177,5.896928,7.038374,3.9871855,5.2067785,5.1317525,5.7396526,5.931097,4.3919244,4.87
T000206,1979-03-31,4.604227,5.0528255,5.8727217,5.5105815,3.706889,4.947991,5.624898,5.240175,5.883041,4.171751,4.63
T000206,1979-04-30,5.480748,2.6088872,3.3919659,5.519759,3.6935508,3.110527,3.6921396,5.5494843,5.833442,4.1322303,1.66
T000206,1979-05-31,6.2713833,6.193432,5.487509,6.566923,5.753519,5.464018,4.5743313,6.53245,5.760483,4.663614,5.95
T000207,1987-06-30,31.518051,29.35554,34.946346,36.089626,28.511303,30.165033,31.534313,32.46722,36.023624,39.835876,28.15
T000207,1987-07-31,27.11667,30.70848,35.485462,35.76133,30.559029,30.176212,30.955868,33.041584,36.206726,39.444714,28.25
T000207,1987-08-31,38.8864,39.40111,40.88302,41.92617,39.29329,39.56992,37.83968,40.690685,36.308826,39.805756,36.48
T000207,1987-09-30,40.461143,41.634975,42.980648,41.322414,42.24429,41.855835,41.995575,42.47656,36.121525,40.35039,40.54
T000207,1987-10-31,40.624435,39.67889,41.177437,40.410244,40.044872,39.891586,38.451836,42.25517,36.448143,40.423733,35.73
T000207,1987-11-30,40.674377,39.64,39.238304,40.34399,39.467163,40.621788,39.27517,42.247154,36.057938,41.19279,38.75
T000208,1987-06-30,26.13422,24.049732,24.715834,27.421404,22.838142,22.644289,20.581541,25.75854,28.69403,29.630575,28.7
T000208,1987-07-31,22.780914,21.649635,25.318642,24.12004,16.13265,20.77201,17.113125,23.43152,28.485611,29.272335,22.3
T000208,1987-08-31,28.200829,31.61311,31.076176,31.200632,28.929647,27.969023,27.760122,29.251421,28.522844,29.921434,34.4
T000208,1987-09-30,29.554943,28.25808,29.710361,30.317667,27.368645,29.020897,26.18056,26.694613,28.559551,30.096928,30.7
T000208,1987-10-31,29.493443,28.054678,27.454517,28.90426,23.184223,27.255318,29.162128,27.297312,28.569878,30.13702,30.5
T000208,1987-11-30,29.365742,29.811361,29.331076,29.792837,28.531128,29.608263,26.9719,26.828411,28.71361,31.633064,31.4
T000209,1987-06-30,63.892418,56.127125,59.734516,63.58926,49.659218,55.768166,45.00298,62.338615,81.72688,82.21662,73.0
T000209,1987-07-31,57.41302,63.365788,64.171326,64.58517,45.847416,63.048935,52.947414,64.72579,83.39342,81.93129,73.4
T000209,1987-08-31,77.10033,87.185074,82.61742,80.44236,81.19884,79.04042,77.27588,83.40571,82.33116,84.676346,107.7
T000209,1987-09-30,81.61963,77.240524,79.05623,74.89204,69.964066,81.6356,76.760414,79.741585,82.49651,84.63281,94.8
T000209,1987-10-31,82.17453,81.613914,79.77957,81.34944,70.32679,79.15387,84.38158,81.07793,83.671684,85.4863,94.7
T000209,1987-11-30,82.09143,83.346504,76.20837,77.01537,80.55117,83.24963,77.72934,81.67538,81.86735,90.07546,98.6
T000210,1987-06-30,229.49362,192.92638,196.54459,214.29678,178.83197,189.50919,162.19348,207.13626,247.03616,259.8636,231.8
T000210,1987-07-31,204.44693,209.31415,209.30264,209.30484,177.79845,207.10606,177.83041,209.46527,249.60936,257.18625,228.9
T000210,1987-08-31,218.06445,272.27548,258.0434,253.9452,253.04529,244.52826,241.15413,251.63165,246.49213,264.52957,316.3
T000210,1987-09-30,238.02231,242.54608,246.35898,239.70547,214.45706,249.8194,236.29395,240.5798,246.87595,264.2137,281.3
T000210,1987-10-31,243.85666,251.5001,239.67966,242.24416,209.67113,240.61534,254.92123,236.99094,249.79233,259.43222,278.8
T000210,1987-11-30,246.80104,252.43317,229.13585,230.20607,226.51373,248.32965,227.02078,235.08237,246.80305,268.91394,268.1
T000211,1987-06-30,121.42918,118.428505,115.97493,118.24216,117.18388,113.01071,115.55829,119.454605,128.03452,131.03757,138.2
T000211,1987-07-31,122.6922,118.80178,113.84632,119.45159,114.877975,115.63014,112.55471,117.614365,128.7691,134.96594,142.7
T000211,1987-08-31,125.52324,120.780045,117.58543,122.05103,119.5508,116.11725,117.81546,124.79439,127.417786,136.07788,138.9
T000211,1987-09-30,128.66032,123.543076,130.00432,127.695076,119.37152,119.89514,134.13533,127.819275,126.73051,136.10489,152.3
T000211,1987-10-31,130.82594,120.71502,127.597046,120.371635,122.24988,118.454666,128.35591,125.30016,126.547295,130.0139,132.4
T000211,1987-11-30,131.51239,119.53699,115.56894,116.51035,124.526245,115.66295,109.816765,118.14228,127.87502,124.393,115.4
T000212,1987-06-30,106.81543,110.509964,106.01098,111.71777,104.493546,108.450615,106.36986,113.75383,103.94476,119.8414,105.1
T000212,1987-07-31,104.08771,104.00787,100.662445,103.425156,107.84247,107.60309,96.17624,113.30319,104.49345,117.543274,99.8
T000212,1987-08-31,107.578026,111.06188,106.83343,119.207855,113.60128,111.79354,109.13612,119.43089,103.71685,117.44854,105.0
T000212,1987-09-30,109.924416,115.06499,117.10078,114.79038,119.483986,114.334946,120.55138,121.109535,103.79973,118.198044,116.1
T000212,1987-10-31,110.993935,108.63348,110.2787,104.47618,114.810036,108.53872,105.4768,118.48781,103.77092,114.53409,101.2
T000212,1987-11-30,112.12472,103.25942,98.27237,105.80209,113.19054,103.44988,98.90687,103.33735,103.96687,114.407684,89.2
T000213,1983-12-31,132.85403,129.87944,121.50147,117.220116,124.26082,124.74273,113.90013,137.21014,103.90373,126.33501,111.0
T000213,1984-01-31,137.63504,130.75261,110.07941,108.63632,133.2203,123.73968,104.71936,137.96759,103.32118,126.52789,89.0
T000213,1984-02-29,143.64523,134.9725,122.664,114.811966,133.09813,125.06242,114.09613,140.4593,103.82052,124.92249,96.0
T000213,1984-03-31,150.8546,135.81233,123.97922,108.07361,131.50948,126.64047,107.220726,141.77496,104.86155,123.859474,91.0
T000213,1984-04-30,157.66461,136.8333,117.839264,106.34894,121.22324,122.29172,108.77254,146.75708,104.430595,127.34377,93.0
T000213,1984-05-31,162.43135,139.47649,117.82708,111.265434,147.77493,127.72768,118.034584,143.33698,105.20021,126.15401,100.0
T000214,1983-12-31,0.7321333,0.7603519,0.7990256,1.5103703,0.810715,0.6618996,0.89803773,0.8234154,0.8582116,0.85867655,0.77
T000214,1984-01-31,0.7555425,0.71399945,0.7830843,1.9232403,0.7283061,0.6634098,0.84153134,0.8060012,0.8609048,0.8530288,0.57
T000214,1984-02-29,0.9846788,0.8913156,0.90029174,2.4867058,0.8333875,0.88418347,1.2057946,0.6800565,0.87298167,0.85506874,0.88
T000214,1984-03-31,1.03311,1.0295286,1.1195989,2.2986941,1.0301899,1.0138448,1.23772,0.9261173,0.8654581,0.8574466,0.9
T000214,1984-04-30,1.0231074,0.97700673,0.98388505,2.3685288,0.8887284,0.9741882,1.1635793,0.9733608,0.86588854,0.867109,0.88
T000214,1984-05-31,1.0023463,0.8074026,0.78423816,2.563911,0.79281306,0.89787585,0.8071768,0.93280935,0.8570904,0.8954642,0.72
T000215,1983-12-31,69.66559,66.59585,68.659485,69.33105,64.43976,66.44114,71.90235,66.289246,75.98426,72.81922,89.9
T000215,1984-01-31,71.10846,66.064316,68.2246,70.212395,64.33203,67.33291,66.627846,65.40736,76.12045,76.50404,89.1
T000215,1984-02-29,72.58014,65.82854,69.31718,70.401276,60.87867,67.08248,68.80275,65.63408,75.07851,76.26809,81.7
T000215,1984-03-31,73.81656,66.957466,71.82633,70.61274,58.916687,68.16836,71.805984,64.36499,75.33271,76.648155,82.5
T000215,1984-04-30,74.36441,67.047264,72.4405,73.19684,61.87124,68.99763,74.36093,66.43296,74.7338,77.64973,86.1
T000215,1984-05-31,73.87541,66.74933,71.41438,72.20805,59.044,68.037094,69.75779,65.94382,75.79868,76.08119,79.7
T000216,1983-12-31,12.532919,10.039583,12.251865,14.2684,9.109428,8.852258,10.162914,11.922691,14.181035,14.920465,10.7
T000216,1984-01-31,8.690259,11.288952,12.575196,13.829233,12.246854,11.67531,11.202797,13.847364,14.285187,14.776498,9.6
T000216,1984-02-29,15.462914,15.5800705,15.87777,17.155048,15.330207,15.813273,14.8484535,15.416779,14.417663,15.0867605,15.8
T000216,1984-03-31,15.659319,16.399654,17.0774,17.365294,15.873922,16.127237,16.985703,16.277292,14.242625,15.460147,16.1
T000216,1984-04-30,15.341861,15.714472,15.3987255,16.31271,15.4013815,14.977016,15.217322,15.870453,14.343443,15.2115,14.7
T000216,1984-05-31,15.109745,14.092063,13.69063,16.627619,13.872415,14.730701,13.5848675,14.766368,14.205159,15.570187,13.5
T000217,1982-04-30,3.196006,2.8418822,2.7722015,3.374868,2.8224945,2.5100942,2.6950865,2.9153244,2.6338778,2.987935,2.34
T000217,1982-05-31,3.209074,2.948018,2.5918224,3.353366,2.8774781,2.6143863,2.5080595,3.0578754,2.6530187,2.881969,2.88
T000217,1982-06-30,3.2152627,2.8322124,2.5400093,3.9283822,2.2397788,2.7270217,2.7471476,3.1306365,2.6319778,2.938658,1.94
T000217,1982-07-31,3.0295053,2.9652815,2.5670724,3.9147725,2.9824135,2.6637254,2.7734132,2.522391,2.6737392,2.8663442,1.97
T000217,1982-08-31,3.061691,2.7777328,2.8098946,3.8534126,2.9524925,2.6861916,2.3268766,3.07473,2.684243,2.8518696,2.19
T000217,1982-09-30,3.249031,3.1777024,3.0225506,4.875964,3.3013124,2.9880128,3.144832,3.3437192,2.6411872,3.0606499,3.24
T000218,1983-12-31,434.0068,448.56024,451.93268,448.50308,475.1027,439.515,438.5177,451.07886,449.77097,432.25467,578.0
T000218,1984-01-31,441.91776,438.8451,467.6776,471.41235,500.13678,445.57852,486.13367,451.1191,448.8888,444.94684,535.0
T000218,1984-02-29,454.70642,435.74673,462.1999,425.8501,456.37247,434.8821,480.3851,451.8517,448.45615,436.92685,488.0
T000218,1984-03-31,468.1923,437.07294,477.3355,406.45105,479.29105,436.12555,471.6482,464.81903,444.57205,421.726,510.0
T000218,1984-04-30,477.12244,413.8402,388.53232,407.86963,464.2276,417.30667,430.79834,433.63425,442.8023,412.446,440.0
T000218,1984-05-31,477.8612,394.05444,372.5218,380.16083,424.80984,381.99072,379.96466,395.23193,445.52545,405.33017,370.0
T000219,1984-06-30,112.581955,108.42551,106.447685,108.0376,110.28755,108.1542,103.9043,104.34559,104.854095,108.61289,94.0
T000219,1984-07-31,114.87402,108.2121,105.81805,105.1022,114.95608,107.239174,99.87911,108.8149,105.04056,108.0505,94.0
T000219,1984-08-31,117.06964,108.4791,109.25759,107.465935,118.808525,108.18759,99.80393,109.993195,105.56351,108.27479,98.0
T000219,1984-09-30,119.79268,110.0044,108.50371,109.09835,122.95914,108.43599,103.471954,109.00842,105.505295,108.40722,104.0
T000219,1984-10-31,122.96101,109.3459,104.94963,107.64284,121.61339,106.6181,102.43399,108.043205,105.44325,109.296555,100.0
T000219,1984-11-30,125.97592,109.58947,108.39646,110.209206,124.30978,107.880486,102.16175,108.9339,105.05422,111.07469,108.0
T000220,1966-06-30,93.76272,99.57464,95.53174,95.68277,92.13228,96.56611,87.94283,96.46758,102.3101,102.44468,94.0
T000220,1966-07-31,54.633602,49.636086,80.965256,87.74137,56.438343,56.02581,60.151505,50.371685,102.700325,101.99757,52.0
T000220,1966-08-31,109.90334,107.92143,99.01815,104.56856,102.844536,104.58912,100.69437,102.526955,104.399086,102.21349,111.0
T000220,1966-09-30,112.252335,113.22185,114.072876,107.891685,114.47431,114.18326,103.01906,114.514145,102.622345,102.91332,112.0
T000220,1966-10-31,110.23244,115.74691,108.26256,109.998535,110.69586,112.003624,115.232765,114.959915,104.16014,108.28403,115.0
T000220,1966-11-30,108.68515,109.57835,106.9159,106.68313,104.34021,114.25917,104.11653,112.09225,103.64597,114.218216,106.0
T000221,1966-06-30,127.45132,123.49765,121.84397,125.07384,121.812874,119.96849,113.96629,121.48731,129.78693,133.54352,114.0
T000221,1966-07-31,76.53635,73.93685,106.02499,115.40714,85.36804,74.65494,88.72844,73.97656,129.56194,133.10632,73.0
T000221,1966-08-31,140.68156,134.62392,126.02499,132.94003,136.46365,133.60187,127.92077,132.15544,131.84435,133.20807,130.0
T000221,1966-09-30,145.90613,144.05325,142.83559,136.05614,148.13284,143.5616,134.48053,144.64839,130.26752,133.13579,137.0
T000221,1966-10-31,144.69385,143.14418,135.95854,138.77516,150.06165,142.63931,143.88606,148.13084,131.8433,139.54266,139.0
T000221,1966-11-30,142.94002,140.55655,136.56856,139.19879,137.58778,145.2812,137.815,146.10367,130.63583,146.04045,137.0
T000222,1966-06-30,96.53729,91.77723,91.401245,96.74732,91.38691,88.88249,86.74674,95.541985,103.25289,101.60644,92.0
T000222,1966-07-31,63.5896,67.110245,86.12986,92.33501,67.19289,68.70911,77.25233,71.23592,103.72405,101.52166,64.0
T000222,1966-08-31,105.88293,102.99544,102.29571,99.31347,103.38665,102.29205,94.25837,102.7539,104.82206,101.33901,103.0
T000222,1966-09-30,109.97085,113.83561,112.86661,106.92383,118.88235,112.18605,108.46183,114.223335,103.49526,101.826744,111.0
T000222,1966-10-31,108.75347,119.81848,109.61833,113.7352,124.26617,117.33423,123.69855,120.29956,104.536156,109.13543,121.0
T000222,1966-11-30,107.61389,115.14062,110.12027,110.82993,120.272415,116.234436,112.107765,119.03273,104.24228,115.670166,117.0
T000223,1966-06-30,116.97534,113.20523,111.89718,113.672775,109.25908,111.226715,105.53558,110.27456,115.906906,123.06703,101.0
T000223,1966-07-31,69.420166,73.54108,97.866684,106.81967,79.675446,70.05626,83.79755,67.79048,115.615135,123.06259,70.0
T000223,1966-08-31,122.23606,119.42297,115.1069,118.15793,117.92895,116.920166,111.86349,119.963875,117.13457,122.58575,110.0
T000223,1966-09-30,129.96152,128.0056,128.28185,121.10124,127.86287,126.1626,116.926834,129.71298,116.3091,122.29527,117.0
T000223,1966-10-31,129.96759,134.35077,126.31901,128.03235,135.8304,130.7037,131.54585,136.44452,117.358536,129.36378,128.0
T000223,1966-11-30,128.67735,132.07498,127.5952,127.42772,130.7301,132.73938,128.91902,136.8673,116.881096,134.8136,131.0
T000224,1966-06-30,1095.7893,1106.9865,1091.3138,1115.8912,1108.1603,1105.5648,1083.7905,1111.6625,1112.6389,1098.9259,1101.0
T000224,1966-07-31,1080.9191,1078.7047,1092.2126,1088.2662,1083.884,1053.269,1043.3469,1095.896,1109.2122,1101.2947,1068.0
T000224,1966-08-31,1086.9215,1092.9084,1093.3386,1107.4692,1081.0446,1089.5143,1045.4401,1099.6459,1112.9626,1100.0206,1075.0
T000224,1966-09-30,1111.1779,1132.7661,1126.5479,1107.9523,1131.7709,1121.7162,1133.9315,1128.8324,1112.3643,1104.6302,1121.0
T000224,1966-10-31,1124.7052,1116.9703,1119.717,1096.331,1131.393,1120.3458,1125.7725,1128.6436,1109.6428,1112.6486,1091.0
T000224,1966-11-30,1133.6393,1145.4916,1122.2073,1125.7228,1137.5802,1137.036,1122.6758,1133.1611,1112.3,1120.3895,1115.0
T000225,1966-06-30,6309.8716,6503.063,6397.348,6566.6226,6182.742,6446.59,6308.6133,6450.697,6648.2734,6339.0986,5945.0
T000225,1966-07-31,6077.7305,5773.614,6270.6733,6358.7305,5653.907,5446.6333,5773.4746,5751.2383,6631.8438,6358.565,5306.0
T000225,1966-08-31,6665.3535,6631.0503,6775.6616,6523.011,6356.057,6606.844,6220.899,6622.205,6700.196,6362.5396,6201.0
T000225,1966-09-30,7087.539,7343.4507,7221.173,6765.0728,7232.3716,7105.401,6957.0425,7155.632,6666.3267,6417.0317,6797.0
T000225,1966-10-31,7286.416,7378.8643,7024.619,6924.9365,7144.9204,7337.702,7168.3115,7375.017,6691.3945,6758.7046,7007.0
T000225,1966-11-30,7390.36,7737.9844,7164.738,7172.397,7782.972,7537.4272,7357.64,7531.693,6654.5483,7052.3076,7401.0
T000226,1966-06-30,3167.0115,3223.2083,3233.189,3254.6963,3206.7473,3437.0671,3398.5896,3341.6394,3229.3105,3110.633,3082.0
T000226,1966-07-31,3249.2527,3163.7202,3241.6113,3197.949,3175.2302,3382.4795,3237.942,3458.8542,3227.8455,3117.7727,3014.0
T000226,1966-08-31,3370.157,3174.0652,3279.2336,3220.9917,3173.0845,3375.5383,3246.2793,3464.8887,3237.1633,3116.8765,3011.0
T000226,1966-09-30,3413.6196,3305.5999,3396.1611,3215.7358,3352.9514,3435.142,3476.4258,3441.3716,3233.0505,3124.4795,3266.0
T000226,1966-10-31,3403.8262,3279.673,3365.2769,3325.1677,3297.0083,3542.8499,3393.2417,3481.2495,3240.6804,3246.5576,3325.0
T000226,1966-11-30,3376.2444,3486.592,3449.1128,3461.4924,3622.9,3673.7708,3653.2905,3623.1401,3224.2524,3351.8528,3601.0
T000227,1966-06-30,4124.731,3896.9558,4119.592,4225.274,3973.4866,4220.1934,3789.3794,3461.7083,4605.75,4200.931,4250.0
T000227,1966-07-31,4280.294,3829.962,4201.647,4236.628,3848.8394,4097.424,3780.2793,3528.2708,4606.3364,4463.3506,4391.0
T000227,1966-08-31,4381.857,3827.9363,4312.0684,4094.3164,3884.3833,4122.166,3464.4414,3472.627,4632.73,4440.146,4466.0
T000227,1966-09-30,4440.537,3901.8416,4607.2114,4435.4097,4105.647,4261.2256,3981.5757,3626.068,4609.5234,4566.1533,4773.0
T000227,1966-10-31,4479.5933,3879.5703,4125.349,4517.201,3697.0298,4249.9326,4046.4595,3580.2102,4601.217,4771.469,4724.0
T000227,1966-11-30,4535.321,3865.6694,4099.0,4506.303,3995.935,4319.2725,3779.1433,3603.1096,4613.4756,4611.269,4990.0
T000228,1966-06-30,121.067505,115.8776,123.43302,121.45596,112.02711,118.30916,112.02481,112.924515,120.595375,126.9357,102.0
T000228,1966-07-31,124.16938,130.14972,126.446,125.36987,129.01428,128.44748,121.853004,125.74096,120.833,126.7208,120.0
T000228,1966-08-31,130.3407,128.66591,128.56796,128.28758,125.97343,127.31366,119.68252,127.226585,121.03786,126.59917,117.0
T000228,1966-09-30,132.08466,132.26102,132.9471,128.55165,128.4828,128.99693,126.218475,129.2588,120.95276,126.87044,125.0
T000228,1966-10-31,132.54941,127.25178,130.25702,127.52976,128.77757,128.16788,121.7219,125.57623,121.19546,126.88556,121.0
T000228,1966-11-30,132.74585,125.08205,122.264465,124.19437,126.75449,123.01268,115.94767,124.49297,120.33489,126.95787,117.0
T000229,1966-06-30,113.142715,110.81174,120.60312,121.1483,109.41794,112.174355,110.49002,110.14317,121.78158,126.231766,104.0
T000229,1966-07-31,121.447395,128.05803,125.298454,125.60924,125.82188,126.983925,122.049126,124.6513,122.114006,125.9905,124.0
T000229,1966-08-31,128.3425,128.66942,127.55184,127.19338,127.50898,126.278885,121.75253,127.06621,122.17763,126.05133,122.0
T000229,1966-09-30,129.37376,132.6446,133.53651,130.48846,128.14343,129.11327,130.92294,129.57681,121.96274,127.02636,129.0
T000229,1966-10-31,129.27682,124.763985,127.96463,126.24747,128.0729,125.68547,124.91676,126.563965,121.9952,124.84171,123.0
T000229,1966-11-30,129.14764,116.99922,116.49575,121.04101,117.9553,114.909386,112.90706,119.30942,121.605064,124.10045,112.0
T000230,1966-06-30,78442.92,79580.93,79999.0,79618.21,79458.52,80829.19,79617.81,81002.64,76465.93,77211.89,75223.0
T000230,1966-07-31,79202.625,81495.92,80106.2,79961.7,82121.79,81777.84,80268.7,81576.734,76346.4,77001.875,78965.0
T000230,1966-08-31,79600.234,78498.05,79151.016,79374.15,79741.58,79015.305,76565.305,79546.97,76403.93,77234.3,74466.0
T000230,1966-09-30,79674.91,78170.09,78722.81,76660.98,79026.8,76009.3,77506.04,78741.42,76459.73,76650.97,74471.0
T000230,1966-10-31,79509.89,77454.91,78351.79,76991.57,78995.16,78771.75,77113.21,78920.7,76512.46,76350.23,74221.0
T000230,1966-11-30,79420.44,80735.18,79135.945,79047.25,83113.836,82200.055,80048.69,81567.05,76388.79,77143.91,78419.0
T000231,1988-06-30,1889.8538,2102.434,2230.2205,2230.662,1912.9109,2091.355,2008.3522,2074.0312,2331.591,2293.363,1946.74
T000231,1988-07-31,1988.2938,2098.7224,2214.603,2253.6997,1976.4619,2026.8506,2137.44,1968.0687,2353.034,2283.6025,1983.0
T000231,1988-08-31,2328.8542,2364.311,2377.804,2249.6401,2257.868,2374.8542,2253.4202,2351.513,2365.5112,2294.6653,2260.12
T000231,1988-09-30,2437.442,2511.817,2529.5396,2440.8577,2375.9685,2465.517,2497.806,2457.6147,2347.8918,2312.994,2451.35
T000231,1988-10-31,2493.6638,2520.5193,2471.0088,2423.193,2293.7578,2497.0557,2475.8704,2431.661,2365.4727,2361.405,2501.79
T000231,1988-11-30,2528.5479,2461.3418,2460.099,2479.0713,2429.691,2510.7646,2387.9272,2453.2073,2331.4587,2442.2893,2349.47
T000232,1988-08-31,3823.9722,3582.811,3584.0525,3557.2446,3469.3184,3551.456,3489.9607,3475.7034,3163.7625,3922.7744,3232.93
T000232,1988-09-30,3545.7786,3510.6309,3478.485,3498.676,3544.5051,3509.7495,3583.23,3501.7266,3138.2988,3894.5513,3396.77
T000232,1988-10-31,3184.2642,3227.849,3418.226,3523.9963,3072.9963,3164.542,3355.7888,3231.1934,3138.203,3837.7913,3091.58
T000232,1988-11-30,2951.0696,3106.7126,3258.4556,3321.6262,3033.68,3101.1514,3148.072,3232.9382,3160.8674,3802.6104,2915.49
T000232,1988-12-31,2858.325,2896.0378,3164.3416,3175.017,3031.6956,3087.579,3198.9773,3036.7493,3153.2178,3811.7476,2834.48
T000232,1989-01-31,2733.1458,2774.946,3008.4927,2891.7925,3000.1763,2893.4792,2979.0764,2910.7573,3180.2976,3750.789,2651.44
T000233,1988-08-31,1466.1785,1409.1469,1449.5306,1376.7694,1407.8716,1408.9349,1362.7817,1453.8214,1413.6302,1420.9534,1433.62
T000233,1988-09-30,1493.5393,1476.4637,1444.535,1449.6547,1465.4149,1464.2615,1437.1195,1457.7002,1406.8427,1422.4249,1580.53
T000233,1988-10-31,1506.0994,1427.3917,1467.89,1390.329,1393.2417,1420.6947,1447.1105,1515.2972,1400.492,1389.7887,1363.24
T000233,1988-11-30,1519.9257,1455.7651,1528.9843,1423.5498,1403.674,1437.3783,1523.2032,1497.6348,1407.7488,1393.9712,1464.93
T000233,1988-12-31,1521.2592,1510.4746,1541.8988,1460.9275,1507.1328,1467.6976,1586.1627,1526.6979,1402.1501,1413.0624,1569.35
T000233,1989-01-31,1404.7611,1354.4838,1382.3363,1323.3046,1336.9401,1291.2183,1366.675,1390.009,1410.8695,1413.3413,1307.54
T000234,1988-06-30,5473.6636,5295.6406,5271.9844,5160.3394,5212.453,5130.694,4999.2754,5291.084,5015.23,5605.6406,5353.8
T000234,1988-07-31,5292.8027,4220.9985,4507.5767,4685.9136,4458.656,4482.3145,3950.693,4585.209,4975.721,5541.632,4227.33
T000234,1988-08-31,5124.763,5246.0527,5014.846,5402.7886,5158.7476,5213.3584,5236.965,5315.1685,5011.9604,5488.577,5096.69
T000234,1988-09-30,4846.9697,5224.998,5395.695,5174.793,5513.9805,5505.7886,5171.8257,5214.336,5001.2803,5473.509,5328.42
T000234,1988-10-31,4786.9897,4908.9277,4761.9253,4789.793,5285.387,4719.222,4760.271,4954.9976,4983.139,5467.9897,4644.98
T000234,1988-11-30,5140.894,4461.3975,4480.9277,4653.1753,4987.246,4831.4976,4435.279,4543.027,5025.4985,5494.9956,4314.82
T000235,1986-12-31,13921.132,14024.326,13756.555,12684.795,12538.803,14377.879,14057.269,12989.444,11832.898,13236.618,11298.4
T000235,1987-01-31,13847.259,13655.745,13718.256,11842.815,13068.733,14277.503,11215.432,13674.475,12020.833,12604.627,11042.5
T000235,1987-02-28,13854.089,13403.211,14071.031,12724.507,11741.203,13665.53,11833.266,13332.309,11985.696,12771.32,10992.6
T000235,1987-03-31,13919.236,14103.136,13595.625,13722.395,12801.08,13509.685,12620.941,13521.641,11993.871,12990.427,12612.4
T000235,1987-04-30,13934.126,13376.941,13939.794,11957.451,12021.849,13637.094,10765.149,13094.419,11942.484,12533.684,11955.0
T000235,1987-05-31,13839.232,13858.451,13829.764,12973.033,11985.755,14449.511,12742.902,13392.277,11838.882,13352.216,12708.9
T000236,1984-10-31,16746.158,18538.586,17622.146,17257.959,18968.0,18194.223,17485.217,17175.312,16194.782,17058.121,17483.2
T000236,1984-11-30,16986.318,16776.975,16992.295,16733.916,17578.205,17567.016,15177.909,17581.55,16283.568,17041.496,16710.3
T000236,1984-12-31,17505.656,17277.434,15964.609,17231.41,17298.182,17376.098,18552.42,17776.762,16261.827,16838.562,16603.4
T000236,1985-01-31,17972.89,18660.35,19351.1,17947.03,19029.637,18328.973,19722.996,19178.543,16018.287,16853.605,19434.2
T000236,1985-02-28,17329.455,16013.898,14804.078,14812.711,17596.236,15721.961,15273.618,17432.94,15955.029,15147.183,14681.0
T000236,1985-03-31,12924.491,7236.6084,11030.227,14109.1045,9959.332,7178.16,9560.33,10352.34,16140.604,14314.577,8733.52
T000237,1988-06-30,14427.939,14056.749,13482.875,14033.991,13260.439,15039.01,13760.193,14903.641,15524.475,14200.902,14100.2
T000237,1988-07-31,15164.472,13067.611,12785.62,12886.36,13544.429,12285.329,10967.0205,13659.917,15477.528,14994.518,12410.6
T000237,1988-08-31,15527.364,14861.538,14876.232,15352.268,13061.916,15101.252,14197.145,15296.498,15461.103,15107.644,14881.9
T000237,1988-09-30,15333.662,16384.041,16808.156,16585.691,15322.13,16530.531,16099.722,17432.766,15364.297,16160.762,19728.5
T000237,1988-10-31,15057.025,15892.405,15657.559,16235.807,13976.333,16532.877,15523.299,15544.25,15356.143,17567.902,18504.0
T000237,1988-11-30,14829.675,17247.762,15920.775,18039.39,15945.317,17169.781,18402.736,17251.232,15460.893,17832.93,19693.3
T000238,1984-04-30,742.2598,831.3098,831.1888,735.22455,732.01697,801.4584,781.4744,725.6989,567.43524,878.89246,522.27
T000238,1984-05-31,503.41656,433.68478,600.2804,678.1354,400.66333,517.00653,523.69086,506.60498,565.50555,872.0182,215.32
T000238,1984-06-30,677.172,583.47156,672.85706,718.3229,645.04095,632.4886,594.4641,593.86584,565.0846,869.5933,423.77
T000238,1984-07-31,884.19226,796.131,864.86804,681.55457,962.0863,840.3985,661.1296,813.9724,563.48755,842.544,586.41
T000238,1984-08-31,964.08673,972.4953,993.29193,788.28613,1071.4368,1011.2583,824.56104,952.16235,579.9454,930.58777,742.18
T000238,1984-09-30,998.9435,977.40845,900.34485,831.16315,1214.4009,1091.3405,969.38385,981.51917,555.28253,1005.612,847.55
T000239,1989-12-31,1587.4186,1536.7095,1430.0463,1389.959,1549.0037,1545.3925,1554.5232,1472.5754,1477.2306,1500.6935,1485.0
T000239,1990-01-31,1573.8058,1590.32,1503.6104,1327.6198,1730.9542,1577.6514,1377.4972,1569.8114,1514.5974,1513.7169,1730.0
T000239,1990-02-28,1534.5537,1549.7655,1521.2938,1304.814,1490.8951,1551.3087,1350.0933,1610.5854,1482.37,1561.3065,1525.0
T000239,1990-03-31,1512.7572,1635.3732,1558.7292,1556.62,1627.5872,1543.139,1545.1421,1644.0078,1487.5947,1607.5693,1667.0
T000239,1990-04-30,1520.434,1654.1228,1558.9004,1416.5416,1683.3209,1609.2756,1486.0486,1625.3718,1487.0471,1547.892,1766.0
T000239,1990-05-31,1545.1208,1680.2974,1523.5084,1545.6387,1731.3898,1633.0985,1578.5686,1666.4724,1478.3396,1570.4188,1706.0
T000240,1982-06-30,3717.418,3415.0342,3579.9446,3593.173,3492.2954,3497.156,3322.925,3303.4873,3391.6726,3820.6682,3003.32
T000240,1982-07-31,3735.1167,3645.8975,3689.4585,3725.4692,3772.6292,3767.7578,3537.1152,3594.5088,3325.1523,3790.9434,3233.28
T000240,1982-08-31,3743.9285,4221.001,4086.336,4198.3013,3789.2463,3977.065,4130.3667,3871.6758,3349.9688,3879.5525,3996.42
T000240,1982-09-30,3779.083,3701.1465,3628.2769,3535.8245,3448.22,3527.3657,3307.2158,3404.622,3379.1418,3830.0857,3090.52
T000240,1982-10-31,3818.1038,3707.6958,3725.702,3662.6777,3714.0508,3690.9248,3606.622,3543.0967,3378.8215,3807.466,3318.23
T000240,1982-11-30,3809.8694,4072.5151,3803.2866,3599.1453,3847.817,4078.9216,4066.7158,3983.5747,3381.0632,3941.3628,3896.09
T000241,1982-06-30,155.52026,145.78233,149.56621,152.91507,149.4676,146.88322,145.15236,145.5543,139.84987,159.56606,129.27
T000241,1982-07-31,155.71692,151.16208,150.35559,149.75027,155.26273,154.46213,141.02914,153.64986,137.88599,157.53508,132.76
T000241,1982-08-31,155.57553,168.79396,165.23753,173.33943,156.02882,162.03918,167.70822,162.31035,138.33809,160.80522,156.82
T000241,1982-09-30,155.65973,155.38829,155.58005,151.87892,150.44743,149.141,142.81946,153.6281,139.3409,159.55696,133.25
T000241,1982-10-31,155.74918,157.22389,154.81941,149.94818,162.79105,155.11336,149.56598,155.4681,139.36575,157.36307,143.07
T000241,1982-11-30,154.56538,162.28159,155.02878,150.69713,154.08656,167.43282,163.51532,163.0301,139.94328,162.4465,148.32
T000242,1985-10-31,577.64825,579.99927,557.58685,539.0059,591.2147,578.22577,537.95966,591.99835,562.6503,534.24084,552.0
T000242,1985-11-30,591.9864,645.62866,596.29645,607.0486,633.825,611.4558,625.4643,628.3975,562.6144,576.32996,628.0
T000242,1985-12-31,593.2423,621.4683,578.8269,550.83124,598.51355,604.67035,561.00726,619.19366,564.72125,565.2667,566.0
T000242,1986-01-31,590.93463,623.30676,596.8254,558.1658,615.4388,597.9589,586.70953,637.1197,563.37976,572.8404,597.0
T000242,1986-02-28,586.80664,560.4753,548.469,565.9764,525.2228,557.45404,575.514,583.37427,559.7534,575.7456,519.0
T000242,1986-03-31,582.84784,558.01416,518.8652,524.8892,558.3813,546.52637,509.1048,580.01733,563.12445,532.3484,524.0
T000243,1966-06-30,121.21893,119.845604,120.115875,121.96923,119.82117,121.082115,118.98549,119.97078,119.08493,123.54383,117.0
T000243,1966-07-31,121.044754,119.75064,120.6868,122.30143,120.107346,121.35592,118.56705,121.21304,118.95342,123.53555,117.0
T000243,1966-08-31,121.283615,120.75076,120.83141,122.87473,118.92438,120.16992,119.12305,122.01674,119.05474,122.88056,117.0
T000243,1966-09-30,121.35467,121.634445,123.99229,122.39439,121.642296,122.33826,123.519905,123.356575,119.0389,122.628815,120.0
T000243,1966-10-31,121.40164,122.30989,121.50404,121.69744,122.227936,122.02298,125.632706,123.42631,119.18146,123.39911,121.0
T000243,1966-11-30,121.78196,114.78102,117.110535,119.503525,116.29024,117.75352,115.18212,118.98133,118.98707,122.93435,113.0
T000244,1966-06-30,147.18811,150.37408,150.34055,150.23843,146.19318,148.50658,146.18452,147.3015,143.41754,157.27634,134.0
T000244,1966-07-31,125.988945,121.0867,135.67165,142.76497,126.35013,119.16487,126.242355,120.41469,142.81564,157.44704,108.0
T000244,1966-08-31,154.90454,147.97603,148.11964,151.5302,142.50365,142.61646,140.21068,138.42337,144.2557,156.7482,134.0
T000244,1966-09-30,161.10449,156.46323,157.99324,151.90416,162.5653,152.90106,145.38232,156.31642,143.98746,156.32848,142.0
T000244,1966-10-31,162.62685,160.98816,156.67487,152.846,163.35883,160.22244,154.6843,161.9834,144.67828,161.12184,145.0
T000244,1966-11-30,163.29153,162.77533,156.53728,155.68167,165.0919,164.68878,155.61035,163.83147,143.86232,163.37373,151.0
T000245,1966-06-30,98.82663,111.0638,118.10973,121.8245,105.78172,102.35329,105.164566,109.880066,125.56435,126.47355,105.0
T000245,1966-07-31,127.606735,115.44252,117.81181,126.05372,111.064026,119.12959,117.45964,103.027245,125.88868,127.30962,115.0
T000245,1966-08-31,131.67926,129.81631,129.82402,127.16291,128.6119,130.09082,125.44117,128.98564,126.22731,127.65879,128.0
T000245,1966-09-30,130.70091,131.96645,131.8213,128.0804,128.64034,130.47437,128.0719,131.04895,125.58399,128.16342,125.0
T000245,1966-10-31,129.39165,138.4258,135.40182,134.90941,132.44092,133.65167,143.5447,130.85739,126.59875,130.39859,141.0
T000245,1966-11-30,128.56134,129.02603,128.37796,130.08478,124.32083,133.64699,128.98486,129.46472,125.33663,132.31677,125.0
T000246,1966-06-30,98.709335,94.9687,114.19891,121.267715,95.7461,90.76508,97.2632,97.77372,127.56919,131.17896,93.0
T000246,1966-07-31,119.344406,122.24402,123.19798,126.51223,119.25991,126.41309,120.03608,120.332855,128.40387,131.63858,115.0
T000246,1966-08-31,134.74524,135.52237,136.30719,131.52205,134.74937,135.11159,124.71268,132.36745,128.69249,132.76305,131.0
T000246,1966-09-30,135.82454,138.39102,138.79901,135.32664,135.69981,137.08142,134.26126,131.38887,127.96102,133.92068,136.0
T000246,1966-10-31,134.84442,139.91168,136.91032,138.45183,141.28627,135.79474,138.53091,128.34674,129.07135,134.97372,142.0
T000246,1966-11-30,133.85837,128.18828,127.327354,132.6116,132.94214,132.70093,123.06897,128.17606,127.18948,137.14867,127.0
T000247,1990-08-31,15253.329,15795.419,15871.222,15330.148,16304.336,16038.434,16601.8,16061.908,14306.655,14991.135,14598.0
T000247,1990-09-30,15880.061,15275.258,15266.885,14416.101,17859.797,15380.752,14512.489,16596.111,14269.439,14870.367,12052.0
T000247,1990-10-31,16460.371,15293.716,15822.803,15025.961,17848.754,14908.199,13390.422,15837.585,14354.205,14804.475,12797.0
T000247,1990-11-30,16778.14,15556.748,15823.161,15186.202,19665.719,15637.179,14823.044,15971.841,14372.094,14796.161,14287.0
T000247,1990-12-31,16932.123,15556.957,15494.984,15018.261,19867.969,15799.808,15025.8125,16207.831,14359.673,15218.73,13932.0
T000247,1991-01-31,16989.385,15971.247,16063.357,15901.17,20342.014,16090.602,15827.501,16123.747,14386.085,15687.716,15662.0
T000248,1986-05-31,8046.4863,8083.9546,8204.018,8015.733,7870.798,8773.555,8867.569,8551.371,7550.6313,8039.183,8633.0
T000248,1986-06-30,8015.5825,7956.8145,8033.379,7852.0166,8519.838,8559.334,8027.9043,8746.712,7581.4995,7890.473,7588.0
T000248,1986-07-31,7959.3335,7978.444,8529.673,8217.784,7462.8623,8289.645,7531.155,8499.111,7531.0815,7908.388,7656.0
T000248,1986-08-31,7936.535,8087.581,8675.998,7695.8145,8018.728,8673.097,8375.997,8461.52,7580.726,7779.7046,7949.0
T000248,1986-09-30,7928.814,7836.9434,8189.0547,7621.807,7795.487,8750.502,7955.2197,8699.046,7594.908,7781.7104,7294.0
T000248,1986-10-31,7875.312,8316.271,8296.564,8149.816,8742.368,8980.691,8615.511,8581.79,7528.9707,8076.352,8372.0
T000249,1984-09-30,10426.148,9123.231,8572.804,9144.459,9548.155,8722.175,7935.662,9158.935,10027.244,10061.805,8107.0
T000249,1984-10-31,10692.661,10897.719,9622.126,10043.464,11644.093,10571.82,9630.879,9738.95,10042.1,10942.359,11635.0
T000249,1984-11-30,10908.053,10074.885,9772.3125,8740.061,10500.466,9656.662,8236.631,9860.38,10045.143,10891.856,11728.0
T000249,1984-12-31,10927.034,10117.988,10927.971,10729.553,10104.2295,10007.963,9483.62,10261.611,9998.716,11183.677,9850.0
T000249,1985-01-31,10546.9,12892.912,11111.376,10265.912,12862.922,10941.277,12614.939,10940.374,9927.258,10884.6455,13624.0
T000249,1985-02-28,9753.068,7423.4277,8393.632,7619.647,9397.031,8323.421,5779.2275,7716.481,10019.632,9949.211,6026.0
T000250,1987-10-31,316.84933,441.76093,400.3065,406.89105,217.63425,337.95688,334.36066,509.75638,347.50925,463.39377,220.0
T000250,1987-11-30,211.17241,255.22748,225.95177,142.42606,70.07065,206.25928,215.4963,449.04105,359.12277,417.14398,80.0
T000250,1987-12-31,151.80621,308.55576,237.95975,464.45782,-166.5628,242.93475,240.31131,563.8785,363.88638,404.01392,40.0
T000250,1988-01-31,283.82285,339.61523,329.52762,328.56342,-17.803864,325.24515,278.7857,529.66223,372.64496,353.93988,190.0
T000250,1988-02-29,477.3025,273.08502,304.81927,175.36389,103.78,240.127,48.45703,614.38165,357.18207,352.51172,90.0
T000250,1988-03-31,564.40985,442.64066,368.91257,450.98157,253.17393,361.62653,219.53343,594.20807,362.64706,435.448,60.0
T000251,1987-10-31,2518.8726,2210.0083,2501.2822,2509.7402,2041.3865,2387.0635,2630.6616,2514.5955,2240.8691,2273.8025,2210.0
T000251,1987-11-30,2508.5437,2515.962,2545.7896,2333.4663,2718.0935,2526.6836,2744.227,2682.6428,2226.2458,2246.6287,3098.0
T000251,1987-12-31,2520.6833,1875.7682,2231.4668,2123.3398,1934.799,1992.3225,2054.5005,2208.5789,2218.6133,2196.0728,1491.0
T000251,1988-01-31,2523.9265,1999.8768,2422.2993,2351.723,2069.2334,2190.487,2427.789,2118.4397,2263.7488,2220.1292,1670.0
T000251,1988-02-29,2507.799,2325.7664,2586.287,2231.0178,2502.343,2535.6392,2431.0232,2725.2524,2216.6423,2159.2397,2239.0
T000251,1988-03-31,2476.0054,2209.206,2587.7256,2607.9512,2259.982,2397.8433,2431.4705,2675.0686,2245.5964,2208.9565,2235.0
T000252,1986-10-31,1400.0488,1476.1533,1521.7898,1500.3293,1371.0364,1380.4493,1500.6108,1437.1788,1358.4497,1381.6556,1540.0
T000252,1986-11-30,1394.3435,1334.6997,1297.9165,1408.6824,1391.9928,1328.6315,1282.4541,1227.6576,1352.6843,1378.6495,1380.0
T000252,1986-12-31,1395.2415,1348.6249,1249.6655,1331.6654,1251.0767,1216.5516,1403.8955,1271.5071,1352.9503,1368.0515,1310.0
T000252,1987-01-31,1307.6743,1204.8795,1355.3906,1347.1423,1144.1307,1251.5172,1079.1725,1319.9952,1354.8933,1343.6084,1230.0
T000252,1987-02-28,1256.3749,1342.347,1299.3213,1344.4343,1355.1888,1290.1776,1356.0023,1337.4861,1353.7858,1353.9059,1490.0
T000252,1987-03-31,1353.9719,1162.5367,1334.7845,1414.363,1361.2175,1310.6228,1120.7987,1332.4609,1358.8734,1390.9629,1240.0
T000253,1983-10-31,2657.1023,2766.3835,2853.4412,2833.674,2642.8354,2751.6292,2649.8538,2621.5867,2631.033,2650.8489,2400.0
T000253,1983-11-30,2677.4739,2933.7473,2941.2031,2888.3716,2761.9492,2877.5369,2921.773,2709.873,2646.8826,2728.977,2950.0
T000253,1983-12-31,2684.188,2810.227,2867.254,2731.487,2426.9272,2745.7964,2775.62,2643.194,2633.6677,2785.6736,2870.0
T000253,1984-01-31,2686.4417,2683.6982,3029.2913,2758.7913,2457.413,2770.6567,2533.914,2770.3115,2627.519,2732.7778,2560.0
T000253,1984-02-29,2674.2798,2947.861,2870.788,2733.8467,2506.2566,2897.815,2892.7607,2737.2427,2646.5283,2655.463,3150.0
T000253,1984-03-31,2656.4246,2395.0637,2627.5354,2759.207,2481.7563,2638.0835,2263.3015,2620.9373,2625.3186,2652.996,2180.0
T000254,1986-10-31,907.84875,965.49615,1053.9207,946.6999,851.8027,918.40393,987.45294,910.2015,880.333,855.1958,1030.0
T000254,1986-11-30,894.1885,906.04596,908.75287,881.96906,925.17145,825.4808,736.901,753.91846,885.5583,844.7312,1080.0
T000254,1986-12-31,836.5033,849.4357,850.7234,749.2618,699.3511,684.5393,766.2872,887.50977,878.5362,814.2909,590.0
T000254,1987-01-31,813.73505,993.02545,1140.316,889.1057,903.2996,952.12476,971.27673,900.03284,885.1218,814.3655,840.0
T000254,1987-02-28,872.21875,1077.7263,1094.5444,884.0136,1067.6362,988.5989,1058.6621,986.94214,876.04846,853.2218,1080.0
T000254,1987-03-31,869.67285,920.55853,998.34314,1000.66626,865.6021,958.1698,907.4716,938.1244,881.00385,904.83966,920.0
T000255,1985-04-30,33399.97,25745.84,27281.479,33138.164,24477.75,21946.348,40115.09,29330.803,39827.586,30437.592,60524.0
T000255,1985-05-31,32428.004,24755.736,29868.932,18766.943,28590.549,24152.777,25562.219,31078.549,40410.45,34894.734,40434.0
T000255,1985-06-30,33436.336,24600.742,25973.64,12389.381,13123.879,15764.082,9526.547,27633.871,40530.195,34366.08,42155.0
T000255,1985-07-31,34685.586,24926.326,34669.137,25186.57,20755.648,23384.527,29856.527,29628.24,39210.01,34398.008,41402.0
T000255,1985-08-31,34623.63,30117.777,30760.822,25086.26,28273.215,29977.467,46877.215,33960.555,39107.562,38076.44,63455.0
T000255,1985-09-30,32902.312,24796.428,35060.496,26457.379,20211.96,24420.355,13325.676,28977.719,39428.42,38699.242,30165.0
T000256,1987-01-31,163937.89,189078.38,182493.03,196489.89,159241.02,201270.42,246271.3,197581.9,161041.77,171748.5,209534.0
T000256,1987-02-28,163693.95,180662.58,192885.36,178985.33,174852.61,192535.89,197642.56,188733.3,161580.44,175429.47,230767.0
T000256,1987-03-31,157672.72,151727.98,168874.95,162288.94,154807.38,159696.94,171848.64,157313.9,157342.22,179298.97,162118.0
T000256,1987-04-30,154249.67,152890.78,193112.98,173480.38,140872.67,178218.53,199393.38,179744.11,159275.48,176022.2,152117.0
T000256,1987-05-31,155133.05,154277.2,161504.95,151352.61,148803.2,181479.69,173507.17,191404.22,156672.39,155738.67,167278.0
T000256,1987-06-30,157632.14,153417.1,159681.27,165783.64,143848.77,181888.94,172426.34,180822.56,160832.86,150018.95,150125.0
T000257,1986-10-31,147.71638,136.2127,138.17253,150.551,149.87933,131.37509,141.20964,148.20311,155.39139,145.73141,173.5
T000257,1986-11-30,140.64404,123.93628,133.68065,115.77849,127.14256,122.00071,106.30871,131.05737,154.37315,149.97946,132.2
T000257,1986-12-31,146.09773,141.32808,128.21239,129.81181,150.6237,136.71637,128.65814,135.8629,154.97281,152.70084,164.4
T000257,1987-01-31,161.86687,136.12265,131.12738,146.54733,167.22945,142.87456,136.93954,141.4638,154.84769,153.84781,136.9
T000257,1987-02-28,164.16914,136.84612,133.05925,129.51642,156.58102,141.8258,134.3767,162.30469,154.18553,153.51715,145.3
T000257,1987-03-31,162.46062,145.63487,143.64073,154.27983,158.08437,150.78749,135.02719,163.78055,155.84433,154.03976,151.7
T000258,1984-08-31,6903.7344,7868.539,7298.093,7394.999,7648.066,7633.3076,7999.4614,7624.011,6388.8325,6876.8774,7564.0
T000258,1984-09-30,4501.8584,5207.4956,5781.1875,6308.8154,5607.991,6020.4556,5710.3535,5833.534,6394.301,6694.1733,4832.0
T000258,1984-10-31,5445.07,4416.9673,5304.4487,5494.588,3549.0007,4152.84,4414.8535,4727.268,6457.569,6369.8135,3715.0
T000258,1984-11-30,7096.4795,7123.6416,7258.302,6412.295,7951.052,7082.2466,7341.583,7357.2856,6466.588,6230.2905,6724.0
T000258,1984-12-31,7217.5327,6642.1743,6290.678,6046.18,7715.296,7060.2705,7211.8486,7060.3877,6434.694,6704.6646,6149.0
T000258,1985-01-31,7102.716,6446.1396,6321.5674,6184.3164,7324.004,6982.393,5867.812,6676.706,6457.0073,7050.2905,5497.0
T000259,1984-10-31,1974.574,2016.7443,1951.997,1936.3262,1929.636,1976.8544,1950.013,1959.43,1932.7485,2023.9723,1986.0
T000259,1984-11-30,2002.5237,1940.6672,1926.6248,1888.2672,1843.363,1874.018,1733.7751,1999.091,1949.7625,1995.8955,1872.0
T000259,1984-12-31,2011.742,2079.207,2057.2727,1944.0828,1920.6788,2025.5366,1886.5443,1994.3118,1928.2683,2018.5498,2120.0
T000259,1985-01-31,2009.6882,2143.9607,2203.2942,2043.153,2150.9077,2071.8816,2150.8066,2097.545,1918.2676,2058.982,2324.0
T000259,1985-02-28,2006.5286,1990.9333,1919.3247,1943.7081,1881.314,1929.3694,1898.2378,1946.2678,1934.2328,2006.3047,1893.0
T000259,1985-03-31,1958.6271,1969.8828,1744.0178,1825.258,2015.0957,1861.3807,1829.5059,1975.7501,1932.6315,2044.8182,2081.0
T000260,1984-12-31,2372.5894,2369.0974,2327.852,2293.169,2349.5625,2363.9414,2257.5583,2358.228,2336.5906,2320.1758,2318.0
T000260,1985-01-31,2383.671,2317.9985,2329.871,2367.6482,2387.1367,2367.98,2307.4683,2387.491,2322.4395,2337.7634,2253.0
T000260,1985-02-28,2384.4094,2529.0903,2453.4702,2429.4336,2397.317,2420.7896,2493.4927,2455.2568,2333.4646,2330.1746,2507.0
T000260,1985-03-31,2392.5662,2371.0369,2356.5269,2312.4858,2266.2231,2370.747,2295.6763,2402.962,2328.4854,2329.4175,2297.0
T000260,1985-04-30,2384.3145,2378.5881,2360.6958,2378.5886,2317.9224,2339.0676,2420.8708,2427.3733,2331.9744,2346.4697,2292.0
T000260,1985-05-31,2294.4243,2380.838,2330.923,2261.3916,2349.0166,2402.6008,2382.066,2367.6304,2338.669,2348.632,2317.0
T000261,1985-02-28,245.69397,240.62451,248.98819,249.66663,237.02643,243.21788,238.80319,242.34451,243.75742,250.77332,237.0
T000261,1985-03-31,246.3198,263.52805,243.54599,250.96713,263.2497,252.77742,264.03632,251.93526,243.58643,250.1271,281.0
T000261,1985-04-30,239.37762,229.44508,231.2457,229.60553,237.93336,232.13206,223.5597,243.3463,242.98607,246.74529,217.0
T000261,1985-05-31,224.40222,239.25456,236.6238,243.26762,236.73958,237.16039,241.19292,247.66393,243.78506,245.79555,236.0
T000261,1985-06-30,244.88445,244.19154,241.78136,237.44295,246.60115,250.72414,247.11,244.30005,242.88829,241.49884,245.0
T000261,1985-07-31,247.1661,235.2737,230.70712,236.63873,237.84636,235.92113,227.16443,233.13467,243.61505,239.27744,215.0
T000262,1984-12-31,1589.438,1569.5657,1612.5693,1634.6033,1557.0101,1587.4636,1567.8842,1573.3601,1523.1779,1705.2849,1521.0
T000262,1985-01-31,1561.628,1572.8861,1579.6528,1593.3523,1570.1908,1611.1072,1560.3656,1582.78,1522.5366,1696.7148,1528.0
T000262,1985-02-28,1544.0557,1649.0896,1626.6031,1681.9171,1582.417,1635.7577,1617.9729,1652.349,1522.7869,1716.502,1574.0
T000262,1985-03-31,1486.6095,1504.1985,1537.5592,1526.4905,1471.0641,1477.329,1490.7024,1486.671,1526.4733,1694.4701,1402.0
T000262,1985-04-30,1497.5706,1461.4491,1528.8853,1518.825,1485.854,1463.1852,1490.2992,1506.7537,1531.3662,1681.9104,1412.0
T000262,1985-05-31,1572.6196,1582.7472,1572.312,1558.3083,1597.0527,1638.3907,1590.7936,1598.1531,1529.4456,1684.5695,1533.0
T000263,1984-10-31,1456.1986,1565.9624,1549.0164,1506.842,1499.5894,1529.4004,1534.6859,1506.7191,1433.4269,1441.025,1488.0
T000263,1984-11-30,1458.2244,1507.1196,1508.126,1515.2845,1475.3844,1474.4987,1479.4434,1456.9884,1426.7217,1435.827,1491.0
T000263,1984-12-31,1448.8982,1380.3861,1449.6472,1422.9387,1388.3916,1385.5024,1334.5901,1419.7908,1429.443,1413.4376,1286.0
T000263,1985-01-31,1424.4873,1513.451,1515.9915,1447.1105,1485.7384,1457.4388,1468.516,1482.5574,1431.4768,1398.8198,1439.0
T000263,1985-02-28,1450.0254,1432.5162,1483.223,1441.0781,1440.2631,1466.2957,1447.5264,1461.9828,1429.8103,1419.5277,1374.0
T000263,1985-03-31,1449.0096,1481.9502,1472.8689,1439.8362,1513.78,1474.5732,1433.7582,1456.9305,1430.4794,1428.1515,1406.0
T000264,1984-10-31,18.280397,18.342913,18.42581,18.721802,17.711832,17.971373,17.489336,18.319506,18.10996,18.58553,16.8
T000264,1984-11-30,18.218777,18.23513,18.291182,18.323826,19.274961,17.726267,17.290255,18.936296,18.069803,18.431633,16.2
T000264,1984-12-31,18.48392,18.263014,18.87521,19.329933,18.515934,18.451412,17.76015,19.10166,18.17443,18.317387,15.7
T000264,1985-01-31,18.726154,19.34662,19.561733,19.431137,18.978567,19.10678,19.564674,19.057043,18.236738,18.017685,18.3
T000264,1985-02-28,19.031765,18.771399,19.109858,19.715261,18.973959,19.170786,17.812292,19.017439,18.281883,18.639008,18.0
T000264,1985-03-31,19.354946,19.337545,19.112392,20.58547,19.539696,19.1472,18.85771,19.19122,18.098074,19.28702,18.9
T000265,1984-12-31,62.251617,67.37882,64.800865,63.00943,63.792023,62.17528,66.25318,65.654434,64.60285,56.438385,71.8
T000265,1985-01-31,63.29866,65.15378,60.953148,68.66623,65.30301,62.73449,64.17166,58.68509,64.43872,59.92036,65.9
T000265,1985-02-28,63.680367,67.472336,61.49379,62.57001,62.562107,59.428566,63.555267,61.802734,64.925674,58.495384,70.1
T000265,1985-03-31,62.5571,58.4023,61.081097,58.26835,54.469036,56.64958,52.79776,60.581127,64.584496,59.61638,50.3
T000265,1985-04-30,61.17066,72.311905,69.542076,70.95044,65.48301,63.525818,77.024315,65.96507,64.821236,65.1696,79.9
T000265,1985-05-31,61.17018,64.825035,67.36624,65.31659,62.833866,63.214127,60.043575,67.36751,64.89032,65.588776,69.5
T000266,1984-12-31,6.82297,6.6310368,6.666487,7.335024,6.791185,6.6041512,6.5910563,6.5534744,6.79287,6.9079638,6.3
T000266,1985-01-31,6.793639,6.745336,6.8355427,7.96082,6.8755817,6.875478,6.9579573,6.778048,6.7721505,6.932831,6.36
T000266,1985-02-28,6.984196,7.0640273,7.0572977,8.49588,6.874913,6.9744143,7.2498684,6.991272,6.7961884,6.9330516,6.95
T000266,1985-03-31,6.9803843,6.839035,6.8218107,8.217123,6.7301145,6.8869243,6.767148,6.7571363,6.795281,6.9145584,6.61
T000266,1985-04-30,6.945184,6.979223,6.9656677,8.476968,7.0450916,6.993018,7.2942653,6.733518,6.8138866,6.983506,6.98
T000266,1985-05-31,6.9286227,6.924687,6.9710064,8.517514,6.9062514,7.040431,6.9281716,6.949193,6.7931633,7.0095544,6.84
T000267,1985-02-28,2.8210597,2.7762535,2.7393885,3.4232209,2.9263072,2.8127034,2.8988054,2.793202,2.459907,2.7280605,2.6
T000267,1985-03-31,2.856779,2.9425514,2.6342096,3.7347054,3.2129664,2.919482,3.161821,3.0680146,2.4772222,2.6784668,2.76
T000267,1985-04-30,2.865793,2.5890508,2.5865128,3.9008758,2.6383724,2.5905194,2.8570278,2.6526039,2.4780865,2.5774157,2.33
T000267,1985-05-31,2.9215055,2.6522934,2.6521661,3.9763365,2.941743,2.7439632,2.831939,2.70582,2.4881957,2.5914412,2.02
T000267,1985-06-30,2.619924,2.6990764,2.376451,3.7161093,2.9964147,2.6876047,2.9137316,2.746473,2.4450438,2.417486,2.64
T000267,1985-07-31,1.3126167,1.3750565,1.7791148,3.5417378,1.7660967,1.3022616,1.5161738,1.5192115,2.4933054,2.3297317,0.94
T000268,1984-02-29,1.672829,1.7474691,2.040709,2.391714,1.8949507,1.8580383,2.0663126,1.7448246,1.6538832,1.8376707,1.27
T000268,1984-03-31,1.7145938,2.0082917,2.0580723,3.169027,2.0912902,2.1679373,2.3589983,1.8933861,1.6390013,1.8199161,2.13
T000268,1984-04-30,1.7682478,2.0309682,2.1582093,3.7674482,1.9761801,2.1322973,2.7992172,2.07066,1.6257133,1.8433822,1.81
T000268,1984-05-31,1.7923224,1.8929614,2.006321,3.286502,1.806941,1.9402003,2.1528397,1.9719663,1.6505299,1.8177478,1.7
T000268,1984-06-30,1.8196489,1.8223733,2.0453868,3.443511,1.9365156,1.994144,2.1179266,1.9677007,1.6503575,1.7581351,1.52
T000268,1984-07-31,1.8449285,1.8906372,2.1083484,3.6435761,1.8934908,2.077088,2.3334317,1.9798902,1.638514,1.7885276,1.82
T000269,1984-12-31,10.146163,11.032485,10.473068,11.594525,10.185019,10.234064,10.841791,10.793453,9.770003,11.246735,10.47
T000269,1985-01-31,9.778664,10.509149,10.145489,11.425886,10.15614,9.981242,9.344555,9.511174,9.756579,11.054329,9.7
T000269,1985-02-28,9.833956,10.776143,10.358269,13.015336,9.409565,10.209925,10.829733,9.923658,9.716574,11.003499,9.9
T000269,1985-03-31,10.005967,10.817978,11.2502365,12.150994,10.063246,10.456137,11.005469,10.862609,9.710582,10.932926,10.61
T000269,1985-04-30,10.143107,10.566724,9.92772,11.176995,10.6566515,9.654668,10.054025,10.680126,9.701446,10.600014,8.87
T000269,1985-05-31,10.290087,9.810023,9.309712,11.628536,8.442448,8.698858,8.968433,9.7972145,9.772059,10.558678,8.07
T000270,1984-10-31,37.769646,35.53894,39.041435,39.991676,35.431423,35.888382,34.26585,34.858517,40.88109,45.138298,31.0
T000270,1984-11-30,26.124306,27.316792,34.410187,36.599983,26.848324,23.514523,27.63578,25.969574,40.98105,44.366352,25.2
T000270,1984-12-31,44.418037,42.624847,40.12418,44.87411,42.78402,42.55738,38.58175,40.446938,41.69541,44.78569,39.3
T000270,1985-01-31,46.080513,45.592056,44.508057,46.31423,44.6811,44.631306,43.343674,45.253006,41.324593,45.042103,46.6
T000270,1985-02-28,45.538177,40.715897,39.72994,42.09785,41.276134,39.944305,37.70355,42.787506,41.391846,45.319614,35.4
T000270,1985-03-31,44.936554,43.40039,40.83514,44.8078,43.227524,43.271122,40.668697,43.524933,40.854008,46.97191,41.5
T000271,1984-05-31,2.171959,2.229257,2.16212,2.8478236,2.1749465,2.1645958,2.4180493,2.1192956,2.1208966,2.290031,1.88
T000271,1984-06-30,2.2485867,2.1997857,2.2617903,3.4349756,2.3078575,2.279691,2.6094337,2.1629941,2.1299644,2.279558,2.02
T000271,1984-07-31,2.3045514,2.5080364,2.4725614,4.0410705,2.4116404,2.4086988,2.871562,2.2701485,2.1370773,2.3140376,2.62
T000271,1984-08-31,2.3144693,2.470133,2.4687464,3.7363067,2.370117,2.3849666,2.7057915,2.369651,2.1137998,2.309368,2.22
T000271,1984-09-30,2.2984586,2.1896875,2.345058,3.706111,2.4418864,2.3063965,2.5604246,2.2724242,2.1331334,2.210853,1.93
T000271,1984-10-31,2.2802954,2.2294517,2.1499763,3.7997448,2.2975118,2.3802466,2.350158,2.1966445,2.1121387,2.2046874,1.89
T000272,1984-12-31,24.0285,22.503874,23.173553,24.031643,22.532494,22.666842,21.82221,22.564623,22.938702,24.402876,20.9
T000272,1985-01-31,23.580738,23.237732,23.351465,24.45793,23.95775,23.813065,23.265177,23.329517,22.930162,24.400064,21.3
T000272,1985-02-28,22.423126,24.88222,24.638895,25.82006,24.295208,24.719368,24.11091,24.876614,23.031628,24.632977,23.3
T000272,1985-03-31,24.000748,22.685656,23.174322,24.090923,23.072073,22.521433,22.008636,21.452291,23.132355,24.383583,20.4
T000272,1985-04-30,24.64844,23.1554,24.170725,25.13624,24.749651,23.443531,23.105782,21.248098,23.213997,24.60181,23.3
T000272,1985-05-31,24.854248,24.798903,24.324757,25.819227,24.470833,25.229023,24.12542,24.620104,23.002476,24.875538,24.2
T000273,1984-10-31,6.2492695,6.0676665,6.159448,6.7225447,6.3068275,6.4662046,6.495673,6.147863,5.690465,5.8766274,5.33
T000273,1984-11-30,6.371585,5.965169,5.977607,7.108447,6.221931,6.3135667,6.347684,6.1750565,5.653559,5.883935,4.95
T000273,1984-12-31,6.440321,5.767806,6.1055408,7.127551,5.864456,5.8987236,5.9824896,6.11065,5.7035747,5.803608,4.87
T000273,1985-01-31,6.484667,6.05211,6.353901,7.1223865,6.3865294,6.1836443,6.237908,6.1933312,5.7280917,5.737601,5.12
T000273,1985-02-28,6.5482225,6.2712708,6.451269,7.408982,6.678691,6.6215596,6.606856,6.4533234,5.739837,5.978017,5.69
T000273,1985-03-31,6.625024,6.267374,6.190387,7.4783173,6.7289033,6.8556232,6.262155,6.4466124,5.700845,6.0878587,5.74
T000274,1985-02-28,2.911149,2.5780342,2.6308208,3.2968168,2.600082,2.4674628,2.714123,2.6053307,2.5452642,2.6403785,2.34
T000274,1985-03-31,3.0005674,3.0130663,2.5975008,3.725329,3.1512978,2.7851772,3.115231,2.876066,2.552869,2.6546988,3.01
T000274,1985-04-30,3.0609188,2.492023,2.3894694,3.8210802,2.3313682,2.446804,2.606106,2.5445738,2.5841782,2.567658,2.23
T000274,1985-05-31,3.1098871,2.5168812,2.5526323,3.9971967,2.5308194,2.5350893,2.7332773,2.6736176,2.5823822,2.5890877,2.1
T000274,1985-06-30,2.825168,2.8037133,2.486016,3.747818,2.9723759,2.6331022,2.9934814,2.7564785,2.5304835,2.3900979,2.65
T000274,1985-07-31,1.9641675,1.3586767,1.770685,3.5944257,1.3296015,1.352208,1.4385749,1.6561645,2.5740252,2.2500954,1.0
T000275,1984-12-31,9.396121,8.202316,8.146809,8.812972,8.3586645,8.26626,7.8910446,8.246423,8.901581,8.62098,8.04
T000275,1985-01-31,9.40092,8.115814,8.263633,8.910067,8.668391,8.293541,7.9572253,8.692276,8.885909,8.622952,7.71
T000275,1985-02-28,9.0555105,8.687217,8.224031,8.910246,8.861415,8.7349415,7.6844697,9.115719,8.957251,8.616193,8.43
T000275,1985-03-31,9.474659,8.682526,7.843464,9.709493,8.689361,8.742351,8.124295,8.63474,8.96958,8.621502,8.54
T000275,1985-04-30,9.703044,8.853102,8.185321,10.136368,9.121926,8.8750725,9.108917,8.898642,8.985942,8.992804,9.06
T000275,1985-05-31,9.682437,9.272509,8.8541155,10.248669,9.175109,9.083961,8.638053,9.343472,8.928713,9.322067,10.09
T000276,1984-12-31,0.9345372,0.82833445,1.4833335,2.0607958,0.6776024,0.88632655,0.9768684,1.0050263,1.75581,1.6210386,0.67
T000276,1985-01-31,1.9878093,1.9652815,1.8113369,2.8296843,1.7232939,2.0680826,2.1324353,1.8423455,1.7554529,1.6843648,1.7
T000276,1985-02-28,2.1172705,2.152744,2.0495946,3.3446136,1.8244166,2.1126647,2.2335312,1.9427613,1.7981391,1.7205665,1.84
T000276,1985-03-31,2.0929081,1.9122965,1.8155414,3.079444,1.7441032,2.087051,1.9252069,1.8492379,1.7892759,1.7047054,1.46
T000276,1985-04-30,2.062189,2.0463474,2.083714,3.3974624,1.7752763,2.1720753,2.0852175,2.0262637,1.799415,1.757912,1.7
T000276,1985-05-31,2.0356731,2.116877,1.8689196,3.6194582,2.1173244,2.1953168,2.0983877,2.1488829,1.7432721,1.8100189,1.88
T000277,1984-08-31,1.5921369,1.6005688,1.5972506,2.2479162,1.6605408,1.6513969,2.0565612,1.7087277,1.68942,1.5097828,2.04
T000277,1984-09-30,1.5872473,1.4438174,1.4712408,2.7871153,1.6417545,1.5304289,1.7470415,1.3298564,1.7055103,1.5701382,1.77
T000277,1984-10-31,1.6026087,1.4760786,1.4480848,2.914627,1.4620463,1.3281146,1.7510909,1.2770905,1.7189832,1.5261711,1.74
T000277,1984-11-30,1.6247233,1.548336,1.6345855,2.922367,1.6184202,1.652989,1.9652498,1.6995946,1.696462,1.5530379,1.78
T000277,1984-12-31,1.6519796,1.6516588,1.6457165,3.1583912,1.7038624,1.7071778,2.2905233,1.6761732,1.6967628,1.6682284,1.93
T000277,1985-01-31,1.6719087,1.5350866,1.5274129,3.1821892,1.5707605,1.6830325,1.6760118,1.6821553,1.6902106,1.6842102,1.71
T000278,1984-12-31,10.518286,10.686436,10.408752,9.940905,10.21737,10.172669,9.556105,10.401293,10.433862,9.846153,10.1
T000278,1985-01-31,10.766817,10.767934,10.622346,11.52448,10.700084,10.851829,10.417269,10.843573,10.342434,10.002298,10.0
T000278,1985-02-28,10.900335,11.901686,11.690197,12.376557,10.624881,11.103147,11.815247,11.436742,10.373621,9.7838335,11.6
T000278,1985-03-31,10.973023,11.281189,10.995123,11.542,10.112166,10.716144,10.2547455,10.954086,10.415669,9.828116,10.5
T000278,1985-04-30,11.191337,11.637939,11.182729,12.785479,10.806474,11.013723,11.27731,11.157929,10.43048,10.368748,10.7
T000278,1985-05-31,10.8202095,11.540922,10.537153,11.279732,10.636648,11.138362,11.050947,11.055825,10.5144,10.555932,11.3
T000279,1985-02-28,5.0438347,5.1970735,5.3648233,5.961563,5.0510077,5.2439675,5.618669,5.2329245,5.05293,5.3338566,5.1
T000279,1985-03-31,4.999827,5.3880343,5.27991,6.333923,5.4208255,5.3098927,5.7572207,5.385358,5.0534477,5.2706537,5.62
T000279,1985-04-30,4.8876796,4.793213,5.073533,6.463938,4.8714,4.9464817,5.2439265,5.152498,5.02551,5.214872,4.45
T000279,1985-05-31,4.9576197,5.1269927,5.2370815,6.5304728,5.0880694,5.082362,5.6296663,5.3041635,5.054301,5.184281,5.08
T000279,1985-06-30,5.043984,5.1314373,5.1708755,6.4487863,5.0837717,5.2109365,5.5797386,5.295819,5.0379767,5.1279864,4.92
T000279,1985-07-31,5.0583534,5.135084,5.104034,6.6755905,5.0888386,5.129031,5.2920403,5.16751,5.048738,5.1543508,4.82
T000280,1984-12-31,76.225945,74.517204,71.69907,72.536026,69.88547,72.03947,71.369415,76.64816,70.55283,74.62135,76.7
T000280,1985-01-31,77.14442,73.94035,69.793465,69.39413,74.65573,71.8785,66.76292,76.9234,70.73261,73.72532,71.0
T000280,1985-02-28,78.55568,74.66516,72.09492,72.5963,71.04828,71.563034,70.33733,76.713455,70.48065,73.75903,73.1
T000280,1985-03-31,80.075645,74.75648,72.42665,70.36746,73.23228,72.09342,70.1014,76.750496,70.52348,73.154945,68.7
T000280,1985-04-30,81.421875,74.43124,71.602974,67.47421,72.65173,71.34633,68.25426,77.90899,70.54965,71.52829,66.1
T000280,1985-05-31,82.54983,75.40079,71.284,70.62161,79.23216,72.89822,68.7444,76.38648,70.590546,72.0222,66.6
T000281,1983-12-31,1.868934,1.9578593,1.9143398,2.5749307,1.9364371,1.9527395,2.2879436,1.9729178,1.8554667,1.8818071,2.09
T000281,1984-01-31,1.8854856,1.9562799,1.9048365,3.1526792,1.937511,1.977832,2.2392452,1.9226736,1.8699087,1.8786567,1.95
T000281,1984-02-29,1.8930005,2.0483758,1.9491786,3.4720197,1.9761375,1.9420344,2.3687053,1.9752928,1.8522286,1.896748,2.2
T000281,1984-03-31,1.8914641,1.8203969,1.8579019,3.211749,1.6591257,1.7586992,1.95235,1.7852533,1.8503567,1.8983115,1.77
T000281,1984-04-30,1.8906406,1.9652184,1.9201912,3.4273777,1.8900361,1.8693339,2.289189,1.8569661,1.8615097,1.8884201,1.99
T000281,1984-05-31,1.9000754,1.8964024,1.881401,3.4988542,1.8593689,1.978864,2.0222206,1.9791933,1.8487637,1.947616,2.0
T000282,1984-12-31,1.180156,0.7498265,1.3091508,1.8445578,0.78008586,0.89774287,0.8621523,0.8704701,1.57032,1.3571422,0.67
T000282,1985-01-31,1.6741861,1.7632443,1.6040807,2.7408683,1.4816703,1.8351535,2.102209,1.7393663,1.56232,1.4715897,1.62
T000282,1985-02-28,1.8043581,1.8393093,1.7759905,3.028224,1.5482743,1.8305371,2.1343305,1.8109777,1.5904727,1.4994276,1.75
T000282,1985-03-31,1.8084254,1.644423,1.5363152,2.8056188,1.5464233,1.7817596,1.6418597,1.6283612,1.5719416,1.4902284,1.36
T000282,1985-04-30,1.7984759,1.7859153,1.8013502,3.2631931,1.6148912,1.8539826,2.0467684,1.8333274,1.6013255,1.5951539,1.73
T000282,1985-05-31,1.7949368,1.7601653,1.628667,3.3318105,1.6199011,1.8625189,1.8281618,1.7264633,1.5472103,1.6207101,1.74
T000283,1984-08-31,0.7733552,0.84146005,0.7426954,1.4262774,0.7829594,0.8019123,1.0366958,0.8010016,0.7269516,0.79121375,0.89
T000283,1984-09-30,0.8019072,0.7522931,0.7686285,1.921588,0.7478202,0.750292,0.9861252,0.6857675,0.73109865,0.78481954,0.82
T000283,1984-10-31,0.82231444,0.7733209,0.7822958,2.3052404,0.76906323,0.6881902,1.0874954,0.73927397,0.71631706,0.76469314,0.83
T000283,1984-11-30,0.8315184,0.8531467,0.9200034,2.2074294,0.81175166,0.8200203,1.0934855,0.80293924,0.71403617,0.7750139,0.86
T000283,1984-12-31,0.82834697,0.8994526,0.887199,2.30115,0.87676406,0.819265,1.2672896,0.7655763,0.71955293,0.7718343,1.01
T000283,1985-01-31,0.816588,0.70516825,0.6815959,2.3369558,0.75056404,0.7432655,0.774324,0.6480607,0.7217274,0.7921375,0.56
T000284,1985-02-28,0.9403224,0.90501964,0.9305421,1.5595727,0.8719597,0.9059231,1.1855508,0.91677046,0.89244795,0.94502366,0.79
T000284,1985-03-31,0.9404179,0.9506864,0.9381887,1.9689655,0.97312003,0.9365147,1.1498773,0.9663631,0.8976136,0.9307822,0.93
T000284,1985-04-30,0.9402602,0.8965833,0.9093886,2.4062057,0.89823747,0.89762414,1.2444038,0.9282219,0.8915101,0.9391358,0.82
T000284,1985-05-31,0.93982196,0.95149374,0.9442378,2.3425994,0.9471903,0.8984181,1.1851815,0.98926413,0.89538515,0.93559414,0.93
T000284,1985-06-30,0.9460278,0.92153364,0.94758356,2.3746605,0.9669945,0.9301194,1.170363,0.9570227,0.89910775,0.9192245,0.92
T000284,1985-07-31,0.95442617,0.94074184,0.9316763,2.6012757,0.9617067,0.9285508,1.081688,0.9577233,0.8903086,0.9406533,0.9
T000285,1984-10-31,0.87402254,0.92918915,0.9001775,1.5972366,0.8899591,0.9309681,1.2735851,0.9767798,0.9108418,0.9322045,1.18
T000285,1984-11-30,0.8760238,0.8538245,0.83170086,1.953343,0.8071967,0.8400426,0.9802946,0.83556634,0.9018942,0.94425505,0.95
T000285,1984-12-31,0.8919885,0.86034644,0.88667595,2.42875,0.7554057,0.83077115,1.1831366,0.77349377,0.88821965,0.9560802,0.93
T000285,1985-01-31,0.9146128,0.97297776,1.0003458,2.323833,0.8311585,0.9229263,1.2370973,0.9845242,0.888812,0.9681904,1.15
T000285,1985-02-28,0.93662477,0.91364324,0.9311736,2.3109443,0.8339089,0.92270035,1.2307212,0.9524863,0.8831995,0.9414143,0.99
T000285,1985-03-31,0.9485064,0.92914736,0.8633731,2.5596714,0.84816384,0.92374694,1.0941344,0.93033046,0.9054513,0.9605181,0.93
T000286,1985-02-28,8.898326,8.851918,9.073545,9.857591,8.897818,8.847419,9.16342,8.956538,8.918326,9.2684965,8.59
T000286,1985-03-31,8.895243,9.401772,9.304934,10.403551,9.531812,9.152392,9.678011,9.337277,8.952028,9.214281,9.72
T000286,1985-04-30,8.9107065,9.012484,9.090551,10.635853,8.985156,8.924139,9.097705,9.094204,8.917011,9.206133,8.8
T000286,1985-05-31,8.894758,9.18294,9.30981,10.418756,9.289795,8.853324,9.596399,9.33423,8.920631,9.212681,9.1
T000286,1985-06-30,8.720042,8.799388,8.954691,10.253868,8.829852,8.884954,9.339598,9.1002035,8.9119425,8.872851,8.6
T000286,1985-07-31,8.856002,8.615784,8.585783,10.280141,8.709911,8.414882,8.587972,8.677352,8.910863,8.792545,8.2
T000287,1984-12-31,3.9345226,3.859064,3.8483644,4.293008,3.8016522,3.7509897,3.8918896,3.9284525,3.8478544,3.90843,3.82
T000287,1985-01-31,3.9742107,3.9827335,4.012226,4.9667087,4.086943,4.0640383,4.069468,4.121889,3.8486414,3.8977237,3.88
T000287,1985-02-28,4.0418625,4.381586,4.415307,5.6639414,4.125572,4.2099905,4.662301,4.3591385,3.8294516,3.9049013,4.45
T000287,1985-03-31,4.104911,4.225035,4.136194,5.396972,4.0395017,4.145801,4.237064,4.1307993,3.849123,3.9407494,4.12
T000287,1985-04-30,4.1066566,4.044784,4.0265217,5.521249,4.05956,4.0281954,4.1739936,3.9970865,3.845797,3.9202309,3.97
T000287,1985-05-31,3.918701,4.095897,3.8175907,5.3072634,4.095091,4.061191,4.0859776,4.09028,3.861314,3.9745245,4.02
T000288,1984-12-31,1639.0819,1736.2555,1623.3746,1587.3015,1656.4478,1728.4968,1622.4746,1750.23,1727.3943,1608.4528,1710.0
T000288,1985-01-31,1831.7124,1738.6859,1698.6058,1638.1578,1672.8905,1824.058,1625.4028,1837.7777,1730.1353,1727.4216,1660.0
T000288,1985-02-28,1830.7688,1888.1333,1790.7605,1690.0715,1760.5479,1850.1605,1768.3163,1878.7458,1736.2823,1714.8645,1860.0
T000288,1985-03-31,1826.5726,1861.7427,1840.2585,1712.711,1780.5854,1874.1968,1791.9198,1892.404,1723.9387,1748.5864,1810.0
T000288,1985-04-30,1823.4316,1849.5446,1798.8627,1757.0186,1744.3542,1846.1654,1798.4275,1859.3256,1721.6775,1801.1682,1810.0
T000288,1985-05-31,1820.1473,1804.727,1729.5831,1731.2156,1718.0278,1853.6356,1719.0823,1803.4159,1731.7606,1697.7054,1740.0
T000289,1984-10-31,737.4185,699.7729,704.3122,713.6416,762.65204,677.9987,660.16437,690.2805,683.3124,747.9581,651.0
T000289,1984-11-30,743.7686,704.0849,632.6365,698.0266,795.15436,628.93854,697.68713,607.86914,680.8529,748.96796,665.0
T000289,1984-12-31,767.9657,735.02484,715.938,705.8471,721.7754,674.3973,718.0504,716.6111,684.6898,745.7854,626.0
T000289,1985-01-31,786.42847,811.8515,740.44464,682.44006,826.07965,723.1815,837.68726,769.31757,685.4992,735.9446,659.0
T000289,1985-02-28,791.8772,805.522,738.3764,693.2626,912.4355,733.1932,806.35944,828.30963,687.36896,749.796,664.0
T000289,1985-03-31,797.96045,824.45056,709.85034,711.3341,885.06635,747.9975,802.44824,787.74866,682.2319,750.95526,685.0
T000290,1984-12-31,98.31402,97.334526,95.260765,94.39211,93.0079,93.96552,98.33447,97.18982,83.790184,100.54709,80.0
T000290,1985-01-31,96.880486,94.48204,93.06254,90.95461,96.644936,100.60867,96.98367,101.45561,81.71842,100.02782,83.0
T000290,1985-02-28,96.52275,86.679474,85.88767,87.775795,87.38514,83.89979,78.058586,101.02696,82.535675,95.5023,61.0
T000290,1985-03-31,92.88318,75.480225,73.252785,85.97056,79.09351,79.233315,68.8844,93.23428,84.90666,94.424034,67.0
T000290,1985-04-30,85.732925,90.08033,81.431755,88.73734,88.12729,92.97884,93.59346,96.95632,83.46983,100.19387,78.0
T000290,1985-05-31,96.78194,81.23885,90.33218,78.73185,84.899574,85.27983,70.88687,91.09789,84.941505,100.5299,74.0
T000291,1984-08-31,20.779213,20.11623,19.075788,20.050198,17.911652,19.401287,19.353191,20.226599,19.85261,19.029495,24.4
T000291,1984-09-30,20.497755,17.309074,17.517426,17.695099,15.633515,17.1963,15.911262,19.55526,19.89619,18.918526,16.2
T000291,1984-10-31,20.141445,19.77601,19.606756,19.244389,18.784618,18.903715,17.044455,19.129517,20.189255,18.725407,22.1
T000291,1984-11-30,20.72128,19.559582,20.116314,19.484701,19.99474,20.04151,19.34147,19.051796,19.88031,17.93637,18.8
T000291,1984-12-31,20.70055,20.27206,19.061861,19.088764,20.438532,19.441431,18.38373,20.076506,20.03219,18.539154,20.4
T000291,1985-01-31,20.35776,20.847324,17.87439,20.151026,20.910646,20.464935,18.496157,18.766897,19.811644,19.569511,18.2
T000292,1984-12-31,192.57663,199.3919,195.95995,197.8814,196.89569,194.47676,195.92857,199.80806,197.3966,202.69548,195.0
T000292,1985-01-31,194.26355,194.4014,193.3817,197.35414,195.70932,195.46515,190.69757,199.90271,197.20984,202.46594,186.0
T000292,1985-02-28,200.47984,206.66103,205.14458,209.94186,200.95694,202.53392,206.0849,203.00917,197.58334,203.07031,211.0
T000292,1985-03-31,201.63448,201.3371,200.15373,201.87067,198.53876,200.96846,199.51895,200.9992,197.49046,203.0557,193.0
T000292,1985-04-30,201.21931,206.02509,202.33818,202.3818,202.20605,200.78632,206.47432,204.88934,197.78572,202.71104,200.0
T000292,1985-05-31,200.9353,203.35411,198.42126,199.78545,200.5334,204.22429,200.08997,202.68094,197.82988,203.36319,194.0
T000293,1984-12-31,17.607536,17.305117,17.145075,17.615877,16.58794,16.666649,15.936456,17.088625,16.576868,17.462162,13.7
T000293,1985-01-31,17.78647,16.691402,17.491608,18.56485,16.668596,16.719643,16.292944,17.788788,16.680462,17.418047,12.9
T000293,1985-02-28,18.152428,19.492947,19.590637,20.427235,17.524761,17.75484,18.840027,18.866062,16.807783,17.57423,17.9
T000293,1985-03-31,18.603365,19.061148,19.975603,19.665325,16.94045,17.900986,17.649332,18.952826,16.646553,17.681173,16.9
T000293,1985-04-30,18.934439,18.552124,19.506247,19.85541,17.82636,18.029205,17.415752,18.056416,16.83339,17.746002,17.1
T000293,1985-05-31,19.102661,18.02815,18.044735,19.412752,16.37142,18.440735,17.205467,18.694946,16.58997,18.023794,16.5
T000294,1984-12-31,163.95918,143.2496,148.82994,141.66373,148.97118,153.80309,142.76558,146.6924,147.12685,153.6005,143.0
T000294,1985-01-31,165.63516,150.13431,147.45204,144.16664,155.02808,154.01671,139.94687,157.4007,146.21404,152.49472,139.0
T000294,1985-02-28,166.05368,156.95361,156.94781,148.91878,155.43216,163.12677,157.93994,168.97618,144.9928,151.2841,143.0
T000294,1985-03-31,166.78958,162.39694,163.53972,152.53212,159.85002,167.91367,166.03023,154.10762,145.83644,150.8201,167.0
T000294,1985-04-30,163.6105,156.771,154.03406,162.59996,164.4469,163.92632,164.02632,141.36464,146.36838,160.07443,174.0
T000294,1985-05-31,151.13136,159.33995,148.19875,155.09201,165.65282,164.87392,164.88715,166.28696,146.14233,170.1995,179.0
T000295,1985-02-28,76.125786,71.72335,76.53439,79.31243,72.95894,75.157486,71.77736,74.79805,72.746376,81.96024,62.5
T000295,1985-03-31,76.74123,82.38513,78.841736,79.24158,83.425835,83.98649,75.87669,78.04146,72.50999,81.07226,81.8
T000295,1985-04-30,77.464005,76.40541,80.37212,86.981415,76.60186,79.49609,76.9294,72.87309,72.2696,81.663185,74.0
T000295,1985-05-31,78.356476,84.59618,86.361305,81.29696,82.193306,83.89795,87.84273,84.81558,72.56952,80.67849,75.8
T000295,1985-06-30,79.31511,81.299706,87.41515,77.38131,87.22469,85.94316,80.35788,82.7965,72.68086,78.071266,78.3
T000295,1985-07-31,80.1048,75.324745,75.09791,77.09881,78.340096,79.94445,76.319756,74.817635,72.553085,78.60011,62.2
T000296,1984-12-31,112.156425,118.94775,116.98,114.957375,119.667564,115.06408,116.1184,118.791756,106.24591,114.879715,120.0
T000296,1985-01-31,109.404816,110.56735,111.462875,116.37661,115.755035,115.36506,112.64188,113.64155,106.787796,113.96294,107.0
T000296,1985-02-28,107.01769,117.03179,112.04446,111.17386,112.99893,107.22856,114.24527,113.56901,106.19631,113.54399,116.0
T000296,1985-03-31,105.19784,103.29331,108.500534,104.13492,101.832436,100.09067,96.104256,102.411095,106.335724,111.55668,93.0
T000296,1985-04-30,105.78693,117.11674,114.87661,111.58585,118.38395,110.10331,115.57216,110.9895,106.69806,112.517426,115.0
T000296,1985-05-31,107.98224,107.58208,108.40669,105.86092,109.784225,112.74173,102.74161,108.70247,105.85595,115.58855,103.0
T000297,1984-12-31,78.905876,79.18967,75.178825,79.90469,82.41151,75.1137,79.3067,83.82533,82.09077,80.980774,104.9
T000297,1985-01-31,79.11248,72.06971,71.81503,77.361626,76.300354,72.39441,62.48041,74.01224,82.09124,81.79259,83.6
T000297,1985-02-28,78.74543,76.33872,69.67762,73.18423,79.46859,69.92145,65.25294,73.96187,81.48452,80.56674,90.4
T000297,1985-03-31,77.705185,73.65802,74.53755,77.68462,85.72901,75.85464,68.29587,79.88545,81.3683,81.835556,83.4
T000297,1985-04-30,73.8076,77.122246,70.94793,75.99539,84.5389,74.60996,82.86732,77.447205,80.99829,81.17896,93.2
T000297,1985-05-31,70.54086,68.067184,71.92637,69.208176,77.92857,71.00205,55.617073,76.60312,82.50587,80.683075,70.7
T000298,1985-02-28,57.69623,61.05473,60.23214,59.313297,57.81391,58.807854,56.672535,57.475227,54.053387,58.270058,50.1
T000298,1985-03-31,57.496155,58.57853,58.345127,57.571224,56.72783,56.601166,52.702225,55.23754,53.948616,58.008278,44.3
T000298,1985-04-30,57.526733,63.521824,61.798378,63.475204,57.42937,61.114227,57.61535,55.50796,54.502678,58.43638,52.0
T000298,1985-05-31,57.738155,60.573215,60.433228,57.717537,57.18727,56.528908,54.453716,54.108994,54.57777,57.551197,47.4
T000298,1985-06-30,58.404797,59.548603,60.491615,57.892483,60.25328,59.58754,52.36113,59.736786,54.701984,58.38958,45.5
T000298,1985-07-31,59.340385,67.586334,62.504715,63.740738,65.751564,66.39312,60.95093,62.04442,54.30431,59.730618,58.0
T000299,1984-12-31,551.4383,579.52924,560.7405,557.58356,578.82837,558.55865,577.84906,583.8127,529.54224,569.4873,577.0
T000299,1985-01-31,539.11426,536.1055,528.5834,528.1553,543.6624,534.43164,511.3897,555.0121,528.13947,566.0419,512.0
T000299,1985-02-28,527.05145,533.19543,520.62646,546.4683,514.9521,511.67654,520.74774,539.1686,527.5818,564.32825,512.0
T000299,1985-03-31,518.2452,513.9249,517.39075,528.0854,507.50058,497.85974,501.75424,521.1738,531.1132,557.4976,504.0
T000299,1985-04-30,524.7187,533.33655,522.4239,522.57935,537.11536,508.11853,519.94946,536.0979,528.6762,563.5347,524.0
T000299,1985-05-31,534.2648,534.11993,531.23004,532.9559,547.65265,537.5969,519.0591,538.4989,531.5185,568.45,520.0
T000300,1985-02-28,33.869774,34.378708,32.670464,36.27348,31.149727,34.14756,30.772367,35.169617,32.063725,34.790085,36.7
T000300,1985-03-31,34.47537,35.625694,32.949284,35.171658,34.562943,33.629074,32.405937,35.70768,31.643808,34.636528,35.2
T000300,1985-04-30,34.983814,35.933506,36.08775,34.653625,34.151733,33.985126,31.836966,34.36665,31.563753,34.898808,36.0
T000300,1985-05-31,35.282257,35.45685,35.708168,33.405697,32.609447,34.309982,34.565113,33.663193,31.572884,34.57272,31.1
T000300,1985-06-30,35.282238,34.345726,31.922085,30.927958,32.817776,32.836544,36.463837,34.629837,31.453817,32.439774,33.4
T000300,1985-07-31,34.803036,31.833971,28.806122,30.093246,30.073042,30.11895,28.262707,29.141287,32.01682,32.664867,25.8
T000301,1984-08-31,507.39038,540.1913,495.28458,497.04425,501.59918,504.27478,496.56317,476.40472,417.03772,489.3373,389.0
T000301,1984-09-30,503.43237,520.33685,509.41864,542.3788,490.95886,529.90344,488.54938,453.29816,416.81598,481.20355,471.0
T000301,1984-10-31,489.56534,554.2528,518.25055,578.0865,548.7584,515.38586,550.9154,471.9495,413.5061,487.24695,507.0
T000301,1984-11-30,465.71442,552.00964,523.86304,502.5515,535.34546,498.27704,499.77878,510.94672,412.4736,480.50348,461.0
T000301,1984-12-31,441.35483,451.96094,505.31714,465.65298,516.5521,496.4104,411.73016,481.58905,415.62598,450.15192,355.0
T000301,1985-01-31,445.818,444.42236,466.4976,446.2712,499.4198,515.14795,465.62732,465.08456,413.90356,449.8048,364.0
T000302,1984-12-31,282.19482,290.0586,369.72766,389.81174,276.4853,276.5401,299.95004,291.8426,417.23047,414.72406,282.0
T000302,1985-01-31,433.01044,425.5369,410.08713,420.7746,427.06857,439.093,417.31888,421.54852,419.09012,420.9244,409.0
T000302,1985-02-28,448.39227,447.34464,440.61252,418.3535,429.2846,452.84338,410.23203,451.2726,422.09183,425.8917,410.0
T000302,1985-03-31,444.06152,451.5655,441.3485,435.80707,437.92987,452.64886,448.44205,461.80466,419.57352,431.07825,434.0
T000302,1985-04-30,439.05313,450.08328,451.5041,441.84485,448.77115,457.648,451.56494,464.16815,421.069,433.36038,421.0
T000302,1985-05-31,434.72617,442.75916,426.157,444.0825,437.22437,452.73398,428.36774,458.5045,415.29895,436.74188,429.0
T000303,1984-10-31,266.43646,361.94653,387.73187,424.34164,278.92737,392.371,341.98987,341.00168,496.91537,443.9868,293.0
T000303,1984-11-30,141.53036,225.87152,340.17587,376.79037,286.11877,268.59723,278.85934,221.10678,495.00833,443.1958,186.0
T000303,1984-12-31,330.3144,331.58997,371.16516,377.99176,229.42633,356.47333,277.36304,350.53156,511.47217,430.85687,293.0
T000303,1985-01-31,533.23956,536.2182,527.92334,489.11566,498.19324,531.2628,504.59924,540.7057,507.78394,441.80338,519.0
T000303,1985-02-28,588.72394,609.71674,562.5978,561.3528,579.8787,629.8321,612.9503,655.5242,511.7498,529.3028,596.0
T000303,1985-03-31,606.1911,660.3024,569.4322,592.24286,581.40845,634.3427,604.6,685.2103,501.35202,599.92834,647.0
T000304,1985-02-28,411.16742,391.43604,395.12808,390.89767,386.32657,389.80762,382.31497,403.76825,393.159,407.38358,352.0
T000304,1985-03-31,404.8966,415.96542,399.99332,385.50717,422.92578,408.34927,387.21722,423.22693,394.50162,402.9866,413.0
T000304,1985-04-30,393.80035,371.87955,388.534,407.59384,390.72678,375.35114,366.12158,358.90814,393.59918,404.64005,364.0
T000304,1985-05-31,400.78,401.27954,406.0225,401.27213,408.3817,380.2486,398.63214,413.01147,396.2623,404.36642,383.0
T000304,1985-06-30,409.72543,404.8561,430.64874,408.7205,425.08694,415.15952,386.31668,427.1764,396.48462,406.19733,414.0
T000304,1985-07-31,413.87088,414.11258,412.1981,424.72083,425.52765,406.9945,407.69006,433.6378,393.00946,416.83096,420.0
T000305,1984-12-31,453.83405,442.1134,570.3721,607.22784,540.8109,514.4725,428.67883,451.2554,815.0715,579.8215,397.0
T000305,1985-01-31,426.78937,457.66733,615.8364,598.2774,423.73105,598.83075,508.51065,442.64145,805.09503,626.3502,412.0
T000305,1985-02-28,569.1317,601.2423,623.155,563.135,454.12756,713.2967,508.73724,612.4016,834.4113,607.1543,573.0
T000305,1985-03-31,788.2091,795.8688,803.0494,747.5205,746.19055,870.1441,712.3098,733.1087,828.9774,661.4818,717.0
T000305,1985-04-30,915.3948,1014.67175,907.911,931.2047,878.98505,1073.5269,979.0313,1003.9047,836.8306,845.41785,1050.0
T000305,1985-05-31,1007.06726,1093.9983,935.6039,1005.1968,1035.2523,1063.9624,979.96313,1093.1273,819.7768,934.89526,1135.0
T000306,1985-02-28,58.313774,72.75051,84.82326,82.14505,74.285286,75.238686,76.96469,76.48577,90.45071,85.280525,59.5
T000306,1985-03-31,87.835106,94.06377,87.46822,94.16461,90.373604,99.89344,99.53782,93.3871,89.58511,86.96819,94.0
T000306,1985-04-30,95.02192,86.00746,89.5594,89.4982,85.6509,93.923195,91.33211,93.666214,90.35482,86.51732,80.5
T000306,1985-05-31,97.65233,88.0238,89.52985,87.06658,89.83299,88.9589,92.02755,96.26875,90.97701,86.84669,78.2
T000306,1985-06-30,97.76792,103.53721,101.99837,101.88099,102.66412,109.15227,111.06081,110.68598,91.41945,92.31545,100.8
T000306,1985-07-31,96.796616,105.7113,95.4673,100.97613,100.12889,108.47772,111.46406,114.21126,89.897446,95.7736,105.4
T000307,1984-12-31,653.0315,674.35486,724.9684,753.93414,650.05457,641.13214,664.8809,650.5953,810.11035,813.5338,607.0
T000307,1985-01-31,615.4299,683.6739,729.1349,738.0676,599.60547,708.9361,689.1794,644.8496,810.70844,814.6867,638.0
T000307,1985-02-28,819.80035,806.36707,801.0727,788.99524,807.9217,820.16864,760.68414,783.39813,817.70905,822.166,786.0
T000307,1985-03-31,865.05365,839.69727,819.4315,821.0782,838.00836,844.73944,813.0033,832.92926,814.6357,823.0831,798.0
T000307,1985-04-30,873.8162,898.6348,858.15314,867.6192,861.55493,894.1383,902.7662,894.69464,821.3525,855.6906,905.0
T000307,1985-05-31,872.85706,890.2529,854.0074,889.7701,864.4989,894.07825,881.20715,921.04877,809.91284,892.7716,907.0
T000308,1985-02-28,202.14836,196.78207,196.49023,207.66489,207.2708,209.54889,191.7477,204.50287,220.96193,195.21605,158.0
T000308,1985-03-31,241.04715,241.02866,230.81451,241.61272,236.52077,236.78503,224.81158,228.09593,221.5898,212.03458,203.0
T000308,1985-04-30,256.74063,249.97139,248.5225,216.02036,241.303,247.30112,208.17923,246.57642,224.3065,210.48367,211.0
T000308,1985-05-31,264.9052,263.43176,262.53305,233.5893,255.7978,254.73169,252.08731,255.63306,223.64551,221.9091,228.0
T000308,1985-06-30,266.94547,259.258,248.76555,242.9568,255.3525,262.9794,252.60924,262.6313,222.50067,234.53851,222.0
T000308,1985-07-31,265.8902,270.4124,246.29584,234.25821,258.91864,272.29935,245.88809,259.64728,221.88206,223.72382,241.0
T000309,1985-02-28,598.64703,586.24884,592.2854,606.8284,589.3797,574.17584,557.33606,616.63477,609.03314,658.7523,566.0
T000309,1985-03-31,593.6338,619.92236,605.03503,590.88995,643.91534,634.2952,583.65314,656.40656,612.1775,653.8563,564.0
T000309,1985-04-30,625.66125,643.7015,658.6454,643.2494,633.9559,648.3828,586.57947,633.5996,610.75305,658.92126,637.0
T000309,1985-05-31,635.1861,653.67615,674.7664,627.7258,652.6698,653.39435,677.4275,663.0766,609.2839,655.46356,651.0
T000309,1985-06-30,639.0244,639.5683,648.4218,605.9042,646.54974,645.35876,602.04034,651.0301,613.8826,650.5616,603.0
T000309,1985-07-31,642.7684,640.1474,606.2222,607.1606,644.90094,642.9804,610.5126,620.3114,607.4497,654.9176,588.0
T000310,1985-02-28,386.3125,372.5656,382.01672,376.48987,386.76923,381.66855,380.66513,392.0785,369.10968,385.44595,388.0
T000310,1985-03-31,391.72086,391.01675,375.99216,378.38446,433.82462,388.5787,399.36255,406.0717,369.8582,380.98062,440.0
T000310,1985-04-30,399.27975,377.76785,379.89743,373.30582,392.40656,381.1099,391.92438,400.76413,367.54657,378.05997,358.0
T000310,1985-05-31,405.82037,384.50735,385.93243,366.3304,382.95108,381.6413,403.16318,395.12872,369.70523,375.5316,352.0
T000310,1985-06-30,403.91364,377.18848,388.34326,349.24258,395.50256,385.39352,378.65378,406.30847,367.17114,355.7042,357.0
T000310,1985-07-31,400.04916,373.58588,359.86655,357.7649,379.85037,372.16876,374.0646,387.87982,369.07425,353.17892,331.0
T000311,1985-02-28,1007.45996,996.7428,1025.0963,1025.9183,965.38245,1029.4708,991.17114,1000.7062,951.7414,1041.7769,949.0
T000311,1985-03-31,1011.9906,1034.6019,1055.69,1050.8308,1048.337,1058.9426,1044.5609,1046.9287,953.0436,1023.3988,1083.0
T000311,1985-04-30,1017.60297,1019.35236,1053.0104,1007.09174,994.7315,1054.2733,1049.6765,1106.5883,942.3016,1014.07074,904.0
T000311,1985-05-31,1019.8096,1041.6404,1072.4087,1043.8495,1046.4584,1053.1096,1112.2772,1089.8949,946.73,1020.55676,1061.0
T000311,1985-06-30,1021.1257,1005.12604,1009.0067,984.58716,1000.3303,1001.87286,1045.4106,1047.4458,947.7825,987.03503,950.0
T000311,1985-07-31,1027.2883,975.84,974.42694,962.5914,985.536,953.9166,990.95624,966.7312,948.8788,989.344,881.0
T000312,1984-12-31,1270.7657,1251.8134,1234.4066,1232.7609,1233.0334,1231.8606,1222.7853,1251.5494,1250.3647,1247.7129,1257.0
T000312,1985-01-31,1272.5092,1181.614,1215.8855,1222.6023,1196.6127,1200.6675,1166.1388,1239.8691,1253.0873,1248.3723,1155.0
T000312,1985-02-28,1274.4166,1293.0631,1277.8387,1270.8955,1289.9497,1261.1532,1296.1635,1280.8159,1255.4513,1252.0651,1329.0
T000312,1985-03-31,1272.4579,1246.9746,1271.3198,1252.7715,1253.4171,1263.9923,1233.2811,1254.9067,1251.0071,1250.5121,1234.0
T000312,1985-04-30,1271.145,1284.7577,1267.3969,1273.0763,1289.9567,1249.2482,1285.9224,1263.0192,1255.1984,1260.9885,1305.0
T000312,1985-05-31,1277.2046,1231.6189,1238.9117,1259.0664,1245.2526,1252.7957,1236.8035,1265.27,1252.6991,1275.5708,1261.0
T000313,1985-02-28,216.67535,226.30812,213.91666,220.74979,224.31058,218.47754,207.36272,227.18068,186.9647,210.87128,171.0
T000313,1985-03-31,221.70917,225.49507,215.87244,221.78214,224.18195,230.69421,227.74976,227.43677,187.51006,209.3682,178.0
T000313,1985-04-30,227.47443,226.16644,224.30176,210.04628,220.02802,210.34145,203.09048,220.16295,188.4857,205.00458,179.0
T000313,1985-05-31,226.91418,237.87451,244.68034,209.74391,232.36005,222.34476,217.98677,228.62251,187.79613,206.6567,180.0
T000313,1985-06-30,194.71527,214.74287,216.41005,199.56165,233.16391,217.09378,212.6982,204.35551,187.09909,204.06213,190.0
T000313,1985-07-31,184.4678,158.7132,177.68677,172.25706,177.50044,189.51436,154.4168,157.55003,188.20215,200.02565,122.0
T000314,1985-02-28,855.4559,793.53424,806.48413,821.2621,800.37976,811.59314,789.7436,811.84503,813.30066,850.3664,753.0
T000314,1985-03-31,853.3652,847.609,806.8339,827.26904,845.7216,826.3439,836.3421,841.1523,812.13196,846.5122,868.0
T000314,1985-04-30,830.52637,791.9068,792.61285,817.5148,812.3382,806.04736,761.98505,793.3187,813.04803,849.93146,798.0
T000314,1985-05-31,808.80347,785.40857,763.21826,804.93744,753.1654,733.8628,780.1345,798.6963,815.65894,844.2775,759.0
T000314,1985-06-30,835.3926,764.89923,791.0391,795.22,759.76666,768.08234,775.786,801.45416,814.77344,836.31537,748.0
T000314,1985-07-31,851.61334,824.59607,788.1315,804.65015,841.8495,819.3864,805.4793,829.2721,813.13,838.9361,820.0
T000315,1985-02-28,1999.0344,1991.9872,2016.5321,1975.3416,2007.1576,2027.8885,1987.151,2053.27,1961.5955,2084.2732,1954.0
T000315,1985-03-31,1992.5305,2058.0,2037.0457,2054.4407,2057.4841,2070.6677,2083.8618,2102.8142,1950.6224,2063.5737,2107.0
T000315,1985-04-30,2000.1154,1948.1355,2054.261,2012.024,1824.1953,1978.3258,1934.4878,2014.5664,1944.2234,2035.6146,1882.0
T000315,1985-05-31,2022.2913,2051.6785,2092.6204,1972.4517,2077.7676,2022.4797,2170.9263,2119.6396,1961.1691,2024.1132,2008.0
T000315,1985-06-30,2035.5354,2049.8726,2105.5527,2012.7423,2172.2852,2075.0664,2119.6665,2182.7004,1956.6871,2044.773,1920.0
T000315,1985-07-31,2030.4232,2076.686,2007.5808,1880.0874,2142.5815,2038.4624,2082.4753,2104.454,1959.6307,2065.2915,1983.0
T000316,1985-04-30,383.10687,419.96973,402.0129,405.1271,409.83307,412.77353,415.16785,398.40363,369.09274,376.37213,407.0
T000316,1985-05-31,387.40323,383.6663,406.79926,400.85147,376.43222,398.15878,387.89667,395.75244,369.5256,374.72556,369.0
T000316,1985-06-30,391.24185,390.14648,397.7066,391.62878,391.002,396.11496,389.57645,398.19955,368.96503,370.5312,365.0
T000316,1985-07-31,394.3308,408.83856,421.99075,400.1463,393.4415,402.30554,419.91498,400.86765,366.57083,371.12518,405.0
T000316,1985-08-31,361.68713,356.91537,363.18417,363.34055,363.1527,375.29962,375.28174,375.66708,365.7855,355.72345,346.0
T000316,1985-09-30,304.94302,312.49216,345.9161,361.58884,332.60852,323.21643,327.55118,308.5999,368.78796,349.2752,297.0
T000317,1984-12-31,504.93298,541.37524,516.54297,515.36017,517.299,534.2542,525.1435,510.53662,451.21155,506.62213,454.0
T000317,1985-01-31,504.26498,509.4331,495.87115,501.20224,498.37582,532.7101,514.8668,510.11545,449.44998,506.49268,414.0
T000317,1985-02-28,506.07236,529.88055,518.4614,495.74658,500.76147,526.88513,509.81628,521.30145,452.6921,499.67664,419.0
T000317,1985-03-31,508.84048,537.9417,514.75,488.6256,512.43823,523.31506,501.23886,500.02753,453.5227,498.21585,411.0
T000317,1985-04-30,512.47485,499.14264,500.76538,471.0757,527.0585,532.17175,500.09515,507.40808,451.21793,505.65045,418.0
T000317,1985-05-31,516.4812,490.19772,493.05896,468.3496,513.39734,553.0952,497.43887,481.5845,454.49783,502.04416,407.0
T000318,1984-06-30,21.096329,21.897585,21.543867,21.894283,21.485462,21.953136,21.788254,21.334396,20.210646,21.14461,20.2
T000318,1984-07-31,21.07615,21.04395,20.852156,22.356985,21.258394,21.515064,21.079914,20.642426,20.160696,21.080885,19.5
T000318,1984-08-31,21.130661,21.911919,21.514341,22.945055,21.642082,21.724607,21.496288,21.096754,20.253225,21.021906,20.1
T000318,1984-09-30,20.944752,21.68917,21.617157,22.243793,21.206882,20.964298,21.206732,21.293081,20.205141,20.993647,19.8
T000318,1984-10-31,20.520618,19.506578,20.64963,21.972103,20.690773,20.72545,20.644985,21.199091,20.223177,20.974426,18.0
T000318,1984-11-30,21.208885,21.433655,20.860756,22.26648,22.265976,22.296938,21.49887,21.478664,20.218798,21.002718,20.2
T000319,1985-02-28,5.768994,5.5681367,5.897544,6.551707,5.8296137,5.6289735,5.9177284,5.6790123,5.9509916,6.0543847,5.51
T000319,1985-03-31,5.9659348,6.0380006,6.0212274,7.0891314,6.084203,6.039686,6.195062,6.0371027,5.957475,6.0428295,6.06
T000319,1985-04-30,6.0670877,5.9744534,6.056201,7.5183673,5.9875607,6.054184,6.163599,6.030504,5.9600153,6.060391,5.88
T000319,1985-05-31,6.0648513,6.053144,6.0783296,7.4161377,6.0570107,6.051538,6.3692064,6.0782824,5.958186,6.058344,6.07
T000319,1985-06-30,6.0509915,5.901905,6.04989,7.4673314,5.9630322,6.0478797,6.2888393,6.01085,5.962703,6.031302,5.84
T000319,1985-07-31,6.0411615,6.037781,5.9754086,7.652648,6.0738335,6.0279627,6.1305113,6.0679507,5.942893,6.0537224,6.02
T000320,1984-06-30,22.101732,22.30758,22.509296,22.612099,22.407486,22.064087,22.37969,21.950457,21.311275,21.942415,19.8
T000320,1984-07-31,22.22774,22.04775,22.367674,23.86721,21.750605,22.051266,22.332817,21.694933,21.455313,21.80181,20.4
T000320,1984-08-31,22.407446,22.687128,23.697071,24.140976,21.966818,22.534374,22.576324,22.417385,21.436867,21.932938,22.1
T000320,1984-09-30,22.663307,22.813105,24.592941,23.92078,22.644964,22.138664,22.788317,23.012737,21.340746,22.10065,22.3
T000320,1984-10-31,22.986153,22.059969,22.765602,23.997072,21.616497,22.046982,22.005802,21.429043,21.467367,21.91624,20.3
T000320,1984-11-30,23.239805,22.815126,22.08813,23.371311,21.748194,23.300787,22.102554,22.912254,21.30582,22.148779,22.3
T000321,1984-10-31,21.408096,21.69532,20.36917,21.888237,21.796436,21.645447,22.05834,21.916508,20.430824,21.665226,23.0
T000321,1984-11-30,21.613905,21.680712,21.264425,22.850191,21.8114,21.228298,21.400854,21.64547,20.263721,21.402674,22.7
T000321,1984-12-31,21.81816,20.868711,21.016161,22.902443,20.351192,20.650688,20.5776,21.666483,20.010998,21.050602,20.6
T000321,1985-01-31,21.984606,21.797935,21.917902,22.98556,21.807974,21.477554,22.579218,21.969976,20.169025,21.27526,22.8
T000321,1985-02-28,22.075716,21.278687,21.422163,23.000341,21.145452,21.45381,23.043777,21.829788,20.097692,21.376795,21.8
T000321,1985-03-31,22.10177,21.390604,20.914446,21.973831,21.331537,21.32661,21.668694,21.752024,20.375772,22.033123,21.4
T000322,1984-12-31,18.187521,16.8402,16.964916,18.395002,17.912657,17.734623,18.42334,17.549042,16.70915,18.564432,15.7
T000322,1985-01-31,17.893919,16.057564,16.397432,18.076723,17.287853,17.005188,16.826702,17.823332,16.751688,18.478235,15.7
T000322,1985-02-28,18.355017,17.109175,17.131887,19.296862,17.505556,17.278006,17.843178,18.339783,16.750196,18.52495,16.6
T000322,1985-03-31,18.645853,17.290226,17.621284,19.01082,18.364744,17.593296,18.468008,18.726727,16.756742,18.6682,16.2
T000322,1985-04-30,18.732948,17.891623,17.863213,18.683641,19.450195,18.083374,18.503279,19.314476,16.791569,18.59732,16.5
T000322,1985-05-31,18.783598,17.755058,17.325388,18.945862,18.989779,18.524433,18.400461,18.921421,16.776434,18.602781,16.7
T000323,1984-06-30,13.109272,12.254581,12.35143,12.153973,12.277127,12.947821,11.313786,12.138176,12.519752,12.575726,12.2
T000323,1984-07-31,12.148366,11.305865,10.890413,12.1970215,11.4993725,12.0746765,11.475863,12.471974,12.27675,12.63922,11.3
T000323,1984-08-31,11.566178,12.1763315,11.577093,13.353863,11.420369,12.7393465,12.980708,13.261702,12.455635,12.48409,11.8
T000323,1984-09-30,13.109933,11.747577,11.363218,11.662971,13.563051,12.890494,11.233867,10.730747,12.595846,11.848429,8.5
T000323,1984-10-31,13.365445,12.721159,13.215117,13.9787655,13.411017,13.223592,11.929084,12.214858,12.659602,12.89312,13.4
T000323,1984-11-30,13.349889,14.162901,12.924099,14.772093,14.422109,13.8110075,14.69724,13.636839,12.532965,13.585425,14.7
T000324,1984-10-31,3.059731,3.0374982,3.0773244,3.6746097,3.1019146,3.1537147,3.2829616,2.990485,2.914684,3.1191847,2.6
T000324,1984-11-30,2.8982065,3.0527027,2.9873247,4.1395607,3.2270584,3.044229,3.304628,3.0450804,2.9038062,3.1166744,2.67
T000324,1984-12-31,3.1092067,2.758944,2.992559,4.372547,2.8640072,2.82133,3.1071715,2.8494704,2.9059253,3.0747037,2.46
T000324,1985-01-31,3.265692,3.2217364,3.3185,4.4893317,3.3630812,3.13512,3.4019632,3.2325263,2.9086413,3.0581567,3.07
T000324,1985-02-28,3.3088775,3.295445,3.2948158,4.626432,3.4742188,3.2851229,3.588461,3.106322,2.9162002,3.179303,3.24
T000324,1985-03-31,3.3259768,3.2123852,3.1195416,4.7047796,3.4839287,3.2469368,3.22344,3.133003,2.8999019,3.236975,2.96
T000325,1984-12-31,41.961895,41.020924,41.47711,41.660507,40.887997,39.93481,36.894836,41.742073,42.37236,40.553055,37.0
T000325,1985-01-31,41.840866,40.995598,41.840668,44.374413,41.588787,45.43091,42.775658,43.396683,41.639034,41.318493,36.5
T000325,1985-02-28,44.75115,46.102833,44.291924,46.623657,43.548637,45.10347,48.331726,42.709957,42.45198,41.273552,46.8
T000325,1985-03-31,46.698963,34.95998,38.357204,39.0268,42.844772,38.139915,34.97177,35.38599,42.706734,40.11202,26.7
T000325,1985-04-30,47.32697,44.79648,44.987995,46.61325,44.637882,46.192043,44.901875,45.465324,43.137894,42.288,43.7
T000325,1985-05-31,47.21409,47.09252,44.356636,46.478687,43.411526,48.20405,46.698593,48.030945,42.581814,43.672333,45.7
T000326,1984-12-31,12.610726,11.516056,11.354107,12.230703,9.738575,10.915406,10.936949,12.044636,10.1843195,13.459162,11.7
T000326,1985-01-31,11.782298,11.667409,9.695235,11.684353,9.736246,11.245986,11.111554,11.437424,10.148336,13.22052,11.1
T000326,1985-02-28,10.331998,11.056376,10.101855,11.986597,9.696637,10.788794,10.916385,11.928497,10.028445,13.263556,9.3
T000326,1985-03-31,9.719859,10.818506,10.04388,10.768463,9.295151,10.974965,10.545899,9.836169,10.254002,12.799696,7.7
T000326,1985-04-30,11.019675,12.575823,11.512156,11.286497,10.224387,11.543864,11.463856,12.282713,10.2136545,12.989225,11.0
T000326,1985-05-31,11.86318,11.817357,10.562394,12.014041,10.836284,11.282357,10.972304,11.834679,10.157251,13.257082,9.5
T000327,1984-04-30,56.661213,57.011402,55.625706,57.11482,56.677727,57.706127,60.255238,57.796555,56.131126,55.326187,61.7
T000327,1984-05-31,58.66317,54.616993,52.173355,56.335693,55.882065,55.352283,55.845684,57.7914,55.960457,55.26592,59.2
T000327,1984-06-30,60.050396,49.84774,50.21926,52.32818,52.530758,48.731888,53.386536,49.986347,55.858284,54.244488,50.6
T000327,1984-07-31,61.077602,57.79036,56.33034,56.50128,59.192345,56.675453,62.869232,58.521137,56.00542,54.647717,57.5
T000327,1984-08-31,61.592323,57.83077,56.10498,56.48428,59.174046,57.66213,62.00075,62.51075,55.72678,56.233143,57.3
T000327,1984-09-30,61.341568,56.456177,55.24612,57.648052,59.48406,57.268776,60.02466,61.19041,56.13191,57.260815,59.4
T000328,1984-10-31,0.87307054,0.80068094,0.6982326,1.4165523,0.881982,0.84773004,1.174263,0.97879964,0.8039232,0.69708145,0.9
T000328,1984-11-30,0.94456846,0.71339846,0.76207507,1.7233372,0.7291952,0.8163013,0.8783447,0.9681237,0.8124766,0.7009776,0.49
T000328,1984-12-31,0.96620166,0.82069397,0.8646628,2.2503526,0.875319,0.8419086,0.9940113,0.8687444,0.81515217,0.70590186,0.84
T000328,1985-01-31,0.96737814,0.80300593,0.8670303,2.1794271,0.919003,0.8093552,0.931301,0.8917595,0.81503457,0.7826746,0.72
T000328,1985-02-28,0.96503705,0.8391012,0.8303004,2.2959151,0.9401536,0.87756056,1.0486449,0.9522295,0.80896926,0.8597572,0.88
T000328,1985-03-31,0.95664585,0.9509342,0.93503344,2.5621443,1.0505955,0.9145117,1.0351881,0.9879448,0.81839675,0.9195902,1.11
T000329,1984-09-30,6.7100763,7.303605,8.261348,8.998398,7.063092,7.6371775,8.761526,7.693242,10.086645,9.087607,11.08
T000329,1984-10-31,6.8592124,7.476136,8.66061,9.743364,7.498172,7.9181,8.911769,7.7566423,10.221851,10.288893,11.67
T000329,1984-11-30,7.357481,7.525266,8.73074,9.733988,7.684182,7.7009764,8.727859,7.9586782,10.09931,10.275112,11.51
T000329,1984-12-31,7.850236,7.090998,8.631391,10.471728,7.154071,7.300201,8.827367,7.748583,10.033333,10.522265,11.02
T000329,1985-01-31,8.124343,6.681801,8.057577,10.760502,7.2928896,7.5784016,9.11018,6.96723,9.994678,10.8111,11.01
T000329,1985-02-28,8.274634,7.378901,8.589991,11.193712,7.931399,8.062929,8.214715,8.17588,10.166199,9.889444,11.45
T000330,1984-12-31,16.478834,17.197704,16.465284,16.998804,16.020212,16.438547,16.237846,16.833723,15.746483,16.339872,16.2
T000330,1985-01-31,16.865862,17.005287,15.926772,17.581839,16.283804,16.463999,15.340179,17.041765,15.568321,16.625795,16.2
T000330,1985-02-28,17.264334,18.145912,17.492973,19.073719,15.939555,17.087221,17.262884,17.508244,15.479778,17.057951,18.3
T000330,1985-03-31,17.320988,17.148922,17.222557,17.261232,15.608572,16.352629,15.373635,17.709265,15.496402,17.145182,17.1
T000330,1985-04-30,17.099813,17.425232,17.386686,17.50929,16.953524,16.696098,17.799805,17.215366,15.503233,16.872486,17.8
T000330,1985-05-31,16.514786,16.86594,15.774128,17.322216,15.471876,17.37992,17.244553,17.035109,15.628032,17.267712,16.4
T000331,1984-02-29,5.7355413,5.4340134,6.6315503,7.808484,5.4549913,6.715804,6.768845,5.837361,7.20534,7.83229,4.53
T000331,1984-03-31,7.5350914,7.0388255,7.792213,8.44753,7.136358,8.075865,7.72246,8.71129,7.186165,7.8124995,5.67
T000331,1984-04-30,8.649504,9.096695,9.48536,10.3795595,9.121325,9.150055,9.079652,9.059571,7.2442245,8.009656,8.77
T000331,1984-05-31,8.810627,8.978558,9.570888,10.556046,8.75626,9.405001,9.840253,9.698635,7.174697,8.248789,8.65
T000331,1984-06-30,8.792248,8.056891,8.437544,9.667051,8.644394,8.915532,8.27173,9.343506,7.210919,8.005481,7.03
T000331,1984-07-31,8.77445,8.317617,7.577035,9.4283,8.344053,9.192867,8.8884535,8.59783,7.198794,8.103978,7.37
T000332,1984-10-31,10.761019,9.998331,9.76835,10.525319,10.0957985,10.29491,10.664669,10.128483,10.297067,10.085297,9.9
T000332,1984-11-30,10.836517,8.854108,8.883932,10.542091,10.090215,8.1628065,9.033652,9.106539,10.4668865,10.182917,8.6
T000332,1984-12-31,10.898317,9.971384,9.895796,10.940676,10.388053,10.115506,9.838068,9.897602,10.371552,10.199073,9.9
T000332,1985-01-31,10.938062,11.931961,11.891029,12.985113,12.716336,11.257807,12.595171,11.896574,10.207171,10.9384365,13.9
T000332,1985-02-28,10.899466,10.628159,10.419099,12.15535,11.313014,11.054908,11.276526,10.734739,10.275822,11.187192,10.3
T000332,1985-03-31,10.860553,11.381166,9.933737,12.5176325,12.514705,10.963282,11.798111,10.86159,10.337737,11.281735,11.6
T000333,1984-08-31,472.8753,537.3727,472.24887,494.70386,506.23987,512.6018,467.14267,512.6575,448.05643,501.07217,496.0
T000333,1984-09-30,418.88312,561.39307,460.30978,498.57257,556.78143,513.06,556.8618,545.2483,435.2962,501.02344,405.0
T000333,1984-10-31,264.32452,272.81287,372.452,379.73425,243.31488,186.43451,286.16705,318.6474,442.2429,453.47852,161.0
T000333,1984-11-30,471.67947,447.9642,447.71,388.91534,441.79553,419.2318,433.84964,452.90503,445.6747,420.43222,393.0
T000333,1984-12-31,504.00253,590.9918,526.2633,504.4538,630.4231,567.6124,619.73047,538.8493,444.77,512.57367,570.0
T000333,1985-01-31,500.77274,499.53317,491.97546,447.02875,546.2752,510.50323,445.82303,499.69086,440.42136,536.06647,394.0
T000334,1984-07-31,386.4134,403.45297,417.58582,420.76328,424.49838,397.44968,458.23364,388.9123,454.4306,402.41995,573.0
T000334,1984-08-31,389.07205,385.16605,428.257,407.88013,422.78043,385.03586,398.53842,385.40704,454.85587,430.5644,500.0
T000334,1984-09-30,393.0747,370.2208,384.77414,343.23718,408.58783,376.65067,351.08652,369.3314,454.2445,424.02756,462.0
T000334,1984-10-31,398.9109,372.2013,392.15857,383.31363,367.35712,371.01068,373.3037,354.78958,451.50275,433.17023,432.0
T000334,1984-11-30,404.5247,390.9461,399.2887,401.77475,417.32947,387.46155,428.39117,395.39075,450.00476,456.27576,471.0
T000334,1984-12-31,407.3321,407.30777,459.4531,423.87195,455.0722,408.97546,416.63147,398.10663,456.42703,446.86276,512.0
T000335,1983-12-31,2107.567,2090.7102,2081.9841,1973.6185,2012.0248,2162.597,2120.5115,2051.0637,1943.9128,2023.4984,2088.0
T000335,1984-01-31,2028.7725,1999.133,1909.2012,2115.3914,1883.6719,1948.8293,2113.2375,1659.5734,1929.3213,2008.0575,2100.0
T000335,1984-02-29,2050.8818,1739.6462,2001.2737,1980.9546,1519.1487,1687.5413,1802.9955,1692.9435,1913.9423,1956.4048,1750.0
T000335,1984-03-31,2198.8572,2269.739,2162.6777,1987.3268,2171.8862,2083.2273,2277.5725,2268.8901,1919.9788,1950.5391,2300.0
T000335,1984-04-30,2213.3528,2317.8245,2326.0432,2073.9104,2443.5928,2272.1033,2483.3694,2314.287,1917.2759,2025.838,2155.0
T000335,1984-05-31,2176.4558,2392.9028,2110.4688,1923.881,2444.585,2277.4487,2505.7021,2175.346,1927.8497,2103.3115,2015.0
T000336,1983-11-30,5948.795,6951.601,6682.7295,6254.6353,6330.5044,6650.1187,7214.328,6681.2905,6132.4043,5473.327,9000.0
T000336,1983-12-31,5928.318,5816.3535,5469.0674,5890.641,5644.7715,5906.7783,5408.88,5846.7725,6123.3105,5645.736,6587.0
T000336,1984-01-31,5892.7407,5220.0186,5287.385,5096.284,5571.372,5495.789,5630.5146,5477.4424,6128.738,5399.3984,5464.0
T000336,1984-02-29,5785.63,6384.339,6379.784,5707.4053,6599.032,6434.6826,6319.7173,6199.7217,6088.013,5476.6045,6147.0
T000336,1984-03-31,5735.043,5748.756,5833.5557,5570.093,5672.154,5917.0806,5594.324,6047.5454,6029.01,5850.5156,6365.0
T000336,1984-04-30,5709.5215,5911.9497,5777.6343,6257.532,6037.601,5902.63,5927.621,6159.9185,6185.1807,5933.971,6368.0
T000337,1983-12-31,314.3908,230.90723,236.7255,270.27106,260.5037,286.58978,165.40729,286.05438,300.0788,266.0844,192.0
T000337,1984-01-31,319.2716,356.87625,283.1038,330.54807,344.56146,320.22638,420.75482,310.6574,295.03802,316.49445,442.0
T000337,1984-02-29,293.34402,192.46214,291.85297,233.1564,222.81827,206.69058,193.34387,222.03772,296.7044,309.6614,331.0
T000337,1984-03-31,271.60117,308.8001,379.48395,285.9887,330.5753,298.84906,364.40143,297.79538,298.16394,313.738,189.0
T000337,1984-04-30,295.0224,333.33856,441.00922,339.42453,341.6401,365.37695,351.6765,306.183,296.7858,332.8938,484.0
T000337,1984-05-31,283.0198,281.0782,224.56776,259.48502,348.40497,309.65167,289.12302,292.69348,296.7618,304.7886,212.0
T000338,1984-02-29,467.80353,405.82526,342.34274,504.9926,467.5083,413.37973,454.8474,374.74475,425.31906,380.69778,370.0
T000338,1984-03-31,511.99493,401.25983,392.7148,447.50446,482.0528,369.21576,418.35843,384.079,436.35635,368.51382,303.0
T000338,1984-04-30,555.7377,438.27606,408.9464,345.38678,405.53043,375.333,158.80728,457.40588,443.66702,366.112,280.0
T000338,1984-05-31,594.2035,447.61722,475.11084,337.51334,569.90186,401.60065,437.02045,418.86038,437.21466,402.38962,344.0
T000338,1984-06-30,616.0966,458.58228,446.0249,345.28033,503.9988,439.14236,512.2795,453.43692,435.2756,384.46872,325.0
T000338,1984-07-31,618.3414,483.53305,485.07187,323.0656,613.0459,517.01697,282.42264,412.66394,433.8457,411.159,337.0
T000339,1984-04-30,1597.6642,1416.4407,1473.2103,1541.1417,1243.9822,1584.8153,1518.1488,1387.6835,1893.7089,1518.7408,1376.0
T000339,1984-05-31,1572.1378,1453.7627,1538.1831,1553.9807,1135.3081,1440.79,1349.3524,1674.9805,1969.1132,1620.0568,1604.0
T000339,1984-06-30,1464.187,1409.2345,1559.461,1458.6936,1251.5371,1496.526,1277.1647,1181.5256,1964.2961,1641.5042,1580.0
T000339,1984-07-31,1588.0883,1922.4346,2110.6274,1856.114,1624.376,1752.521,2123.7642,1952.2104,1929.8497,1785.1904,2554.0
T000339,1984-08-31,1736.5138,1662.2957,1782.0476,1938.326,1525.7473,1851.3259,1710.2543,2015.0782,1949.0504,1994.9578,1976.0
T000339,1984-09-30,1730.0732,1891.7988,1929.2773,2135.4065,1648.7926,1785.8203,1886.6038,2116.8308,1899.1018,2066.9817,2549.0
T000340,1984-08-31,19.711658,19.634445,19.463228,20.009645,20.649586,19.482885,19.334837,20.071089,20.759363,19.530802,21.1
T000340,1984-09-30,19.21357,19.884295,19.024637,21.169598,20.668806,19.84541,20.296968,20.481592,20.619972,19.811535,20.9
T000340,1984-10-31,17.449926,19.093422,18.456242,20.334772,20.32898,19.368387,18.830486,19.236439,20.793713,19.644209,20.8
T000340,1984-11-30,15.220562,17.50093,17.097168,19.337837,18.065754,17.860222,17.052069,17.612144,20.82311,19.560648,17.6
T000340,1984-12-31,19.24094,19.360006,19.266575,21.067497,20.32094,19.623133,20.797976,20.224916,20.881647,20.13727,19.4
T000340,1985-01-31,20.035923,20.23809,19.706436,21.025984,21.463682,20.276543,19.559847,21.19555,20.827131,20.350056,22.1
T000341,1985-02-28,23.647173,23.9903,24.13564,25.06457,23.659027,24.335554,24.324219,23.902338,23.516935,23.72703,20.7
T000341,1985-03-31,24.62593,25.098982,24.508896,26.236576,24.842884,25.913439,24.290041,24.619184,23.521463,23.771605,23.6
T000341,1985-04-30,25.528416,24.634167,24.938473,27.124315,23.333115,25.014908,24.652632,23.928074,23.58884,23.883104,23.1
T000341,1985-05-31,25.681614,25.348728,25.850348,25.530535,24.654503,25.343758,25.475628,25.97824,23.59846,23.999502,22.9
T000341,1985-06-30,25.555313,25.648708,26.112661,26.560879,24.965736,26.752636,25.762566,27.111813,23.61251,24.05728,23.5
T000341,1985-07-31,25.360378,25.989199,25.37092,26.4962,25.906776,26.957802,25.992577,27.096296,23.494747,24.25188,24.6
T000342,1984-06-30,16.484278,17.469385,16.279604,18.333447,18.104668,18.068052,19.69442,18.167974,15.78383,16.57624,18.9
T000342,1984-07-31,17.081497,16.909248,16.29629,17.722548,17.840443,17.76752,19.186762,18.831718,15.682887,16.531631,17.1
T000342,1984-08-31,17.527185,16.860645,16.743008,17.82085,17.329006,17.183556,19.053339,17.823645,15.656741,16.519938,18.5
T000342,1984-09-30,17.967094,15.155621,14.906796,17.20215,14.391289,16.5901,17.128586,16.824862,15.641689,16.344227,13.5
T000342,1984-10-31,18.213951,13.59818,13.400277,15.366044,15.225333,14.048444,15.582461,16.897942,15.574574,14.983516,12.4
T000342,1984-11-30,17.98575,14.320606,13.598047,15.412818,16.739124,16.049583,16.072668,14.531985,15.874853,14.713722,12.2
T000343,1985-01-31,6.642455,6.0839334,5.6557317,6.806979,6.2082057,5.828246,5.472899,6.005474,6.3008523,6.2394986,6.08
T000343,1985-02-28,6.449088,5.963352,5.1462355,7.1874022,5.8959603,5.5278835,5.477741,5.7256365,6.2855625,6.265471,5.79
T000343,1985-03-31,6.125701,6.0522428,5.2257,7.07466,5.9268193,5.490584,4.90941,5.4051723,6.321908,6.208279,6.11
T000343,1985-04-30,6.330069,6.0739794,5.64891,7.473242,6.416778,5.775085,5.5237017,6.1803036,6.3095503,6.272966,6.2
T000343,1985-05-31,6.6061854,6.1501217,5.3238387,7.5279155,6.3787994,5.7572103,6.3070407,5.8810587,6.31854,6.3714533,6.4
T000343,1985-06-30,6.5402527,6.0582614,5.150297,7.299261,6.3516383,5.8901677,4.806657,6.0973926,6.3175964,6.3970904,6.07
T000344,1984-02-29,12.147275,12.597683,11.809117,12.267419,11.981609,12.353994,11.438463,12.990221,13.932414,11.062809,12.8
T000344,1984-03-31,12.441306,12.55991,11.779444,13.6704235,11.7539835,12.174645,12.077675,12.711178,13.9080925,12.2035,11.9
T000344,1984-04-30,13.172646,13.777091,12.861279,12.055739,13.188944,13.230241,12.38552,14.402855,14.128275,11.705272,12.2
T000344,1984-05-31,14.195828,14.942841,14.034175,14.368614,14.5028515,14.513815,14.374482,14.249852,13.955067,12.514313,15.4
T000344,1984-06-30,14.733304,15.412625,13.024996,15.834415,14.444024,15.148669,15.694387,14.937721,13.982613,14.361292,15.7
T000344,1984-07-31,14.889286,15.280942,14.040203,15.519949,14.708679,15.112323,14.648383,15.2136755,14.033882,14.116417,16.3
T000345,1984-12-31,8.696102,8.000105,8.47662,8.914853,8.939731,8.585458,10.160875,8.281184,8.223133,7.7758155,6.95
T000345,1985-01-31,9.271695,8.074081,9.410307,8.884527,10.065834,9.071664,9.917813,9.3996,8.16084,7.9287295,7.3
T000345,1985-02-28,9.61489,8.455668,8.655499,8.473864,9.901064,8.642018,9.192499,9.811861,8.2409115,7.80901,7.12
T000345,1985-03-31,9.695287,7.5632257,8.004428,9.872562,9.00387,7.929309,8.034856,9.187975,8.209546,8.029526,7.52
T000345,1985-04-30,9.608906,8.841742,8.562242,10.280989,10.56407,9.40047,10.879703,9.59425,8.255753,8.579382,9.9
T000345,1985-05-31,9.427525,8.824902,10.0268345,10.511333,11.72636,9.393508,10.676754,9.065286,8.224919,8.8394575,8.53
T000346,1984-12-31,25.389557,22.826176,23.076054,22.423414,29.229252,19.822922,14.815406,25.466572,28.09986,23.928236,29.6
T000346,1985-01-31,27.61622,26.47733,25.403774,27.000393,30.786913,27.471046,28.026058,26.745003,27.918745,25.45657,29.5
T000346,1985-02-28,30.89529,28.565546,29.794918,28.506256,28.093334,27.372395,30.886784,27.124748,28.33505,25.037193,33.7
T000346,1985-03-31,31.637188,26.54856,26.275455,22.8681,27.463743,27.43511,24.258724,27.30005,27.880709,24.05626,27.0
T000346,1985-04-30,31.435907,29.13154,30.538326,29.816946,30.870623,28.988144,30.823961,27.608585,28.180935,26.44999,33.0
T000346,1985-05-31,31.068426,28.61064,27.453943,28.11832,29.128439,28.351494,27.097456,27.187607,27.604452,27.184605,28.8
T000347,1984-02-29,43.487682,41.196163,43.7884,40.113914,39.874702,38.984253,37.24592,41.79654,48.5103,39.12295,46.6
T000347,1984-03-31,43.486076,40.63638,40.031567,43.311817,39.98941,38.953247,40.418114,41.549034,50.51773,39.922207,45.5
T000347,1984-04-30,42.55361,44.478394,40.15299,36.33175,45.001034,40.923695,38.03521,44.86741,50.623024,40.862694,49.5
T000347,1984-05-31,39.83081,42.596085,41.333702,39.281807,42.551582,36.102417,35.74866,39.107323,49.82169,42.42854,47.7
T000347,1984-06-30,39.04858,37.26708,42.0994,45.7499,43.77901,34.779568,35.06339,40.582413,50.80879,45.115845,40.8
T000347,1984-07-31,41.56073,48.583485,46.618202,50.222984,49.08693,43.355534,42.043514,46.76109,48.829136,49.20078,64.0
T000348,1984-12-31,104.086555,97.13542,90.37022,87.80627,98.88081,92.17974,90.809616,93.58797,97.33416,90.17091,98.3
T000348,1985-01-31,110.235825,95.222824,99.30622,94.70221,102.67579,95.51769,88.68368,100.279335,96.42989,96.63553,96.4
T000348,1985-02-28,112.74453,114.79967,117.56536,109.08388,110.29182,107.12012,116.49652,109.61154,95.26885,98.61329,132.2
T000348,1985-03-31,114.724525,106.91646,112.754456,99.04892,102.386154,104.93448,105.16968,102.24753,95.594345,102.267914,113.7
T000348,1985-04-30,117.41907,107.1266,107.44706,112.26129,105.30015,106.530106,109.91998,107.728455,95.779564,109.12213,116.6
T000348,1985-05-31,115.68306,113.93408,103.89107,100.485214,120.57294,110.996864,123.47305,110.303635,97.1085,110.60894,129.9
T000349,1984-02-29,38.800755,39.216537,39.21053,39.100803,38.298454,38.04099,38.351177,39.136375,36.272797,37.024155,37.7
T000349,1984-03-31,39.128952,37.839962,36.774128,39.6783,37.133343,36.458145,38.609917,37.537514,36.569782,36.51352,36.2
T000349,1984-04-30,39.860683,37.794487,36.681858,35.933132,37.67989,35.766838,34.860878,39.377193,36.614937,35.87474,33.9
T000349,1984-05-31,39.29761,38.262943,38.53419,39.100033,37.490746,35.9528,37.648647,38.757694,36.49225,36.57074,36.7
T000349,1984-06-30,33.159233,32.89917,33.64215,35.849022,32.39478,32.041107,36.139656,35.164394,36.407753,35.072895,30.4
T000349,1984-07-31,36.388477,33.92171,32.267624,34.66441,34.623398,32.511787,32.026672,31.887993,36.617928,34.656254,30.0
T000350,1984-12-31,57.49559,57.387234,52.489395,56.722023,54.77985,56.9467,56.70855,55.963734,51.805164,51.54891,46.5
T000350,1985-01-31,60.12455,56.079506,57.227505,57.21937,54.91272,57.477444,53.71335,60.073326,50.567387,53.335426,47.2
T000350,1985-02-28,62.382874,64.18816,65.77058,64.841095,62.71105,61.834236,64.77921,64.17233,51.18939,54.237194,61.6
T000350,1985-03-31,64.647125,60.40036,63.93974,59.553555,62.155376,60.677692,61.60948,63.018867,51.103443,55.61438,53.7
T000350,1985-04-30,66.797455,60.561493,58.4584,59.86738,63.956078,61.862988,61.24439,63.66725,50.723576,56.617672,54.5
T000350,1985-05-31,65.92068,63.577705,58.609512,57.16936,61.2825,66.352394,65.669136,64.779434,51.61627,57.553333,57.8
T000351,1984-06-30,7.250161,7.935254,7.7867813,8.549714,7.578176,7.693306,8.259462,7.8930907,6.8776894,7.923365,7.8
T000351,1984-07-31,7.1377215,6.139106,6.351262,7.907113,6.5370865,5.599655,5.582347,5.444228,6.823378,7.679196,6.4
T000351,1984-08-31,7.17844,7.255127,6.8756523,9.056246,6.758414,6.941273,7.686377,7.1761074,6.770339,7.757983,6.5
T000351,1984-09-30,7.36552,8.091447,7.7781343,9.071202,7.6972446,7.5909376,7.6667085,8.133645,6.801259,7.756866,7.5
T000351,1984-10-31,7.5796,7.6942654,7.1530046,8.15368,7.5595465,7.478103,7.1320534,8.1315775,6.796384,7.551567,6.6
T000351,1984-11-30,7.5843897,8.009934,7.0868974,9.1275215,7.7468905,7.824298,8.091903,8.158103,6.87708,7.929551,7.1
T000352,1984-12-31,6354.603,6455.0264,6600.462,6658.858,6164.525,6280.8496,6436.492,6403.583,6945.0825,6579.9756,6176.0
T000352,1985-01-31,6342.0796,6386.0493,6636.3525,6610.4,6240.254,6580.015,6452.4146,6418.643,6962.7534,6599.3936,6138.0
T000352,1985-02-28,6821.077,6794.3833,6801.1,6686.962,6673.0415,6860.3057,6674.404,6666.783,7012.2134,6634.3726,6717.0
T000352,1985-03-31,7184.6914,6748.141,6831.7896,6710.579,6909.3037,6772.584,6718.3413,6817.8184,7003.1313,6620.1963,6466.0
T000352,1985-04-30,7496.799,7391.526,7189.3306,7153.2373,7427.3276,7419.441,7229.407,7526.093,7039.4844,6917.251,7312.0
T000352,1985-05-31,7745.124,7755.4185,7382.9834,7562.8154,8100.587,7579.414,7508.426,7905.0625,6942.7515,7227.027,7763.0
T000353,1984-08-31,3029.0095,3008.0386,3004.25,3003.739,2998.2751,2951.076,2882.6306,2993.3386,3132.2666,3015.7478,2863.0
T000353,1984-09-30,3171.3274,3187.7334,3128.2234,3133.8765,3168.235,3201.1294,3113.0615,3139.6396,3132.4905,3124.8467,3255.0
T000353,1984-10-31,3248.1877,3199.5742,3140.0352,3002.913,3030.75,3105.491,3048.875,3231.366,3139.0942,3116.0808,3173.0
T000353,1984-11-30,3280.5754,3120.454,3176.4062,3085.3865,3020.8132,3125.5164,3040.2358,3184.0264,3136.781,3154.8628,3003.0
T000353,1984-12-31,3288.978,3283.1794,3209.4172,3220.437,3145.8801,3230.4316,3296.5159,3241.2957,3138.4475,3212.6023,3375.0
T000353,1985-01-31,3289.0483,3105.895,3085.016,3082.332,3066.0623,3142.8599,2989.553,3167.2515,3130.1323,3140.9553,3151.0
T000354,1984-10-31,4258.813,4201.34,4284.9414,4212.2646,4410.3555,4296.939,4396.765,4289.561,3930.08,4269.565,4177.0
T000354,1984-11-30,4263.3447,4223.9375,4194.741,4151.659,4499.377,4289.966,4185.575,4380.935,3917.2615,4202.718,4200.0
T000354,1984-12-31,4239.766,4002.8735,4191.4043,4111.0703,4101.171,4205.3647,4123.3833,4277.3145,3882.2278,4181.418,3751.0
T000354,1985-01-31,4199.621,4233.1426,4294.3057,4203.237,4459.365,4249.324,4370.151,4314.117,3896.176,4173.8936,4305.0
T000354,1985-02-28,4164.8174,3988.1047,4155.1455,4031.31,4330.824,4187.122,4166.4644,4153.1997,3903.488,4122.7793,4000.0
T000354,1985-03-31,4120.8193,4005.877,4075.4407,4058.3455,4244.9834,4112.6196,4217.8345,4143.307,3913.859,4209.74,3879.0
T000355,1985-02-28,2725.416,2650.388,2718.6562,2729.5203,2654.808,2711.0427,2647.91,2603.9968,2496.7593,2835.1448,2401.0
T000355,1985-03-31,2493.1147,2690.2786,2634.1802,2714.0752,2729.389,2718.8486,2772.3176,2717.6785,2484.0212,2826.7185,2598.0
T000355,1985-04-30,2364.9744,2411.171,2539.212,2635.1492,2425.0732,2461.0464,2498.153,2421.3044,2508.7683,2800.9495,2334.0
T000355,1985-05-31,2306.6104,2391.5886,2477.501,2550.1562,2394.362,2320.9011,2434.48,2515.3975,2503.8655,2770.4688,2299.0
T000355,1985-06-30,2211.0593,2230.3723,2441.4338,2471.1245,2496.6755,2353.3193,2446.778,2445.163,2497.2192,2778.4062,2150.0
T000355,1985-07-31,2251.1963,2358.5193,2408.9517,2424.3037,2616.1052,2470.2346,2458.1738,2448.189,2505.688,2759.1362,2288.0
T000356,1984-10-31,30335.973,31242.066,29130.48,28544.016,30865.822,30594.258,30371.324,30926.098,26376.639,28185.85,29467.0
T000356,1984-11-30,30523.32,31844.295,29261.959,29380.908,31751.564,30663.27,30396.719,30874.709,26225.074,27811.715,30850.0
T000356,1984-12-31,29434.63,28552.389,28727.06,28696.355,28833.41,28730.115,28685.793,29301.537,26032.307,27452.176,26600.0
T000356,1985-01-31,27808.162,29082.28,28128.846,27315.314,29432.166,28722.896,29353.379,29352.1,26179.848,27093.584,27487.0
T000356,1985-02-28,26442.945,26415.1,27453.148,26324.887,27575.33,28021.049,26591.709,27668.605,26108.635,26148.25,25057.0
T000356,1985-03-31,25510.938,26199.473,26045.502,25359.076,26528.21,27592.629,26856.89,26612.596,26291.803,26211.035,24179.0
T000357,1984-12-31,6472.346,6499.242,6295.6885,6184.826,6441.6826,6489.285,6333.269,6515.0625,5566.5884,6499.085,6197.0
T000357,1985-01-31,6199.988,5885.1445,5972.6514,5947.1836,5994.36,6194.736,5813.308,6142.7646,5540.38,6439.0977,5445.0
T000357,1985-02-28,5806.773,6097.3022,6143.374,6176.552,5811.47,5975.0825,6042.805,6150.0015,5526.383,6380.968,5698.0
T000357,1985-03-31,5404.7373,5672.144,5950.842,5860.3457,5730.0264,5858.036,5594.882,5870.571,5556.027,6329.52,5428.0
T000357,1985-04-30,5225.3896,5451.9414,5523.565,5538.5234,5434.865,5370.012,5517.8657,5548.961,5543.192,6320.4116,5107.0
T000357,1985-05-31,5077.483,5117.7983,5440.312,5281.035,5339.9272,5530.1523,5315.2056,5327.097,5591.8936,6287.615,4914.0
T000358,1984-09-30,2180.2288,2166.8828,1964.5325,2095.7256,1990.2706,2045.5066,2093.6584,2218.8066,1890.2175,2067.3655,2189.0
T000358,1984-10-31,2214.75,2307.853,2110.647,2151.4094,2102.6868,2088.8713,2167.001,2205.723,1853.1846,2084.854,2381.0
T000358,1984-11-30,2155.596,2150.3643,2115.5498,2109.5457,1831.4,1954.5042,2014.4655,2116.7822,1837.5757,2081.172,2133.0
T000358,1984-12-31,1983.9712,2046.147,2091.5833,2052.19,1921.3726,1976.5,2086.442,2072.859,1852.374,2086.2302,1991.0
T000358,1985-01-31,1711.5132,1912.8503,1820.8505,1878.674,1875.4053,1842.2295,2059.3132,1875.2482,1824.1578,1917.3492,2038.0
T000358,1985-02-28,1501.9209,1608.8608,1550.2914,1606.2633,1491.1943,1505.6705,1587.1324,1528.4224,1884.8875,1861.5027,1425.0
T000359,1984-12-31,3227.6653,3307.938,3254.1597,3085.3645,3152.211,3121.4907,3231.5405,3263.9653,2690.3164,3074.3267,3242.0
T000359,1985-01-31,3125.919,3071.2297,3050.803,3055.1116,3080.651,3020.0464,3043.5686,2957.8733,2657.5674,3026.4243,3116.0
T000359,1985-02-28,2889.9365,2942.4849,3012.5789,2933.7598,2746.6438,2714.7637,2979.7407,2946.9714,2641.6758,2939.2842,2700.0
T000359,1985-03-31,2551.152,2486.7244,2670.2527,2720.251,2415.9973,2636.3652,2438.2502,2570.2014,2691.9746,2884.8892,2231.0
T000359,1985-04-30,2341.1675,2565.1116,2568.109,2618.4993,2710.9412,2536.3691,2715.226,2626.6643,2653.314,2842.8452,2420.0
T000359,1985-05-31,2133.1926,2117.8994,2530.2786,2325.6238,2367.6367,2280.9507,2218.9543,2336.4185,2716.629,2830.7283,2100.0
T000360,1984-05-31,377.29373,419.82632,432.7293,409.96252,433.61847,437.30865,441.7814,423.9646,357.1338,457.10928,365.0
T000360,1984-06-30,376.75275,414.9764,400.69675,392.93588,433.91467,444.0366,401.05774,429.75897,350.47662,455.23105,353.0
T000360,1984-07-31,376.45605,372.8949,391.85236,406.08957,369.55356,370.6538,391.24838,408.69806,347.26282,453.89725,313.0
T000360,1984-08-31,373.53894,335.85876,364.88977,365.66382,347.4961,342.87747,332.1596,344.22504,357.2791,444.3479,273.0
T000360,1984-09-30,373.4658,435.3587,407.9661,397.78848,465.19977,448.072,411.81775,428.3869,353.64215,464.39285,407.0
T000360,1984-10-31,384.5764,439.21356,438.99234,397.5821,462.154,475.1723,452.49603,434.72125,354.76822,474.1335,404.0
T000361,1984-03-31,1191.2535,1245.04,1166.212,1122.1877,1257.5579,1190.3855,1230.1019,1219.8507,983.2233,1071.9371,1189.0
T000361,1984-04-30,1228.4482,1285.3635,1140.2689,1132.5006,1327.7917,1215.5327,1190.9286,1220.7096,973.00385,1059.1864,1247.0
T000361,1984-05-31,1179.1594,1201.9451,1179.6682,1148.4419,1191.1804,1133.7881,1191.1735,1185.2632,963.2221,1063.0593,1136.0
T000361,1984-06-30,1061.23,975.92633,971.914,1036.3723,973.6283,1020.4387,963.6304,1041.4392,969.12225,1045.7667,952.0
T000361,1984-07-31,946.57764,782.2862,800.10974,908.3821,771.31195,758.3027,816.17847,868.9914,958.47723,920.4218,717.0
T000361,1984-08-31,871.96814,907.40094,880.0116,915.44275,919.2028,939.0688,930.9262,887.2229,982.389,904.2772,862.0
T000362,1984-07-31,320.54608,328.573,328.55817,344.22955,316.7572,301.85257,330.1274,314.38635,272.2329,354.65186,298.0
T000362,1984-08-31,277.58615,279.1145,275.5926,319.04135,287.3166,277.46356,310.93628,281.1102,272.17145,350.10056,256.0
T000362,1984-09-30,250.55493,252.77025,267.20316,288.2272,250.4374,228.94032,253.74916,249.12941,271.87622,340.0453,224.0
T000362,1984-10-31,235.39877,246.65211,291.77295,289.95923,259.49615,250.06313,257.89536,263.66046,273.39197,341.09207,226.0
T000362,1984-11-30,220.77933,234.33028,264.49216,269.42267,288.92554,254.98901,293.45834,238.98215,271.88474,344.0514,232.0
T000362,1984-12-31,211.7972,213.44717,243.8372,248.96608,252.72585,244.62459,232.21414,227.97011,276.85193,340.85318,200.0
T000363,1984-05-31,894.3797,897.56604,865.9782,844.4959,878.9049,876.00714,905.2367,899.4788,745.87897,876.48895,851.0
T000363,1984-06-30,852.9079,848.97723,813.4296,828.9269,881.7611,869.5799,853.3507,873.5964,743.4964,864.2739,820.0
T000363,1984-07-31,786.2067,815.823,804.6538,831.7747,807.17926,786.0433,825.91626,840.35315,738.8256,856.4512,776.0
T000363,1984-08-31,712.63116,674.78735,702.99884,750.89594,655.1254,689.6868,684.52686,727.0057,749.2057,840.9761,618.0
T000363,1984-09-30,671.91785,679.1808,686.343,719.34595,695.0194,635.2754,709.7242,737.40717,743.59796,829.98663,624.0
T000363,1984-10-31,623.7946,691.5092,713.87134,680.93567,759.40576,762.9009,705.84924,735.6238,755.5208,828.0733,658.0
T000364,1984-07-31,333.10754,322.54926,273.1652,297.1165,335.0133,303.35284,276.74136,331.65173,305.7833,333.63812,376.0
T000364,1984-08-31,337.64017,329.57693,285.63266,287.28705,346.0116,309.37994,287.53964,337.53912,304.77313,327.7099,381.0
T000364,1984-09-30,347.16782,327.7307,292.69888,284.19922,302.2443,300.6634,274.64883,330.36868,300.15338,323.668,341.0
T000364,1984-10-31,357.47202,330.50748,287.05438,284.9453,293.31836,307.7466,288.9414,337.3742,301.38724,317.37738,329.0
T000364,1984-11-30,365.25363,331.73145,277.4103,254.82767,296.59637,303.90125,287.2436,339.24203,300.7432,290.7513,286.0
T000364,1984-12-31,369.76907,326.0234,274.99103,254.13156,317.62546,298.6946,251.54825,313.11157,304.36496,289.8018,252.0
T000365,1984-05-31,14190.991,11984.057,13605.433,14111.713,11670.133,11804.577,12210.5625,12330.844,13887.225,15528.338,10494.0
T000365,1984-06-30,14295.682,14413.344,13858.974,14214.256,14125.489,14652.894,14257.34,14172.635,13984.652,15510.188,12602.0
T000365,1984-07-31,15048.444,15066.83,14983.124,14519.311,15375.322,14707.217,13782.512,14459.982,14082.268,15489.103,13848.0
T000365,1984-08-31,15374.366,15023.085,15542.434,14782.187,15115.26,15206.947,14922.443,15084.171,14052.934,15465.027,13351.0
T000365,1984-09-30,15459.01,15119.375,15164.702,14358.367,15215.936,15040.724,14399.24,14597.123,14095.68,15493.816,13970.0
T000365,1984-10-31,15497.579,13669.089,13448.347,13816.512,13800.447,13940.466,12742.074,14178.705,13919.215,15432.07,11941.0
T000366,1984-03-31,25553.47,27171.94,27160.084,26229.646,26065.174,27478.125,26190.184,27002.889,26307.568,25101.371,23089.0
T000366,1984-04-30,27835.88,25986.477,26550.867,26573.984,26086.926,25676.5,25250.2,24745.553,26062.074,25236.943,21494.0
T000366,1984-05-31,29560.164,28105.168,28988.457,27499.584,26829.809,27559.414,27101.902,26368.053,26414.049,25076.803,24456.0
T000366,1984-06-30,30030.406,29844.287,30575.07,27164.451,29920.578,28812.867,28506.766,29497.215,26345.99,25000.08,26802.0
T000366,1984-07-31,30020.303,29093.676,29443.02,28714.262,29375.004,30277.236,28152.4,30245.977,26449.383,26493.059,25738.0
T000366,1984-08-31,29911.662,31795.15,29404.11,28814.557,31897.22,32053.273,30965.057,31147.537,26326.033,27549.691,30178.0
T000367,1984-07-31,14071.974,15572.7295,14786.42,14854.66,14845.808,15050.859,16035.256,15484.375,14502.046,14779.221,15479.0
T000367,1984-08-31,14296.018,15470.727,14776.974,14865.362,14959.385,15158.582,15260.707,15161.908,14644.009,15124.16,15920.0
T000367,1984-09-30,14421.681,15158.487,14629.08,14486.08,15132.94,14683.811,14055.419,14816.777,14539.99,15401.543,15326.0
T000367,1984-10-31,13913.997,14349.037,14888.689,14909.646,13820.979,13896.954,14732.409,15547.375,14438.372,15309.947,15838.0
T000367,1984-11-30,11374.378,12695.773,12749.475,13678.747,12257.547,12559.271,13490.638,12876.182,14402.9375,14388.596,12868.0
T000367,1984-12-31,13504.299,14451.278,13380.762,14090.1455,13825.23,14290.213,13694.959,14566.976,14517.508,13820.029,13954.0
T000368,1984-05-31,27051.03,27731.994,29562.193,29779.9,28750.816,28282.219,28072.637,28718.725,29615.555,30933.15,26065.0
T000368,1984-06-30,30631.336,30121.08,30265.848,30705.107,31390.703,31031.47,29947.945,30986.135,29721.459,30878.732,28411.0
T000368,1984-07-31,31582.512,32305.28,31990.543,31434.346,32150.863,32080.012,31881.896,32336.35,29808.943,30816.008,31064.0
T000368,1984-08-31,31637.164,31877.03,32595.69,31210.451,32233.273,32988.41,31698.266,32609.041,29741.19,31060.838,29386.0
T000368,1984-09-30,31532.195,32498.094,32084.918,30831.316,33366.54,31708.947,32109.52,32475.824,29761.605,30765.11,30546.0
T000368,1984-10-31,31447.78,28046.863,29084.031,28892.293,29252.965,30033.514,28199.938,29902.521,29694.36,30602.693,26436.0
T000369,1984-07-31,9441.233,8900.763,9918.168,9628.948,9570.753,8942.595,8881.524,9777.826,9681.267,10488.627,9715.0
T000369,1984-08-31,9662.658,11080.443,10444.766,10942.01,11171.599,9763.646,11362.129,10063.171,9638.297,11000.118,15535.0
T000369,1984-09-30,9998.62,9824.773,10016.541,9671.365,9505.279,9366.6045,9822.635,9978.471,9506.459,11297.908,10476.0
T000369,1984-10-31,10144.796,9884.797,9604.683,9558.306,9338.859,8992.242,10367.379,9636.581,9561.18,10701.453,10174.0
T000369,1984-11-30,8624.947,7575.76,8799.292,8314.838,8105.59,7414.826,8027.2188,8824.515,9387.675,8987.967,7040.0
T000369,1984-12-31,7854.795,8247.64,7737.7837,8363.321,7874.1,6739.5723,7463.937,8338.059,9617.777,8088.7324,7732.0
T000370,1984-09-30,843.1883,790.21045,960.126,1012.9884,774.8898,844.99316,851.5369,863.0315,958.6426,1224.169,790.0
T000370,1984-10-31,889.77625,771.0823,956.3366,950.59827,768.15106,799.199,846.37994,838.406,958.56305,1208.6206,772.0
T000370,1984-11-30,980.7127,1189.7576,1204.707,1217.3878,1132.6638,1128.3011,1164.0018,1111.7485,961.7779,1241.3049,1202.0
T000370,1984-12-31,995.10706,1005.32056,1124.8729,1060.8145,948.55396,1047.3638,1073.9159,1035.0985,956.7709,1225.8484,1041.0
T000370,1985-01-31,1000.9187,866.9714,943.2054,955.09564,948.4402,872.67426,938.0739,960.93744,968.68915,1188.9131,801.0
T000370,1985-02-28,1005.7197,1001.6958,953.9462,933.0751,1057.5613,1085.9036,1028.4478,956.29425,954.58673,1189.5187,894.0
T000371,1984-07-31,79.224815,89.29591,87.61617,87.85881,85.18552,82.55856,90.50413,86.15286,74.56578,80.62455,87.8
T000371,1984-08-31,72.050186,82.497,75.79049,81.640884,83.49531,77.51532,83.68892,79.42168,74.18463,79.08135,81.6
T000371,1984-09-30,63.834267,68.91934,68.07886,74.763985,62.779728,64.30292,69.825356,66.71536,74.2461,76.629395,62.9
T000371,1984-10-31,54.906784,59.88743,68.05598,70.695786,53.490993,57.34939,64.211205,60.536205,74.76234,74.75609,55.7
T000371,1984-11-30,51.02921,57.84803,58.88491,65.95808,60.637505,55.20964,63.496372,60.71065,74.06277,73.033295,55.1
T000371,1984-12-31,63.205856,62.386383,61.55056,66.35292,66.74752,64.48259,57.593475,63.522774,75.2523,73.19696,56.6
T000372,1984-05-31,415.06335,446.77188,417.4486,402.83456,416.06586,395.1931,448.29575,431.20084,338.23502,436.4516,438.0
T000372,1984-06-30,374.16556,389.80127,384.44525,379.21442,414.09378,370.2597,374.5952,387.5968,334.07416,427.1136,386.0
T000372,1984-07-31,341.11337,340.22992,354.32007,368.9878,315.73038,307.69333,344.78113,335.61887,329.22775,420.69537,324.0
T000372,1984-08-31,323.23682,298.69223,311.7593,328.67105,270.48755,297.92325,295.27798,309.29678,338.5839,405.2478,283.0
T000372,1984-09-30,307.79303,332.36057,338.79636,313.4497,364.6942,321.0334,338.89236,364.25226,334.66928,406.7846,296.0
T000372,1984-10-31,291.66745,304.81866,348.62115,295.06674,324.8099,333.17517,309.24146,321.93756,340.33926,410.15826,291.0
T000373,1983-09-30,328.73035,321.77036,321.22308,331.0854,314.2982,317.514,311.8323,319.05997,344.98138,343.3894,321.0
T000373,1983-10-31,361.3496,318.97647,312.2086,327.41382,320.69122,313.3545,302.07266,336.75137,346.99875,347.61215,322.0
T000373,1983-11-30,374.71158,342.8078,343.78464,343.03375,354.88763,346.40854,350.34058,373.49417,344.94412,345.72375,332.0
T000373,1983-12-31,374.79034,407.66583,415.00876,377.9157,415.9502,379.19897,427.16855,398.17145,342.68204,357.65005,420.0
T000373,1984-01-31,371.80804,384.1559,386.9839,360.90634,393.60144,380.5646,395.75958,396.26065,343.5474,363.295,391.0
T000373,1984-02-29,369.28223,348.71103,337.78653,359.1951,357.86282,361.92575,368.73724,356.57455,345.00394,362.6825,331.0
T000374,1984-03-31,1151.6941,1534.8269,1383.1885,1355.5059,1557.1809,1417.0983,1564.9655,1499.443,1086.5685,1148.2141,1425.0
T000374,1984-04-30,1161.7084,1492.0625,1324.2969,1300.3655,1626.4255,1426.5406,1410.2297,1420.1997,1078.2181,1125.3815,1395.0
T000374,1984-05-31,1143.7129,1321.2424,1266.9725,1348.1704,1344.1332,1239.3619,1309.8877,1287.9446,1070.0637,1111.6057,1082.0
T000374,1984-06-30,907.81793,995.64325,1140.9537,1074.2451,976.878,930.52435,1042.772,993.46027,1078.6555,1068.9799,864.0
T000374,1984-07-31,852.34106,826.4344,896.60706,979.37427,971.8042,842.56213,841.2147,929.48035,1066.9996,958.3074,658.0
T000374,1984-08-31,1125.4519,1146.8945,1086.566,1121.0906,1184.0159,1243.0504,1128.3184,1099.4564,1087.6334,965.2599,984.0
T000375,1984-09-30,24381.973,22536.852,24154.672,25864.496,22227.781,23920.025,23984.697,23839.205,24408.059,27783.459,21633.0
T000375,1984-10-31,23977.799,23631.104,25668.113,25467.307,25490.422,26560.074,25268.223,24962.469,24317.96,27412.715,23793.0
T000375,1984-11-30,23198.992,32119.172,28958.547,29934.652,30006.967,29565.316,30401.775,29158.234,24425.27,28723.693,32405.0
T000375,1984-12-31,23425.773,18284.822,21160.705,24027.14,17496.852,19467.434,19871.547,21330.555,24572.822,27790.693,18092.0
T000375,1985-01-31,24706.031,19976.443,23206.643,24276.43,22734.236,21162.79,23401.646,22727.828,24709.525,26774.957,21357.0
T000375,1985-02-28,25376.875,28510.064,26625.012,25813.004,30126.23,29927.338,28489.82,28175.18,24456.553,27484.54,27637.0
T000376,1984-07-31,900.64417,910.47534,844.06885,818.6734,915.54395,885.7037,838.26056,880.52167,880.2929,847.7213,782.0
T000376,1984-08-31,930.1204,937.5049,914.3064,854.13855,1020.4612,953.0672,850.8773,969.0663,890.2707,891.1484,824.0
T000376,1984-09-30,926.23254,1082.4534,966.5195,937.5189,1099.1842,1023.87506,985.98395,1028.7245,893.1226,907.8952,993.0
T000376,1984-10-31,903.012,1096.0453,1001.9082,942.4981,1068.261,1011.6018,1017.68896,1045.9945,879.45026,917.7918,1037.0
T000376,1984-11-30,882.5388,834.6287,872.8032,884.2071,912.4655,889.59845,815.07855,886.2014,879.2348,898.92334,763.0
T000376,1984-12-31,875.06555,918.9957,840.712,882.0842,980.86145,941.1515,878.5007,929.1311,880.6593,855.26,859.0
T000377,1984-05-31,28021.701,25707.86,26494.34,26279.95,26679.412,26086.73,25261.002,26684.008,27735.492,27193.959,25690.0
T000377,1984-06-30,28049.953,27488.16,27631.092,27826.695,28028.611,28718.066,27579.11,28107.758,27944.293,27496.1,27434.0
T000377,1984-07-31,28174.307,28735.738,28611.152,27604.172,28941.395,29059.234,28386.809,29650.75,27856.96,27514.156,29299.0
T000377,1984-08-31,28296.875,28946.805,29430.383,28131.95,28893.928,29623.975,29374.484,29730.955,27733.04,27818.299,28971.0
T000377,1984-09-30,28201.271,29714.078,29163.24,28935.86,29724.22,28939.686,30533.988,29029.754,27851.66,28080.654,31253.0
T000377,1984-10-31,28071.812,26149.729,26575.422,26913.95,27496.232,27739.15,26345.422,27842.605,27722.98,28134.875,26407.0
T000378,1983-09-30,40721.496,35508.62,35750.562,35068.805,38071.348,34524.504,32891.242,37912.06,37705.1,35582.348,40239.0
T000378,1983-10-31,40352.965,37448.727,33902.61,35233.492,40359.652,35420.75,35097.086,37410.383,37897.906,35793.6,42734.0
T000378,1983-11-30,39960.66,36891.92,34978.45,34471.6,38501.92,34360.086,37218.52,38023.613,37860.71,35941.594,40133.0
T000378,1983-12-31,39920.12,35154.92,33663.582,31258.875,38910.953,34429.43,33787.44,32789.703,38059.61,34989.473,30257.0
T000378,1984-01-31,40426.992,36696.695,36879.02,34873.58,38776.785,35615.72,35558.535,37328.887,38099.55,35243.77,39899.0
T000378,1984-02-29,40571.51,36469.484,35690.65,36877.223,39358.008,35345.523,33640.242,39521.582,37835.977,36596.33,40123.0
T000379,1984-03-31,51593.594,51251.074,51345.86,47226.21,49844.13,50702.734,46948.902,49891.125,51449.8,49631.887,49399.0
T000379,1984-04-30,50091.332,51995.004,50785.93,50735.477,49896.035,53431.117,47086.0,51826.55,51367.875,50030.695,49209.0
T000379,1984-05-31,51274.07,54474.605,55735.504,57787.74,50040.95,53773.816,54305.96,55014.477,51186.504,49659.68,52333.0
T000379,1984-06-30,52957.37,56538.14,56946.496,51494.133,50572.297,54669.996,53751.05,52185.07,51359.258,50329.44,55712.0
T000379,1984-07-31,52955.332,56151.273,60710.695,56466.707,53927.125,55952.7,54963.52,51229.395,51310.875,52878.45,58107.0
T000379,1984-08-31,52639.1,58103.53,55927.547,55468.38,56968.9,56222.71,59025.965,55549.19,51415.33,54471.04,57883.0
T000380,1986-04-30,5.605259,5.65665,5.6412787,6.266762,5.640458,5.637106,5.9486694,5.685567,5.487846,5.6533484,5.6
T000380,1986-05-31,5.4149127,5.305313,5.2865267,6.565768,5.434433,5.300969,5.5236216,5.476134,5.482511,5.647015,5.22
T000380,1986-06-30,5.226338,5.380701,5.401428,6.9130015,5.317404,5.1831536,5.655105,5.4802833,5.4911933,5.6135054,5.24
T000380,1986-07-31,5.474413,5.5463557,5.549503,6.8741436,5.5398364,5.436857,5.7620125,5.639975,5.5040636,5.606686,5.36
T000380,1986-08-31,5.5690117,5.610343,5.4696984,6.9629025,5.6552515,5.4956036,5.94608,5.741002,5.496701,5.6772356,5.44
T000380,1986-09-30,5.570268,5.623703,5.4529524,7.1067934,5.65666,5.5838475,5.619074,5.732028,5.506171,5.702794,5.51
T000381,1989-08-31,820.4325,784.3075,809.2141,825.76215,778.52295,812.475,794.36945,820.5569,783.1156,813.9058,704.96
T000381,1989-09-30,831.6842,874.02234,830.4571,830.05005,874.60254,871.9976,847.14624,855.3589,785.26276,812.1161,836.32
T000381,1989-10-31,836.67596,824.9682,820.749,819.76843,800.3501,840.67236,802.10803,835.7506,784.85614,813.71783,761.88
T000381,1989-11-30,837.1605,848.4389,851.1393,823.6945,833.84045,845.39954,841.497,860.24976,785.8766,814.84894,766.26
T000381,1989-12-31,836.4465,836.7243,835.1072,797.3661,843.6862,850.7849,833.97705,847.61804,784.2637,792.9152,805.66
T000381,1990-01-31,842.85504,760.32184,784.20935,789.47015,772.8131,819.91534,755.6265,795.7472,784.131,788.3931,694.01
T000382,1988-12-31,2446.6802,2507.1475,2511.0315,2453.5916,2530.1868,2566.1558,2541.237,2515.7708,2393.831,2394.479,2328.7
T000382,1989-01-31,2455.2961,2425.664,2440.3813,2477.4734,2587.8933,2522.2625,2464.958,2562.912,2377.5947,2391.0713,2264.34
T000382,1989-02-28,2498.8306,2403.1257,2454.8105,2423.49,2518.1182,2524.949,2468.9543,2570.9548,2395.5784,2376.6057,2173.77
T000382,1989-03-31,2534.3662,2506.9119,2485.9893,2338.327,2611.4285,2470.7368,2509.377,2480.871,2395.672,2337.6035,2283.41
T000382,1989-04-30,2546.931,2414.3386,2464.6047,2455.1182,2554.388,2569.6377,2469.4775,2596.917,2404.7444,2414.853,2238.12
T000382,1989-05-31,2543.3315,2689.6665,2576.7695,2533.7522,2766.5369,2697.5437,2735.2021,2669.311,2388.4265,2477.332,2629.02
T000383,1965-06-30,293.23285,273.9203,291.5752,313.84604,273.50525,262.63004,278.36993,283.41177,322.3068,304.69885,237.0
T000383,1965-07-31,281.5302,310.483,302.12323,319.5489,327.05685,311.7586,313.80984,307.15488,320.90656,308.77505,278.0
T000383,1965-08-31,302.74008,317.94293,328.71497,314.3614,313.66537,301.76227,296.88202,311.33636,326.82843,304.41205,284.0
T000383,1965-09-30,336.83246,315.81058,316.12274,321.89746,326.39758,300.61023,307.59946,329.2597,328.15045,311.2217,277.0
T000383,1965-10-31,355.03125,341.80377,342.60828,336.25214,351.8308,338.02075,346.12762,337.48615,325.69882,323.6656,317.0
T000383,1965-11-30,363.72867,331.48953,331.50137,322.409,339.9905,332.95328,311.06696,344.22882,325.22778,330.4246,313.0
T000384,1978-06-30,731.0544,801.0255,837.3107,781.589,856.58044,840.10486,838.96295,844.2296,781.1552,879.8431,815.3
T000384,1978-07-31,745.0813,734.19226,751.0875,726.83765,782.1428,703.82477,678.0928,818.3514,778.4214,858.8355,718.84
T000384,1978-08-31,773.86395,760.72656,810.70734,838.69775,755.45715,780.4739,778.1034,815.126,771.62646,858.41034,733.36
T000384,1978-09-30,777.4561,878.593,883.1617,849.32355,914.4091,843.9638,878.5455,920.46106,775.6407,859.4352,955.55
T000384,1978-10-31,780.2666,791.9994,865.81586,808.398,870.753,844.00995,746.61017,875.5487,780.0404,870.6801,757.54
T000384,1978-11-30,787.0189,910.8593,832.11755,841.0208,940.02045,872.964,978.78564,914.5365,779.4533,914.48816,912.49
T000385,1984-06-30,3133.4753,3264.2576,3185.6084,3050.3354,2892.7349,3193.4875,3077.0762,3113.518,2925.2173,3153.093,2994.0
T000385,1984-07-31,2715.9705,2824.425,2787.4717,2865.9414,2768.377,2861.296,2640.1025,3031.5295,2881.82,3143.791,2454.0
T000385,1984-08-31,2483.8584,2918.7522,2802.41,2819.9163,2737.593,2770.8755,2576.422,3037.5095,2913.8423,3065.2344,2372.0
T000385,1984-09-30,3033.0854,2990.0635,2897.5364,2897.7266,2969.3938,2835.6096,2582.6035,2794.2822,2942.1897,3034.2175,2709.0
T000385,1984-10-31,3257.5884,3115.3582,2912.9866,2989.7673,3160.3198,2975.576,2896.989,3011.782,2935.532,3222.1624,2833.0
T000385,1984-11-30,3312.4177,3142.0613,3030.6724,2916.5845,3278.2048,3234.2966,2868.4106,3055.1953,2950.758,3309.3872,3173.0
T000386,1987-06-30,94.707886,104.5893,104.89365,106.60829,107.351875,105.79779,96.32597,109.12312,115.801414,114.63016,114.0
T000386,1987-07-31,81.09415,76.38103,97.110535,97.46853,82.82236,79.78287,75.19693,80.39017,116.53511,113.754074,81.0
T000386,1987-08-31,117.92283,115.786224,106.68542,113.618965,118.66104,115.895775,108.7262,113.90873,117.57987,114.347916,124.0
T000386,1987-09-30,120.4248,121.610146,119.191315,117.93165,127.66347,124.82918,118.05693,121.53923,116.12982,115.32919,128.0
T000386,1987-10-31,120.521,120.39585,118.23414,117.18073,121.55844,121.309204,121.284775,122.20754,117.097595,118.91008,125.0
T000386,1987-11-30,120.629974,118.352875,117.35617,118.5611,122.05729,125.23951,113.66767,119.24434,116.708046,124.07095,121.0
T000387,1986-06-30,502.32837,500.51456,498.82617,499.31378,496.95837,501.08865,495.67126,502.89685,497.6784,500.76346,506.5
T000387,1986-07-31,503.38483,500.5404,497.17725,498.0388,498.22086,501.01755,487.31732,503.13092,497.4053,500.051,502.5
T000387,1986-08-31,504.36526,500.7343,499.32068,498.6375,496.92166,500.26605,486.93954,502.93353,497.05444,499.35016,498.3
T000387,1986-09-30,505.13358,501.23163,500.93665,497.80405,500.35352,501.04706,498.7545,503.34985,497.36505,498.70355,497.9
T000387,1986-10-31,505.37827,501.31204,500.34692,495.93182,497.59515,501.41037,504.09653,504.63248,497.17084,497.60056,496.1
T000387,1986-11-30,505.0523,501.98148,499.3128,497.44727,505.23526,502.06152,494.28882,503.16983,497.63086,498.04016,493.8
T000388,1986-06-30,8531.326,8453.338,8207.919,8036.4736,8393.659,8496.979,8062.5356,8517.679,7093.4453,8209.106,5865.0
T000388,1986-07-31,8768.431,8546.882,8086.329,7959.654,8619.756,8613.833,7853.304,8732.807,7109.7505,8219.592,6042.0
T000388,1986-08-31,9013.009,8743.359,8573.002,8251.529,8322.275,8307.278,7787.9893,8900.85,7169.6753,8174.8257,6420.0
T000388,1986-09-30,9277.101,8920.712,8939.321,7942.0674,8816.972,8322.431,7916.4053,9063.623,7174.2373,8215.883,6585.0
T000388,1986-10-31,9547.201,9067.764,8881.455,7868.6665,9264.588,8832.368,7833.5137,9209.604,7164.7314,8348.741,6879.0
T000388,1986-11-30,9813.811,9139.087,8325.406,7736.7197,9253.883,9363.123,7858.102,9232.541,7149.148,8320.319,6949.0
T000389,1986-06-30,8872.751,8734.777,8425.963,8255.988,8678.005,9025.581,8230.492,8728.089,6944.4395,8449.944,5829.0
T000389,1986-07-31,9147.737,8980.744,8135.319,8186.057,8925.206,9164.938,8283.278,8939.072,6910.651,8495.684,6010.0
T000389,1986-08-31,9419.9795,8900.9795,8464.23,8135.9546,8524.19,8377.568,7699.045,9082.475,6988.9297,8326.856,5644.0
T000389,1986-09-30,9680.721,9178.928,8817.763,7805.614,9282.366,8505.072,7878.603,9101.406,7040.0947,8316.498,5996.0
T000389,1986-10-31,9891.235,9576.506,8879.437,7778.4053,9860.71,9239.027,8095.966,9308.053,7000.788,8613.337,6684.0
T000389,1986-11-30,10025.756,9401.768,8350.487,7529.64,9902.317,9665.336,7836.7,9208.975,7015.577,8501.857,6291.0
T000390,1986-06-30,1.955006,1.9552691,1.9537374,2.5946083,1.9488155,1.9561079,2.2184942,1.9616691,1.947535,1.9509166,1.95
T000390,1986-07-31,1.9582328,1.9539943,1.9553044,3.0524578,1.9520853,1.9557086,2.1620364,1.9578952,1.9491167,1.949964,1.95
T000390,1986-08-31,1.9593393,1.9633499,1.9597665,3.4609761,1.951702,1.9594164,2.2945323,1.962748,1.9477623,1.9522105,1.96
T000390,1986-09-30,1.9587331,1.9631515,1.9646255,3.359769,1.9571495,1.9608498,2.203825,1.9676412,1.947903,1.9527235,1.96
T000390,1986-10-31,1.9568868,1.9586385,1.9616792,3.4339788,1.9520664,1.9622728,2.2680228,1.9693795,1.9485521,1.9500355,1.95
T000390,1986-11-30,1.9540956,1.9588937,1.9558492,3.6073058,1.9518509,1.9679762,2.0849462,1.9689147,1.9478159,1.9524548,1.96
T000391,1980-04-30,114.61989,113.91182,113.906845,114.29493,112.35027,112.9401,115.04192,113.7743,118.992455,116.919205,127.9
T000391,1980-05-31,115.96415,113.50363,113.60779,115.051216,110.6882,112.8948,110.21778,112.879845,119.44709,118.99994,121.8
T000391,1980-06-30,117.04006,114.912315,116.72341,117.02372,111.72116,113.455574,114.03106,114.46729,118.73438,118.960655,125.7
T000391,1980-07-31,117.63297,115.91193,119.46923,119.30078,113.22279,114.40518,119.545975,114.63239,118.471275,120.14824,129.8
T000391,1980-08-31,117.745224,115.52718,117.714264,119.60099,112.23554,114.57732,121.11556,113.8073,118.40951,121.297,127.4
T000391,1980-09-30,117.37265,115.0217,115.798965,117.797966,111.33327,114.40311,115.90147,113.55077,118.87439,120.62759,121.4
T000392,1980-05-31,120.466225,121.4402,120.79424,119.960915,116.53275,118.14317,119.15347,119.84633,125.414536,123.011986,127.7
T000392,1980-06-30,122.16156,123.37383,120.49533,122.57624,119.79795,119.29767,117.765366,121.0709,125.99811,125.5123,134.3
T000392,1980-07-31,123.583046,122.85126,120.47946,121.95814,117.95033,119.43802,118.71273,122.44991,124.93001,125.6163,126.9
T000392,1980-08-31,124.465065,125.966576,124.79209,124.90388,119.60199,120.24462,124.48146,122.72162,125.08532,127.13968,133.6
T000392,1980-09-30,124.788,127.02163,127.81576,128.22226,121.06984,121.56608,128.91109,123.1902,125.16445,129.53717,138.0
T000392,1980-10-31,124.53796,126.24555,126.646355,129.6575,122.88057,121.76101,127.42982,124.014366,125.179596,129.41418,134.8
T000393,1980-04-30,107.6385,109.976456,111.03816,109.35621,104.77856,107.72398,109.98031,107.75281,118.8289,116.04251,132.8
T000393,1980-05-31,109.12321,110.834366,110.63193,111.427734,107.52768,108.552734,106.51343,108.668434,119.88452,120.02601,133.5
T000393,1980-06-30,110.21888,112.28082,113.52351,112.58731,105.42685,108.89396,112.21071,109.72825,118.073555,121.32997,131.6
T000393,1980-07-31,111.41221,113.64564,117.83134,114.72179,103.845665,109.64159,113.21319,110.129906,118.12194,121.521065,131.8
T000393,1980-08-31,112.08456,113.11171,116.65869,115.69406,105.27019,110.87795,114.37119,109.32468,118.12641,121.38789,128.6
T000393,1980-09-30,111.78584,113.54974,117.01947,118.36046,107.3169,111.61471,114.60084,109.29034,118.580154,120.173775,126.8
T000394,1980-04-30,124.59148,124.51078,125.437164,125.45925,125.23646,124.47783,124.00745,124.241806,127.50824,126.13915,128.5
T000394,1980-05-31,124.89803,124.80798,125.30495,126.46173,125.86538,124.95353,122.65981,124.38201,127.7807,127.34927,129.0
T000394,1980-06-30,125.328026,125.44229,125.88178,126.90621,125.62864,125.15665,124.12031,124.45745,127.58662,127.39625,129.4
T000394,1980-07-31,125.74,125.89838,126.998634,127.47984,125.63659,125.473434,127.53108,124.58717,127.4899,127.73546,129.1
T000394,1980-08-31,126.09384,125.981155,127.62736,128.36435,126.317055,125.68956,128.73419,125.11427,127.46094,128.29494,129.6
T000394,1980-09-30,126.36168,126.280594,126.95593,128.8767,126.19703,125.652145,126.54214,125.110695,127.55565,127.60356,129.3
T000395,1980-06-30,135.11745,131.57198,147.81923,148.75566,134.15591,135.34329,135.76869,133.47803,152.14485,156.36584,118.0
T000395,1980-07-31,152.08421,148.92113,152.38046,153.17393,150.95593,149.62646,146.3174,143.62482,152.09695,156.48096,136.0
T000395,1980-08-31,164.44652,159.7828,162.51083,157.21162,157.00615,157.27182,149.49023,159.57605,152.71146,156.78082,144.0
T000395,1980-09-30,167.52368,168.9249,168.55182,160.66002,170.25266,165.08322,163.16438,167.82208,152.67993,157.46758,155.0
T000395,1980-10-31,168.01904,171.15341,169.33615,166.12102,174.88165,170.90218,167.39873,169.67859,153.33124,161.11107,162.0
T000395,1980-11-30,168.10594,170.72845,162.62593,163.33926,172.94382,170.8088,165.89572,171.9574,151.99171,164.71548,164.0
T000396,1980-04-30,111.61428,116.66757,118.448685,118.14954,117.64108,116.930275,118.33755,114.456985,128.48268,125.72791,142.4
T000396,1980-05-31,111.00269,117.21776,117.731125,120.54248,117.61713,117.9172,115.191666,114.14525,129.38303,130.76514,142.7
T000396,1980-06-30,110.48417,118.36687,121.049095,120.65422,116.259155,118.48505,120.03279,115.16481,127.73764,131.62752,141.8
T000396,1980-07-31,110.314415,119.80775,126.161644,123.58443,115.149055,119.6534,124.533,115.07214,127.58047,132.17708,141.2
T000396,1980-08-31,110.54378,119.47533,124.55285,124.32805,117.72836,120.574974,126.055565,116.028366,127.48505,131.82935,138.3
T000396,1980-09-30,111.15198,119.40875,122.75613,123.970116,118.80321,120.38466,120.506096,115.12787,128.28625,128.7757,132.6
T000397,1980-02-29,113.529144,113.777405,119.42462,118.27424,114.368645,115.45876,117.38784,114.603806,125.85466,120.60766,130.9
T000397,1980-03-31,112.22201,113.99489,118.5738,119.63529,114.332275,116.567535,115.28683,114.73434,126.69685,124.57333,131.5
T000397,1980-04-30,110.691925,115.07855,119.371025,118.86075,114.00169,116.98664,118.74868,115.14532,126.082054,124.92304,132.5
T000397,1980-05-31,109.28357,114.86063,120.67263,120.42984,111.41342,117.39747,120.20911,116.24339,125.863266,125.701706,127.6
T000397,1980-06-30,108.5001,115.941315,122.23609,124.39898,115.86346,118.176605,123.87343,118.13099,125.74569,127.947815,132.7
T000397,1980-07-31,108.30238,116.492355,122.8915,125.92326,115.302414,118.30955,122.10463,119.02199,126.01801,126.37341,133.9
T000398,1978-06-30,182.52704,186.17816,185.62575,186.34045,183.52531,185.05934,180.39111,181.85129,178.49776,189.21396,161.0
T000398,1978-07-31,155.75804,153.61328,171.14314,176.8227,149.4625,152.64127,158.95929,158.68387,177.5957,189.06134,135.0
T000398,1978-08-31,187.92834,187.67293,190.40746,189.51175,186.26219,180.92293,179.93745,190.49887,179.79675,188.6897,166.0
T000398,1978-09-30,197.54639,197.55595,202.30655,188.73853,204.6465,192.30708,185.82503,198.24846,179.35704,188.11514,178.0
T000398,1978-10-31,200.06749,196.40765,195.34906,190.57918,199.34128,196.7156,189.56271,200.32434,180.09898,193.86375,180.0
T000398,1978-11-30,200.88359,200.60297,195.22942,193.99487,202.40222,204.16898,193.82635,203.2241,178.72667,198.37393,188.0
T000399,1979-11-30,126.87129,127.44233,128.22887,128.06949,127.197876,127.396225,124.43078,125.655716,120.04621,131.89343,112.0
T000399,1979-12-31,123.441414,118.66097,122.10778,124.5732,120.771996,120.986115,116.78898,118.54094,120.04674,132.15308,105.0
T000399,1980-01-31,131.23051,131.04556,130.49306,130.43216,130.19899,125.98366,123.5966,127.18819,120.88696,131.70369,117.0
T000399,1980-02-29,133.71425,130.82193,134.12836,126.79472,132.38948,127.4557,123.45738,129.20587,120.76689,131.88799,115.0
T000399,1980-03-31,134.73315,132.34535,132.03824,125.62608,132.54228,128.8211,125.76091,130.26915,120.669266,133.20592,117.0
T000399,1980-04-30,135.56216,130.11617,126.5812,124.33903,131.59157,132.56882,122.182625,128.99684,120.647194,132.61671,116.0
T000400,1980-06-30,102.71835,99.182175,126.293816,132.84068,109.23932,96.55407,109.49169,104.483284,138.82565,139.39992,90.0
T000400,1980-07-31,139.68279,137.84872,137.32555,140.59969,138.63425,142.65894,136.82382,137.44467,138.9083,140.59622,122.0
T000400,1980-08-31,152.29193,150.7175,151.69038,145.26028,147.012,148.50848,138.84169,149.64467,140.62122,141.41196,134.0
T000400,1980-09-30,154.6657,154.39685,152.78505,148.86401,152.55154,153.19365,149.90555,154.926,139.99675,143.52405,138.0
T000400,1980-10-31,154.71123,156.54521,156.05617,152.9231,155.0246,158.91937,153.22081,155.45209,140.3148,145.87965,143.0
T000400,1980-11-30,154.58165,152.05121,146.08163,150.44513,153.66907,152.49756,147.28761,156.26666,138.43344,148.43704,143.0
T000401,1980-06-30,139.77078,135.2535,141.6083,139.86453,132.10841,135.54805,132.85187,134.2533,137.79277,148.03406,116.0
T000401,1980-07-31,146.26659,133.54517,138.61617,141.97185,139.24414,134.83456,134.31326,127.55071,137.30344,148.7474,119.0
T000401,1980-08-31,155.44798,149.34377,150.8666,145.6503,149.21101,142.99933,140.98694,150.36836,137.86305,148.1032,134.0
T000401,1980-09-30,157.98247,154.51732,155.16194,146.53212,161.76736,151.06743,145.43976,154.63605,137.81982,148.45935,136.0
T000401,1980-10-31,158.65239,162.75684,158.7984,151.11981,169.14679,156.75963,156.61227,158.57352,138.60922,151.87494,150.0
T000401,1980-11-30,159.09387,155.28255,148.47545,144.08846,160.70897,158.05899,149.31937,157.4194,137.94876,152.8149,141.0
T000402,1979-12-31,147.50539,150.46294,151.43654,149.38985,148.19092,151.94841,150.60277,151.6683,138.7364,147.55426,141.0
T000402,1980-01-31,148.31078,148.89952,146.78679,147.69247,148.98183,150.63821,148.28215,151.71236,139.20448,145.03719,143.0
T000402,1980-02-29,149.22194,153.77231,149.97603,153.29428,147.77037,154.67957,148.78896,153.09184,139.32729,145.91934,143.0
T000402,1980-03-31,135.24718,144.07808,142.91396,143.59064,141.07448,136.66194,142.91188,145.98834,139.18553,144.63756,136.0
T000402,1980-04-30,100.4581,99.47626,120.63676,133.14658,105.45269,99.7041,114.26692,106.083984,139.09976,138.68672,97.0
T000402,1980-05-31,146.155,147.88644,138.07654,142.21613,145.28313,148.50249,143.62502,149.45923,138.91942,140.39888,143.0
T000403,1979-12-31,139.0445,137.50525,136.9379,137.65974,136.38672,138.43414,136.73128,138.42435,132.71072,137.13174,128.0
T000403,1980-01-31,139.86781,137.85963,136.33481,135.30618,139.81577,138.54309,131.77481,139.32771,132.86194,136.67647,129.0
T000403,1980-02-29,140.52795,140.13412,138.67165,139.02527,138.61421,139.26926,135.56691,140.55402,132.97818,137.3425,131.0
T000403,1980-03-31,141.10272,138.8764,138.54468,137.4443,139.49915,136.0285,136.56212,139.70923,133.01294,137.10138,130.0
T000403,1980-04-30,141.87724,137.19798,136.9285,135.29546,138.7007,137.99571,133.02322,140.71428,133.0547,136.79839,128.0
T000403,1980-05-31,142.6574,141.60858,137.75847,138.61006,143.22955,143.16003,137.79184,141.79282,132.9358,137.51271,135.0
T000404,1980-06-30,134.01468,139.52011,136.91866,133.92053,135.14778,137.71056,137.91911,136.86398,133.6082,129.37082,136.0
T000404,1980-07-31,127.22555,131.34113,133.1142,134.69481,129.1599,129.08578,127.85198,126.9651,133.0119,129.7808,126.0
T000404,1980-08-31,137.38774,133.23999,132.57574,134.06384,128.82188,128.00946,129.60548,133.009,133.32433,128.21524,124.0
T000404,1980-09-30,140.91423,138.87062,135.9375,133.11278,135.4972,135.66064,133.08018,136.05626,133.27559,128.24626,134.0
T000404,1980-10-31,140.38419,146.29675,140.62833,142.74384,143.44579,144.34164,147.2609,143.19016,133.17982,136.13116,144.0
T000404,1980-11-30,139.18227,153.54373,145.59912,144.37549,153.50804,147.16252,152.82593,147.06218,133.38551,141.42526,154.0
T000405,1980-06-30,88.8479,89.73836,121.64956,127.17888,84.0894,83.81331,97.640945,99.660645,134.93521,145.26468,86.0
T000405,1980-07-31,137.11876,140.86928,138.74995,135.80138,140.73497,142.85692,130.90605,143.48909,136.38646,144.4645,133.0
T000405,1980-08-31,149.41537,150.98972,148.98227,148.57855,153.41539,147.6877,137.49017,148.7889,135.98654,146.39229,141.0
T000405,1980-09-30,149.03531,154.32095,155.81895,147.15102,156.68918,150.99861,156.61584,158.48373,135.76216,147.16496,148.0
T000405,1980-10-31,147.0734,155.23438,157.38298,146.98169,164.35918,149.86758,147.10118,155.7449,137.01677,145.08174,148.0
T000405,1980-11-30,145.67339,139.75833,136.29419,140.46225,146.43207,141.30402,133.31474,138.8584,134.3143,147.11424,129.0
T000406,1980-06-30,138.1001,134.31303,160.51735,163.32338,137.3841,129.90521,140.72324,143.07712,165.87018,180.27554,126.0
T000406,1980-07-31,166.44214,173.8641,172.06711,168.91652,173.89905,172.95375,162.64395,170.83698,166.79858,179.50713,161.0
T000406,1980-08-31,180.31174,181.637,179.83737,178.5356,185.99371,176.41325,165.53745,176.88004,166.70718,180.13414,166.0
T000406,1980-09-30,181.75894,186.21204,187.49356,178.40828,191.10074,182.49924,184.99388,187.04814,166.5311,180.63425,179.0
T000406,1980-10-31,181.51407,186.64775,185.19757,176.55682,194.16136,181.90225,179.4134,182.5017,167.50417,179.91835,176.0
T000406,1980-11-30,181.6083,169.67163,167.79572,167.95288,177.17038,169.72046,161.24629,167.36281,165.36668,180.7769,156.0
T000407,1980-06-30,59.694183,60.641827,98.81608,109.84076,59.610947,61.108353,68.61099,70.4298,120.40715,132.784,57.0
T000407,1980-07-31,123.06782,128.4334,123.65535,121.29159,126.69349,133.39392,118.530685,131.16956,122.51689,132.00941,119.0
T000407,1980-08-31,136.69414,141.22707,138.66252,135.55762,137.50412,139.17229,123.564064,136.065,122.01257,134.97432,132.0
T000407,1980-09-30,134.75035,143.08444,145.59239,134.92679,137.19559,141.90927,146.44098,146.71126,121.50379,135.88943,136.0
T000407,1980-10-31,132.23448,144.5795,146.14882,133.92368,149.07741,140.24074,134.13237,142.8329,123.23495,132.2973,137.0
T000407,1980-11-30,130.9444,125.78479,118.05716,126.449104,131.174,131.86957,116.36446,124.13832,119.60414,134.61098,111.0
T000408,1978-06-30,136.06854,147.66927,143.38301,147.58464,144.48228,145.84178,145.9109,144.35162,137.88008,139.15979,144.0
T000408,1978-07-31,131.60423,139.06744,139.9092,140.41751,136.32484,138.60286,133.21516,131.1343,137.68524,138.22954,133.0
T000408,1978-08-31,140.57556,136.01585,138.22969,142.86243,130.4965,126.553635,130.63246,130.19376,137.64696,136.66882,123.0
T000408,1978-09-30,143.07758,146.49301,152.1143,144.13803,140.95631,141.65213,148.06398,144.75038,137.60397,137.6158,145.0
T000408,1978-10-31,142.7038,143.18118,142.51744,139.71527,142.6626,144.27588,145.4409,139.51096,137.20009,137.77362,139.0
T000408,1978-11-30,141.92458,140.87053,139.42868,143.70807,139.59238,143.37634,135.15585,137.23726,137.89172,139.00362,127.0
T000409,1978-06-30,140.36671,147.0244,143.51836,144.44447,142.57275,143.00757,141.90373,142.70941,130.47194,144.10019,128.0
T000409,1978-07-31,135.26129,139.91052,135.8145,140.6873,135.68205,138.61447,137.5057,137.7128,129.91359,144.47624,119.0
T000409,1978-08-31,133.8199,139.20389,140.02087,140.88972,128.16336,126.051506,128.09615,137.2674,130.09505,142.91545,119.0
T000409,1978-09-30,142.4216,139.17339,145.05255,138.66362,134.57071,128.17877,129.33531,139.32607,130.64507,141.79654,124.0
T000409,1978-10-31,146.10864,147.81976,145.86034,142.30899,135.20148,139.89453,145.05733,135.95656,130.8577,146.10599,145.0
T000409,1978-11-30,147.38011,147.73686,143.0386,139.97409,138.93895,145.418,135.18385,140.17154,130.48357,146.96089,125.0
T000410,1976-06-30,348.28174,354.04584,352.10727,345.30798,359.64005,363.2814,356.84482,356.9056,326.3764,339.2801,319.0
T000410,1976-07-31,353.28885,343.5756,341.93314,343.68027,352.8357,350.3115,336.3672,355.02753,325.52744,338.71503,305.0
T000410,1976-08-31,356.9242,338.22922,348.29324,340.7532,341.90536,340.92383,327.97513,350.8457,326.34796,336.06113,297.0
T000410,1976-09-30,359.26904,358.13287,361.68655,342.8904,371.03732,355.25464,351.20334,360.15924,326.99664,336.10095,328.0
T000410,1976-10-31,361.52344,356.2712,360.66754,346.20886,367.1795,367.10742,349.77985,364.80792,326.83292,343.25992,325.0
T000410,1976-11-30,363.32626,365.3576,353.79446,344.67706,379.39145,378.35617,359.87555,366.11133,327.00183,347.0303,342.0
T000411,1980-06-30,2.2887912,2.2164228,2.508958,2.8589337,2.2118886,2.2877452,2.6829407,2.5044487,2.2008717,2.718573,2.04
T000411,1980-07-31,2.315154,2.278589,2.4393232,3.2820263,2.2550278,2.1351895,2.302048,2.3970165,2.2079265,2.6276648,2.09
T000411,1980-08-31,2.3465672,2.4566097,2.6047602,4.1097994,2.1534097,2.435742,2.598783,2.5025547,2.1770952,2.6788845,2.14
T000411,1980-09-30,2.387495,2.4625423,2.3538547,3.7553139,2.3288903,2.1062572,2.4613,2.5171514,2.258271,2.6553257,2.41
T000411,1980-10-31,2.4287868,2.3922048,2.710841,4.1227818,2.5000513,2.5893774,2.5671022,2.6630218,2.281641,2.8218322,2.14
T000411,1980-11-30,2.484981,3.4998155,2.9876559,4.4754653,3.7512898,3.010602,3.8617594,3.270238,2.199577,3.1422224,3.97
T000412,1986-06-30,999.834,995.08777,991.3857,989.36487,993.3694,992.16864,983.7681,999.98645,981.4578,993.7181,991.5
T000412,1986-07-31,1001.72894,994.02386,987.8102,987.70996,997.61993,990.7481,966.3687,1000.5418,981.27985,991.9577,987.5
T000412,1986-08-31,1002.81226,996.3018,994.5965,995.7028,995.6085,990.3546,976.27405,1001.72614,980.38257,991.98724,985.4
T000412,1986-09-30,1003.28204,996.701,996.92096,988.0866,993.06805,990.7885,996.2808,1002.14087,980.8921,990.6352,984.9
T000412,1986-10-31,1004.15424,995.71985,993.12463,983.2347,995.8703,990.5202,996.7295,1004.2116,981.1125,988.4947,976.8
T000412,1986-11-30,1005.8526,997.24884,987.30023,986.38055,994.0549,991.6137,988.14124,999.1378,981.17737,989.5281,977.1
T000413,1987-06-30,72.49846,72.80491,77.31282,78.630615,73.090195,73.58975,67.74617,74.379944,86.217575,84.63075,74.0
T000413,1987-07-31,68.57466,69.258865,75.22617,76.926186,64.52937,73.911644,65.78249,64.72815,86.55659,84.97968,72.0
T000413,1987-08-31,88.25533,85.6944,80.37379,84.168175,88.42437,86.01295,79.800545,82.92232,87.08527,85.49093,90.0
T000413,1987-09-30,89.418495,88.59667,86.599464,88.705475,90.8656,90.22517,86.59255,88.38429,86.486244,86.659325,91.0
T000413,1987-10-31,89.206665,89.37114,89.05756,87.781815,87.48189,89.30133,88.49184,88.34221,86.86769,87.66865,90.0
T000413,1987-11-30,89.21233,84.27885,83.55349,87.19058,86.99767,89.71812,80.31166,85.92262,86.37754,88.86307,85.0
T000414,1987-06-30,97.31957,106.244125,105.800095,107.329475,110.54496,106.77239,96.745895,111.24873,116.67809,116.45135,118.0
T000414,1987-07-31,83.57356,74.82715,96.98317,97.49283,95.061745,76.94746,72.860146,79.95976,117.508835,115.408195,80.0
T000414,1987-08-31,120.50184,117.944786,107.73773,115.45997,121.84485,116.8199,110.76635,115.69487,118.5173,116.09736,128.0
T000414,1987-09-30,122.44952,123.123985,120.30843,118.822556,130.0376,126.06344,117.71965,123.61282,116.95124,116.96562,130.0
T000414,1987-10-31,122.15966,121.64842,118.701645,117.721054,124.78649,120.62671,121.6156,123.84519,118.0382,120.35854,126.0
T000414,1987-11-30,121.99294,119.40854,117.79114,118.84781,123.365685,125.48223,113.2369,120.66234,117.68172,125.75804,122.0
T000415,1987-06-30,72.919754,87.761604,85.77105,89.89479,90.88016,85.425934,76.82181,94.23808,102.954216,101.16301,102.0
T000415,1987-07-31,65.16258,62.014977,79.15567,78.92348,71.678665,67.26424,53.195465,62.147007,104.52558,100.35623,67.0
T000415,1987-08-31,103.05375,103.290085,91.79292,102.72531,110.29349,100.908295,96.11149,99.43953,104.943924,101.74275,120.0
T000415,1987-09-30,106.4259,107.61421,104.90263,105.2676,116.774155,109.780235,103.750374,108.01867,103.15928,103.79017,120.0
T000415,1987-10-31,106.927414,107.782776,105.34028,104.14654,109.78418,104.8767,105.90057,108.119934,104.49647,106.95633,119.0
T000415,1987-11-30,107.062,103.23333,101.144394,105.555016,108.03649,109.3923,96.30699,104.812614,103.841896,112.493996,108.0
T000416,1987-06-30,74.28581,85.61215,83.08551,87.86176,88.91393,79.89984,74.71414,92.24743,101.817764,99.89323,99.0
T000416,1987-07-31,63.343758,66.06155,77.979294,77.95384,66.20323,66.47296,54.17425,63.280216,103.6627,99.38208,71.0
T000416,1987-08-31,98.768776,101.714066,90.57814,101.66296,108.34915,97.51401,94.567924,98.20484,103.559395,100.95416,119.0
T000416,1987-09-30,103.283226,105.50906,102.82244,104.324165,113.24767,106.135666,103.34816,106.1913,101.997765,103.4622,120.0
T000416,1987-10-31,103.92526,106.749504,104.410416,103.69012,107.978966,101.50106,104.69679,106.63249,103.37303,106.412186,120.0
T000416,1987-11-30,104.11641,101.56324,99.058426,105.1112,106.49091,105.44712,95.40605,103.43686,102.58482,111.3798,108.0
T000417,1987-06-30,122.93146,122.01889,123.61748,126.654564,125.75419,117.76282,111.37135,125.40719,134.60603,142.88396,120.0
T000417,1987-07-31,75.57684,75.41459,109.953354,114.72368,82.73338,72.45996,82.67015,73.25612,134.94215,141.69534,75.0
T000417,1987-08-31,145.06935,140.6089,131.53227,137.26216,139.71173,138.26799,126.31998,137.62633,136.62593,142.32864,136.0
T000417,1987-09-30,148.47218,151.42136,147.82036,142.11142,158.78325,149.09111,140.81773,151.37665,135.0237,142.33444,150.0
T000417,1987-10-31,146.32315,153.10101,141.65541,144.4575,152.57303,150.33656,151.28503,156.79327,136.65681,149.35289,148.0
T000417,1987-11-30,144.61295,153.29742,145.55437,146.45016,151.20625,153.37933,148.1119,154.2248,135.79684,157.46149,153.0
T000418,1980-04-30,140.5105,144.43716,141.1989,142.75195,141.97751,143.75443,142.96872,140.76016,143.23682,137.55258,164.7
T000418,1980-05-31,135.33461,129.09201,136.9487,130.6511,133.50314,136.21788,124.106544,140.73756,142.37521,137.83214,140.1
T000418,1980-06-30,128.1127,123.21007,120.671524,126.051926,113.5331,124.93599,116.93275,136.13206,142.61755,135.1767,126.6
T000418,1980-07-31,134.16269,132.12555,137.71971,129.42114,128.90578,132.11543,123.66907,135.04588,142.72064,135.17404,133.6
T000418,1980-08-31,141.25117,135.11674,142.90897,128.48773,142.55486,137.16374,131.3309,142.93681,142.5259,137.52693,135.1
T000418,1980-09-30,143.97,140.10904,144.44057,140.0392,138.89764,146.09578,132.90788,141.27647,143.49678,139.21747,134.6
T000419,1980-06-30,1017.47656,942.4981,893.9772,103.68416,688.92365,562.0059,197.23352,1067.1969,1145.0991,386.20697,1781.0
T000419,1980-07-31,959.2775,469.89337,689.926,265.36053,723.4697,456.8753,-4.9694824,922.391,1198.6859,500.6626,209.0
T000419,1980-08-31,828.4169,1344.9504,1346.3309,1170.594,482.37616,750.3961,1291.0596,1025.6147,1268.0193,493.04666,2388.0
T000419,1980-09-30,835.21106,802.77814,971.66113,886.58575,633.0152,699.6645,27.743164,881.6649,1206.1013,552.0653,1420.0
T000419,1980-10-31,934.0127,547.94073,709.23706,1227.6555,842.64575,364.5404,-71.660645,708.02765,1219.5101,861.0776,945.0
T000419,1980-11-30,935.3773,1084.0386,852.13007,1228.2623,1009.0357,772.41003,588.8891,1157.1305,1199.73,1038.1318,1877.0
T000420,1986-06-30,170741.48,171596.06,171263.55,170668.61,171826.94,172416.5,171586.31,171999.48,169433.86,171173.84,170788.0
T000420,1986-07-31,170996.61,171366.14,171797.58,172482.27,172453.48,174855.9,168960.97,171604.97,169567.25,170931.3,173241.0
T000420,1986-08-31,171752.3,171393.25,172796.5,172427.33,171493.58,173148.94,169153.81,170322.3,169212.1,171001.22,172605.0
T000420,1986-09-30,172882.47,172381.5,175821.77,171467.83,173064.6,173017.58,173751.78,174104.77,169197.5,171146.5,173026.0
T000420,1986-10-31,173948.78,172436.23,171982.19,170802.58,175459.16,173063.27,174100.58,172743.78,169308.08,169593.6,170950.0
T000420,1986-11-30,174879.48,172135.5,166997.73,167562.73,172625.14,173912.94,167770.75,173237.2,169363.52,169471.66,166865.0
T000421,1980-06-30,277.4145,329.14044,299.9676,94.27066,427.2156,129.59561,-50.44748,302.87338,448.65417,330.6111,581.0
T000421,1980-07-31,291.76462,130.05444,162.62549,-22.239319,358.55566,201.82675,-159.90186,262.08795,446.48492,374.05756,209.0
T000421,1980-08-31,281.7044,552.3459,480.85236,664.448,248.42609,323.2154,858.56555,488.41925,455.06238,405.44608,1168.0
T000421,1980-09-30,296.50247,260.00247,311.52698,405.31268,270.5869,274.32452,-77.6427,177.47241,446.57306,382.12564,314.0
T000421,1980-10-31,315.57263,229.216,328.3036,504.32727,198.82834,51.75595,-118.53717,130.15948,455.19043,415.54718,529.0
T000421,1980-11-30,306.6366,323.19482,267.22928,609.1437,284.433,258.35144,227.36844,372.52884,451.07407,457.69336,557.0
T000422,1980-04-30,113.66789,113.41356,114.699196,114.11584,110.40799,111.95652,113.367676,112.809525,118.85086,116.03392,121.2
T000422,1980-05-31,114.69709,114.75259,114.183395,116.30987,110.81286,113.01244,112.06499,112.6968,119.34805,118.52189,126.1
T000422,1980-06-30,115.559235,114.09765,113.7675,115.03661,110.09961,113.01085,112.57962,113.551,118.60583,118.46381,120.1
T000422,1980-07-31,116.103905,115.93784,116.754135,117.48645,110.697945,113.51401,116.99528,113.19308,118.675766,119.69266,123.7
T000422,1980-08-31,116.319046,117.256355,119.4308,120.90255,113.54183,114.68998,121.49134,114.17985,118.66271,122.01022,128.8
T000422,1980-09-30,116.199684,116.84751,119.22067,122.02253,113.051025,114.65237,119.62841,114.604645,118.72035,121.548294,126.8
T000423,1980-04-30,93.816216,95.71438,97.82284,94.09604,89.8602,90.14275,95.37333,95.10361,101.335945,98.94139,116.1
T000423,1980-05-31,96.50233,96.53316,98.584206,96.808975,92.809204,91.19924,91.841446,96.3027,102.67477,101.45943,117.3
T000423,1980-06-30,98.637924,98.81066,101.03716,97.63303,90.47611,90.95422,96.8857,97.30881,100.5631,103.11149,113.5
T000423,1980-07-31,100.77937,98.9524,103.84856,98.65446,90.97841,90.726295,92.45729,97.73158,100.86542,103.27261,114.9
T000423,1980-08-31,102.23515,98.2813,103.24212,100.57646,92.26751,91.35707,95.7894,97.63708,101.134514,103.58322,111.6
T000423,1980-09-30,101.9469,100.03669,106.7832,107.488785,95.15356,95.25179,103.92655,97.35568,100.969154,105.108185,116.7
T000424,1980-04-30,85.2876,84.604774,85.4078,80.63524,76.964294,79.309044,83.008675,83.84506,86.734245,84.836655,100.3
T000424,1980-05-31,88.95549,85.76052,87.57444,84.86647,83.2134,80.6726,80.36772,86.17452,88.42379,86.093765,99.6
T000424,1980-06-30,91.43081,90.28944,91.79123,87.76442,81.64497,80.65127,88.89862,87.95474,86.126884,87.836136,101.5
T000424,1980-07-31,92.871574,88.614044,93.08548,86.94516,83.35279,79.40559,79.07671,88.26014,86.56772,88.1395,103.1
T000424,1980-08-31,92.92941,88.54408,91.646675,90.2114,85.54712,79.77494,84.24532,87.94149,87.16282,89.51713,99.6
T000424,1980-09-30,91.81721,91.400925,97.12803,98.0264,89.98236,85.73872,97.714874,88.117836,86.25793,93.59387,108.4
T000425,1980-04-30,117.313774,116.96478,123.21374,120.00096,109.759224,114.80455,119.0292,115.94743,129.32152,127.12382,146.5
T000425,1980-05-31,118.06859,116.736786,120.5422,119.797615,111.68201,115.91661,113.87942,116.81343,130.03017,132.44658,151.3
T000425,1980-06-30,118.42105,116.78116,120.8482,116.72269,103.4954,114.783455,112.442894,116.339264,128.34148,133.48988,136.9
T000425,1980-07-31,118.747925,118.54018,126.38388,121.19993,104.317215,115.495346,118.14468,116.586334,128.36855,132.84653,137.6
T000425,1980-08-31,118.57976,115.951004,125.95777,120.426056,100.81503,117.581726,117.92153,116.71575,128.08334,130.90056,134.5
T000425,1980-09-30,117.860535,117.91225,125.70915,125.590546,109.44875,119.13259,115.77004,115.89963,129.18732,127.45936,132.6
T000426,1980-04-30,97.24213,99.54859,99.83467,97.85381,104.16023,97.73624,98.615845,95.724174,115.60602,112.90456,137.7
T000426,1980-05-31,100.67179,101.46216,97.55493,100.306564,111.951385,99.67672,93.685234,96.43466,117.24023,120.18042,141.2
T000426,1980-06-30,105.12457,103.48027,106.35867,104.836205,105.14459,100.20442,104.11631,98.72829,114.13268,122.61424,139.3
T000426,1980-07-31,110.32945,106.66243,115.70447,107.24122,103.840576,102.41297,109.93772,99.985016,114.06371,122.53427,139.1
T000426,1980-08-31,113.793,105.90378,114.08695,107.44115,106.054054,104.50267,108.85267,99.50674,114.078636,120.15994,133.2
T000426,1980-09-30,114.98522,105.23786,106.69283,107.97952,108.007866,103.99907,104.32957,97.70665,115.17313,116.25622,121.2
T000427,1980-04-30,125.54555,127.686874,133.77827,130.86342,129.36371,127.57335,130.61722,127.72171,144.90045,138.89043,157.4
T000427,1980-05-31,124.11617,127.93335,132.34377,133.99768,128.65143,128.62314,127.85644,127.170074,146.08028,144.80933,157.2
T000427,1980-06-30,122.5383,129.29552,134.48401,131.77144,130.39789,129.64244,132.39212,128.62807,144.76637,144.77528,155.3
T000427,1980-07-31,121.09204,130.5646,138.8651,137.12912,128.43327,131.05682,138.92567,128.36586,144.56955,146.40474,157.1
T000427,1980-08-31,120.06809,130.60805,139.15462,140.22163,132.29414,131.74292,141.5816,129.55148,144.13846,148.65086,155.4
T000427,1980-09-30,119.79317,130.81148,138.5548,139.38641,136.37971,131.60628,135.93942,129.68845,145.0205,145.35835,154.1
T000428,1980-02-29,94.97348,90.56463,94.219,91.90849,96.368675,90.75146,89.00714,90.22773,102.34304,98.15228,106.2
T000428,1980-03-31,96.02843,91.43615,94.624016,93.083855,94.54134,91.919586,88.64772,90.72877,102.910126,102.30873,107.0
T000428,1980-04-30,96.96354,92.77591,96.56875,93.76166,96.07053,92.08792,92.228905,91.13857,102.369354,102.31292,108.7
T000428,1980-05-31,97.70062,93.017586,100.5861,96.60707,95.93959,93.302956,97.3023,91.73498,102.1421,102.918945,108.6
T000428,1980-06-30,98.27704,93.71887,101.7379,98.41573,97.04313,94.72997,99.09103,93.10062,101.90141,104.37166,106.4
T000428,1980-07-31,98.864006,94.39406,100.13972,99.44416,100.92975,95.10646,95.61183,92.5807,102.47115,101.69677,106.4
T000429,1980-04-30,133.78828,133.49838,133.80937,134.32455,133.5416,134.38394,133.02905,134.24675,134.5152,133.73593,134.2
T000429,1980-05-31,133.97984,133.41689,133.9613,135.0102,134.20119,134.4246,131.0855,134.07092,134.6762,134.05713,134.3
T000429,1980-06-30,133.96732,133.95164,134.30696,135.69228,133.81602,134.6844,132.1218,134.15189,134.62343,134.14392,134.9
T000429,1980-07-31,133.88152,134.25813,134.8802,135.666,134.23111,134.93806,135.53247,134.59981,134.5695,134.35518,135.1
T000429,1980-08-31,133.84462,134.34029,134.8547,136.2485,134.42328,135.24971,136.533,134.6754,134.59857,134.80377,135.7
T000429,1980-09-30,133.77167,134.52286,134.68486,136.775,134.8745,135.60825,134.87056,135.01465,134.54138,134.89212,135.9
T000430,1980-04-30,122.07429,122.4234,122.83364,123.256966,122.76777,122.05014,121.48699,122.62719,124.01926,123.22832,124.7
T000430,1980-05-31,121.9647,122.55978,122.30609,123.887505,122.39146,123.03328,120.64797,122.48875,124.1755,123.77855,125.5
T000430,1980-06-30,122.26999,122.58302,122.90704,123.85863,122.76353,122.825386,120.92933,122.6663,124.00052,123.854515,124.4
T000430,1980-07-31,122.53208,123.04301,123.35664,124.757484,122.46759,123.179474,125.04299,123.49563,123.96137,123.93447,126.3
T000430,1980-08-31,122.6559,122.98939,122.95556,125.10836,123.62396,123.60773,125.743286,123.24276,123.976944,124.31227,125.3
T000430,1980-09-30,122.68058,123.32834,123.17663,125.758415,123.821365,123.380875,123.64941,123.58716,123.97153,124.29673,125.4
T000431,1980-04-30,112.85609,114.58261,118.043625,117.74612,113.70733,114.669556,117.42351,114.26735,124.71444,121.15061,130.2
T000431,1980-05-31,111.824486,114.64488,117.36778,119.11551,112.000656,115.50792,114.65933,114.26528,125.42577,124.535736,131.3
T000431,1980-06-30,110.84699,114.87485,117.68004,117.61565,115.188385,115.879364,116.28725,115.30677,124.63856,124.50872,128.8
T000431,1980-07-31,109.73942,116.102646,120.564255,121.74041,114.23397,116.86576,123.05009,116.40603,124.495575,125.65877,132.3
T000431,1980-08-31,108.967476,116.25222,120.82804,123.62268,116.576904,117.229996,124.65709,117.0214,124.36341,127.462776,132.4
T000431,1980-09-30,108.7717,116.23658,120.92859,123.9227,118.15108,116.94255,120.98605,117.86233,124.730255,125.805214,131.0
T000432,1980-03-31,114.69117,115.73814,120.16394,119.80007,119.09872,116.97139,119.42459,115.318596,125.85093,121.694,129.6
T000432,1980-04-30,113.18943,115.17673,119.51983,121.54341,118.08146,117.55416,116.48426,115.105934,126.46264,124.895256,129.0
T000432,1980-05-31,111.97492,115.92738,120.419876,120.64855,116.98132,118.02982,119.4248,113.702354,126.072296,124.796684,130.3
T000432,1980-06-30,111.03713,116.06871,121.50042,123.01297,115.615616,118.652374,123.0435,116.468575,125.78621,125.78332,129.6
T000432,1980-07-31,110.20583,116.97651,122.25202,125.69033,117.53367,118.77188,126.35878,117.179794,125.65707,127.877266,132.1
T000432,1980-08-31,109.61985,116.913956,122.16843,125.70157,116.80989,118.78273,122.92879,118.4917,125.948204,126.289154,131.2
T000433,1980-04-30,131.20547,131.6168,134.38167,134.93652,131.88654,135.64879,134.4799,130.98059,136.61282,134.61058,137.4
T000433,1980-05-31,130.45825,130.20796,133.98271,135.2539,132.01102,134.81348,130.38513,130.66267,136.84926,136.07578,136.2
T000433,1980-06-30,130.20724,130.83382,135.62775,134.46603,130.81697,135.3657,130.6566,130.7087,136.7791,135.6473,136.5
T000433,1980-07-31,130.11208,131.34715,138.3841,137.46094,135.39604,136.60669,137.9128,132.35825,136.59781,136.79222,139.8
T000433,1980-08-31,130.12305,131.7364,133.78813,137.8819,134.79198,136.75539,139.414,131.08794,136.53137,137.95512,140.7
T000433,1980-09-30,130.15656,131.34425,131.697,136.14519,134.3423,137.5193,133.16458,132.14287,136.70644,136.86435,137.5
T000434,1980-04-30,102.52797,104.61141,107.2815,107.131,105.47547,103.77459,106.91205,103.6225,115.718475,112.78355,121.9
T000434,1980-05-31,101.61198,105.07915,106.90726,109.052574,104.30909,105.00902,105.15011,104.35434,116.391884,116.90127,124.9
T000434,1980-06-30,101.075745,105.40305,108.10601,108.3312,108.61059,105.278885,107.59546,104.960556,115.35624,117.19575,123.1
T000434,1980-07-31,100.46582,106.51846,110.66472,112.09868,106.7476,106.32405,113.72879,106.68869,115.27714,117.911804,124.7
T000434,1980-08-31,99.780975,106.631035,110.82591,113.33607,110.33793,106.71952,114.550415,106.832695,115.161255,118.75885,123.0
T000434,1980-09-30,99.421425,106.600685,109.97297,112.93129,112.1996,106.257095,110.366776,107.4974,115.69968,116.250916,120.6
T000435,1980-04-30,120.525215,121.70385,127.68263,126.10696,124.46915,122.94812,126.39703,121.63901,135.17888,128.97627,142.7
T000435,1980-05-31,119.145676,121.888214,126.383026,126.82671,123.985916,123.977394,122.92523,121.25552,135.99933,133.21925,143.5
T000435,1980-06-30,117.62106,121.384796,124.34377,121.90041,122.03592,123.80057,120.93294,122.7525,135.40764,132.24443,134.0
T000435,1980-07-31,116.10086,124.1169,129.80412,129.57222,123.5261,125.30176,132.38698,123.53008,135.0613,134.4491,143.1
T000435,1980-08-31,115.20214,124.26627,131.27965,132.96036,126.17596,126.56746,135.08324,124.50954,134.75313,138.20897,145.5
T000435,1980-09-30,115.135345,124.40544,132.29373,134.10458,129.6261,126.024216,130.71652,125.084885,135.25072,136.36249,144.5
T000436,1980-04-30,101.68922,99.251816,96.93897,97.71224,100.400345,97.09073,97.16605,99.34517,102.288765,101.61349,110.4
T000436,1980-05-31,102.78523,99.57121,95.46269,98.23231,100.70497,97.38169,93.78017,99.771225,102.9319,102.90678,111.4
T000436,1980-06-30,104.19543,100.120224,97.33058,99.993546,99.09634,97.72226,99.12522,101.02179,101.589584,103.79016,109.3
T000436,1980-07-31,105.571,101.44002,100.77919,101.1943,100.67128,98.24197,101.45579,101.82033,101.78935,104.00955,111.8
T000436,1980-08-31,106.27556,101.44809,100.873764,102.35256,99.34341,99.15897,102.08864,101.090034,101.98737,104.04013,111.6
T000436,1980-09-30,105.91218,101.32921,100.468056,104.37903,100.77118,99.19884,101.91872,101.670395,101.94365,105.002785,109.3
T000437,1987-06-30,111.25455,105.58682,104.17899,102.5561,108.035965,106.43081,103.71345,110.56472,110.40259,109.15221,120.0
T000437,1987-07-31,113.34058,107.686455,107.066414,105.96713,111.65179,109.173416,106.008995,113.07109,110.61486,110.93147,118.0
T000437,1987-08-31,115.31789,109.67849,113.04284,108.38212,111.319954,108.353195,113.23572,115.09492,110.05098,109.809814,123.0
T000437,1987-09-30,117.00841,109.78893,114.38075,110.57576,111.6426,109.71396,115.23127,115.15542,109.80733,110.585144,123.0
T000437,1987-10-31,115.663994,109.49653,108.37461,110.65427,114.62023,108.95278,116.02008,114.12417,109.67436,109.91384,120.0
T000437,1987-11-30,98.22687,99.83101,98.09354,97.18438,102.10342,98.77309,97.603935,101.804115,110.59672,108.25802,100.0
T000438,1986-06-30,205.68427,207.09517,209.64377,208.85864,206.46385,207.97183,207.92336,206.61253,216.70728,215.07782,229.8
T000438,1986-07-31,206.23988,207.40102,209.10483,209.78882,208.74342,208.57086,202.97696,206.83633,217.06583,219.18565,228.8
T000438,1986-08-31,206.50833,208.35074,212.4935,210.15085,205.49878,208.69652,206.7101,206.50597,215.92465,219.85379,227.5
T000438,1986-09-30,206.75499,208.86563,216.36569,212.6594,204.10512,209.80405,213.35806,207.0029,215.88684,219.63943,226.1
T000438,1986-10-31,206.93057,208.51552,214.15485,211.4872,202.07701,210.7926,214.44348,208.01265,215.58372,218.47119,220.3
T000438,1986-11-30,207.2945,209.23698,212.97127,212.12744,207.3389,211.01305,208.68784,206.77551,216.62138,215.58023,218.2
T000439,1987-06-30,118.369545,117.32561,114.98432,112.73544,114.64217,119.67127,116.71134,120.571594,116.609,108.09141,115.0
T000439,1987-07-31,123.99879,120.58763,121.096176,119.604904,116.63786,122.595795,118.16032,128.35928,117.00204,111.83624,115.0
T000439,1987-08-31,125.59575,121.1458,121.52107,115.416374,117.24019,122.276695,116.91805,130.25624,117.3038,110.366356,114.0
T000439,1987-09-30,125.88511,126.41202,127.17231,119.329414,120.11991,124.45329,124.94942,130.96422,116.66864,113.321625,126.0
T000439,1987-10-31,125.476295,127.23136,124.04561,124.91994,125.28593,125.519485,124.69542,130.20085,116.61651,119.19568,127.0
T000439,1987-11-30,124.69155,126.69793,123.984924,122.87317,123.62972,125.77254,125.01433,130.69838,116.8301,118.296,127.0
T000440,1987-06-30,99.685326,98.908325,99.38913,101.33619,101.2578,98.65671,101.32922,99.538055,105.66082,105.73526,114.0
T000440,1987-07-31,100.132774,99.62415,100.25516,102.481766,103.215546,99.84594,99.714836,99.69203,105.81136,108.659004,114.0
T000440,1987-08-31,100.4278,100.76889,103.01348,102.550606,104.034195,100.858734,103.687706,101.05598,105.131424,109.298584,116.0
T000440,1987-09-30,100.514275,100.913506,104.64246,104.63463,101.44853,101.47917,107.50292,101.829506,104.903984,108.93007,113.0
T000440,1987-10-31,100.55235,100.78644,100.692566,102.73523,102.93489,99.69773,107.45703,101.43242,104.751564,107.0271,109.0
T000440,1987-11-30,100.42533,99.211105,98.302246,99.37079,101.01657,98.06479,98.36089,98.25664,105.57628,104.38444,102.0
T000441,1987-06-30,110.274185,108.41775,104.38616,106.24443,102.820564,102.82176,102.70224,107.83301,119.46967,107.34277,108.0
T000441,1987-07-31,116.98432,111.186035,112.42574,106.55803,105.206,114.45347,103.954956,111.32692,120.009796,113.0651,111.0
T000441,1987-08-31,122.1365,121.877335,119.32024,111.17285,108.56208,118.295395,110.67711,118.35537,120.68802,112.48276,122.0
T000441,1987-09-30,125.8374,126.18071,122.253136,117.26098,116.72363,123.565025,122.71533,126.871025,120.16244,115.26292,124.0
T000441,1987-10-31,128.34099,130.00487,121.58082,120.76527,120.79617,128.329,126.018005,129.35179,119.89846,120.89969,131.0
T000441,1987-11-30,129.25201,125.10515,118.52678,117.72694,119.14872,125.92302,114.97774,126.193375,119.96641,119.30887,121.0
T000442,1987-06-30,4980.0854,4956.8467,5043.0884,4957.9424,4983.811,5030.8286,4916.479,4973.3154,4757.3203,4888.236,4292.0
T000442,1987-07-31,5008.9453,4971.6006,5005.023,4984.727,5021.047,5027.883,4858.0625,4997.5693,4755.339,4886.5903,4398.0
T000442,1987-08-31,5033.1387,5005.843,5167.024,4984.509,4891.131,4913.794,4801.741,5067.501,4778.9966,4880.9595,4494.0
T000442,1987-09-30,5065.566,5055.371,5317.5894,4948.575,5075.3867,4922.376,4918.301,5108.978,4781.8887,4879.4443,4609.0
T000442,1987-10-31,5084.3643,5095.1772,5260.784,5002.5005,5147.9976,5103.732,4961.7983,5144.4766,4784.7056,4939.961,4728.0
T000442,1987-11-30,5101.6597,5130.024,5110.8027,4970.0596,5262.6147,5275.5405,4947.4536,5166.6963,4761.7515,4989.3193,4834.0
T000443,1987-06-30,15963.462,15832.455,15951.6875,15895.691,15914.483,16155.755,15957.698,15896.942,16172.528,16058.5205,15916.0
T000443,1987-07-31,15967.564,15743.286,16010.728,16058.588,16018.762,16231.564,15618.082,15970.808,16217.353,16136.8955,16004.0
T000443,1987-08-31,15991.415,15864.755,16312.38,16116.771,15924.631,16342.182,15997.95,15967.622,16193.83,16163.29,16509.0
T000443,1987-09-30,16040.321,15952.699,16589.533,16311.416,16077.564,16491.658,16582.77,16253.51,16169.293,16241.809,16728.0
T000443,1987-10-31,16089.418,16010.216,16236.738,16341.849,16413.432,16528.154,16679.242,16250.785,16187.312,16319.396,16664.0
T000443,1987-11-30,16137.768,15918.634,15862.258,16072.712,16203.034,16607.148,16193.932,16243.665,16176.322,16314.844,16307.0
T000444,1986-06-30,152725.23,152309.95,153033.9,152554.34,152907.81,154507.97,152528.48,153154.28,152156.14,152323.05,150753.0
T000444,1986-07-31,152940.16,152147.22,153341.06,153188.9,154205.42,155797.4,150181.83,153793.39,152226.89,152342.44,152046.0
T000444,1986-08-31,153463.9,152474.06,154795.19,153440.67,153247.61,155280.11,151495.73,153969.22,152190.67,152459.77,152802.0
T000444,1986-09-30,154137.53,153120.95,156103.62,153252.47,154778.7,155458.55,155476.9,155059.22,152163.61,152546.19,153015.0
T000444,1986-10-31,154880.92,153081.66,154414.0,153198.22,155619.4,156281.0,155751.98,155554.72,152210.27,152429.08,152606.0
T000444,1986-11-30,155560.52,153412.62,152517.7,152186.5,155698.23,157558.8,153120.44,155625.17,152150.06,152453.25,152197.0
T000445,1987-06-30,12637.554,12595.088,12512.319,12402.472,12573.862,12645.475,12389.929,12658.884,12005.268,12508.915,11640.0
T000445,1987-07-31,12740.571,12646.23,12437.718,12397.966,12644.707,12688.967,12167.441,12743.76,12008.494,12520.283,11722.0
T000445,1987-08-31,12849.753,12737.883,12604.926,12533.971,12505.364,12557.375,12259.931,12807.105,12024.962,12512.777,11815.0
T000445,1987-09-30,12966.995,12811.655,12761.099,12350.684,12722.098,12590.248,12496.282,12908.513,12023.567,12512.01,11917.0
T000445,1987-10-31,13069.618,12859.0,12720.664,12320.924,12847.316,12825.174,12443.831,12975.586,12035.629,12555.821,11917.0
T000445,1987-11-30,13168.986,12929.522,12497.675,12275.527,12893.361,13061.5,12426.454,12969.727,12012.878,12519.689,11989.0
T000446,1987-06-30,2638.8066,2642.153,2656.6797,2656.6345,2629.9475,2658.7556,2657.6853,2644.9216,2681.582,2682.2622,2713.0
T000446,1987-07-31,2651.928,2639.2212,2664.4954,2669.5908,2631.0273,2674.4956,2603.218,2639.3757,2685.3916,2699.2812,2735.0
T000446,1987-08-31,2661.7231,2644.0105,2686.6768,2681.3496,2638.9304,2680.272,2643.369,2631.142,2677.7349,2707.9507,2751.0
T000446,1987-09-30,2667.8196,2649.5344,2699.555,2686.9502,2662.3186,2680.226,2720.7686,2661.8652,2677.6636,2708.498,2757.0
T000446,1987-10-31,2670.194,2647.4678,2647.1006,2679.4724,2648.4744,2674.4292,2717.0532,2652.3328,2678.3254,2700.4023,2711.0
T000446,1987-11-30,2670.5598,2653.0525,2622.235,2666.3892,2646.5002,2677.5461,2671.5662,2660.0505,2681.1067,2690.3743,2706.0
T000447,1986-06-30,274.24344,272.42484,278.98416,276.10394,272.91455,279.2307,275.65738,274.7851,271.43832,271.78302,255.29
T000447,1986-07-31,274.7551,271.6289,278.57272,278.60944,277.1727,279.38116,270.80856,274.55853,271.5305,271.65515,259.81
T000447,1986-08-31,275.2641,272.72748,285.55325,278.93436,268.10217,276.1675,270.54886,276.068,272.14743,271.87576,264.74
T000447,1986-09-30,276.66342,275.30475,293.25238,278.9782,280.594,277.7747,278.93124,278.6539,272.13824,272.11615,270.63
T000447,1986-10-31,278.4056,276.3069,288.6618,282.16824,282.1253,284.90967,280.97556,279.8837,272.42987,274.5413,274.38
T000447,1986-11-30,279.62476,277.4784,282.12848,279.94125,284.68134,292.28918,278.3621,280.88177,271.45242,277.3218,278.39
T000448,1987-06-30,126.618576,126.773415,132.95439,131.98808,129.36975,133.07889,132.86469,126.993835,136.3618,133.24966,136.65
T000448,1987-07-31,125.53548,125.634254,133.25977,134.80983,127.84149,134.57524,130.09798,126.680275,136.97078,136.30101,139.65
T000448,1987-08-31,125.61393,126.125786,136.53658,134.12645,126.425644,134.68819,132.21278,125.996735,136.48932,136.5337,141.49
T000448,1987-09-30,125.81977,126.48667,138.91177,135.80939,130.68825,134.08759,136.56815,127.564705,136.3392,137.22658,141.12
T000448,1987-10-31,125.81823,126.73482,131.54971,137.79845,129.46437,134.70157,137.32648,127.94605,136.28706,138.59758,141.22
T000448,1987-11-30,125.60736,127.52677,127.8562,135.53346,130.47473,136.97198,133.18402,129.32849,136.50026,136.79744,141.06
T000449,1987-06-30,166.73856,167.41049,174.53406,173.52467,168.83362,174.99843,174.59177,167.81105,179.8371,176.67667,180.66
T000449,1987-07-31,166.48619,166.47028,175.77888,177.80023,169.33015,178.41179,171.7666,167.23439,180.60594,181.08325,186.12
T000449,1987-08-31,166.86395,167.16756,179.77603,177.30458,166.91673,178.62373,175.26968,165.83647,179.75562,181.54007,188.76
T000449,1987-09-30,167.2325,167.49866,182.56575,179.27806,171.90132,177.97527,180.752,169.16257,179.58035,182.29027,187.67
T000449,1987-10-31,167.53279,167.89594,173.28201,181.29045,172.08221,177.9769,181.66197,168.8684,179.56656,183.39734,186.77
T000449,1987-11-30,167.66063,168.64551,167.86244,177.80057,173.01543,179.48204,175.44849,170.60144,179.94768,180.423,184.7
T000450,1987-06-30,300.2837,202.90318,188.21017,228.34705,248.08395,221.2022,193.35631,194.1767,288.6659,222.75378,153.4
T000450,1987-07-31,319.3719,255.0268,213.7486,254.7739,280.8489,245.17917,248.76779,223.68222,289.95224,258.58118,232.68
T000450,1987-08-31,323.12204,234.82545,208.64386,215.94073,261.23987,222.09387,182.64629,238.0715,296.29245,249.27368,217.01
T000450,1987-09-30,319.34344,294.59525,285.17648,281.37943,288.33643,260.88077,280.78387,254.81505,292.3614,276.06418,306.83
T000450,1987-10-31,308.84537,307.2711,297.7734,300.88577,312.7597,286.75916,335.0468,250.05917,291.70895,309.47882,344.66
T000450,1987-11-30,293.12003,291.30603,253.47356,279.01852,309.4744,264.02274,240.64738,248.76804,288.7449,291.5887,242.59
T000451,1987-06-30,1101.3391,1032.9451,1063.811,1019.69464,1001.1944,975.7457,985.27295,1058.1921,1069.7979,1096.7258,1290.0
T000451,1987-07-31,1111.0532,1030.198,1035.3655,924.5011,936.4727,1016.0873,986.0204,1076.0853,1065.1882,1092.7313,1145.0
T000451,1987-08-31,1100.2567,1045.672,1104.4484,909.3674,677.59534,959.4694,929.6908,1047.2183,1059.9866,1085.6581,1180.0
T000451,1987-09-30,1082.4066,1033.6438,1077.5098,992.82263,755.39764,1012.5626,886.8231,1054.1168,1058.548,1074.7152,1100.0
T000451,1987-10-31,1068.6481,1034.5989,991.01587,911.66656,646.9894,1001.19885,963.6771,1100.5563,1055.9775,1027.9808,1028.0
T000451,1987-11-30,1061.0116,1038.3262,1061.2039,933.81165,743.0666,1009.0015,806.00073,1035.5243,1068.9205,1023.5179,940.0
T000452,1987-06-30,35.791183,34.726406,33.617996,33.607807,32.942482,33.67378,31.882416,35.633087,30.844124,34.8213,37.25
T000452,1987-07-31,35.820347,34.125214,31.30226,31.509468,31.716805,34.263794,31.154654,35.801285,30.863693,34.135826,32.33
T000452,1987-08-31,34.715874,33.36953,31.885254,31.736101,26.257236,31.74493,28.352005,34.579716,30.701958,33.026234,30.4
T000452,1987-09-30,28.874165,33.485245,31.156208,31.511702,30.77102,32.895878,27.331306,34.075096,30.76281,32.772205,29.94
T000452,1987-10-31,29.823112,32.21869,28.758286,27.938858,28.357681,31.716637,28.125883,34.118893,30.52074,31.373547,25.78
T000452,1987-11-30,35.574028,30.187777,28.234816,27.374298,30.353048,28.723343,21.382519,30.137226,31.101055,30.70892,19.87
T000453,1987-06-30,31.388845,29.879229,31.664341,30.030355,33.908737,31.78439,29.300026,29.940044,40.6734,38.957146,54.0
T000453,1987-07-31,32.236084,31.388182,30.17911,33.166954,38.607967,33.055817,31.207375,30.522724,40.986473,44.073593,57.0
T000453,1987-08-31,33.0473,32.63562,37.241028,35.17673,33.131577,32.835503,38.228645,30.826506,39.60701,45.49307,58.0
T000453,1987-09-30,34.001297,33.092056,41.238655,34.991943,31.533552,34.179314,37.44153,31.650667,39.619476,44.328438,49.0
T000453,1987-10-31,35.058907,33.069675,40.32686,35.224033,34.99754,35.72992,37.361526,32.655334,39.392395,42.530235,47.0
T000453,1987-11-30,36.122227,33.308357,35.24907,35.578842,36.49402,35.548576,34.042664,31.10426,40.459793,39.404472,41.0
T000454,1986-06-30,122442.63,122539.68,127424.59,126364.24,124129.02,126788.52,126728.41,123340.945,129457.375,126511.414,128154.0
T000454,1986-07-31,120904.97,121439.984,127572.766,127440.336,124317.08,126806.44,123758.39,123066.625,129901.695,128322.41,129335.0
T000454,1986-08-31,120280.555,121712.21,129616.17,126934.0,121842.67,125937.95,125801.84,123010.484,129743.07,128431.914,130988.0
T000454,1986-09-30,120172.086,121846.33,132034.75,128395.39,125069.29,125895.14,128593.81,122985.74,129560.05,129297.31,131813.0
T000454,1986-10-31,120088.65,122067.15,128038.055,130451.84,125032.336,127420.08,129983.83,122510.76,129605.73,131108.02,133598.0
T000454,1986-11-30,119803.46,122543.266,126046.766,129796.016,125641.77,129099.92,128615.91,125041.875,129564.95,130539.625,134783.0
T000455,1980-06-30,1393.501,1428.0309,1378.907,1370.0125,1380.0189,1375.3741,1347.132,1413.0044,1308.1967,1368.3292,1298.0
T000455,1980-07-31,1397.088,1406.5631,1395.5686,1386.6586,1389.8264,1386.668,1331.4019,1376.4104,1301.3474,1361.6138,1315.0
T000455,1980-08-31,1391.7072,1449.6273,1436.0156,1431.7178,1377.1315,1371.9097,1409.8846,1444.0939,1302.1324,1351.1141,1315.0
T000455,1980-09-30,1377.4823,1463.1423,1475.9702,1390.2041,1441.6987,1381.225,1405.2158,1442.6844,1300.5079,1354.4346,1391.0
T000455,1980-10-31,1339.1653,1379.7825,1382.135,1361.0046,1419.157,1351.4861,1347.6249,1339.2709,1299.2454,1345.2106,1294.0
T000455,1980-11-30,1228.2062,1316.4672,1308.4288,1289.0875,1348.4788,1313.9126,1286.7189,1342.0281,1305.9199,1344.6707,1215.0
T000456,1981-02-28,4.1145964,5.337722,4.801759,5.7520537,4.5860353,5.11375,5.6583576,5.4429445,4.7936435,5.404146,5.53
T000456,1981-03-31,4.045016,5.653214,5.6863966,6.03261,5.1634355,5.188627,5.3713818,5.645024,4.8696885,5.683838,5.76
T000456,1981-04-30,3.9196558,5.6292014,5.532687,6.7957816,4.9665294,5.3096266,5.224662,4.969462,4.7390337,5.9646273,5.76
T000456,1981-05-31,3.8920772,6.3412914,5.9478097,7.3253284,5.1866903,5.3587084,6.678384,5.9456806,4.6378894,5.887736,7.63
T000456,1981-06-30,3.8931537,3.4047608,4.079294,5.693906,3.0305476,4.087888,4.129784,4.347015,4.613884,4.8837094,3.63
T000456,1981-07-31,3.8430989,3.9983354,3.444145,6.014263,3.9987936,3.3181107,4.0440936,3.5615482,4.7622814,4.318426,3.64
T000457,1981-04-30,4.0581,4.2312813,4.0159097,4.584995,4.0499377,3.7592127,3.8809774,4.224935,4.525526,4.261063,4.18
T000457,1981-05-31,5.0284157,4.1674147,4.5872426,5.8500423,3.999462,4.540982,4.530036,3.6660438,4.600446,4.6681747,4.18
T000457,1981-06-30,5.2935324,6.0808487,5.853948,7.7270937,5.350747,5.3285484,7.0534062,4.8014593,4.596959,4.9937553,8.05
T000457,1981-07-31,5.184,4.8423443,5.55791,6.2403326,4.7779794,5.1061735,5.0232587,4.8909564,4.475172,4.8580313,4.6
T000457,1981-08-31,5.0139465,5.02332,5.285156,6.544425,4.802526,4.9166017,5.2018447,4.603609,4.5447564,4.6224957,5.2
T000457,1981-09-30,4.8494763,4.4363036,4.118482,6.0854635,3.838821,5.2229757,4.573948,4.163557,4.529624,4.4455605,3.72
T000458,1981-02-28,20.806925,20.643827,20.409634,21.169186,21.564806,20.693363,19.853727,20.936623,19.57866,20.640701,19.32
T000458,1981-03-31,21.111261,20.861965,20.629688,21.8481,22.167334,20.899172,20.231054,21.098782,19.539164,20.536596,20.15
T000458,1981-04-30,21.384327,20.844872,21.130283,22.419672,21.847452,20.778477,19.719833,21.033894,19.515322,20.47161,19.45
T000458,1981-05-31,21.623924,20.824356,20.901129,21.897335,22.269136,20.324915,19.410595,21.009525,19.5667,20.554699,19.22
T000458,1981-06-30,21.864977,20.766129,20.710114,21.576065,21.469019,20.269594,19.710705,21.039661,19.531876,20.3949,19.36
T000458,1981-07-31,22.016264,20.940273,20.49988,21.853065,23.426012,20.890036,19.87521,20.852684,19.603954,20.396593,18.87
T000459,1982-06-30,78.41298,78.49353,77.08023,78.35634,77.42872,75.82455,75.80559,78.675186,80.58809,81.53385,86.3
T000459,1982-07-31,78.27501,79.01926,77.08345,77.75721,77.71424,76.59906,75.56238,79.112755,80.85888,82.270035,88.1
T000459,1982-08-31,78.0513,79.129105,78.710785,79.68931,76.6723,76.44765,77.53445,79.22017,80.279335,83.18603,86.5
T000459,1982-09-30,77.78801,79.16733,79.64201,79.14097,76.399155,76.42036,78.46623,79.701035,80.33,82.13991,82.3
T000459,1982-10-31,77.41668,79.314995,79.457756,77.16614,76.56499,76.673225,77.05154,80.000084,80.26682,79.16752,79.8
T000459,1982-11-30,77.08669,80.0662,78.446236,79.49028,78.73233,77.91032,76.58935,79.226,80.57228,78.343735,78.5
T000460,1982-06-30,71.00735,69.15409,68.63884,68.67653,70.64556,67.18483,67.92743,69.163734,74.85782,73.856995,86.9
T000460,1982-07-31,71.611046,69.864136,67.36692,67.957596,70.85386,67.924126,67.97735,70.06651,75.31775,75.4991,87.4
T000460,1982-08-31,72.115875,70.16836,69.40175,69.208855,68.59917,67.810196,73.074486,69.88113,74.43171,76.745224,84.9
T000460,1982-09-30,72.63773,69.68924,70.93509,67.39641,67.2614,67.78281,69.483505,69.87054,74.62748,75.1673,75.4
T000460,1982-10-31,72.99948,70.66035,71.31826,67.741806,71.46627,68.43642,67.49135,72.07671,74.42799,72.37426,72.6
T000460,1982-11-30,73.10308,71.92107,71.662,71.59317,75.61676,70.530174,71.1835,70.73819,74.83544,71.854095,77.2
T000461,1982-06-30,104.579796,104.83414,105.15695,105.729866,103.96122,106.39261,105.43424,105.371475,102.63007,103.36554,102.8
T000461,1982-07-31,103.81265,104.591156,102.98095,105.24742,105.0144,106.46503,102.435265,105.647446,102.43343,103.25929,102.1
T000461,1982-08-31,101.56956,103.50368,103.791336,104.6473,102.39195,104.13803,101.88741,103.685646,102.53463,103.07566,100.9
T000461,1982-09-30,99.26182,101.0973,103.49981,103.8355,102.366806,102.35476,101.50309,104.10262,102.642136,102.809685,98.7
T000461,1982-10-31,101.6831,102.63939,101.535255,103.49717,103.569405,103.68081,103.4039,105.07553,102.56394,102.89168,99.6
T000461,1982-11-30,103.215576,103.57993,101.60742,103.923744,106.24481,106.16451,101.79368,105.80468,102.71721,103.144424,101.2
T000462,1982-09-30,72.66673,77.968834,104.590576,107.894066,87.14567,75.5182,83.96544,82.73949,125.79545,118.857,77.0
T000462,1982-10-31,127.078445,126.94545,120.97259,124.75264,127.76193,129.65536,124.684814,125.56729,126.59495,125.790596,130.0
T000462,1982-11-30,132.69466,131.27878,129.94913,124.0,132.77893,133.50246,117.71937,130.15472,126.95556,127.75017,129.0
T000462,1982-12-31,131.8747,134.60936,133.65137,130.35774,138.75964,135.62025,136.06271,133.0101,126.28505,130.49117,137.0
T000462,1983-01-31,130.41138,131.40228,135.04704,136.73605,134.65802,138.6645,134.90611,134.86928,126.809395,133.64484,133.0
T000462,1983-02-28,128.68123,134.78511,125.07765,133.07465,136.27296,135.34671,128.06703,134.36559,125.0109,130.64297,135.0
T000463,1982-11-30,178.76096,178.56691,181.45515,181.2343,176.99998,182.63927,182.17091,179.48457,176.66223,177.14914,178.3
T000463,1982-12-31,179.44762,178.17722,181.49539,182.59021,179.98122,181.88844,178.61772,179.37518,176.53685,176.98618,177.9
T000463,1983-01-31,180.01714,177.35904,182.55492,179.77414,175.87332,177.99622,176.26,178.54779,176.55142,176.67943,175.5
T000463,1983-02-28,180.92989,177.84265,184.71355,180.30627,178.21754,177.9732,180.61174,179.2646,176.72038,176.51091,175.6
T000463,1983-03-31,182.16473,177.97441,180.73615,179.9288,176.37291,180.1954,180.70686,179.81435,176.62386,176.79591,175.4
T000463,1983-04-30,183.155,178.92238,178.47003,177.8527,176.49261,183.93587,176.96896,180.72157,176.77055,177.10477,177.5
T000464,1982-11-30,154.18224,158.13208,163.15369,162.82555,157.84259,160.59424,162.84708,156.58836,165.39798,160.26479,161.9
T000464,1982-12-31,151.7049,156.52039,162.06206,165.26347,155.34648,158.64212,160.24203,153.87282,165.18996,163.42932,163.6
T000464,1983-01-31,149.09212,155.97089,164.54472,159.53062,151.07378,155.1348,152.34738,149.79355,165.77576,162.72986,163.3
T000464,1983-02-28,147.60205,156.38966,168.52444,164.68527,158.71487,155.31522,161.41042,157.63861,165.64462,164.11447,165.0
T000464,1983-03-31,146.8578,157.5614,158.93152,165.4159,155.68024,157.39488,165.50772,154.12178,165.51888,166.23119,163.7
T000464,1983-04-30,146.19516,156.83656,156.21979,162.1894,157.95084,159.99524,156.25055,156.06126,165.55246,163.99612,166.8
T000465,1981-11-30,146.83437,151.93814,152.67932,156.63599,151.55426,147.06529,154.95592,154.19022,156.5142,152.09879,140.0
T000465,1981-12-31,156.91556,149.63377,144.28761,147.26453,153.01465,152.58353,141.10674,137.33041,156.31586,159.7938,141.0
T000465,1982-01-31,165.27359,160.55428,150.38866,144.36987,151.95593,153.14497,150.1117,159.77542,157.63637,159.13882,152.0
T000465,1982-02-28,168.26071,159.06288,162.20734,174.5471,151.8105,154.3334,153.86058,160.9949,158.77464,169.55966,148.0
T000465,1982-03-31,166.6964,158.005,161.11998,152.59207,152.57552,149.01491,153.77135,153.12306,155.98032,165.15735,145.0
T000465,1982-04-30,162.75917,144.8878,144.8164,155.70798,144.9587,148.91283,137.2703,146.56842,159.09,154.69156,132.0
T000466,1982-06-30,1678.8071,1734.9072,1789.343,1721.6833,1667.0917,1711.4546,1670.9388,1712.604,1679.8325,1873.2386,1574.0
T000466,1982-07-31,1331.9497,1386.851,1533.594,1586.132,1281.791,1231.658,1366.3009,1323.0432,1667.4099,1862.4662,1239.0
T000466,1982-08-31,1742.5911,1820.4697,1758.9763,1767.8734,1726.9138,1715.1235,1688.7762,1751.555,1683.6876,1862.2039,1593.0
T000466,1982-09-30,1856.747,1900.0618,1828.8359,1783.7717,1799.1499,1765.6709,1692.3885,1844.2153,1689.566,1860.0273,1663.0
T000466,1982-10-31,1878.7505,1880.5483,1788.885,1747.1364,1850.4478,1799.8816,1692.2435,1865.8789,1690.3508,1915.5925,1675.0
T000466,1982-11-30,1886.7896,1971.6613,1810.7446,1794.8258,1920.7804,1889.1749,1844.1683,1948.8098,1691.4398,1965.022,1844.0
T000467,1982-06-30,1656.5386,1713.9285,1710.0208,1644.3142,1659.9102,1655.2788,1635.6647,1679.6339,1594.0712,1748.6255,1519.0
T000467,1982-07-31,1121.3201,1260.398,1414.3367,1526.3267,1422.0763,1126.2194,1323.4369,1243.2493,1582.0106,1741.2526,1121.0
T000467,1982-08-31,1589.9762,1639.0968,1634.8899,1611.9642,1569.9164,1513.3302,1512.8804,1552.2872,1600.6853,1725.6974,1444.0
T000467,1982-09-30,1784.3552,1843.236,1784.291,1677.9948,1801.3414,1689.8058,1651.7233,1795.8368,1601.1888,1721.8596,1627.0
T000467,1982-10-31,1819.9264,1793.5477,1675.4642,1653.1818,1791.4026,1719.8589,1667.8776,1770.3461,1605.1484,1792.1261,1593.0
T000467,1982-11-30,1824.1577,1869.1243,1669.7415,1641.241,1847.5565,1782.7292,1718.5808,1818.9568,1604.5847,1837.1434,1691.0
T000468,1982-06-30,142.6824,145.03839,140.13733,138.09587,143.51369,140.14339,133.0269,144.3075,138.8329,148.54922,147.0
T000468,1982-07-31,110.568924,102.97592,122.03689,131.29868,116.319244,111.16189,107.540375,112.16342,139.11119,147.21428,105.0
T000468,1982-08-31,145.50322,153.21048,143.28539,150.43283,151.50032,145.4095,152.78484,146.48154,139.42572,146.51466,155.0
T000468,1982-09-30,149.90437,152.3605,156.98685,149.82744,155.64626,153.72414,144.7815,152.3937,138.0606,147.69397,155.0
T000468,1982-10-31,148.43797,150.10867,140.60245,144.30623,150.90569,142.6848,146.16977,148.27626,139.43146,148.77232,146.0
T000468,1982-11-30,147.60683,134.28017,130.32042,136.00511,135.6254,143.0835,131.62004,140.14867,139.89453,151.64706,130.0
T000469,1982-08-31,1609.6494,1617.531,1662.261,1706.7251,1641.1332,1604.2842,1470.5792,1725.9445,1902.2886,1804.3448,1784.0
T000469,1982-09-30,1391.7551,1313.5769,1616.1428,1558.769,1327.0569,1299.4607,1230.7402,1330.6737,1914.9308,1819.14,1386.0
T000469,1982-10-31,1948.966,1878.92,1782.4845,1845.7164,1974.832,1877.8588,1744.0873,1831.4868,1931.1112,1845.5347,2071.0
T000469,1982-11-30,1975.7705,1955.7498,1913.6635,1914.5845,1983.2726,1965.6722,1908.1089,1941.789,1908.3594,1890.1858,2126.0
T000469,1982-12-31,1954.1534,1849.1034,1908.9474,1837.2981,1932.9281,1867.116,1853.1151,1929.4436,1915.5969,1930.5355,1946.0
T000469,1983-01-31,1942.3384,1883.2178,1868.0977,1915.9998,1959.8354,1974.5813,1790.8052,1915.9287,1907.332,1972.4904,1938.0
T000470,1982-01-31,72.016235,77.63473,94.21578,95.10251,81.63869,74.50708,77.99547,84.22406,99.89046,99.70105,77.5
T000470,1982-02-28,104.14763,105.46095,102.576775,105.49725,105.58696,105.58564,106.263504,104.51769,99.75052,102.30499,110.3
T000470,1982-03-31,107.147156,104.31427,106.324,103.188934,101.06842,103.38112,95.6166,103.08179,100.46981,103.2513,102.0
T000470,1982-04-30,106.33735,103.824005,103.17998,102.818634,99.127205,101.35305,104.20727,103.18683,100.3155,103.66048,97.9
T000470,1982-05-31,105.10576,98.48941,105.290016,103.22331,97.67721,101.989204,102.11024,104.16007,99.76755,101.48944,89.3
T000470,1982-06-30,103.99123,101.652885,97.55066,100.747696,100.33299,99.683266,94.02886,101.56044,99.53484,99.03574,97.7
T000471,1981-11-30,215.00928,231.50528,217.86725,230.15056,200.72014,225.043,239.51656,225.55795,188.96486,208.20305,229.0
T000471,1981-12-31,220.38144,204.2,203.53621,203.16565,188.37389,184.60732,184.03423,195.55252,186.68419,200.57748,184.0
T000471,1982-01-31,225.00421,199.93907,211.7997,194.56812,183.94913,180.6682,174.76208,196.68845,188.37341,193.00313,168.0
T000471,1982-02-28,228.58961,214.40782,231.69823,219.17702,210.44456,204.84656,224.45782,229.71304,188.48517,199.30913,223.0
T000471,1982-03-31,221.03079,189.33914,164.75764,163.1376,200.91745,182.56303,173.15518,226.53818,182.93036,181.84213,103.0
T000471,1982-04-30,183.37955,181.68053,159.9267,143.29471,169.41603,179.11116,167.09447,163.91359,191.70221,180.02672,140.0
T000472,1982-09-30,117.596146,115.249756,113.18134,112.86845,119.49933,114.563385,108.16159,113.6616,126.190575,116.884224,113.0
T000472,1982-10-31,131.72337,128.2473,123.091576,121.9762,134.08195,131.88551,119.43071,129.9652,126.47266,126.79793,128.0
T000472,1982-11-30,134.60915,136.37878,128.55087,123.48973,136.2093,135.60254,125.91754,132.64642,126.633675,126.14599,133.0
T000472,1982-12-31,135.4321,140.8139,136.62862,126.64406,140.64201,138.58424,136.32701,135.56566,125.827644,128.40765,136.0
T000472,1983-01-31,134.8649,137.14603,132.40471,132.18767,143.70389,136.19312,133.81976,134.49562,125.76214,133.05525,138.0
T000472,1983-02-28,134.02957,129.93016,124.131195,128.70035,136.80852,135.60965,124.32694,129.78734,126.02444,125.1825,129.0
T000473,1982-09-30,112.17651,114.07643,114.3163,114.22613,113.91795,113.65398,112.4303,113.950226,111.43805,111.812836,107.0
T000473,1982-10-31,112.31155,115.320656,115.32592,116.224266,114.45307,114.8047,112.71231,114.63954,111.56178,111.69729,110.0
T000473,1982-11-30,112.35594,115.49234,116.947395,116.72884,114.318504,113.12246,111.29613,113.852715,111.70509,111.76767,111.0
T000473,1982-12-31,112.50202,115.493256,118.33376,115.51957,114.72887,112.16484,113.468216,114.53525,111.67518,111.979126,111.0
T000473,1983-01-31,112.71908,113.0696,115.55409,115.26962,113.10141,112.59145,112.20763,111.35346,111.61142,111.74602,109.0
T000473,1983-02-28,112.64141,114.06345,113.67832,114.19958,113.2147,114.15354,109.92196,113.64953,111.50187,111.94031,111.0
T000474,1981-09-30,3.699906,3.9503603,3.85,4.57237,3.9905727,4.077413,4.2753687,4.0860786,3.4277604,3.8313735,3.11
T000474,1981-10-31,3.7202115,4.1895485,3.99986,5.0378375,4.244794,4.373044,4.3058667,4.273246,3.4429777,3.773442,3.62
T000474,1981-11-30,3.7507005,4.283275,4.083708,5.8002825,4.122565,4.309285,4.629551,4.3130374,3.4369688,3.8158095,3.59
T000474,1981-12-31,3.7424047,4.105171,4.038166,5.291805,3.9796214,4.050278,4.329723,4.2263513,3.4242442,3.803601,3.4
T000474,1982-01-31,3.7641613,3.269148,3.7790956,5.053118,3.4130292,3.8412738,3.5366523,3.8829045,3.4278488,3.6091328,2.72
T000474,1982-02-28,3.869274,3.856071,3.6849709,5.417392,3.8313713,4.1909146,3.9769378,3.9689224,3.4368753,3.5937774,3.19
T000475,1982-09-30,135.32571,132.35559,136.76637,136.09312,133.8027,132.9749,133.18602,138.35408,133.8293,136.05699,127.0
T000475,1982-10-31,137.00664,150.91954,141.48204,143.07155,154.09737,142.82716,147.94261,144.77548,133.48941,138.15634,153.9
T000475,1982-11-30,137.40532,136.43895,137.12761,137.12285,137.01321,136.32089,133.15685,138.39148,133.3735,138.4899,131.4
T000475,1982-12-31,137.57114,137.80731,136.75565,136.6342,141.59859,134.38058,138.09622,140.94928,133.69382,137.37222,132.7
T000475,1983-01-31,137.66783,133.10951,134.45445,135.45622,138.29893,135.47266,135.22243,138.59633,133.01172,133.69954,130.1
T000475,1983-02-28,137.19696,130.74048,129.82655,132.10004,135.3678,130.31601,128.23595,132.82173,133.5787,130.77187,126.4
T000476,1982-07-31,1305.7942,1165.9088,1183.5178,1168.0286,1205.5497,1257.7144,1164.747,1199.1133,1061.785,1325.1534,1108.0
T000476,1982-08-31,1300.0856,1164.0068,1161.3862,1137.1998,1253.4421,1225.898,1156.9167,1269.8121,1037.3015,1294.0631,1100.0
T000476,1982-09-30,1279.2823,1155.4036,1245.0927,1193.7339,1186.3363,1228.1104,1185.8821,1277.1743,1034.7872,1258.5868,1038.0
T000476,1982-10-31,1233.1561,1189.1091,1288.3835,1215.1785,1195.5654,1266.0369,1292.5424,1316.8611,1039.5302,1260.8798,1266.0
T000476,1982-11-30,1137.3433,1014.60767,1095.5436,1069.9655,1235.4955,1146.7615,1158.1296,1190.199,1034.6578,1241.2068,1042.0
T000476,1982-12-31,937.0918,863.36127,911.2935,877.07117,1030.5436,961.93207,1003.1977,893.91205,1056.6522,1247.7948,776.0
T000477,1982-07-31,278.14633,263.92975,269.4624,260.4323,265.6155,272.8575,262.83527,267.54962,256.53723,269.635,228.0
T000477,1982-08-31,285.9596,261.86432,262.69745,266.77332,271.5636,269.4487,257.7004,270.54062,255.26407,270.21982,224.0
T000477,1982-09-30,296.45526,281.01602,281.57278,274.2319,281.51007,278.2969,272.05328,276.335,256.09384,270.90054,254.0
T000477,1982-10-31,303.51202,276.62076,274.21915,265.8842,291.78778,269.32318,260.20117,275.34848,257.23108,269.7604,241.0
T000477,1982-11-30,307.25146,286.1425,287.61542,283.3643,299.33633,290.44543,277.49127,291.2541,258.36057,278.4102,257.0
T000477,1982-12-31,309.23065,309.02744,288.9464,284.25003,329.47937,310.80243,306.78143,304.13467,256.74942,285.4855,308.0
T000478,1982-11-30,258.95856,254.39937,252.71335,254.66415,246.64485,257.37384,242.54643,257.9477,240.85638,231.84749,199.6
T000478,1982-12-31,276.3434,267.84424,261.15497,262.07382,261.8307,278.94638,259.7628,259.43903,239.92067,235.19684,217.2
T000478,1983-01-31,283.92712,276.25244,282.46234,270.1541,262.74835,273.74786,265.3686,261.44223,242.91034,237.4218,246.3
T000478,1983-02-28,286.62204,257.36713,279.03696,249.12732,254.60995,252.423,242.55527,249.8042,242.55423,236.85898,203.4
T000478,1983-03-31,287.46405,267.44403,276.0703,261.43622,273.7733,268.99182,257.0843,253.7081,242.73016,240.92975,242.5
T000478,1983-04-30,287.36993,272.43033,267.05646,265.38464,282.66467,292.36237,255.43375,269.91913,240.95549,245.62677,242.2
T000479,1982-07-31,161.4672,159.94334,162.94923,160.23947,156.0525,156.27422,155.81747,158.36989,165.94977,168.96912,151.1
T000479,1982-08-31,159.7274,160.88269,165.3236,162.95154,159.6789,159.71547,155.24092,159.52592,166.70723,168.6348,153.5
T000479,1982-09-30,169.9806,175.99948,175.71922,174.64412,172.81165,169.0682,172.79288,173.5459,166.42084,170.09204,178.0
T000479,1982-10-31,171.99243,172.84856,175.6243,171.548,170.73068,170.53278,169.66095,175.95047,166.15714,170.33269,174.5
T000479,1982-11-30,171.39697,177.19641,175.59224,175.83942,176.95113,170.81073,174.36856,176.08069,167.25648,171.71611,178.2
T000479,1982-12-31,171.04022,172.82863,170.50513,170.72601,168.98662,171.87373,173.27725,177.01328,165.95787,174.8921,175.8
T000480,1982-07-31,230.68541,248.0737,259.4386,240.27321,244.50937,253.50082,251.3146,250.26523,245.36395,245.2126,214.2
T000480,1982-08-31,264.38876,248.37062,250.64926,248.39885,257.08096,253.98276,242.70032,243.71826,244.78201,244.18399,219.3
T000480,1982-09-30,281.67255,255.38113,265.83423,250.00293,242.1939,252.4673,240.11165,244.65555,245.1367,243.69682,221.8
T000480,1982-10-31,284.69342,275.27023,266.77643,255.03662,288.553,253.13483,254.44933,266.99725,247.5596,244.37595,240.8
T000480,1982-11-30,283.05313,285.16028,280.3934,276.85193,292.84842,290.2828,267.18784,286.43143,247.53337,260.1702,253.0
T000480,1982-12-31,280.8213,323.35095,281.00305,284.69205,343.1677,307.3599,320.9046,306.25427,245.75691,275.16785,324.6
T000481,1982-08-31,124.28971,121.630615,125.96265,126.57896,117.33298,118.046684,119.65912,122.58031,129.36977,133.12212,114.1
T000481,1982-09-30,112.69266,120.818985,125.94005,126.58495,115.49517,117.86292,118.11334,116.09024,129.33673,133.14857,115.0
T000481,1982-10-31,135.12845,134.64111,136.54857,133.46289,131.90295,129.03258,125.11342,131.06271,129.47188,133.40367,130.2
T000481,1982-11-30,139.04651,139.72678,139.81425,135.06071,139.27579,134.8437,134.01793,138.33295,129.29776,133.90515,134.4
T000481,1982-12-31,139.74097,143.87369,139.7693,138.38617,144.65942,138.48497,140.7511,141.28929,129.87851,136.32574,138.5
T000481,1983-01-31,139.95912,141.62978,134.8709,134.09431,140.49718,138.43988,136.99594,140.618,129.52238,138.70256,138.1
T000482,1982-09-30,152.70685,153.11028,150.20874,152.35587,152.73256,155.37617,152.81718,152.81735,146.81506,150.92575,145.32
T000482,1982-10-31,153.5549,152.91812,149.747,151.81975,152.71269,154.22311,148.13116,152.50081,146.58139,150.36966,146.12
T000482,1982-11-30,154.82413,150.11673,150.33374,151.0294,146.83812,150.29573,143.7786,148.29437,146.71587,149.3574,140.48
T000482,1982-12-31,156.73027,156.91046,157.63908,153.83665,157.36282,154.49832,156.82521,156.27661,146.63358,149.80008,151.52
T000482,1983-01-31,158.89052,155.10616,152.44853,150.20222,158.38495,155.18738,154.14145,154.86975,146.46004,149.91763,146.98
T000482,1983-02-28,160.15762,153.48058,146.74278,147.8976,157.8656,155.44547,147.61317,153.76985,146.76231,149.94795,140.45
T000483,1982-07-31,166.71716,172.23802,168.82341,165.79997,167.47473,167.12767,163.6618,168.08398,160.48665,169.26115,153.0
T000483,1982-08-31,129.33017,128.94746,149.89517,157.44313,123.80825,126.8049,136.59114,125.07045,159.39413,169.21616,113.0
T000483,1982-09-30,167.87302,169.89856,169.25397,169.59515,166.74194,162.4183,158.29465,168.28664,161.61792,167.72081,151.0
T000483,1982-10-31,176.86565,173.09958,179.50673,166.25781,176.82281,169.63379,156.62318,177.89969,161.19382,166.46588,159.0
T000483,1982-11-30,178.23802,177.42299,173.82373,169.99715,179.73935,174.3389,173.43958,178.2847,162.03867,173.33144,165.0
T000483,1982-12-31,178.07236,177.37996,173.99545,167.55937,173.4079,182.22462,166.43723,176.84195,161.17044,177.34921,161.0
T000484,1981-11-30,394.3247,393.99878,401.477,394.96008,390.2731,387.32388,385.6005,392.08585,409.1528,400.592,418.3
T000484,1981-12-31,396.4483,395.5349,397.75223,396.2056,387.12692,387.2736,377.8176,392.23672,410.7204,406.25595,417.1
T000484,1982-01-31,398.6278,398.7522,400.84772,394.27872,388.8433,389.37738,383.0203,394.02393,409.63663,406.69394,416.8
T000484,1982-02-28,400.62366,401.21982,407.6315,399.65793,388.42023,391.6793,398.20096,394.6819,409.37656,408.3634,418.3
T000484,1982-03-31,402.0195,400.12268,407.25867,404.21716,377.38153,391.921,402.6674,396.17935,409.08228,412.39227,415.8
T000484,1982-04-30,402.7937,403.0009,408.421,409.0625,389.56113,394.1662,396.31656,396.1888,409.50922,410.57867,426.1
T000485,1982-11-30,1.0335118,0.83297384,0.92998254,1.5056705,0.8079831,0.76837355,0.8894774,0.8200561,0.91007537,0.918361,0.75
T000485,1982-12-31,1.0897036,0.96542877,0.8852911,2.0676103,0.97384256,0.78790325,1.0423687,0.8619537,0.91499543,0.9361109,1.09
T000485,1983-01-31,1.116605,0.7987805,0.89696825,2.2619443,0.80708826,0.79816604,0.91479474,0.8372952,0.9137081,0.93479025,0.65
T000485,1983-02-28,1.1245832,1.0231788,0.97567165,2.3544607,0.90527195,0.80474645,1.0760717,0.9347298,0.9121159,0.9663221,1.11
T000485,1983-03-31,1.0663091,0.7510736,0.922586,2.267,0.58718026,0.71571887,0.963212,0.7923882,0.8990999,0.9006059,0.58
T000485,1983-04-30,0.9593271,0.9303768,0.8389772,2.503654,0.7648771,0.8039624,0.950069,0.8544278,0.90684706,0.857923,0.87
T000486,1982-01-31,3500.0178,3059.0422,3298.8096,3185.062,3099.2705,3036.733,2928.3667,2955.2874,3043.6921,3418.521,2226.0
T000486,1982-02-28,3618.1328,3497.0972,3348.2192,3400.59,3702.0317,3490.7373,3400.3232,3340.8384,3040.0327,3436.1113,2721.0
T000486,1982-03-31,3776.5918,3643.747,3649.2112,3279.9785,3600.7798,3328.9277,3238.542,3444.4512,3069.1526,3379.835,2969.0
T000486,1982-04-30,3876.2314,3655.1038,3852.6802,3411.2876,3758.1138,3463.1226,3320.419,3670.1199,3056.4932,3411.0947,2981.0
T000486,1982-05-31,3927.9927,3872.5884,3684.4224,3388.6628,4064.0156,3560.6343,3626.1553,3603.5598,3073.6152,3463.0642,3237.0
T000486,1982-06-30,3960.5972,3226.1824,3143.4436,2940.8574,3253.6558,3273.9507,2809.0474,3263.0186,3044.537,3411.567,2523.0
T000487,1982-01-31,3180.0283,3127.2832,3201.4878,3218.869,3334.3892,2953.1785,2986.9148,3230.752,3388.7422,3283.2937,2574.0
T000487,1982-02-28,3538.0762,3618.3452,3455.125,3447.38,3897.747,3729.244,3439.8157,3590.8108,3406.0627,3366.3958,3224.0
T000487,1982-03-31,3843.1953,3668.742,3698.5493,3333.2354,3713.2332,3541.0342,3193.2632,3536.6816,3416.0925,3334.5408,3289.0
T000487,1982-04-30,3874.437,3915.6565,4037.9114,3649.8547,3961.337,3810.358,3675.478,3910.8296,3401.258,3446.864,3605.0
T000487,1982-05-31,3830.0156,4122.783,3816.6675,3682.8772,4290.453,3867.8115,3984.565,3833.5325,3401.638,3503.5544,3883.0
T000487,1982-06-30,3799.6829,3238.1155,3266.3896,3242.058,3428.0747,3440.4019,2947.043,3460.8298,3397.8916,3455.8616,2957.0
T000488,1983-06-30,149.41272,145.58531,152.54239,155.04689,141.68393,143.05751,145.52411,147.27638,154.14056,162.07822,140.9
T000488,1983-07-31,145.53731,151.638,153.34628,155.49336,148.66287,152.311,149.49797,149.203,154.17029,162.33252,146.6
T000488,1983-08-31,158.91231,160.30063,159.84163,159.95462,158.68224,157.22375,154.40405,158.99501,154.5264,162.06262,153.2
T000488,1983-09-30,160.36807,161.14671,161.37473,159.96408,160.57489,160.16373,159.71745,160.3078,154.43149,162.23766,154.2
T000488,1983-10-31,160.3686,164.36252,162.11569,159.73854,163.11156,161.62123,162.54926,160.73195,154.85767,163.18199,157.4
T000488,1983-11-30,160.40372,158.05518,156.14694,157.44609,156.06406,159.20071,155.06331,159.00159,154.07394,162.75336,150.6
T000489,1981-09-30,3.6481962,3.965407,3.6854854,4.4800673,3.8591707,3.9483175,4.126845,3.9568462,3.3969643,3.5975246,3.29
T000489,1981-10-31,3.6944325,3.8361387,3.7020779,4.765807,3.8148513,3.906229,4.0225368,3.9895463,3.4060135,3.5670881,3.32
T000489,1981-11-30,3.7607136,3.8330915,3.7187443,5.215478,3.7995129,3.7620382,3.8085175,3.817046,3.4062607,3.562923,3.35
T000489,1981-12-31,3.757635,4.107503,4.10029,5.21596,3.853946,3.9011126,4.165423,4.053953,3.3903444,3.6030946,3.53
T000489,1982-01-31,3.2776706,3.39356,3.488126,4.7586846,3.5703702,3.6020384,3.6648703,3.624283,3.3622923,3.3193793,3.07
T000489,1982-02-28,3.1410816,3.0381021,3.0635512,4.930044,3.3685138,3.4077053,3.1575556,2.900405,3.4102855,3.2341585,2.3
T000490,1976-06-30,132.82164,132.73074,131.98003,132.10263,129.1105,135.11661,130.14085,130.49832,125.55858,133.79657,120.0
T000490,1976-07-31,133.32703,129.29594,130.35965,130.79465,128.47604,131.14526,126.01768,129.76096,124.971855,133.84744,115.0
T000490,1976-08-31,134.84612,135.9035,135.78065,135.70642,130.1564,134.8521,130.32343,135.61084,125.69839,133.3848,121.0
T000490,1976-09-30,136.16641,136.00537,134.67674,130.24492,133.34967,133.89246,131.36069,132.0233,126.121864,132.96266,121.0
T000490,1976-10-31,136.9555,136.09567,133.73921,131.1274,133.9444,137.12617,132.6178,134.66687,126.02501,134.86823,122.0
T000490,1976-11-30,137.4827,139.30731,134.64949,130.39536,140.03847,142.5092,134.40729,135.10631,125.9604,135.28152,127.0
T000491,1976-06-30,142.25386,141.71964,143.77231,143.78214,140.63298,146.11475,140.82092,140.58246,136.0962,147.358,131.0
T000491,1976-07-31,142.3897,138.21367,142.62259,143.56277,139.13953,146.59924,139.30109,139.11151,135.3651,147.11244,127.0
T000491,1976-08-31,143.20938,152.1339,152.79132,152.4855,144.49663,150.99141,151.27249,149.84018,136.17569,146.90202,140.0
T000491,1976-09-30,144.06721,143.85928,147.01207,142.71832,141.1477,147.3467,142.20967,142.6842,136.46796,146.27895,131.0
T000491,1976-10-31,144.80801,142.60747,141.98915,141.46051,144.1431,146.23961,143.60663,141.16821,136.20871,146.91891,130.0
T000491,1976-11-30,145.2921,143.2408,143.04044,137.39597,144.14757,151.63063,142.37582,141.42566,136.5204,146.85924,131.0
T000492,1976-06-30,104.58817,103.97271,107.99929,106.115685,107.068375,102.49883,100.52833,107.20018,109.87347,113.15958,101.0
T000492,1976-07-31,99.556786,100.168396,106.2096,107.685585,98.59906,98.57247,100.32228,103.42388,109.638725,113.28084,97.0
T000492,1976-08-31,115.601036,111.95456,114.052376,112.629585,111.0575,110.42834,104.801445,113.584694,109.57657,113.034645,110.0
T000492,1976-09-30,118.73107,116.0319,114.32391,112.228455,119.97051,114.26721,110.15986,115.86526,109.741585,113.048584,110.0
T000492,1976-10-31,118.2096,122.18976,120.19248,118.80457,125.42052,121.44777,120.71286,121.27946,110.04238,116.805725,119.0
T000492,1976-11-30,117.27969,125.96828,116.49818,115.47779,132.83954,122.95655,123.73223,121.59548,110.08903,119.706314,124.0
T000493,1976-06-30,106.78841,107.40793,113.2205,114.08383,110.46712,107.763596,106.29091,108.25872,114.54992,119.08732,103.0
T000493,1976-07-31,112.83355,111.59531,113.555016,116.16098,112.30798,111.468216,108.93048,111.3417,114.64096,119.122665,107.0
T000493,1976-08-31,121.40163,119.68157,120.78825,120.37753,118.76541,117.92191,114.5228,119.48923,114.642624,118.87886,116.0
T000493,1976-09-30,122.834496,125.21778,126.71105,122.19203,127.19533,124.711006,122.40408,123.72565,114.30065,119.616905,120.0
T000493,1976-10-31,123.03627,128.85849,125.46062,122.16325,130.0157,125.33439,126.09885,123.95692,114.894226,120.40461,124.0
T000493,1976-11-30,123.16051,118.462616,116.14941,117.346115,119.667885,121.89465,115.79697,118.059746,114.55661,120.97474,111.0
T000494,1973-11-30,145.32237,144.45729,144.04974,146.27264,137.04431,141.35123,134.00555,140.14586,147.08646,156.44397,129.0
T000494,1973-12-31,91.34328,97.00946,127.77399,136.42055,100.32475,92.49671,108.17662,90.129005,146.65198,156.0318,91.0
T000494,1974-01-31,156.22859,155.26634,150.03008,153.53772,152.03633,151.56218,144.2455,152.03343,148.80783,155.84814,142.0
T000494,1974-02-28,163.3453,164.85156,166.20824,155.88603,165.43472,161.24149,152.30234,164.0929,147.75975,155.6318,151.0
T000494,1974-03-31,162.62456,167.54823,159.44476,158.99646,166.73816,164.10603,161.25299,169.86334,149.03688,162.37794,156.0
T000494,1974-04-30,160.93657,164.61331,160.03531,159.83412,161.63641,166.14554,159.13354,168.7538,148.00116,168.26636,158.0
T000495,1982-06-30,113.751625,113.06733,114.50297,115.01763,113.89709,112.68931,114.6061,113.173645,119.295364,119.29291,131.4
T000495,1982-07-31,114.024796,113.03906,113.41531,114.47854,113.070496,113.66006,112.26076,113.42073,119.65521,121.200554,130.2
T000495,1982-08-31,114.121544,113.300026,115.057976,114.98377,115.08661,113.05266,113.43715,112.64379,119.007126,122.374146,129.1
T000495,1982-09-30,114.19997,112.89475,114.389656,114.61549,112.5883,113.03821,115.13547,113.1921,118.77831,120.458176,122.6
T000495,1982-10-31,114.30454,112.51163,112.42794,111.46176,112.63536,111.39026,112.16792,114.283936,118.56477,116.15598,115.1
T000495,1982-11-30,114.31293,113.377106,111.67261,112.24171,114.77124,112.62631,108.79325,112.59716,119.27102,114.16603,114.1
T000496,1982-06-30,77.05037,74.628716,76.45152,76.66534,77.46165,72.50323,74.06732,73.76503,80.063644,78.58557,84.9
T000496,1982-07-31,77.74269,74.803795,76.040794,76.4641,77.43979,73.04832,72.71167,73.63542,80.29798,80.535995,85.0
T000496,1982-08-31,78.48842,74.98612,75.9492,76.55746,77.054375,72.94664,73.84447,73.844124,80.021286,80.78895,83.3
T000496,1982-09-30,79.24015,75.08789,77.11245,77.526436,77.89468,73.183266,76.01604,73.51291,79.885445,80.4857,80.9
T000496,1982-10-31,79.99747,74.81743,77.38358,77.2271,77.91054,73.536606,75.92763,74.87369,79.76077,80.02985,80.6
T000496,1982-11-30,80.55432,75.29258,77.285995,78.66397,79.31738,74.02735,73.419174,74.36238,80.15224,78.68244,80.2
T000497,1982-06-30,71.62803,71.18388,72.88998,72.443985,75.28403,69.54274,70.83766,70.3259,80.10614,78.72722,89.0
T000497,1982-07-31,71.78093,72.05839,72.44582,72.40092,75.26732,70.589264,69.76569,70.573456,80.66767,82.10212,90.1
T000497,1982-08-31,71.98001,72.87879,74.95855,74.09549,75.893936,71.00504,74.197845,70.85146,79.785774,83.13529,89.6
T000497,1982-09-30,72.13334,72.8957,77.47065,75.01736,75.30888,71.59446,76.37118,71.03526,79.76282,82.31249,85.3
T000497,1982-10-31,72.1949,72.83187,77.34723,74.12348,75.992546,72.03867,74.36918,72.748665,79.54984,80.64925,80.4
T000497,1982-11-30,72.42818,73.899216,75.960106,76.31803,79.81446,73.05384,73.92953,71.77244,80.23353,78.240555,81.5
T000498,1982-06-30,72.66955,72.04145,72.55263,73.37242,71.962135,70.31844,72.392044,72.333496,73.21752,73.65657,78.1
T000498,1982-07-31,73.19073,71.880875,72.12657,73.37335,73.02141,71.015305,72.11689,72.05259,73.32191,74.30222,77.9
T000498,1982-08-31,73.564415,71.959404,73.10364,73.84353,72.30974,70.69104,72.19683,72.46254,73.082306,74.81995,76.8
T000498,1982-09-30,73.37583,71.07381,71.94247,73.13594,72.35389,70.40767,72.26005,71.957245,73.03489,74.083046,73.8
T000498,1982-10-31,72.05712,70.51811,70.29624,71.73375,72.29157,69.88141,71.69524,71.643684,72.89366,72.11775,71.2
T000498,1982-11-30,70.96199,71.520454,70.56441,72.30412,73.4223,70.686165,69.79177,71.381584,73.25154,71.29901,71.6
T000499,1982-06-30,65.23196,64.15383,67.44719,66.81847,63.790268,63.28617,65.00188,64.07738,75.90788,73.260544,87.5
T000499,1982-07-31,65.46229,64.79371,67.532906,66.90914,64.355545,64.511086,64.88973,64.42386,76.47256,77.91203,86.9
T000499,1982-08-31,65.57651,65.61469,70.01783,67.42343,63.5635,64.23278,67.27635,64.15789,75.515015,78.69264,86.7
T000499,1982-09-30,65.69882,65.531815,73.04376,69.61679,61.02899,65.15438,69.53414,64.74075,75.295654,78.13697,82.0
T000499,1982-10-31,65.83116,65.51524,71.94036,68.88394,63.91726,66.73994,69.202,65.681656,75.026436,77.03796,78.4
T000499,1982-11-30,66.18472,66.724556,71.06312,70.96974,65.8996,67.239685,66.638916,64.643326,75.97364,73.75207,76.8
T000500,1982-05-31,66.10868,64.15383,67.44719,66.81847,64.4678,63.00836,64.70595,64.29292,75.90788,73.260544,87.5
T000500,1982-06-30,66.011375,64.79371,67.532906,66.90914,64.95516,64.32669,64.59763,64.67914,76.47256,77.91203,86.9
T000500,1982-07-31,65.75955,65.61469,70.01783,67.42343,63.46972,63.971222,67.50595,64.400055,75.515015,78.69264,86.7
T000500,1982-08-31,65.540276,65.531815,73.04376,69.61679,61.464973,64.77726,69.22805,64.932,75.295654,78.13697,82.0
T000500,1982-09-30,65.284225,65.51524,71.94036,68.88394,63.616158,66.45481,68.3459,65.86121,75.026436,77.03796,78.4
T000500,1982-10-31,65.1483,66.724556,71.06312,70.96974,66.74466,67.06557,66.795586,64.66666,75.97364,73.75207,76.8
T000501,1982-06-30,81.0828,79.81312,77.82294,80.02976,80.031265,79.69817,78.286804,81.31369,84.12949,84.08852,92.8
T000501,1982-07-31,81.60643,81.115654,78.15023,77.56454,79.28351,81.54216,78.10568,82.36933,84.38251,85.00975,90.6
T000501,1982-08-31,81.987175,81.73665,80.59151,78.7072,77.02454,82.17372,82.34715,81.8156,83.96087,85.78306,89.5
T000501,1982-09-30,82.5882,81.77253,82.44388,79.0997,78.361946,82.49551,84.59961,81.54087,83.867676,84.72331,84.8
T000501,1982-10-31,83.42607,81.98709,82.48157,77.43478,81.715164,81.61652,81.645584,83.74317,83.73542,82.11786,81.4
T000501,1982-11-30,84.235825,83.01661,81.39679,80.614815,82.09049,82.8737,82.320335,81.74396,84.14351,81.31076,82.6
T000502,1982-06-30,58.218597,55.08199,58.885384,59.133,58.17445,53.954536,56.77792,53.8079,70.39858,67.519226,84.4
T000502,1982-07-31,59.203762,56.117935,58.45838,58.99354,57.677097,55.86891,56.29772,53.86228,70.870224,73.22019,84.5
T000502,1982-08-31,60.00177,56.857605,60.64964,58.042522,60.153206,55.827858,59.597168,53.80398,69.979675,73.71696,81.8
T000502,1982-09-30,60.55929,57.145004,64.18189,60.97268,60.54062,57.517685,63.718952,53.68738,69.595535,72.91924,76.6
T000502,1982-10-31,60.94793,57.11087,63.726803,60.13172,61.3926,57.81604,62.63865,56.465828,69.11924,71.21228,72.3
T000502,1982-11-30,61.412632,57.610916,61.248062,60.15382,63.326332,57.28739,55.47412,54.938744,70.49253,66.64508,68.4
T000503,1982-06-30,80.4373,81.13454,83.93793,84.67545,79.05745,80.90922,84.05357,81.0487,93.309006,90.16281,104.8
T000503,1982-07-31,81.11846,81.084465,82.12546,83.29754,81.30781,81.56226,79.78354,80.3707,93.76612,94.27794,101.9
T000503,1982-08-31,82.87688,81.32135,82.10928,81.51008,84.240105,81.16681,79.80696,80.58171,93.09903,94.47698,100.2
T000503,1982-09-30,84.79513,82.29808,85.017166,86.081154,81.13419,82.83488,87.535446,81.62487,92.6812,94.38,98.8
T000503,1982-10-31,86.258965,82.84505,85.28667,85.255226,83.35072,83.584015,87.56024,83.56674,92.39911,93.865395,95.9
T000503,1982-11-30,87.00727,83.00946,83.90712,85.26127,85.70608,82.813644,81.28156,83.32033,93.30842,90.86272,92.8
T000504,1982-06-30,64.02296,63.0462,62.596413,64.066505,59.16355,61.58887,60.900665,63.080727,69.22562,69.11317,80.8
T000504,1982-07-31,63.65487,63.414665,63.092167,62.419514,57.576633,62.320557,60.45893,63.773266,69.54042,71.09031,78.5
T000504,1982-08-31,63.208374,63.76866,65.36069,63.145702,58.273186,62.1279,62.15271,63.61351,68.86482,72.04758,76.9
T000504,1982-09-30,62.77809,63.765892,67.505905,64.35389,55.368755,62.774544,64.34582,64.16637,68.68886,70.7938,72.7
T000504,1982-10-31,62.087708,63.6427,66.34032,61.809677,55.682453,63.427483,62.699066,64.52836,68.48074,67.79133,68.0
T000504,1982-11-30,61.375008,64.998344,65.49338,64.38302,62.98568,64.9406,61.289757,63.16913,69.195145,66.02249,66.4
T000505,1982-06-30,85.33842,86.44084,88.95649,89.591225,86.74555,85.79114,88.93431,86.59827,95.597626,94.80676,110.0
T000505,1982-07-31,84.80596,86.50011,89.15654,89.016685,85.00801,86.95784,87.877464,87.00118,95.94425,98.72915,107.1
T000505,1982-08-31,84.31824,87.75833,92.73603,90.13635,84.624695,87.58499,92.90452,86.86059,95.19296,100.148865,108.9
T000505,1982-09-30,83.946335,87.157776,92.49016,90.37723,82.62532,86.95415,92.13568,87.222046,94.85934,98.367226,99.7
T000505,1982-10-31,83.47083,86.0208,89.25968,87.090576,84.45868,85.27253,88.18805,87.6812,94.502304,94.83328,92.3
T000505,1982-11-30,82.95581,87.95274,88.89873,89.04172,87.32778,88.53753,86.82434,86.28309,95.702126,91.48306,92.4
T000506,1982-06-30,50.3899,47.19205,51.74897,49.88728,48.526806,48.3035,46.311527,47.653385,64.23335,61.986225,88.0
T000506,1982-07-31,50.798683,47.001453,51.770016,47.419094,51.84136,49.308487,44.528214,48.504505,64.873344,67.956535,84.5
T000506,1982-08-31,50.78892,48.325138,55.69914,48.188904,51.01789,48.479263,47.79138,47.58901,63.53107,69.73196,81.5
T000506,1982-09-30,50.935387,47.17306,57.980186,49.545914,41.371662,49.27788,47.07511,47.899353,63.196537,67.37678,70.3
T000506,1982-10-31,50.698555,46.012196,56.487423,46.861877,39.106236,51.105522,45.324028,49.04945,62.581173,62.880325,60.7
T000506,1982-11-30,49.910645,49.230717,56.081154,51.019722,54.215076,54.080166,42.325592,46.56676,64.33654,58.215935,62.4
T000507,1982-06-30,99.0186,100.95136,101.92553,104.04425,99.80373,95.21571,102.34077,100.494156,111.8534,113.91196,127.7
T000507,1982-07-31,99.23913,102.09834,99.924194,104.015816,104.63706,99.314804,101.98687,98.91241,112.13876,118.68836,135.9
T000507,1982-08-31,99.614395,102.19715,101.30283,104.79402,103.153305,97.80404,103.27047,101.2918,110.815544,121.005035,129.0
T000507,1982-09-30,100.356804,101.9464,99.48164,105.94588,105.57846,97.87528,103.43457,101.39872,110.708496,117.60276,119.5
T000507,1982-10-31,101.211845,100.32593,95.206406,100.00767,99.14737,94.50719,97.6694,99.677795,110.07019,110.04082,107.9
T000507,1982-11-30,102.48014,101.00853,91.14747,98.477455,104.28977,90.99468,87.64497,98.887794,111.87204,104.86629,103.1
T000508,1982-06-30,64.95027,62.221146,63.366264,64.04341,64.64394,60.431755,61.37954,62.646927,71.15956,70.04817,83.1
T000508,1982-07-31,65.04866,63.003727,63.160324,61.845177,64.90873,61.56713,60.17753,63.229538,71.58388,72.772995,80.5
T000508,1982-08-31,64.973885,63.755653,64.382324,62.748257,63.29084,61.68901,64.47161,62.89996,70.89498,73.72393,79.9
T000508,1982-09-30,64.87091,63.51323,65.4971,64.52605,64.92347,62.320515,64.6546,63.4054,70.6339,72.548164,75.4
T000508,1982-10-31,64.6435,62.446636,63.72432,62.68303,61.930836,61.462704,61.96803,63.398285,70.406395,70.067474,69.9
T000508,1982-11-30,64.50551,63.327484,63.97718,64.326035,62.842575,62.694546,58.91152,62.215332,71.148766,67.902176,69.1
T000509,1982-06-30,73.258545,70.41315,73.44074,73.01075,61.34965,69.91443,69.42162,70.72927,79.97241,80.06053,95.8
T000509,1982-07-31,72.89726,70.783806,72.65778,70.311356,62.814342,71.11277,68.72287,71.13499,80.36454,83.01731,94.9
T000509,1982-08-31,72.48486,71.39899,76.57989,70.4904,57.52909,70.39653,71.98041,70.26562,79.70079,84.53772,90.5
T000509,1982-09-30,71.88402,71.00586,79.97597,71.5271,56.308353,71.85464,73.50264,71.039635,79.37663,82.07823,81.4
T000509,1982-10-31,70.86368,70.64032,78.24543,67.08901,55.924515,72.68277,69.388565,73.10623,78.96633,76.70488,73.5
T000509,1982-11-30,69.70238,72.757614,75.59362,71.29442,69.339615,74.21254,68.00956,70.80098,80.06175,73.59649,74.4
T000510,1982-06-30,81.190125,79.931274,79.2997,80.847404,77.63117,79.127335,79.93394,80.158745,80.863205,80.67555,82.3
T000510,1982-07-31,80.8566,79.589485,77.80539,80.05592,78.238686,78.98907,77.70199,79.47547,81.054886,80.43925,82.2
T000510,1982-08-31,80.28464,79.631905,77.86787,80.52948,77.63737,79.16988,77.21895,77.82423,81.28785,80.21125,81.5
T000510,1982-09-30,79.7557,79.450874,76.809845,80.214966,77.58943,79.114944,80.0037,80.210236,81.06372,79.97271,77.8
T000510,1982-10-31,79.85581,79.669846,77.967995,77.904175,79.00307,77.259735,79.2062,82.47796,81.00628,78.346504,74.8
T000510,1982-11-30,80.42105,80.35939,76.71737,78.58444,81.02048,79.2414,76.77687,80.25771,81.04114,78.118385,75.7
T000511,1982-06-30,94.37356,93.83717,91.55444,93.805565,94.61211,91.07682,90.916214,93.22241,99.20523,97.89205,106.9
T000511,1982-07-31,95.37579,93.91995,91.289444,92.24183,92.35518,93.16516,89.00842,93.02581,99.60418,99.33961,106.2
T000511,1982-08-31,96.79683,94.433716,91.54428,93.973885,96.93026,93.09422,91.81381,93.19015,99.03532,100.241,105.2
T000511,1982-09-30,98.30534,94.109024,92.48135,93.62136,95.51302,93.19269,93.89574,92.5693,99.126236,99.366776,99.7
T000511,1982-10-31,99.64247,95.665565,94.94875,93.80627,98.529434,94.30401,94.190926,96.466644,98.974815,98.030075,99.4
T000511,1982-11-30,100.57341,96.97597,95.52868,96.96843,100.29117,94.86114,94.09614,96.04629,99.25264,97.60199,101.2
T000512,1982-09-30,5239.6284,4962.431,4996.575,4940.671,5231.5947,4808.423,4745.127,5060.092,4968.5874,5131.617,4602.0
T000512,1982-10-31,5318.111,5046.7964,4970.7354,5076.45,5187.2236,5210.421,4818.421,5098.44,4956.6567,5155.246,4692.0
T000512,1982-11-30,5390.463,5352.724,5244.7397,5132.6753,5287.395,5081.7476,5230.7324,5395.304,4937.6323,5059.8076,5036.0
T000512,1982-12-31,5489.384,5502.023,5700.8613,5181.421,5892.045,5494.001,5285.4263,5511.1846,4932.028,5101.8804,5000.0
T000512,1983-01-31,5526.9707,6591.2456,5777.6377,5435.6084,6645.6426,5595.9136,6204.292,5736.87,4955.9443,5251.8633,6297.0
T000512,1983-02-28,5188.37,4571.1753,4904.81,4690.142,4913.2354,4999.1587,4674.162,4847.796,4969.7847,5307.4937,4243.0
T000513,1975-04-30,176.93481,176.09468,174.09622,172.75453,174.59032,177.14243,171.71893,175.13124,163.84335,173.95656,159.0
T000513,1975-05-31,178.56177,170.88979,168.4989,169.97678,172.1916,171.3635,163.98201,174.26816,163.41084,174.25557,152.0
T000513,1975-06-30,180.17636,175.45454,173.78389,172.42563,170.03427,170.66898,166.37769,177.90746,164.11742,173.19852,155.0
T000513,1975-07-31,181.91525,178.3578,177.95114,170.27321,178.23349,173.44148,169.62497,177.98071,164.52605,172.9926,158.0
T000513,1975-08-31,183.8285,180.59946,177.26797,170.38907,181.0553,177.05307,171.93481,180.09996,164.33736,175.5338,163.0
T000513,1975-09-30,185.27951,180.76451,172.93857,169.82472,182.56049,182.21559,169.99883,180.12404,164.39764,175.38467,162.0
T000514,1983-08-31,502.2979,511.23062,529.0001,529.65985,479.01624,526.70654,518.6743,511.16888,544.56854,504.26303,412.2
T000514,1983-09-30,500.98175,539.14636,555.0136,546.8702,523.86835,544.7598,528.88806,523.5583,545.1828,511.7407,484.4
T000514,1983-10-31,517.05853,537.85187,578.0313,540.7351,494.0268,535.917,523.5547,517.49365,548.86584,512.9824,491.8
T000514,1983-11-30,543.39545,560.6343,612.2101,562.77655,556.9047,547.9011,564.88477,561.59576,549.53955,524.6362,529.5
T000514,1983-12-31,567.09143,573.49164,612.32916,603.3761,594.3958,590.95306,585.0779,553.94965,551.2106,558.53986,598.9
T000514,1984-01-31,583.0118,590.96277,607.68024,614.7285,613.88574,605.48157,604.64856,582.49414,544.45825,581.6804,638.6
T000515,1983-08-31,929.3467,902.3586,962.42975,931.1609,828.66895,950.85223,917.8985,950.6835,998.58746,931.2228,808.9
T000515,1983-09-30,978.3042,975.4221,1031.3353,1020.7376,894.95886,1027.4491,1005.3253,977.64777,1009.385,968.8323,1001.5
T000515,1983-10-31,1038.427,975.702,1054.6128,1014.761,810.18195,1002.06384,1002.403,979.78534,1006.1162,975.65155,1019.7
T000515,1983-11-30,1081.4156,1001.09985,1126.0907,1034.9581,870.803,1024.4066,1062.7018,1052.5393,1001.3702,999.7128,1067.5
T000515,1983-12-31,1101.2549,1011.0308,1122.3976,1103.7678,889.84973,1076.2305,1076.8427,993.15796,1007.0914,1041.8625,1159.4
T000515,1984-01-31,1103.259,969.2042,1037.2428,1061.6935,900.3079,1078.8442,1041.406,1024.6849,996.9716,1040.78,1089.4
T000516,1983-08-31,5.1644993,5.4233456,5.3911796,5.851799,5.368603,5.386157,5.4662113,5.2735467,4.945073,5.3000617,5.02
T000516,1983-09-30,5.0729938,5.3243017,5.208949,6.5116825,5.3634152,5.259904,5.431478,4.9647837,4.955253,5.2838826,4.89
T000516,1983-10-31,5.1613445,4.8807397,5.0725055,6.498538,4.704113,4.5175753,5.005045,4.7330766,4.9309993,5.1813984,4.47
T000516,1983-11-30,5.306658,5.227604,5.4988456,6.5553875,5.3369403,5.171795,5.298306,5.140679,4.9370255,5.140893,4.85
T000516,1983-12-31,5.3921437,5.7929525,5.686628,6.9254937,5.728208,5.5013475,6.090518,5.276606,4.9245815,5.350669,5.68
T000516,1984-01-31,5.422728,5.2647667,5.322898,6.827735,5.533746,5.3511486,5.1134224,5.2049046,4.918501,5.4490867,4.92
T000517,1983-06-30,290.56183,258.58838,268.36707,264.5835,232.34308,256.11258,215.1427,255.40894,336.69107,252.12991,280.0
T000517,1983-07-31,286.00714,238.46085,299.67154,271.93872,208.11806,253.74806,219.4982,236.37315,336.71576,274.9356,220.7
T000517,1983-08-31,284.63818,321.02206,280.39478,231.30812,343.39944,314.85904,233.29352,293.46954,346.08847,267.59537,304.3
T000517,1983-09-30,317.26642,336.40115,304.76843,293.61487,340.02255,333.3923,274.65198,302.04572,344.82037,291.56378,321.7
T000517,1983-10-31,352.31873,357.3463,331.01675,316.9727,364.1042,349.32083,348.8382,349.82373,344.66644,334.35474,301.8
T000517,1983-11-30,376.98846,388.3039,360.29388,324.67328,386.7614,377.95477,324.9546,372.58185,341.84686,337.3174,401.1
T000518,1975-06-30,160.00896,154.28287,159.92596,162.58969,152.53113,154.55254,153.24103,156.65228,163.79074,169.52519,149.0
T000518,1975-07-31,139.26852,148.70367,155.68172,161.23,149.59827,147.6841,149.23236,149.53996,163.72943,169.55278,145.0
T000518,1975-08-31,169.35275,170.41696,170.17981,170.4618,170.36942,167.27632,165.0544,169.77065,164.24786,169.44698,166.0
T000518,1975-09-30,173.93677,176.14423,176.67944,172.5692,179.31413,175.63142,172.07426,175.16702,163.63509,170.38911,169.0
T000518,1975-10-31,174.45322,178.88028,173.18045,172.01181,181.57693,175.63077,177.5386,176.42938,164.43542,171.81119,173.0
T000518,1975-11-30,174.37119,168.34761,164.94052,167.90077,168.99368,173.61916,166.32658,172.43088,163.96562,172.98108,161.0
T000519,1975-06-30,204.9632,210.08667,205.92513,205.8443,208.30579,206.35942,200.15079,206.62555,195.0186,212.05519,188.0
T000519,1975-07-31,168.55525,153.52673,182.00458,193.58974,159.67857,155.85306,170.99129,162.08067,194.10493,212.37419,139.0
T000519,1975-08-31,209.62206,210.9107,208.51685,208.8879,209.7338,202.39017,202.14793,208.57996,196.37378,210.79964,189.0
T000519,1975-09-30,217.97235,215.5904,222.24083,205.69104,220.2253,213.71904,200.25316,215.9926,195.87933,210.14438,190.0
T000519,1975-10-31,219.53287,217.10616,212.27411,206.83023,222.32445,216.13104,211.45714,217.73776,196.81894,216.77466,199.0
T000519,1975-11-30,219.78107,212.70709,208.68208,204.97148,214.7969,222.60689,204.73618,214.14124,196.06998,219.46217,193.0
T000520,1975-06-30,166.76335,160.61053,170.08057,174.04248,158.05095,161.97084,162.07596,163.50526,175.3502,180.83418,150.0
T000520,1975-07-31,155.6688,162.58423,170.0111,173.28223,158.69273,162.06018,162.4199,163.91478,175.30737,180.7188,153.0
T000520,1975-08-31,183.70442,181.06885,183.92848,182.14642,179.25203,179.52829,172.42648,182.76512,176.15564,181.01901,171.0
T000520,1975-09-30,188.83235,190.88388,190.28694,185.01332,192.65585,189.26549,185.83963,190.36981,175.73824,181.98637,180.0
T000520,1975-10-31,189.71263,190.63528,188.77428,185.7998,191.67279,191.28586,187.43672,191.75339,176.34843,184.37419,181.0
T000520,1975-11-30,189.83374,188.26523,182.83871,184.6398,189.71706,191.90234,184.2801,191.7276,175.32033,186.9801,181.0
T000521,1975-06-30,138.61479,117.9718,136.03917,142.02583,121.67673,117.56741,122.86476,123.17859,151.37068,154.23419,115.0
T000521,1975-07-31,122.97575,139.7848,142.41306,146.33243,139.11009,147.44783,136.69675,140.80887,151.83037,154.58891,133.0
T000521,1975-08-31,158.46313,158.28557,157.77675,157.1539,159.63148,159.27332,150.93463,158.33647,152.40874,155.84648,156.0
T000521,1975-09-30,160.83893,161.35709,161.08055,160.65488,164.7967,161.46921,159.68149,161.69872,151.8878,157.63882,158.0
T000521,1975-10-31,160.09644,164.70891,161.77933,162.9581,168.22873,161.89682,162.25836,162.92003,152.7171,159.1411,161.0
T000521,1975-11-30,159.14758,156.29047,153.63599,159.45407,161.7771,159.53067,155.20023,164.33882,151.39047,161.68,158.0
T000522,1975-06-30,121.86485,121.092155,119.61319,120.60922,120.97425,120.689285,115.62323,122.00941,122.285416,123.415016,124.0
T000522,1975-07-31,121.65263,117.20025,118.04909,118.71005,117.68228,117.64316,112.671036,121.84301,122.485855,123.306366,116.0
T000522,1975-08-31,122.34432,123.60143,120.58152,122.27761,121.98577,121.62592,120.02697,123.544266,122.51009,123.09225,125.0
T000522,1975-09-30,123.07206,124.15419,123.216705,124.29047,123.8546,124.28695,121.193634,123.42877,122.171684,123.16193,125.0
T000522,1975-10-31,123.28343,124.64463,122.59251,124.12682,123.0434,122.96563,123.66099,123.10977,122.51131,123.99133,127.0
T000522,1975-11-30,123.25951,122.7699,120.69981,123.45246,122.943565,123.07233,119.76878,121.61843,122.45909,124.85685,121.0
T000523,1975-06-30,126.25662,119.818375,123.29329,128.39908,107.64012,117.61573,116.198235,123.14538,133.09317,133.94786,116.0
T000523,1975-07-31,113.07571,115.114456,123.30642,126.98264,111.611755,113.713104,113.80712,108.2619,133.08221,133.8659,113.0
T000523,1975-08-31,138.02785,135.22017,134.41791,137.61374,137.62688,135.62994,130.38521,133.1039,133.88129,134.11183,133.0
T000523,1975-09-30,140.53438,141.07698,140.71655,137.13129,142.02141,139.27522,139.53119,139.73846,133.43726,134.05783,138.0
T000523,1975-10-31,139.9033,141.80588,139.09697,139.00883,141.8222,139.88376,140.1575,141.13069,133.98273,136.50082,140.0
T000523,1975-11-30,138.93353,134.67621,135.11395,138.01886,135.09702,139.4992,132.96188,138.25282,133.05075,139.23705,133.0
T000524,1983-06-30,151.58533,144.38956,150.73264,152.20708,138.72438,142.89603,142.03433,145.57735,149.913,161.55939,138.0
T000524,1983-07-31,154.0591,152.34645,151.22305,152.7691,145.17653,151.99312,147.24564,149.56047,149.87433,161.77812,144.8
T000524,1983-08-31,156.50941,159.68253,158.00298,158.02144,154.33989,157.10785,153.29945,157.59557,150.1853,161.28331,151.0
T000524,1983-09-30,156.92229,159.2149,159.81116,157.1893,156.74782,160.08543,156.70468,157.6503,150.0353,161.49901,150.9
T000524,1983-10-31,156.9628,162.12,158.79362,155.18362,156.16122,158.3544,158.784,157.6896,150.51619,162.0795,152.4
T000524,1983-11-30,157.1556,153.01236,149.44102,151.06186,148.93974,153.6571,148.7689,150.33224,149.85147,160.75496,141.7
T000525,1982-06-30,162.04178,158.59875,166.82812,165.80496,158.06595,161.22247,157.43175,162.2073,167.66928,172.26048,150.0
T000525,1982-07-31,163.58855,162.19077,165.20415,168.11491,164.90858,164.08266,158.70769,158.877,167.60928,172.2606,155.0
T000525,1982-08-31,178.18614,170.3076,174.68166,170.17361,166.89153,170.88417,162.47813,167.03242,167.73657,172.11105,162.0
T000525,1982-09-30,180.84953,181.51192,180.56346,174.46274,179.83405,179.85886,175.76823,179.49509,167.64192,172.6926,173.0
T000525,1982-10-31,181.05693,182.71875,181.35121,177.84285,183.44102,183.84468,179.60129,182.75105,168.16422,175.58372,175.0
T000525,1982-11-30,180.90712,183.15741,174.46991,174.9162,182.47226,183.99275,178.57613,182.59724,167.70631,177.99898,178.0
T000526,1983-06-30,168.32133,167.0447,164.43149,165.00816,165.46133,161.19008,159.36426,164.3737,163.60643,167.20305,155.9
T000526,1983-07-31,169.38277,166.86922,164.94057,166.57741,166.0292,162.15823,159.35506,155.90866,163.62334,167.21442,157.4
T000526,1983-08-31,171.1365,170.86194,172.54916,171.2679,166.1615,168.60297,164.11642,164.04033,163.61023,167.57721,166.4
T000526,1983-09-30,172.64275,171.11143,174.0644,168.64694,169.8792,170.70644,168.29213,171.6212,163.55592,167.28456,165.7
T000526,1983-10-31,173.89474,173.23752,172.74564,170.8768,172.23125,171.98677,171.1133,170.36362,164.03456,168.27486,169.3
T000526,1983-11-30,174.895,175.12424,169.11172,168.35632,175.06967,175.79858,168.69058,172.54944,163.42468,169.33105,167.2
T000527,1983-06-30,2813.003,2760.3457,2724.452,2660.2417,2753.0154,2806.4302,2653.299,2769.8682,2446.9321,2701.9353,2166.0
T000527,1983-07-31,2877.6665,2813.4102,2668.9204,2664.2217,2833.0374,2861.0068,2661.997,2826.143,2442.9329,2710.401,2226.8
T000527,1983-08-31,2939.4883,2849.2495,2768.3618,2671.4905,2708.1199,2766.5042,2620.6973,2870.1992,2459.8203,2693.3643,2238.9
T000527,1983-09-30,3005.1199,2876.6519,2814.6099,2586.1064,2888.102,2739.6052,2611.0781,2892.3318,2466.0105,2687.322,2247.9
T000527,1983-10-31,3072.1472,2921.5547,2826.4802,2606.192,3003.7222,2890.15,2632.8616,2951.722,2463.945,2735.5034,2346.5
T000527,1983-11-30,3131.556,2968.8489,2732.1416,2587.1143,3014.7722,3035.6648,2669.9626,2961.8057,2456.9915,2726.8835,2413.0
T000528,1983-06-30,2.234954,2.2579985,2.1767597,2.748459,2.6021059,2.0890515,2.4664311,2.4537773,2.76795,2.593033,3.89
T000528,1983-07-31,2.2333994,2.2958417,1.8479807,3.207261,2.2254543,2.4152257,2.643978,2.5113454,2.77764,2.832603,3.64
T000528,1983-08-31,2.2877042,2.5163488,2.396648,3.710064,2.9333487,2.464766,3.4522953,2.855305,2.7188733,2.782417,3.17
T000528,1983-09-30,2.3702002,2.7107184,2.8126464,3.6910744,3.258729,2.5399024,3.8790097,2.75715,2.7179506,2.8390532,3.4
T000528,1983-10-31,2.4373674,2.6660547,2.8510342,3.914073,3.2359998,2.4612012,3.5826442,2.7115855,2.675789,2.8731794,3.35
T000528,1983-11-30,2.4831223,2.6407483,2.189641,3.9852686,3.2128675,2.356679,2.944488,2.7418132,2.7580662,2.7212765,2.79
T000529,1983-06-30,54.26459,54.017014,53.82794,54.335346,53.64098,54.48468,53.969803,54.671238,52.88929,53.61946,51.57
T000529,1983-07-31,54.431,54.442913,53.921272,54.35485,55.106346,55.28795,52.906033,55.374825,52.943882,53.413284,52.02
T000529,1983-08-31,54.69726,56.355038,55.03508,56.09004,54.382828,55.609722,55.660526,55.986717,52.998848,53.62931,53.42
T000529,1983-09-30,54.749615,53.15573,53.671135,54.5347,53.620995,53.555725,53.36145,55.097378,53.012726,53.459442,51.01
T000529,1983-10-31,54.818092,52.194473,52.697468,54.03037,53.969067,53.551773,52.589085,55.233963,53.00649,53.12027,49.99
T000529,1983-11-30,55.136883,54.563507,53.886253,55.10655,54.68877,55.773823,53.925343,56.185448,52.95752,53.41936,53.03
T000530,1983-07-31,152.79324,138.34326,150.7591,156.55725,145.30672,162.41931,152.36395,149.49597,107.471725,138.43839,60.5
T000530,1983-08-31,161.4654,151.74039,143.78944,143.42775,154.5617,167.87137,149.52837,150.98264,107.57334,136.12813,92.4
T000530,1983-09-30,169.78769,120.535995,147.45474,132.96077,134.05276,137.18546,117.83455,128.63226,107.95382,135.56757,51.3
T000530,1983-10-31,176.20456,126.7271,152.89885,127.275505,150.9188,137.04633,129.15031,94.79071,111.679596,133.49329,29.2
T000530,1983-11-30,181.52733,151.98064,166.31935,129.07996,168.79684,174.14027,129.72478,159.44821,110.03234,140.36075,98.8
T000530,1983-12-31,185.96283,150.43288,155.35614,148.25456,177.95322,193.68051,151.64197,168.97461,110.76265,149.3897,112.5
T000531,1983-07-31,470.93146,465.94836,458.13748,453.14435,456.08472,475.23718,458.67136,464.6488,430.55365,457.74652,392.1
T000531,1983-08-31,478.7151,464.2814,453.5843,451.8197,453.53186,482.2417,447.44916,469.5093,430.9921,458.351,393.8
T000531,1983-09-30,487.00592,481.2896,478.24252,466.0879,456.63837,480.9813,462.86383,476.74396,432.99625,458.56915,423.9
T000531,1983-10-31,494.8035,481.92224,489.08115,458.9355,479.98358,481.3842,468.9639,487.5442,432.64496,458.8037,418.7
T000531,1983-11-30,500.35117,487.87805,482.8169,456.91415,495.17523,500.0808,463.734,497.15698,433.55774,462.07553,424.1
T000531,1983-12-31,504.83243,498.1197,468.70645,457.29062,492.8476,524.64197,473.34738,497.57147,431.3208,462.15723,434.2
T000532,1983-06-30,128.5127,127.96689,127.77036,126.43821,127.81009,127.90881,124.75348,127.721436,121.276726,126.30801,112.9
T000532,1983-07-31,129.66972,128.4606,126.380516,127.21861,129.06921,127.57527,123.01584,128.44035,121.19511,126.440155,114.6
T000532,1983-08-31,130.83043,129.63435,129.5756,128.38687,126.95916,126.35878,123.01883,130.46977,121.66523,126.155075,116.4
T000532,1983-09-30,131.99841,130.78154,132.45819,126.86277,131.31627,126.63553,125.44457,131.36702,121.71966,126.15598,118.4
T000532,1983-10-31,133.12703,131.62077,131.59625,127.55826,134.11572,129.61093,126.33936,132.25427,121.77386,127.29934,120.0
T000532,1983-11-30,134.33685,132.40736,128.45326,126.97669,134.77798,132.96027,125.18094,132.72456,121.40082,127.487335,121.8
T000533,1983-06-30,4371.9785,4327.2563,4337.3965,4313.632,4471.4595,4367.0737,4359.54,4343.7344,4539.7114,4548.7485,4877.0
T000533,1983-07-31,4417.4146,4347.216,4370.291,4389.146,4557.036,4391.2896,4315.1797,4370.4844,4548.5176,4637.849,4912.0
T000533,1983-08-31,4477.789,4362.0757,4492.2925,4402.61,4428.7334,4386.04,4332.579,4350.0713,4516.0996,4653.7427,4833.0
T000533,1983-09-30,4549.9277,4387.9565,4585.253,4465.4507,4496.17,4422.6616,4560.024,4398.1436,4514.5195,4650.6284,4924.0
T000533,1983-10-31,4604.2993,4367.215,4513.551,4373.155,4378.409,4437.284,4514.7783,4381.849,4503.786,4567.4834,4557.0
T000533,1983-11-30,4623.7456,4380.0347,4406.336,4308.277,4507.87,4421.945,4333.5664,4334.308,4539.068,4474.505,4478.0
T000534,1983-06-30,81458.18,81249.88,80941.96,80695.945,81213.484,81500.16,80117.24,81213.05,79522.34,80911.7,78306.0
T000534,1983-07-31,81793.09,81476.81,80672.25,80666.766,81566.83,81673.75,79162.586,81515.86,79496.77,80952.28,78476.0
T000534,1983-08-31,82109.4,81685.84,81211.53,80790.83,81008.09,81218.51,78851.945,81705.37,79581.88,80846.42,78508.0
T000534,1983-09-30,82416.1,81798.87,81477.58,80268.01,81844.77,81034.055,80590.62,81791.2,79623.04,80829.81,78479.0
T000534,1983-10-31,82725.94,82076.766,81448.55,80294.58,82534.33,81765.19,81351.93,82158.75,79590.03,81071.36,78938.0
T000534,1983-11-30,83002.984,82277.16,80927.8,80130.01,82475.06,82613.27,80068.88,82207.05,79595.27,80999.625,79266.0
T000535,1985-06-30,100.71237,101.07479,103.915955,104.16167,97.246,100.71401,105.7032,100.52586,111.93053,108.87006,124.0
T000535,1985-07-31,100.87505,100.4893,102.00832,102.07292,95.3491,100.74612,97.12109,99.96655,112.58656,112.447815,118.0
T000535,1985-08-31,101.38504,101.60372,102.86047,101.77629,98.9858,100.55976,100.453476,99.32076,111.77005,112.410385,118.0
T000535,1985-09-30,102.35797,102.62344,108.66972,106.91714,100.44894,102.93697,109.88548,99.71646,111.35036,113.47354,121.0
T000535,1985-10-31,103.32722,102.98472,107.13793,106.44293,99.02436,103.5679,110.6826,102.84177,111.11408,113.84009,117.0
T000535,1985-11-30,103.73017,102.826416,106.423416,106.47171,100.940895,102.743324,103.531204,101.202576,111.94973,111.29699,114.0
T000536,1983-06-30,89136.195,89007.01,88686.29,88474.44,88832.734,89149.914,87926.6,89038.766,87546.69,88756.695,86635.0
T000536,1983-07-31,89406.336,89254.37,88590.32,88555.87,89236.86,89413.586,86871.78,89291.61,87530.29,88776.97,86982.0
T000536,1983-08-31,89666.234,89418.664,88975.32,88773.445,88873.07,89050.375,86677.02,89400.96,87586.52,88699.63,86902.0
T000536,1983-09-30,89908.36,89552.57,89228.69,88263.58,89451.93,88916.0,88709.5,89562.91,87604.86,88706.27,87027.0
T000536,1983-10-31,90131.24,89701.414,89107.17,88191.38,89844.4,89412.77,89319.16,89780.13,87590.75,88848.54,87000.0
T000536,1983-11-30,90332.27,89866.36,88649.1,87966.0,89903.55,90056.35,87925.26,89801.96,87592.75,88755.31,87331.0
T000537,1985-06-30,2025.1228,2057.4656,2165.3533,2159.4717,2148.8354,2116.611,2112.1716,2149.0178,2320.164,2226.1401,2252.0
T000537,1985-07-31,1921.1554,2105.4429,2204.1033,2246.0496,2221.116,2257.2422,2190.8394,2162.7327,2329.4685,2329.4731,2382.0
T000537,1985-08-31,1879.7604,2106.4333,2271.6323,2250.1252,2208.6516,2282.7056,2248.3655,2115.8135,2322.2666,2343.7358,2481.0
T000537,1985-09-30,1855.6993,2120.2056,2309.3013,2284.6885,2150.5435,2279.3318,2307.5425,2192.2585,2312.197,2344.7974,2485.0
T000537,1985-10-31,1820.4478,2113.652,2233.7722,2307.228,2174.3882,2273.6184,2287.746,2174.4756,2314.4265,2377.8389,2421.0
T000537,1985-11-30,1798.6295,2127.0637,2204.1328,2321.955,2196.754,2283.7783,2275.1663,2186.718,2318.122,2317.3262,2366.0
T000538,1975-06-30,7.4455657,7.380158,7.696438,8.027394,7.516751,7.858224,7.6419926,7.3211527,6.989047,7.338672,6.05
T000538,1975-07-31,7.547774,7.356025,7.5631943,8.465207,7.735406,7.80817,7.487898,7.3961635,6.9771037,7.286921,6.26
T000538,1975-08-31,7.6864457,7.497069,7.9450054,9.022784,7.548195,7.6820946,7.5206695,7.711026,7.058195,7.1490335,6.09
T000538,1975-09-30,7.779011,7.421271,7.9290247,8.733349,7.255494,7.570542,7.3342514,7.545022,7.11314,7.1205573,6.19
T000538,1975-10-31,7.7950506,7.4761558,7.719163,8.651722,7.9874988,7.806037,7.2568455,7.461072,7.0336213,7.2925916,6.22
T000538,1975-11-30,7.7552614,7.4382653,7.5453386,8.576952,7.477632,8.136187,7.1307425,7.314593,7.072384,7.404788,6.4
T000539,1983-06-30,1098.5702,1097.6248,1101.5464,1100.4982,1100.3722,1103.676,1091.2119,1100.0188,1101.8492,1099.2921,1096.0
T000539,1983-07-31,1097.9617,1096.797,1099.7385,1101.3696,1098.8716,1104.6931,1075.9575,1099.9004,1102.4062,1099.7544,1098.0
T000539,1983-08-31,1098.1654,1097.207,1104.9713,1102.1635,1101.4421,1105.2526,1077.4187,1101.0479,1102.3756,1100.112,1100.0
T000539,1983-09-30,1098.6906,1098.8644,1108.7274,1104.0902,1102.8837,1106.1188,1106.274,1100.6818,1102.2382,1101.3076,1105.0
T000539,1983-10-31,1099.227,1098.0355,1103.6156,1106.2781,1107.5872,1107.7393,1115.4628,1099.1445,1102.4912,1103.5571,1105.0
T000539,1983-11-30,1099.9006,1100.2623,1103.0522,1107.4614,1105.406,1111.5745,1099.19,1104.2828,1101.945,1105.0652,1111.0
T000540,1983-06-30,41796.54,41467.094,41814.496,41288.754,41590.406,42187.32,40925.95,41702.535,39893.234,40875.188,37342.0
T000540,1983-07-31,42170.746,41872.055,41585.273,41291.76,42257.047,42410.465,40533.688,42131.86,39873.773,40833.26,37969.0
T000540,1983-08-31,42467.973,42021.004,42409.832,41215.41,41246.777,41841.145,40191.63,42595.906,40028.797,40695.977,37746.0
T000540,1983-09-30,42740.047,42408.652,43305.47,40918.574,43095.35,41973.75,41477.918,42863.26,40036.3,40665.832,39106.0
T000540,1983-10-31,43017.094,42459.95,42562.215,40891.06,43424.84,42885.543,41252.062,43031.293,39981.637,40995.047,38713.0
T000540,1983-11-30,43310.99,42679.12,41838.83,40632.613,43302.945,43781.633,40812.78,43044.67,39933.887,41185.78,39417.0
T000541,1985-06-30,682.2107,807.798,786.92834,674.2188,754.0266,769.9532,808.94824,663.61694,618.7949,595.32794,696.0
T000541,1985-07-31,706.42004,676.54004,743.82556,665.4047,774.03796,692.6106,652.0408,665.1499,633.9612,579.43976,761.0
T000541,1985-08-31,715.90393,482.5171,567.4784,577.04913,538.1267,604.0563,492.23145,450.2791,626.2651,548.91583,304.0
T000541,1985-09-30,615.53516,771.61865,837.91956,611.3546,893.93396,698.46454,804.6395,722.92834,613.2245,547.6303,1000.0
T000541,1985-10-31,385.90094,506.9917,553.0443,519.66547,742.97424,620.0966,454.17383,644.02264,609.4014,503.75467,283.0
T000541,1985-11-30,626.8431,604.7988,519.2216,578.4981,554.4867,433.2447,542.5352,606.10547,610.6118,512.98883,522.0
T000542,1982-06-30,1.7748661,1.8563676,2.0435967,2.6992748,1.9482567,1.9016278,2.1633563,1.885487,2.3551521,1.9740223,1.82
T000542,1982-07-31,1.9360964,2.0403805,2.1851635,3.2156157,1.9464352,2.0846565,2.3387063,1.9696057,2.3634527,2.0875318,2.04
T000542,1982-08-31,2.197228,2.190967,2.2448268,3.5516992,2.2746785,2.2896123,2.366892,2.1708505,2.389761,2.0870488,2.12
T000542,1982-09-30,2.3890345,2.4011238,2.4359832,3.6507459,2.5936935,2.4862208,2.579313,2.3207746,2.3833466,2.1943939,2.3
T000542,1982-10-31,2.5280962,2.6082342,2.5116234,3.9517794,2.7083604,2.8025017,2.8149462,2.7307208,2.389853,2.431987,2.55
T000542,1982-11-30,2.6424296,2.8931482,2.6741543,4.367847,3.314674,2.8769093,2.8917632,2.9081044,2.3608208,2.492372,2.97
T000543,1980-06-30,208.24786,215.18924,218.77325,221.2065,218.6053,211.83517,222.32277,204.21721,242.1327,235.81564,258.0
T000543,1980-07-31,206.69008,215.89253,216.1497,224.68314,219.01047,215.65547,217.02325,205.37279,243.42825,246.62671,262.0
T000543,1980-08-31,204.18712,217.66194,222.53256,222.61488,222.39494,216.2288,224.4002,202.12994,241.38586,247.27124,264.0
T000543,1980-09-30,202.45929,219.90146,226.0247,231.23514,219.85916,218.74161,239.64317,216.94542,240.86945,247.90831,261.0
T000543,1980-10-31,200.98082,221.56055,221.77658,230.99762,221.94691,217.35977,239.62337,215.31447,240.44998,247.96382,254.0
T000543,1980-11-30,199.57443,222.0417,215.43661,226.94867,226.36365,216.58905,225.98161,218.13864,242.18073,239.88965,245.0
T000544,1975-06-30,88.53519,88.41206,81.49841,77.7641,87.76002,90.9133,77.09618,91.55826,56.005074,81.34562,26.0
T000544,1975-07-31,93.532555,92.27272,76.87172,78.15631,93.04367,95.220184,78.55742,100.68425,55.794193,82.015305,31.0
T000544,1975-08-31,99.42105,96.16779,87.69951,85.26715,90.18756,90.108154,77.41229,104.5709,57.684647,80.50018,36.0
T000544,1975-09-30,105.14223,100.08679,92.02132,77.095245,103.673965,90.47029,77.12964,106.23332,57.553093,80.88936,47.0
T000544,1975-10-31,110.071014,103.2659,91.776794,77.55033,104.07863,99.82838,73.90838,109.28229,57.756485,85.16445,50.0
T000544,1975-11-30,114.93747,104.88222,85.821594,78.54015,106.273285,108.49911,83.34126,109.57756,56.604504,84.54476,55.0
T000545,1971-06-30,161.3791,160.62897,159.9616,160.2971,160.80978,161.0679,158.5901,160.15498,156.29637,159.60362,153.0
T000545,1971-07-31,162.32632,160.94539,158.62723,160.11581,160.82028,160.61937,155.8847,160.67278,156.27202,159.63313,153.0
T000545,1971-08-31,163.17085,161.50562,160.5731,160.42694,159.4514,159.47734,155.4223,161.31728,156.51575,159.3383,153.0
T000545,1971-09-30,163.92,162.45552,162.54619,160.03487,163.26657,160.24826,159.81721,162.11667,156.5362,159.39476,154.0
T000545,1971-10-31,164.63432,163.18994,161.73677,159.65732,164.38898,162.07947,161.22876,163.15112,156.42154,159.95851,155.0
T000545,1971-11-30,165.31514,163.4604,159.4834,159.56856,165.07909,163.99886,158.09906,163.03946,156.47586,159.92279,155.0
T000546,1971-11-30,37291.79,42151.133,39874.516,35887.57,43389.11,39014.367,49413.047,43167.84,28741.975,34950.332,50303.0
T000546,1971-12-31,36134.47,33361.85,29105.463,28968.102,35979.21,35994.69,26786.549,36020.95,28626.867,32486.559,33622.0
T000546,1972-01-31,34402.715,33713.242,34678.367,32355.275,33895.305,35680.492,34996.195,36344.53,27821.371,32138.799,32397.0
T000546,1972-02-29,30439.7,30398.955,27962.455,33792.19,31893.395,30771.977,28128.672,30168.754,28277.484,32812.84,31917.0
T000546,1972-03-31,23623.805,23190.39,20777.643,23105.092,21412.121,18135.05,16831.854,26680.533,27507.02,27572.2,17461.0
T000546,1972-04-30,15666.533,30309.01,25752.684,26165.516,26088.295,33502.383,31193.918,27811.105,29111.266,29198.525,28253.0
T000547,1982-06-30,19.684795,20.802076,20.424774,21.162157,19.837095,20.056236,20.134441,20.07581,18.965065,20.829496,19.2
T000547,1982-07-31,18.643616,18.863663,19.221518,21.189919,19.259626,19.299305,19.255169,19.052567,18.835497,20.833033,17.92
T000547,1982-08-31,18.249037,19.14332,19.329323,21.56425,18.626154,18.638739,19.244448,18.885693,19.036581,20.675581,18.31
T000547,1982-09-30,17.800112,19.095963,19.24131,20.528425,18.742235,18.324066,18.398596,18.811592,19.006886,20.470833,17.84
T000547,1982-10-31,17.538933,18.437256,19.296494,20.546873,19.855959,18.707767,19.569458,19.393263,18.988375,20.734964,17.85
T000547,1982-11-30,18.48678,18.51204,19.309313,20.422518,19.708586,19.56148,19.144976,18.845325,19.004297,20.74323,17.97
T000548,1982-03-31,10.396388,10.237784,10.070389,10.8751745,10.305043,10.238364,10.269293,10.276902,10.267818,10.613534,10.9
T000548,1982-04-30,10.173252,9.839716,9.893535,10.877553,10.184433,10.07086,9.521637,10.304311,10.2644825,10.521669,10.2
T000548,1982-05-31,9.992286,9.87381,9.685434,11.363626,9.801227,10.064844,9.724589,10.055868,10.268994,10.443804,10.4
T000548,1982-06-30,9.886545,9.780927,9.675611,11.457905,10.29293,10.147678,9.82381,10.12322,10.268755,10.473915,10.3
T000548,1982-07-31,9.767822,9.403701,9.51891,10.932925,9.824312,9.677254,9.658703,10.015065,10.22686,10.231364,9.3
T000548,1982-08-31,9.706788,9.280576,9.568817,10.960207,9.218636,9.938348,9.080981,9.566925,10.3134,10.188308,9.4
T000549,1982-06-30,6.904481,7.3214846,7.2087207,8.133665,7.3315206,7.372089,7.6448636,7.447139,7.6811643,7.048272,8.1
T000549,1982-07-31,6.6521873,6.744385,7.379273,8.180756,7.2127733,6.7913504,7.257887,7.268973,7.681432,7.095733,6.7
T000549,1982-08-31,6.702201,6.994044,7.06841,8.185803,6.6188507,6.720814,6.67456,7.418372,7.7433653,6.9869933,7.1
T000549,1982-09-30,7.0813665,7.195978,7.2385697,8.449478,6.887156,7.1931124,7.3125644,7.3153214,7.7314157,7.049779,7.2
T000549,1982-10-31,7.3255477,7.6028576,7.359841,8.932508,7.865414,7.6017866,8.203696,7.7631307,7.736618,7.532082,8.0
T000549,1982-11-30,7.479047,8.089813,7.9414253,9.312586,8.752876,8.05533,7.9200277,7.9462633,7.7214184,7.8129377,8.3
T000550,1982-03-31,12.419527,13.068695,12.60644,13.638574,12.562019,12.527161,12.744631,13.012118,12.422583,13.467679,12.2
T000550,1982-04-30,12.313088,12.8925,12.421516,13.429572,12.767507,12.446293,12.430524,13.239901,12.46702,13.353099,11.8
T000550,1982-05-31,12.539704,12.917399,12.623205,14.424659,12.178751,12.500898,12.685789,12.751941,12.462501,13.413007,12.3
T000550,1982-06-30,12.71443,12.932291,12.635096,14.226927,12.377848,12.050066,12.634008,13.003584,12.451111,13.40165,12.2
T000550,1982-07-31,12.833343,12.963227,12.5929785,13.675103,12.964066,12.040053,12.333599,13.306077,12.430774,13.270713,11.7
T000550,1982-08-31,12.965947,13.304976,12.6118765,14.3190155,13.087212,12.947711,12.983302,12.939974,12.468984,13.296221,11.9
T000551,1982-06-30,147.37563,148.92189,144.90411,146.93927,148.29427,144.96246,132.5763,147.32599,159.93214,156.75523,155.0
T000551,1982-07-31,135.68666,138.43973,144.42696,142.3792,130.13283,143.93675,131.71498,151.10057,159.96655,156.93413,132.0
T000551,1982-08-31,139.29614,154.30263,151.53702,159.41637,146.23795,151.35538,151.43175,154.83078,160.89557,158.49207,175.0
T000551,1982-09-30,150.9584,145.1643,150.735,142.641,119.06116,147.02385,134.09602,142.49852,160.79338,155.17847,135.0
T000551,1982-10-31,154.88644,163.55246,169.67767,163.28424,159.1234,157.83101,155.06323,155.80112,161.58786,162.95566,182.0
T000551,1982-11-30,155.85938,174.94998,167.11331,170.16125,175.58545,170.64291,175.69394,162.66615,159.88652,171.60033,184.0
T000552,1982-06-30,74.441696,67.358116,76.0537,61.962967,85.93258,71.54994,72.704285,76.05721,57.408966,65.520676,54.57
T000552,1982-07-31,86.55761,114.32099,85.21529,81.628044,129.44432,97.37868,103.34789,92.00679,58.08818,70.40071,116.13
T000552,1982-08-31,93.07778,95.964874,86.323235,77.065765,103.919174,88.68333,88.98102,95.08737,55.62848,75.46795,76.51
T000552,1982-09-30,88.66919,73.580345,66.7788,65.43671,78.96571,70.214905,71.55164,79.075386,56.77716,69.78948,63.7
T000552,1982-10-31,76.66871,45.808174,52.747986,58.30902,60.36757,58.00747,46.568405,64.67153,55.80508,53.679344,37.78
T000552,1982-11-30,64.16265,58.531776,53.001797,59.087616,74.3464,68.37716,59.936237,70.45236,57.409756,47.126583,55.52
T000553,1982-06-30,56.38702,46.504128,53.289925,46.01035,53.87726,52.707897,51.77873,51.95196,43.878017,48.57736,37.77
T000553,1982-07-31,65.962326,72.52738,59.422028,56.551136,77.741264,66.24192,66.9816,62.948486,44.786377,51.265953,72.87
T000553,1982-08-31,71.71004,66.47491,60.594467,56.81151,71.016815,64.1054,61.964775,66.41934,43.300526,54.55166,52.66
T000553,1982-09-30,69.36417,58.774406,53.50182,51.841965,61.133568,56.27365,59.033417,59.015602,43.714622,51.92988,54.61
T000553,1982-10-31,61.248734,36.744446,43.25838,46.216064,45.50792,48.601803,37.50856,46.199306,43.42625,43.372658,31.0
T000553,1982-11-30,52.88108,48.998825,44.25319,49.379128,55.422165,53.43274,49.30133,54.28924,44.01787,39.943108,47.2
T000554,1982-06-30,70.02863,113.18959,95.63451,87.47703,119.796265,98.77958,131.06918,114.859116,60.383152,64.20608,132.15
T000554,1982-07-31,81.31835,104.026474,88.4868,84.940994,96.08123,92.94063,109.98442,105.354164,59.316742,61.74526,105.99
T000554,1982-08-31,83.36954,53.562313,72.01292,64.549065,58.65898,52.68049,63.28331,77.22401,57.110348,55.667236,48.96
T000554,1982-09-30,74.96197,45.509476,58.218304,53.888763,21.485214,47.54351,51.62046,54.973316,59.382504,51.449184,40.8
T000554,1982-10-31,60.158012,54.050705,63.008713,58.790207,66.04945,68.12792,65.397705,62.534363,56.951492,50.295147,72.23
T000554,1982-11-30,49.70037,63.16399,71.84027,55.7602,64.4658,80.59793,72.43968,61.81652,60.785057,55.067253,52.22
T000555,1982-06-30,51.647293,72.5403,63.910034,58.45778,77.676605,65.235,82.35959,75.21024,45.268055,44.920258,83.17
T000555,1982-07-31,59.86624,72.814514,61.501736,60.123837,70.38785,67.010765,77.29026,74.39236,44.796642,44.863335,76.02
T000555,1982-08-31,64.88417,40.45925,52.885643,46.890434,41.239895,43.250923,46.180122,56.534126,43.48261,41.528145,39.48
T000555,1982-09-30,62.750248,37.218,44.70862,41.36403,23.750881,38.767025,39.56492,45.128098,44.76494,39.779266,33.58
T000555,1982-10-31,54.189716,44.70328,48.359257,48.49295,51.98156,54.883865,53.25267,50.12094,43.195927,40.973907,62.79
T000555,1982-11-30,45.32028,46.24004,52.695587,44.925755,45.771847,59.427856,53.152706,50.17315,45.026558,43.704025,43.96
T000556,1983-05-31,1.4814274,1.3098516,1.2523808,1.9468918,1.2829525,1.3045428,1.5490243,1.36946,1.4327413,1.2924939,1.35
T000556,1983-06-30,1.4534527,1.2576408,1.2446362,2.3164294,1.318081,1.155761,1.341257,1.3608644,1.4427543,1.3029909,1.39
T000556,1983-07-31,1.3640857,1.1133152,1.148455,2.5741067,1.1868353,1.0665312,1.1231596,1.0786964,1.4523064,1.2836976,1.07
T000556,1983-08-31,1.256065,1.4046571,1.3008151,2.7357953,1.3733464,1.292162,1.6103594,1.5091025,1.4487118,1.349404,1.59
T000556,1983-09-30,1.3938152,1.2449766,1.2633609,2.7422962,1.3809348,1.3196051,1.4960991,1.6023258,1.4412673,1.405494,1.25
T000556,1983-10-31,1.4690481,1.4705148,1.375775,3.0221767,1.5079516,1.373673,1.3861551,1.6279688,1.439714,1.4413967,1.66
T000557,1983-05-31,0.07122506,0.06663897,0.05745962,0.7105754,0.054621417,0.061416943,0.35756913,0.071171604,0.058886718,0.0579474,0.07
T000557,1983-06-30,0.065451145,0.053113226,0.060264297,1.1477008,0.060133055,0.048518628,0.28825992,0.06012876,0.059156656,0.054979872,0.06
T000557,1983-07-31,0.046055183,0.04567033,0.052623898,1.5508976,0.031419814,0.031388484,0.38231194,0.03988221,0.0598054,0.053817257,0.03
T000557,1983-08-31,0.058623947,0.061513796,0.07087728,1.4691427,0.05719215,0.04335046,0.291053,0.068777844,0.060324464,0.060796484,0.06
T000557,1983-09-30,0.07099789,0.053052053,0.06547391,1.5265342,0.06381257,0.05592857,0.3270452,0.06904362,0.05774247,0.056616493,0.04
T000557,1983-10-31,0.071808524,0.076416194,0.07389919,1.717764,0.06783755,0.07153522,0.19798547,0.070792496,0.06005314,0.06021362,0.07
T000558,1983-05-31,0.11599046,0.13263059,0.12058732,0.7850187,0.14326847,0.10479753,0.35603112,0.106565654,0.15644841,0.117973596,0.11
T000558,1983-06-30,0.10321265,0.09757613,0.11670397,1.2030647,0.08917195,0.08037178,0.26786032,0.08002136,0.15522508,0.121193595,0.1
T000558,1983-07-31,0.1400732,0.08952711,0.083147235,1.5817212,0.10537305,0.062389635,0.3481593,0.104840904,0.15894361,0.114883095,0.06
T000558,1983-08-31,0.17858733,0.1455606,0.12971154,1.5259849,0.18008159,0.10614258,0.31451237,0.13246968,0.15965228,0.1226138,0.14
T000558,1983-09-30,0.20478043,0.15303911,0.14103438,1.6143683,0.1491376,0.13449639,0.40461597,0.14363697,0.15810515,0.15087911,0.16
T000558,1983-10-31,0.21686468,0.16092545,0.16814679,1.8077903,0.19766544,0.14052755,0.19814056,0.14137417,0.1577909,0.17046711,0.19
T000559,1983-05-31,0.26726085,0.2949822,0.279946,0.922003,0.26811403,0.25587717,0.57306045,0.24198681,0.3151612,0.2341599,0.41
T000559,1983-06-30,0.2554358,0.26346448,0.2823282,1.3609502,0.26297635,0.22909284,0.50986123,0.24252695,0.31436372,0.24978718,0.35
T000559,1983-07-31,0.23185636,0.17981206,0.22019048,1.6648071,-0.040594697,0.1805657,0.44335565,0.16495578,0.31867233,0.2313399,0.2
T000559,1983-08-31,0.2247858,0.25944078,0.25343907,1.6230466,0.19205968,0.21374446,0.457088,0.22388607,0.31798613,0.24372151,0.29
T000559,1983-09-30,0.25671688,0.25962448,0.27407563,1.7279701,0.22684556,0.25874794,0.5480032,0.257776,0.31498736,0.28704047,0.29
T000559,1983-10-31,0.27166647,0.3275329,0.32605594,1.9391427,0.3101123,0.27965337,0.38907212,0.26290008,0.31862026,0.29830515,0.4
T000560,1983-04-30,0.042383477,0.043034375,0.052336622,0.6851845,0.043665484,0.036904957,0.33024663,0.043442447,0.05868635,0.053368516,0.09
T000560,1983-05-31,0.042984746,0.034484755,0.04012893,1.1395384,0.04047934,0.033417813,0.28660932,0.033751156,0.060013786,0.05718721,0.08
T000560,1983-06-30,0.042846277,0.03402648,0.034241747,1.5251291,0.036100015,0.033899993,0.39835998,0.048258014,0.0581116,0.05563288,0.05
T000560,1983-07-31,0.04197458,0.0398117,0.04497844,1.4469539,0.049016967,0.037514914,0.2829583,0.047313184,0.057659484,0.057611007,0.09
T000560,1983-08-31,0.04099386,0.033979,0.045487676,1.5182586,0.036748324,0.036085732,0.3379515,0.041946817,0.056624107,0.056275807,0.06
T000560,1983-09-30,0.040847495,0.037246212,0.048074402,1.6903443,0.04607743,0.03953609,0.1690858,0.04388485,0.058416836,0.053292014,0.06
T000561,1983-05-31,0.020796292,0.014436629,0.015775248,0.65884995,0.014286827,0.016104102,0.29300433,0.016011788,0.018003473,0.019264933,0.01
T000561,1983-06-30,0.020515159,0.020201387,0.020566354,1.1213481,0.01796762,0.020654442,0.27847284,0.019154636,0.018468734,0.018728698,0.02
T000561,1983-07-31,0.020542419,0.018212723,0.021440562,1.518973,0.014410399,0.020497581,0.38762572,0.018087747,0.018247584,0.019277848,0.02
T000561,1983-08-31,0.020475455,0.019412797,0.019380953,1.4231665,0.016606227,0.018914634,0.25311527,0.019071704,0.018832412,0.019866647,0.02
T000561,1983-09-30,0.02087866,0.017957332,0.023330975,1.5022928,0.018902002,0.022893613,0.31379136,0.017593883,0.01892043,0.020661736,0.02
T000561,1983-10-31,0.021967446,0.024245467,0.022807388,1.6729186,0.021035982,0.02360399,0.15729211,0.022813898,0.01826657,0.022957074,0.03
T000562,1983-05-31,19.983961,13.989103,14.619354,15.325409,16.305193,18.56478,10.09904,9.361766,17.215902,18.480043,12.0
T000562,1983-06-30,20.424938,14.543596,13.154156,16.37834,12.811879,17.369905,16.788485,14.221524,17.609926,17.850275,14.0
T000562,1983-07-31,18.647678,14.07085,14.022013,15.955154,8.085328,17.962492,16.239231,9.18354,17.724983,18.392677,18.0
T000562,1983-08-31,14.546633,17.105661,16.370068,18.563334,20.31806,18.5388,14.653755,15.685991,17.620308,19.046593,20.0
T000562,1983-09-30,20.642807,13.297987,15.999742,17.904963,12.836815,16.835232,16.434284,14.128428,17.837566,18.767897,9.0
T000562,1983-10-31,20.71,18.606537,16.229948,19.499653,16.03857,19.760788,21.611834,15.450072,17.41677,20.149187,26.0
T000563,1983-05-31,53.893356,50.092728,59.093414,50.077896,50.90945,40.856476,48.21293,55.529877,67.79775,58.14556,94.0
T000563,1983-06-30,53.69359,43.99271,54.485813,42.22263,46.104977,39.28934,34.546745,55.409447,69.61398,63.235733,83.0
T000563,1983-07-31,53.691372,47.326885,50.17412,45.301678,41.573017,41.89069,40.434784,59.311417,67.90132,64.62794,70.0
T000563,1983-08-31,54.00929,46.4061,54.483093,51.440086,49.195534,40.82677,46.34861,58.10159,67.889984,63.743927,80.0
T000563,1983-09-30,54.887367,41.952686,54.932358,47.141422,40.05153,40.898167,37.28039,61.291245,67.67378,64.40845,54.0
T000563,1983-10-31,56.89536,55.033028,69.4088,69.3182,58.35993,49.699226,51.516705,64.74121,68.9823,64.35299,90.0
T000564,1983-05-31,153.3478,159.77563,161.68805,159.33905,167.23831,147.24373,166.7348,144.49303,176.15842,138.916,232.0
T000564,1983-06-30,146.67203,141.19693,151.47485,144.41095,161.08437,130.79994,145.01387,139.50735,175.73712,153.41411,197.0
T000564,1983-07-31,132.99525,104.50954,120.70094,104.227394,41.630997,93.74816,71.30656,102.55842,177.99019,144.05002,124.0
T000564,1983-08-31,115.5729,142.87848,144.31993,136.69771,129.78548,127.5103,136.9655,151.74655,175.20673,148.48293,183.0
T000564,1983-09-30,128.63596,140.72845,143.76682,139.67026,155.80408,142.87042,150.83769,155.79057,173.2557,164.72208,184.0
T000564,1983-10-31,140.1607,152.20189,158.73373,151.42772,175.72,146.94101,124.86718,153.39157,176.89313,160.5921,172.0
T000565,1983-05-31,175.01761,155.285,163.1597,150.88605,141.50763,164.34653,151.98338,162.11967,204.76195,187.50009,127.0
T000565,1983-06-30,136.78738,157.27028,146.65616,163.03343,143.92372,92.70561,120.3907,143.73743,213.67262,186.16739,167.0
T000565,1983-07-31,198.18558,143.40024,159.45486,159.71652,154.341,141.01816,78.40922,139.65349,209.26585,181.27003,117.0
T000565,1983-08-31,216.86456,239.9945,257.6077,249.63779,234.18466,200.26451,287.8544,255.00192,206.24142,211.25203,422.0
T000565,1983-09-30,209.13599,160.12746,176.20491,210.60617,192.48642,188.07977,192.59628,162.97018,206.07985,220.45193,192.0
T000565,1983-10-31,200.81113,196.7248,180.97073,199.47472,220.22684,172.99106,184.4281,186.17589,206.56941,228.14957,251.0
T000566,1983-05-31,4057.0408,4427.2993,4078.8154,4552.837,4331.833,4440.623,4573.2124,4733.543,4655.054,4423.5103,4826.0
T000566,1983-06-30,3397.5693,3452.411,3814.697,3958.6577,3723.5015,3174.4873,3089.8623,3958.2444,4696.621,4447.891,3287.0
T000566,1983-07-31,4573.742,4253.896,4120.0015,4553.13,4577.3193,3989.6753,3658.2336,3985.1704,4692.0806,4470.723,4675.0
T000566,1983-08-31,4739.3223,4891.159,5003.319,4727.52,5087.9272,4756.557,5067.644,5119.7363,4645.398,4733.6997,5293.0
T000566,1983-09-30,4689.514,4685.0083,4734.379,4489.473,5055.721,4653.2017,5158.862,5394.9033,4634.488,4819.961,4933.0
T000566,1983-10-31,4620.4775,4720.297,4469.8164,4681.1514,5033.259,4660.0596,4255.64,5440.7905,4673.4785,4877.3477,4598.0
T000567,1983-05-31,9.628693,12.958864,5.565381,4.6175036,5.05849,11.093064,2.2645159,9.941585,10.157046,14.865266,6.47
T000567,1983-06-30,12.385143,3.88969,6.74277,4.645964,-7.593154,-7.7873135,-9.786356,11.516387,12.365358,13.556545,4.22
T000567,1983-07-31,14.607748,15.378078,13.852229,13.462839,14.710302,12.601813,7.167361,17.991264,10.41844,13.4416485,5.27
T000567,1983-08-31,15.271435,72.38254,49.536903,34.243877,66.755806,26.287973,66.72897,42.499664,8.7148285,19.259995,81.22
T000567,1983-09-30,13.218518,13.804361,21.988108,11.800938,10.96121,10.45714,7.6131463,22.344309,9.237053,12.902411,4.29
T000567,1983-10-31,8.6706295,7.1005363,-9.573174,6.9720807,12.164592,-6.500389,7.4347086,5.3438993,9.974516,12.2040825,0.91
T000568,1972-06-30,229607.33,195286.1,205348.31,193912.66,199858.11,201952.77,204788.0,197269.69,160206.62,229071.19,181969.0
T000568,1972-07-31,210845.61,197083.98,199167.16,185516.95,216100.62,212504.5,190475.17,198080.05,159138.94,222296.69,194516.0
T000568,1972-08-31,186523.45,179559.7,196346.23,197352.45,168976.94,189591.64,185226.53,179824.3,155172.66,225556.6,168004.0
T000568,1972-09-30,163851.12,161538.39,170234.33,177840.88,153760.44,169889.61,165290.75,161180.69,159451.44,219036.55,153168.0
T000568,1972-10-31,150417.05,143607.45,179145.4,162874.75,151775.44,169308.67,152483.64,169964.1,160833.5,214549.16,143077.0
T000568,1972-11-30,139719.06,161327.16,187098.44,166602.03,171280.39,188083.06,182799.28,176401.02,158842.78,219169.52,168463.0
T000569,1985-06-30,98550.484,99338.68,98872.0,98395.53,99542.67,99760.83,98752.93,99360.24,96152.37,98891.56,97185.0
T000569,1985-07-31,98654.35,99027.92,98115.76,98033.78,98908.555,99358.33,96416.62,99142.836,96098.06,98751.01,96690.0
T000569,1985-08-31,98621.89,97609.77,97709.66,97877.32,97173.27,97359.98,95473.51,97867.3,96014.1,98664.42,94975.0
T000569,1985-09-30,98512.22,98155.69,97910.48,97167.44,97651.53,97504.02,97441.88,97976.29,96200.336,98440.86,95530.0
T000569,1985-10-31,98145.55,98009.484,97888.81,96687.22,97767.516,98017.586,97765.43,97862.33,96143.35,98624.51,95637.0
T000569,1985-11-30,97064.44,97879.5,97574.76,96474.71,97975.43,98816.41,96505.16,97984.86,96193.836,98600.914,95517.0
T000570,1985-06-30,92010.0,92028.766,91507.445,91071.78,91873.445,92448.02,91532.266,92161.03,88980.42,91460.37,89608.0
T000570,1985-07-31,92390.195,91949.445,90835.3,90927.3,91577.01,92328.21,89556.3,92381.19,88886.45,91347.98,89367.0
T000570,1985-08-31,92540.78,90902.625,90778.15,90872.25,90048.07,90697.2,88792.23,91410.555,88823.57,91220.92,87949.0
T000570,1985-09-30,92488.19,91666.37,91153.055,90179.44,91097.54,90935.45,90772.61,91562.2,88952.016,91092.05,88697.0
T000570,1985-10-31,92045.07,91365.414,90926.38,89829.77,91432.97,91556.18,91080.99,91566.72,88941.914,91274.39,88542.0
T000570,1985-11-30,90689.31,91218.88,90358.63,89304.22,91390.2,92237.67,89898.29,91582.516,88985.26,91277.05,88494.0
T000571,1983-06-30,3926.4414,3939.585,3790.2234,3679.814,4095.1338,3885.4814,3897.8613,3893.262,3309.115,3763.4033,3931.0
T000571,1983-07-31,3852.2095,3807.2205,3647.3628,3663.043,3741.2725,3688.0493,3665.683,3781.9653,3282.8823,3682.9395,3842.0
T000571,1983-08-31,3576.9897,3495.9878,3654.4521,3586.27,3449.5674,3496.4521,3567.1606,3593.293,3245.911,3626.3892,3396.0
T000571,1983-09-30,3255.841,3453.9583,3450.3894,3476.0745,3448.589,3473.6064,3441.9138,3467.1606,3270.1016,3581.9644,3447.0
T000571,1983-10-31,3064.4521,3069.8064,3188.1667,3219.2874,3167.6812,3194.798,3254.5828,3281.241,3263.497,3442.1184,3081.0
T000571,1983-11-30,2944.0088,2874.8503,3118.834,3060.383,2973.1587,2882.1929,3075.4219,2914.777,3301.3535,3467.1194,2850.0
T000572,1983-06-30,88157.67,88218.82,87786.21,87392.125,87877.82,88429.06,87634.47,88352.53,85669.56,87718.25,85677.0
T000572,1983-07-31,88490.11,88270.086,87210.92,87264.97,88118.63,88292.234,85890.67,88659.94,85596.87,87692.72,85525.0
T000572,1983-08-31,88822.87,87715.04,87364.16,87287.36,87016.15,86747.19,85225.53,88047.36,85578.24,87587.5,84553.0
T000572,1983-09-30,89123.52,88418.195,87806.01,86704.22,88369.16,87126.8,87330.67,88285.85,85681.56,87519.59,85250.0
T000572,1983-10-31,89252.98,88486.664,87748.22,86611.7,88334.94,88078.49,87825.86,88541.52,85673.2,87770.266,85460.0
T000572,1983-11-30,89375.02,88592.336,87164.6,86245.734,88293.28,88660.47,86823.45,88581.234,85685.47,87733.48,85645.0
T000573,1983-06-30,7627.645,7499.1255,7385.088,7324.3423,7418.2285,7206.889,7220.472,7412.361,7194.7715,7335.1416,7577.0
T000573,1983-07-31,7580.116,7344.3633,7146.344,7107.6025,7605.7144,7158.9033,6860.55,7360.3228,7226.2104,7234.568,7323.0
T000573,1983-08-31,7427.344,7206.0195,7082.9927,7006.233,7124.6533,6990.9956,6681.213,7316.6143,7224.9717,7217.0835,7026.0
T000573,1983-09-30,6749.3276,7106.2773,7068.3657,6989.1226,7108.713,6887.76,6669.258,6992.597,7226.076,7124.4565,6833.0
T000573,1983-10-31,7290.911,7169.0366,7021.029,6858.494,7279.9043,6929.887,6684.838,7198.3623,7231.8105,7058.3916,7095.0
T000573,1983-11-30,7517.27,7244.8955,7190.629,7171.3047,7601.301,7115.681,6605.9663,7274.2144,7206.233,7225.6426,7022.0
T000574,1983-06-30,97933.586,97926.65,97716.39,97315.9,97701.26,97993.13,96641.64,98101.19,96117.12,97553.4,95333.0
T000574,1983-07-31,98246.31,98163.23,97392.31,97388.34,98082.29,98139.07,95583.54,98354.984,96077.96,97609.836,95487.0
T000574,1983-08-31,98556.07,98239.19,97776.13,97484.516,97349.64,97422.82,95318.14,98476.445,96130.83,97495.22,95203.0
T000574,1983-09-30,98860.04,98455.43,98062.57,96937.97,98179.85,97409.43,97260.13,98397.12,96182.484,97470.02,95342.0
T000574,1983-10-31,99136.05,98651.6,98080.914,97020.38,98604.58,98070.266,98013.57,98563.73,96176.875,97716.74,95899.0
T000574,1983-11-30,99390.055,98742.75,97454.96,96784.88,98774.95,98652.11,96543.17,98681.05,96163.06,97595.484,95910.0
T000575,1983-06-30,1998.3058,1931.9991,2035.395,1891.7026,1792.4778,1893.2089,1965.2521,1774.6979,2163.1055,1931.237,2317.0
T000575,1983-07-31,2148.3765,2016.1533,2106.8877,2055.8484,1814.1216,1941.13,1897.3696,1785.854,2195.0994,2068.7563,2387.0
T000575,1983-08-31,2263.8752,2059.1946,2109.0745,1897.9664,1958.1359,1943.1897,1968.9397,1800.7817,2175.2065,2059.868,2314.0
T000575,1983-09-30,2335.1313,2086.889,2232.6077,2005.7955,1954.3796,1951.3582,1926.1017,1785.7175,2168.9353,2117.0183,2330.0
T000575,1983-10-31,2343.6123,2215.403,2312.8203,2199.7688,1976.0822,2031.2467,2179.4104,1864.3433,2161.0288,2265.374,2556.0
T000575,1983-11-30,2268.9282,2232.596,2347.9646,2247.9048,2145.997,2077.0735,2279.9167,1840.8191,2164.818,2240.9705,2594.0
T000576,1983-06-30,7.461414,7.390632,7.5060606,7.848617,7.3925247,7.208663,7.2416215,7.1169243,7.569088,7.3316717,7.8
T000576,1983-07-31,7.6496944,7.5143223,7.4798517,8.53878,7.589794,7.274677,7.347642,7.126823,7.6001377,7.4890037,7.9
T000576,1983-08-31,7.758573,7.573425,7.7282095,8.847855,7.4405518,7.297104,7.5069485,7.125611,7.572874,7.4689755,7.8
T000576,1983-09-30,7.78057,7.7013535,7.9154963,8.844773,7.79367,7.38265,7.5776935,7.1574907,7.567934,7.5294957,7.9
T000576,1983-10-31,7.725158,7.7015114,7.8715625,9.114715,7.549771,7.3984313,7.7690926,7.1874,7.553676,7.673806,8.1
T000576,1983-11-30,7.610352,7.6738954,7.57912,9.215807,7.75425,7.3948503,7.50292,7.1563854,7.5662293,7.633552,7.9
T000577,1983-06-30,5.6728015,5.3457737,5.5027347,5.7843494,5.2507105,5.15353,5.261966,5.0567904,5.725177,5.3029947,6.1
T000577,1983-07-31,5.9504733,5.4133515,5.368091,6.5097017,5.4334545,5.193568,5.2086782,5.1010823,5.7692823,5.5337815,5.9
T000577,1983-08-31,6.1214447,5.6103587,5.7661,6.716567,5.47436,5.273024,5.6458006,5.140605,5.7546506,5.49347,6.1
T000577,1983-09-30,6.197901,5.769592,6.112339,6.858426,5.719991,5.4007854,5.6826415,5.231086,5.7238913,5.600635,6.3
T000577,1983-10-31,6.1832027,5.8175497,5.991316,7.237005,5.5752687,5.3884907,6.011315,5.273058,5.712975,5.871446,6.5
T000577,1983-11-30,6.086761,5.678528,5.6652346,7.2128677,5.7362413,5.3851485,5.585639,5.275708,5.7198076,5.8304644,6.2
T000578,1983-06-30,7.4002175,7.3747225,7.4317513,7.8186336,7.2689123,7.1708317,7.3626027,7.269323,7.310952,7.2871804,7.6
T000578,1983-07-31,7.5184565,7.390854,7.433844,8.385101,7.2892394,7.2018933,7.2166,7.297304,7.332062,7.3053374,7.7
T000578,1983-08-31,7.5842123,7.3808403,7.492679,8.892941,7.2960606,7.1917777,7.39894,7.271837,7.2870116,7.3087645,7.5
T000578,1983-09-30,7.6263385,7.469243,7.6056666,8.784262,7.3305235,7.254483,7.414739,7.3133965,7.312958,7.3351574,7.6
T000578,1983-10-31,7.6591535,7.469141,7.683304,8.899402,7.2320423,7.2970033,7.503801,7.310919,7.301764,7.349052,7.7
T000578,1983-11-30,7.6589456,7.5053353,7.5047293,9.091931,7.491463,7.309026,7.443602,7.3069286,7.3081484,7.401494,7.6
T000579,1983-06-30,18.436848,18.181126,18.55906,18.919699,18.5002,18.141539,17.761055,18.307798,18.622705,18.703566,18.1
T000579,1983-07-31,18.554363,18.97234,18.795057,19.69411,19.152851,18.631866,19.0877,18.908718,18.661049,18.739943,19.7
T000579,1983-08-31,18.671375,18.535381,19.033224,20.241764,18.811163,18.53966,18.355112,18.662544,18.599058,18.801939,18.6
T000579,1983-09-30,18.725931,18.804787,18.987394,20.063593,19.746893,18.554638,18.918888,18.784943,18.636707,18.76429,19.0
T000579,1983-10-31,18.74599,18.419315,19.02518,20.194994,19.299364,18.615156,18.46959,18.47568,18.644993,18.646627,19.0
T000579,1983-11-30,18.743143,18.777033,18.665747,20.650146,20.31391,18.619516,18.667852,18.602585,18.615025,18.687723,18.9
T000580,1983-06-30,6.6830263,6.602376,6.656857,7.0581007,6.580681,6.3772945,6.5166135,6.3193274,6.801658,6.588993,7.1
T000580,1983-07-31,6.8976927,6.6703253,6.5925903,7.6742535,6.630436,6.413149,6.4217377,6.3353825,6.84088,6.7595196,7.1
T000580,1983-08-31,7.028135,6.7759037,6.8728743,8.071204,6.566566,6.4536467,6.731148,6.3299465,6.798556,6.753438,7.1
T000580,1983-09-30,7.065574,6.9361553,7.142811,8.09875,6.9206104,6.5395174,6.850764,6.376526,6.790237,6.8243766,7.3
T000580,1983-10-31,7.012838,6.901066,7.0614386,8.300638,6.6031413,6.5348063,6.964062,6.385125,6.7810044,6.9474597,7.4
T000580,1983-11-30,6.8829436,6.846503,6.7632713,8.422395,6.859639,6.535047,6.6730614,6.3609395,6.798397,6.889478,7.1
T000581,1983-06-30,13.259265,13.048525,13.478652,13.535952,13.148613,12.801362,12.653042,13.0021,13.065006,13.123856,12.9
T000581,1983-07-31,13.3249855,13.407961,13.46457,14.355409,13.669045,13.192044,13.3905525,13.240805,13.067046,13.089987,13.6
T000581,1983-08-31,13.389154,13.258624,13.635571,14.326818,13.077623,13.178227,13.281153,13.352259,13.042384,13.031238,12.7
T000581,1983-09-30,13.462334,13.473107,13.767473,14.629275,13.554601,13.299823,13.530072,13.327481,13.066665,12.995208,13.5
T000581,1983-10-31,13.534207,13.420939,13.665784,14.869616,13.689242,13.342793,13.592182,13.261216,13.054871,13.161659,13.6
T000581,1983-11-30,13.596141,13.366829,13.497683,14.984587,13.633903,13.272291,13.506334,13.271429,13.015896,13.345829,13.6
T000582,1983-06-30,3.7589943,3.661845,3.8267922,4.1924286,3.6798036,3.4874215,3.6168828,3.46624,4.0315604,3.7289188,4.5
T000582,1983-07-31,3.9473414,3.6942644,3.7043962,4.8609633,3.8118248,3.5118432,3.5611424,3.4909024,4.0711527,3.9418728,4.2
T000582,1983-08-31,4.09655,3.8658557,4.107515,5.140992,3.6586185,3.5881903,3.9735844,3.4646502,4.0495567,3.9227355,4.6
T000582,1983-09-30,4.1713505,3.8919795,4.2314115,5.1794996,3.8050978,3.6794047,3.769064,3.4978647,4.025828,4.001923,4.4
T000582,1983-10-31,4.155873,3.8984156,4.1239133,5.460456,3.6439555,3.6396008,4.1159964,3.5036159,4.014038,4.1591053,4.6
T000582,1983-11-30,4.0362186,3.803296,3.9144397,5.4053493,3.7296293,3.6503148,3.63771,3.5067353,4.036577,4.0703983,4.3
T000583,1982-11-30,4.4057016,4.472753,4.541885,5.035379,4.3415513,4.295066,4.5973988,4.3088436,4.552673,4.4245224,4.8
T000583,1982-12-31,4.387962,4.4772115,4.430311,5.5697126,4.3912396,4.310597,4.5847034,4.282289,4.5499907,4.55577,5.0
T000583,1983-01-31,4.3692822,4.383071,4.420388,5.829684,4.175398,4.2676945,4.5564404,4.309117,4.550824,4.5205126,4.5
T000583,1983-02-28,4.35098,4.4359126,4.4977984,5.7770185,4.272175,4.2697444,4.54629,4.291223,4.544672,4.515239,4.5
T000583,1983-03-31,4.3261347,4.441016,4.5869713,5.9217052,4.2041454,4.3201833,4.718644,4.320189,4.5290594,4.5459647,4.7
T000583,1983-04-30,4.2920485,4.453249,4.496865,6.1053686,4.3405676,4.3217306,4.362424,4.3143797,4.55759,4.45859,4.5
T000584,1982-11-30,7.974974,8.114622,8.623774,8.539928,8.338443,7.7116756,7.8199425,7.8503704,8.887144,8.394892,9.6
T000584,1982-12-31,8.241246,8.287969,8.423389,9.472499,8.702717,7.8511667,7.925399,7.893691,8.958735,8.820946,9.8
T000584,1983-01-31,8.4415,8.472276,9.114891,9.743599,8.787032,7.896023,8.449559,7.8318863,8.869481,8.814168,9.8
T000584,1983-02-28,8.587377,8.612728,9.424582,9.824438,9.020624,8.074985,8.185311,7.95965,8.872069,8.920485,9.7
T000584,1983-03-31,8.66034,8.574226,9.372432,10.277283,8.685143,8.055679,8.572049,8.0416975,8.831821,9.159994,9.8
T000584,1983-04-30,8.624233,8.573612,8.904368,10.275272,9.163865,8.131209,8.462416,7.981846,8.892214,8.978638,9.7
T000585,1983-06-30,7.0611734,7.19777,7.4790206,7.719604,7.2946553,6.9731007,7.059742,6.983641,7.64652,7.307772,8.0
T000585,1983-07-31,7.218586,7.359893,7.427665,8.477421,7.663547,7.074855,7.192025,6.9999523,7.6841373,7.572814,8.2
T000585,1983-08-31,7.348528,7.431933,7.7470407,8.696064,7.6882205,7.0916348,7.373485,6.97927,7.644455,7.5396795,8.0
T000585,1983-09-30,7.439885,7.5409684,7.994793,8.789761,7.975203,7.202338,7.402024,7.054181,7.6374907,7.6180706,8.1
T000585,1983-10-31,7.4791985,7.54515,7.938483,9.116734,8.00068,7.21503,7.693049,7.090793,7.6139703,7.808218,8.3
T000585,1983-11-30,7.4631424,7.5265985,7.672176,9.193737,7.944601,7.2338614,7.3937306,7.0628185,7.6447735,7.6976957,8.1
T000586,1983-06-30,13.35309,13.442231,14.786163,14.260405,13.109894,12.480728,13.501532,12.8323345,14.670581,13.830798,17.7
T000586,1983-07-31,13.639138,13.37376,13.958837,15.171234,13.239569,12.59508,13.667599,12.862166,14.715456,14.533201,17.1
T000586,1983-08-31,13.820526,13.110584,14.644856,13.984644,12.2376,12.289799,13.0588455,12.556451,14.644799,14.482609,15.8
T000586,1983-09-30,13.832305,12.925648,14.131187,14.400994,12.400106,12.601964,12.120289,12.498665,14.569482,14.246986,14.9
T000586,1983-10-31,13.689325,12.813631,13.724974,14.67725,12.466504,12.574971,13.117928,12.464872,14.482657,14.220051,15.4
T000586,1983-11-30,13.469474,12.585508,13.790768,14.408837,11.964432,12.235836,11.365137,12.182624,14.636964,13.847209,13.9
T000587,1983-06-30,6.561042,6.640847,7.275585,7.083391,6.6147714,6.3074636,6.358515,6.258882,7.3440857,6.937586,7.8
T000587,1983-07-31,6.801952,6.8123693,7.0250864,7.935896,7.023076,6.426613,6.257119,6.2720623,7.4323936,7.2916822,8.2
T000587,1983-08-31,6.997354,6.967987,7.7275434,8.229248,6.8831534,6.512119,6.7486186,6.351327,7.3319283,7.287433,8.0
T000587,1983-09-30,7.142278,7.1185865,8.05125,8.511187,7.270048,6.7054477,6.641717,6.322827,7.353951,7.4670944,8.2
T000587,1983-10-31,7.225332,7.0520253,7.9687786,8.89091,5.881648,6.605541,7.0184083,6.44967,7.321607,7.7275524,8.3
T000587,1983-11-30,7.22261,7.0891914,7.673517,9.061921,6.7791023,6.709854,6.998387,6.3676777,7.3631907,7.589882,8.5
T000588,1983-06-30,5.875474,5.7645044,6.6477504,6.2191825,6.242524,5.406889,5.4040174,5.6836767,6.8720813,6.297647,7.3
T000588,1983-07-31,6.186371,5.989008,6.398782,7.1375837,6.8914986,5.5905123,5.4292393,5.7034225,6.9890585,6.694293,7.7
T000588,1983-08-31,6.416899,6.1506147,7.2034187,7.3684835,6.3975906,5.6858187,5.947386,5.821112,6.8943267,6.663611,7.4
T000588,1983-09-30,6.5942173,6.316221,7.610551,7.829496,6.6917944,5.9315367,5.952588,5.855654,6.9039207,6.8939724,8.1
T000588,1983-10-31,6.7269974,6.1861677,7.525959,8.27303,5.703936,5.7976575,6.220139,5.9907475,6.857505,7.2488217,7.7
T000588,1983-11-30,6.7570467,6.3277674,7.2647376,8.501782,6.587675,5.981574,6.420154,5.8974276,6.901664,7.104138,8.3
T000589,1977-06-30,613.98224,623.28094,617.9387,619.1276,608.9905,616.0459,607.134,614.0795,608.94775,627.85333,599.0
T000589,1977-07-31,612.05493,620.26324,612.665,617.14764,614.38403,620.54443,616.26776,618.7934,609.53516,627.5922,602.0
T000589,1977-08-31,611.56305,627.1827,621.2414,627.9155,606.8761,619.5224,595.7741,628.73114,609.375,627.8917,606.0
T000589,1977-09-30,611.5313,600.4984,612.9802,620.0352,607.69037,578.7524,589.286,615.5486,609.55536,627.6916,610.0
T000589,1977-10-31,611.98096,600.6584,594.84216,617.3906,609.54333,588.1785,601.7753,539.8768,610.1173,628.1054,609.0
T000589,1977-11-30,612.6272,628.3625,613.87354,619.41174,612.64844,623.6695,606.0106,616.8716,609.1752,626.9018,603.0
T000590,1977-06-30,190.2793,192.48874,195.40886,194.9717,193.42516,194.2695,191.7881,189.17021,192.94046,191.92819,190.0
T000590,1977-07-31,189.60408,192.27599,195.07536,195.45259,197.39047,194.25084,191.02747,190.12888,193.01822,191.92825,192.0
T000590,1977-08-31,189.08905,190.93933,195.13599,193.13107,194.14642,192.94873,184.31656,189.17862,193.1745,191.49196,188.0
T000590,1977-09-30,188.27649,191.96762,197.10413,194.93265,197.60515,193.66522,192.40352,189.63702,193.16219,191.72826,191.0
T000590,1977-10-31,187.36821,192.0877,195.44186,194.6601,199.3403,193.91714,194.21773,188.26585,193.095,192.24823,193.0
T000590,1977-11-30,186.52522,191.1159,193.15462,194.06018,197.96788,193.68314,187.14545,186.56654,193.0337,192.69958,190.0
T000591,1977-06-30,631.2969,629.8329,629.52405,628.8877,630.6311,635.37665,625.6387,630.10754,622.5091,626.7677,613.0
T000591,1977-07-31,633.2495,630.29706,626.92474,628.9956,633.0925,636.28424,616.977,631.70135,622.28314,626.7874,613.0
T000591,1977-08-31,635.0834,632.322,633.1425,628.25134,627.78955,633.8364,616.2845,633.69995,622.89545,626.00006,613.0
T000591,1977-09-30,637.0233,635.0045,636.9896,627.9926,638.27313,635.7786,634.868,635.88794,623.27136,625.9693,616.0
T000591,1977-10-31,638.64233,637.58075,636.83765,629.30664,643.53424,641.6876,641.61127,639.67816,623.08374,628.143,622.0
T000591,1977-11-30,639.72076,638.58875,631.15607,628.24146,642.4247,647.3683,630.5442,639.65894,622.9266,629.12286,622.0
T000592,1976-11-30,697.4934,695.26117,692.27594,689.53345,694.0569,693.8605,681.236,692.8009,677.1718,691.45465,660.0
T000592,1976-12-31,700.9996,697.55273,690.1295,690.36273,696.9109,693.62427,673.47833,695.04517,676.7874,691.86487,663.0
T000592,1977-01-31,704.31586,699.73474,697.2074,691.7989,690.87195,690.6116,671.0324,700.41284,677.9533,690.3408,664.0
T000592,1977-02-28,707.60913,703.0931,705.33936,689.1709,702.7673,692.1155,689.37384,703.2062,677.9893,690.4762,673.0
T000592,1977-03-31,710.8263,705.1931,700.21063,688.62384,709.4084,698.2555,694.645,702.56067,677.9457,693.43854,674.0
T000592,1977-04-30,713.83185,705.35815,691.90155,684.5046,708.87024,705.00134,678.7102,703.2005,677.4496,692.7276,672.0
T000593,1980-06-30,184.16583,153.6053,206.30199,160.26364,142.6128,134.77428,144.24612,162.92905,221.25536,206.52866,314.0
T000593,1980-07-31,193.12015,150.76651,178.44298,161.02354,153.21016,147.31284,135.0284,169.17876,222.97244,227.27992,293.0
T000593,1980-08-31,198.28119,154.90889,231.33527,155.99217,85.884125,139.9741,169.24629,159.06561,218.5615,228.78075,273.0
T000593,1980-09-30,202.58398,153.9079,237.64996,165.76138,89.27707,156.42688,144.7496,164.0823,216.97414,223.7041,253.0
T000593,1980-10-31,202.70642,145.28604,225.16232,162.22382,68.464966,154.05067,139.0554,170.56328,214.34973,214.64821,228.0
T000593,1980-11-30,197.99211,150.76706,207.3345,166.39536,128.57045,156.893,129.93814,157.71416,220.50224,199.27129,206.0
T000594,1980-06-30,803.8657,798.1455,783.4944,761.1431,794.9499,801.55115,760.82623,800.29987,646.1142,757.77045,506.0
T000594,1980-07-31,830.60254,814.8788,765.8574,761.0341,821.88544,807.78503,754.9311,816.3015,644.7406,760.3634,530.0
T000594,1980-08-31,857.69775,834.15607,824.8594,774.7407,794.7162,766.441,722.6676,834.8367,654.15906,753.8063,557.0
T000594,1980-09-30,886.2953,855.4618,868.92914,743.15424,858.2484,766.5088,744.0764,858.81244,653.8928,755.0091,584.0
T000594,1980-10-31,916.4785,873.14667,851.24304,737.15686,890.6503,832.3419,737.6709,874.03613,652.79266,773.32886,605.0
T000594,1980-11-30,948.3361,895.1601,792.8838,724.01587,914.6813,899.91394,752.1479,877.239,650.0462,771.68195,632.0
T000595,1980-06-30,540.112,540.28375,554.0141,556.8073,548.3479,537.73206,531.9896,553.59467,588.7596,564.3359,551.0
T000595,1980-07-31,545.84174,573.0744,571.7366,565.66876,579.5947,582.9686,563.27704,581.5967,589.7552,583.07434,598.0
T000595,1980-08-31,560.687,578.2484,573.15533,561.5794,579.7459,582.23987,553.01794,588.53424,591.68976,583.0448,583.0
T000595,1980-09-30,577.0649,587.8807,586.3714,578.09924,587.8458,586.18756,591.28314,598.49835,590.0852,587.8255,586.0
T000595,1980-10-31,591.38776,587.3269,599.3296,582.35913,594.42926,596.8753,592.0128,604.7051,589.7071,595.675,599.0
T000595,1980-11-30,603.7398,594.3227,590.9198,597.19617,609.1725,599.4593,575.4259,607.6989,588.7948,583.989,590.0
T000596,1980-06-30,480.69147,481.85257,493.44238,500.3546,492.74222,485.13937,481.17715,492.6295,529.6841,502.18027,497.0
T000596,1980-07-31,478.14108,494.88126,502.06625,500.28043,509.03256,510.09683,490.2533,502.66003,530.7807,516.0507,517.0
T000596,1980-08-31,487.0025,502.0309,500.57443,495.64563,514.9856,514.98944,486.86823,512.0984,532.88135,515.10925,514.0
T000596,1980-09-30,506.0845,522.3314,520.76294,518.6812,522.03674,523.88354,533.6351,533.31445,531.30396,523.06476,532.0
T000596,1980-10-31,524.9622,524.8562,532.8689,523.3545,548.4599,539.5146,538.26984,545.22656,530.9263,534.78577,541.0
T000596,1980-11-30,543.52924,533.11896,530.26184,537.8515,537.6882,540.239,524.0311,550.30414,529.8561,528.93933,538.0
T000597,1980-06-30,321.5757,328.1733,320.38232,315.25793,312.5389,318.7464,323.11618,324.5467,285.389,318.41727,313.0
T000597,1980-07-31,306.49203,305.6149,299.87967,304.93155,308.89478,303.1116,295.27106,305.10434,284.39206,316.10046,286.0
T000597,1980-08-31,289.24472,299.76508,298.2956,303.92236,291.26697,279.3387,290.2694,288.6244,283.8649,313.15945,277.0
T000597,1980-09-30,276.2511,289.03278,297.58615,293.39795,287.31946,279.0189,277.59814,286.01666,285.88724,310.78595,268.0
T000597,1980-10-31,267.9722,285.89142,281.51584,284.90036,284.36942,272.94388,283.53226,276.51865,284.4517,312.0931,266.0
T000597,1980-11-30,259.18076,278.82367,279.6732,276.00702,287.79532,279.76953,273.4649,280.43997,287.3563,312.24823,267.0
T000598,1972-06-30,129.30527,108.07779,148.46152,91.64698,150.95975,111.28443,122.78211,134.08183,125.5393,135.51404,111.0
T000598,1972-07-31,140.46754,102.54552,135.87366,103.54193,121.25733,112.8627,100.67081,126.098145,129.31268,130.2584,112.0
T000598,1972-08-31,149.3399,136.66873,156.51451,151.94423,136.51869,138.82361,129.30376,154.4029,127.063774,133.71997,127.0
T000598,1972-09-30,154.41438,141.75667,137.83376,115.748116,118.55928,113.03029,121.8248,138.27773,134.51021,127.208206,147.0
T000598,1972-10-31,155.69284,142.30077,186.90982,168.77744,133.48251,183.30722,119.38237,168.07426,135.19286,155.32068,125.0
T000598,1972-11-30,153.37885,272.25366,205.07736,203.39984,321.49167,213.60233,318.8191,216.34283,125.154526,192.0818,324.0
T000599,1972-06-30,33087.215,26564.14,34471.688,30294.36,27136.197,26619.457,26116.04,29273.02,31661.389,40565.367,27848.0
T000599,1972-07-31,36468.754,32607.998,32958.96,31413.64,33100.246,32939.49,26795.424,35608.17,32110.355,40785.35,34723.0
T000599,1972-08-31,37437.273,52908.01,48844.727,42480.363,39401.246,46152.04,49431.234,45833.23,31201.094,44137.99,55081.0
T000599,1972-09-30,36333.527,48044.1,40440.484,47748.914,36404.227,44854.18,46636.73,42453.375,30474.299,45235.508,51978.0
T000599,1972-10-31,34289.203,20120.447,30173.006,30123.934,16129.788,15376.196,19548.904,19602.832,30552.96,34423.824,17077.0
T000599,1972-11-30,28786.01,29089.719,20109.373,30029.104,24681.113,23651.496,28757.389,23739.715,31462.416,31166.533,24435.0
T000600,1973-06-30,176.26198,178.25336,172.47589,199.38516,193.33192,186.82573,194.50455,197.95093,162.57669,208.44873,176.0
T000600,1973-07-31,180.33191,168.71861,161.43457,155.70251,180.13538,180.50279,142.0126,201.1142,166.35828,207.61032,180.0
T000600,1973-08-31,184.77765,176.19801,172.50014,164.73564,184.0901,196.10298,145.04602,201.24506,157.20116,216.91246,187.0
T000600,1973-09-30,186.1834,226.17366,214.23727,244.88855,223.59186,206.43094,253.11093,228.99649,157.0058,230.16013,239.0
T000600,1973-10-31,184.60176,144.95038,161.18826,145.30215,173.78902,161.67424,154.43668,174.08168,155.55902,178.3636,165.0
T000600,1973-11-30,179.35953,127.64248,93.33074,160.62585,98.16304,78.70749,96.42868,106.53899,161.96468,160.84567,65.0
T000601,1972-06-30,9869.634,10132.682,11593.404,8955.4,12252.68,10605.911,10758.461,10556.892,9473.073,10626.472,9888.0
T000601,1972-07-31,10267.338,9542.5625,10548.468,9530.034,11951.91,9925.825,8785.108,10245.511,9421.719,10412.567,9245.0
T000601,1972-08-31,10568.496,11000.017,11316.595,11304.734,11890.013,10986.619,11469.101,11499.417,9270.031,10470.578,10314.0
T000601,1972-09-30,10836.168,10044.757,10360.544,9406.995,12969.146,10070.421,9024.52,9698.577,9651.348,10166.284,9407.0
T000601,1972-10-31,11024.022,11035.9375,12082.801,11848.504,13593.777,11654.23,10470.201,11736.945,9667.267,11353.166,10656.0
T000601,1972-11-30,11067.543,14231.535,13213.488,12150.441,17407.982,12806.886,16198.5,13502.409,9391.159,12888.242,17190.0
T000602,1971-06-30,17.66708,16.867855,14.605136,15.338367,15.425798,15.487988,19.807697,17.998775,15.881114,17.298578,15.0
T000602,1971-07-31,17.656975,14.698841,14.747339,12.800714,16.093306,12.217598,6.748389,15.502789,16.306654,17.09569,13.0
T000602,1971-08-31,17.53189,20.74081,19.526903,21.377628,18.591232,19.860994,18.164642,18.07802,15.934266,18.454277,21.0
T000602,1971-09-30,16.513248,20.180912,18.411629,23.286058,17.660868,18.127537,20.685562,21.081797,15.832193,20.382168,28.0
T000602,1971-10-31,14.072087,12.3974,12.6212635,17.264427,13.467575,11.575642,8.339388,13.079496,15.7076,18.812057,8.0
T000602,1971-11-30,12.983428,22.776918,17.561619,21.471085,22.258774,20.442333,23.029274,21.090513,16.145723,19.234821,28.0
T000603,1972-06-30,656.97424,616.1547,615.71246,616.7886,630.26587,649.8215,637.0071,708.93555,613.8582,580.42456,650.0
T000603,1972-07-31,674.27203,586.5675,582.3694,653.58484,639.2323,610.7605,603.4873,652.2999,617.4528,593.23114,587.0
T000603,1972-08-31,684.2151,614.4082,605.54675,613.6862,609.49316,633.72034,585.7667,663.11127,612.53375,588.21704,632.0
T000603,1972-09-30,690.3834,622.7881,679.4075,609.2777,634.1877,649.4822,635.5397,666.602,614.0897,620.9188,581.0
T000603,1972-10-31,691.752,609.03314,691.4508,651.7296,612.1319,629.3374,686.33246,638.0449,613.43787,640.32135,594.0
T000603,1972-11-30,685.94196,636.7178,640.57025,651.6413,671.6925,660.5472,668.8778,697.5499,620.56555,643.04803,693.0
T000604,1972-06-30,3537.3127,3171.982,3306.2732,3075.8657,3351.195,3303.4924,3304.1736,3167.5903,3816.058,3391.769,4716.0
T000604,1972-07-31,3686.7415,3081.7698,3295.511,3255.3215,3332.3684,3304.752,3044.5657,3173.313,3835.3628,3663.6853,4281.0
T000604,1972-08-31,3843.1782,3186.0544,3534.8755,3308.1409,3163.6729,3350.711,3366.7866,3234.7632,3789.7454,3613.524,4392.0
T000604,1972-09-30,3975.5862,3278.772,3613.4302,3379.9275,3279.6826,3389.8103,3413.8232,3223.839,3796.681,3714.191,4466.0
T000604,1972-10-31,4066.3997,3235.1467,3669.2744,3658.742,3070.99,3443.3296,3556.9468,3265.4722,3749.8271,3969.124,4283.0
T000604,1972-11-30,4086.692,3403.178,3709.8203,3566.4998,3392.7285,3487.4004,3705.2952,3266.073,3818.8623,3904.354,4579.0
T000605,1972-06-30,4326.093,4276.275,4390.687,3917.6934,4211.3823,3917.7563,4422.3066,4128.7183,4320.773,3947.0894,4092.0
T000605,1972-07-31,4367.9956,4140.6646,4448.7026,4189.061,4287.81,4289.1045,4203.6562,4378.816,4375.036,3954.6729,4399.0
T000605,1972-08-31,4413.5757,4116.543,4235.1455,4224.399,4514.089,4293.263,4022.8315,4338.6343,4359.4824,3995.851,4206.0
T000605,1972-09-30,4443.297,3932.5527,3670.422,3816.7197,3424.8315,3133.3018,3648.625,3742.2112,4463.886,3992.9248,3878.0
T000605,1972-10-31,4397.322,4293.7046,4453.0415,4763.6494,4291.298,4755.411,4157.8174,4464.9927,4472.442,4525.3716,4064.0
T000605,1972-11-30,4321.982,6518.827,5285.6484,5450.075,6604.909,5331.423,6875.7646,5435.261,4362.1455,5055.4424,7666.0
T000606,1972-06-30,6479.287,7356.165,7709.8057,8094.322,6993.987,7283.6704,7185.934,6888.37,8248.489,7628.698,6537.0
T000606,1972-07-31,4504.211,5849.3496,7057.912,7019.217,5385.888,5521.421,6331.106,5153.436,8138.3174,7519.2397,5374.0
T000606,1972-08-31,4368.705,5888.79,6678.716,6473.1714,5273.3193,5663.45,5438.6606,6952.3896,8339.407,7297.9194,4084.0
T000606,1972-09-30,6503.134,7639.4604,7540.2793,7500.9277,7828.9087,7462.5044,7267.596,7563.8403,8435.704,7119.127,6718.0
T000606,1972-10-31,8118.573,8637.811,8180.259,8559.556,7905.534,9148.054,8165.591,9805.992,8454.4795,8429.355,7842.0
T000606,1972-11-30,8806.491,10744.637,9792.273,10210.379,10135.11,10152.527,10370.799,11212.97,8293.545,9620.067,11529.0
T000607,1972-06-30,3665.5496,4471.6914,4457.0063,3847.9155,3705.8723,4314.3164,4470.7915,4569.6216,3333.788,4669.207,4561.0
T000607,1972-07-31,3190.5537,3995.5317,3872.7957,3384.5916,3690.5884,3916.3901,3385.6125,3996.0625,3255.0,4535.1094,3734.0
T000607,1972-08-31,2793.7417,3023.8828,3504.2117,3563.71,2206.0735,2478.615,2926.9312,2725.9558,3202.3115,4497.033,2644.0
T000607,1972-09-30,2505.5203,3149.881,3093.8071,3084.3455,2819.6067,2559.086,2663.371,3185.1943,3347.2192,4192.911,2900.0
T000607,1972-10-31,2298.0684,3644.9966,3773.8682,3396.2173,3677.2256,3832.9487,3149.1914,3788.7454,3319.6038,4494.108,3415.0
T000607,1972-11-30,2389.0964,4489.5684,4158.3804,3650.02,4273.241,4339.802,4618.5776,4262.2627,3250.9475,4853.194,4490.0
T000608,1972-06-30,11635.367,12689.123,12232.541,9997.364,12232.429,12032.145,11924.971,11579.032,10183.712,9825.33,13894.0
T000608,1972-07-31,11577.023,12076.18,10823.745,10879.086,11824.162,11588.325,11516.248,11652.853,9797.903,9958.191,13847.0
T000608,1972-08-31,10697.63,10076.964,11033.191,10403.922,10035.065,10695.705,10849.504,9840.151,9867.961,9398.063,9735.0
T000608,1972-09-30,9755.023,10179.476,9220.651,9321.949,10529.779,10088.609,9002.054,9599.851,9976.19,9101.039,10771.0
T000608,1972-10-31,8973.688,7893.2344,8547.739,9362.838,6891.509,7809.5854,6990.8887,8867.05,9712.363,9111.409,6792.0
T000608,1972-11-30,7343.966,10125.149,8820.086,8950.962,10154.12,9703.586,10613.507,9344.446,10129.165,9101.8,10257.0
T000609,1972-06-30,45032.992,50541.71,48173.758,44663.92,47160.484,44891.39,50769.45,49070.746,39022.547,42178.277,51227.0
T000609,1972-07-31,43799.363,58214.152,45981.023,45418.617,57038.633,43941.28,53614.586,52416.996,37801.723,41674.594,62672.0
T000609,1972-08-31,38885.68,32677.176,40951.426,39253.77,30852.18,33593.375,35671.746,34042.508,37541.773,39664.473,31883.0
T000609,1972-09-30,35285.47,36003.535,34804.145,35931.53,39846.4,33105.34,36133.383,34307.188,38408.887,38105.914,33838.0
T000609,1972-10-31,32887.016,30771.547,33824.758,34439.1,37116.082,33795.12,30709.512,34513.098,37384.184,35267.24,29974.0
T000609,1972-11-30,29886.117,34135.05,34260.188,33603.26,38239.406,29674.125,34752.324,32826.53,38937.723,34797.984,32522.0
T000610,1972-06-30,2092.3477,2091.986,2044.5228,1821.431,2129.8618,2019.3876,1993.26,2033.9065,1810.8599,1838.9215,2300.0
T000610,1972-07-31,2079.7793,2200.94,1905.6893,1934.7465,2325.2302,2014.6895,2114.7957,2120.8086,1749.6371,1835.756,2467.0
T000610,1972-08-31,1911.3749,1756.55,1887.5654,1850.2257,1720.5535,1819.0087,1893.2815,1795.6805,1756.0487,1774.0315,1847.0
T000610,1972-09-30,1727.5374,1540.741,1407.4697,1546.8868,1636.0411,1503.2511,1404.8297,1603.6143,1791.5908,1689.1383,1554.0
T000610,1972-10-31,1605.3154,1381.1263,1453.7593,1634.148,1393.8926,1366.5544,1360.9034,1665.0237,1752.103,1672.7174,1359.0
T000610,1972-11-30,1480.9143,1694.2528,1663.9113,1578.1211,1741.4294,1756.9785,1772.8988,1749.8237,1804.6952,1709.2865,1903.0
T000611,1972-06-30,5992.28,6604.9688,7918.575,4843.4517,6263.861,5902.7812,4633.546,5133.594,5817.338,5197.3184,6416.0
T000611,1972-07-31,6136.5127,6282.7495,5947.2363,6122.3403,6590.3887,5823.93,6908.7925,5518.795,5760.2104,5473.284,5232.0
T000611,1972-08-31,6352.3765,7213.745,8121.859,5795.037,6602.935,6492.917,7929.069,6277.106,5901.1753,5207.649,6553.0
T000611,1972-09-30,6556.58,7293.0244,9143.42,6753.1675,7627.3643,6869.8237,6816.239,6671.2383,5649.127,4955.3906,8202.0
T000611,1972-10-31,6716.6216,6858.678,7201.272,6260.716,6605.404,5947.189,6052.31,5633.469,5803.251,5370.7354,5685.0
T000611,1972-11-30,6647.086,6817.9927,4862.911,6444.817,6456.6567,5471.175,6162.2544,5000.8066,5654.6616,5490.461,3702.0
T000612,1972-06-30,8437.973,8090.935,8247.188,6587.847,8376.92,8371.21,7366.3335,7563.1543,7912.272,6820.8735,8398.0
T000612,1972-07-31,9022.907,8620.342,8404.089,7805.7725,8332.531,8615.403,7765.0767,8216.349,7847.6597,7566.449,9532.0
T000612,1972-08-31,9182.074,7756.827,8537.682,7556.6616,7695.165,8618.742,7795.3403,8232.428,7784.4795,7157.1875,7443.0
T000612,1972-09-30,9345.778,9369.937,9778.68,8169.424,9562.834,9391.487,9394.404,8693.612,7754.4062,7638.233,10693.0
T000612,1972-10-31,9512.272,9224.089,9877.838,9124.425,9445.356,9482.636,9101.351,8495.491,7712.69,8647.971,10032.0
T000612,1972-11-30,9182.693,9121.758,8168.9277,8095.742,9380.182,9196.705,9194.49,8245.968,7878.4565,8488.928,9247.0
T000613,1972-06-30,28.16777,38.108765,33.657303,32.446808,31.859007,31.392876,41.477303,41.119118,33.087246,29.931614,42.0
T000613,1972-07-31,29.602402,45.52585,39.762558,39.695755,40.509193,39.90899,50.69998,43.743664,32.704937,35.308857,60.0
T000613,1972-08-31,30.51112,44.680237,41.498363,37.590126,33.569862,39.914047,42.296547,42.311783,31.885002,38.547188,53.0
T000613,1972-09-30,30.90226,20.279568,20.434364,25.652527,18.469372,10.739964,21.518684,31.309887,33.218777,36.766094,22.0
T000613,1972-10-31,27.229237,19.637693,21.802536,31.971706,21.49041,17.902775,24.22842,34.859978,32.278927,34.81684,20.0
T000613,1972-11-30,17.574749,42.254303,36.825462,36.795258,37.875317,39.411922,48.695618,46.085194,33.70144,33.47378,59.0
T000614,1979-06-30,31.005259,31.0024,30.651289,29.977867,30.890142,30.801895,31.537062,31.617504,30.038872,29.158943,32.6
T000614,1979-07-31,32.26328,30.829193,30.781597,31.089691,31.349115,30.957993,29.412401,31.740122,30.147257,29.519594,31.6
T000614,1979-08-31,33.18805,30.83533,30.808813,31.626242,29.96318,30.900206,30.33251,31.361916,29.881363,29.412674,31.1
T000614,1979-09-30,33.70036,32.150116,32.023182,31.29112,32.70654,32.040073,31.702505,32.639614,29.92065,29.728785,33.2
T000614,1979-10-31,33.482483,32.59044,32.478065,32.90768,31.509224,32.72004,32.536175,33.21279,29.925213,30.873728,33.6
T000614,1979-11-30,32.140636,32.208263,31.687063,32.75721,32.011345,32.54493,32.76116,32.874783,29.903662,31.655046,34.0
T000615,1969-06-30,54.025814,54.03333,54.257267,54.800076,53.98712,54.19256,54.033573,54.120407,54.79978,54.50618,56.05
T000615,1969-07-31,54.14083,54.01905,54.20965,55.237732,54.03964,54.208,53.166977,54.11458,54.839535,54.78908,55.49
T000615,1969-08-31,54.28289,54.109688,54.45286,55.54132,54.008305,54.23812,53.44702,54.155888,54.765247,54.80875,55.58
T000615,1969-09-30,54.459015,54.12634,54.635773,55.624336,53.883495,54.30516,54.733524,54.154037,54.7584,54.838978,55.45
T000615,1969-10-31,54.593754,54.083786,54.343975,55.78563,53.44139,54.374744,55.317535,54.176685,54.72664,54.89371,55.07
T000615,1969-11-30,54.66812,54.18362,54.514534,55.976974,54.024147,54.41575,53.9726,54.146126,54.79463,54.768845,55.25
T000616,1972-06-30,36.3119,37.380913,39.290535,38.059547,43.41843,38.313534,42.73719,43.18916,33.62276,37.045444,43.0
T000616,1972-07-31,36.105606,37.379475,35.144264,33.947662,45.94988,38.812557,34.975536,42.86746,34.100266,35.8683,42.0
T000616,1972-08-31,36.304607,42.325607,41.811623,41.016476,41.848198,42.01824,41.078564,43.136513,33.52813,38.30473,43.0
T000616,1972-09-30,36.46751,30.26787,30.233164,34.692223,34.696575,31.865715,30.330685,33.164875,33.82947,37.634476,29.0
T000616,1972-10-31,36.79841,17.522339,25.372879,29.926533,25.702423,19.831734,17.823645,26.55504,33.74078,32.624664,19.0
T000616,1972-11-30,37.135414,39.17477,34.88961,41.59117,42.639915,41.178642,45.212345,45.66057,34.05814,34.76604,49.0
