unique_id,ds,NBEATS,NLinear,KAN,MLP,DLinear,SeasonalNaive,ADE,ADE(UID),MLpol,MLpol(UID),MLewa,MLewa(UID),MLprod,MLprod(UID),BOA,BOA(UID),OGD,OGD(UID),FS,FS(UID),Ridge,Ridge(UID),LossOnTrain,LossOnTrain(UID),BestOnTrain,BestOnTrain(UID),EqAverage,EqAverage(UID),Windowing,Windowing(UID),BLAST,BLAST(UID),y
T000000,1987-04-30,4.604102,5.759795,3.6428611,1.1217327,2.9783554,1.14,3.3833256552983917,3.3833256552983917,3.5038224457753646,3.9640589047655688,3.4760344659709252,3.84675677522961,4.102229870791455,3.85862922695998,3.938178012678443,3.835601009564679,3.019127884972221,4.229797639306225,3.2450189920312353,3.2989533105296722,4.0806557088358515,4.455386022163224,3.3864976099451773,3.3864976099451773,4.604102,3.6428611,3.1228985999999996,3.1228985999999996,3.1096828669737304,3.1096828669737304,3.6428611,3.6428611,5.1
T000000,1987-07-31,4.711516,4.708432,3.6940136,1.0001619,1.0621611,1.03,3.4129109710875474,3.4129109710875474,3.540897747692296,3.110745056856124,3.143239634838189,3.200813499811641,4.1778522485531395,3.709504992984747,4.00357692950074,3.7963108039141655,1.5834883301315608,2.9710553682811796,2.33679806436575,1.6515782802199785,4.128016917350471,3.7424252332751795,3.416526943900468,3.416526943900468,4.711516,3.6940136,3.1352304999999996,3.1352304999999996,3.121425226780226,3.121425226780226,3.6940136,3.6940136,4.3
T000001,1991-04-30,170.46191,220.34032,154.04626,118.84562,113.88696,123.0,140.9720974267071,140.9720974267071,153.5257411520212,159.20044742703834,147.5392208134548,157.98746090975905,162.64562113342552,158.74329107081917,160.03801308777844,157.4318942791112,130.44236643316628,149.78586016343357,133.5135122832965,152.01637851570223,162.268950077009,160.88711583873783,150.49592222658674,150.49592222658674,170.46191,154.04626,147.78459666666666,147.78459666666666,162.40914891707973,180.9413100114818,154.04626,170.46191,201.0
T000001,1991-07-31,173.10977,170.2589,154.69821,117.63575,109.15822,118.0,141.41592969324606,141.41592969324606,154.6851802463538,160.6145972097352,147.87264832018536,159.076613204,164.5754118574399,159.92546446832884,161.71048273855746,158.45683688780474,119.77131666646179,130.7101222648169,131.4999438843148,152.39072701121682,164.26237582706176,162.35620924157246,151.36211385989353,151.36211385989353,173.10977,154.69821,148.48124333333334,148.48124333333334,164.07790748807682,166.05520480164733,154.69821,173.10977,214.0
T000002,1989-04-30,346.30228,387.88232,245.14352,245.52953,244.56769,289.0,318.66748374680094,318.66748374680094,293.22961695283107,275.5756640479663,303.21440137796594,254.10322149466953,319.00991042572446,250.92425757376245,308.30841233081,259.52020793148773,265.72858260395105,275.97764096212586,244.87579904012097,278.9917766666666,330.4234115156389,281.7907307566629,279.9569883254173,279.9569883254173,346.30228,346.30228,278.9917766666666,278.9917766666666,279.9519092016481,270.5073382979036,245.14352,245.52953,330.0
T000002,1989-07-31,351.54016,299.77527,253.66895,230.02213,281.22443,214.0,318.21640928227,318.21640928227,294.5224173583468,278.7919844669922,309.5816900358111,244.5048072297575,322.8273751934447,238.5418792225549,311.88035799719603,252.75623590026578,273.83888661771203,272.43265143300727,266.32526986252003,278.41041333333334,333.0927082353552,281.44337601840874,279.1720119452973,279.1720119452973,351.54016,351.54016,278.41041333333334,278.41041333333334,271.5307690765088,274.11815040000306,253.66895,230.02213,318.0
T000003,2004-01-31,38867.727,31886.676,39666.55,36801.492,46875.152,36602.0,38551.77730926215,38551.77730926215,38611.262338865046,40028.63884399891,39911.78378849308,39387.97640006485,38808.322813661995,36849.58298459549,38822.137356408566,38220.576889692136,42694.78232206529,40801.83022720034,43076.99783354495,40848.12366666667,38677.133397608704,38843.950751312615,38370.92084736365,38370.92084736365,38867.727,36801.492,38445.25633333333,38445.25633333333,38427.50076475598,38427.50076475598,39666.55,38867.727,41235.1
T000003,2004-04-30,39394.9,35318.57,39244.45,36397.016,38154.7,40931.4,38453.60440043386,38453.60440043386,38643.70692732612,37733.23119825343,38454.20877575345,37426.870521153425,39080.72943578628,36650.425847659906,38994.46705007047,37088.36216439384,37392.97267645482,37035.65148721407,38630.579238117,37982.20533333333,38946.40955523924,36704.76336792673,38277.05266461619,38277.05266461619,39394.9,36397.016,38345.45533333333,38345.45533333333,38387.21711065522,38387.21711065522,39244.45,39394.9,46557.6
T000004,1988-01-31,821778.1,932424.5,768529.6,726553.5,684462.0,722636.0,768587.9164965441,768587.9164965441,783885.1845136865,779562.2429898689,773197.8522990615,790207.6155399566,803360.0526467155,783654.7458096328,796685.1021988465,790911.2925246576,729049.1327434527,782055.3462094977,726497.5289700114,705507.75,806222.6979941982,805981.3948718371,774843.5669334047,774843.5669334047,821778.1,821778.1,772287.0666666667,772287.0666666667,777881.9359462992,777881.9359462992,768529.6,821778.1,772214.0
T000004,1988-04-30,830733.44,785400.5,770991.8,722737.9,759399.7,701800.0,770658.2912350626,770658.2912350626,787946.2207678364,783056.9386104497,791755.4067841186,795073.4120357085,809958.1351059588,799969.8745722718,802440.6059670828,795952.670668557,755972.5401264827,764204.7628642034,763923.5082426057,741068.8,814220.5557677567,817939.6531325016,777728.392781702,777728.392781702,830733.44,830733.44,774821.0466666666,774821.0466666666,781185.8373514826,781185.8373514826,770991.8,830733.44,818797.0
T000005,1988-04-30,744.6801,879.1861,680.81537,586.325,540.4862,619.83,684.0606962476555,684.0606962476555,688.812082072828,675.6397324194522,668.5062981871979,686.6333064943784,718.3494113457745,726.3475960621929,709.2532647449442,709.5176219173927,599.0900793993553,667.0863751463373,609.9218672743405,670.6068233333333,719.1351018989468,731.065439666479,677.8635227726388,677.8635227726388,744.6801,744.6801,670.6068233333333,670.6068233333333,680.2791249362037,680.2791249362037,680.81537,744.6801,740.84
T000005,1988-07-31,756.06384,699.1214,683.0475,580.3688,656.7649,564.64,688.1594786550154,688.1594786550154,693.4533925878497,708.8192421411816,695.8506452681727,717.1280397484182,726.4741456248929,742.843445174746,716.2067420122851,728.4162976321386,647.8931412090321,661.2056920519956,667.2232280848298,673.1600466666666,729.4235078998846,737.5840314802075,681.1561343030968,681.1561343030968,756.06384,756.06384,673.1600466666666,673.1600466666666,683.8966805440417,683.8966805440417,683.0475,756.06384,663.86
T000006,1982-04-30,46.229904,52.796883,45.52655,28.039537,41.374275,16.8,40.12006240657724,40.12006240657724,41.73252455544776,37.395569622119154,41.03184583380767,31.651065137746585,44.36008132370919,33.933216657639946,43.853674851594505,36.850741826035744,40.41535196444789,40.53230978916813,42.98862841698349,28.039537,43.54428458104702,33.05859399259016,38.9155709238064,38.9155709238064,46.229904,28.039537,39.931996999999996,39.931996999999996,35.87387124147218,35.70619497104589,45.52655,28.039537,30.7
T000006,1982-07-31,48.45542,43.915283,45.246445,26.568218,24.400925,23.0,40.3424856299674,40.3424856299674,42.36003570128922,32.764926102962946,38.723014112433304,29.421466144613145,45.79424089925196,31.83878687272853,44.99310753612762,34.962222028250665,27.683968275386277,29.43991970048949,34.5763114319981,26.568218,44.98043973639722,31.156391166993917,39.02746433542913,39.02746433542913,48.45542,26.568218,40.090027666666664,40.090027666666664,35.63533717755879,31.854433010821268,45.246445,26.568218,26.8
T000007,1991-04-30,189.78389,217.19772,182.19437,170.0976,144.48941,169.68,171.825885447725,171.825885447725,182.9398434887596,171.77196906787498,176.51203362235066,179.10739675165473,186.57146008252687,181.96799652655704,185.46906315356685,181.83861842098148,160.18021062455622,172.27552972248353,163.54432362211804,180.69195333333332,186.34193876206302,179.85186916954905,180.94664547108368,180.94664547108368,189.78389,182.19437,180.69195333333332,180.69195333333332,186.10114358342742,176.81607104668737,182.19437,189.78389,140.53
T000007,1991-07-31,192.66055,192.62819,182.18918,169.53694,168.63797,167.6,171.566992318739,171.566992318739,184.1708368545473,176.14748310806243,182.64395180496174,180.60075901781485,188.61618969095701,182.0441069072701,187.19493248126085,181.95302472275944,172.3257767870631,176.83456579330215,175.23748270046138,181.46222333333333,189.00786753939346,181.19380065177972,181.71435130782444,181.71435130782444,192.66055,182.18918,181.46222333333333,181.46222333333333,187.57941175356206,183.3528956849716,182.18918,192.66055,166.56
T000008,1988-01-31,3416.2124,2614.6895,3584.6108,3038.1921,4603.4307,1015.0,3377.6364079982136,3377.6364079982136,3375.734081794865,3295.8242544031145,3554.1821274812096,3428.952211043007,3409.2186171352923,3564.9084199370313,3413.5525520365086,3505.7050345206776,4003.6628303734574,4117.522467669291,4062.3830364279956,3346.3384333333333,3377.6285294102704,3439.0871848582274,3337.2579112136027,3337.2579112136027,3416.2124,3038.1921,3346.3384333333333,3346.3384333333333,3275.7962509146855,3493.656200920779,3584.6108,3038.1921,3253.0
T000008,1988-04-30,3590.1064,3452.9736,3526.526,2951.7126,3325.301,3712.0,3405.75651073003,3405.75651073003,3421.0096536623796,3222.732633944261,3389.6529209479168,3284.938995085522,3517.7127155836733,3452.6959500002586,3496.78259313358,3343.25140465298,3270.289855797812,3270.5006065904304,3411.7041562302634,3356.115,3494.5917403884832,3383.496972830737,3330.500478639943,3330.500478639943,3590.1064,2951.7126,3356.115,3356.115,3287.358649494121,3251.1346391853594,3526.526,2951.7126,2742.0
T000009,1990-04-30,10495.716,7684.936,10361.222,13302.44,11032.498,15518.0,11244.517216764216,11244.517216764216,11119.294641763694,11659.075230259332,11257.194895417939,11212.164429257471,10741.913856422445,10683.066784176866,10800.321889808136,10812.587739231729,10990.415758484341,10173.985297846628,10774.935731065776,11386.459333333332,10907.258810084099,11342.962588472474,11287.39439158331,11287.39439158331,10495.716,10495.716,11386.459333333332,11386.459333333332,11357.71609046005,11357.71609046005,10361.222,10495.716,8861.0
T000009,1990-07-31,10617.623,8235.82,10306.134,12799.41,13088.107,12623.0,11124.732889326897,11124.732889326897,11042.447525729454,11468.94692042036,11601.655390844986,11126.097381576561,10772.973897963939,10725.68561930625,10801.576837107847,10800.308451293207,12321.126268846558,11296.696436689035,11730.150404496744,11241.055666666665,10964.991909659044,11146.555291752475,11162.181065734232,11162.181065734232,10617.623,10617.623,11241.055666666665,11241.055666666665,11221.52218074628,11221.52218074628,10306.134,10617.623,11380.0
T000010,1991-10-31,182.31425,208.64893,175.02437,163.40141,138.80188,163.0,166.99431673205837,166.99431673205837,175.73951946186062,165.01387991154363,169.56431463714873,172.05670001073884,179.2282861770965,174.80336148047695,178.16931935611038,174.68146762656582,153.87502724572812,165.49370131666578,157.10754528060474,173.58001,179.00756281915668,172.773350992871,173.82460334107952,173.82460334107952,182.31425,175.02437,173.58001,173.58001,178.77674574848618,169.8540388974315,175.02437,182.31425,135.0
T000010,1992-01-31,185.07779,185.04724,175.01918,162.86258,162.00272,161.0,167.08284398801504,167.08284398801504,176.92199568818555,169.2212498608514,175.45541370454907,173.49185843386783,181.192553719939,174.87666223859395,179.82724335317687,174.7913190509655,165.54442818329716,169.8759021576766,168.3416976196931,174.31984999999997,181.56865217410646,174.06291645338328,174.56198673112766,174.56198673112766,185.07779,175.01918,174.31984999999997,174.31984999999997,180.19672534059276,176.13567915417053,175.01918,185.07779,160.0
T000011,1984-04-30,346.6196,389.3079,330.53098,338.4452,243.8823,278.0,340.7356760155873,340.7356760155873,340.03237585974233,304.55593286532024,325.0807165862816,313.058536626857,343.0332746137801,330.04117831417653,341.52523988629537,334.5050771886013,283.8156764104482,308.03605174815954,288.74199413641395,287.20664,344.06794465685124,339.4486617005696,338.73755544898034,338.73755544898034,346.6196,346.6196,338.53192666666666,338.53192666666666,338.85131734532666,308.07319651855215,330.53098,346.6196,227.0
T000011,1984-07-31,356.6107,347.4846,330.48184,334.92505,319.0002,320.0,344.72609571392013,344.72609571392013,343.927531522,334.68829416212077,344.3368334129884,336.490638731244,349.9784386811009,336.0061406724761,347.3215745972731,336.42706779446166,326.30961765038967,331.1860411400505,325.0461826077287,324.74102,352.9834641893706,352.15426267141584,341.34652073398115,341.34652073398115,356.6107,356.6107,340.67253,340.67253,342.29420652441087,335.98880163184526,330.48184,356.6107,319.0
T000012,1994-04-30,729.6811,949.90265,648.2313,616.31006,458.93884,610.0,674.8014897814612,674.8014897814612,679.3404549613012,667.4158856522687,651.3600753647784,688.232891544141,704.6099476410311,716.6645696358785,695.1973050891265,684.2662724369857,561.8241212361966,629.4503243579178,555.4646129233965,664.74082,709.7269514479003,680.6063057301466,668.719464378795,668.719464378795,729.6811,648.2313,664.74082,664.74082,693.1486329102074,762.5898929944655,648.2313,729.6811,795.0
T000012,1994-07-31,739.97833,733.06665,651.4911,612.2223,442.2588,639.0,679.1474074819427,679.1474074819427,684.2048185364838,670.9493036403517,653.1281279030474,694.3058479093108,712.3001114628511,703.0528061334292,701.9608356475607,690.3392269925145,518.3392865918643,555.2243569379142,548.833071464112,667.8972433333333,717.5909550109523,686.6562080175951,672.5252899562216,672.5252899562216,739.97833,651.4911,667.8972433333333,667.8972433333333,700.2893827239857,709.1542673616775,651.4911,739.97833,844.0
T000013,1988-01-31,30084.389,32559.848,28854.5,28909.893,27778.303,28628.0,29285.409451264102,29285.409451264102,29451.098632506557,29302.86856947555,29368.245997900274,29373.84777880218,29757.438385177968,29347.336219373497,29628.58178521308,29257.66848953562,28701.199733555542,29708.16939478959,28334.18536491446,27778.303,29884.338872673172,29459.2404022366,29300.19342705996,29300.19342705996,30084.389,30084.389,29282.927333333333,29282.927333333333,29302.151477935855,29302.151477935855,28854.5,28854.5,26278.0
T000013,1988-04-30,30230.79,28250.895,28901.64,28755.62,29007.688,26204.0,29308.420552263724,29308.420552263724,29497.790556688444,29321.7031035189,29650.870733806507,29409.079964195455,29857.674916923745,29418.05438018708,29713.33328137922,29315.486638331207,28847.224333327784,28693.259708930098,28948.69968272159,29007.688,30001.905274015935,29502.061273509495,29318.15005142462,29318.15005142462,30230.79,30230.79,29296.016666666663,29296.016666666663,29324.814788950975,29324.814788950975,28901.64,28901.64,28641.0
T000014,1988-04-30,140500.55,155185.33,135864.11,132583.45,133082.75,143642.0,135432.07046956176,135432.07046956176,137289.49296662014,135415.9292326157,137225.18009425583,135311.26960145836,138932.8110072343,135755.4843480821,138360.85600954486,135829.96707926714,136218.5189512208,142161.2379771574,134416.79709285466,133843.43666666665,139260.7322524316,136647.10946201454,136455.59694193656,136455.59694193656,140500.55,135864.11,136316.03666666665,136316.03666666665,135442.30059184335,134040.7081289905,135864.11,135864.11,122733.0
T000014,1988-07-31,140994.73,130072.57,135799.69,131970.95,131500.95,128780.0,135246.47791081696,135246.47791081696,137360.7299864258,135235.4636276877,137063.08230512057,135121.4985018958,139223.4288841545,135665.32342914437,138578.7897304361,135741.45923652765,131384.64723766112,130963.69186081039,133599.99798322064,133090.53,139567.70971489252,135731.97743642042,136416.8324621946,136416.8324621946,140994.73,135799.69,136255.12333333335,136255.12333333335,135271.30765477015,133369.1227203314,135799.69,135799.69,144710.0
T000015,1988-04-30,40986.965,43372.547,33038.84,25729.914,38563.2,25295.0,33602.8995499595,33602.8995499595,35084.60407140582,36452.75710792503,36942.00992645134,36148.637209756984,38137.57304839554,39590.65140000529,37115.466577536296,38422.51861650011,36735.47719858024,37624.38493130535,35499.2411394043,35093.359666666656,38756.47061128199,37906.575183174355,34010.04877284412,34010.04877284412,40986.965,40986.965,33251.90633333333,33251.90633333333,34141.39120423683,36012.44510547415,33038.84,40986.965,28852.0
T000015,1988-07-31,41636.65,40856.65,33452.773,25295.754,30374.951,32532.0,33850.22066365324,33850.22066365324,35410.201435170486,34000.16464472244,35649.452368134596,33404.94277171957,38642.0985776064,39229.43516231644,37574.081806681264,37646.824607050614,30906.819233619055,32638.180354127657,31715.551596799072,32435.785,39131.810985079144,38536.33463648549,34272.04186668112,34272.04186668112,41636.65,41636.65,33461.725666666665,33461.725666666665,34399.48997928423,33202.63872560939,33452.773,41636.65,23243.0
T000016,1988-04-30,647633.5,741753.44,615738.4,575015.4,517584.28,592558.0,610411.6296106554,610411.6296106554,621258.6089192478,605559.659501568,605748.6167486974,609733.6957701537,635104.7441683207,626365.4527147216,630721.7159783473,626498.7808264204,561715.6120744168,611534.7274741298,566911.667889325,612795.7666666666,635432.195877289,637308.7106317994,615311.3828815282,615311.3828815282,647633.5,615738.4,612795.7666666666,612795.7666666666,625186.0588683813,598244.863343456,615738.4,647633.5,612695.0
T000016,1988-07-31,658411.1,604419.4,615755.5,572437.94,611459.3,561684.0,612466.823927395,612466.823927395,625768.6156164252,632072.0793395615,629259.7420772461,633687.7937220214,642726.0117052892,630542.7402356109,637139.5390897965,631058.5622391492,602731.8673940172,604020.1578158652,612373.7646147562,615534.8466666666,645397.0502255238,652858.6777279328,618402.9350578533,618402.9350578533,658411.1,615755.5,615534.8466666666,615534.8466666666,629820.3641038655,630263.8956519316,615755.5,658411.1,654950.0
T000017,1988-04-30,147419.06,163111.36,138829.75,131638.27,131407.62,130036.0,138825.81185360375,138825.81185360375,141207.44822490442,138881.5872264662,140656.31051493416,138835.67549687295,144407.7248374439,140701.1162919923,143320.62846532286,140755.7016942495,136092.3108302583,143683.49257171515,135014.394997184,147389.5633333333,144931.39401333168,139974.9435343903,139768.74536910595,139768.74536910595,147419.06,138829.75,139295.6933333333,139295.6933333333,138961.5786315744,138961.5786315744,138829.75,138829.75,121898.0
T000017,1988-07-31,148150.42,146915.38,139413.64,131277.55,127225.04,135511.0,139147.9708633211,139147.9708633211,141638.33459573943,139188.90916120162,140192.85714600165,139217.46038852556,145008.504560808,141169.0703984006,143882.46149565728,141255.98989564847,130905.7093503412,135319.71977171284,133258.15813380023,142114.44999999998,145439.70104604197,140404.52314698763,140129.3055590283,140129.3055590283,148150.42,139413.64,139613.87,139613.87,139264.25366290807,139264.25366290807,139413.64,139413.64,154758.0
T000018,1988-04-30,39478.484,41381.008,34432.91,28948.121,37205.33,28459.0,34517.78978616807,34517.78978616807,35532.13238886201,37544.45790747003,36572.035147915674,37231.918294362054,37588.48320619528,38045.76636085433,36918.76525467776,38461.783991242366,36187.55191389916,38790.390075807554,35613.23176395381,39478.484,37930.97668298515,38060.529856545894,35457.255767292256,35457.255767292256,39478.484,39478.484,34286.505,34286.505,36302.070716571434,37520.491330203135,34432.91,39478.484,24577.0
T000018,1988-07-31,39902.152,40000.434,34549.758,28564.55,35182.41,31185.0,34591.12513575936,34591.12513575936,35676.430043015236,37420.877997387506,36338.95412496062,36983.140160547955,37881.18927500068,38367.50518927397,37166.62372475905,38549.619338158314,34582.001305989106,37408.22248867125,34677.25967916324,39902.152,38205.62616449389,38639.16763700372,35599.80736931808,35599.80736931808,39902.152,39902.152,34338.82,34338.82,36506.78610438344,37165.53380294345,34549.758,39902.152,21109.0
T000019,1988-04-30,744678.06,879181.9,680812.9,586323.8,540486.0,619826.0,665691.0984011345,665691.0984011345,688810.1158651733,675684.3631874373,668504.8067882116,686540.5796000006,718347.3771714284,726879.4265693233,709251.2164100115,709450.0190469548,599089.0968229505,667089.5523652963,609920.5363195909,563404.9,719133.207525047,731067.8834560978,677864.0856607719,677864.0856607719,744678.06,744678.06,670604.9199999999,670604.9199999999,680278.4894446124,680278.4894446124,680812.9,744678.06,740835.0
T000019,1988-07-31,756061.8,699118.4,683045.06,580367.75,656764.5,564637.0,667598.0981483691,667598.0981483691,693451.4704721103,708824.8817412414,695849.1508927054,717055.9081454895,726472.1310826606,743211.9923733786,716204.7194499935,728365.009925978,647892.232534369,661215.2646939943,667221.8191718126,618566.125,729421.6324617228,737621.3558530875,681156.9579888023,681156.9579888023,756061.8,756061.8,673158.2033333334,673158.2033333334,683896.2436739466,683896.2436739466,683045.06,756061.8,663858.0
T000020,1981-04-30,124906.21,127696.78,123110.23,120733.34,123313.97,120615.0,122940.5648685128,122940.5648685128,123401.28186787655,123268.58055805304,123622.42364487176,123480.97849863039,124192.67699749592,123603.20933281057,123943.80285152189,123433.55308760054,123446.25380049812,124756.70449000818,123137.82440718127,124110.09,124283.7315366689,124105.38498856637,122969.28521014257,122969.28521014257,124906.21,123110.23,122916.59333333332,122916.59333333332,123449.93280191414,123824.9200681261,123110.23,123110.23,124408.0
T000020,1981-07-31,125261.36,126916.49,123154.664,120618.85,117962.16,122262.0,123036.70446599112,123036.70446599112,123555.62239335533,123396.303471836,122777.45584023229,123639.58292091408,124448.61650391563,123770.51716750099,124162.91723713398,123571.48030124351,119796.49702186167,122001.27835190663,120560.22301368375,121611.76000000001,124494.89779520604,124345.23548475716,123069.0082003313,123069.0082003313,125261.36,123154.664,123011.62466666667,123011.62466666667,123592.55787889377,122904.38469877129,123154.664,123154.664,131643.0
T000021,1990-04-30,153252.48,163070.1,150113.2,153595.31,132960.4,154517.0,152120.53370754136,152120.53370754136,152424.57471562733,152453.39158084872,149457.80498387144,152621.8080842736,152738.85108094357,152421.57237004582,152492.4623290539,152236.28463445007,141436.74548520218,147815.1007497818,141898.13106019155,155478.59333333332,153030.49251648775,153780.0823100652,152270.89304566136,152270.89304566136,153252.48,153252.48,152320.33000000002,152320.33000000002,151937.0499489888,145244.07869431953,150113.2,153252.48,129675.0
T000021,1990-07-31,155017.94,147126.83,149909.02,152998.78,159315.08,153713.0,152396.94967011735,152396.94967011735,153062.28194257317,153021.9871030118,155364.49842662676,153557.92669552637,153934.4962425246,153507.47480518022,153469.86419770462,153128.46867911948,156285.63653140704,153597.54000472656,154563.70865770517,150684.59666666665,154784.50847528226,154579.079862156,152633.1614076447,152633.1614076447,155017.94,155017.94,152641.91333333333,152641.91333333333,152735.81148104757,155024.64619297482,149909.02,155017.94,136911.0
T000022,2005-07-31,344.8436,313.09302,335.6176,334.9087,343.54306,340.42,339.9980299221955,339.9980299221955,339.82756185093837,341.3377444627016,342.2626949773721,340.47592574105175,342.28297053652807,338.59579764508476,341.28858038151265,339.5326653525656,337.3841208928999,330.50040431254854,339.44034545624436,339.44034545624436,343.3948882877641,341.2912709504383,338.8311062257401,338.8311062257401,344.8436,335.6176,338.45663333333334,338.45663333333334,338.10311177837787,338.10311177837787,335.6176,335.6176,338.62
T000022,2005-10-31,347.27878,330.29715,335.47067,334.33054,349.89066,339.82,341.0119490384186,341.0119490384186,340.80392926992977,344.39674642093536,344.73754749861627,343.0853471687872,343.9791335753939,339.85802666787595,342.7006893821154,340.82163702903574,343.95418807856583,340.5207087154846,342.4304550222347,342.4304550222347,345.44826037290295,343.9114302663136,339.52823617658356,339.52823617658356,347.27878,335.47067,339.0266633333333,339.0266633333333,338.5735234035673,338.5735234035673,335.47067,335.47067,352.78
T000023,1990-01-31,1151.5487,1073.8745,1012.84515,1149.505,1082.0715,1276.0,1105.3207517435849,1105.3207517435849,1110.911295406358,1128.9165300728177,1137.8008583420892,1131.0379782594703,1127.203541583375,1112.913621584134,1115.8926667998785,1113.0880203986867,1094.173854889501,1092.9640787794333,1050.516135066648,1111.68975,1150.325101720073,1153.0919480364225,1105.7225894114163,1105.7225894114163,1151.5487,1151.5487,1104.63295,1104.63295,1108.5439632587174,1108.5439632587174,1012.84515,1151.5487,1084.0
T000023,1990-04-30,1159.1521,871.80286,1020.4177,1105.2057,1224.8324,871.0,1098.9887460912719,1098.9887460912719,1106.254358173733,1113.2824957104615,1159.0293484018425,1113.5948243353082,1129.8157991433523,1107.9070576291433,1117.2204120568958,1101.986319230988,1149.5763950073622,1097.6965285070305,1122.1030823436852,988.50428,1152.2584390654474,1148.0894559711876,1096.4429975629137,1096.4429975629137,1159.1521,1159.1521,1094.9251666666664,1094.9251666666664,1107.6991931166126,1107.6991931166126,1020.4177,1159.1521,706.0
T000024,1990-01-31,1363.8253,1482.6539,1338.0089,1427.5525,1229.8102,1369.0,1371.6509423361967,1371.6509423361967,1371.3939203337968,1388.2398659596142,1353.1945602840235,1385.5921318246658,1365.4521942425424,1396.9936833803577,1364.9304123356019,1383.6677890918636,1305.8150096119102,1343.4076590265943,1288.2137848857815,1455.1032,1371.214193697915,1388.2676439278594,1378.8561349594456,1378.8561349594456,1363.8253,1427.5525,1376.4622333333332,1376.4622333333332,1385.3493413971423,1429.0484764977998,1338.0089,1482.6539,1272.0
T000024,1990-04-30,1378.9652,1227.5985,1334.0284,1403.5691,1284.862,1082.0,1369.869425754793,1369.869425754793,1371.7635359445062,1385.2493963597947,1366.7709398952925,1382.62754789331,1373.5049737555694,1389.3265050010866,1370.464583130571,1382.054223714367,1299.8986207687126,1298.2208161677777,1312.2656055539503,1315.5837999999999,1381.25137613493,1390.7643668602827,1374.001802421454,1374.001802421454,1378.9652,1403.5691,1372.1875666666665,1372.1875666666665,1382.363302423951,1324.9504361957581,1334.0284,1227.5985,947.0
T000025,1990-01-31,1363.8253,1482.6539,1338.0089,1427.5525,1229.8102,1369.0,1371.6509423361967,1371.6509423361967,1371.3939203337968,1388.2602256013154,1353.1945602840235,1387.1715635862352,1365.4521942425424,1391.2838298284664,1364.9304123356019,1383.3938227349358,1305.8150096119102,1340.1050428081217,1288.2137848857815,1455.1032,1371.214193697915,1389.4507557955308,1378.2007955671286,1378.2007955671286,1363.8253,1427.5525,1376.4622333333332,1376.4622333333332,1385.3493413971423,1429.0484764977998,1338.0089,1482.6539,1272.0
T000025,1990-04-30,1378.9652,1227.5985,1334.0284,1403.5691,1284.862,1082.0,1369.869425754793,1369.869425754793,1371.7635359445062,1384.9429823463129,1366.7709398952925,1383.1462484865597,1373.5049737555694,1385.8766024735457,1370.464583130571,1381.6362158428692,1299.8986207687126,1293.484328020308,1312.2656055539503,1315.5837999999999,1381.25137613493,1389.5286299817203,1373.5827095587954,1373.5827095587954,1378.9652,1403.5691,1372.1875666666665,1372.1875666666665,1382.363302423951,1324.9504361957581,1334.0284,1227.5985,947.0
T000026,1986-04-30,269.74585,272.30612,279.27963,277.88187,236.26367,224.5,275.0242662174112,275.0242662174112,274.42637338748807,275.5528406905314,265.26197549571634,263.07617540282047,272.18726484527537,270.9359415936618,273.1622088376177,274.967847195884,249.74728021966456,255.02864786295982,258.37424908672676,279.27963,270.4702259937121,271.63166018669517,275.3594162537572,275.3594162537572,269.74585,269.74585,275.6357833333333,275.6357833333333,275.4261326696359,275.4261326696359,279.27963,269.74585,227.05
T000026,1986-07-31,278.57715,264.7409,277.32874,272.5893,292.72916,268.3,275.98594363656923,275.98594363656923,276.8023265303769,276.17137772853505,279.8739072588165,282.6387398977271,277.7846042082949,279.32952766445686,277.53535314039664,277.44624588879464,284.6608965460101,279.637922669802,284.6561981489908,277.32874,277.9037456777065,277.28612017440867,276.44696881504694,276.44696881504694,278.57715,278.57715,276.1650633333333,276.1650633333333,276.35013307915415,276.35013307915415,277.32874,278.57715,227.5
T000027,1983-10-31,6.2264338,2.4440746,8.994692,6.3408337,5.601518,3.9,7.183153086896751,6.048133872036368,7.054854541034664,6.315423443512314,6.133953136267138,6.568389328342144,6.719387831771712,6.985734375745394,6.9469495313372125,7.0406191672402905,5.285326971215497,5.8446360085339055,7.2694205395052975,6.340829881562998,6.23455796992023,6.2969300084870605,7.094855411302795,6.064567272149144,6.2264338,6.3408337,7.1873198333333335,6.056261833333333,6.76419418746775,6.1518287839280905,8.994692,6.3408337,21.1
T000027,1984-01-31,6.8306046,5.552723,8.606476,5.7671742,7.6847672,6.4,7.1806903909612485,6.861483987301041,7.093705362068764,5.865450462862267,6.7440485227696145,6.482523683048763,7.037637803492987,6.608432116032486,7.155541728491367,6.6792433457638705,6.994525038325489,7.102207683988187,8.074351856005766,5.767196735478906,6.688819687479702,6.287092429874418,6.97105950015127,6.731328098618864,6.8306046,5.7671742,7.068084933333333,6.760848666666666,6.649793590756552,6.526385460312825,8.606476,5.7671742,21.0
T000028,1986-10-31,79618.03,73628.73,76004.4,76159.42,71636.51,58518.0,77366.78574364615,77366.78574364615,77755.48595374892,75989.59326884571,77281.78275571858,75881.11438672809,78656.64867832145,75850.09317455423,78277.85430420414,75786.97068667893,72820.21217193773,73109.17050234255,73890.5416610552,77260.61666666665,79013.00689598174,76095.03132746735,77083.76939968768,77083.76939968768,79618.03,76159.42,77260.61666666665,77260.61666666665,76897.009579342,76897.009579342,76004.4,76159.42,93872.0
T000028,1987-01-31,82224.766,90215.63,76060.97,75402.945,68788.52,84043.0,78102.77495358494,78102.77495358494,78830.07171009792,75510.2112982662,78057.20977133563,75411.60527965661,80496.32070028117,75599.66952385951,79827.42371472683,75463.93358452086,73228.68909272391,72735.27353313976,72513.98622163208,77896.227,81062.25633108597,75688.98087857442,77547.75701015595,77547.75701015595,82224.766,75402.945,77896.227,77896.227,77193.13392014433,77193.13392014433,76060.97,75402.945,62929.0
T000029,1986-10-31,1006.43616,924.7093,874.4712,872.82733,842.1984,836.0,926.7470774762546,926.7470774762546,936.6942173448583,863.0965895017646,943.7027504898368,864.9627692931937,970.6260757077606,865.9290207599533,956.6125741961301,865.7099237022774,860.3139916281182,851.4723554655154,858.7690660270429,858.3348,984.990710269335,877.563632164948,912.18992141034,912.18992141034,1006.43616,872.82733,917.9115633333333,917.9115633333333,905.4838828053056,862.3529454490787,874.4712,842.1984,408.0
T000029,1987-01-31,1024.6388,1060.2571,882.1942,847.4147,1016.0451,975.0,929.6397895631425,929.6397895631425,941.5677829973304,907.0715149916336,981.3885302361432,895.9627784210174,982.8144875005873,896.5135138052119,966.8729090052907,897.3419420890841,989.2508738347451,967.6580543531711,946.0720796608592,949.1196500000001,998.9912355796998,909.3048401207818,910.6182757749314,910.6182757749314,1024.6388,847.4147,918.0825666666665,918.0825666666665,902.2012635358492,918.1120906514734,882.1942,1016.0451,812.0
T000030,1995-10-31,376.02155,353.59985,373.52213,335.59766,365.5242,207.0,364.70227839659617,364.70227839659617,365.75607911352057,361.8879909984084,364.5260514715815,368.5497629693953,371.70327372742577,369.1834403484188,370.5018841318518,366.97884004847754,357.87605693757234,356.20011419702695,368.5065934095477,369.5030696984925,370.057301696114,372.4071139181614,361.54469343705495,361.54469343705495,376.02155,373.52213,361.71378,361.71378,363.0121354835705,370.9044245462195,373.52213,365.5242,394.0
T000030,1996-01-31,389.06424,448.68658,371.90048,332.1494,364.50638,393.0,369.0906799931918,369.0906799931918,370.66079194832264,360.0576136720383,371.01182662389385,366.90740732582424,380.60872369604624,367.4015490799135,377.8095063839087,365.14315131428526,370.4417455717827,368.4899980974435,367.12307754483936,368.1848518592965,380.5361041520078,372.78392730596227,363.69745528302053,363.69745528302053,389.06424,371.90048,364.3713733333333,364.3713733333333,365.5464416337616,373.47444081815354,371.90048,364.50638,307.0
T000031,1986-04-30,463.763,480.51028,458.1309,469.37573,392.26807,394.42,463.5529242443181,463.5529242443181,463.45735449046657,463.33672757553705,451.42743033687145,462.4012853102238,463.3215875750031,457.11131535964006,463.002991432164,460.16510966939006,420.39063705768865,436.25986710758093,426.5232181512046,469.37573,463.6154774423642,464.77152923354544,463.41029570630474,463.41029570630474,463.763,463.763,463.7565433333333,463.7565433333333,463.13672436479226,463.13672436479226,458.1309,458.1309,352.98
T000031,1986-07-31,475.47348,459.41608,457.122,464.17395,480.96985,457.29,467.52172250128126,467.52172250128126,467.4934793489746,466.2656109092513,473.87018514221336,466.15438332943097,471.19298180656665,461.50505944849704,469.4240495333862,462.1083845425439,474.50276629484983,470.55663088615495,468.8999371547375,464.17395,473.91906576776563,474.4335377698433,465.77101049891246,465.77101049891246,475.47348,475.47348,465.58980999999994,465.58980999999994,464.77953395395366,464.77953395395366,457.122,457.122,463.89
T000032,1986-10-31,110779.59,82742.06,110541.52,98780.586,104706.94,93746.0,106447.87536255908,106447.87536255908,107878.35559564072,103589.90486029992,106802.74246320377,100759.59338356623,109585.51720952203,102890.25886498258,109269.81196270754,103643.36698647028,100323.8069989597,99965.22134195587,107359.23181511008,96641.79000000001,108969.68282901103,100480.41415771046,106220.02634547222,106220.02634547222,110779.59,98780.586,106700.56533333333,106700.56533333333,106101.77337326892,106101.77337326892,110541.52,98780.586,89407.0
T000032,1987-01-31,115501.83,75516.375,109111.21,95723.18,119645.98,70472.0,106274.02283950479,106274.02283950479,108983.06663271297,104346.51834494957,111649.55264789928,99212.55196842941,112489.26125116932,101703.39261649182,111481.91352225543,102892.36568704569,108469.54486843574,106754.55735989418,113819.58888064827,92313.79250000001,112707.74679625363,98153.26363073665,105884.413850797,105884.413850797,115501.83,95723.18,106778.73999999999,106778.73999999999,105682.05660629232,105682.05660629232,109111.21,95723.18,150123.0
T000033,1988-01-31,879.6267,839.9818,876.3717,887.4043,913.25006,896.0,880.669818228346,880.669818228346,880.5202385579798,880.8925424008603,887.8737767625132,881.6055986305196,879.8071074833244,882.0615248663034,879.734964624825,881.9230253648377,897.430459502306,880.7297224656782,894.588943176645,913.2134895000651,881.1968836756207,881.9063021456307,881.0784469143648,881.0784469143648,879.6267,876.3717,881.1342333333332,881.1342333333332,880.8044674473679,889.0517324793889,876.3717,876.3717,840.0
T000033,1988-04-30,880.386,853.9521,875.782,884.0234,884.79553,873.0,879.864311598983,879.864311598983,879.911723779427,879.807491387147,882.0820833812963,880.2331071852407,879.9338337585903,880.8417538293712,879.6499109669074,880.6064285085154,880.129916495308,872.6718507218404,880.4006726589046,884.7944223694491,880.9690108387,880.8300015161652,879.9995237871732,879.9995237871732,880.386,875.782,880.0637999999999,880.0637999999999,879.3817336232768,880.6199827587902,875.782,875.782,850.0
T000034,1988-01-31,1822.216,2720.845,1278.5789,348.8411,1012.24164,233.0,1246.3700968175087,1246.3700968175087,1317.0480812302803,870.1174264898302,1321.6129132156295,927.5060937700159,1586.0342796723053,1732.4197910305893,1505.5074168776302,1420.5518939451704,1131.3994904151104,1509.5602188156154,1121.5412196188147,1940.546633333333,1599.1149129765822,1263.2957558465391,1167.781248263024,1167.781248263024,1822.216,1278.5789,1149.8786666666665,1149.8786666666665,1139.2451840398217,1139.2451840398217,1278.5789,1278.5789,2363.0
T000034,1988-04-30,1878.6594,1815.5516,1319.25,299.98468,152.26085,456.0,1269.4471498353444,1269.4471498353444,1344.0698004483174,581.1167572929546,1178.3248055050335,650.8369805678203,1629.616562811688,1620.8593378890482,1545.2083264845926,1318.3611828421404,424.7891472170245,721.0424096853503,722.6976338391248,1671.1536666666666,1628.1318671374072,662.9373077522846,1185.878329273147,1185.878329273147,1878.6594,1319.25,1165.9646933333331,1165.9646933333331,1154.9487443040905,1154.9487443040905,1319.25,1319.25,3348.0
T000035,1924-07-31,26398.016,30289.885,24337.441,23150.799,20743.643,23357.0,24701.606943873223,24701.606943873223,25034.98335983023,24805.834212872087,24555.813929548116,25351.454884824867,25727.334144780656,25495.780139515133,25479.843163160927,25358.049642109992,22615.37156919864,25108.12515419917,22558.828240074377,24628.752,25854.570657434415,24105.83049658403,24774.312489205087,24774.312489205087,26398.016,26398.016,24628.752,24628.752,24932.50689489699,24932.50689489699,24337.441,26398.016,26208.0
T000035,1924-10-31,26689.365,26201.889,24453.137,23080.77,22454.568,24115.0,24824.09569323867,24824.09569323867,25190.178708968,24937.35490226492,25033.413180963136,25537.73171486077,25953.38730110126,25703.498521148675,25682.71013679004,25551.07929300368,23126.435246377587,24127.1068359327,23442.673150705272,24741.090666666667,26112.84090684399,24431.7724172402,24903.54110932658,24903.54110932658,26689.365,26689.365,24741.090666666667,24741.090666666667,25079.55468093845,25079.55468093845,24453.137,26689.365,26630.0
T000036,1923-07-31,472.54733,628.15356,372.26535,295.9436,309.48953,291.0,400.16487813063907,400.16487813063907,401.8289245133168,319.7272911208893,399.9448019500071,310.11936127869876,438.1232903438839,312.5173821430779,425.61993059480136,315.1109918223507,353.4474388035267,350.12466053936635,339.5310056523336,372.26535,444.92339525652835,312.31690748268306,373.52930953486833,373.52930953486833,472.54733,295.9436,380.2520933333333,380.2520933333333,379.7825800498896,379.7825800498896,372.26535,372.26535,453.0
T000036,1923-10-31,480.51807,456.66486,380.33942,289.74826,241.1449,305.0,404.68464838118126,404.68464838118126,406.48573735424316,308.0290668018472,390.0156953515459,300.2662401363247,444.7512274177974,302.7032963802935,431.90635111763595,305.7994550421755,282.2692497637064,282.400117598506,310.1130816027058,380.33942,449.8326172666124,303.7793908134257,376.2456905018671,376.2456905018671,480.51807,289.74826,383.53525,383.53525,383.6099606652248,383.6099606652248,380.33942,380.33942,412.0
T000037,1988-04-30,49695.547,74219.2,42797.312,35344.637,31435.379,34632.0,42944.7359611421,42944.7359611421,44311.02228465238,41587.160138187115,42839.070322507236,41604.58134275228,47115.98894936486,42776.908963253714,46201.49776170388,42766.532067699874,38467.048799272976,47346.403494328144,37063.25657685315,55570.686333333324,47383.80982338896,46847.46952732436,43267.833093555346,43267.833093555346,49695.547,42797.312,42612.49866666666,42612.49866666666,46403.36307398246,41790.68676671885,42797.312,49695.547,44496.0
T000037,1988-07-31,50872.395,49114.14,42829.91,34765.69,14033.607,35165.0,43188.00053774099,43188.00053774099,44742.1595104628,36941.612355159974,40055.741016148095,37981.98134908125,47924.95686643811,42673.35126627779,46874.2033152215,42563.50985602589,23256.50029630848,28340.362907200048,28621.55360603514,47605.48166666666,48059.237111012466,31395.895082409723,43543.13145360279,43543.13145360279,50872.395,42829.91,42822.66499999999,42822.66499999999,47034.11755044412,36864.3664075211,42829.91,50872.395,43264.0
T000038,1988-04-30,7179.8506,2575.977,5733.5913,6763.9795,9883.11,5639.0,6572.078510175915,6572.078510175915,6662.990631590656,7440.123195773562,7598.451017064874,7496.185319217146,6888.102532114855,7425.520587997917,6760.41850106764,7329.737869537427,8198.586302226218,7166.03903000073,7777.0562583327865,5163.139633333332,7156.088557515719,6817.282417337739,6542.139785819864,6542.139785819864,7179.8506,7179.8506,6559.140466666666,6559.140466666666,6359.110347327574,6934.541674677571,5733.5913,5733.5913,5707.0
T000038,1988-07-31,7529.5923,3683.2354,5770.1,6404.9644,8334.06,6030.0,6629.4591598532,6629.4591598532,6754.751701447496,6823.831859100363,7419.17791086052,6858.450628633302,7115.225968350138,7008.530561747733,6944.606242284008,6967.60122161147,7272.976916454477,6608.255649243227,7032.68929867666,5660.9758999999995,7378.326076127096,6922.921818493292,6613.443037709338,6613.443037709338,7529.5923,7529.5923,6568.2189,6568.2189,6419.757928025402,6774.382127594957,5770.1,5770.1,9701.0
T000039,1988-04-30,189833.84,201240.12,196939.45,183391.27,189573.14,182222.0,190683.4036784174,190683.4036784174,190370.1899435534,188275.67614666908,188271.450901902,191085.90886596916,190452.0819887767,191366.33179229125,190869.8051302193,191926.19453191318,190060.93843039428,193220.55531746015,192960.69131910853,195536.97999999998,188902.17391218827,189106.38813109836,190999.20029843185,190999.20029843185,189833.84,189833.84,190054.85333333333,190054.85333333333,191191.94701547682,195067.44776973617,196939.45,189833.84,165275.0
T000039,1988-07-31,192252.56,195022.97,195602.06,182050.81,172894.98,194522.0,190487.70690791856,190487.70690791856,190814.169369899,183394.7270570154,186160.66186002488,186864.31934657416,191855.7415889877,188448.42947486482,191875.67923379588,189437.88746508752,177939.02177601645,181548.64729645237,184182.6660193429,193637.765,190523.91496150297,188815.24002479,191159.23908945604,191159.23908945604,192252.56,192252.56,189968.47666666665,189968.47666666665,191565.15292898705,194057.68584486825,195602.06,192252.56,169878.0
T000040,1988-04-30,17239.094,14696.775,15458.966,14292.527,12625.0205,15708.0,15679.5182342013,15679.5182342013,16028.218536075792,13626.942119286972,15666.144650675793,13419.039693543982,16646.11951207299,15047.736751091685,16428.822228473866,15032.484908238803,13257.108859100059,13350.26348408013,14049.500448277504,17239.094,16752.87582234461,15401.740027075011,15765.121938012495,15765.121938012495,17239.094,17239.094,15663.528999999999,15663.528999999999,15430.101092400517,15430.101092400517,15458.966,14292.527,12763.0
T000040,1988-07-31,18052.217,12539.829,15297.192,13819.952,21396.445,20386.0,15738.243286244084,15738.243286244084,16255.623194229916,17960.12392577583,17697.199868179734,18629.28051394695,17166.004960613383,18153.123125950766,16837.805424706014,18175.92168417541,18605.934413853203,18247.084185149237,18211.1717682072,18052.217,17487.200046426264,18218.62035989159,15865.259286369259,15865.259286369259,18052.217,18052.217,15723.120333333332,15723.120333333332,15409.420743981489,15409.420743981489,15297.192,13819.952,14416.0
T000041,1914-07-31,11968.791,8157.1367,10548.708,10303.936,14999.756,10219.0,10971.064586583125,10971.064586583125,11164.691925745994,12588.691721950418,12156.733448671992,12804.058835073318,11561.622985649026,12745.376471655258,11405.213860091066,12542.594334600297,13072.189270671977,13654.286518182551,12700.210029402719,11136.3635,11769.470749759395,11901.594966823273,10909.090103207973,10909.090103207973,11968.791,10548.708,10940.478333333333,10940.478333333333,10916.211191514474,10916.211191514474,10548.708,10548.708,6317.0
T000041,1914-10-31,12214.972,11311.255,10535.686,10211.471,10318.051,12726.0,11025.118984066306,11025.118984066306,11255.89714640015,10313.069087253418,11382.331020403155,10321.03864751559,11730.145389122565,10366.718198286353,11544.328711637772,10365.70102392733,10442.362278847078,10480.89947529199,10420.414153066786,11213.2215,11900.959337090844,11329.31347841432,10950.02163303185,10950.02163303185,12214.972,10535.686,10987.376333333334,10987.376333333334,10958.510509766835,10958.510509766835,10535.686,10535.686,4075.0
T000042,1991-04-30,1882.1223,1524.4922,1932.0,2129.1157,2053.917,2047.0,1963.4116361207602,1963.4116361207602,1954.8637247659424,2050.5987621091576,1972.9195785426643,2090.343738134933,1914.5323826358158,2082.369986290281,1924.68240268049,2079.922644593417,1991.280088913534,1910.9308877177743,1997.0384257477676,2053.917,1920.00410247076,2023.2708754548926,1986.4351224550337,1986.4351224550337,1882.1223,2129.1157,1981.0793333333331,1981.0793333333331,2009.3620376930664,2047.7687986399974,1932.0,2053.917,1554.0
T000042,1991-07-31,1920.3223,1811.9248,1920.8942,2084.135,2074.4424,2364.0,1963.0804775993379,1963.0804775993379,1959.1551401314339,2032.7168515360092,1988.214889817588,2060.2796211117816,1936.1577116239168,2055.978801715958,1940.250349044183,2055.431921720465,2037.9402702560624,1998.0815723598014,2000.2592589478522,2074.4424,1945.9839044282949,2012.8186123858984,1978.9839223487252,1978.9839223487252,1920.3223,2084.135,1975.1171666666664,1975.1171666666664,1993.5164363309946,2039.2132525170748,1920.8942,2074.4424,1767.0
T000043,1991-04-30,114.23018,87.252914,113.71681,124.7201,123.74401,122.0,117.33217279423239,117.33217279423239,116.55765808863842,120.05938463924522,118.5098808032277,117.86307974361489,115.14846154258721,118.50442945290686,115.36588780442173,118.10215289857379,118.5968271308514,110.1136704355552,118.90988997206279,123.74357642618399,115.86869487967314,119.69324666194507,117.4309212811271,117.4309212811271,114.23018,114.23018,117.55569666666665,117.55569666666665,117.57580117978382,120.72626808106025,113.71681,123.74401,98.0
T000043,1991-07-31,115.62321,102.77652,113.372826,122.56117,127.29949,123.0,116.97514686229658,116.97514686229658,116.60939384861723,119.64159816849697,119.48193406471651,118.42214235237634,115.89786934593066,118.37060039747901,115.88654511898262,117.92252056992456,122.77638248015296,117.25542107412713,120.40283008012423,127.28764277677864,116.77891464060536,119.18942822325606,117.10321727958379,117.10321727958379,115.62321,115.62321,117.18573533333333,117.18573533333333,117.09323401585263,121.36613132229002,113.372826,127.29949,119.0
T000044,1981-04-30,93.02843,107.70032,83.04627,76.467285,67.694405,76.0,84.03827434300528,84.03827434300528,86.2293855364394,76.41635833474575,84.30213863881549,79.68472214615079,89.6996332323017,82.61908373744663,88.48018593546662,82.85911116305962,75.27897497348066,82.28376602489843,75.4032073324378,67.69451326963606,90.30366157493076,82.11230526929356,83.98872926814478,83.98872926814478,93.02843,83.04627,84.18066166666667,84.18066166666667,83.93403809101927,75.09863432450426,83.04627,67.694405,87.0
T000044,1981-07-31,94.525764,97.774864,83.69821,75.88054,72.62594,91.0,84.550500681888,84.550500681888,86.9900382573995,78.06003300432329,85.96599430448036,81.00902557679494,90.84958422146929,83.53670883555466,89.5100279557692,83.86368856132268,76.94796697675531,81.51037150579569,78.09370921845533,72.62601729018388,91.54667055138358,82.7222553147819,84.50014368230296,84.50014368230296,94.525764,83.69821,84.70150466666666,84.70150466666666,84.42970900538376,77.03696430196604,83.69821,72.62594,92.0
T000045,1981-04-30,2.3710673,2.7722864,2.2608404,2.047241,1.8142198,2.02,2.260369292876839,2.260369292876839,2.262718571309678,2.262766348763399,2.1886977059133335,2.277845618732984,2.3207696158331603,2.212734386271472,2.3038224668777847,2.2953870183519913,2.000378597362781,2.273733776420555,2.0378210853532828,2.1504691248563024,2.3169666426875892,2.168515724497401,2.246100117808199,2.246100117808199,2.3710673,2.3710673,2.2263829,2.2263829,2.319412991966988,2.422084312950551,2.2608404,2.3710673,2.28
T000045,1981-07-31,2.3982384,2.4148257,2.2618434,2.0382996,1.8849747,2.16,2.2705424715112703,2.2705424715112703,2.2737897477065006,2.273837748424345,2.2157133893945518,2.308262283790247,2.339915780027149,2.2409293518346556,2.3199522350763844,2.3244261708910376,1.9927521550312717,2.1685576967096494,2.0723570017128363,2.1834097435259365,2.339517897048929,2.2013553357856708,2.2544951962576025,2.2544951962576025,2.3982384,2.3982384,2.2327938,2.2327938,2.3349783456502324,2.3562626340637745,2.2618434,2.3982384,2.27
T000046,1991-04-30,110.196594,116.788025,101.13031,98.59423,93.5284,88.0,103.49698846819587,103.49698846819587,104.83319639329615,97.77020828515629,104.28944637664206,98.05149234209658,107.50359520183868,98.77948490120563,106.4809845814529,98.82725667697102,97.93124691452414,101.1185580922476,97.36725674944995,97.80717440185387,108.30212969771733,99.20726734508442,102.66335872850411,102.66335872850411,110.196594,101.13031,103.30704466666666,103.30704466666666,101.83492513333016,97.42385679119057,101.13031,93.5284,88.0
T000046,1991-07-31,111.55273,112.791374,101.88255,97.92764,93.878914,101.0,104.0876932671338,104.0876932671338,105.53704745130085,97.88896615978275,104.97863850131141,98.02890455896406,108.56028752175769,98.66888172129936,107.43868893980536,98.75629412136438,97.44501011432259,100.0380475096259,97.8821375896932,97.29861863901414,109.35340320324015,99.25383251585552,103.06611661358855,103.06611661358855,111.55273,101.88255,103.78763999999998,103.78763999999998,102.09088184436163,97.54386076839032,101.88255,93.878914,99.0
T000047,1974-04-30,133.79558,147.23073,129.08405,124.5098,113.10947,93.0,127.90980727939808,127.90980727939808,130.23971329037101,124.34039373669543,127.66502716104426,124.12679867643973,132.08329219179083,125.17710232312186,131.47143446026047,126.24786877612692,120.35122754203033,124.39486536060896,121.1990311231882,119.00276280940346,132.1811312703871,126.1973716950064,128.8794220312375,128.8794220312375,133.79558,124.5098,129.12981,129.12981,128.39735607908707,122.10436552109002,129.08405,124.5098,89.0
T000047,1974-07-31,136.89978,144.76282,129.18434,123.767204,115.14257,127.0,128.29678038805594,128.29678038805594,131.56625497935497,124.04199341160852,129.66151908243597,123.64033174388098,134.2949764193667,124.60226261851061,133.34423504355715,125.96305827792061,121.1781677966037,124.67176705671488,122.21151104726049,119.63777117828013,134.71679975082876,125.9512209053701,129.59068615523847,129.59068615523847,136.89978,123.767204,129.95044133333334,129.95044133333334,128.96365914142288,122.47578795328567,129.18434,123.767204,116.0
T000048,1974-04-30,155.41681,180.12064,137.92445,127.165504,107.9597,126.0,144.50798240253476,144.50798240253476,143.68413374301025,133.75644590614218,139.7210407618391,135.89811416276683,149.65750108186882,131.03798841291652,147.53960240393698,132.41166706706645,122.30748041359912,131.00451337097184,123.0686292822632,143.54080648223095,150.71197664395484,124.86268448829478,138.97888429456108,138.97888429456108,155.41681,137.92445,140.16892133333332,140.16892133333332,139.22491709135335,139.22491709135335,137.92445,137.92445,134.0
T000048,1974-07-31,157.6231,160.58556,139.02774,125.68609,129.81424,130.0,145.29109184191614,145.29109184191614,144.70110833230487,133.63208175000307,144.81420529926513,135.9920379576364,151.3177058052272,130.40827661197378,149.01922440434532,132.03708841805783,133.5026807491383,137.50302029740885,134.15925030930293,144.69267712715035,152.6500366888465,124.37445402734154,139.47119014463507,139.47119014463507,157.6231,139.02774,140.77897666666667,140.77897666666667,139.7751160924028,139.7751160924028,139.02774,139.02774,144.0
T000049,1974-04-30,23.053345,24.213966,23.368141,22.721924,20.818745,16.3,23.048464618265875,23.048464618265875,23.066248686794097,22.2602984126216,22.548792980706853,22.4862096696358,23.07631594950483,22.692759179565872,23.093685919477384,22.641053898082745,21.6909839410624,22.056004925189836,22.11227531892168,22.71359564207964,22.975712522182725,22.670317227489004,23.030668604365857,23.030668604365857,23.053345,22.721924,23.047803333333334,23.047803333333334,22.996556741752315,22.996556741752315,23.368141,22.721924,16.2
T000049,1974-07-31,23.781221,24.923508,23.26003,22.41441,22.000881,23.9,23.256208978932715,23.256208978932715,23.307705223101863,22.43918630715859,23.12032715799313,22.44116978057145,23.559183759177888,22.444468793513455,23.483111293254012,22.443493756701006,22.510119649635673,22.7885863448805,22.623981735864575,22.41312711073374,23.560495231227147,22.795802803155045,23.10690092909353,23.10690092909353,23.781221,22.41441,23.151887,23.151887,23.04682839260327,23.04682839260327,23.26003,22.41441,25.7
T000050,1974-04-30,162.01126,119.458824,176.83186,192.24243,179.86966,185.0,177.71217596731418,177.71217596731418,173.43779383226334,176.657501862962,172.5194201556662,174.90851321897395,167.49559051577378,171.9309216157275,169.4454902913586,173.08398979431345,173.4704027433916,158.52928943002115,178.76702136636544,179.86965999947662,166.60548948864835,170.01928353111362,176.67804910862316,176.67804910862316,162.01126,162.01126,177.02851666666666,177.02851666666666,179.17437838332518,179.17437838332518,176.83186,192.24243,155.0
T000050,1974-07-31,163.89905,138.94273,174.7188,188.5131,211.69878,158.0,176.187766060128,176.187766060128,172.84143182521333,175.44183383498526,178.8062847113021,174.22859266336695,168.1472362631603,171.74396906294226,169.63359025541595,172.61154295229306,196.47885382370268,179.8336809595079,193.06808450271788,211.69877999390204,168.08444679503606,170.44324611949082,175.41628319618079,175.41628319618079,163.89905,163.89905,175.71031666666664,175.71031666666664,177.45235688281196,177.45235688281196,174.7188,188.5131,155.0
T000051,1979-04-30,21.660505,10.4669695,18.084042,22.054272,24.57958,22.0,20.59009483092369,20.59009483092369,20.718057684086133,20.7261338991273,22.310408528681226,19.787292477987073,21.075653785056808,18.232572631785917,20.795031282768505,18.853762448885632,22.016350435683886,19.2156509270163,21.353459412538285,23.51756999420286,21.756273572277276,19.03839658164072,20.332470175582248,20.332470175582248,21.660505,18.084042,20.599606333333334,20.599606333333334,19.310983485194875,16.602811591487274,18.084042,18.084042,19.0
T000051,1979-07-31,22.167114,17.74983,18.18434,21.550112,25.559929,23.0,20.720481764436116,20.720481764436116,20.868451094630352,20.901628041923185,22.67017637169482,19.98290354181254,21.414427990532374,18.33618118265338,21.075853659407123,18.97167537626846,23.62611121606573,22.251604003706476,21.862485154323743,24.25756333554951,22.12359694159734,20.70318543522871,20.432300327849582,20.432300327849582,22.167114,18.18434,20.633855333333333,20.633855333333333,19.55067054689942,18.999225720791472,18.18434,18.18434,20.0
T000052,1979-04-30,41.31549,40.277954,35.794144,41.506977,34.15912,42.0,39.63440147890219,39.63440147890219,39.76224725084413,39.347481548165064,39.9938004159696,39.4841311388908,40.37259589710892,39.980872649508925,39.929085253197684,38.214239191860585,36.50391189752334,37.762391666325314,35.17231260085921,41.50697672070395,41.24737078962432,39.65836188377329,39.46479198151308,39.46479198151308,41.31549,41.31549,39.538870333333335,39.538870333333335,39.333100680028245,39.333100680028245,35.794144,35.794144,35.0
T000052,1979-07-31,42.094383,35.514423,36.14519,41.043785,41.74157,40.0,39.92362272406328,39.92362272406328,40.12408880616987,39.56847424238346,41.78034438882802,39.86402092234375,40.957684393267904,40.56739021002181,40.44876000488063,38.65083385178257,40.69271065263406,39.133338098934686,39.00631825401992,41.04378645305191,41.938305194204844,40.04946959362556,39.727805641519105,39.727805641519105,42.094383,42.094383,39.76111933333333,39.76111933333333,39.54461983203238,39.54461983203238,36.14519,36.14519,40.0
T000053,1979-04-30,75.97258,68.02088,66.96223,71.65595,65.39076,69.0,71.88807618446086,71.88807618446086,72.34514116701493,67.92483557024742,72.93830695483763,67.30755766379885,73.98918685718817,67.05747427464517,73.15107632628099,67.246730507855,67.01148497769427,67.40075283487822,66.34068587303672,67.27726995962587,75.20916668190742,66.8557468776826,71.27680178644191,71.27680178644191,75.97258,66.96223,71.53025333333333,71.53025333333333,70.84325113834284,67.98078373732784,66.96223,66.96223,64.0
T000053,1979-07-31,77.56481,68.83331,67.51387,70.84478,78.70977,72.0,72.4094022255139,72.4094022255139,73.06880586498997,71.04478059845717,76.20571611058406,69.1729360884983,75.16937548228877,67.69947288759109,74.18742205388608,67.80534798648543,75.71311769656559,73.88875705150765,73.04388855849547,72.30210896579753,76.6119691010479,68.53181066594885,71.76337027279112,71.76337027279112,77.56481,67.51387,71.97448666666666,71.97448666666666,71.2262702237177,71.7663946099268,67.51387,67.51387,72.0
T000054,1979-04-30,123.070656,126.003586,112.420204,112.65962,98.63852,111.0,115.98710895537337,115.98710895537337,117.52984587930703,114.89121064069124,115.9605364338264,114.44070516126912,120.21628616252005,114.7244550955129,119.09449380643758,114.4798417712171,105.40861553756265,109.37689194653731,105.74301888485388,116.05015999999999,121.2439939029115,111.95987208895757,115.67372105195065,115.67372105195065,123.070656,112.65962,116.05015999999999,116.05015999999999,113.91292364384913,113.91292364384913,112.420204,112.65962,124.0
T000054,1979-07-31,125.60789,122.58132,112.9217,111.13588,116.68918,135.0,116.54675553016753,116.54675553016753,118.51915381539993,115.06699439577127,120.50691340760405,114.84495752064768,122.00899306236136,115.36715926438137,120.62162609912681,114.71725652327056,116.45593949225112,117.19033747461162,114.69548230164119,116.55515666666666,123.40363524760066,111.64659208450466,116.05090636586263,116.05090636586263,125.60789,111.13588,116.55515666666666,116.55515666666666,113.77468858398123,113.77468858398123,112.9217,111.13588,140.0
T000055,1988-04-30,1002.44946,1111.781,929.3239,937.5191,843.7245,894.0,961.0802210374878,961.0802210374878,965.95291302615,930.1866442444148,956.8933366692814,920.2342412078948,983.4808008165888,947.0390603960113,975.9404416870801,941.4128205747974,901.4508441505895,953.6876874124423,888.0522529088057,1025.08789396985,990.9722278607652,957.2487130013401,958.4691395134448,958.4691395134448,1002.44946,1002.44946,956.4308199999999,956.4308199999999,946.4557459749669,912.0276086594478,929.3239,937.5191,899.0
T000055,1988-07-31,1016.05884,1036.3156,933.8875,933.5184,788.1616,932.0,966.9872398308914,966.9872398308914,972.7867362011941,916.0675467251373,953.1583900975388,903.3444115833938,993.823650882518,942.010410938358,985.1139538410996,932.978061345512,853.1466930321338,896.5010419627193,863.1968150375435,985.175284422111,1001.1194426782769,954.7905190483573,963.9094518544032,963.9094518544032,1016.05884,1016.05884,961.1549133333333,961.1549133333333,948.5187309912792,898.0770944088648,933.8875,933.5184,931.0
T000056,1993-10-31,113.359146,124.45091,109.13361,108.318924,101.66645,116.2,110.28659045675633,110.28659045675633,110.94612113509484,109.99383437579023,109.94284285892051,109.67508619444642,112.13929981891545,109.41648166779117,111.67176281621647,109.46424980522251,106.31274495422387,110.81686747498463,105.48749412812252,101.93122359228153,112.47662849564664,109.29105904855447,110.20744997454275,110.20744997454275,113.359146,109.13361,110.27056,110.27056,110.85777394796415,107.44906269495101,109.13361,101.66645,125.3
T000056,1994-01-31,114.032555,108.67407,109.17374,107.85359,107.72794,107.9,110.40114312829863,110.40114312829863,111.16739908051449,110.01751651009195,111.3778531897421,109.67824397762595,112.59306481387523,109.42986167654998,112.04598901365073,109.49147641974115,107.89117225929472,108.0825737774434,108.43294351231624,107.86426848372757,113.05803729546383,109.14727524834743,110.28014347033019,110.28014347033019,114.032555,109.17374,110.35329499999999,110.35329499999999,111.09731040842365,110.09973605797063,109.17374,107.72794,107.8
T000057,1988-04-30,4926.303,5642.2397,4683.6895,4373.92,3937.07,4507.36,4702.0094422371185,4702.0094422371185,4725.678232073571,4607.05808207908,4607.699885490207,4638.100277167348,4831.001133658197,4764.675616861396,4797.661020399589,4765.684892905463,4272.758962682068,4651.714660538706,4312.283722041101,4661.304166666667,4833.491664446321,4847.691786171789,4680.438892856021,4680.438892856021,4926.303,4683.6895,4661.304166666667,4661.304166666667,4755.556727022462,4550.638334565306,4683.6895,4926.303,4660.54
T000057,1988-07-31,5008.2847,4597.592,4683.82,4354.3145,4651.1426,4272.52,4729.880766472555,4729.880766472555,4759.984604872835,4808.242171760523,4786.540672600048,4820.3034464819,4888.973751169519,4796.512567116341,4846.479471802272,4800.431036253055,4584.754757871712,4594.54907945167,4658.097313764485,4682.139733333333,4909.291074459659,4965.966794941024,4703.955661285999,4703.955661285999,5008.2847,4683.82,4682.139733333333,4682.139733333333,4790.809067169164,4794.183872370167,4683.82,5008.2847,4981.96
T000058,1987-10-31,821.2485,762.3309,838.62317,833.99634,924.7167,876.08,830.3668484845946,830.3668484845946,829.2875791618687,845.9721332303977,844.0007270892377,841.9378995762744,825.4980562826063,838.2389857285108,827.2234615829873,839.2670505197867,883.0595185191734,865.1092463612508,880.2414043917827,791.7897000000005,824.4688245854372,832.3787952873079,831.4685917163104,831.4685917163104,821.2485,833.99634,831.2893366666666,831.2893366666666,830.3605550449078,852.756537434346,838.62317,833.99634,957.02
T000058,1988-01-31,828.4686,757.9642,831.9547,823.0992,846.13934,914.17,828.2599173816644,828.2599173816644,828.210410538275,828.4384699381034,830.5825281799523,826.2133638109636,828.5597595452356,824.8652147426487,828.710146891691,825.2184110333981,828.6918546883162,818.9940235997374,838.5691464726451,793.2164000000004,827.9313538468203,825.6541892972375,827.6820400915395,827.6820400915395,828.4686,823.0992,827.8408333333333,827.8408333333333,826.8751278198679,830.784373825973,831.9547,823.0992,966.55
T000059,1989-07-31,153261.75,163086.8,150117.42,153592.64,132966.83,154517.0,152124.20765598066,152124.20765598066,152429.56434400985,152458.0059644107,149463.72932655032,152627.96556053392,152746.09489989045,152428.7438116332,152499.00125239685,152242.7864568402,141442.88323883177,147824.25121098317,141903.21649146988,155488.65666666668,153038.00434229893,153787.3964212403,152274.76699816104,152274.76699816104,153261.75,153261.75,152323.93666666668,152323.93666666668,151943.51862318403,145250.87895575847,150117.42,153261.75,129675.0
T000059,1989-10-31,155027.27,147136.5,149913.67,152996.25,159317.97,153713.0,152400.8534202785,152400.8534202785,153067.45757046164,153026.7901554432,155369.81406221708,153564.2416391855,153941.8721647425,153514.81510309712,153476.56723811146,153135.16744370188,156288.44950556324,153602.315649238,154567.2898793504,150692.47999999998,154792.04368157985,154586.57157882172,152637.24845605067,152637.24845605067,155027.27,155027.27,152645.72999999998,152645.72999999998,152742.5017989732,155030.35688082105,149913.67,155027.27,136911.0
T000060,1991-04-30,478.01785,704.3517,417.1681,362.4091,195.605,358.0,432.31261292119785,432.31261292119785,433.1127653293868,368.12097575606816,396.94272486826986,409.5985157214551,456.31829408520093,479.6025777847438,448.52275713829084,485.3236125933476,302.9531570087009,473.06454898753924,308.06525552714515,591.1847750000001,457.5852368414828,410.6132596951222,431.3317208094679,431.3317208094679,478.01785,478.01785,419.19835,419.19835,443.14490999777547,522.027685128118,417.1681,478.01785,437.0
T000060,1991-07-31,492.6065,480.00992,417.36868,358.38782,259.87384,397.0,438.2171200486131,438.2171200486131,439.14324297517516,393.5441541532532,416.64948107685433,430.0677490714649,466.61425462560237,492.10702500718133,457.19097917899364,489.6433057211587,311.51894877979623,392.3614582051049,339.2135613772962,486.30821000000003,470.15716335381336,428.64358248194173,436.65647260724666,436.65647260724666,492.6065,492.6065,422.7876666666666,422.7876666666666,450.2459786059045,464.8911739165252,417.36868,492.6065,453.0
T000061,1991-04-30,117.655075,114.75721,114.08404,108.14756,119.07038,105.0,113.44184212681716,113.44184212681716,114.37704464712178,115.93748665864052,115.69315572466209,116.07614729309574,116.12005205979719,116.41787089349008,115.59530643461765,116.06930042046771,116.28461891045113,115.73948142783235,116.32461707006553,116.27421575473068,116.30425727322417,117.73988708394538,113.68269391622069,113.68269391622069,117.655075,117.655075,113.29555833333333,113.29555833333333,114.47741233491917,116.8481027860405,114.08404,117.655075,116.0
T000061,1991-07-31,118.233734,116.120834,114.18434,107.96323,115.42548,108.0,113.642742479139,113.642742479139,114.63711738414604,116.28606562823356,115.28610781689082,116.46578587479281,116.54213415853019,116.8419863127581,115.95970783796984,116.4455015276731,114.05524002353643,114.75045948179894,114.59990030245928,116.66790299951614,116.7165082759956,118.29622315817436,113.87476189427163,113.87476189427163,118.233734,118.233734,113.46043466666666,113.46043466666666,114.73482667799075,116.21243585444294,114.18434,118.233734,118.0
T000062,1991-04-30,97.90147,97.14688,96.530975,97.93097,94.507645,104.0,97.31685563213358,97.31685563213358,97.51167187819064,96.50520641270671,97.26027949757406,96.526714028409,97.66569512905103,96.6634728469104,97.55516264615893,96.64664203562899,95.56912229448056,95.88966146574869,95.59157495351594,97.92569186281365,97.86033227279573,97.78055443143433,97.42437337413625,97.42437337413625,97.90147,96.530975,97.45447166666665,97.45447166666665,97.43917160424066,97.43917160424066,96.530975,97.90147,91.0
T000062,1991-07-31,98.54503,91.739655,96.481834,96.869026,97.91067,97.0,97.22719132688773,97.22719132688773,97.55211655386421,97.49419179279215,98.03039008668709,97.40511082509214,98.02482247756876,97.39840407244456,97.81592801232344,97.51164399027807,96.80219537753844,95.87222981457593,97.18644673239211,96.87252990176596,98.29508478786668,98.26408107390994,97.29764691716368,97.29764691716368,98.54503,96.481834,97.29863,97.29863,97.39917407955463,97.39917407955463,96.481834,98.54503,90.0
T000063,1989-04-30,16.828308,14.905249,16.506195,16.705206,17.442898,16.2,16.74572302889048,16.74572302889048,16.70599785196181,16.68054996426409,16.916773650580083,16.687102780730882,16.760401670039116,16.748101815184363,16.73121086734537,16.744309909977012,16.926049153713954,16.368220774799457,16.966475760877376,16.665430690111517,16.818792027024482,16.82019509790786,16.676620803785568,16.676620803785568,16.828308,16.506195,16.679903,16.679903,16.672153284811603,16.672153284811603,16.506195,16.506195,16.4
T000063,1989-07-31,16.932766,16.23232,16.496367,16.669247,16.804674,16.6,16.805625117344952,16.805625117344952,16.74422497021236,16.707564419196174,16.8464346746572,16.715903950476733,16.831473570575053,16.801289208944652,16.789536337265446,16.8059312228958,16.694207610626687,16.567320338933847,16.651081636168453,16.68883914358669,16.893087822201377,16.89266688902627,16.696612321808836,16.696612321808836,16.932766,16.496367,16.69946,16.69946,16.70638596756727,16.70638596756727,16.496367,16.496367,15.9
T000064,1990-04-30,125.714874,123.56619,122.54202,113.26403,126.30835,113.0,121.80374852642753,121.80374852642753,121.85735798617432,120.91751838937816,122.90496810784181,123.28331589473139,123.9664398896931,123.1657583511217,123.40131900697659,123.46121401431591,123.33399055991316,123.64821442915914,124.090743019265,124.62226551766327,123.92902069689804,123.89615457190116,120.89252460997776,120.89252460997776,125.714874,125.714874,120.50697466666666,120.50697466666666,122.25253004010388,124.8816553656528,122.54202,125.714874,125.0
T000064,1990-07-31,126.22114,125.30454,122.59217,112.907295,121.8292,117.0,121.9999439267894,121.9999439267894,122.02786972643933,121.01158861508988,122.25655477793333,123.53999520909181,124.31039443453757,123.36034939388662,123.68692829605153,123.71935812830819,120.57782498009703,121.98875253044649,121.93191060979126,124.97192642910743,124.24428119441839,124.21401779923316,120.98208503955665,120.98208503955665,126.22114,126.22114,120.57353499999999,120.57353499999999,122.43231481014955,123.78104744464761,122.59217,126.22114,124.0
T000065,1981-04-30,176.18683,180.64896,173.19244,163.70763,173.0899,162.9,170.64103630109008,170.64103630109008,172.374286416216,172.2480549105772,172.66551213899695,171.3877011199925,174.46674330687432,172.9489922383345,173.91541029952327,172.81090602611147,172.34528296604003,174.89160951097983,172.85849568869952,170.22147094312265,174.34753730226333,173.42561650229493,171.12470665489332,171.12470665489332,176.18683,173.19244,171.02896666666666,171.02896666666666,175.0323642883875,176.32348493985234,173.19244,176.18683,175.8
T000065,1981-07-31,176.65358,177.80344,173.30278,163.40108,171.35072,168.3,170.69991637193996,170.69991637193996,172.5553208038277,172.3920319418396,172.52943970729052,171.50420557677157,174.79715773811702,173.18980640951895,174.19778955882268,173.04377627492926,170.72681092726012,172.89699836968742,172.0592939209305,170.2502875326653,174.6733768405723,173.69895083074317,171.21913181581326,171.21913181581326,176.65358,173.30278,171.11914666666667,171.11914666666667,175.36170295443446,175.92299974110867,173.30278,176.65358,175.1
T000066,1981-04-30,85.579185,86.965904,83.62522,76.148094,83.7467,76.0,82.09999971558844,82.09999971558844,82.78733969946407,82.8850274310984,83.01498037186423,82.57424890566863,84.33304167594208,83.0664290243983,83.94146262118889,83.92127853305597,82.71887644054716,84.022011251648,83.46008921551982,84.28157472920437,84.19594289508325,84.16897571675153,81.89742080564484,81.89742080564484,85.579185,83.62522,81.78416633333333,81.78416633333333,83.42322103544613,84.36056135436212,83.62522,83.7467,85.8
T000066,1981-07-31,85.93837,86.21531,83.655304,75.915,81.72362,79.0,82.16790316686777,82.16790316686777,82.91144432361988,82.98455195957258,82.78016894045783,82.68078788574377,84.57803458306905,83.21905495412179,84.14510864522912,84.13993272102795,81.23508831875819,82.76906705253101,82.4864664776106,84.47948725895488,84.43793884691871,84.47980254289115,81.95455921743464,81.95455921743464,85.93837,83.655304,81.83622466666667,81.83622466666667,83.57213484639692,83.72001159395214,83.655304,81.72362,84.7
T000067,1981-04-30,219.11856,260.05865,204.9866,185.39667,168.66884,184.8,202.47438945265435,202.47438945265435,207.06741979880016,205.79499055206946,201.56689596640717,219.67519929632903,213.41880602521047,216.4620328723415,211.43859070182674,216.06655749054715,185.34157086461613,212.39588815623185,186.7848388468818,228.05460333333332,213.58555878183105,216.2483015531192,204.45909508824542,204.45909508824542,219.11856,219.11856,203.16727666666665,203.16727666666665,207.95273699550782,207.95273699550782,204.9866,219.11856,215.6
T000067,1981-07-31,221.92622,218.0824,205.44797,184.6428,177.20576,194.5,203.1885969267362,203.1885969267362,208.3551397926245,206.89664379532695,204.63248378249486,218.62358891483075,215.47584715566452,216.80595834863112,213.21718200063486,216.81245041107334,184.65423721279802,196.75944727758554,191.12657820728353,215.15219666666664,215.95673101918123,219.02173150064002,205.42584160435675,205.42584160435675,221.92622,221.92622,204.0056633333333,204.0056633333333,209.26821727164014,209.26821727164014,205.44797,221.92622,221.9
T000068,1982-04-30,28.428938,27.919409,28.01531,27.81346,29.48167,31.36,28.10917927391575,28.10917927391575,28.163910839582858,28.059288433285822,28.48547402673555,28.17733509132476,28.2978009246237,28.029747261378304,28.249018850803505,28.046413526099137,28.923996811317615,28.725869793166915,28.72047199601684,28.421354311791944,28.354345082067706,28.14843488079467,28.082792354155355,28.082792354155355,28.428938,28.01531,28.085902666666662,28.085902666666662,28.060451972400337,28.060451972400337,28.01531,27.81346,30.42
T000068,1982-07-31,28.461565,25.847733,27.959288,27.527641,27.928734,27.61,28.019320365272627,28.019320365272627,28.09570595914726,27.948174848346696,28.140541492506564,27.856257888930816,28.284403870224622,27.94649636568319,28.220559304502373,27.937165036379703,27.545103187124102,27.190643996235657,27.931534548636442,27.949988088762666,28.319888895110218,27.864322819853797,27.978832789534067,27.978832789534067,28.461565,27.959288,27.98283133333333,27.98283133333333,27.94130700350005,27.94130700350005,27.959288,27.527641,28.87
T000069,1982-04-30,69.435,71.07133,67.97301,67.04355,73.327866,62.84,68.24363971568003,68.24363971568003,68.44725916998905,70.34120994587065,69.61694726236792,70.14402629111878,68.95073912270088,68.89604496155951,68.77298080165463,69.00796286233094,71.75803462905219,71.86670068565826,70.54235825672887,71.38143116763973,69.14252612652695,69.99737412696726,68.25378606217546,68.25378606217546,69.435,69.435,68.15052,68.15052,68.15272424710122,70.27126349344995,67.97301,73.327866,62.08
T000069,1982-07-31,70.49776,73.84939,67.785774,65.98902,53.528778,82.53,68.26835048692662,68.26835048692662,68.64836536557593,63.69504328701094,66.19863062651251,64.66768407884243,69.59248304430119,67.46817473355846,69.2609485594906,67.97340395252895,58.960169727190326,62.41807839041751,60.81704073977217,62.013272103285274,69.62124984881265,64.94189063913755,68.28689664965047,68.28689664965047,70.49776,70.49776,68.09085133333332,68.09085133333332,68.09596807331653,63.74226442741269,67.785774,53.528778,61.63
T000070,1982-04-30,95.90456,82.507324,91.30463,92.920135,102.033005,97.5,93.27633955780192,93.27633955780192,93.86840912772158,93.21233869350543,96.37421413709859,92.93300165804719,94.81701011128212,92.40026037502582,94.3698572399565,92.59044391925703,97.37823207962893,94.89671052781935,96.55648891031133,91.67078744232967,95.55655417768273,95.31175144928702,93.36132537071768,93.36132537071768,95.90456,91.30463,93.37644166666666,93.37644166666666,93.3833407687745,96.64629279653538,91.30463,102.033005,97.4
T000070,1982-07-31,96.513176,84.51141,91.36982,92.20858,103.73744,89.8,93.3337673090895,93.3337673090895,94.00808143565462,93.21372250293271,96.88214480038936,92.94809821133228,95.20419790494775,92.50962702005174,94.68031947772593,92.6430268883964,98.64994077239628,96.23284332777172,97.39346654835654,91.57930391174102,95.98962853097854,95.66896046191441,93.37049158911634,93.37049158911634,96.513176,91.36982,93.36385866666666,93.36385866666666,93.69410526191507,97.48279792940748,91.36982,103.73744,95.9
T000071,1989-10-31,164.49529,158.64238,163.02437,164.02277,163.27414,164.0,163.8502998330373,163.8502998330373,163.9579189760695,163.79664179310464,164.15114828775887,163.88673760350954,164.19380671487377,163.97175214302297,164.06272140987664,163.9114813146879,162.7440502470868,161.30229773962427,163.17542971819012,163.65006172642006,164.4108829346197,164.1194487415201,163.84375287992597,163.84375287992597,164.49529,164.49529,163.84747666666667,163.84747666666667,163.80770462985848,163.80770462985848,163.02437,163.02437,168.0
T000071,1990-01-31,165.04083,159.08698,163.01918,163.20851,166.81213,162.0,163.17580389351858,163.17580389351858,164.02304650642742,163.71771584703785,164.94889715995507,163.9665807253079,164.51284009284885,164.2242789693072,164.30345742524094,164.17311206324334,164.97086849512235,162.8748427135908,164.86450071039448,163.18287236161257,164.80053680252996,164.3490297049975,163.812021103095,163.812021103095,165.04083,165.04083,163.75617333333332,163.75617333333332,163.7281596833624,163.7281596833624,163.01918,163.01918,174.0
T000072,1980-04-30,139.50429,151.68205,135.53021,131.64337,124.019035,131.47,135.30715279753193,135.30715279753193,136.49824876071645,136.52613600357378,134.70147346023924,136.94903700497315,138.05726717079688,137.95901458631718,137.54047232075797,137.79967975807426,129.57091424294174,136.92653722618076,129.8306191791424,137.6156720393757,138.1646748730765,139.10902112050707,135.70444202922013,135.70444202922013,139.50429,139.50429,135.55929,135.55929,136.1356073591939,136.1356073591939,135.53021,139.50429,138.13
T000072,1980-07-31,140.42169,138.51936,135.61998,131.47008,129.92848,133.06,135.5361106035184,135.5361106035184,136.9185953438859,136.91999279960476,136.31612605812404,137.42699350325066,138.72580185162846,138.61839456574756,138.11487709167045,138.40381751381415,131.4896727913004,133.83458754920954,132.7351513823143,138.14211746574622,138.9917012156519,140.26804687905076,135.99972455342981,135.99972455342981,140.42169,140.42169,135.83724999999998,135.83724999999998,136.48347308935794,136.48347308935794,135.61998,140.42169,140.51
T000073,1980-04-30,138.58522,150.36739,134.86723,130.97543,124.058365,130.8,134.54947755567156,134.54947755567156,135.71259554906183,135.26306052570888,134.02438945149896,136.0864226838317,137.2069069980833,136.8750393328389,136.71710531280243,136.64921859882455,129.27260064759759,136.18870482668166,129.50812325790085,136.71786892080112,137.29460240873001,138.20184223774336,134.94816515897787,134.94816515897787,138.58522,138.58522,134.8092933333333,134.8092933333333,135.39007957564252,135.39007957564252,134.86723,138.58522,137.9
T000073,1980-07-31,139.42542,137.83672,134.94748,130.79857,128.97467,132.3,134.7488450356614,134.7488450356614,136.0927156891059,135.56366434148433,135.4042126168895,136.5141953426749,137.8170979314844,137.42443109318936,137.2404794905189,137.1310579277334,130.63122898837128,132.99748011676564,131.92624074899155,137.20013897907165,138.04278715892787,139.304126722397,135.2120481377528,135.2120481377528,139.42542,139.42542,135.05715666666669,135.05715666666669,135.70626002011988,135.70626002011988,134.94748,139.42542,139.8
T000074,1980-04-30,146.56267,159.78532,141.84665,137.03954,128.19693,136.9,140.42345673736583,140.42345673736583,142.94947799213,142.2637759308467,140.81951108372425,142.68775143074546,144.8268006331845,144.3804103507808,144.2087157933714,143.93038606433265,134.5635223637175,143.3109962783841,135.08225151196967,143.94864904245748,144.9450580977322,146.4739244008336,142.0320331722366,142.0320331722366,146.56267,146.56267,141.81628666666666,141.81628666666666,142.25237289215264,142.25237289215264,141.84665,141.84665,145.8
T000074,1980-07-31,147.73389,144.6674,141.96199,136.86685,136.695,138.6,140.62023989461335,140.62023989461335,143.49779419587236,142.689242208823,143.074408247019,143.194201658135,145.6850917763309,145.131091717073,144.94809237806209,144.55608494229327,137.89549634178314,140.27070370948334,139.25473225504516,144.5377278529297,146.02064792885474,147.56619644598362,142.4294897081922,142.4294897081922,147.73389,147.73389,142.18757666666664,142.18757666666664,142.67164597729777,142.67164597729777,141.96199,141.96199,148.5
T000075,1980-04-30,143.09595,156.14359,138.60925,134.1904,126.3713,134.0,138.47182665054436,138.47182665054436,139.69492372874996,139.12264356594648,137.81118603424153,140.1842610191729,141.4593308694828,141.27082064453515,140.87511731421284,140.8939875391304,132.27024746495928,140.1380665304969,132.54121893658157,140.9056959667422,141.58926004935185,142.71114548418683,138.80938873787858,138.80938873787858,143.09595,143.09595,138.63186666666667,138.63186666666667,139.29304006782763,139.29304006782763,138.60925,143.09595,142.3
T000075,1980-07-31,144.02873,142.31023,138.73964,133.99834,131.99031,135.7,138.72978059447013,138.72978059447013,140.12989639158445,139.46882451657953,139.37479951113573,140.6798804794654,142.14435948721064,141.92552898930492,141.46722157311703,141.46442054865537,133.89651958433566,136.67567552791263,135.32402403064765,141.44848166981342,142.4226565503042,143.8837929966171,139.11971058576867,139.11971058576867,144.02873,144.02873,138.92223666666666,138.92223666666666,139.65877621523538,139.65877621523538,138.73964,144.02873,144.6
T000076,1980-04-30,1451.4906,1655.3794,1391.9329,1324.5011,1210.6328,1321.0,1397.4336548559882,1397.4336548559882,1404.2731903611366,1424.4538144869518,1375.6792140213959,1446.2916072404578,1428.9227607380528,1445.5514667184493,1420.9510095544495,1439.150570739624,1298.1738265477443,1410.7412184168372,1301.9785806407087,1389.3082,1429.9741069790537,1452.816577325092,1391.501383944721,1391.501383944721,1451.4906,1451.4906,1389.3082,1389.3082,1413.0955314744692,1463.8504481779128,1391.9329,1451.4906,1450.2
T000076,1980-07-31,1463.4918,1456.9023,1393.0461,1321.0895,1250.5264,1353.9,1401.605914252811,1401.605914252811,1409.4841649566783,1431.5123031219046,1389.3883504294836,1445.1969059189064,1437.547763593116,1456.5572906439259,1428.311390510284,1449.055642588818,1294.644444931804,1345.690387759319,1321.7653720129028,1392.5424666666668,1440.1278112700368,1465.2499651342107,1394.969387563217,1394.969387563217,1463.4918,1463.4918,1392.5424666666668,1392.5424666666668,1419.0496648670871,1436.9623488887287,1393.0461,1463.4918,1505.1
T000077,1988-04-30,11780.21,12283.046,11481.968,11282.844,11222.866,11312.0,11525.57680338898,11525.57680338898,11576.467175852747,11553.816829027743,11557.001486294388,11583.436008677649,11680.507921042696,11622.96138821132,11644.010641058589,11620.463379355997,11389.832794078218,11694.404038338263,11350.332257701763,11329.225999999999,11701.100877947147,11568.095041516703,11535.545913034897,11535.545913034897,11780.21,11780.21,11515.007333333331,11515.007333333331,11496.613782490176,11496.613782490176,11481.968,11282.844,11820.0
T000077,1988-07-31,11816.599,11666.435,11501.024,11275.752,11185.717,11360.0,11542.923901231417,11542.923901231417,11597.574731802799,11573.57080260486,11569.138398901738,11602.499434928877,11709.70239352547,11649.225873360401,11670.72397551229,11646.576307624364,11273.820388015354,11404.606820930048,11341.34432393898,11320.831,11730.242109704064,11586.982278455594,11553.647982571969,11553.647982571969,11816.599,11816.599,11531.125,11531.125,11511.093073193511,11511.093073193511,11501.024,11275.752,12084.0
T000078,1988-04-30,13442.596,14600.369,13035.094,12581.223,12086.868,12552.0,13034.332327157774,13034.332327157774,13121.299887862235,13262.693048170739,12981.458091772598,13268.867044224722,13288.904821547605,13341.516812863816,13234.546416730356,13308.40146261629,12552.18303642927,13263.05166539023,12561.587547850471,13019.637666666666,13300.367174808247,13070.503604152793,13055.867684839743,13055.867684839743,13442.596,13442.596,13019.637666666666,13019.637666666666,13152.551731821797,13152.551731821797,13035.094,13442.596,13696.0
T000078,1988-07-31,13531.988,13424.932,13048.333,12560.106,12567.622,12888.0,13062.482771683384,13062.482771683384,13162.560250724759,13318.465214425987,13119.642651363256,13328.534814521883,13354.422790622491,13413.473350808777,13291.15244731005,13374.583344130366,12691.589171294749,12945.978655840107,12800.550075559808,13046.809,13379.072102089849,13094.783039454267,13087.065717032845,13087.065717032845,13531.988,13531.988,13046.809,13046.809,13195.047403441155,13195.047403441155,13048.333,13531.988,13856.0
T000079,1988-04-30,94185.48,104113.2,90673.89,86270.35,82575.16,86168.0,90533.103750725,90533.103750725,91300.53464983178,90853.27640958372,90109.92975337862,92097.56981453794,92813.77111195923,92653.14524646301,92333.18367119785,92887.80568598054,86455.71807489246,93163.31772774618,86613.91221050582,90376.57333333333,92889.8768270126,91607.61286563538,90901.81033512097,90901.81033512097,94185.48,94185.48,90376.57333333333,90376.57333333333,91066.42574684965,91066.42574684965,90673.89,94185.48,94644.0
T000079,1988-07-31,94889.875,93469.3,90800.266,86131.23,85239.44,87212.0,90780.97711593349,90780.97711593349,91638.48377537091,91130.21026615115,90990.56008670879,92502.15329447908,93336.50268321842,93121.87656566041,92788.15482214051,93401.73496624798,86619.6244862714,89236.28000397008,87963.260755113,90607.12366666665,93498.95760627097,92067.91438986499,91183.87254183364,91183.87254183364,94889.875,94889.875,90607.12366666665,90607.12366666665,91363.15469340779,91363.15469340779,90800.266,94889.875,96596.0
T000080,1988-04-30,30597.268,33851.734,29438.057,28493.596,26445.723,28438.0,29559.078098820653,29559.078098820653,29765.111132329686,29696.603644808063,29310.544508703908,30145.311936268663,30193.366096351274,30251.668506694412,30047.29651489563,30254.546321251964,27933.401028370638,30208.25322743469,27958.4217700026,29509.640333333336,30238.671199953922,29400.666225907844,29652.499751482806,29652.499751482806,30597.268,30597.268,29509.640333333336,29509.640333333336,29708.33641877506,29708.33641877506,29438.057,30597.268,30066.0
T000080,1988-07-31,30826.012,30375.467,29475.72,28444.957,27647.895,28694.0,29636.500033914115,29636.500033914115,29873.061693438292,29791.165352814158,29660.058727088108,30304.19069639945,30362.196732818982,30425.188560390092,30193.763169087935,30429.708093713332,28204.246414233712,29038.10235044148,28558.30609600822,29582.229666666666,30440.47096808389,29431.302558476982,29743.019493523585,29743.019493523585,30826.012,30826.012,29582.229666666666,29582.229666666666,29805.833431066123,29805.833431066123,29475.72,30826.012,30565.0
T000081,1988-04-30,10309.479,11713.026,9775.498,8885.666,8563.444,8867.0,9712.891642445467,9712.891642445467,9818.805414935101,9753.38771710172,9641.753283686936,9991.792332229548,10079.739359329578,10183.010491622921,10001.220598958478,10144.894892237251,9087.88180270911,10045.964014101197,9160.96683476419,10599.334333333332,10080.999748812286,9697.419022546155,9746.32723664122,9746.32723664122,10309.479,10309.479,9656.881,9656.881,9823.909666347456,10413.980833418715,9775.498,10309.479,10257.0
T000081,1988-07-31,10404.946,10355.8545,9798.767,8857.736,8801.296,8963.0,9747.316216792922,9747.316216792922,9864.243603213283,9791.63933952057,9735.43998659813,10052.201577946991,10150.782888885933,10264.790926720592,10063.354933128481,10221.754057816812,9039.907065062322,9519.534800703208,9286.778195741597,10186.5225,10160.5931767391,9731.837439293657,9783.607360112183,9783.607360112183,10404.946,10404.946,9687.149666666666,9687.149666666666,9867.705471525405,10173.313478647917,9798.767,10404.946,10215.0
T000082,1988-04-30,81536.65,96041.05,76946.98,72921.94,63138.32,72736.0,77386.53820338883,77386.53820338883,78174.46519010057,77391.15591460737,76000.54860889401,78016.76777247997,79910.04146125745,78380.7874924986,79324.65228443962,79719.46224956699,69882.86114994247,80882.0874644019,70128.92740146161,84841.56,80049.4781116859,76655.12578156391,77874.59190503426,77874.59190503426,81536.65,81536.65,77135.19,77135.19,78023.90808681455,78023.90808681455,76946.98,81536.65,80404.0
T000082,1988-07-31,82697.5,80138.16,77032.28,72740.14,70952.25,73379.0,77781.5651367519,77781.5651367519,78707.0143009146,77767.89314763356,78116.70217235803,78506.94823508174,80754.6590145858,78894.69788604403,80048.78952847546,80510.79225358003,72649.09599659231,76537.87763812089,73954.74530198239,79955.98,81105.8687149526,76876.59984321997,78335.3705408207,78335.3705408207,82697.5,82697.5,77489.97333333333,77489.97333333333,78501.78444631472,78501.78444631472,77032.28,82697.5,81522.0
T000083,1988-04-30,17136.434,19120.258,16614.646,16393.514,14335.542,16380.0,16717.637278203743,16717.637278203743,16810.012141174688,16764.92623019069,16427.124751353185,16611.627077020858,16974.223764159266,16863.52801241935,16913.513073148013,16925.471531298947,15441.639288849059,16763.157337952915,15502.614288352468,16714.86466666667,16991.943571793676,16192.709191760969,16772.02164573985,16772.02164573985,17136.434,17136.434,16714.86466666667,16714.86466666667,16739.97243625654,16739.97243625654,16614.646,16614.646,16673.0
T000083,1988-07-31,17368.707,16550.242,16601.723,16378.592,16668.771,16399.0,16783.938738746947,16783.938738746947,16912.951030590404,16844.981799499306,17002.578888029155,17031.201429986653,17140.06162162257,16981.078759959975,17053.33937073429,17066.67547825596,16594.18648969604,16672.778248846338,16627.556379578946,16783.00733333333,17216.700668941834,16696.875911675328,16856.771122377722,16856.771122377722,17368.707,17368.707,16783.00733333333,16783.00733333333,16813.046463393468,16813.046463393468,16601.723,16601.723,16557.0
T000084,1981-04-30,221.95062,253.74979,206.13031,198.54514,178.66412,205.0,208.03769462131194,208.03769462131194,211.8458421841899,209.45584171312822,208.18902515123685,211.8068827969874,216.94791150465483,217.98613116548253,215.08544809875102,215.14380137742205,193.57306672864388,213.45187575524585,192.5814364550743,208.87535666666668,217.9996999095049,212.31668770631052,209.41778075700353,209.41778075700353,221.95062,221.95062,208.87535666666668,208.87535666666668,210.60955439911254,210.60955439911254,206.13031,221.95062,232.0
T000084,1981-07-31,224.20706,216.60127,206.88255,197.90343,202.15314,201.0,208.74990172292087,208.74990172292087,212.9827171354296,210.303049198961,213.81980215727398,212.90147421802092,218.66406811600035,217.91904232215728,216.60790404863678,216.5989725888743,203.42903739693963,207.74394023261988,204.31964525687278,209.6643466666667,220.12256093349856,212.1438474289153,210.2715163819057,210.2715163819057,224.20706,224.20706,209.66434666666663,209.66434666666663,211.6238801806643,211.6238801806643,206.88255,224.20706,223.0
T000085,1988-04-30,155.40527,160.25067,151.62607,153.33386,146.32742,137.0,153.24307730682517,153.24307730682517,153.82223556936543,153.06644880913393,153.18534775050625,152.46103188556356,154.5483166594085,152.05596698825104,154.19034492353674,152.31985281509822,149.74688104131263,152.97557163634445,149.10730515895216,149.022314738864,154.98543856139537,151.6409276222635,153.44438353259326,153.44438353259326,155.40527,151.62607,153.45506666666665,153.45506666666665,153.36094936121697,150.7893318661061,151.62607,146.32742,130.0
T000085,1988-07-31,156.936,160.79225,151.7765,152.53085,148.97794,154.0,153.41757751621245,153.41757751621245,154.40249637698759,153.16412412715525,154.38200176727767,152.52315898367772,155.6145519569198,152.17459464096595,155.08687920314844,152.51838679664692,151.40756337493013,154.26044793243057,150.44175313146982,150.4237130745181,156.1949228410707,151.72391719826976,153.77910872975187,153.77910872975187,156.936,151.7765,153.74778333333333,153.74778333333333,153.66139108316636,152.26060295700327,151.7765,148.97794,153.0
T000086,1983-04-30,507.1051,750.865,439.33615,286.9357,201.35466,282.0,433.9123960400202,433.9123960400202,435.51580530365254,647.8647849769659,397.0241881485728,566.3681343324894,474.1567918481961,473.9724775702752,463.2168618171664,470.07843941952365,298.6458178166835,491.59453386969,319.34428926278713,750.865,471.2963495362931,472.8228155308155,422.90797878489474,422.90797878489474,507.1051,439.33615,411.12564999999995,411.12564999999995,435.3662238746853,555.0427185868775,439.33615,507.1051,562.0
T000086,1983-07-31,526.88336,524.6307,439.73737,281.09067,248.45331,431.0,441.931477363452,441.931477363452,443.636101554264,525.5825565784355,416.0039027032242,519.4285365203228,488.1000597473451,467.6537332510517,474.95413928475364,465.26351633728905,295.3042065389058,408.91612705883557,342.2074165162428,524.6307,487.74844102318195,501.0003926724786,428.6063008816286,428.6063008816286,526.88336,439.73737,415.9038,415.9038,442.5004449623265,496.92956347641723,439.73737,526.88336,772.0
T000087,1988-04-30,40619.33,42311.492,40206.62,39325.7,38356.977,39028.0,40083.74739899514,40083.74739899514,40194.4937792302,40436.020706279625,39883.56806973242,40369.3406420673,40423.20949748337,40445.319909121084,40357.75145023379,40447.50060069067,39126.72795825122,40221.05723219158,39283.11400046722,42311.492,40402.70113394031,40274.76711262818,40104.55035191994,40104.55035191994,40619.33,40619.33,40050.55,40050.55,40113.569744271896,40113.569744271896,40206.62,40619.33,41360.0
T000087,1988-07-31,40768.664,40651.91,40205.637,39295.95,38979.78,39732.0,40124.53986302374,40124.53986302374,40258.03866295549,40518.589900231396,40081.27433325923,40454.06824168452,40529.169906857656,40545.54247031639,40447.085234735976,40548.32391446894,39286.82914667585,39756.90846928272,39583.816185491334,40651.91,40532.566545976304,40311.78084058038,40149.99075053047,40149.99075053047,40768.664,40768.664,40090.08366666666,40090.08366666666,40159.4978198857,40159.4978198857,40205.637,40768.664,42008.0
T000088,1974-04-30,137.39883,149.84251,132.62607,124.37167,115.58907,103.0,130.35936808096935,130.35936808096935,132.94210062395442,125.64670481826681,130.17528348593922,124.84434327176703,135.31648498836316,124.48668792060238,134.6072435238608,124.5086924279924,122.33380039225828,127.57022179542432,124.11548370849272,124.37161464961964,135.23033422508945,122.78010416772835,131.17300092689754,131.17300092689754,137.39883,124.37167,131.46552333333332,131.46552333333332,130.8316559623589,130.8316559623589,132.62607,124.37167,106.0
T000088,1974-07-31,139.85364,147.43524,132.7765,123.93088,118.30954,129.0,130.82525534620592,130.82525534620592,134.04629353323696,125.69424927386217,132.00098988691633,124.41810298396469,137.09194202654987,124.04107304430377,136.1241017309516,124.08898399699038,123.68034584224897,128.1519463829799,125.49471251794978,123.93084457339377,137.2715286385501,122.40965958348886,131.8333892134423,131.8333892134423,139.85364,123.93088,132.18700666666666,132.18700666666666,131.42800396953015,131.42800396953015,132.7765,123.93088,134.0
T000089,1989-04-30,16.64146,15.227063,16.424778,17.369448,16.177755,18.1,16.713758163118214,16.713758163118214,16.750568454518163,16.82635318522609,16.723825473886947,16.871987051520428,16.673665299309214,16.918546514158578,16.67405582544128,16.72988888017757,16.27371203450161,16.061945170457687,16.33327436447679,16.704824474856366,16.740139641397146,16.91108593448335,16.80820847567565,16.80820847567565,16.64146,16.424778,16.811895333333332,16.811895333333332,17.031198293303635,16.665655932565894,16.424778,16.177755,18.1
T000089,1989-07-31,16.838383,15.399477,16.385466,17.233469,17.978941,18.2,16.811856012672507,16.811856012672507,16.800520810387642,16.835012797659463,17.14895395309631,16.86743880493563,16.79748029150669,16.90599878800586,16.770469758968524,17.36522943045748,17.454438715019712,17.082066077025832,17.183739661388614,17.165101429218513,16.910556358584504,17.10122730837001,16.815636528555338,16.815636528555338,16.838383,16.385466,16.819105999999998,16.819105999999998,17.04989767242339,17.447820643820123,16.385466,17.978941,17.0
T000090,1990-04-30,17.06288,16.313818,17.44956,18.594362,17.192831,18.4,17.631327123900988,17.631327123900988,17.536324403424214,17.547053191674763,17.447261997181197,17.440598051004713,17.27731662962622,17.36578736648051,17.34653647408072,17.378039235105643,17.34066907698656,17.05274571347403,17.359345702740256,17.502766965231622,17.285258177640806,17.26353744665161,17.661841432494,17.661841432494,17.06288,17.44956,17.70226733333333,17.70226733333333,17.669336124791574,17.669336124791574,17.44956,17.44956,19.1
T000090,1990-07-31,17.236046,15.919596,17.370934,18.407822,19.203695,18.6,17.637375650633643,17.637375650633643,17.551689004499565,17.54049736752193,17.886919296000826,17.45389241376711,17.372091294950142,17.419975842774996,17.411985049499446,17.392497083539435,18.566141794561602,17.780685787333365,18.290925485332018,17.496334086371647,17.431178123782686,17.355695340790238,17.637304316724304,17.637304316724304,17.236046,17.370934,17.671600666666667,17.671600666666667,17.64042314963701,17.64042314963701,17.370934,17.370934,17.2
T000091,1982-04-30,11.580675,13.75408,8.930689,7.512139,10.039511,6.6,9.723355614801084,9.723355614801084,9.853137744100504,8.682081168019142,10.331138404527932,8.542035884981189,10.728478470344035,8.134570289125348,10.41285047559866,8.458667268434553,10.084516995537843,10.19225136877187,9.42598058227371,8.122925237738428,10.973910984001968,7.997066410649181,8.85325292873462,8.85325292873462,11.580675,7.512139,9.341167666666665,9.341167666666665,9.50577108185671,9.50577108185671,8.930689,11.580675,8.2
T000091,1982-07-31,11.800789,9.601547,9.146332,7.0322585,6.7856627,5.3,9.777417809137397,9.777417809137397,9.906726728888216,7.790328713258381,9.723485512059213,8.022939621542397,10.880572607137221,7.874464522230055,10.547291628391207,8.337613846597105,7.246352780782507,7.384709336006711,7.938018035091892,7.6446214238665045,11.046717424491407,7.170956442646919,8.772773114574502,8.772773114574502,11.800789,7.0322585,9.326459833333333,9.326459833333333,9.456050663406577,9.456050663406577,9.146332,11.800789,7.3
T000092,1982-04-30,69.180885,95.21329,61.235317,47.97433,43.808125,47.6,59.73756996902958,59.73756996902958,61.87490984404654,58.07020326747903,59.356534966309454,59.34496157810662,65.76042911072527,62.352247764211576,64.59157620271344,62.19916403325263,52.152036898158144,64.61803827221175,52.38545925529557,54.55530647308007,65.78633539509751,51.25913197410161,60.714330278534696,60.714330278534696,69.180885,69.180885,59.463510666666664,59.463510666666664,60.61288836841216,60.61288836841216,61.235317,61.235317,63.5
T000092,1982-07-31,70.559975,64.99183,61.51615,47.470856,36.12547,45.5,60.152496286139545,60.152496286139545,62.49168087974422,58.29650911311053,58.56311603472607,59.663374779751365,66.76746916716067,62.98229165458309,65.46295653204787,62.80167094220107,42.58744236288228,48.517642302417386,48.780358873780436,54.40926147148763,66.77301633878116,51.05501160171349,61.19704487602645,61.19704487602645,70.559975,70.559975,59.84899366666666,59.84899366666666,61.065274316615486,61.065274316615486,61.51615,61.51615,66.7
T000093,1982-04-30,115.73145,-31.103027,93.39469,193.20413,203.97458,204.3,126.12522825454514,102.79383058804567,127.55199478763254,133.3050635680493,150.7724219380834,124.142097249328,119.28455370126653,116.73348295879984,119.38477632578619,100.47001176347015,167.45122480032742,110.45450536816097,150.01865357505972,93.39469,128.07305285386366,94.01947565701707,123.49713489725372,69.02168135436008,115.73145,93.39469,134.11008999999999,59.341037666666665,135.14572853878417,135.14572853878417,93.39469,93.39469,86.9
T000093,1982-07-31,124.081276,-3.1533813,91.89588,182.03906,213.82416,186.3,125.20669696014205,105.43925253415101,128.44421178262184,131.74401237919955,154.82689682532668,124.86325824857073,124.04509278841127,118.96924267360832,122.86374973665052,99.3001522306623,175.80406454129405,124.99317340500126,153.73436462952492,91.89588,133.631429434711,97.33922219737394,123.72631398652757,78.79488744854662,124.081276,91.89588,132.67207200000001,70.94125823333333,132.6159408004786,132.6159408004786,91.89588,91.89588,135.0
T000094,1982-04-30,56.501644,66.336914,54.577877,45.174057,48.737995,37.0,52.21211484997457,52.21211484997457,53.27088147641886,51.65402985134719,52.359504500052324,49.587420233029576,55.078580936467304,50.0329413217912,54.64260959409254,52.88955524101024,50.61022007666549,54.857612717059865,51.463647744384346,45.174057196997346,54.765852914315275,48.19142982442257,52.18901853563406,52.18901853563406,56.501644,56.501644,52.084526,52.084526,52.40578229357517,52.40578229357517,54.577877,56.501644,50.2
T000094,1982-07-31,57.523746,57.493065,54.53365,44.80844,41.037235,40.5,52.42760927103668,52.42760927103668,53.65671374704246,51.82478585405734,51.38999483779082,49.580147649533785,55.78172657625638,50.07943293695778,55.22491030072236,53.22649632036968,44.189110291889506,47.766933102678074,47.69623716123775,44.80844022108333,55.47137016192966,48.102804885243295,52.41119423616239,52.41119423616239,57.523746,57.523746,52.288612,52.288612,52.86481169783406,52.86481169783406,54.53365,57.523746,55.5
T000095,1982-04-30,80.549614,96.96032,78.45221,65.49329,63.908398,58.9,74.49454736914724,74.49454736914724,76.38843104889051,74.63850899190533,73.83668861183517,73.8167285519661,78.73813771257576,73.93538484311712,78.195969364573,73.94187455370327,69.05750314471203,73.46007675802454,71.0098936592577,65.49329292303294,78.1578992676374,69.44111856645264,74.82572208131937,74.82572208131937,80.549614,78.45221,74.83170466666667,74.83170466666667,76.84442627564775,83.34819212763635,78.45221,80.549614,81.1
T000095,1982-07-31,82.11824,80.70427,78.29005,65.05521,59.484837,64.5,74.78092158251579,74.78092158251579,76.98231630005134,74.94917480318215,73.78985082553604,74.12397414307907,79.81266287433853,74.3546230930983,79.08041775101005,74.28457660055655,63.688668886764304,66.32270405989686,68.77261131978398,65.05521298526985,79.35728225799303,69.17307769292924,75.13696285753714,75.13696285753714,82.11824,78.29005,75.1545,75.1545,77.37418347192212,80.41513892935373,78.29005,82.11824,81.7
T000096,1982-04-30,466.19897,459.27008,464.47345,444.25906,458.69623,456.1,460.3842367257124,460.3842367257124,460.52060785679146,457.70292343049886,459.61506725560105,460.3628329405195,463.79100319668123,464.6789861681336,463.10899952564046,463.916138411057,455.9323494947191,457.62601797799573,461.06567615172634,458.69623,462.93775327899067,450.056837736181,459.5606743861806,459.5606743861806,466.19897,466.19897,458.3104933333333,458.3104933333333,456.98610277274366,456.98610277274366,464.47345,444.25906,490.2
T000096,1982-07-31,467.60568,418.7895,461.97708,440.5632,507.56296,391.4,459.43046524060014,459.43046524060014,459.5929277751104,455.899629681814,468.8871922254094,459.22162919151435,464.028018743477,465.22322242332,462.9031160635577,463.91438593468985,481.35652261732406,458.4415165281551,483.4453706744781,507.56296,464.24405029599006,438.98443886663415,458.19045162930513,458.19045162930513,467.60568,467.60568,456.71531999999996,456.71531999999996,455.24967357525094,455.24967357525094,461.97708,440.5632,472.9
T000097,1982-04-30,1391.582,1649.1113,1363.8877,1162.4092,1041.3976,1238.3,1321.674200877671,1321.674200877671,1329.4691957240195,1305.7036514667486,1270.9017214984603,1310.6476984816031,1364.7459818258308,1385.6609662817289,1356.837053321975,1379.7247289973634,1154.194600074285,1324.59226720778,1201.4370619842612,1468.1936666666666,1353.8818880901413,1346.0066328376215,1322.4584299506646,1322.4584299506646,1391.582,1391.582,1305.9596333333334,1305.9596333333334,1314.3038631597128,1314.3038631597128,1363.8877,1391.582,1476.4
T000097,1982-07-31,1411.0446,1367.1738,1358.9097,1152.1237,1286.3972,1153.8,1324.8391903669135,1324.8391903669135,1334.834276238203,1307.0670196580486,1326.4506416249835,1312.177653698991,1377.0957746675774,1403.1396786046287,1366.4678961504815,1395.1845362829056,1271.730638275634,1311.7966237400656,1317.543557039617,1379.0427,1372.0749362444028,1341.5105849525876,1325.6855494705505,1325.6855494705505,1411.0446,1411.0446,1307.3593333333333,1307.3593333333333,1316.6994945244494,1316.6994945244494,1358.9097,1411.0446,1385.3
T000098,1982-04-30,557.97296,663.1031,532.20795,429.4475,434.03665,443.1,520.5542450275149,520.5542450275149,520.1760555115026,502.0369157108688,504.12937948239806,507.6913287123233,541.1410184455963,544.7255632630921,535.8747266805042,539.798879007534,466.650586771122,530.3140446510366,481.51394437483805,506.54280333333327,537.7988472026583,495.20540845882203,514.5530139248465,514.5530139248465,557.97296,557.97296,506.54280333333327,506.54280333333327,506.1373927053836,506.1373927053836,532.20795,557.97296,590.9
T000098,1982-07-31,563.6937,548.5422,531.95734,424.27405,435.77597,386.6,522.0660068382283,522.0660068382283,521.5965498325133,501.7415387042305,506.5320239131361,507.24250420157017,544.7756271543449,548.4646856398441,538.7554733953667,542.771370781905,450.0081495664015,482.2132656084179,482.08097342373327,506.6416966666667,541.8968176829895,494.79140726818935,515.2365733389388,515.2365733389388,563.6937,563.6937,506.6416966666667,506.6416966666667,506.28519591380325,506.28519591380325,531.95734,563.6937,536.4
T000099,1992-04-30,66.90096,63.618385,64.08404,59.997837,69.14876,59.9,63.715555047003775,63.715555047003775,64.4560030603735,65.20808829257031,65.70948770792286,65.08343544660079,65.74740927948866,65.24404069956847,65.34821414638574,64.97422920297906,66.53440728275464,65.56500812867509,66.41807596280677,65.66192178754605,65.93648991700778,66.64673776470828,63.87453544561799,63.87453544561799,66.90096,64.08404,63.66094566666666,63.66094566666666,64.16143385654506,64.16143385654506,64.08404,66.90096,64.4
T000099,1992-07-31,67.19336,65.77638,64.18434,59.858494,64.28305,61.0,63.80399618045995,63.80399618045995,64.59087861349774,65.46022227236126,64.91548099319597,65.3372968812331,65.96489068843344,65.44077378293764,65.5394361223498,65.04298200052615,63.628787845958215,64.20380380943307,64.10259289734542,65.86982551480403,66.0977061085975,66.90204938987787,63.971869623697884,63.971869623697884,67.19336,64.18434,63.745397999999994,63.745397999999994,64.27679081045966,64.27679081045966,64.18434,67.19336,63.4
T000100,1984-01-31,465.02734,517.79126,607.524,511.27698,234.88911,454.2,517.8792249925784,517.8792249925784,517.1974781396219,495.84986063661233,431.93660051834115,490.42148264790734,494.2793148475757,530.8157902498277,506.9900225365906,512.905704470101,330.8058502519453,389.9790401326514,423.90549891240335,491.4093,468.61272974205383,486.08457754424694,527.7102575440332,527.7102575440332,465.02734,465.02734,527.9427733333333,527.9427733333333,543.9227026056095,543.9227026056095,607.524,607.524,202.9
T000100,1984-04-30,505.37207,557.7134,584.56024,474.04294,303.41718,1009.4,520.3138751998584,520.3138751998584,520.9021235623726,519.3380656805763,459.44933899599107,520.4828877074084,516.1495708941864,524.2000676374923,521.8044819576938,517.5420384418792,374.2855734179698,426.4173776712666,444.88927953878556,531.542735,498.15761793630026,480.44216915815406,521.4730694740182,521.4730694740182,505.37207,505.37207,521.3250833333333,521.3250833333333,542.341349609023,542.341349609023,584.56024,584.56024,304.0
T000101,1997-04-30,179.93588,206.19942,172.02145,162.62979,149.07755,162.3,170.58585618661886,170.58585618661886,173.5596071277373,177.5419484910986,169.97971551683486,179.16364625720252,176.8955238759393,178.72579183480454,175.82554117027297,178.8448984930097,160.1094579906473,176.81016853265524,160.61183551170134,175.9786626508527,177.02990746710086,177.298718096545,172.43644006093433,172.43644006093433,179.93588,179.93588,171.52904,171.52904,173.02828543719036,173.02828543719036,172.02145,179.93588,177.7
T000101,1997-07-31,182.23108,176.9357,172.1067,162.24422,164.57863,168.3,171.06593068583538,171.06593068583538,174.58223742518067,179.1686898733464,174.1674358015215,179.3985584589271,178.54844811475,180.7115991451859,177.2328390524571,180.87022127105934,165.92635241544173,169.88545374099357,168.15992620413135,177.16888737354282,179.1155002013213,179.05017418272598,173.21455448018898,173.21455448018898,182.23108,182.23108,172.194,172.194,173.8844517435375,173.8844517435375,172.1067,182.23108,180.3
T000102,1988-04-30,18459.137,20213.127,17940.89,17331.94,16837.438,17352.0,17930.123108557826,17930.123108557826,18043.0333581028,17992.67615913621,17884.795928084317,18187.23085528947,18260.62963277612,18308.100039390432,18190.714687226897,18295.26878394477,17428.94559354667,18438.14015324037,17387.449293241996,18871.051333333333,18275.053972418293,18159.009478404896,17966.64593344055,17966.64593344055,18459.137,18459.137,17910.655666666666,17910.655666666666,17989.58051120976,17989.58051120976,17940.89,17940.89,18312.0
T000102,1988-07-31,18612.404,18155.268,17949.115,17308.729,17436.195,17316.0,17976.92867200459,17976.92867200459,18112.653501453056,18051.842833461487,18081.703903354213,18282.879821114413,18371.691772925024,18426.303763354288,18285.64281252432,18410.04606840872,17516.272882955134,17748.103487574437,17681.150727198874,18238.929,18408.8536492711,18259.756133813426,18019.6558155797,18019.6558155797,18612.404,18612.404,17956.749333333333,17956.749333333333,18044.037722025914,18044.037722025914,17949.115,17949.115,18508.0
T000103,1982-04-30,222.84676,239.5263,213.87819,209.74901,194.89252,198.0,215.13891265844796,215.13891265844796,217.1586714752313,215.0927161144024,214.4332327664262,215.70440733792765,220.02712687787238,218.2519611304309,218.97551263616913,217.69223469707774,204.35432586400447,216.0872383386748,204.54607594708648,217.87041293625003,220.5859202915962,212.77696227247188,215.89294501192794,215.89294501192794,222.84676,222.84676,215.49131999999997,215.49131999999997,215.40232559858782,215.40232559858782,213.87819,213.87819,207.0
T000103,1982-07-31,225.53525,225.28455,214.32953,209.00787,206.63754,219.0,215.85465770911188,215.85465770911188,218.3899521711947,215.79093471785535,218.0460250320694,216.57348547475027,221.99667002600103,219.77805886620595,220.6787242429115,219.07672188877257,209.83371538964332,215.02593395860782,210.4393169665168,219.3083041232155,222.90142303464205,212.83289849698048,216.79976008360356,216.79976008360356,225.53525,225.53525,216.2908833333333,216.2908833333333,216.18350114871316,216.18350114871316,214.32953,214.32953,229.0
T000104,1988-04-30,591.167,632.8907,578.27435,593.2932,471.7758,582.0,587.8446038115806,587.8446038115806,587.9364282858749,587.1647160797655,568.8661336865287,588.9546375615134,589.1265809572402,590.9492435382741,588.1324322556602,590.2865791215454,519.3219832396154,564.9510107252114,527.0707169560577,600.77735,589.8766265112864,587.5441677548226,587.0174166314945,587.0174166314945,591.167,591.167,587.5781833333333,587.5781833333333,586.7140908093086,586.7140908093086,578.27435,578.27435,640.0
T000104,1988-07-31,603.4772,581.01794,577.04584,586.3842,593.1916,647.0,590.9326804741162,590.9326804741162,591.79053208597,587.6560264000882,597.4998264312991,596.0436713607115,597.233442005271,602.8917687545046,594.6654594484173,601.1354197861695,590.0674179249128,586.4816948583126,585.1566398781649,587.1803266666666,600.8770595287342,588.5321324491376,589.3482886375983,589.3482886375983,603.4772,603.4772,588.96908,588.96908,588.5778543126514,588.5778543126514,577.04584,577.04584,700.0
T000105,1988-04-30,201.891,210.10684,201.1239,195.37566,181.9618,186.0,199.2749969037527,199.2749969037527,200.1310051720356,199.4177428393,196.55544490767198,199.42223576771704,201.13158152814924,200.33785667449862,200.90837561960876,200.76822747340293,188.72624562821477,195.24259609300896,191.65769945493372,201.02664650022038,200.6858105650078,197.83904467567507,199.7419943840122,199.7419943840122,201.891,201.891,199.46352000000002,199.46352000000002,199.66607190198496,199.66607190198496,201.1239,201.891,183.0
T000105,1988-07-31,203.44087,206.5732,200.92732,194.91936,190.25038,195.0,199.46984739205715,199.46984739205715,200.7017261794776,199.74396065235055,198.9211882215012,199.78896355269603,202.18467501324287,200.85736884981557,201.77013391539495,201.47663468987128,193.55988557782467,197.57472605455092,195.5687888538478,200.82567368204138,202.0367731788201,198.6227011077027,200.11952218986008,200.11952218986008,203.44087,203.44087,199.76251666666667,199.76251666666667,200.00264025034272,200.00264025034272,200.92732,203.44087,197.0
T000106,1984-04-30,200.58586,231.73517,172.20728,157.06143,154.52261,115.9,166.91337824010543,166.91337824010543,182.09644356360317,161.1327266639624,181.57041143170426,164.37624453978643,191.46408111312118,173.2231992010351,188.0851550691205,173.23192260798925,166.32189053047858,172.26738913401164,163.1760613188583,161.27782799331106,193.6992721548381,173.74325663787477,176.96212667534746,176.96212667534746,200.58586,172.20728,176.61818999999997,176.61818999999997,173.40946300607285,161.6394676616958,172.20728,172.20728,125.5
T000106,1984-07-31,205.37163,220.34361,173.8271,154.27457,175.87439,198.8,165.84061670851662,165.84061670851662,184.1781774238423,165.76853850806793,187.7418599451139,167.9426670018871,194.97122006277652,174.39231533387076,191.14822655490266,174.3918630349366,178.12080591036226,181.80848163296196,174.23418365639805,168.0378977591974,197.61560290288062,174.79866428950714,178.25957191640146,178.25957191640146,205.37163,173.8271,177.82443333333333,177.82443333333333,174.16201961226474,167.9536167054155,173.8271,173.8271,201.2
T000107,1988-04-30,137.3449,126.9265,129.87819,130.3663,136.98413,127.0,132.4181186097304,132.4181186097304,133.53600209795164,135.1787957781769,135.63755007672677,134.2266570983323,135.37455199723217,132.6941936824001,134.59600783794136,132.47397882943133,134.2069798459674,132.14948122862054,133.3393220272207,136.9840824794069,136.33466989326706,135.9030921919297,132.6302700422026,132.6302700422026,137.3449,129.87819,132.52979666666664,132.52979666666664,132.61673002953722,134.73140929688293,129.87819,136.98413,127.0
T000107,1988-07-31,138.25706,124.942795,130.32953,128.28386,140.69958,117.0,131.86198224550918,131.86198224550918,133.60789136723665,137.3072359117932,136.38197257740754,135.4333557140197,135.91882024036087,133.186559116382,135.0288979879751,132.91922796115244,135.94479324234243,132.84240457463272,135.29788853869823,140.69950879782604,136.852888743296,136.95609564778988,132.50313478931741,132.50313478931741,138.25706,130.32953,132.29014999999998,132.29014999999998,132.48930051044442,136.45790964744447,130.32953,140.69958,121.0
T000108,1989-04-30,8530.05,11379.988,7493.709,5880.6006,4791.088,5827.0,7449.863362464117,7449.863362464117,7604.635904971778,8901.461526968076,7193.978179023574,8638.367051643198,8095.112897188244,8439.800309786966,7945.537474157996,8382.84746693655,5970.154014808722,8079.770202568413,6134.553773515307,9955.019,8098.340910759684,6742.956496076733,7480.9677831294775,7480.9677831294775,8530.05,8530.05,7301.453199999998,7301.453199999998,8061.045972744107,9071.491384196333,7493.709,8530.05,7346.0
T000108,1989-07-31,8715.805,8909.609,7535.133,5812.4067,4945.8936,7248.0,7516.203002315267,7516.203002315267,7688.663216222148,8372.729081083533,7314.200006899971,8445.283457786965,8231.344973645748,8395.396152501398,8063.779709187546,8356.624764002609,5696.82909664107,6951.200010088784,6227.685163550885,8812.707,8247.095644992767,6874.095370315868,7549.777814317167,7549.777814317167,8715.805,8715.805,7354.448233333333,7354.448233333333,8181.482877389519,8403.159451884723,7535.133,8715.805,8445.0
T000109,1989-04-30,30725.07,45125.438,26122.8,21610.74,20453.484,21448.0,26406.556352812124,26406.556352812124,27241.30433788519,26676.420937784897,26623.625625690744,25808.33458575464,29048.274273396717,28962.298224486764,28449.521467574683,25269.113439281922,24291.997658098182,30380.53972169044,23237.878953982912,26152.869999999995,29274.60210166355,29074.472105010864,26790.30709212367,26790.30709212367,30725.07,30725.07,26152.869999999995,26152.869999999995,29049.332450486745,33013.01697955632,26122.8,30725.07,28424.0
T000109,1989-07-31,31292.436,30458.824,26259.809,21428.793,18595.82,24757.0,26599.418715003216,26599.418715003216,27507.20892497467,26493.14871113731,26551.95953754824,25427.57399449584,29468.734427603333,29187.856997706676,28816.535681427384,24935.866831188647,20890.555191487845,23722.202090199302,22397.879002351518,26327.012666666666,29701.583277568967,29498.820710268614,27015.365231945718,27015.365231945718,31292.436,31292.436,26327.012666666666,26327.012666666666,29460.00069381539,29706.268079520505,26259.809,31292.436,30330.0
T000110,1989-01-31,100.57686,70.96902,91.530975,96.248985,126.177475,128.0,95.67340649960958,95.67340649960958,96.93647936920037,97.57039186157427,104.44968329192336,97.03193157225158,98.58619987785022,96.64082854462136,97.74492674881377,96.39389593014762,112.19520477696325,110.42415652740962,108.47651127474128,96.248985,100.29571738840858,95.62298733396015,95.73353004772818,95.73353004772818,100.57686,96.248985,96.11894,96.11894,96.20518518518128,96.20518518518128,91.530975,100.57686,102.0
T000110,1989-04-30,100.72862,64.63609,91.481834,92.74225,116.749176,80.0,94.78189579303373,94.78189579303373,96.16650626860338,94.68798560394873,101.9129945557625,93.80699749115378,98.35154732670694,93.29084060255526,97.40359880632217,92.91051652500035,104.38792733685855,103.27786143622508,103.7747074813199,92.74225,99.79227861715718,92.73245005449898,94.42580240420529,94.42580240420529,100.72862,92.74225,94.98423466666665,94.98423466666665,95.07391061188532,95.07391061188532,91.481834,100.72862,83.0
T000111,1989-01-31,3646.881,4049.7415,3540.6638,3526.7358,3448.2466,3792.0,3578.7775458031015,3578.7775458031015,3587.771124512093,3561.0358540279917,3580.7399123137047,3562.1764905318732,3616.847019078649,3544.252838970122,3605.2563570875363,3546.2263056620163,3551.745709420011,3694.9973517944404,3495.4224823111326,3571.4268666666662,3626.9152441557912,3536.905767478528,3568.6743196718535,3568.6743196718535,3646.881,3540.6638,3571.4268666666662,3571.4268666666662,3566.988621665997,3566.988621665997,3540.6638,3540.6638,3681.0
T000111,1989-04-30,3665.7908,3322.011,3536.4375,3509.1057,3402.6335,3432.0,3580.154910992322,3580.154910992322,3591.3578860056305,3557.992670795544,3578.7488823608082,3527.036577947709,3628.2187105253793,3535.153404955181,3613.8472430623515,3535.2854068583792,3411.838573751239,3388.578141856451,3470.7212138500518,3570.4446666666668,3639.6978432756364,3529.58814353336,3567.3867097221782,3567.3867097221782,3665.7908,3536.4375,3570.4446666666668,3570.4446666666668,3565.4654324956164,3565.4654324956164,3536.4375,3536.4375,3717.0
T000112,1988-04-30,449.97925,407.23004,435.33615,445.65082,459.3443,451.0,444.7857297224144,444.7857297224144,444.7183316923229,449.831340345326,450.7514475247597,443.704408329863,447.01403913277426,441.0851527696272,445.7183525947984,442.3450935900499,449.01729243678835,436.57215870299103,447.28960228626977,459.3443,449.4808988680899,441.19501536971836,443.44836419739534,443.44836419739534,449.97925,435.33615,443.65540666666664,443.65540666666664,443.00865525935967,447.509971387698,435.33615,435.33615,464.0
T000112,1988-07-31,452.25766,407.18057,435.73737,440.81058,479.0311,415.0,444.78618698696835,444.78618698696835,444.7729645495374,459.6993274104624,454.6829914162447,447.2335078551954,448.2818056341231,443.51569798998077,446.6578906676407,444.4674553221452,460.97793105987444,445.1985705977467,456.88760844063233,479.0311,450.9665400952784,443.8439596275968,443.01057581661564,443.01057581661564,452.25766,435.73737,442.93520333333333,442.93520333333333,442.6863042811588,454.5695816496223,435.73737,435.73737,414.0
T000113,1987-04-30,363.32034,462.3803,317.38376,299.52393,229.17667,306.1,334.97295137682596,334.97295137682596,334.9627294946763,326.4384623652206,322.724721635097,300.887047676878,349.19431775296107,362.77139950476413,343.8892552277459,360.6175973264615,277.17782767566007,343.96316542879964,274.06660314947413,462.3803,352.33521703964766,322.0844485954751,331.05708996626163,331.05708996626163,363.32034,363.32034,326.7426766666666,326.7426766666666,344.2723599278306,309.0885166939895,317.38376,363.32034,316.7
T000113,1987-07-31,372.1863,357.6056,319.21423,297.46048,276.28503,353.4,339.20251946460985,339.20251946460985,339.21205930014975,329.2460524187264,336.32777291891813,317.17082715188633,355.78549221616447,371.6761152609066,349.63930748873855,369.0526464210652,292.3616637510177,315.79512586248984,297.7409656728107,357.6056,360.13801944697565,337.09099156976777,334.68646800271915,334.68646800271915,372.1863,372.1863,329.6203366666666,329.6203366666666,350.2209962324674,327.6193553986808,319.21423,372.1863,280.5
T000114,1988-10-31,11714.322,12834.952,11437.106,11091.777,9828.734,11576.0,11431.88001756985,11431.88001756985,11487.118294137612,11400.971330100896,11208.069727170232,11371.791516620331,11606.2559415697,11454.420724721007,11568.373670981473,11475.429695068597,10517.778173802642,11270.21710868386,10646.669566595401,11414.401666666667,11599.414914338728,11143.825578129634,11437.430321297423,11437.430321297423,11714.322,11437.106,11414.401666666667,11414.401666666667,11444.816435853512,11444.816435853512,11437.106,11714.322,12752.0
T000114,1989-01-31,11863.953,11025.139,11417.105,11039.573,11968.605,10775.0,11460.638063221691,11460.638063221691,11539.998166370746,11422.887972257684,11690.38823923883,11371.358391564023,11706.96507231938,11491.589145361748,11650.32616920977,11515.683813913274,11647.28878987116,11451.311325183562,11673.279523621568,11440.210333333333,11746.584340616877,11490.108045233264,11468.75226266391,11468.75226266391,11863.953,11417.105,11440.210333333333,11440.210333333333,11479.964672244927,11479.964672244927,11417.105,11863.953,11134.0
T000115,1988-04-30,175.28621,187.61594,162.21436,159.51668,144.01984,159.0,164.29904878378113,164.29904878378113,167.77955041457,165.33129131108035,165.61287994295975,162.69321612124068,171.49552839936888,162.92566126863576,170.04480331001042,162.39183299237476,153.45611699941253,161.24484702860792,153.30886225140426,160.10859803475046,172.59615233440087,159.57858199257916,165.45363015589265,165.45363015589265,175.28621,162.21436,165.67241666666666,165.67241666666666,164.301185576669,164.301185576669,162.21436,159.51668,162.0
T000115,1988-07-31,177.22652,176.05443,163.0669,158.92654,168.1647,164.0,164.4763092763081,164.4763092763081,168.80764679488624,166.06683611677104,171.1994730030735,163.52513849199477,173.0033783804648,163.78448508274883,171.40184200908374,163.24878966229304,167.4968966444668,169.4541773341324,165.41535754005287,159.79035404456482,174.46885658744176,162.09954671031383,166.18730856615315,166.18730856615315,177.22652,163.0669,166.40665333333334,166.40665333333334,164.80497590564272,164.80497590564272,163.0669,158.92654,171.0
T000116,1991-04-30,663.414,658.7087,653.8736,668.74194,648.55505,686.6,661.8970140845854,661.8970140845854,661.9096691745824,660.2577613135747,661.8273034708382,660.6008773859742,662.2647800573806,659.7346249472682,661.6218613269206,660.6419620801464,654.0228605096078,655.6303817489993,651.7395367973597,658.6484949991768,663.9828768808035,659.2572140838265,661.5375075644124,661.5375075644124,663.414,663.414,662.0098466666666,662.0098466666666,661.7208384160315,661.7208384160315,653.8736,653.8736,655.9
T000116,1991-07-31,664.7377,642.2125,654.25977,665.25525,665.28375,663.2,661.6706330180294,661.6706330180294,661.8264804834071,660.2344068510705,664.9634905579069,660.8058673671273,662.9631664738267,660.4430713450434,662.1253184158554,661.2914820851076,661.9021230940939,654.9827950004508,659.9360717810782,665.269499998102,664.8195659844356,658.7269698294256,661.1930792647124,661.1930792647124,664.7377,664.7377,661.4175733333334,661.4175733333334,661.1991482918033,661.1991482918033,654.25977,654.25977,672.3
T000117,1991-04-30,444.0642,464.05392,435.97736,429.8972,419.7925,431.3,438.30350119258026,438.30350119258026,438.37898254540465,437.8023250918836,436.10288377121066,439.60103757242877,441.295367470659,440.7940598683092,440.2889241683671,441.24266759701294,428.2624885546057,440.8221959692926,427.9452273047658,436.6462533333333,441.6985626448192,439.4420525222165,437.2888910061012,437.2888910061012,444.0642,444.0642,436.6462533333333,436.6462533333333,437.02340857677973,437.02340857677973,435.97736,435.97736,449.8
T000117,1991-07-31,445.7502,440.0139,436.30832,429.53574,429.16388,429.6,439.1043957041592,439.1043957041592,439.1894013274543,438.50515745316994,438.7758478755153,440.57533066488116,442.54877068041435,441.95718885380677,441.3817482245832,442.47547959389067,430.82491074218797,434.05976659093005,432.64020179435147,437.19808666666665,443.1923670392645,440.37822208724725,437.92957517085006,437.92957517085006,445.7502,445.7502,437.19808666666665,437.19808666666665,437.6191293148637,437.6191293148637,436.30832,436.30832,462.6
T000118,1991-04-30,189.38321,183.2099,186.89622,194.2048,190.34978,197.0,190.71383696362497,190.71383696362497,189.8013359520305,189.8726908586517,190.6998207288086,189.21636742450158,189.41337687922055,188.93540592566194,189.33056943321802,188.80587560823824,190.06543947019725,187.45657604432654,188.79025762235776,189.934826104094,190.0907819209659,187.76485490591972,189.7678170696325,189.7678170696325,189.38321,189.38321,190.16141,190.16141,190.0779669730612,190.0779669730612,186.89622,186.89622,188.0
T000118,1991-07-31,189.70163,182.51106,186.95139,193.12381,195.39928,192.5,190.33712695764603,190.33712695764603,189.71321983860415,189.70160516213343,191.59317492087663,189.2233296956171,189.5515367355161,189.05963462300917,189.4127920913658,188.93072182728957,193.06449753620691,189.17615589096482,191.23372069918724,189.5271395088925,190.27086099271102,187.90794926221974,189.62414437244567,189.62414437244567,189.70163,189.70163,189.92561,189.92561,189.83499059192295,189.83499059192295,186.95139,186.95139,194.6
T000119,1991-04-30,109.15776,94.34344,105.54202,116.21451,114.29168,119.0,109.70608134975011,109.70608134975011,109.77670999445515,107.24243357566687,111.79498358638587,108.14015312289156,109.20611638926427,107.62103810917306,109.0868823618909,108.32696457300563,111.7519577136483,106.01466565761766,110.10555823713095,110.81534770528788,110.24308353732,106.7985186008732,109.7986379901678,109.7986379901678,109.15776,109.15776,110.30476333333333,110.30476333333333,109.99671743182898,109.99671743182898,105.54202,105.54202,108.0
T000119,1991-07-31,109.59095,100.00425,105.59217,114.81043,120.54361,114.0,109.49798375949271,109.49798375949271,109.66532945499696,107.47271998371154,112.90801560024856,108.1892387375615,109.39612951481969,107.79675286812423,109.20041812069225,108.50235680823474,116.40717783892646,110.92169461965001,113.1201048943465,110.15894055240493,110.48939619001878,106.9183859314982,109.58707594236354,109.58707594236354,109.59095,109.59095,109.99785,109.99785,109.72666769338161,109.72666769338161,105.59217,105.59217,111.0
T000120,1996-04-30,262.12805,259.35138,271.81592,293.72128,245.11836,297.5,288.4537950715142,288.4537950715142,272.39015496678917,272.9985814502453,266.2972613109203,262.3977610603239,266.8495912033972,265.8907431337663,268.4164428205899,265.6559203216458,256.78840073387096,256.8983421644451,259.52352389671216,270.21852,266.45219796264684,262.0788206266859,273.5844016995764,273.5844016995764,262.12805,262.12805,275.8884166666666,275.8884166666666,273.0880073580324,273.0880073580324,271.81592,262.12805,297.7
T000120,1996-07-31,264.32642,253.3539,270.2041,291.06512,276.96533,292.9,286.607022513377,286.607022513377,272.3395755154462,272.65723471022284,273.01784627462416,266.54059786787496,267.91826598198253,267.0562822297319,269.0558863367823,266.88237005054464,276.2915813687963,267.5649113811769,274.1085121582913,279.41151666666667,268.34768657030486,266.56744890512465,273.17780600282333,273.17780600282333,264.32642,264.32642,275.19854666666663,275.19854666666663,272.71178153155404,272.71178153155404,270.2041,264.32642,306.7
T000121,1980-04-30,20.386099,22.669037,19.43744,18.54529,17.985888,18.52,19.72994789862643,19.72994789862643,19.676945087991296,19.562051476505612,19.495542303073755,19.974729671641022,20.04410564792736,20.129110423222347,19.921622119292717,20.094584011237444,18.781517657849218,20.00400001223016,18.706678633332945,19.54460920272988,20.088794518133778,19.846467242215546,19.51620704347844,19.51620704347844,20.386099,20.386099,19.45627633333333,19.45627633333333,19.78932245410276,20.348168695517586,19.43744,20.386099,20.0
T000121,1980-07-31,20.506763,20.235674,19.488092,18.51406,17.922817,18.68,19.798450116933196,19.798450116933196,19.74148653568997,19.617451555668055,19.545456478214803,20.06308542099579,20.137989348087633,20.229487897162894,20.006070208492257,20.193337401370638,18.37788385808514,18.965294815417675,18.699719398598596,19.59855766474473,20.185117979139175,19.923157526557716,19.567988462244966,19.567988462244966,20.506763,20.506763,19.502971666666667,19.502971666666667,19.86398209237359,20.078224759937182,19.488092,20.506763,20.19
T000122,1980-04-30,950.67694,1059.3733,916.32654,877.3272,819.9016,875.8,919.6848415770386,919.6848415770386,923.4185334650188,940.3891448134254,908.4816137295595,946.6585025968246,937.650425346184,944.5284625671559,933.049996435212,943.687882702498,866.2710566117703,932.5103101668154,868.3901397657158,914.7768933333332,938.3605178048023,933.3145648196872,918.1856025717423,918.1856025717423,950.67694,950.67694,914.7768933333332,914.7768933333332,925.4497561074013,925.4497561074013,916.32654,950.67694,942.6
T000122,1980-07-31,958.0882,946.24854,917.134,875.7134,853.42053,891.4,922.4998730444097,922.4998730444097,926.7876520389195,945.0031756519787,918.7597116466357,945.9564564696128,943.0449905448387,950.8340022659365,937.6855232503696,949.8496789493058,871.4014623521576,897.0760656651689,884.9906855237646,916.9785333333332,944.8206939986505,937.8094413403502,920.763507291894,920.763507291894,958.0882,958.0882,916.9785333333332,916.9785333333332,928.8769406767212,928.8769406767212,917.134,958.0882,951.7
T000123,1980-04-30,149.97078,156.24594,148.74956,148.52332,142.21686,148.3,148.98428580768027,148.98428580768027,149.2755673657063,149.40972913424287,148.15018042390994,149.4104111755556,149.61911778145227,149.5997327378309,149.48422268921615,149.6196612345266,145.5137302256075,149.17919025838455,145.57430634352826,149.33566846598782,149.6585466545696,149.45395961661947,149.1168647101881,149.1168647101881,149.97078,148.74956,149.08121999999997,149.08121999999997,149.10694192963754,149.10694192963754,148.74956,148.74956,147.8
T000123,1980-07-31,150.63972,149.0654,148.67093,148.34444,148.71211,150.0,149.0636744919039,149.0636744919039,149.52795990861426,149.7352217654526,149.73271372716775,149.7394578341793,150.0764613099586,150.04335249803896,149.8599347740114,150.07557460585627,148.69128079623923,148.81290758550594,148.68111981089112,149.61829069087085,150.28326037999898,149.71249388703703,149.27410799513007,149.27410799513007,150.63972,148.67093,149.21836333333334,149.21836333333334,149.25747515719365,149.25747515719365,148.67093,148.67093,146.6
T000124,1980-04-30,50.46147,52.753197,49.608402,48.365215,47.13993,48.0,49.49828606498745,49.49828606498745,49.719692988510204,49.681583491818664,49.33499341523573,49.84321063725382,50.11158128910923,49.790805932353045,49.990548570731285,49.93167842416032,48.20301433542105,49.47883444845593,48.37389778491208,49.67188967446388,50.11504195146863,50.22701533757524,49.58180601280367,49.58180601280367,50.46147,50.46147,49.47836233333333,49.47836233333333,50.02922991237555,49.36442258960002,49.608402,49.608402,47.9
T000124,1980-07-31,50.769444,50.655594,49.61843,48.292934,49.227634,49.6,49.584414417612514,49.584414417612514,49.851653398099074,49.797065512992475,49.89356405436642,49.979115311839685,50.33115442301109,50.00853687429308,50.176541121642124,50.07762431090615,49.25220936896872,49.648750012288914,49.389168818855694,49.70740031688582,50.392034164878126,50.618972787051696,49.67874936064093,49.67874936064093,50.769444,50.769444,49.56026933333333,49.56026933333333,50.18623798099921,49.965670035290145,49.61843,49.61843,47.1
T000125,1980-04-30,19.554033,21.395775,17.541397,16.865206,15.441381,16.79,18.33690481362671,18.33690481362671,18.33668433649158,17.90572719139193,18.137352663139062,17.649994835601532,18.945336437239778,17.61397606972247,18.715529648525358,17.680532033210984,16.593545951302104,17.579347584706703,16.50259035845371,17.087023285367064,19.1116531943569,16.892927148554755,17.9279749271052,17.9279749271052,19.554033,17.541397,17.986878666666666,17.986878666666666,17.4664677893119,16.64846649067091,17.541397,16.865206,19.25
T000125,1980-07-31,19.842707,19.75857,17.680311,16.77246,16.947706,19.03,18.494872890003517,18.494872890003517,18.491969942204694,18.014129962639164,18.569009913440794,17.763023218140624,19.171297434286515,17.75065590817752,18.91991149721159,17.81525493282146,17.32444966364642,17.833797507704812,17.2977810976385,17.353289194972533,19.361660525668057,17.37174782310482,18.033296740100894,18.033296740100894,19.842707,17.680311,18.098492666666665,18.098492666666665,17.503788580612564,17.07192828259023,17.680311,16.77246,21.46
T000126,1988-04-30,113.07073,103.980415,106.710106,118.14453,111.44998,123.0,111.57874167017877,111.57874167017877,112.42696303238921,112.80446555080802,113.95245640493835,114.18152443935607,112.4507090493116,113.54076459567433,112.05965732669573,112.66386991186693,111.67751769956806,109.35671397522974,109.35165870524075,112.45184551225734,113.78003587786681,115.91538599784529,112.6063316434026,112.6063316434026,113.07073,113.07073,112.64178866666666,112.64178866666666,112.42676021346719,112.42676021346719,106.710106,113.07073,113.0
T000126,1988-07-31,113.8506,101.05565,106.96085,116.54837,123.64073,116.0,111.53242691999284,111.53242691999284,112.49279830899023,112.61864800539634,116.3536043397301,113.78628896486747,112.9102147557051,113.37355329693385,112.41751845328463,112.6919410611948,118.9368390590331,113.7260353735613,115.33817350791878,111.8345112458833,114.37019675452294,115.65097465658468,112.44618148295922,112.44618148295922,113.8506,113.8506,112.45327333333333,112.45327333333333,112.30471751159352,112.30471751159352,106.96085,113.8506,115.0
T000127,1990-04-30,1301.9974,1473.4558,1253.0463,1182.6879,1092.8154,1180.0,1253.8360788400937,1253.8360788400937,1259.6634560835723,1283.4723544151057,1234.038251713958,1298.2309273351643,1282.0139525562681,1294.6125787476867,1275.0929765101441,1295.1452633809272,1166.2424259105574,1270.2478750735968,1173.2232182296439,1245.9105333333332,1282.0109834835553,1277.0509102522942,1251.511815308977,1251.511815308977,1301.9974,1301.9974,1245.9105333333332,1245.9105333333332,1266.0664199530224,1266.0664199530224,1253.0463,1301.9974,1281.0
T000127,1990-07-31,1313.6409,1302.227,1253.6982,1179.7766,1142.9772,1216.0,1257.9004168116676,1257.9004168116676,1264.689265399707,1290.9561952644242,1249.6203529256231,1297.689420354293,1290.3456376850147,1305.468170981672,1282.1728219461365,1306.095145266332,1173.5391348443063,1217.0995827732202,1197.7815200124787,1249.0385666666666,1292.0727065726728,1284.3886697411551,1255.2238137909544,1255.2238137909544,1313.6409,1313.6409,1249.0385666666666,1249.0385666666666,1271.5025615483664,1271.5025615483664,1253.6982,1313.6409,1303.0
T000128,1990-04-30,7110.3545,7733.8677,6878.097,6759.58,6354.1865,6749.0,6936.352319011001,6936.352319011001,6960.316625590004,7011.570297547916,6883.593828852721,7009.12151070259,7036.222159143529,7036.366191418437,7008.702551986494,7046.512908765602,6636.041829303564,7039.353071157461,6620.439851087491,6916.0104999999985,7049.705781580007,6938.406051387456,6934.5199026579985,6934.5199026579985,7110.3545,7110.3545,6916.0104999999985,6916.0104999999985,6937.246659888732,6937.246659888732,6878.097,6878.097,7244.0
T000128,1990-07-31,7157.304,7037.783,6885.9707,6752.0703,6614.19,6817.0,6955.233150961329,6955.233150961329,6983.098734461189,7041.900003835432,6958.444041953268,7039.412014175728,7071.137058056482,7071.027270905793,7039.099999382577,7082.911904076405,6703.372196768938,6826.162042400536,6750.139978490022,6931.781666666666,7091.6586641142,6966.155463351051,6953.097960638475,6953.097960638475,7157.304,7157.304,6931.781666666666,6931.781666666666,6956.164689445022,6956.164689445022,6885.9707,6885.9707,7413.0
T000129,1990-04-30,191.34586,145.3257,176.49036,205.4336,203.73814,200.0,190.65667847299778,190.65667847299778,190.37050805242242,194.49424300874006,197.01996212067525,195.47880524128558,190.1127260164876,190.84721988178256,189.2546795133,190.16368360830367,195.52511899283172,175.51615727459802,190.57329153804622,190.52478666666667,193.54120732789448,188.97366245459477,189.7708894673426,189.7708894673426,191.34586,191.34586,191.08994,191.08994,189.6840395436797,189.6840395436797,176.49036,176.49036,204.6
T000129,1990-07-31,193.89787,162.78305,176.89658,202.56973,213.09518,201.7,190.51220372975112,190.51220372975112,191.02291202516506,196.4876041264614,199.59996991666947,198.54738394212666,191.77089620729197,193.15015094934682,190.6048742575993,192.18392379159573,203.65679749526328,188.02465696324217,195.2228290384991,194.6298766666667,195.40396074461395,192.2348902715033,190.13388286789584,190.13388286789584,193.89787,193.89787,191.12139333333332,191.12139333333332,189.74588286867495,189.74588286867495,176.89658,176.89658,208.0
T000130,1990-04-30,167.08101,201.64693,156.04372,141.10278,124.531296,140.6,153.53128737479807,153.53128737479807,157.75364109987538,169.1152208097236,152.85608174801814,168.41296395137104,162.66390607867413,166.97701833695962,161.12619595986868,166.88861369704387,139.08445292946834,165.9896555858495,140.31193747728238,174.92388666666665,162.76928791669056,159.13558278566856,156.63837924404635,156.63837924404635,167.08101,167.08101,154.74250333333333,154.74250333333333,158.8845949194584,158.8845949194584,156.04372,167.08101,164.4
T000130,1990-07-31,169.36607,167.06824,156.33458,140.5344,133.1244,147.2,154.02874989606042,154.02874989606042,158.7878335198656,164.5324315233579,155.6758467911538,167.76198578068906,164.32766657862413,168.83834339071274,162.55758038782724,168.5580894402245,139.55307002012296,151.38565569990155,144.6037848907204,164.25629666666666,164.72761496517433,160.36907734781917,157.49726891070654,157.49726891070654,169.36607,169.36607,155.41168333333331,155.41168333333331,159.98607635134616,159.98607635134616,156.33458,169.36607,169.5
T000131,1990-04-30,13817.705,14626.538,13557.089,13233.223,12826.816,13223.0,13544.515375267743,13544.515375267743,13604.291637711958,13694.925470379709,13491.2493533001,13696.323669077132,13716.185397998419,13758.496458670736,13680.590932410018,13762.083982542425,13170.335621169066,13649.462489293714,13193.189163030476,14000.444,13720.247022143383,13580.329094707515,13558.662229429512,13558.662229429512,13817.705,13817.705,13536.005666666668,13536.005666666668,13602.0164736242,13602.0164736242,13557.089,13817.705,13752.0
T000131,1990-07-31,13874.752,13781.395,13563.759,13221.384,13087.119,13353.0,13562.024234685408,13562.024234685408,13630.494139826165,13728.239221601118,13570.938786881099,13732.583393203966,13757.844375121611,13810.381164282282,13716.458645639155,13809.233622367792,13215.196963518254,13401.329113984793,13322.321010839794,13739.968666666668,13770.08790401374,13591.645834053701,13578.272111411034,13578.272111411034,13874.752,13874.752,13553.298333333332,13553.298333333332,13626.457251280248,13626.457251280248,13563.759,13874.752,13888.0
T000132,1980-04-30,38585.348,41645.484,37486.96,36939.125,35629.492,36888.0,37695.507553006435,37695.507553006435,37878.778373712965,38510.30998442668,37634.3655413785,38136.00477069061,38235.978156030294,38326.12988013542,38106.14546723163,38257.53405604642,36768.14523683681,38478.61667506016,36569.639569296356,37670.477666666666,38308.64648363945,37416.919942578956,37723.553812691025,37723.553812691025,38585.348,38585.348,37670.477666666666,37670.477666666666,37820.961271714696,37820.961271714696,37486.96,38585.348,38596.0
T000132,1980-07-31,38738.957,38381.03,37528.688,36896.19,35981.45,37444.0,37749.98316350566,37749.98316350566,37953.60421133159,38171.94523549838,37779.70801015537,38241.79011350618,38351.22821922328,38452.57099152601,38207.45799643497,38376.66163831626,36513.01946378164,37166.5419459561,36759.29766511246,37721.278333333335,38436.592082324256,37441.27319234693,37781.060331118235,37781.060331118235,38738.957,38738.957,37721.278333333335,37721.278333333335,37890.806234531046,37890.806234531046,37528.688,38738.957,39804.0
T000133,1980-04-30,22800.34,23272.045,22478.27,22534.248,22164.387,22460.0,22603.33148374079,22603.33148374079,22644.290134367675,22605.63287672167,22616.418688695325,22647.885076448416,22718.705542702704,22706.327705152682,22685.98634727266,22692.669156719043,22399.428222999304,22666.67768571506,22327.708594113654,22604.286,22753.499181746607,22534.458380715172,22605.025092136933,22605.025092136933,22800.34,22478.27,22604.286,22604.286,22593.074674758318,22593.074674758318,22478.27,22534.248,22732.0
T000133,1980-07-31,22869.848,22376.674,22492.914,22502.547,22228.846,22616.0,22623.06090076584,22623.06090076584,22674.02493636626,22635.698397524495,22661.20037143706,22681.834218202574,22768.939369133026,22755.37773111334,22729.266255870236,22737.84281233887,22304.467396672546,22328.545746691598,22365.12502590321,22621.769666666667,22808.358500861093,22549.301894413587,22623.639432313947,22623.639432313947,22869.848,22492.914,22621.769666666667,22621.769666666667,22606.649901178476,22606.649901178476,22492.914,22502.547,22852.0
T000134,1993-04-30,591.82587,-1087.7208,182.57524,1643.5709,946.31177,3315.0,738.5415056001766,738.5415056001766,721.6066969623872,1009.9109366511152,906.4532565095727,813.0365354086603,621.604291238446,609.8794498778205,614.3583520043398,616.1726029976555,786.2129061176599,104.60156895018167,596.7793612307554,805.9906699999999,748.0913009021021,368.3276949392802,645.1117517250316,645.1117517250316,591.82587,591.82587,805.9906699999999,805.9906699999999,1119.6270051747508,506.89642479668623,182.57524,1643.5709,289.0
T000134,1993-07-31,629.58276,-827.4081,179.28278,1359.7866,1934.9414,1260.0,662.8608479217147,662.8608479217147,671.5813090452757,1217.534949104192,1050.3054263131262,733.5503570043675,621.3270917194702,597.9743583405209,602.806499575044,589.2414076303627,1417.2740491680552,734.8907781086447,1066.1816766729194,722.8840466666666,752.2404528668307,775.5178050626959,600.8789018546995,600.8789018546995,629.58276,629.58276,722.8840466666666,722.8840466666666,983.3843993559916,482.76622249189177,179.28278,1359.7866,126.0
T000135,1980-04-30,528.79095,646.01324,475.68933,406.27585,387.28293,402.0,484.3543309746895,484.3543309746895,484.49875304976126,543.0192484208436,473.00283925852796,539.9114121085819,507.7769506772295,515.8444899428257,500.4398432218467,509.4733543482984,428.8893244912809,506.9492237114101,430.7307085424462,550.1645066666666,509.2477507071812,483.4240924641741,476.6251150925359,476.6251150925359,528.79095,528.79095,470.2520433333333,470.2520433333333,484.18342774025814,484.18342774025814,475.68933,528.79095,492.0
T000135,1980-07-31,535.70703,541.99536,478.8989,403.17236,363.02554,455.0,487.81327222065005,487.81327222065005,487.97671402079317,510.8177979555903,471.6133208588975,529.6968872231217,513.0852330164965,521.7860602669346,505.1997337768002,514.9458776054406,397.13340239569925,449.3059034103451,420.42915007888536,518.8670966666666,514.3034108693571,486.57070833337076,479.50719241551195,479.50719241551195,535.70703,535.70703,472.5927633333333,472.5927633333333,487.70524756033114,487.70524756033114,478.8989,535.70703,546.0
T000136,1980-04-30,145.96239,154.80518,142.54286,138.55031,133.34329,132.5,141.2535985453153,141.2535985453153,143.22283899214068,142.6311403279143,141.81230107293337,143.21262141103108,144.65503208806857,143.13695101963052,144.19434381335074,143.38697416197942,137.51092610691336,142.43501410339655,137.96127068639368,142.11433715019962,144.72577006691876,143.00013262583374,142.53018433554072,142.53018433554072,145.96239,145.96239,142.35185333333334,142.35185333333334,143.29498332790033,143.29498332790033,142.54286,145.96239,140.5
T000136,1980-07-31,146.85316,148.04698,142.71338,138.39197,133.3726,139.2,141.4124794125483,141.4124794125483,143.6574571110969,142.96793103974616,142.29224582605278,143.56493140597266,145.31962622789496,143.4604648261384,144.77455252778807,143.75893806749227,136.51000747427986,139.80313966918033,138.0534471222635,142.28687922056932,145.45387417632722,143.36557304911366,142.85325407424557,142.85325407424557,146.85316,146.85316,142.65283666666664,142.65283666666664,143.73257598909322,143.73257598909322,142.71338,146.85316,141.8
T000137,1990-04-30,90.4617,58.202454,82.11481,90.69679,110.02007,97.88,87.52830294288626,87.52830294288626,88.10074803418044,87.61529302597516,94.25194445148193,92.33530024377151,89.03105593171502,89.7964337366763,88.35923565041067,89.45560466179872,98.62594539908244,86.08518078118728,95.90650944901003,109.19273494027071,90.75713591360471,91.28304736415294,87.55224494572306,87.55224494572306,90.4617,90.4617,87.75776666666667,87.75776666666667,86.15365443029262,77.81203787682688,82.11481,82.11481,90.17
T000137,1990-07-31,91.46289,71.56366,82.32343,88.28967,109.78083,87.45,87.16561003559764,87.16561003559764,88.06797047005364,87.44156311884542,94.21603841767299,92.76464167590217,89.56685421167283,90.58368411818685,88.74650459247903,90.1826561272453,99.94921985924923,91.5031087277967,95.81952929713582,108.9695065331443,91.2507024133327,91.93924416419637,87.32592630742695,87.32592630742695,91.46289,91.46289,87.35866333333334,87.35866333333334,86.74577857736023,82.21490299091006,82.32343,82.32343,92.21
T000138,1990-04-30,26.154278,15.612305,24.256018,29.276356,30.378242,34.07,26.49639664872879,26.49639664872879,26.341680247671004,26.67822059832421,27.693935317932855,26.729302664295037,26.123690061572418,25.48197367513922,26.046699277563036,25.535030605945206,28.00019329250634,24.077789137278252,27.375837850947995,30.377915080811974,26.660564824068516,25.846413865293325,26.248367914281644,26.248367914281644,26.154278,26.154278,26.562217333333333,26.562217333333333,26.34703084120401,26.70907959150683,24.256018,24.256018,24.84
T000138,1990-07-31,26.49319,18.100697,24.214739,28.17119,34.910805,27.75,26.327919949516417,26.327919949516417,26.22965775793372,28.137616288711506,28.494661768115016,28.078626446698813,26.257691217521195,25.374080521675143,26.114166284210267,25.495678805853984,31.12154484758831,27.141263253973122,29.521073498327443,34.91014179334302,26.8475132066602,26.61256024184591,26.085914589495427,26.085914589495427,26.49319,26.49319,26.293039666666665,26.293039666666665,26.11996387841483,28.162785103996917,24.214739,24.214739,24.62
T000139,1995-04-30,42.940937,13.871132,36.15883,41.018574,59.016426,43.9,40.351174681506905,40.351174681506905,40.52373595106959,33.1232164357216,45.559525453115754,35.5043465670783,41.575483035585044,40.91003038811081,40.97740725973733,41.3198947977982,48.86011078774187,38.10823847775606,47.39078749099219,40.039446999999996,42.878970367211515,44.00779349744619,39.88322635454099,39.88322635454099,42.940937,36.15883,40.039446999999996,40.039446999999996,39.64630494652824,39.64630494652824,36.15883,36.15883,39.6
T000139,1995-07-31,44.030018,28.903252,36.22904,39.781048,51.92839,39.3,40.430028963880375,40.430028963880375,40.768666002615774,37.499239039564074,44.54078079129403,38.49949937976113,42.26368075769466,41.1482222349835,41.52542210533002,41.66487589186138,46.16296839305397,41.30001844400719,43.94993618956153,40.013368666666665,43.523499832081264,44.077224122974336,40.01540017297258,40.01540017297258,44.030018,36.22904,40.013368666666665,40.013368666666665,39.799190549095265,39.799190549095265,36.22904,36.22904,41.9
T000140,1991-04-30,113.528076,97.08301,111.06195,114.70481,116.63597,84.0,112.92032998290071,112.92032998290071,113.09188975768643,114.92537314490535,114.39786520645197,115.08487734194756,113.21175065993496,115.15444728449086,113.04060829622065,115.08457779566575,113.39385730796344,111.66660171674377,113.87460538967625,113.09827866666666,113.73917164504299,114.63394060032049,113.18723081869643,113.18723081869643,113.528076,114.70481,113.09827866666666,113.09827866666666,113.11072118776028,113.11072118776028,111.06195,114.70481,77.0
T000140,1991-07-31,116.52105,115.516045,110.96366,112.732315,113.32114,109.0,113.33257631239289,113.33257631239289,114.01785837663905,113.74354604471934,115.02043615039969,113.33990292121483,115.18954052344777,113.39663879231983,114.64479137754563,113.40194632840813,113.52616878292017,113.68665262724872,112.16007669574208,113.405675,115.9324133820439,113.94099348779987,113.32007409503774,113.32007409503774,116.52105,112.732315,113.405675,113.405675,113.21347288975629,113.21347288975629,110.96366,112.732315,104.0
T000141,1991-04-30,116.21483,104.01222,114.530975,117.53703,116.62957,109.0,115.40381773780896,115.40381773780896,116.03944963436012,117.19570691425899,116.6044621966071,117.38804980343949,116.04867461601232,117.50100050700988,115.9446325392926,117.49401042729687,114.96228319562454,113.11965901711716,115.6389063827942,115.94254225447847,116.41086563281972,117.2028981713507,116.1548866241417,116.1548866241417,116.21483,117.53703,116.09427833333334,116.09427833333334,116.04356955111298,116.19107397308522,114.530975,114.530975,91.0
T000141,1991-07-31,117.662834,114.24571,114.481834,115.739334,120.19802,119.0,116.12404449659623,116.12404449659623,116.2878933618986,116.6793573741866,117.69537250256435,116.14639628577389,116.92423789155875,115.74346626225275,116.61848334129087,115.75655908126004,118.44750845850075,117.56805632615432,117.2919655217058,117.80216246821617,117.41962045535473,116.49571236713011,115.96468249213393,115.96468249213393,117.662834,115.739334,115.961334,115.961334,115.84747144233133,116.79021859341321,114.481834,114.481834,111.0
T000142,1991-04-30,101.07273,95.582146,100.02437,102.51402,101.511246,102.0,101.04139315205828,101.04139315205828,101.10943758017032,100.86358640587602,101.49486294488744,100.90639845669281,101.02865660817962,100.63048452213737,100.97914758350831,100.94237707240633,100.84144911667039,99.30854508104417,100.82013292515902,101.1338889906608,101.2862408733795,101.12847133698358,101.15060188531145,101.15060188531145,101.07273,100.02437,101.20370666666666,101.20370666666666,100.8832260019731,100.68783463146497,100.02437,100.02437,98.0
T000142,1991-07-31,101.34387,98.46135,100.01918,102.10845,104.81242,102.0,101.0259811935421,101.0259811935421,101.1408449612147,100.89263956284661,102.18576686111906,100.90361035280229,101.18668171809765,100.6608112296276,101.09802446403734,100.98530897689497,103.34969040359483,101.86017425745146,102.40659031311912,101.01174452368714,101.50040999552643,101.10842229387353,101.11466841309246,101.11466841309246,101.34387,100.01918,101.15716666666665,101.15716666666665,100.87591458794748,101.54583699630652,100.01918,100.01918,100.0
T000143,1991-04-30,109.41651,92.84956,105.08404,117.36181,115.20795,119.0,109.79552998442503,109.79552998442503,110.03770335810438,106.95036059157752,112.38791584640221,107.95102276019607,109.42543491893403,107.50258302236975,109.26996184779382,107.97087299149858,112.36112419648055,106.09537780681464,110.36221558480659,112.80409268701158,110.63864016594037,105.59693260349613,110.03924394721957,110.03924394721957,109.41651,105.08404,110.62078666666666,110.62078666666666,110.48766786438705,110.48766786438705,105.08404,105.08404,108.0
T000143,1991-07-31,109.92802,99.95433,105.18434,115.87223,121.98724,115.0,109.61210113472617,109.61210113472617,109.95781854168254,107.2277996578521,113.62655865501418,108.04086811539906,109.67312699246209,107.71662039051746,109.43484323537778,108.16941284195265,117.5569382383555,111.81037130740924,113.65430275897805,111.92068568299429,110.9456766070586,105.76681647846424,109.84665598382352,109.84665598382352,109.92802,105.18434,110.32819666666667,110.32819666666667,110.195015525506,110.195015525506,105.18434,105.18434,111.0
T000144,1991-04-30,97.89192,66.08669,97.24779,112.157646,112.73851,110.0,100.35177195474833,100.35177195474833,101.07280531380987,103.7050858912074,104.07650814869332,104.28982734157714,99.15013948230626,101.80722646932882,99.45021344838443,101.45946554895114,105.79739110931608,97.47083071564401,105.2078328203002,109.5499441888058,100.14573278239907,100.81783336666213,102.15655732267236,102.15655732267236,97.89192,97.89192,102.432452,102.432452,101.39226632917375,103.20982590409116,97.24779,112.73851,86.0
T000144,1991-07-31,99.03276,84.887665,96.85466,109.677826,119.998276,109.0,100.0141728122483,100.0141728122483,100.91491644527107,103.33050754294192,105.53580753594527,104.80148506272856,99.67610873569984,101.71137976768642,99.762219065433,101.30333934400251,112.82476249637011,106.96168586342492,108.46396471500202,115.23762323824162,100.84677742607352,100.51522344720388,101.66690943665637,101.66690943665637,99.03276,99.03276,101.855082,101.855082,100.96930239349933,106.1127357412542,96.85466,119.998276,89.0
T000145,1990-04-30,309.37302,304.4196,304.17737,304.35785,312.24606,304.9,306.8057656230877,306.8057656230877,306.6850583066177,306.5570564935907,308.7442079196207,307.15564777246357,307.9866796005494,307.98800829900324,307.4410044503018,307.91888931477814,309.5448028840992,307.8648951814705,308.0962346358185,304.22349792261025,308.6889086053272,306.8315393810421,306.0355725367798,306.0355725367798,309.37302,304.17737,305.9694133333333,305.9694133333333,305.9499686143354,307.69281063813224,304.17737,304.17737,306.8
T000145,1990-07-31,309.66663,303.287,304.50833,304.07388,306.50784,299.8,306.937863481561,306.937863481561,306.85314597661693,306.8709096271668,307.75031746419603,307.40650565809267,308.23131007214727,308.25421040730765,307.6744007639342,308.1789852369052,305.5564171866519,304.82137546708157,305.4651093078803,304.4967835006831,308.81863927922217,307.0490724483122,306.1700127952431,306.1700127952431,309.66663,304.50833,306.08294666666666,306.08294666666666,306.1338564958277,306.6661134447957,304.50833,304.50833,309.5
T000146,1980-04-30,145.95978,154.79077,142.54286,138.55031,133.3684,132.5,141.25303585579096,141.25303585579096,143.22160067229228,142.630471374112,141.8155975262085,143.2100959378741,144.65312721596518,143.13595229465167,144.1927152969001,143.38419629633026,137.5253000080287,142.4424686078961,137.9734494781009,142.133078155289,144.72390680625207,142.99735363034029,142.52914055836584,142.52914055836584,145.95978,145.95978,142.35098333333332,142.35098333333332,143.2881631548006,143.2881631548006,142.54286,145.95978,140.5
T000146,1980-07-31,146.8479,148.02843,142.71338,138.39197,133.39555,139.2,141.41134540990535,141.41134540990535,143.65496149331818,142.96632427975737,142.29360802822526,143.56115031326578,145.31578729024602,143.4585515011916,144.7712705367803,143.75491160235327,136.52235772087823,139.80750261909634,138.06457827597438,142.30901557015537,145.44974925363442,143.36076560265803,142.85125389351822,142.85125389351822,146.8479,146.8479,142.65108333333333,142.65108333333333,143.7237323491143,143.7237323491143,142.71338,146.8479,141.8
T000147,1980-04-30,138.93224,149.44365,134.78026,131.6823,124.79599,131.5,134.87435618303,134.87435618303,136.01891546546605,138.2684870143495,134.53048955992963,136.8524217017973,137.5129347869166,137.46575335692788,136.99678878635933,137.69842209208792,129.76105221776635,135.77636530967698,129.84488360955777,137.88177133156955,137.69868972529036,136.6623891478483,135.3112110178315,135.3112110178315,138.93224,138.93224,135.1316,135.1316,136.10228615010934,136.10228615010934,134.78026,138.93224,137.6
T000147,1980-07-31,139.72238,138.9072,134.93571,131.50856,129.12091,134.0,135.09324279695406,135.09324279695406,136.39779157203253,137.85565946725947,135.76936197541934,137.33788027162504,138.09998245409588,138.03685109663752,137.50850226008595,138.30673193004537,131.02391695839316,133.43256149441333,132.01273578572852,138.51143218183267,138.39723662153423,137.042707972041,135.59105641108306,135.59105641108306,139.72238,139.72238,135.38888333333333,135.38888333333333,136.4835985930847,136.4835985930847,134.93571,139.72238,137.6
T000148,1980-04-30,138.42227,146.39275,135.98781,132.03783,128.60791,131.9,135.318110742112,135.318110742112,136.21046897498377,135.91131927564567,135.0490724757859,136.8118503293501,137.38513175797172,137.5120681767798,137.0297975241815,137.52468254887967,131.88693739227432,136.25617912693494,132.29006824831743,137.75206511900276,137.3712115019026,136.69538230239544,135.6715018816226,135.6715018816226,138.42227,138.42227,135.48263666666665,135.48263666666665,136.45804124431947,136.45804124431947,135.98781,138.42227,138.5
T000148,1980-07-31,139.05566,139.0271,136.03294,131.8689,131.02669,135.5,135.4529706285519,135.4529706285519,136.48417220754433,136.1283674942352,135.83504648011382,137.13036997373914,137.83903252041785,137.96098525901388,137.4161239947071,137.98493527940494,132.36351911002464,134.37029190269647,133.48004598394095,138.23348660472524,137.91288860246857,137.00283196884843,135.86042365188777,135.86042365188777,139.05566,139.05566,135.65249999999997,135.65249999999997,136.73419874023463,136.73419874023463,136.03294,139.05566,136.8
T000149,1980-04-30,154.75386,161.66995,151.71388,147.02036,146.52571,145.6,150.8352604244145,150.8352604244145,152.04831980396523,151.62276158692092,151.3668441599052,152.72522574973144,153.4817076626337,152.93909407684438,153.04389332022237,153.32529853538998,148.83933326070778,153.01300592880705,149.05688581185376,151.53148576587859,153.5296561350899,152.70235667346822,151.42538386577422,151.42538386577422,154.75386,154.75386,151.1627,151.1627,151.22176311454274,151.22176311454274,151.71388,151.71388,152.9
T000149,1980-07-31,155.2155,155.74567,151.90947,146.85039,143.78737,149.0,150.97019295666547,150.97019295666547,152.28384892716042,151.8224146180324,151.06909498325865,153.01393016873027,153.83635486574522,153.24502315096356,153.36134083666786,153.6647117699037,146.14142849146845,149.23830579205827,147.81851421246878,151.72338481039637,153.8575048547644,152.80378977504958,151.60895412284532,151.60895412284532,155.2155,155.2155,151.32512,151.32512,151.3886411358065,151.3886411358065,151.90947,151.90947,151.6
T000150,1980-04-30,130.86702,139.21086,128.76549,125.66809,119.734375,125.5,127.75258806385861,127.75258806385861,129.0314374467742,129.06108198779492,127.52040756202189,129.4945792977917,130.0017262416592,130.20661502548654,129.70270267404908,130.12368384888572,123.75483436209376,128.1683340421143,124.29242733169923,130.42049312970354,129.96912738960935,128.80778149382274,128.55968702385076,128.55968702385076,130.86702,128.76549,128.43353333333334,128.43353333333334,129.4332593250396,131.3632400344627,128.76549,130.86702,131.9
T000150,1980-07-31,131.62372,131.24265,128.74092,125.48167,124.126434,129.2,127.83168668968247,127.83168668968247,129.33933861225972,129.3438237170029,128.74992157174424,129.85050217026068,130.53180795162586,130.77128577624046,130.14606313681116,130.65909696151783,125.43507806224362,127.0908917178157,126.40515028329784,131.01247172384527,130.6385702813765,129.04453136270683,128.75779167415755,128.75779167415755,131.62372,128.74092,128.61543666666665,128.61543666666665,129.76802145714942,130.45575091154225,128.74092,131.62372,130.1
T000151,1980-04-30,145.48247,157.00433,140.6559,135.8442,130.76556,133.1,139.33250071904013,139.33250071904013,141.8100952166756,141.02543993041098,140.40909294534754,142.06470224583444,143.71629309383675,141.63815009251957,143.08638947107147,142.73599674495742,135.60687066496052,141.79253186733254,135.71472940428822,142.48939835200295,143.89706803424312,141.43301556776893,140.93951245323768,140.93951245323768,145.48247,145.48247,140.66085666666666,140.66085666666666,142.1828930566362,145.48028250664174,140.6559,145.48247,141.1
T000151,1980-07-31,146.3229,146.01085,140.90163,135.66405,132.77402,136.3,139.4979926579046,139.4979926579046,142.23745473277577,141.36424059544981,141.23296645338633,142.49779325783422,144.35514657956085,142.01898068751265,143.65175477648265,143.24543378466512,135.2810414641224,138.38443498110283,136.80265304549016,142.974440986191,144.60608411785495,141.83176079168888,141.2697838749391,141.2697838749391,146.3229,146.3229,140.96286,140.96286,142.63919313918018,144.10402888623668,140.90163,146.3229,142.4
T000152,1980-04-30,2.5996835,2.6331925,2.4842021,2.4695501,2.4113178,1.97,2.529896157301279,2.529896157301279,2.5355339461421327,2.5241120456821338,2.533158363740504,2.5030222696520097,2.567077118847066,2.522895042163003,2.5544876489821364,2.5127469501801443,2.455271424243325,2.455790705954115,2.448412887883804,2.4901913289714614,2.578416076347188,2.525808860119413,2.523181264991904,2.523181264991904,2.5996835,2.5996835,2.5178119,2.5178119,2.52046113949804,2.4980156389569186,2.4842021,2.4695501,2.37
T000152,1980-07-31,2.6489592,2.450137,2.489217,2.4410408,2.4239964,2.0,2.545892487118972,2.545892487118972,2.5536352321257536,2.533465044093104,2.5571825738115623,2.5116102483034455,2.601174813166319,2.530495027085598,2.583070804753967,2.5151706036918977,2.4311836910475537,2.4313729417928105,2.4561402706360207,2.50085141190267,2.6159958729083344,2.5438148456445004,2.534263307186792,2.534263307186792,2.6489592,2.6489592,2.5264056666666668,2.5264056666666668,2.5273500949573195,2.5067937829984475,2.489217,2.4410408,2.49
T000153,1980-04-30,6.894001,8.458569,5.732653,5.340894,4.3767385,5.82,6.07823949511506,6.07823949511506,6.191183934180019,6.198780360731647,6.048638478835571,6.056664434959656,6.542614288504764,6.061943666024353,6.409970291969512,6.039483874688207,5.1642184975246925,5.839513118599973,5.063271628537022,5.666936067447881,6.636580274874579,5.892450853958913,5.964835154356736,5.964835154356736,6.894001,5.340894,5.989182666666666,5.989182666666666,6.090157917041212,6.090157917041212,5.732653,6.894001,5.99
T000153,1980-07-31,6.982746,6.582589,5.813394,5.2294383,5.3339286,5.19,6.11260313080568,6.11260313080568,6.230355255149758,6.0133028864357465,6.256226241633966,6.0469132103332495,6.610734488803157,6.056297088339901,6.4724957019618286,6.094024361422537,5.496032903095124,5.716914328638755,5.563346720376785,5.8714197294222235,6.708096675989629,5.938977719564133,5.976918158891262,5.976918158891262,6.982746,5.2294383,6.008526099999999,6.008526099999999,6.111085977954411,6.111085977954411,5.813394,6.982746,5.31
T000154,1991-04-30,123.70229,122.62773,118.79414,122.56885,117.11081,110.0,121.86480715170586,121.86480715170586,122.0138256663984,121.46205697317579,122.17740728166125,120.64357445963938,122.73888332798785,119.30357397788045,122.31242790339235,119.24890985197786,118.99474200729186,119.91469205399164,118.0908038377247,119.89712618154829,123.45084349508583,120.87014299422226,121.5684497501469,121.5684497501469,123.70229,118.79414,121.68842666666666,121.68842666666666,121.4043176821736,119.44338429471412,118.79414,118.79414,95.0
T000154,1991-07-31,124.947624,123.27738,119.145195,121.689545,118.27931,121.0,122.01944774806812,122.01944774806812,122.4987520557435,121.49902341440485,122.90924005666866,120.47699489585764,123.62442705187522,119.55600668637838,123.07289217808624,119.52128184991004,119.68337238738417,120.56972566572918,118.80146652855953,119.94770448876648,124.38905369216587,120.52376634947744,121.78087146456616,121.78087146456616,124.947624,119.145195,121.92745466666666,121.92745466666666,121.55696746538615,119.67141155768823,119.145195,119.145195,113.0
T000155,1991-04-30,122.25437,117.17362,117.86808,122.18528,111.09711,120.5,121.2421539041725,121.2421539041725,120.96822051974715,120.5393684258182,120.1074540642712,117.737795999855,121.48406265254447,117.85443530291319,121.12626315396446,117.91791239256605,114.17351645439588,114.92177725888232,114.71340455585488,117.86808000000002,122.0952030683656,117.98099172969447,120.56121026283321,120.56121026283321,122.25437,117.86808,120.76924333333334,120.76924333333334,120.4672109902991,117.78717749691015,117.86808,122.18528,109.7
T000155,1991-07-31,123.72427,120.96489,118.06868,120.87584,124.42735,130.7,121.20748685351836,121.20748685351836,121.41460414618032,120.60731686552793,123.18977491418954,118.57417833741368,122.46598917372667,118.12350082881606,121.93649357457954,118.12839000422427,123.22012502663767,122.67516368205446,121.2368628437778,118.06868000000001,123.32330008106257,118.91634488409251,120.58755825571163,120.58755825571163,123.72427,118.06868,120.88959666666665,120.88959666666665,120.25799804876675,120.76279589360425,118.06868,120.87584,125.1
T000156,1988-04-30,113.07073,103.980415,106.710106,118.14453,111.44998,123.0,111.57874167017877,111.57874167017877,112.42696303238921,112.80446555080802,113.95245640493835,114.18152443935607,112.4507090493116,113.54076459567433,112.05965732669573,112.66386991186693,111.67751769956806,109.35671397522974,109.35165870524075,112.45184551225734,113.78003587786681,115.91538599784529,112.6063316434026,112.6063316434026,113.07073,113.07073,112.64178866666666,112.64178866666666,112.42676021346719,112.42676021346719,106.710106,113.07073,113.0
T000156,1988-07-31,113.8506,101.05565,106.96085,116.54837,123.64073,116.0,111.53242691999284,111.53242691999284,112.49279830899023,112.61864800539634,116.3536043397301,113.78628896486747,112.9102147557051,113.37355329693385,112.41751845328463,112.6919410611948,118.9368390590331,113.7260353735613,115.33817350791878,111.8345112458833,114.37019675452294,115.65097465658468,112.44618148295922,112.44618148295922,113.8506,113.8506,112.45327333333333,112.45327333333333,112.30471751159352,112.30471751159352,106.96085,113.8506,115.0
T000157,1990-04-30,646.4041,566.0824,577.94147,743.84595,646.683,810.0,651.8563766201187,651.8563766201187,649.5847344072112,650.4974948667393,669.3350130113439,635.5404041995804,643.8447436498319,641.0679334408043,640.6935643449149,635.2029300021624,654.0549514792588,610.3677011529298,616.2536188601855,656.1568066666666,660.4462548616183,614.4846439030848,645.7285553960033,645.7285553960033,646.4041,646.4041,656.06384,656.06384,654.6475936140821,654.6475936140821,577.94147,577.94147,721.0
T000157,1990-07-31,649.947,524.87665,581.4519,725.2791,647.5836,706.0,649.4825284217109,649.4825284217109,647.899324158139,647.5020182484159,667.182329906601,634.0549693677804,645.2581287731672,643.6651107668873,641.558197891959,636.3670767310955,644.9540330852496,592.5530084785219,617.8366937188964,651.4382,660.7684710936626,617.9237180129595,643.7643046509764,643.7643046509764,649.947,649.947,652.226,652.226,650.6835321227511,650.6835321227511,581.4519,581.4519,741.0
T000158,1990-04-30,94.80845,71.40463,87.293304,104.90132,107.5241,112.1,94.70542348529351,94.70542348529351,95.01517584146357,94.72629422152302,99.60637988610614,93.11423169027746,94.46955383719775,91.57716166006047,94.10874645336513,92.43307256350948,101.72138998571288,91.67145775319773,97.63321693638521,102.40358149773749,96.432581957501,92.93739136996568,94.86839776412162,94.86839776412162,94.80845,94.80845,95.66769133333332,95.66769133333332,95.65217896428973,99.22852626654671,87.293304,87.293304,97.0
T000158,1990-07-31,95.3647,77.390076,87.52399,102.33544,107.299034,100.6,94.31199419834599,94.31199419834599,94.74020913459235,94.33466394405875,99.28040064591514,92.98965709402209,94.66921016199798,91.75593259018146,94.20485517865882,92.6025658459493,101.9433602489617,93.91388186959387,97.55905660746369,101.3355103514802,96.52857836834038,93.32803085372873,94.46219169755383,94.46219169755383,95.3647,95.3647,95.07471,95.07471,94.98010687957577,98.33959496165188,87.52399,87.52399,98.2
T000159,1990-04-30,1557.0325,1744.7056,1492.1948,1426.7937,1339.2522,1424.2,1501.0165181322336,1501.0165181322336,1507.5195350638242,1510.09223853,1484.865330306966,1527.3858133327456,1533.2332640706747,1536.57263994052,1524.752607302837,1539.427412176995,1415.8502912920378,1541.65142073876,1416.0552165306933,1597.9776333333332,1535.3565111945552,1515.0653945130944,1500.6462859583653,1500.6462859583653,1557.0325,1557.0325,1492.0069999999998,1492.0069999999998,1504.9759450043468,1504.9759450043468,1492.1948,1557.0325,1550.6
T000159,1990-07-31,1569.1868,1544.2186,1494.3964,1424.127,1386.1622,1439.4,1505.9120197536768,1505.9120197536768,1513.2940729801117,1515.786400472718,1500.1771910732039,1535.4395668671348,1542.2310546669937,1545.743718587311,1532.5763242127884,1549.0825782570387,1416.7793900199044,1465.5114463682723,1439.7952992666146,1535.933933333333,1545.8403632621844,1521.5678874952982,1505.4680029801243,1505.4680029801243,1569.1868,1569.1868,1495.9033999999997,1495.9033999999997,1510.2518082407853,1510.2518082407853,1494.3964,1569.1868,1592.5
T000160,1990-04-30,112.50505,94.37335,107.30085,110.25084,123.39203,116.1,109.74804971464246,109.74804971464246,110.46632563458975,113.9674842151068,114.05488030419768,113.53257733302414,111.38243872110488,110.67844563115652,110.90426575778544,110.35199026422893,116.55353146832103,109.60418649420731,115.1937512722623,114.32091291564691,112.32588500737467,110.28030563911257,110.02839784622248,110.02839784622248,112.50505,112.50505,110.01891333333333,110.01891333333333,109.92665240922044,112.69251661341937,107.30085,107.30085,115.1
T000160,1990-07-31,112.94653,100.80209,107.4212,109.048515,120.87467,103.1,109.6399339219298,109.6399339219298,110.42682475305622,113.33210266489915,113.54537569735069,112.43089584832892,111.61010486465437,110.88019981337169,111.06525921203539,110.53861424457048,115.60465160516335,111.00535378576251,113.99513180665667,113.12163911247119,112.49097194478445,110.19791569894446,109.90530957060245,109.90530957060245,112.94653,112.94653,109.80541499999998,109.80541499999998,109.93186273634498,112.38421477815993,107.4212,107.4212,118.0
T000161,1990-04-30,196.54063,187.56242,194.4593,203.47723,199.51627,206.0,198.2576854424297,198.2576854424297,197.57543435004462,197.12415259397028,198.73747910501703,196.99759779494775,196.844591679325,196.27709563035563,196.84695820101925,196.33257472023823,198.54840107368813,194.76550730598387,197.18224003979387,199.5641205365767,197.57977949997615,196.03945449881576,197.62262353446116,197.62262353446116,196.54063,196.54063,198.1590533333333,198.1590533333333,198.2443378880348,198.2443378880348,194.4593,194.4593,198.6
T000161,1990-07-31,196.85262,189.46866,194.44456,202.32957,205.60712,201.7,197.92954962586373,197.92954962586373,197.44829124057708,197.01177908437887,199.8103538691657,196.88708897008854,196.95948276266085,196.33149696407247,196.89927063718613,196.40282961199728,202.59906285856007,198.19181120264415,200.0948708506851,198.90878089007043,197.75876243869757,196.70998838091356,197.43217972896377,197.43217972896377,196.85262,196.85262,197.8755833333333,197.8755833333333,197.92484425091828,197.92484425091828,194.44456,194.44456,205.7
T000162,1980-04-30,161.28522,177.51146,152.42021,144.40317,133.74405,114.0,151.83203343960815,151.83203343960815,154.7338448155565,144.40317,152.06208865721464,144.59685342458823,158.12009737647594,144.43214855837252,156.98341744447538,144.40771003614867,142.2511142563808,147.16986291799245,143.12171472346543,144.40317,158.48470130803742,141.81333945828658,152.0537982845762,152.0537982845762,161.28522,144.40317,152.70286666666667,152.70286666666667,150.8372647168777,143.55769603001943,152.42021,144.40317,123.0
T000162,1980-07-31,164.58722,174.30417,152.9217,143.88568,133.93896,151.0,152.69102490617865,152.69102490617865,156.32351673664616,143.88568,153.8739798445367,144.06024172412938,160.56761736772557,143.91180081198996,159.1092409138487,143.89338300907363,141.80765513036647,146.34595816094628,143.4439744799779,143.88568,161.19487516533016,141.3119601047864,153.01023032449416,153.01023032449416,164.58722,143.88568,153.7982,153.7982,151.51656514875378,143.5544836823575,152.9217,143.88568,165.0
T000163,1980-04-30,168.97247,185.9921,157.58829,149.61856,138.80838,114.0,157.3510576968418,157.3510576968418,161.10831750357252,149.61856,158.66809156554987,149.75174570397508,165.13130306772888,149.64298121897508,163.72905343859986,149.65323522818366,147.84514911428968,152.87881263482763,148.2408917839609,143.97029130408413,165.78075302406495,148.27343458688415,157.99416328487342,157.99416328487342,168.97247,149.61856,158.72644,158.72644,156.84435165801503,148.35227055957182,157.58829,149.61856,123.0
T000163,1980-07-31,172.70111,185.28824,158.29039,148.95314,138.64862,158.0,158.44120330760387,158.44120330760387,162.92356847365727,148.95314,160.62251743895186,149.10040469264638,167.91091716370607,148.98068885603226,166.15442917702055,149.0125391827439,147.50602558476206,152.47141487846716,148.48399703486132,143.56907629870744,168.8243397566474,147.70659388556945,159.08716595169076,159.08716595169076,172.70111,148.95314,159.98154666666665,159.98154666666665,157.657000803583,148.2845052783632,158.29039,148.95314,178.0
T000164,1988-04-30,109.07246,31.380829,78.13031,63.037823,140.76974,58.0,84.14025570749105,84.14025570749105,89.2483607068674,74.19782039689215,104.31753715983727,75.05935699301554,99.26322297615643,93.89401078584515,95.61417552282485,92.26867811967558,109.42964635979575,89.63740711710193,108.05929180373563,54.75556950000002,102.86416835203897,91.41941464150818,86.64070952151792,86.64070952151792,109.07246,109.07246,83.413531,83.413531,83.58964657678024,83.58964657678024,78.13031,78.13031,88.0
T000164,1988-07-31,112.77818,75.224144,78.88255,61.819195,85.7334,62.0,85.30348999485804,85.30348999485804,90.93667054488805,87.9331400833932,95.64917227115339,86.78279185293462,101.98169766467691,93.14366516757732,97.971244869626,90.8124497848716,79.47830998926626,83.91358156945316,81.69403243168665,77.053347,105.07484364755045,80.76981665625854,88.08385181407046,88.08385181407046,112.77818,112.77818,84.49330833333332,84.49330833333332,84.69978568455504,84.69978568455504,78.88255,78.88255,79.0
T000165,1987-01-31,179.29819,171.36093,178.77876,171.45706,186.24959,171.0,172.32527813351004,172.32527813351004,177.29694925887068,180.96783067975295,178.78473346157864,181.58708346658193,178.45453652636144,180.56534289389177,178.2186899586171,180.0202873766165,181.15299004571455,180.33224587767629,182.18285055895296,171.47952231476853,178.26148570545212,180.58249944406182,177.40581273236015,177.40581273236015,179.29819,179.29819,176.51133666666666,176.51133666666666,179.15654812009268,182.14013485614777,178.77876,179.29819,194.0
T000165,1987-04-30,180.3666,180.43346,178.33649,170.87988,181.12793,184.0,171.93030797805062,171.93030797805062,177.53957956311814,179.98110995706588,178.2846738415637,180.26915075975916,179.10185580850253,180.12872370418475,178.7027210124689,180.01995066789127,179.00479554847027,180.8067530172857,179.46695154069897,170.8955667505984,179.01003217948767,180.497027042023,177.55969900319275,177.55969900319275,180.3666,180.3666,176.52765666666667,176.52765666666667,179.81301511499402,180.36611527658454,178.33649,180.3666,279.0
T000166,1989-04-30,49.010834,26.0337,42.08404,43.406647,53.70961,42.0,45.14404113694586,45.14404113694586,45.68266722456497,46.74152225535612,48.592390608363196,42.51038330804049,47.2665135829807,44.78347033594661,46.56574981564489,44.69933010407046,47.62746221516518,41.957911589620636,47.76227763244057,44.833840333333335,48.26627979290312,49.19187597994028,45.18086593876238,45.18086593876238,49.010834,49.010834,44.833840333333335,44.833840333333335,44.74971348287349,44.74971348287349,42.08404,42.08404,43.0
T000166,1989-07-31,50.146355,38.740757,42.18434,42.826233,41.2359,43.0,45.432570157514036,45.432570157514036,46.11345037696885,43.82473379277512,46.72609377536598,41.61424530494205,48.05696583338593,45.20525572679915,47.229775573716445,45.100581433653886,41.184493305171635,41.66952991513593,41.74356412316145,45.05230933333333,48.972581508863755,48.7587621851688,45.56371095975102,45.56371095975102,50.146355,50.146355,45.05230933333333,45.05230933333333,45.00527067117657,45.00527067117657,42.18434,42.18434,39.0
T000167,1989-04-30,571.54456,779.71814,502.97073,465.78943,332.95148,462.0,526.9734704064228,526.9734704064228,526.729240375645,615.6533294399244,501.15112691580146,593.2638898832604,549.4467493349256,567.0409655056014,541.2675335518989,572.0410166667291,424.53002199860464,582.1702012316296,419.3942720645409,618.07781,553.1175853333584,500.1267250431981,522.5816771566815,522.5816771566815,571.54456,571.54456,513.4349066666666,513.4349066666666,527.5959505585257,588.8330135394892,502.97073,571.54456,530.0
T000167,1989-07-31,585.89795,554.1486,504.72595,463.2189,405.88498,475.0,533.7332367978289,533.7332367978289,533.4406135169637,552.2443157615677,522.7180809785289,567.1926054894252,559.9810366512672,580.6053570298,550.3610369463795,582.1428607236202,438.8899169851641,498.7810662888696,455.5425896412954,548.2574999999999,565.8161792234645,529.2479872718727,528.5026320749275,528.5026320749275,585.89795,585.89795,517.9476,517.9476,534.268742342668,548.8812060871613,504.72595,585.89795,519.0
T000168,1992-04-30,5.870127,5.8100047,5.876549,5.977433,5.859767,5.97,5.899711268982351,5.899711268982351,5.897315297377515,5.911930892139434,5.893342139944842,5.916662863595132,5.881552905949703,5.910124171881224,5.884724745490595,5.958287432954121,5.875695902175798,5.859928298545821,5.87143240551133,5.907739882704341,5.885447999894588,5.917862739396878,5.906217036255722,5.906217036255722,5.870127,5.876549,5.9080363333333334,5.9080363333333334,5.905851619276416,5.905851619276416,5.876549,5.876549,5.79
T000168,1992-07-31,5.876567,5.8174396,5.8740916,5.967499,5.955131,5.96,5.89878086309035,5.89878086309035,5.8973144682011185,5.909855224473523,5.912919568922821,5.914994408231111,5.884870947361261,5.909314255019709,5.886916026390795,5.951119172839946,5.937422373631178,5.904960562327153,5.9161960703167376,5.905814784385932,5.890718238819284,5.916617742514617,5.9043983871863,5.9043983871863,5.876567,5.8740916,5.906052533333333,5.906052533333333,5.903870373013611,5.903870373013611,5.8740916,5.8740916,5.74
T000169,1971-10-31,100.98727,101.496796,100.05042,99.48359,100.15961,99.8,100.2825744734301,100.2825744734301,100.36111265164271,100.21526992140724,100.47617438744845,100.17165359832731,100.67971724043156,100.24073892009196,100.56651956241956,99.97058905402122,100.22192923139531,100.57544104286112,100.08639411283569,100.17230724299307,100.75956634283942,100.97250704601883,100.1674072123805,100.1674072123805,100.98727,100.05042,100.17376,100.17376,100.1037164648475,100.1037164648475,100.05042,99.48359,100.0
T000169,1972-01-31,101.03382,101.030556,100.1106,99.39074,100.43095,99.0,100.31428081182831,100.31428081182831,100.37870380578416,100.23325705959232,100.5329236944251,100.17459811682906,100.71524951918776,100.24255190522065,100.59971515804432,99.93534585540161,100.31349999805227,100.50105487020903,100.244404911195,100.17355530064816,100.7890392768326,101.04121518150356,100.17255361464306,100.17255361464306,101.03382,100.1106,100.17838666666665,100.17838666666665,100.0966890250036,100.0966890250036,100.1106,99.39074,98.4
T000170,1971-10-31,135.25046,147.4592,130.74287,125.66303,118.10212,125.5,129.67992601111314,129.67992601111314,131.68243122387355,131.40790156139528,129.724690661318,132.50313324178126,133.54470247112135,132.68164816357168,132.9419504172832,132.32605866800924,123.88937986093318,131.38450741705884,124.45966740577441,133.27029476920399,133.63986547784063,134.83500601976525,130.71815065365712,130.71815065365712,135.25046,135.25046,130.55212,130.55212,131.77083730512132,131.77083730512132,130.74287,135.25046,133.2
T000170,1972-01-31,135.96497,135.36108,130.91339,125.47513,121.400826,126.2,129.82999334156483,129.82999334156483,132.02644491549523,131.71681197638134,130.72083274528234,132.92862867108113,134.07781617546146,133.1150330585982,133.40861156455395,132.7097466395878,124.24731363763594,127.7762291192372,126.13667265319782,133.76388364889067,134.2589255770003,135.42751446891353,130.96515267547005,130.96515267547005,135.96497,135.96497,130.78449666666666,130.78449666666666,132.11469573743275,132.11469573743275,130.91339,135.96497,132.7
T000171,1971-10-31,115.33703,119.85449,113.87941,111.763054,109.572334,111.7,113.72941227250548,113.72941227250548,114.07142418752277,114.02440178043214,113.39704228664877,113.85386771649107,114.73993655579973,114.54606499479789,114.53332435987157,114.53596208698593,111.5090547161597,114.16843713644633,111.72698615187116,114.55007957751863,114.74503314352295,115.12993505658243,113.68839534086997,113.68839534086997,115.33703,113.87941,113.65983133333332,113.65983133333332,114.03978067250969,114.03978067250969,113.87941,115.33703,114.8
T000171,1972-01-31,115.67952,115.15051,113.91452,111.682495,111.133995,112.7,113.85373698818239,113.85373698818239,114.22506809516295,114.15091185040875,113.87303204519601,113.97657033041745,114.98827240274852,114.77449571632786,114.74625672076847,114.75952178180874,111.8299259114983,112.88651018215793,112.49903423970045,114.74719629249725,115.04287932229236,115.608570377825,113.78925148610338,113.78925148610338,115.67952,113.91452,113.75884499999998,113.75884499999998,114.17951693505302,114.17951693505302,113.91452,115.67952,115.9
T000172,1971-10-31,134.47426,146.19705,130.67564,127.67866,119.91511,128.8,130.37918572734793,130.37918572734793,131.77047897818505,131.60614929571153,130.0984197474923,132.3838300024117,133.1601200533965,132.9677715335452,132.68388323580376,132.77697091124534,125.29235850989114,132.15787754943133,125.36678970179885,130.5830798749677,133.30051067344465,134.2242729606331,131.0726963380844,131.0726963380844,134.47426,134.47426,130.94285333333332,130.94285333333332,131.58674405898444,131.58674405898444,130.67564,134.47426,133.2
T000172,1972-01-31,135.2297,133.2672,130.76591,127.518425,124.58259,127.5,130.52855711760543,130.52855711760543,132.11720963446555,131.91912039047082,131.38595495947547,132.81283956586273,133.7117916015528,133.48456737409504,133.15893680106947,133.25368470668772,126.43252269242099,128.6740222642457,127.66958073220036,130.75788697846784,133.97634779146836,135.30501021701912,131.31706933534582,131.31706933534582,135.2297,135.2297,131.17134499999997,131.17134499999997,131.89458801553334,131.89458801553334,130.76591,135.2297,134.9
T000173,1989-10-31,743.2186,990.9587,648.576,440.6172,452.5349,435.0,635.1868843717323,635.1868843717323,644.3916072816747,775.9573903044019,616.6613739184842,717.3805924944317,697.6730676176815,716.303267655743,682.5153612335821,711.3313503430999,528.971333363601,716.6100664915963,547.2611703229829,867.6705200144672,695.7353873446972,680.8793660244451,646.6467694731089,646.6467694731089,743.2186,743.2186,610.8039333333334,610.8039333333334,672.4839835420369,810.5468193910745,648.576,990.9587,807.0
T000173,1990-01-31,758.8241,753.82916,653.4405,432.48062,401.16214,482.0,641.317786270943,641.317786270943,651.2833484808693,729.0936201748812,613.9018509913784,727.6659630116804,709.1278534473728,727.0490582074162,692.5117240919478,721.3916755790083,458.94556769769224,593.2987390932767,524.4600349607118,756.3148983271298,707.0246283585283,680.0258527027944,653.4085308799927,653.4085308799927,758.8241,758.8241,614.9150733333333,614.9150733333333,681.3242244501135,729.4105466205486,653.4405,753.82916,905.0
T000174,1989-07-31,403.8479,585.31775,362.71683,234.4616,163.34857,266.0,347.93592544079576,347.93592544079576,351.9574624814849,248.52345624643712,318.150939539495,350.8284269371239,380.41557548613423,360.77130097088104,372.8925466445932,380.838482796672,239.12275535921532,351.9547819255971,262.1765721820656,333.67544333333336,376.2281037864024,350.02003061144694,354.2117565437114,354.2117565437114,403.8479,403.8479,333.6754433333333,333.6754433333333,372.58857452543464,457.43819129544374,362.71683,585.31775,352.0
T000174,1989-10-31,415.03888,402.18884,362.37283,229.66866,199.69228,231.0,351.5552914614398,351.5552914614398,356.0361044861276,259.8816931796909,330.3925738771434,364.43761932276874,388.06285478065064,363.27054901033097,379.20857336126005,391.19428968172537,235.23659530559794,289.8183471692833,279.493445223094,335.6934566666667,385.45266759656676,349.60421610649007,357.820289718994,357.820289718994,415.03888,415.03888,335.6934566666667,335.6934566666667,377.42545870125105,394.23628351241024,362.37283,402.18884,368.0
T000175,1975-04-30,40.131424,53.2285,36.530975,37.587967,25.043657,38.0,38.28056089172006,38.28056089172006,38.488713760109846,43.491811032891505,36.65296331962903,42.01936653781354,39.260247104325714,38.61844726198353,38.90512728070096,38.80119459102707,31.642401021978497,39.14312208573981,30.991096271013824,43.29696633333333,39.56321040688651,39.443743570630986,38.14545101588812,38.14545101588812,40.131424,36.530975,38.08345533333333,38.08345533333333,38.23287337814029,41.2064292522584,36.530975,36.530975,34.0
T000175,1975-07-31,41.337093,37.285515,36.48183,37.225735,35.356194,38.0,38.62210837711472,38.62210837711472,38.96101501218049,38.48539450268983,39.22964919066334,39.24100598900843,40.09683547878394,38.264440766961634,39.6011183767639,38.364799216250276,36.00729311605769,37.22631647722654,35.95816771716296,38.368145999999996,40.66478422162355,39.684461259220406,38.498303780287365,38.498303780287365,41.337093,36.48183,38.34821933333333,38.34821933333333,38.70348476358769,38.57195498394416,36.48183,36.48183,32.0
T000176,1990-04-30,108.61821,31.169952,75.75637,63.05677,135.21973,61.0,82.94399141464689,82.94399141464689,88.35005210670262,70.6610752918879,103.00125155787553,71.77797871747313,98.52020258408436,88.59333089552253,94.7269966634411,88.52461818498415,105.75943217946707,87.87576655472606,104.21660440782603,53.46316100000001,102.4099428879297,104.34563896612727,84.76086229198094,84.76086229198094,108.61821,75.75637,82.47711666666666,82.47711666666666,82.52947550173732,82.52947550173732,75.75637,75.75637,91.0
T000176,1990-07-31,112.27614,72.13427,76.659065,61.917377,82.25444,62.0,84.10340950523542,84.10340950523542,90.07794802768717,85.13703586136144,94.71955344941766,83.90438143060419,101.2376045334802,86.82239131653891,97.10222497488814,86.64034106474719,76.76190573123316,82.44450259352215,78.9311883013956,74.39666749999998,104.61946524419169,96.74932275556868,86.17483983778037,86.17483983778037,112.27614,76.659065,83.61752733333333,83.61752733333333,83.70293770905425,83.70293770905425,76.659065,76.659065,92.0
T000177,1989-10-31,489.0852,697.9227,445.0885,366.50925,252.42265,364.0,446.56843795717043,446.56843795717043,447.41453504403154,547.0372059182129,415.1112030092413,489.2437691258746,469.65055827622615,502.38713103194436,463.05111415169034,502.6574827090711,340.1169900163261,496.76292427637503,349.28756064416723,544.0321333333333,468.2606718669757,430.32428488441457,450.93917612433813,450.93917612433813,489.0852,489.0852,433.5609833333333,433.5609833333333,464.49179105660613,529.6293665688779,445.0885,489.0852,394.0
T000177,1990-01-31,502.85413,495.0111,444.15482,363.51175,317.09372,395.0,452.07209323675596,452.07209323675596,452.96938277227605,486.6619773823061,434.66441596526556,480.94420296926796,479.2491226873461,492.7818344892567,471.0419395510558,494.3863841239565,352.2846276143273,428.28201293526234,380.11149644886063,480.67334999999997,480.294812917381,463.2124475335761,456.1383598669511,456.1383598669511,502.85413,502.85413,436.84023333333334,436.84023333333334,471.3804863587158,482.21326622800365,444.15482,502.85413,378.0
T000178,1980-04-30,20.270487,20.858404,20.014666,19.905815,19.569012,19.9,20.097294435086827,20.097294435086827,20.110346993615984,20.07086176594657,20.050908124785227,20.113299945705542,20.19091716660589,20.148716173150344,20.161141328414306,20.179467322447035,19.824125307729012,20.100466986404825,19.795254270121795,20.079373308347655,20.208567516304335,20.184653275756784,20.06639758510265,20.06639758510265,20.270487,20.014666,20.063655999999998,20.063655999999998,20.109106170640274,20.109106170640274,20.014666,20.270487,20.38
T000178,1980-07-31,20.309668,20.261204,20.0262,19.893896,19.68246,20.02,20.114629210316114,20.114629210316114,20.129462191003576,20.08463935955832,20.09227445500849,20.13234517665807,20.22037604975383,20.171875097359614,20.18709355930657,20.207243212925952,19.808854841644262,19.930835783283314,19.855515587997814,20.094587174527312,20.241379770977645,20.21504022361372,20.079810892762634,20.079810892762634,20.309668,20.0262,20.076587999999997,20.076587999999997,20.128548440561108,20.128548440561108,20.0262,20.309668,20.23
T000179,1980-04-30,2.8486466,2.5176134,2.8030972,2.859505,3.1159897,2.87,2.8356748550176425,2.8356748550176425,2.8380230214723534,2.840268905157248,2.9022503042675214,2.8454268305451333,2.8417593254624416,2.8454630168366686,2.8383296852299518,2.8384786391931476,2.9778358429640077,2.88443362844054,2.956545816030428,2.838754303799286,2.853786316913301,2.8514637321017124,2.8365739437745807,2.8365739437745807,2.8486466,2.8030972,2.837082933333333,2.837082933333333,2.8367268662278935,2.9381769248941847,2.8030972,3.1159897,3.0
T000179,1980-07-31,2.8582358,2.506924,2.7981832,2.830153,2.92079,2.5,2.8312106233541607,2.8312106233541607,2.834221611059576,2.8305659135482104,2.8635883825408763,2.8320063929211354,2.845082770410091,2.8367811657796196,2.8395138583368946,2.8263402072186388,2.8423502838620385,2.774134177498709,2.8586076240081706,2.82974311959219,2.855026494650117,2.848500699477836,2.827992445868608,2.827992445868608,2.8582358,2.7981832,2.8288573333333336,2.8288573333333336,2.825361334399388,2.8544032475459575,2.7981832,2.92079,2.73
T000180,1980-04-30,385.82938,398.01764,376.96222,375.6244,383.15942,373.0,380.54517075072914,380.54517075072914,380.8534756531289,382.0900292330478,382.92354762920655,379.31895254614085,383.305282135973,384.2887345184294,382.33335271864405,381.8809046499457,383.8472709851801,388.58680942489434,379.92788348113857,381.3957988667022,384.3234437974596,385.51045990428054,380.0086327738012,380.0086327738012,385.82938,385.82938,379.472,379.472,379.19828480894205,379.19828480894205,376.96222,376.96222,350.0
T000180,1980-07-31,387.05835,383.10614,377.5139,374.26675,369.83203,373.0,380.911782553033,380.911782553033,381.27580825796605,378.67673575983906,380.7654054820034,373.3162771356039,384.16786263249094,384.85149347856117,383.07705859292184,381.02126243881315,372.6492095620647,376.7463745200722,373.6907576595886,382.28612342527975,384.9850885654527,384.27193087441924,380.34428855503285,380.34428855503285,387.05835,387.05835,379.613,379.613,379.38265978813826,379.38265978813826,377.5139,377.5139,333.0
T000181,1980-04-30,3.3739872,3.0861819,3.7433631,3.8952677,3.152965,3.3,3.632381008672822,3.632381008672822,3.603968365989454,3.6433807202184667,3.4541663270563943,3.463711615434316,3.488371200292099,3.55050484497425,3.5312340495947447,3.6388756064171215,3.2896180341418106,3.2760639189833114,3.4615614295991395,3.5571391916421877,3.446132091142834,3.4797338471766213,3.657078790387354,3.657078790387354,3.3739872,3.3739872,3.670872666666667,3.670872666666667,3.679041074512363,3.679041074512363,3.7433631,3.8952677,2.0
T000181,1980-07-31,3.5584998,2.5471866,3.6745653,3.745742,3.550837,3.6,3.645491954016859,3.645491954016859,3.636298735454581,3.6511395522253585,3.600997652001186,3.6018673691562175,3.596693744384595,3.6176335641681288,3.610741232930163,3.646188780758249,3.442419944317327,3.408787941026292,3.6166876948864974,3.641171087588997,3.585373261248164,3.592676877756298,3.6556283397940885,3.6556283397940885,3.5584998,3.5584998,3.6596023666666664,3.6596023666666664,3.662491534362383,3.662491534362383,3.6745653,3.745742,2.1
T000182,1980-04-30,8004.6343,8400.143,7872.2397,7635.765,7563.585,7625.0,7858.411358713494,7858.411358713494,7879.235767150923,7919.403506135481,7833.803301090518,7898.802859066873,7946.15030212472,7946.221927218289,7926.290937096333,7939.129343314567,7700.2362389848895,7913.165877091632,7715.450819589739,7784.10965,7945.59295117552,7963.922162459188,7841.863797214035,7841.863797214035,8004.6343,7872.2397,7837.546333333333,7837.546333333333,7875.779760464682,7839.490639769481,7872.2397,8004.6343,8053.0
T000182,1980-07-31,8026.1475,8073.214,7876.703,7624.7715,7392.5273,7756.0,7865.127214403189,7865.127214403189,7888.139916881928,7930.478145348622,7810.909351698723,7908.864344864233,7961.572454274215,7960.788684974888,7939.526001733885,7952.969180665023,7537.94395876118,7701.461519710734,7634.320186817097,7709.3374,7959.847544953279,7978.161346207531,7847.166923079863,7847.166923079863,8026.1475,7876.703,7842.540666666666,7842.540666666666,7884.2102981718845,7801.119120249003,7876.703,8026.1475,8172.0
T000183,1980-04-30,1.0932485,1.0910125,1.0854203,1.0815134,1.0944773,1.09,1.0873288950623703,1.0873288950623703,1.0882121988169637,1.0866844677501466,1.090727965768604,1.0869773380193744,1.0907583059440162,1.0865723182048106,1.0898329283094699,1.081562273771564,1.0914130605052623,1.090804999999742,1.0896960347723605,1.0872346678781544,1.0915742603635206,1.0891449408316296,1.086660735266554,1.086660735266554,1.0932485,1.0815134,1.0867274,1.0867274,1.0863419554891414,1.0863419554891414,1.0854203,1.0815134,1.1
T000183,1980-07-31,1.093347,1.0869479,1.0859218,1.0805758,1.0767381,1.08,1.087298924832716,1.087298924832716,1.0881828013593113,1.0864640756664476,1.087176753349665,1.0841889672747973,1.090827442124161,1.0863818458763441,1.089909189418433,1.0806080595195546,1.0789891133825027,1.080344093607875,1.0813073520323369,1.0810020107484117,1.0912849347400593,1.0835247847620313,1.0865326871397003,1.0865326871397003,1.093347,1.0805758,1.0866148666666666,1.0866148666666666,1.0861825286521014,1.0861825286521014,1.0859218,1.0805758,1.09
T000184,1980-04-30,51.471085,12.321377,57.867264,65.61465,78.45921,55.0,57.568968083083426,57.568968083083426,56.66132046023079,58.60640979831567,59.94565304303729,57.13429460096451,53.94331554816412,57.33825487645335,54.811926768439506,57.806384131704775,66.24759618810188,61.59364458160073,68.08686905381921,58.317666333333335,53.86967456347151,53.364948096290405,57.46478768936727,57.46478768936727,51.471085,51.471085,58.317666333333335,58.317666333333335,59.61137969308578,59.61137969308578,57.867264,65.61465,43.0
T000184,1980-07-31,54.542362,28.957203,56.491306,62.53772,59.20274,60.0,57.35140295401876,57.35140295401876,56.99385519327989,58.05155803001702,57.30952240754055,57.04737447870433,55.64971469212417,56.957209642835664,56.00542321366362,57.1963769429529,55.434777456425714,52.539918493168784,57.98757888294469,57.85712933333333,55.75657759728038,55.658369355255275,57.47255638845808,57.47255638845808,54.542362,54.542362,57.85712933333333,57.85712933333333,58.725804267240385,58.725804267240385,56.491306,62.53772,54.0
T000185,1980-04-30,116.36905,149.63852,97.55052,82.7273,77.95943,87.0,100.29305684151666,100.29305684151666,102.98005365592111,100.95156877988026,101.1354916400357,114.88865739076061,109.86104376134985,116.39941849927568,107.50233726771638,107.55206902553338,89.38869912386352,110.00375863736632,87.60432163254012,98.88229,111.00861446659542,106.29523497562275,100.10707096009175,100.10707096009175,116.36905,116.36905,98.88229,98.88229,99.4523079783742,99.4523079783742,97.55052,116.36905,123.0
T000185,1980-07-31,117.7059,116.10048,98.80425,81.78365,78.66873,82.0,101.00230595407294,101.00230595407294,103.75453813983054,101.52737214333837,101.81707708075172,110.01861357493956,110.96435749737427,114.35769610776839,108.54257421976953,108.59283712021944,84.76054402571143,95.45042029406072,88.5281494132656,99.43126666666666,112.00852072902309,105.65028247310671,100.74357362355231,100.74357362355231,117.7059,117.7059,99.43126666666666,99.43126666666666,100.03127290667726,100.03127290667726,98.80425,117.7059,110.0
T000186,1980-04-30,367.18848,368.7186,363.25214,362.0641,363.7819,364.0,364.8607036818256,364.8607036818256,364.83931291606325,364.3238519127708,365.3348122964361,364.15950773960094,366.010899780535,365.4364419654395,365.5647619074948,365.082719451706,364.16543464535744,365.4879568440849,363.4734835163072,362.9841842740427,366.4046533839248,366.83804580350534,364.1712343421742,364.1712343421742,367.18848,363.25214,364.16823999999997,364.16823999999997,364.3410794136781,364.3410794136781,363.25214,367.18848,370.0
T000186,1980-07-31,367.42908,364.58347,363.553,361.56522,365.45895,361.0,364.9271489915594,364.9271489915594,364.92280729471946,364.4306213955829,365.6761131912441,364.21939202560435,366.1909568667422,365.4962263393175,365.7314457776776,365.1344357605781,364.5627708425533,364.53330819534966,364.4178558109863,362.72198381356134,366.5579272317771,366.98989378404156,364.1916437455296,364.1916437455296,367.42908,363.553,364.1824333333333,364.1824333333333,364.3500529535558,364.3500529535558,363.553,367.42908,370.0
T000187,1980-04-30,14.237818,12.510235,19.305313,13.533842,15.017477,9.1,15.46605718364972,15.46605718364972,15.538699041838823,13.744795747119337,14.22142765936977,13.635545620569076,15.052465162271353,13.609684384255816,15.446472151752323,13.552445245155784,14.357934142740067,14.57998472150174,17.05269603376029,13.533842000000236,14.146823216204893,14.165903615995507,14.692864594586778,14.692864594586778,14.237818,14.237818,15.692324333333334,15.692324333333334,14.913751851398024,13.450980025448334,19.305313,13.533842,8.7
T000187,1980-07-31,15.714759,13.360311,18.582935,12.588667,11.01409,20.4,15.406267571139205,15.406267571139205,15.80720218754227,13.525433056285703,14.083123215758128,13.20680840796309,15.913827593662003,12.9956572446098,16.06946009405484,12.711265833367712,11.668009795778923,12.027716811100172,14.732294881291335,12.58866700000105,15.201518599988853,14.69748239350863,14.835085092519114,14.835085092519114,15.714759,15.714759,15.628786999999999,15.628786999999999,14.90329880214308,13.819227125378823,18.582935,12.588667,16.0
T000188,1980-04-30,9.124635,8.199021,6.2306895,5.391779,6.1969557,4.9,7.111964779048985,7.111964779048985,7.405706706066771,6.305928402624497,7.689128290387788,6.147846526782546,8.262209557087823,7.446028151958389,7.935067522753292,6.416876716091119,6.331089171375136,6.732730172746555,6.189190212954527,5.727938554828026,8.547689571452059,6.174839515916715,6.828470844353174,6.828470844353174,9.124635,5.391779,6.915701166666666,6.915701166666666,6.88947592448867,6.88947592448867,6.2306895,5.391779,6.3
T000188,1980-07-31,9.32146,7.8803186,6.446332,5.011099,6.295207,3.4,7.165051226551968,7.165051226551968,7.471661877930776,6.0186354464700225,7.731540604005883,5.828935035492479,8.406835651096019,7.3309164318466955,8.066956784070136,6.1537389047740545,6.27385465757323,6.5977716626101905,6.330027220624172,5.362363347757036,8.659995269778513,5.868417367200123,6.814166428294918,6.814166428294918,9.32146,5.011099,6.926296999999999,6.926296999999999,6.8945777818457135,6.8945777818457135,6.446332,5.011099,5.3
T000189,1980-04-30,72.82718,80.41838,69.26808,65.926346,63.155586,65.8,69.6031658833649,69.6031658833649,70.16790054447867,69.74749740236051,69.36000607748606,70.98769237272563,71.54463266576234,71.26473796584847,71.0852415405776,71.59368268666785,66.22819786405428,71.33342658933498,66.20327843393993,76.1932416125256,71.7036340376385,69.68134305772524,69.68779691399986,69.68779691399986,72.82718,72.82718,69.34053533333332,69.34053533333332,70.30583371607348,72.75719018214699,69.26808,72.82718,71.7
T000189,1980-07-31,73.31446,73.17136,69.46868,65.78462,63.70845,68.3,69.8086939705019,69.8086939705019,70.42371189786942,69.96725946106099,69.71213094298123,71.31842377962442,71.92157824381846,71.62357577732634,71.42337694236791,71.58455939802406,65.50269489946362,68.25167935520307,66.5644749342136,72.22975411863122,72.10117038430053,69.91044203276054,69.90230284100667,69.90230284100667,73.31446,73.31446,69.52258666666667,69.52258666666667,70.57839305624816,71.77951907746997,69.46868,73.31446,76.8
T000190,1968-04-30,152.7035,82.02992,231.22128,135.9466,202.91086,84.0,178.65179296336467,178.65179296336467,171.47918547864515,187.21479521961908,158.35733874209973,180.0080734498534,164.76409116812093,170.19794257270618,170.72451504187836,178.28777004453434,172.01315300304842,170.8667394308336,214.6353398270948,173.29045999999997,150.9607922994256,145.8495055862706,169.4418238294018,169.4418238294018,152.7035,152.7035,173.29045999999997,173.29045999999997,168.2615198419498,168.2615198419498,231.22128,135.9466,96.0
T000190,1968-07-31,170.03152,129.98627,220.55763,123.11305,104.09143,144.0,177.21603598236845,177.21603598236845,173.58404523404062,146.405099376292,146.42334244896642,144.50065883558864,174.3213306627453,174.50580756123253,177.2643045786847,174.13315920683104,111.63278217211027,111.90376804183114,161.1495651295408,171.23406666666665,162.39012793776928,118.89518819747197,168.23128056309778,168.23128056309778,170.03152,170.03152,171.23406666666665,171.23406666666665,166.4533074629599,166.4533074629599,220.55763,123.11305,154.0
T000191,1972-04-30,86.825905,92.304184,83.43363,79.46384,63.31215,98.0,83.53037522490811,83.53037522490811,84.10605020032723,76.5792316931929,80.60701342858478,78.01831946077492,85.52809673110127,83.9736831727363,85.07085648510113,83.18706431789478,70.74059556649169,70.81949856563446,73.55540420955606,83.21885376237131,85.45078954937118,77.13693177719597,83.23857330921672,83.23857330921672,86.825905,86.825905,83.241125,83.241125,84.49996262007144,81.29604793968912,83.43363,86.825905,126.0
T000191,1972-07-31,88.904015,76.19406,82.74565,77.08462,88.76382,102.0,83.32978213233963,83.32978213233963,84.33123743932701,84.39585482197451,86.10225366921583,81.99814655947853,86.6964484960319,84.14909511937952,85.90455126857798,82.87181584998612,84.62067378325293,84.73701091850262,85.49493658005152,83.11309039355163,87.19932255930067,82.3046578143742,82.9237689496175,82.9237689496175,88.904015,88.904015,82.91142833333333,82.91142833333333,84.95303739421064,87.03995185081672,82.74565,88.904015,80.0
T000192,1991-04-30,82.24953,67.42691,82.12389,86.04049,91.420815,80.0,83.26580087947426,83.26580087947426,83.10799651264051,83.83900259519172,84.89101590500591,84.08424424469442,82.59181504476537,83.71029099223603,82.6752527139235,83.5998336304996,86.848484491099,82.1973258465429,86.75042237322319,84.94084445232392,82.91834617807119,85.61336798884815,83.539511883243,83.539511883243,82.24953,86.04049,83.47130333333334,83.47130333333334,83.72026582374252,85.79972016791905,82.12389,82.12389,66.0
T000192,1991-07-31,83.69789,80.222946,81.92733,84.653,90.77451,93.0,83.32685869466313,83.32685869466313,83.41075834225866,83.36185525019255,85.27355081135643,83.44034337635175,83.48137627902094,83.23550897031316,83.36122801328246,83.12928508500262,88.02298596118627,86.07168184055641,86.3000421358426,83.88772632495291,83.93013262928075,84.53789205180678,83.42038173691654,83.42038173691654,83.69789,84.653,83.42607333333333,83.42607333333333,83.19454652406368,85.0927859817676,81.92733,81.92733,79.0
T000193,1989-04-30,784.0144,923.9674,787.9115,528.5939,659.51196,448.0,718.6360448021585,718.6360448021585,724.851723828354,628.8851702678619,700.2699575839772,616.3257669067013,760.1572173961081,689.1367570144457,754.1646553248137,642.1296551070263,672.3849240214224,695.173678582513,717.865059691962,700.1732666666666,745.5509767111106,650.4798916123927,692.0606300340609,692.0606300340609,784.0144,528.5939,700.1732666666666,700.1732666666666,668.9802193597453,636.494655560356,787.9115,528.5939,621.0
T000193,1989-07-31,806.3607,803.27106,783.29224,517.03925,521.955,507.0,723.4757701830632,723.4757701830632,731.389260450269,630.6417828281783,684.1202808558215,610.3778529480014,774.552182033382,694.3312871899143,765.5331093882342,644.2182883585858,562.1501727995241,584.0901148806288,648.5608589990547,702.2307299999999,760.8746863882342,664.4909061471335,693.8645611218705,693.8645611218705,806.3607,517.03925,702.2307299999999,702.2307299999999,669.0129497553675,600.5439610549511,783.29224,517.03925,638.0
T000194,1987-04-30,105.702095,103.118195,103.14665,108.57965,103.47099,110.7,105.67656829842497,105.67656829842497,105.6415220838829,105.6728914875741,105.95162217242984,105.59436286871232,105.53359966491394,105.65958103858355,105.39721674377634,105.39197402496427,104.42709129478943,104.00975818926446,103.46675946283491,107.34400167326807,106.08682569849468,106.30748386930375,105.76121843717453,105.76121843717453,105.702095,103.14665,105.80946499999999,105.80946499999999,105.85017269824291,105.85017269824291,103.14665,108.57965,103.3
T000194,1987-07-31,106.03749,101.30122,103.26199,107.83025,109.38028,107.4,105.62520361861633,105.62520361861633,105.65714952204732,105.61265025439539,107.09676933610203,105.55762761148645,105.72647684740159,105.69936239069325,105.54543449333606,105.44184592579262,107.89231869845207,105.78977359158117,106.36635535665276,106.91572793485906,106.34047778337012,106.24277598990025,105.67255191019208,105.67255191019208,106.03749,103.26199,105.70991,105.70991,105.74228953046884,105.74228953046884,103.26199,107.83025,102.1
T000195,1987-04-30,38.82376,37.38372,38.52437,38.639725,39.57494,38.8,38.683724301883444,38.683724301883444,38.69364524391237,38.64627433787944,38.92400414686486,38.65413512056115,38.75395661327464,38.71069539168119,38.72510547778396,38.701948386607526,39.069820892138814,38.566459575123204,39.0373715220658,38.540248671588486,38.80729212885824,38.79703578626078,38.65913252354825,38.65913252354825,38.82376,38.52437,38.66261833333333,38.66261833333333,38.65621021388516,38.65621021388516,38.52437,38.52437,38.5
T000195,1987-07-31,38.890648,38.05974,38.519184,38.570923,38.72585,38.5,38.68888367202393,38.68888367202393,38.707638621413295,38.646784018012504,38.78411076205972,38.6515924207336,38.7952618666258,38.71856306514345,38.75720796273099,38.69919562412514,38.59781780274512,38.439748576156404,38.62097099516859,38.53679794684929,38.84238134394825,38.86161323533564,38.65667911321705,38.65667911321705,38.890648,38.519184,38.66025166666667,38.66025166666667,38.66148046640464,38.66148046640464,38.519184,38.519184,38.8
T000196,1987-04-30,2507.7185,2519.5513,1736.205,2002.7633,841.1031,2840.0,2107.9488712268653,2107.9488712268653,2165.1710858115584,1877.9530538167476,2070.8913244249034,1903.5909442468137,2324.888949039877,1950.7580320374616,2249.7825298765024,1898.7428467398572,1315.8567507819885,1511.5148132552117,1310.0522038676927,2002.7633,2412.6810100067823,2454.2044023836115,2100.8325189352336,2100.8325189352336,2507.7185,2002.7633,2082.2289333333333,2082.2289333333333,2088.131258501553,2088.131258501553,1736.205,2002.7633,4051.0
T000196,1987-07-31,2604.5686,1571.0723,1777.0266,1727.7523,2588.228,1638.0,2087.1447079750283,2087.1447079750283,2158.02461396261,2235.091153638119,2395.586828550885,2161.1929789468604,2376.2633012396973,2101.125212593491,2287.423261618755,2105.293594474747,2269.652110732001,2147.8344545913774,2168.9970533107617,1727.7523,2478.0273437390924,2334.7397891232213,2036.6437243778444,2036.6437243778444,2604.5686,1727.7523,2036.4491666666665,2036.4491666666665,2008.3214962947013,2008.3214962947013,1777.0266,1727.7523,4025.0
T000197,1989-04-30,173.75983,206.11035,163.7101,149.57681,132.79253,149.0,155.26726337609608,155.26726337609608,165.14211349606202,172.4815157912292,160.25857842283068,175.38945534126412,169.6871120116786,173.2841888256834,168.27391722324361,173.1096644361655,146.83193039093297,170.3977870542732,148.29103321673063,189.8029358205297,169.72790604043686,173.10986594517524,163.97823099858843,163.97823099858843,173.75983,173.75983,162.34891333333331,162.34891333333331,166.43987270811215,176.14886052070082,163.7101,173.75983,170.0
T000197,1989-07-31,175.76553,174.59273,163.96085,148.98064,137.92004,155.0,155.28333369701807,155.28333369701807,166.02559134558078,171.06507323653136,162.24957465774807,173.96259892894076,171.13733269420428,175.21561296234185,169.51739874191657,175.0125447856982,145.46813251652964,157.04765848305468,150.88171979942223,175.12259832588046,171.40050518241375,176.40539840127926,164.69213325564527,164.69213325564527,175.76553,175.76553,162.90233999999998,162.90233999999998,167.4164845331938,171.45974175764178,163.96085,175.76553,176.0
T000198,1987-04-30,1232.7255,1114.1234,1215.9027,1279.1888,1285.4368,1306.0,1239.437676471412,1239.437676471412,1238.8227199681032,1229.703316107827,1253.7005179870398,1234.3359615892696,1234.259846275823,1231.739406638668,1234.0417713703548,1233.3052923726502,1259.136121724074,1216.3644132708819,1251.5243181491458,1285.4368,1240.1243987822738,1230.570400439792,1241.4749858864654,1241.4749858864654,1232.7255,1215.9027,1242.6056666666666,1242.6056666666666,1237.7994867844288,1251.9644969459391,1215.9027,1285.4368,1201.0
T000198,1987-07-31,1236.4196,1151.8666,1215.2638,1267.0446,1322.4128,1263.0,1237.4126698451814,1237.4126698451814,1237.5238447848797,1229.2246721161787,1260.0318837630423,1233.1305623120234,1235.6781272338103,1233.627928629298,1234.7170762182513,1235.0477803466008,1286.5350182748152,1246.5225900881835,1268.784552105553,1322.4128,1241.9817786054955,1233.9487605128643,1238.6776830267495,1238.6776830267495,1236.4196,1215.2638,1239.5759999999998,1239.5759999999998,1236.082195257987,1269.4750124961352,1215.2638,1322.4128,1204.0
T000199,1987-04-30,291.6184,439.51605,274.54514,110.49329,117.76193,107.2,140.69196823249862,140.69196823249862,243.9218591178424,218.69891415449632,215.89211546009756,203.98924279301335,271.247006428217,202.9529145163147,265.3871159323062,236.0274604668313,163.41025779815328,232.59147870071962,193.58674132962773,204.690165,263.19865357965125,252.84543093639562,239.42872612272527,239.42872612272527,291.6184,291.6184,225.55227666666667,225.55227666666667,284.55005201078257,296.83488409442,274.54514,291.6184,248.6
T000199,1987-07-31,304.35785,328.06378,272.56964,105.567986,84.038025,202.6,138.71187830084202,138.71187830084202,248.23160892325944,211.95054206046024,215.61111126532322,194.9504810159769,279.7276494278652,190.93667144698577,272.23682932466284,232.38476871770493,123.9931613596872,184.95014345352973,176.12431608132331,194.1979375,272.771762458451,257.0733379940319,242.77866894182003,242.77866894182003,304.35785,304.35785,227.498492,227.498492,291.19749689612166,253.3852964883341,272.56964,304.35785,280.5
T000200,1987-04-30,39.430653,-11.167255,33.80974,46.898685,57.567795,45.1,40.068583818350014,40.068583818350014,39.56618210247575,48.23780844361022,44.647655434612965,48.72010800502556,39.169408513834234,40.09128740474107,38.897546923808996,40.054715099225234,45.40525724182854,32.731800337950716,45.725022457952456,57.56779496123502,40.74913021852137,43.23336374844888,39.6045058736225,39.6045058736225,39.430653,39.430653,40.04635933333333,40.04635933333333,36.990597788789664,45.228926266305336,33.80974,57.567795,25.9
T000200,1987-07-31,42.592613,1.9210396,33.318325,42.245384,69.495865,40.2,39.64174796922519,39.64174796922519,39.8257233094092,52.27224368802677,47.64878649537754,53.86157002042759,40.94456770463104,43.499281640546066,40.183074902666455,43.34247865007984,54.23228919522125,43.180566723221055,51.132565995272316,69.49586494100194,42.9023821386467,46.93973342413325,39.36878460711922,39.36878460711922,42.592613,42.592613,39.38544066666667,39.38544066666667,37.64277633024183,50.883380009268514,33.318325,69.495865,27.6
T000201,1987-04-30,868.38806,904.7622,856.7941,840.7471,832.8158,836.0,857.1316290395317,857.1316290395317,858.5070536805122,859.08758427576,855.1052315896526,859.1931368439182,863.7143158350304,863.1961218645262,862.0903436896839,863.0726506840178,844.9081973131995,863.735962496101,844.6833572623732,876.64812,863.9301027281606,860.9271388379809,855.7154953522777,855.7154953522777,868.38806,856.7941,855.3097533333332,855.3097533333332,858.0747980378248,858.0747980378248,856.7941,868.38806,847.0
T000201,1987-07-31,871.1044,866.9266,857.1452,839.84674,844.5702,840.0,858.0991310724364,858.0991310724364,859.6849449675549,860.1836603769639,858.6984258687598,860.4528144788546,865.6714380669423,865.1176342685947,863.7661149579194,864.9765017952533,846.9098596637189,853.1527159826758,850.5277585851379,865.0587333333333,866.2462573281775,862.5504762694227,856.4788776049656,856.4788776049656,871.1044,857.1452,856.0321133333333,856.0321133333333,859.126215456942,859.126215456942,857.1452,871.1044,847.0
T000202,1987-04-30,2.573965,0.026973963,2.037168,2.8050349,3.5439866,4.45,2.4465706594411523,2.4465706594411523,2.473104071188873,2.705561956492942,2.813460598186127,2.7468948306074115,2.5027030691624783,2.328989875665288,2.4648316588891297,2.1006982950217252,2.8835794520234304,2.07456297262413,2.7910105193559422,3.1914458363077243,2.6202279047189414,2.2211307730263625,2.442144434833309,2.442144434833309,2.573965,2.037168,2.4720559666666664,2.4720559666666664,2.395642746314043,2.6827585254875785,2.037168,2.573965,1.65
T000202,1987-07-31,2.644967,0.43611503,2.0337281,2.5041773,5.039105,2.49,2.407937629444392,2.407937629444392,2.4347791315751426,3.1688720375556434,3.069119029502394,3.2776576281383107,2.525023619149987,2.4462828102915335,2.471923767143978,2.1554330315865045,3.865516121131086,2.969467013218946,3.505485688510988,4.070029534111979,2.656701794087279,2.4587928709623212,2.3809994563073578,2.3809994563073578,2.644967,2.0337281,2.3942907999999994,2.3942907999999994,2.3978308906193124,3.1317566237798315,2.0337281,2.644967,1.65
