unique_id,ds,TFT,NBEATS,TiDE,NLinear,KAN,MLP,DLinear,NHITS,DeepNPTS,PatchTST,SeasonalNaive,ADE,ADE(UID),MLpol,MLpol(UID),MLewa,MLewa(UID),MLprod,MLprod(UID),BOA,BOA(UID),OGD,OGD(UID),FS,FS(UID),Ridge,Ridge(UID),LossOnTrain,LossOnTrain(UID),BestOnTrain,BestOnTrain(UID),EqAverage,EqAverage(UID),Windowing,Windowing(UID),BLAST,BLAST(UID),y
T000000,1987-04-30,4.973919,4.5477037,4.433008,3.9843395,5.1013584,4.686943,4.176917,4.9694757,4.108598,4.1924486,1.14,4.704936450375353,4.595596737819067,4.4089745000477185,4.799379479581092,4.274329918261843,4.830204688566068,4.450451400162174,4.65697255729679,4.42543542743122,4.691780352255842,4.6761464232147745,4.8045101178312954,5.1013584,4.749538627219906,4.422981038900164,4.379429913455372,4.6913203226253835,4.5901353871348025,4.686943,4.973919,4.731332966666667,4.558143450000001,4.653289278325642,4.470827147966336,4.686943,4.108598,5.1
T000000,1987-07-31,5.7202363,5.6897097,5.7236137,4.046113,0.7059381,5.2402973,4.4477367,4.9567285,4.109023,4.590471,1.03,5.240565813062952,4.96014782706651,3.6266074910255734,4.6135158439053505,3.8548646657926846,4.854689546303559,4.878022689321142,4.963652461907865,4.4415152071783055,5.0101981788905485,4.031438148427218,4.080337614768017,0.7059381,4.3429897974237335,4.383832431011029,4.595757601638667,5.004356157280626,5.051777525633276,5.2402973,5.7202363,4.403655483333334,5.032939250000001,5.119999093568461,4.91478364940745,5.2402973,4.109023,4.3
T000001,1991-04-30,168.29472,166.14517,165.72653,166.28592,159.25647,165.35266,160.85281,169.15746,159.98213,161.05081,123.0,165.14491734170275,164.04222574559518,160.93411539422513,164.21560692929097,160.6917634600771,163.46829206944693,163.993289109815,163.0391591756764,162.956553260861,163.17535404838833,163.47086494715103,163.25007758655943,159.25647,165.1960575020456,162.36987704461473,161.94587767088294,164.73412624818963,163.38050209293988,165.35266,160.85281,164.6981016666667,163.67536166666667,165.07314396873792,163.84808135247602,165.35266,165.72653,201.0
T000001,1991-07-31,170.50917,179.34872,179.05577,168.96548,157.1802,167.33612,164.30443,169.03586,159.98755,166.12363,118.0,168.02457110493492,170.846111987114,163.21178673256648,169.9345324032527,162.0700939122342,168.37685431305712,172.41183651211392,165.19919488396366,169.14311755424822,165.44796744056873,164.2034001774274,166.36930221440653,157.1802,176.53053642770212,168.29567137736268,166.94010198812293,168.0636099808863,169.68342126992536,167.33612,164.30443,167.2329366666667,169.8882116666667,169.06613511315993,170.60341091381545,167.33612,179.05577,214.0
T000002,1989-04-30,369.65625,334.76596,301.52832,385.95087,299.88623,372.21164,334.15213,337.71164,322.76636,336.74127,289.0,322.049151314761,322.5834462562999,323.3337087569231,353.0325452213547,324.23918693635636,349.9925555782398,331.53401257539514,332.42583734908635,329.3806759371168,330.5605156462433,338.1812971438561,339.75367663630414,299.88623,371.99795846016275,334.203799753053,345.1037622582886,346.556808695972,346.2384190387993,372.21164,372.21164,339.49968000000007,339.39737500000007,348.213211800349,348.9016701250792,372.21164,372.21164,330.0
T000002,1989-07-31,347.8352,378.17548,309.25314,329.6387,298.29376,325.04974,379.28857,360.81647,322.8371,403.0781,214.0,331.09147639131544,333.768524504174,341.5167544247819,358.54803272938585,332.31100050483076,363.31222764750987,361.1938375940263,347.8561909967916,353.4707535764039,352.87665145032105,334.7305617931362,349.03843742459145,298.29376,326.95505863187185,364.86399911430476,363.1744478247863,336.6121407248119,337.63089719414427,325.04974,325.04974,338.8346250000001,339.0201400000001,338.1180468361135,342.14750170575235,325.04974,325.04974,318.0
T000003,2004-01-31,39156.7,40929.617,40466.457,33920.88,39429.36,38782.777,46655.492,41754.67,40046.15,44063.875,36602.0,40053.68138694385,41339.193574523655,41534.97961847699,39930.974856648456,40598.90325490659,40439.881744805,40862.09173785115,42046.90951641352,40887.33076109725,41798.830646725866,40686.1013220758,41675.739651930475,39429.36,39168.516833333335,43238.479575558405,40096.6912847856,40252.81799103251,41742.895909852785,38782.777,39429.36,40016.54566666667,42069.334,40382.71959563262,41505.25169718769,38782.777,44063.875,41235.1
T000003,2004-04-30,43111.336,40702.152,42503.258,34419.14,39747.73,42086.83,50351.83,40803.93,42989.0,47403.53,40931.4,41631.05172263061,42983.9019960969,43623.237613251964,41523.23902738896,42965.28112523292,42153.63853987307,41655.05218581767,44200.2713832473,42120.712893320946,43875.569861275355,42850.721009804285,43600.18616402889,39747.73,40604.441,45651.241919344495,41167.98054459964,41015.897148425334,43564.70639710752,42086.83,39747.73,41573.49633333334,43966.54633333334,41335.85058270276,43079.96683630453,42086.83,47403.53,46557.6
T000004,1988-01-31,797515.1,791821.7,797023.7,827942.94,796082.5,795362.4,794235.8,808206.94,790947.5,794983.56,722636.0,796451.9062839991,794330.8078230119,793784.595554917,796113.6910960998,793191.084902987,795726.0428729578,793257.9180871366,793633.8520441564,793856.8774608582,793678.6243153396,796682.0307354922,799480.2077158553,796082.5,794130.7999999999,793510.7486772416,795104.4175035032,794471.5392392157,793756.6064538844,795362.4,790947.5,796656.0233333335,794182.4600000001,794193.9449821839,794196.3433937177,795362.4,796082.5,772214.0
T000004,1988-04-30,797687.8,829362.44,849367.5,786202.44,804203.7,784234.6,807271.5,813168.56,790967.94,814142.0,701800.0,805232.3720989075,817098.1243372377,803700.1091374897,805125.4565340935,797875.1302484804,805349.036981528,817039.7579430719,822495.142180487,811787.8000560803,820457.593233438,798555.3454741335,804932.430951401,804203.7,793135.4133333333,811611.4689259017,816283.0306188408,805077.3146906842,812299.0437331278,784234.6,790967.94,803270.8400000001,815885.8466666668,805936.4117708295,812134.4047160356,784234.6,804203.7,818797.0
T000005,1988-04-30,709.17633,710.10864,715.7965,739.4125,699.912,708.4676,704.11993,699.74176,701.13885,704.7978,619.83,703.7696084820036,704.1077771884112,703.4489285670237,704.4494895520794,703.2357483213486,704.8034967354146,707.9947517321516,705.3096472638247,706.8168906010408,705.4619951562189,703.6673687731748,710.156508899662,699.912,704.6624101416326,707.2327372944101,710.0395038395718,704.3987499404145,704.3255389272206,708.4676,699.912,704.7575300000002,704.8755916666668,704.7428147905624,706.0847802091317,708.4676,704.7978,740.84
T000005,1988-07-31,679.2647,732.56323,742.2881,695.3751,696.97015,667.53864,715.9377,650.4376,701.15735,722.1664,564.64,685.8278549163894,701.1345477934437,708.5385253592442,702.2232436966317,705.0667049278223,707.344198285462,721.534581705532,705.5628996838334,716.5417276170375,704.623834649193,685.26146317248,701.8398742026068,696.97015,686.2501737753121,720.6314878574506,704.9457238344477,694.27004582653,708.4530504013521,667.53864,696.97015,687.9886116666667,708.0099216666667,688.8287967894155,712.9580755097456,667.53864,722.1664,663.86
T000006,1982-04-30,49.571877,49.874107,52.304424,45.723427,44.497807,46.814045,50.164368,47.908493,45.77846,48.444584,16.8,48.26838564184213,48.74616783824591,47.06501693725132,47.170072867785194,46.4382741537738,47.59305832022658,48.53678669732029,49.01371544272067,47.91613068195038,49.26325199235586,47.13563060231932,47.145883610714094,44.497807,44.497807000869145,49.332684660858334,48.48062089971588,47.551357490598356,48.44593080809245,46.814045,49.571877,47.40746483333334,48.49512549999999,47.519306477110426,48.447329581399046,46.814045,49.571877,30.7
T000006,1982-07-31,51.77765,52.265778,49.088596,53.12899,44.035713,46.88639,52.61723,48.358025,47.731308,50.66076,23.0,49.55849299032475,49.7054898851221,48.72372529820314,47.978575802344835,48.33850829943001,48.155271110840395,50.79010470814946,50.577089730843454,50.03295634503552,51.085196459570454,48.099016742807024,49.92645548766651,44.035713,44.03571300132614,51.65211787021336,49.32641384970468,48.64327177520325,48.813580205223225,46.88639,51.77765,48.50914400000001,48.735358666666656,48.59148820371067,48.76203694553896,46.88639,51.77765,26.8
T000007,1991-04-30,184.2275,185.5964,186.02182,181.08264,183.91188,182.98561,185.8564,183.66748,182.17,183.2929,169.68,183.65308210832328,184.13154606073374,183.79410383891766,184.2323268984836,183.00873279286242,183.8179601326346,184.60482237562212,183.4982412481627,184.194828517703,183.56665207700644,183.67960511209395,183.7689274950519,183.91188,185.8559122394631,185.4322552170187,183.95049318389474,183.56009171970408,184.26430345416134,182.98561,185.8564,183.75981166666668,184.2060166666667,183.5543712458521,183.44858677187946,182.98561,184.2275,140.53
T000007,1991-07-31,183.99457,187.0275,185.82585,198.78734,186.25926,181.29845,186.84938,182.00638,182.17,184.07184,167.6,183.72416173917586,184.01149657493403,185.04849536270302,184.28359306509606,184.05853620140206,184.30328455406487,186.25453372671657,182.5236795697048,185.9024594049331,182.6406805338101,183.67673510640034,183.55387919885885,186.25926,186.84885151371105,187.2951954723145,184.8887997108068,182.96909025616355,184.32654155341993,181.29845,186.84938,183.79269333333337,184.15300333333337,183.02280378438752,186.2432795876983,181.29845,183.99457,166.56
T000008,1988-01-31,3339.1396,3448.5894,3728.7847,2864.5654,3117.341,2916.4326,4546.3467,3349.592,3636.8467,4189.7188,1015.0,3270.192454886979,3312.059561566781,3704.6481707575704,3496.1643032665575,3635.2790576300317,3441.1905548089353,3530.5158459803083,3360.8499329967835,3567.719849337098,3419.173103092667,3426.5651320680163,3319.0421066176527,3117.341,3744.4531500000003,3953.865351423752,3687.8061215945945,3285.0967973468823,3487.8514529943723,2916.4326,3117.341,3301.3235500000005,3506.2855333333337,3302.2247621033935,3805.471577076928,2916.4326,4189.7188,3253.0
T000008,1988-04-30,4886.949,3986.4678,4324.2153,3724.8242,3326.5405,4602.142,5054.993,4945.6235,4041.8074,4649.283,3712.0,4242.798888298429,4030.6878550360475,4113.109858976111,4116.432961106564,4051.141836728574,4078.900881847905,4024.671116303248,4303.752844133825,4035.960620997809,4295.856425097845,4390.743200168354,4156.751120219733,3326.5405,4443.151416666667,4439.456344446072,4619.053050995268,4157.7123420623175,4128.746393946201,4602.142,3326.5405,4298.255033333334,4155.076,4137.356860822541,4262.916382597236,4602.142,4649.283,2742.0
T000009,1990-04-30,9677.164,12149.989,10632.426,12575.701,10830.229,9642.271,11273.324,10595.281,10410.762,10935.102,15518.0,10526.729552702154,10447.389139662935,10968.240495571534,11196.189908830005,10764.661401088071,11098.251247258655,11638.707703989945,11047.304679151523,11402.542015950385,10831.135583478293,10384.379195220445,10847.22174941569,10830.229,11298.72225,11414.827654157581,10616.910200901124,10469.021484200892,11025.541514650115,9642.271,12575.701,10550.949333333336,10837.373166666668,10484.264605141718,11065.506052010642,9642.271,12575.701,8861.0
T000009,1990-07-31,9551.631,12342.357,11462.0205,10519.242,11232.232,9626.145,11755.721,11011.781,10794.823,11370.949,12623.0,10731.494362003688,10730.496013415715,11317.334307376816,11261.208766605489,11074.233609153356,11280.532933770977,11840.753172461084,11096.084034263513,11622.906485357818,11114.632162853073,10640.247053925104,11226.019901185055,11232.232,11110.18375,11675.649115643151,10615.760137702759,10665.535252914528,10604.374916590332,9626.145,10519.242,10759.828166666668,10746.776333333335,10697.217505133194,10509.449658458254,9626.145,10519.242,11380.0
T000010,1991-10-31,176.97507,178.2923,178.70161,173.95227,176.67151,175.78317,178.6864,176.4385,175.0,176.1229,163.0,176.4441156593855,176.94344205043134,176.59195646927307,177.04415373466412,175.82019506136305,176.6289879108187,177.34864512341477,176.28330803248997,176.95934109470576,176.35255710719244,176.469277959098,176.5722326398046,176.67151,178.68540323622332,178.20865123564357,176.75882084533325,176.33502322646407,177.05418536573453,175.78317,178.6864,176.52675833333336,176.98741333333334,176.3292566216532,176.2600437827908,175.78317,176.97507,135.0
T000010,1992-01-31,176.75053,179.6668,178.512,190.96219,178.93005,174.16087,179.67938,174.84248,175.0,176.90184,161.0,176.49912366221233,176.85526933241894,177.8078900114259,177.11480654206423,176.83376970377233,177.110154540203,178.93674311713912,175.34792233574143,178.60506344916675,175.46488456325747,176.47209189342504,176.3786623269638,178.93005,179.67830001088444,180.01889202773063,177.67299899837244,175.76646047523386,177.12853778537277,174.16087,179.67938,176.55845499999998,176.947705,175.81769857898064,178.9550743911031,174.16087,176.75053,160.0
T000011,1984-04-30,319.3019,335.39792,335.7881,330.9842,326.42444,315.42377,331.34464,327.47543,330.57516,331.0429,278.0,329.8216905319751,328.9910441876721,330.4146861229548,329.3106576071886,330.5424386186929,329.231480393595,333.3230898462537,330.1943753745606,332.2842274866553,330.13496329086536,324.78682411420203,328.8591188373594,326.42444,331.0429,331.01849425071356,330.00315328650225,327.52057679445096,328.6600313085919,315.42377,331.0429,325.7664366666667,327.6940783333333,326.8681848155395,326.8681848155395,315.42377,327.47543,227.0
T000011,1984-07-31,342.59296,346.22113,341.5105,378.16376,340.80292,337.05383,331.77496,349.19067,330.9178,331.4317,320.0,340.5699560177665,336.59719606928786,336.04451014239277,336.46966663777414,334.88797969495664,337.12514776221184,342.48303206544773,336.14167832054784,340.68809974254486,335.743730306495,338.46308630395487,340.476619647927,340.80292,331.4317,338.08373666900684,346.85830519388844,339.987842713949,335.9002698981237,337.05383,331.4317,341.129885,337.78516833333333,341.26882603542083,341.26882603542083,337.05383,349.19067,319.0
T000012,1994-04-30,659.0088,671.6988,662.8006,733.379,687.4559,675.382,682.26404,672.8672,677.91064,683.254,610.0,674.0088084836825,685.4288546106778,681.4873366309434,673.8454096787514,680.8204112991726,671.7755816427657,676.8208633497499,672.865687325375,679.1250176696839,672.4218165079618,676.6892954768331,673.5838504355963,687.4559,659.0088000001032,679.4148079922049,680.4527184057174,677.1909221596525,688.2083479368773,675.382,687.4559,674.05389,686.7906233333334,675.9277342148883,687.3074940532128,675.382,683.254,795.0
T000012,1994-07-31,695.63574,724.1189,714.5123,728.1293,689.713,699.0341,699.5221,700.4933,677.93774,708.6181,639.0,696.016133118834,701.0586889766629,693.7960952641039,695.2769676700314,687.6488437970132,698.4973801796297,710.8744048474914,701.421833629102,704.9351625975228,700.9345346861674,693.1668437790156,701.0294750464374,689.713,695.6357400000452,706.0055170645278,702.9142208243965,692.6770393222782,702.6611713593662,699.0341,689.713,697.82213,703.4420566666668,692.9960967530993,703.3904323965623,699.0341,708.6181,844.0
T000013,1988-01-31,29708.992,28970.742,28586.293,32015.205,30158.863,29573.523,29346.664,30032.41,29283.709,29360.98,28628.0,29663.547080715696,29474.45592976793,29507.702872761867,29454.990631062683,29457.20441712553,29420.587522881586,29239.195382873666,29416.559657369886,29366.304905808214,29374.904150085546,29692.935175078732,29441.567877665577,30158.863,30076.622499999998,29378.214652891882,29762.603476656615,29598.81905891639,29445.5730194552,29573.523,29346.664,29621.37316666667,29450.582833333337,29631.624108777334,29631.624108777334,29573.523,29708.992,26278.0
T000013,1988-04-30,28021.068,28622.146,28982.133,28392.72,30406.656,27848.182,29596.242,27704.512,29284.1,29727.785,26204.0,28617.484837390446,28740.06579022864,29541.58113316822,29147.470312230707,29388.788959571793,29192.40243459791,28960.648326398637,28671.049310282848,29147.23498963963,28937.689630231765,28866.277798543964,28889.61357517904,30406.656,28499.213999999993,29399.236326654733,29042.938839027967,28589.746215354928,28891.22674101633,27848.182,29596.242,28647.77733333334,28825.975500000004,28539.15592355968,28539.15592355968,27848.182,28021.068,28641.0
T000014,1988-04-30,140772.94,137493.86,133803.19,144791.22,144098.33,140856.8,136930.8,139090.73,135922.05,136535.25,143642.0,138674.13160778006,137828.65561484586,138382.24333819115,140300.7709766005,137451.02333875498,140244.62170359353,137795.55785210623,139104.09192618387,138047.9644074617,139175.58905504105,139829.43137675562,138238.4305193597,144098.33,140240.15666666665,138496.43645651708,138480.19053838647,139495.76876082973,138456.9931295264,140856.8,140772.94,139705.785,137989.92833333332,139815.0527024448,139348.97796046204,140856.8,140772.94,122733.0
T000014,1988-07-31,134276.2,136132.11,132387.55,128748.37,143564.88,131567.8,137494.97,137414.12,136371.2,137044.97,128780.0,135258.63825446414,134760.28775301945,138146.63155256494,134229.44737392326,137156.40284803673,133972.62795398012,136581.2521715708,134709.0392078262,136972.05763047314,134660.9951401364,136869.61864593954,134872.20872903452,143564.88,134419.37333333332,137375.8602013234,135204.97740099143,135482.76894148914,134629.39115449312,131567.8,134276.2,136554.385,134691.49666666667,135802.1120277759,135317.12984945337,131567.8,134276.2,144710.0
T000015,1988-04-30,33545.94,36925.633,36072.28,39301.73,36322.395,34595.49,37360.47,36094.516,36807.656,37486.18,25295.0,35629.348683849144,35541.19436457157,36912.15656013211,37684.54851611163,36903.22536190175,37858.752123774386,36973.98257688045,37707.945645938125,36979.52378944376,37552.296857562804,35794.984729059295,36788.163394702264,36322.395,36663.912,36848.117061416735,38934.51457173684,35619.085091336354,36010.289906689926,34595.49,36322.395,35715.27166666667,36130.950666666664,35382.34705260736,35678.570116494564,34595.49,33545.94,28852.0
T000015,1988-07-31,39770.535,44094.38,41916.023,37717.098,36247.715,39807.93,39551.977,43013.938,36811.09,40707.027,32532.0,40277.745316661625,40537.100949459156,38441.1014943471,36997.908689411925,37739.362739464195,37618.948705175375,41560.910225992055,38815.05251939935,40401.986567988526,38717.67506515997,38963.83778794792,39137.294428330926,36247.715,40179.65533333333,40136.534289696494,37364.59028104305,39538.81062341626,39552.551148998966,39807.93,36247.715,39957.598,40108.59933333333,39918.31567268486,39919.51560317945,39807.93,39770.535,23243.0
T000016,1988-04-30,624126.4,624584.1,628831.9,630176.3,631065.1,615999.1,615917.44,611712.9,615894.5,615922.6,592558.0,621044.0457808003,621156.1366635207,620688.5713819338,618179.6752212846,618928.7278004427,617730.1693813752,622717.9218642054,620277.0068910951,622062.6951439258,620073.5181903426,619495.998504972,622025.9798097714,631065.1,621865.2849999999,622390.311584379,628598.8167384317,621892.5146678232,621068.0882306489,615999.1,615917.44,620563.6833333333,622260.0066666667,623019.236728223,621633.4466525182,615999.1,615922.6,612695.0
T000016,1988-07-31,609685.3,618318.4,613439.06,617133.1,634546.75,581801.4,616008.25,589695.25,615894.7,616056.1,561684.0,609705.8915608014,620760.194673742,620532.4852834664,617276.942042628,618487.0658369891,617126.1961000246,618728.3224420423,618409.9027350226,619265.3270821681,618126.1207070502,608132.823530661,619368.3671844864,634546.75,621192.0249999999,621327.5021671718,621693.9933686082,617644.6873115144,619186.5889308305,581801.4,616008.25,608323.6333333334,619659.5500000002,619425.6811380717,619191.1594964571,581801.4,616056.1,654950.0
T000017,1988-04-30,144979.36,143600.25,143033.22,147460.33,147143.77,144907.84,144925.8,144937.14,144146.0,145103.11,130036.0,144530.44714093825,144205.56986470104,145047.42223386694,144780.61405027434,144679.7938268477,144802.06778182165,144192.15962728474,144435.0798806707,144513.51628314797,144465.09864722195,145240.84025390257,145029.84391043294,147143.77,144658.69166666668,144890.11449677718,145405.40178488073,144625.52370223287,144447.0501426728,144907.84,144925.8,144952.39333333334,144290.92,144836.0427703728,144822.29189308998,144907.84,144146.0,121898.0
T000017,1988-07-31,148881.45,152901.53,152049.44,141745.81,149253.86,149023.58,148017.11,151190.28,144150.84,149646.4,135511.0,149405.98816242284,149908.51230152912,147557.034559331,147565.9608958826,145969.35948132124,147506.58217359835,150214.15729269577,147508.1086924935,149121.52719832718,147546.42699666083,148347.01333178004,147530.52922983107,149253.86,149336.53,149335.8592330535,146696.29741183796,148432.31611104708,148842.45193749072,149023.58,148017.11,149233.59000000003,149659.2666666667,148463.5467809665,148399.1986040506,149023.58,144150.84,154758.0
T000018,1988-04-30,37722.375,36516.78,36945.633,38162.258,35098.953,37852.98,35652.85,37632.867,35496.797,35688.336,28459.0,36861.70801823331,37036.12304142983,35619.857380781454,36005.09447626754,35628.748759255635,36589.72166072463,36190.70831019508,37480.60247142304,36019.294817878996,37409.60428763607,36521.69151096314,36575.66626757552,35098.953,38162.258,35926.96970147309,37614.686638590196,36553.22075007023,36934.72503181686,37852.98,35098.953,36720.125333333344,37235.844333333334,37080.02068498089,37317.16311413481,37852.98,37722.375,24577.0
T000018,1988-07-31,39819.234,39348.914,39155.258,33814.242,34860.547,39847.223,36271.484,39856.504,35497.766,36597.54,31185.0,38502.10739786344,38632.51869299508,36039.74839276857,34695.39195542591,35787.98627094367,36838.07703395446,37851.79709382986,39264.659177460104,37163.24566495736,39160.49548831576,37563.156730146016,36792.79834716566,34860.547,33814.242,36990.93458413226,34682.75095145449,37781.919552369814,37588.042283657414,39847.223,34860.547,38205.03133333333,37892.168,38746.85580451013,38605.833342129095,39847.223,39819.234,21109.0
T000019,1988-04-30,709173.9,710107.25,715795.44,739408.0,699909.1,708465.75,704117.94,699741.56,701136.8,704795.9,619826.0,704182.4822488775,704564.2214590776,703446.7496504568,704446.6592760843,703233.583332709,704801.3506494025,707992.9842674767,705310.5474234293,706814.9462573532,705461.9490772025,703665.4092104846,710154.1749075606,699909.1,707928.23,707230.5193614629,710040.1834118051,704396.4098696741,704323.2121588244,708465.75,699909.1,704755.7266666668,704873.4816666668,704740.921951553,706083.4081774554,708465.75,704795.9,740835.0
T000019,1988-07-31,679262.2,732563.56,742286.9,695370.06,696967.3,667537.44,715936.0,650443.06,701155.4,722164.8,564637.0,691388.9618668787,710467.2785469742,708536.6785681346,702223.9858267277,705064.7701531482,707346.1241606806,721533.9052461141,705572.8685132461,716540.5866445991,704638.8269888803,685260.5039894481,701837.8579336514,696967.3,705758.9,720629.3756579064,704963.0312715502,694271.0039946246,708452.0289707565,667537.44,696967.3,687988.1600000001,708008.2100000002,688829.7582032867,712958.4375205204,667537.44,722164.8,663858.0
T000020,1981-04-30,124177.51,123764.445,123758.76,125400.64,128576.23,124091.08,123574.125,123739.38,123514.78,123587.62,120615.0,124296.32045576861,124545.2111312459,124755.24898146371,124811.49385043126,124234.46599604578,124605.60388177074,124081.36542308012,124083.69952574486,124314.47012815312,124095.07920772774,124789.01787624042,124906.91316090447,128576.23,123850.88333333332,124428.30785608102,123864.34163163851,124700.85755471796,124765.7244485945,124091.08,125400.64,124643.90416666667,124865.3941666667,123807.3850921588,123691.58282693682,124091.08,123587.62,124408.0
T000020,1981-07-31,125074.38,124753.08,124999.48,125932.41,130393.33,124815.97,123809.36,124630.85,123515.15,123933.35,122262.0,125112.53549898985,125387.00750315622,125376.75988067802,125680.42069263771,124591.99039945594,125420.96903707215,124856.01996242878,124859.54559216117,125024.13773375229,124915.21509609223,125585.34559929353,125796.64111208201,130393.33,124680.52,125132.56771106804,124641.40977518614,125545.77129879406,125613.73698275951,124815.97,125932.41,125530.46,125777.97166666668,124434.02236442524,124252.00834242027,124815.97,123933.35,131643.0
T000021,1990-04-30,148288.73,151219.34,150614.88,152816.58,153687.31,148352.4,153493.92,149259.94,150296.81,152240.28,154517.0,150527.53692634497,152114.97379499258,152012.5412177439,151689.32019499864,151229.4373005826,151642.93314617465,151414.92542492313,151441.31822946094,151573.39870352438,151439.58100577054,150605.89845283324,151063.8791354602,153687.31,151614.144,152666.62951421476,149803.76553550697,150429.09725021254,151885.4331343935,148352.4,150296.81,150184.08833333335,151925.42333333334,150560.5071016318,151485.7520770986,148352.4,153687.31,129675.0
T000021,1990-07-31,148681.47,153042.28,152694.7,145587.47,156841.23,148890.58,155281.92,150595.61,151720.34,153855.77,153713.0,152209.67198648406,154337.45440187436,153832.32451241952,153420.78279433685,152687.4517778484,153268.24932115123,152973.56864790493,153010.40367937868,153090.01943374542,153022.8762563195,152099.12774827084,152617.1186823961,156841.23,153317.96800000002,154335.0045054471,151046.3729785175,151985.2820889031,153845.9573208451,148890.58,151720.34,151628.585,153906.04,152197.4760066286,153218.60839941064,148890.58,156841.23,136911.0
T000022,2005-07-31,334.3099,336.9408,335.80618,329.8617,350.99496,333.6863,338.0504,334.9516,335.74973,337.1483,340.42,339.75695009504665,339.38705287458725,339.86764432127575,350.99496,337.84557943829867,345.19829000462187,337.5385654882816,336.54588991092385,338.1474634716244,336.65263641320917,338.4293079463228,338.08582263821,350.99496,350.99496,339.23693887020687,343.1707275023251,338.2682414791569,339.22418515817753,333.6863,335.74973,337.7722150000001,338.9726316666667,338.8845170229152,339.13885594531865,333.6863,336.9408,338.62
T000022,2005-10-31,334.6527,338.25458,337.80283,333.48538,356.24304,334.20935,339.3371,336.50116,336.77414,338.3108,339.82,341.9625781893743,341.38275899933245,342.0016452171377,356.24304,339.52937729031044,348.85430415644566,339.1303009200064,337.7919483335196,339.93525187419,337.9392492785838,340.22858512635617,339.8366261741568,356.24304,356.24304,341.0190289697895,346.20420827099775,340.06560910253876,341.21664584132077,334.20935,336.77414,339.43916166666673,340.90347,340.81796525045763,341.12957674775305,334.20935,338.25458,352.78
T000023,1990-01-31,1122.6727,1214.5696,1069.1051,1489.3079,1079.9202,1202.8529,1091.9058,1169.7927,1081.7925,1094.2054,1276.0,1153.750849394589,1132.1149879006568,1107.2531029951847,1138.4071622774593,1105.6704705729655,1147.8769566839023,1176.4010744365453,1158.0773189889194,1156.5880029648229,1138.778902327711,1125.6355412581372,1105.6242981162297,1079.9202,1213.186,1133.635045217567,1104.8237622621211,1137.4471591124702,1129.5527654242119,1202.8529,1079.9202,1145.2667666666669,1128.4855000000002,1139.7059409574288,1189.1070750475753,1202.8529,1079.9202,1084.0
T000023,1990-04-30,1089.4965,1191.1713,1025.9895,1001.31213,1090.6245,1093.8303,1131.9976,1132.3483,1081.8553,1153.1282,871.0,1133.9336960892913,1111.4906739574403,1111.5461772928209,1109.893890152804,1096.4330887530805,1123.9057885545706,1152.474212236134,1145.0627615447033,1135.6999705911414,1125.863061672796,1101.1399952097076,1112.522800875622,1090.6245,1099.7971716666664,1136.9171571644292,1107.0473311025785,1109.2967842448704,1099.6737130721633,1093.8303,1090.6245,1113.2210333333335,1095.4945666666667,1108.5683244686861,1091.8624319625887,1093.8303,1090.6245,706.0
T000024,1990-01-31,1416.8436,1313.9366,1304.4961,1605.2644,1317.8318,1405.4664,1403.9147,1429.0001,1341.5885,1379.4757,1369.0,1373.090874051476,1399.941827250601,1352.1589516781223,1419.0567920234191,1351.1068787916051,1419.367809845639,1335.4568892959853,1383.7758615897378,1343.918826417991,1379.2316404021108,1380.835979253362,1376.4687347762851,1317.8318,1414.7238166666666,1367.5072164339365,1379.3255776269348,1384.8410638700486,1398.4432730443448,1405.4664,1429.0001,1370.7778333333335,1391.4395166666668,1389.4528431589233,1399.7365296462385,1405.4664,1429.0001,1272.0
T000024,1990-04-30,1170.5317,1250.1514,1197.8495,1282.1799,1330.6594,1138.1355,1438.7711,1335.7618,1369.3396,1410.9686,1082.0,1269.5775998560098,1243.8714469255108,1361.2576762157523,1254.2329837538714,1360.0004903945996,1277.5649139613317,1295.971258263463,1307.628709420143,1317.3292553762517,1309.2604952287525,1292.2632249557373,1260.5066894933943,1330.6594,1251.2366166666666,1342.758442417202,1278.986535417111,1258.0610738182736,1285.9990173330689,1138.1355,1335.7618,1265.7632333333333,1290.7200166666669,1254.722436752025,1283.9064395032246,1138.1355,1335.7618,947.0
T000025,1990-01-31,1416.8436,1313.9366,1304.4961,1605.2644,1317.8318,1405.4664,1403.9147,1429.0001,1341.5885,1379.4757,1369.0,1373.090874051476,1399.941827250601,1352.1589516781223,1419.0567920234191,1351.1068787916051,1419.367809845639,1335.4568892959853,1383.7758615897378,1343.918826417991,1379.2316404021108,1380.835979253362,1376.4687347762851,1317.8318,1414.7238166666666,1367.5072164339365,1379.3255776269348,1384.8410638700486,1398.4432730443448,1405.4664,1429.0001,1370.7778333333335,1391.4395166666668,1389.4528431589233,1399.7365296462385,1405.4664,1429.0001,1272.0
T000025,1990-04-30,1170.5317,1250.1514,1197.8495,1282.1799,1330.6594,1138.1355,1438.7711,1335.7618,1369.3396,1410.9686,1082.0,1269.5775998560098,1243.8714469255108,1361.2576762157523,1254.2329837538714,1360.0004903945996,1277.5649139613317,1295.971258263463,1307.628709420143,1317.3292553762517,1309.2604952287525,1292.2632249557373,1260.5066894933943,1330.6594,1251.2366166666666,1342.758442417202,1278.986535417111,1258.0610738182736,1285.9990173330689,1138.1355,1335.7618,1265.7632333333333,1290.7200166666669,1254.722436752025,1283.9064395032246,1138.1355,1335.7618,947.0
T000026,1986-04-30,270.17957,275.86453,282.19885,274.81818,261.9335,260.14508,311.5816,276.32504,281.0342,299.6035,224.5,273.6806661240178,277.82832441878855,283.38855512409435,292.51515004680874,281.44877444612075,275.5593760886718,278.64336070005453,285.1442847371027,279.7690943783947,283.5977087612624,274.9067013327425,282.3317371338901,261.9335,299.6035,291.7041567754523,283.249764167089,270.3501393860055,274.68937523568616,260.14508,260.14508,270.9136533333334,275.81764166666665,271.33206743479116,271.33206743479116,260.14508,260.14508,227.05
T000026,1986-07-31,311.41934,280.7398,290.68204,313.2879,275.98865,288.06985,328.66556,299.55957,294.6356,315.03894,268.3,289.22391557001976,291.36442367778676,297.2390095659076,308.381611714941,295.5132275984726,302.1232860019786,287.90084114953044,310.0892999317013,290.95176220736147,307.241703325513,297.06217388100305,303.63282861724815,275.98865,315.03894,307.0222903217591,310.1550957648933,290.4799757133475,292.45740052747226,288.06985,288.06985,291.73546833333336,292.338735,290.82355893210774,290.82355893210774,288.06985,288.06985,227.5
T000027,1983-10-31,7.800884,9.219077,9.714268,4.698638,-0.8394103,8.618111,15.422541,9.272494,9.343812,13.038984,3.9,7.130658456292228,6.999530418841513,8.404680996684103,6.380992116683193,8.597126396454522,6.849534726149273,8.879787390074108,7.965729926122556,8.58760054336045,8.972156059300719,7.738304061519984,5.634827531787396,-0.8394103,6.755434691220397,10.748111315033142,8.341458145096876,6.561365016846825,6.20204082375052,8.618111,7.800884,7.235827950000001,6.535261283333333,6.2418207411423134,6.12624055101471,8.618111,-0.8394103,21.1
T000027,1984-01-31,11.391555,7.9868345,9.703266,6.7989464,9.015884,10.969694,18.822124,8.530181,12.050404,16.110525,6.4,10.030595462814938,9.748026466944987,12.420314518727551,9.194614956619864,11.940598478708115,9.807888989152927,9.692397197768363,9.602914145611305,10.490250627018304,9.194478138382676,11.542526444395822,8.946555206239044,9.015884,9.043095066439964,14.013330945381641,9.382791268294783,9.864603234342255,9.289030746224869,10.969694,11.391555,9.990758750000001,9.311029983333333,9.745628169743714,9.357789106925825,10.969694,9.015884,21.0
T000028,1986-10-31,72724.6,77949.91,77739.08,65828.65,75761.43,72937.96,76595.0,70196.31,76519.45,76612.18,58518.0,73851.86711833964,73677.64348963494,76374.8250997272,75187.38276880528,76234.98844487472,75229.10332150196,77036.27709299012,75170.25979611502,76655.97363845997,75189.57687563496,74233.09682144731,75784.80522387964,75761.43,74467.82999999999,76868.87020015287,74427.61431943592,74196.41276838747,74559.94138307085,72937.96,72937.96,74348.27666666667,74264.25000000001,73887.87702984201,74962.90343510798,72937.96,72724.6,93872.0
T000028,1987-01-31,89997.16,83702.42,83847.14,95488.33,80300.414,87610.69,76894.49,84282.83,76519.92,77052.34,84043.0,84524.90402993264,83639.7891191107,78694.7604690912,81190.31066192278,78188.2127102732,80675.25120061684,81801.60692908482,80138.62959350862,80894.36808393642,80143.28273218285,82514.53720910054,80025.57163678281,80300.414,79409.88666666666,80600.74196508541,82515.24445099698,83786.72570673807,81676.48905178932,87610.69,87610.69,83735.57233333334,82059.57166666668,84415.9007841703,82165.44090929402,87610.69,89997.16,62929.0
T000029,1986-10-31,968.62787,946.1221,902.3634,1061.7097,865.2041,951.62103,955.10254,947.17224,944.7883,957.448,836.0,933.0839940258177,948.2710887077645,931.5544567159294,937.1827634357772,939.7137075044275,930.6197730357464,944.5538239227536,921.6184417661333,941.8040611749661,918.6760882338085,934.9413507786218,951.4162614775746,865.2041,937.2559400000001,944.4972597140293,992.4137729128933,933.6068076631688,961.2164528784851,951.62103,1061.7097,937.2559400000001,948.533235,935.124114632417,958.0689866558495,951.62103,946.1221,408.0
T000029,1987-01-31,1092.6625,1062.4872,1008.08167,939.3772,910.6818,1055.551,995.99084,1063.8938,944.8524,1017.5413,975.0,1014.1214938673935,1017.7366891514873,967.2139524664314,980.2429579911069,957.0604150394984,980.3841038543684,1019.9397634268723,976.9641561374216,1000.1797096204734,993.201259053877,1004.2333480556368,1005.168389308523,910.6818,1021.6881166666668,1006.8315491154373,975.2506473986812,1020.1112005470153,1001.4100136282382,1055.551,939.3772,1021.6881166666668,1012.8640283333332,1019.1755694895493,998.5189055000368,1055.551,1062.4872,812.0
T000030,1995-10-31,303.0812,373.09933,378.20862,314.56976,338.1763,333.07822,400.37262,331.64337,374.9805,390.41602,207.0,350.30493989111284,362.9059947267077,371.5535953257267,368.45564226133763,371.2628586239253,373.4547316172037,371.3854966407435,354.47879429276026,370.3544844618109,364.6667333218366,346.6138625909296,366.5719853512897,338.1763,351.72691,377.5935488551482,364.12610642735524,342.8377781589698,353.5459802535291,333.07822,400.37262,342.34315333333336,352.7092066666668,339.93365896092826,354.1041200546614,333.07822,331.64337,394.0
T000030,1996-01-31,435.02344,410.76782,407.88303,464.22034,357.3058,437.09116,414.57343,437.7845,386.2865,403.2465,393.0,403.4763034525133,415.0157035445643,390.8130251227014,416.70450303143707,390.0814572084518,415.3180133016413,403.76657287581514,423.46340477199055,399.70609324511946,419.1974315407622,408.50753892039097,414.17623911726264,357.3058,424.79843500000004,406.39362735648683,404.23402120719163,421.2358676928209,420.52295649499246,437.09116,414.57343,410.70987,420.254475,422.47840587587245,423.94584649938446,437.09116,437.7845,307.0
T000031,1986-04-30,439.44083,455.54288,458.89734,440.09982,455.1532,441.3591,474.83517,449.33972,459.03827,468.64093,394.42,452.3129875942524,461.33103100032895,461.2799104762392,459.8197912144748,459.4755187543274,459.9594455705875,457.2451904310172,458.9832476800467,458.1474489176412,459.4650394160953,452.7790363429133,459.90683749610923,455.1532,441.3591,464.00176077740565,460.11538841032245,451.2872183908576,459.66215072887206,441.3591,468.64093,449.97900000000004,458.06106500000004,450.13017642078864,454.5463115770742,441.3591,441.3591,352.98
T000031,1986-07-31,486.7445,467.81372,468.81085,509.99448,475.20615,479.64246,483.66977,485.80438,466.0719,476.62305,457.29,475.39856014302677,478.1095761780913,473.3810420600622,477.5820290677602,470.6187978815099,476.81820913477384,470.4011046514499,472.9704442308153,471.63283266946746,473.3208704576874,478.670389250824,477.65158040818847,475.20615,479.64246,478.28685789376584,485.87368893775346,475.3802641407969,477.03066886810564,479.64246,476.62305,476.88051833333344,477.83628500000003,476.193277384368,475.98939198106433,479.64246,479.64246,463.89
T000032,1986-10-31,132167.0,108637.69,111880.05,99827.34,108344.266,123505.22,134223.66,120635.94,111827.8,125441.914,93746.0,118869.76339993661,116048.62172387564,115925.5556097735,111088.0573453059,113282.83144300786,108993.01378744128,110953.03089344625,110614.67589335414,112145.67628486494,113524.8194314357,120522.77532805139,111851.17052754003,108344.266,118343.53800000002,122909.96366876017,108879.15850232,118378.50561396977,116530.75602964836,123505.22,132167.0,117519.65266666669,116051.26100000003,119341.97672692736,119341.97672692736,123505.22,132167.0,89407.0
T000032,1987-01-31,109553.195,98500.84,104297.45,125957.016,102860.68,107094.8,146748.75,110084.195,121799.695,136758.4,70472.0,108113.33233390786,112906.21681020406,120722.58525788048,115660.40477285716,120438.46515748372,106956.41332274518,108150.5014218906,111657.5502249407,112379.42826305031,110158.89013302968,115026.91434236558,112079.00199953954,102860.68,122492.995,124747.49546093473,100527.87116556552,109135.54980195337,113148.0350828458,107094.8,109553.195,108315.56750000002,112891.59683333336,110178.59945998706,110178.59945998706,107094.8,109553.195,150123.0
T000033,1988-01-31,883.85535,885.4557,880.024,897.8601,913.7593,882.2358,886.1355,886.46375,876.902,882.5149,896.0,888.4431283627277,885.7626466756371,889.0191634625608,883.7965717025052,883.8767032238845,883.0999876560235,886.0379978053614,880.5495561860184,886.9417483255185,880.0793948491539,889.0260657230436,887.8502295962279,913.7593,897.8601,889.8151923617256,895.0868329245684,883.0905223032971,884.5985391004164,882.2358,885.4557,888.1119833333335,884.8235583333335,882.6793535143901,884.5384976457664,882.2358,876.902,840.0
T000033,1988-04-30,878.89703,882.4804,874.729,865.3138,929.79724,878.32117,891.29944,881.8853,881.01324,887.18054,873.0,889.4847597099881,877.6885812476021,894.6592159787987,878.4316119530313,887.9467182400243,878.8444448373108,885.6062086056704,879.4433433566908,888.1156151237232,880.0879402766013,891.6083801383053,888.3053205565906,929.79724,865.3138,892.9506207772677,891.9361432044259,881.5948430764655,877.265596429511,878.32117,882.4804,888.7323966666669,877.2904850000002,880.6196091462169,877.2641543743209,878.32117,881.01324,850.0
T000034,1988-01-31,2141.5735,1728.8141,1756.5084,1589.2786,1519.1348,2036.1119,1703.2021,2078.956,1648.8855,1715.554,233.0,1857.4315608201966,1773.212344710797,1643.9343054416881,1743.0613190002064,1644.518606476345,1737.8394333652575,1692.508076147071,1751.5174840904524,1674.08394797517,1754.4212611465416,1836.3068477818938,1760.5773128302365,1519.1348,1968.8331666666666,1691.4346675924733,1700.0021979094781,1855.5057679078445,1762.174373630417,2036.1119,1648.8855,1858.9126333333338,1764.8460000000005,1864.5422645216613,1827.8037085581138,2036.1119,2036.1119,2363.0
T000034,1988-04-30,2562.2124,2500.854,2610.835,1770.9674,1455.7524,2464.317,1918.5297,2407.4902,1649.2229,2032.0197,456.0,2149.9230765923735,2180.9990518771483,1795.0424111286088,2133.5281486553436,1735.0591627598542,2161.7144371605477,2190.948535833173,2276.0075254737485,2046.0097995723133,2268.332296605421,2043.4807667355603,2177.329513913642,1455.7524,2509.1277999999998,2050.9418079110733,2306.733886601316,2170.0049200250455,2150.8270898897217,2464.317,1649.2229,2173.30815,2195.9630500000003,2176.1396882018685,2166.367610870512,2464.317,2464.317,3348.0
T000035,1924-07-31,25757.945,25161.984,24892.629,25599.715,25679.55,25529.59,25545.342,25250.19,25390.83,25580.477,23357.0,25459.30047131169,25574.887901843897,25477.267773072374,25542.931749374256,25435.26023087886,25570.11906157266,25291.25072341295,25547.036754166445,25357.110713093647,25550.17937592812,25527.626274001195,25494.86606935297,25679.55,25246.172,25498.066027707217,25611.91339576047,25474.52239329153,25558.764840895055,25529.59,25580.477,25461.681500000002,25554.250666666667,25447.868734692616,25511.302503827246,25529.59,25580.477,26208.0
T000035,1924-10-31,26437.336,26799.922,26458.12,25991.178,25997.248,26202.291,26157.87,26227.785,25391.79,26480.707,24115.0,26291.410109433673,26151.516898947593,25950.288518829806,26084.642276047576,25706.470009034267,26109.33993521505,26396.662456641552,26206.996704503203,26226.708218378386,26238.746050779388,26043.587668132495,26080.251615526642,25997.248,26224.648999999998,26354.241281769646,26186.892808225213,26015.797787605057,26083.08967118587,26202.291,26480.707,26176.062,26036.847333333335,26005.927591486063,26101.17308233946,26202.291,26480.707,26630.0
T000036,1923-07-31,463.85828,418.98578,416.12405,475.7624,437.51715,464.35944,456.56174,433.19913,445.77875,459.0138,291.0,438.1510931827263,433.06792783077657,444.1911214310535,428.20823462321664,444.8869510667839,429.85078841724936,430.6594684091333,440.82943895717625,435.86747775664026,439.3424916617156,449.9851086248656,441.52435723627895,437.51715,416.12405,445.74566072230823,431.2174597988971,441.36986080576014,437.6389106844209,464.35944,437.51715,443.94975500000004,441.1039083333334,433.35761134916345,436.2969929845244,464.35944,418.98578,453.0
T000036,1923-10-31,492.6773,536.8887,579.9666,463.92523,433.71234,492.90536,499.3086,470.90845,445.84573,521.8387,305.0,473.47537740132776,501.91314250875246,471.0606376352598,496.7934991284579,459.6870658052585,495.6121387519145,507.0484269463265,483.62298977300213,493.5001189842604,485.9709192817303,470.1114250838586,493.88283722918516,433.71234,579.9666,503.09896533514166,519.7654866189965,479.3598132258806,496.7221514811971,492.90536,433.71234,478.82298000000003,496.9993383333334,483.9096104778764,504.9085056058117,492.90536,536.8887,412.0
T000037,1988-04-30,44766.28,44988.69,44931.11,47748.727,45314.4,44306.195,43137.64,44639.113,43094.105,43147.54,34632.0,44763.113524914275,44412.69585017163,43925.44213676157,43715.50114799543,43669.56832835934,43734.99420313035,44555.83113352069,44552.96011424244,44372.560727793054,44205.22772970849,44242.560944204364,43922.930948751826,45314.4,45342.566999999995,44155.78137831587,43532.196358170266,44548.92643261507,44146.10178752443,44306.195,43137.64,44518.13050000001,44212.90916666667,44576.700427616925,44234.35530096506,44306.195,44766.28,44496.0
T000037,1988-07-31,44137.406,46857.76,46168.68,47338.855,43876.258,44792.992,43310.223,44142.836,43094.38,43401.18,35165.0,44878.15167889049,45133.40054890238,43874.117100391704,43867.34137814012,43652.730221816266,43932.06819218949,45611.45265560676,44665.44423665447,45027.940387166454,44472.785085323405,43919.46284196679,43994.294319988076,43876.258,45528.6585,44599.16279665664,43543.183994190666,44556.68106067673,44668.89586047028,44792.992,43310.223,44483.60533333334,44778.04016666667,44601.23008412602,44688.11994153121,44792.992,44137.406,43264.0
T000038,1988-04-30,6171.416,6080.9683,5932.4478,6795.154,6727.0586,6115.5234,6114.7573,6068.0854,6065.9995,6125.8447,5639.0,6231.777217841139,6260.945256095536,6245.493916263772,6727.0586,6178.249182479322,6687.579315905453,6147.453148534077,6145.748837508343,6187.375567068781,6169.723611918404,6231.328253206162,6393.094034318793,6727.0586,6190.361899999999,6217.511833884679,6233.846976783538,6347.76110852578,6378.137859586146,6115.5234,6727.0586,6204.8418666666685,6316.277600000001,6306.951175968937,6364.068064692367,6115.5234,6727.0586,5707.0
T000038,1988-07-31,6538.3506,6461.1064,6237.967,7485.854,7036.7593,6421.049,6308.0474,6473.2524,6066.3022,6409.923,6030.0,6533.504659618703,6535.7221787049075,6434.924103180531,7036.7593,6295.791760875228,7013.142599630012,6443.574346865944,6385.796178179818,6448.988499078567,6412.012791099661,6489.894670715288,6734.95355940678,7036.7593,6500.5466166666665,6494.772852753742,6467.472515438195,6617.784238383896,6678.751220309278,6421.049,7036.7593,6499.469983333334,6648.85665,6573.492438459167,6674.433128665103,6421.049,7036.7593,9701.0
T000039,1988-04-30,196902.95,199550.1,198596.2,183778.75,195865.36,194162.95,219082.97,199354.3,198142.16,210871.78,182222.0,197710.1578869217,206066.04711761203,202693.00630085554,209148.93773628367,199888.92178491812,207463.26425908424,199999.21723023232,202704.36328383893,200353.75203380818,202782.39519499234,199718.6594074149,196980.081256582,195865.36,201300.362,208488.8327706778,197307.9697486103,197587.22588058538,204503.44696990424,194162.95,198596.2,197329.6366666667,204266.25166666668,197545.4962316154,205465.32026649796,194162.95,210871.78,165275.0
T000039,1988-07-31,204486.44,195404.14,202877.92,196837.45,198223.9,205289.44,230794.31,192653.28,207466.19,221453.03,194522.0,200210.5520804497,212823.46829960684,209377.30481709327,217435.03699611154,207616.9984677598,215794.87418108212,200839.80141560253,208828.66015290504,203367.3526772268,208749.4180596477,205801.71950511966,201776.85771583876,198223.9,210359.026,215378.46178612727,200850.2918404675,200321.73611734636,208962.91574139404,205289.44,202877.92,200587.23166666672,208441.4783333334,200561.62714254402,213806.46657709117,205289.44,221453.03,169878.0
T000040,1988-04-30,14504.182,16281.687,15611.855,14868.791,14721.658,15650.4795,18137.506,15776.6,15604.448,17144.258,15708.0,15535.654737031704,15428.098366063623,16094.214483727035,15204.997581597863,15810.020139409358,15338.161383268214,16128.443484782987,14673.942337240485,16058.230458065942,14711.810964071245,15657.384452016466,15248.641957192349,14721.658,15842.416749999997,16849.782871201787,16083.43125953196,15400.582426797726,15251.18233384277,15650.4795,14868.791,15423.175750000002,15300.566249999996,15557.432275705887,15738.273054870617,15650.4795,15650.4795,12763.0
T000040,1988-07-31,17338.578,18294.176,18795.99,10877.899,15500.201,18353.875,19554.14,18755.508,16732.309,18424.195,20386.0,18033.21667005797,16879.15781368531,17239.036722110122,15698.351243285782,16846.26697382609,16503.809498736242,17644.968843757983,17321.712388897395,17366.787253195853,17284.12419470203,17568.14377079225,15945.98879391309,15500.201,17202.443,18224.891561966775,17635.156739696264,17506.076902098597,16049.328141625505,18353.875,10877.899,17495.774500000003,16520.0395,17953.483696642725,18065.675813615373,18353.875,18353.875,14416.0
T000041,1914-07-31,11020.652,10828.744,10647.143,9562.208,11056.824,10847.968,10764.325,10974.252,10560.419,10684.371,10219.0,10921.225206766625,10907.743706371088,10741.71583647799,10886.429954485833,10637.912618213904,10878.438189696179,10745.58247323445,10941.918939599354,10722.80116942538,10942.935688031608,10868.23308371562,10871.745976893875,11056.824,9562.208,10802.412548908498,11004.474066674898,10890.014960892453,10883.04851373361,10847.968,10847.968,10881.476500000002,10870.74,10906.649446210728,10607.51542523845,10847.968,9562.208,6317.0
T000041,1914-10-31,12892.41,11854.109,12002.24,9759.295,11296.342,12286.366,10878.362,12345.939,10651.21,10787.403,12726.0,12048.760702709853,11868.976811705938,10989.71644991259,11843.279587706415,10828.772900730266,11959.876952455585,11426.293305721552,12227.889214382772,11245.988754164522,12230.030674500471,11688.609645077058,11715.511833137902,11296.342,9759.295,11281.016206039558,11786.46227838049,11938.622690400767,11840.154433515458,12286.366,12286.366,11887.729333333333,11725.104833333335,12132.70837601948,11674.059543311123,12286.366,9759.295,4075.0
T000042,1991-04-30,2033.837,1997.9534,1998.4076,1904.1652,1973.4324,1981.6278,2115.8853,1896.0575,1941.9875,2047.6975,2047.0,1968.6559065642446,1988.4957978894424,1998.1223204535513,1982.4579457768948,1968.807757139135,1984.8328452781814,1990.5515173471583,1991.890300378675,1988.8480780159043,1991.0255928666274,1985.791046197287,2006.3724237334368,1973.4324,2016.8572499999998,2067.240053675853,1963.787146073374,1969.052896064509,2004.5605430654557,1981.6278,1896.0575,1970.8159333333335,2006.271516666667,1977.497957082203,1977.497957082203,1981.6278,1973.4324,1554.0
T000042,1991-07-31,2245.2385,2180.6987,2203.3882,2122.148,2086.2788,2170.4414,2213.1392,2128.2861,2019.4166,2135.567,2364.0,2131.574616088562,2170.7905367304506,2103.70057666913,2172.7313017202855,2065.524890932957,2174.27441263781,2140.8191738531036,2171.794207615794,2124.0632216769673,2180.359247948695,2135.88530836001,2170.976194207959,2086.2788,2183.1974666666665,2194.890382018669,2158.8835011219276,2144.656329251158,2170.552967256605,2170.4414,2128.2861,2138.3933500000003,2171.9201000000003,2146.580192257813,2146.580192257813,2170.4414,2086.2788,1767.0
T000043,1991-04-30,110.90326,116.11996,114.406746,115.053795,116.83334,110.37277,119.41238,111.79116,114.02616,117.30037,122.0,112.45041763477712,113.84998856508327,116.26540523884735,110.95015090908294,115.18124251405652,111.45020254239532,115.94452617154101,113.2969442507418,115.93960946349453,113.15675040186817,113.84437609465576,114.21892171223753,116.83334,110.90325670846119,117.7770442203795,111.17330116119197,112.64836757042981,113.23625161374504,110.37277,110.90326,113.34110833333335,113.96768333333334,112.36970501594868,112.36970501594868,110.37277,110.90326,98.0
T000043,1991-07-31,111.914185,119.73446,119.27509,118.452736,121.6149,112.10538,122.42467,115.66927,116.42441,120.02199,123.0,114.96099422149918,116.27973098825458,119.5240621556129,112.8545564255509,118.07397427659043,113.26741861336617,119.33039698426718,116.00037975730694,119.26200179843265,115.89692588921815,116.70053831834795,116.82410741941499,121.6149,111.91426638238205,120.93595600311681,113.03913835061628,115.22037859294542,115.53173422083978,112.10538,111.914185,116.24376750000002,116.42665083333334,114.91026883872868,114.91026883872868,112.10538,111.914185,119.0
T000044,1981-04-30,85.83977,89.59902,85.68091,82.47308,88.59753,88.18693,89.85281,88.967125,88.98213,90.050804,76.0,88.21071305793888,87.72805466288943,89.12141314084111,86.98522534274952,88.90761746296894,87.06430383010076,89.22551192495821,88.17531024196944,89.0885225113609,88.00597244698031,88.43949057361966,87.5468512848621,88.59753,82.67063137824479,89.08018981327655,86.19285797083506,88.33855284928745,87.34349543573026,88.18693,82.47308,88.36208416666668,87.84326750000001,88.5128732502685,87.23586947809422,88.18693,82.47308,87.0
T000044,1981-07-31,98.359344,102.42297,96.70587,94.89965,91.08205,98.8527,93.30443,102.45184,88.98754,95.12362,91.0,98.4610477458561,96.31357983471825,92.55421140307789,96.15124396556674,91.1155818566411,96.83072146652248,98.01669209081501,99.49021238249343,96.03075001913864,99.1530213311399,95.19332014323547,97.16327204304334,91.08205,94.7980235058843,95.49599075005564,97.73786776639139,96.53718591205353,95.12007431718196,98.8527,94.89965,97.02607400000002,94.92970166666669,95.01260232654772,94.35671860594768,98.8527,94.89965,92.0
T000045,1981-04-30,2.3119254,2.3120906,2.3340857,2.3508346,2.0584025,2.3203864,2.2713156,2.3073523,2.2699726,2.2716177,2.02,2.306239493072185,2.293730850216988,2.2282900722436074,2.3095682432638007,2.249362421149661,2.31011269768754,2.2837221891691724,2.3025932513768326,2.2661505740122454,2.2998836336342854,2.2484560933111317,2.2965458512349715,2.0584025,2.302536544447323,2.2567598673925273,2.3026278930592268,2.3043339365823132,2.2948277399882375,2.3203864,2.3340857,2.263354966666667,2.29440575,2.304386714198773,2.2951717068137487,2.3203864,2.3340857,2.28
T000045,1981-07-31,2.372223,2.3850858,2.3638055,2.397679,2.2043536,2.3705366,2.2766268,2.3997629,2.269981,2.2794228,2.16,2.3697952978368266,2.3360396676067974,2.273248860435009,2.3613908457058135,2.2757507894725233,2.362692362032415,2.3406935613331226,2.344387975234201,2.31825782098811,2.3474098860044266,2.3103235558951214,2.324263859507224,2.2043536,2.3443033915027014,2.3010692099220957,2.3444284515340743,2.359756046432864,2.3297574182135774,2.3705366,2.3638055,2.3336571500000005,2.3291141333333334,2.360026188546006,2.330385294765964,2.3705366,2.3638055,2.27
T000046,1991-04-30,102.25583,107.882805,105.96738,111.43564,106.00581,104.04858,108.98402,106.80652,107.979385,109.21246,88.0,105.31506203297711,107.16973252074234,107.86297131331372,108.56472551721501,107.95896980047863,108.3585964497768,107.98265954991744,108.7032274371032,107.98342271396649,108.49343312369237,105.9804166491249,107.57221959451397,106.00581,111.42113002277983,107.78559531378983,108.58476801618843,106.41165040730496,107.4246782757946,104.04858,106.00581,105.82982166666667,107.35979000000003,106.2392963303611,107.15183434651351,104.04858,106.00581,88.0
T000046,1991-07-31,113.22693,121.0127,116.86154,117.876205,109.65177,113.61654,112.966644,118.8703,107.98563,115.06572,101.0,115.79061906618446,116.76971429935607,111.67067687928515,112.44676289802159,110.23667678560517,111.63615182066579,116.92062970253556,113.95092688346591,115.05881277027306,113.39571678046987,112.40834079572846,114.62584784575152,109.65177,117.85434086007118,114.56688719006894,115.37515597990453,112.65967241555447,113.48810388104124,113.61654,109.65177,114.06064500000002,114.83552416666669,111.99431121298379,112.88288057748842,113.61654,109.65177,99.0
T000047,1974-04-30,111.3234,132.90005,128.93587,127.98223,127.189255,117.91034,130.13121,122.89589,129.99725,130.16167,93.0,124.79099128772147,121.6922908210472,129.71937596118434,121.4758765735006,129.83798681387464,116.53023762660234,131.54063063434972,118.94192738239389,130.8691296269535,118.953359473393,123.46876966067765,124.55785686589584,127.189255,130.16164675122155,129.257812683226,120.75380652923889,121.52337813137417,123.54107505977004,117.91034,130.13121,123.7026975,123.73662666666667,120.22251631377162,123.0849668560728,117.91034,117.91034,89.0
T000047,1974-07-31,139.97801,139.55827,131.4612,155.06874,132.835,135.83595,130.66222,138.14752,129.99808,130.9421,127.0,135.98903124864125,135.477203000926,132.4369237438582,134.70526154226388,131.96070469102128,137.46701467029715,136.88768972934977,136.00846336136357,135.57635471526348,136.1067409843281,134.35302426634684,133.24664815481498,132.835,130.9418863799046,134.57655000170328,139.65715694464765,136.24629523611338,134.17414250255854,135.83595,130.66222,136.058805,134.2606466666667,136.2644642201707,134.44342439871738,135.83595,135.83595,116.0
T000048,1974-04-30,151.51288,146.48227,146.15547,150.06396,140.03271,151.37088,149.44322,150.4666,147.96977,149.77829,126.0,147.08057575198276,148.52777039051261,146.42710371822517,150.4441267336619,147.1095010223484,150.37533222431244,146.7085345450797,148.75469653428533,146.6673504232006,148.95586681414667,148.08394693568005,149.85951334960038,140.03271,150.4671464045897,147.32941453924013,149.9926432902895,148.68868931303345,149.34396768692963,151.37088,150.4666,147.97251833333334,149.23855333333333,148.41611309326905,149.2064908174124,151.37088,149.44322,134.0
T000048,1974-07-31,157.35211,162.66714,158.97864,155.40283,142.82202,157.01039,155.28441,160.32108,147.97893,158.36305,130.0,154.71978470971658,159.93160794541157,150.97831071352624,157.88384241481123,149.7587385039192,157.98942108406868,157.6285561312716,158.0420343735441,155.23894892087174,158.69013496531875,152.78733662281553,157.87576520936335,142.82202,160.31952442198596,155.55453726617824,158.38335150484653,155.82946089214394,158.55270197386662,157.01039,160.32108,154.691945,158.602295,155.50597831510177,158.5576884671816,157.01039,155.28441,144.0
T000049,1974-04-30,21.921032,23.133589,23.615934,19.178247,22.074476,21.596,25.158178,22.239248,23.46537,24.4944,16.3,22.244246550487784,23.0253308007676,23.451223441390077,22.759105617505135,23.326685068125986,22.478255850718597,23.164830558938345,22.85697022927207,23.18503806827764,22.614152283445712,22.64905438665751,23.158376482035916,22.074476,22.65928385840191,23.89642279732004,22.773929627342095,22.343637976563755,23.170811909560534,21.596,25.158178,22.404952500000004,23.17079866666667,22.329966766975076,23.109913158559635,21.596,22.239248,16.2
T000049,1974-07-31,26.834461,24.684555,25.011686,26.967705,23.649511,26.114868,26.104897,26.674053,24.2191,25.349766,23.9,26.039686012064053,26.161548845381727,24.65023259500154,26.309674826631618,24.47664976139977,26.33732256069913,24.68884222793166,26.13999005375828,24.675424321883522,26.180239758490277,25.44715772127428,26.062958803549304,23.649511,26.410031794215822,25.35815374291703,26.265516889983978,25.6890177419528,26.0526450341825,26.114868,26.104897,25.362758000000003,26.01495516666667,25.71262040854543,26.0718574372881,26.114868,26.674053,25.7
T000050,1974-04-30,189.9565,189.51315,183.01979,164.29703,166.42535,187.04773,211.81888,192.94673,178.73215,198.8451,185.0,183.19156761426675,189.28988021685151,185.1144061316524,189.30313615624885,181.33433743981072,188.29144185731366,186.56932061293062,176.4681068132842,185.22626399467327,181.98888007100925,185.9602706576611,183.69933538216026,166.42535,189.8260622122276,196.8940362200199,183.00332692727065,186.53044586270562,193.84694623399986,187.04773,198.8451,184.1036016666667,191.49613333333335,186.48571363364664,194.0453901706456,187.04773,198.8451,155.0
T000050,1974-07-31,174.1432,176.39874,171.35954,157.17406,169.62994,171.99442,230.32294,174.96693,193.46422,215.56361,158.0,177.872541921386,190.29951671033868,194.30116890751987,173.29284020883694,192.1292793214828,173.31148346864066,183.0000763778628,167.51728916845406,186.00165158107907,170.2369977049884,184.01919816366618,174.53578287446356,169.62994,173.96254344683777,202.7720915526819,182.90686537394006,180.17876478745842,199.0559905136754,171.99442,215.56361,176.7662416666667,193.18391166666666,180.25939794539605,199.46432812984992,171.99442,215.56361,155.0
T000051,1979-04-30,20.402319,20.186644,19.060785,20.091112,19.418169,21.259678,19.131205,20.530369,18.997252,19.161663,22.0,20.231407494151316,19.610041522402092,19.297863880026462,19.393813113269825,19.196542933703004,19.387326877509174,19.803356606195116,19.78788516664646,19.62902407149065,19.798735068962884,19.970965711931846,19.687900619554135,19.418169,19.43770982816015,19.518934016539486,19.882264893589497,19.717546855901034,19.50352878559523,21.259678,19.418169,20.13240516666667,19.554070666666668,19.78946719932012,19.362492562129283,21.259678,18.997252,19.0
T000051,1979-07-31,22.206625,21.09409,21.00196,18.37763,20.663486,21.979897,19.662224,22.144428,18.998083,19.942097,23.0,21.36528605704486,20.672007035247724,19.83449271820707,20.56711933667186,19.45149658029728,20.33887724564051,20.452803526361386,20.97993836902335,20.197776380333764,20.91145144970143,20.91436151901242,20.406147916722617,20.663486,20.668751647687507,20.23972098709133,19.871917606172325,20.640471939645998,20.575828296739566,21.979897,20.663486,21.181101500000004,20.594045166666668,20.673191170049343,20.332025961523424,21.979897,18.998083,20.0
T000052,1979-04-30,42.875977,41.36699,40.381416,40.306988,40.16768,42.50827,39.45921,41.641598,38.99038,39.56582,42.0,41.61761809087062,40.7285116460653,39.713271713614525,40.27723229971292,39.431961397894355,40.59688689352518,40.61805428692262,40.93015611712525,40.290583360753395,40.77384167569359,40.91022832117102,40.164105680472105,40.16768,40.226105580814604,40.318684541845386,40.41516670503396,40.913049197037516,40.43521332236293,42.50827,41.36699,41.2584825,40.475842,41.13211874186289,40.81671583905547,42.50827,41.36699,35.0
T000052,1979-07-31,41.183746,41.35573,42.472797,40.29496,41.154408,41.889584,41.31777,40.384163,38.993294,42.297337,40.0,40.87684278195329,40.8769828825884,40.51736345861656,41.03004955876463,39.81883318366068,41.07912134365503,40.874707033290946,41.60391777656263,40.71235366791475,41.44470376718017,40.83227396169889,41.08136358960299,41.154408,40.92448290297942,41.361104156221934,41.417982332553585,40.760476002256055,40.84385697058393,41.889584,41.35573,40.826820833333336,40.775892000000006,40.79972554873924,41.01328817288389,41.889584,41.35573,40.0
T000053,1979-04-30,73.74115,73.60862,71.36915,70.17013,72.46681,73.52396,72.72161,74.07711,71.984886,72.889145,69.0,73.56978045145414,72.79163613343871,72.48336607554508,72.25494457668078,72.22139608121718,72.36340736154622,73.03412613822643,72.21377695771102,72.79386143870006,72.39175280735925,73.03105619750679,72.38394862361933,72.46681,72.46681000001584,72.87280013962626,73.06463700231,72.95247296320379,72.39492717312737,73.52396,72.46681,73.23375600000001,72.66067433333335,73.06001774133345,72.16911457212098,73.52396,72.46681,64.0
T000053,1979-07-31,75.73748,75.33487,73.83625,77.628815,74.73013,74.99517,75.642204,75.361275,71.98946,77.181526,72.0,75.03008651395135,75.56888163373603,74.2455892415,75.14884101548068,73.28059572700762,74.74319115372494,74.78154228847302,72.8201217646439,74.58882772899665,73.3959818170409,74.63917932604791,75.18689684651667,74.73013,74.73013000055285,75.50482734700125,75.28690407832858,74.5014473277791,75.04579536980349,74.99517,74.73013,74.69139750000001,75.07372166666667,74.55769728535594,74.72144368769314,74.99517,74.73013,72.0
T000054,1979-04-30,120.82215,118.67909,114.98152,109.85693,118.10777,119.39119,117.65601,119.106636,116.98626,117.80831,111.0,119.42146889488694,117.1030615128887,117.5360967898328,116.20910495262532,117.14317107128477,115.83488429050678,117.9580471403253,118.16826003501232,117.68956245787044,117.9204940602448,118.61125733477874,116.82963903144196,118.10777,118.09974182680311,118.03948781647131,118.78682772950799,118.98509485099585,117.39341427775375,119.39119,120.82215,118.84884933333335,117.37848933333335,119.05467287096627,119.05467287096627,119.39119,120.82215,124.0
T000054,1979-07-31,140.3211,131.30623,128.7455,126.987595,123.32606,134.74881,120.3111,135.98499,116.99042,121.71048,135.0,134.77274630229428,133.37396716736777,121.3988110264821,127.87608273285505,119.70415174757443,128.16016476971345,126.87390347251967,132.89631676668415,124.92261189179112,132.72918807619345,128.18684979329547,127.5071049697719,123.32606,123.32945941919424,124.88146700314304,127.60066782376686,131.08929297726584,130.34806630355763,134.74881,140.3211,130.44626833333334,129.72649583333333,131.81319500066115,131.81319500066115,134.74881,140.3211,140.0
T000055,1988-04-30,972.70337,964.10724,950.00037,1017.4388,988.4685,968.9636,976.96967,964.32104,970.87494,978.3556,894.0,970.007199822039,968.6214665233219,976.5984406341328,983.516171734139,974.7198966024057,983.4914192010153,969.905493143068,974.0456913684543,972.7403706575309,973.6767043469958,974.1902740284754,983.9208211703298,988.4685,978.6671775,976.3726129574513,974.9114191240885,970.3836957583956,967.5568747282261,968.9636,970.87494,971.5731150000001,967.4381433333334,975.9179777348446,976.8862622605188,968.9636,970.87494,899.0
T000055,1988-07-31,1010.1139,1028.0171,1008.0709,1090.7822,1011.00476,1001.61334,1001.131,1008.67285,970.9128,1013.86536,932.0,1009.0464466103931,1007.516682401127,998.3878693187969,1024.583979902564,988.3251169147283,1027.3176012498698,1015.4932330628557,1021.8278559078833,1010.1510518365337,1020.9634847178888,1000.0663145066602,1028.393741969119,1011.00476,999.22848,1013.2889030905809,1015.9158118159528,1002.8127307762397,1002.9403195060677,1001.61334,970.9128,1005.0557916666668,1005.1116683333336,995.7177105981874,999.9263733634724,1001.61334,970.9128,931.0
T000056,1993-10-31,111.856926,112.82223,110.78939,115.38716,113.975494,111.50127,109.55248,111.90516,109.4989,109.56467,116.2,111.7742237657312,111.7742237657312,111.0479360797591,112.61238282804163,110.51131857047925,111.96875162843175,112.03350863099776,110.90078819643472,111.72128141726681,111.15188691861374,111.48324254077887,111.764210606937,113.975494,113.9622321664322,111.34512584011283,113.33063789028704,112.05350403611638,112.05350403611638,111.50127,111.856926,111.92666333333335,111.92666333333335,112.29306664352097,112.7845180645236,111.50127,113.975494,125.3
T000056,1994-01-31,111.95385,112.37327,110.24344,107.556595,114.886566,110.914444,109.76489,111.50867,109.49924,109.87684,107.9,111.45778649218461,111.45778649218461,111.14320501738622,112.12805620469204,110.38879208248018,111.9286977875116,111.6103632137894,110.72327574372466,111.37162980424549,111.06664762397577,111.53298724261748,111.58609120534325,114.886566,114.85401064247772,111.30219789442658,113.60518239962556,112.00854652052227,112.00854652052227,110.914444,111.95385,111.85600666666669,111.85600666666669,112.39027648004374,111.70667020426964,110.914444,114.886566,107.8
T000057,1988-04-30,4747.4673,4750.98,4783.2925,4793.5063,4800.273,4685.6694,4685.0503,4653.0464,4684.8765,4685.0903,4507.36,4720.572366382063,4736.346792882128,4721.3434524833765,4702.259892545481,4707.956811611149,4698.840494255551,4736.78250048756,4718.215487716498,4731.797448156003,4716.679672734262,4712.2643183877,4731.515809832719,4800.273,4721.25402,4734.28810615882,4781.52428572643,4730.501101411443,4724.229720657671,4685.6694,4685.0503,4720.385433333334,4733.296066666667,4739.071888623421,4728.532033263631,4685.6694,4685.0903,4660.54
T000057,1988-07-31,4637.6987,4703.3213,4666.2,4694.3,4826.7563,4425.5513,4685.7407,4485.603,4684.8774,4686.105,4272.52,4623.649464054313,4737.405565095469,4720.1561398025715,4695.391879487576,4704.597181251555,4694.245728807955,4706.436484199102,4704.025946533955,4710.519892865514,4701.86073043024,4625.846724360413,4711.301815954969,4826.7563,4717.360140000001,4726.209119802623,4729.0399987634655,4698.191706568627,4709.918768326898,4425.5513,4685.7407,4627.301333333334,4713.5167833333335,4711.739719519954,4709.953635496329,4425.5513,4686.105,4981.96
T000058,1987-10-31,892.0291,858.09045,858.3176,771.0851,857.6587,892.1265,949.03564,821.92175,844.6199,908.09283,876.08,855.7940296130216,867.3242635895613,873.6811156104081,884.2943699321297,856.8605889458813,868.527341133122,859.4824715316026,860.198023515321,861.3279196925197,861.6495454405745,874.2680607672062,879.4956128868088,857.6587,874.8336266666668,910.1747554926319,854.0148733117746,856.277166869227,883.1988970493938,892.1265,908.09283,861.0744000000002,879.3025200000002,857.4287134310875,880.3805332162985,892.1265,908.09283,957.02
T000058,1988-01-31,942.8397,911.59326,919.0084,771.4377,867.1528,937.94916,1007.43097,875.0643,891.1117,960.85333,914.17,898.860883426913,907.4494800647976,914.6534270300201,930.3307213081487,899.2099705280841,912.0382700903392,907.2101053271022,903.7126638324435,905.9809253618945,907.1690305473412,916.2524689407636,925.597651346665,867.1528,930.4849966666667,958.4801656472291,897.3289915540948,898.8824839541552,931.5340082445039,937.94916,960.85333,904.2851533333336,926.1917433333335,904.0636461485575,934.7808683205685,937.94916,960.85333,966.55
T000059,1989-07-31,148296.6,151222.31,150617.2,152825.53,153694.69,148356.22,153490.81,149266.06,150300.64,152239.9,154517.0,150533.15209232026,152118.15924056616,152015.46253864415,151690.65845442313,151233.01869290762,151643.75692529086,151418.103051512,151442.11798597357,151576.67511246912,151440.44709313163,150610.36785065304,151065.43879514004,153694.69,151616.45200000002,152667.42482445374,149807.58555485215,150434.26740984956,151887.68207050313,148356.22,150300.64,150189.42,151927.59166666667,150565.79376024436,151488.5818466056,148356.22,153694.69,129675.0
T000059,1989-10-31,148688.19,153041.2,152693.38,145596.94,156847.94,148893.12,155274.95,150598.7,151721.08,153851.88,153713.0,152213.1290057459,154337.85082925146,153832.4650704438,153418.5644681598,152688.1914012923,153265.59316088876,152973.28478700636,153007.9035970542,153090.130001444,153020.41314082252,152101.53165655775,152615.41900175944,156847.94,153317.794,154332.63995847118,151047.49752399971,151988.09779680255,153845.06937202526,148893.12,151721.08,151631.70500000002,153905.07166666668,152200.57020738508,153218.84958015714,148893.12,156847.94,136911.0
T000060,1991-04-30,425.50784,427.46518,431.2241,479.5562,417.96368,423.53683,419.26242,424.7098,418.9945,419.32333,358.0,423.4595768906398,426.55853352307,420.8486277224222,425.3104504850495,421.3720304822972,425.11416309953256,425.95723262277795,426.4647281624864,424.91780307808125,426.7642554873148,421.4358938311943,425.4570380196185,417.96368,417.9636956566023,423.2251141613609,418.9796662529103,424.8799238578573,425.50665349775824,423.53683,425.50784,423.02963833333337,425.2945133333334,424.8025926999257,425.5208977897287,423.53683,425.50784,437.0
T000060,1991-07-31,438.78052,443.94128,440.00745,492.18152,419.29095,437.48886,420.32443,447.43008,418.99615,420.8842,397.0,435.11523214579853,438.4056739148944,423.72689683510663,440.91992711359717,423.3966745872061,441.326231704787,436.66874153907366,440.8370467406671,432.92563625930586,440.4692934000546,429.7232422617119,438.85481162115366,419.29095,419.2909685283856,428.541024241618,420.7419913931209,440.9248036619,439.2940253579853,437.48886,438.78052,434.3213066666667,438.0887316666668,440.3948241056381,439.1572968941504,437.48886,438.78052,453.0
T000061,1991-04-30,117.706055,117.05124,117.645004,115.65196,118.388,117.73033,115.1312,118.32466,114.99725,115.16167,105.0,117.4752435088535,117.17805788483574,116.07995650600012,116.93823859211932,115.62680530522051,117.06471657901439,116.52815406070431,116.08234973369464,116.34738682192449,116.96691614493224,117.10020961111454,116.9093943110044,118.388,116.63675487640774,116.15383896512512,115.92407175618553,117.62311980574388,117.23207434368074,117.73033,117.73033,117.36625583333334,117.13304250000002,117.78094589251162,117.47584451962491,117.73033,117.73033,116.0
T000061,1991-07-31,120.45925,120.45355,118.96382,116.567184,119.8704,120.014465,115.662224,120.59366,114.998085,115.9421,108.0,119.91381774236103,119.09889657320703,117.02200337885593,118.67013508981569,116.19115533850052,118.89806667926156,118.80646467797847,116.92551126581343,118.13374000407313,118.4751252473051,118.63234667617915,118.83009025186104,119.8704,118.19579001098958,117.78552317998327,117.1366387917699,119.66780779896486,118.98163062087906,120.014465,120.014465,119.39823500000001,118.75050733333335,119.8336339638232,119.36552453579287,120.014465,120.014465,118.0
T000062,1991-04-30,97.71574,99.429955,98.04043,100.37545,99.955605,97.145164,97.34463,97.62836,96.575165,97.04291,104.0,97.6849006543778,98.23912800217846,97.95398686779296,100.37545,97.4292853341712,99.86564129191976,98.73625445326378,98.45187958720788,98.46214552524364,98.5286473098935,97.78520591890845,98.80777336364747,99.955605,100.34776793523709,98.44693647725299,99.25443011154022,98.33518583540237,98.97633500125785,97.145164,100.37545,98.07499816666667,98.708379,98.13520452360933,98.5347206221827,97.145164,99.955605,91.0
T000062,1991-07-31,98.16486,99.19787,97.660545,97.003395,102.09045,97.421814,97.774956,97.65938,96.91777,97.43172,97.0,97.86627234998629,97.89684831095256,98.59878263978044,97.003395,97.85060213824451,98.03871886834187,98.745832765173,98.5801548487583,98.63790136447228,98.67318948748525,98.45975874963166,98.58052349227574,102.09045,97.03276490732402,98.85946643728073,98.59850306898356,99.1323557377552,98.7046793026671,97.421814,97.003395,98.57535733333336,98.58962816666666,98.86115568239249,98.44478849222959,97.421814,102.09045,90.0
T000063,1989-04-30,16.421694,16.505419,16.55394,16.428312,17.039957,16.44092,16.66893,16.527685,16.515032,16.608583,16.2,16.535254186054345,16.488492331854584,16.67067660131366,16.471883993227486,16.594868047609456,16.494359458530745,16.554558310138976,16.478489747963796,16.588552860604192,16.466180291581615,16.616738452459188,16.55527053307812,17.039957,16.479924642426177,16.652088151358267,16.69512605025795,16.48129409388252,16.47985437474592,16.44092,16.44092,16.575117833333337,16.481263833333337,16.480146360579774,16.509827646806357,16.44092,16.515032,16.4
T000063,1989-07-31,16.71794,16.597075,16.668303,16.56035,17.509897,16.6822,16.754995,16.76573,16.583553,16.686344,16.6,16.753795969269728,16.689944071747913,16.839433457053165,16.705784641908373,16.71948866026802,16.732725612473832,16.668326113919246,16.68958931915494,16.71990083244953,16.70213334897162,16.859089736135775,16.794311712143042,17.509897,16.664797425569216,16.802034179529286,16.906547564607788,16.681791116201747,16.66826549795882,16.6822,16.6822,16.80939916666667,16.66301266666667,16.67807087125081,16.68999427363645,16.6822,16.583553,15.9
T000064,1990-04-30,125.53628,125.19677,126.185684,124.18856,126.25734,125.5493,123.065605,125.50806,122.99863,123.08083,113.0,125.37030975875254,125.24441548391616,124.05780399941472,124.62985658162178,123.6301480317232,124.91850902345692,124.61845406103076,124.31350844519847,124.40604157649642,124.42597286306288,124.8886214571846,124.82676541666518,126.25734,124.93314990213355,124.22386755195751,123.41251852387254,125.25862806322561,125.07249274887215,125.5493,125.50806,125.1743966666667,125.00636166666669,125.34188368540967,125.21824483022345,125.5493,126.25734,125.0
T000064,1990-07-31,127.68003,128.20291,126.6757,124.53091,127.98418,127.44942,123.331116,128.65335,122.99904,123.47105,117.0,127.81109062579719,127.20586811866276,124.91504094033264,126.21153248234526,124.13848872858225,126.91251474390566,126.62514827963876,125.58716087075848,125.98306332580167,125.78176400547848,126.39963766447894,126.57243765170297,127.98418,126.9495039387987,125.46245987622426,123.55892208619994,127.21469493959418,126.69485615147298,127.44942,128.65335,127.16148833333335,126.54948833333336,127.2229906089483,126.93439360121303,127.44942,127.98418,124.0
T000065,1981-04-30,176.96538,176.05069,176.89752,174.16747,178.85925,177.36398,174.34433,176.75346,174.19698,174.37784,162.9,176.70849075411718,175.4734752041602,175.5398699389247,174.78032776077475,174.9516907733538,174.73472354931525,175.67393264041803,175.71061166893688,175.58883542596303,175.81580912296684,176.5467571935244,175.459940264367,178.85925,174.18002767662873,175.54359938947647,174.38413054674044,175.56069171169815,174.74744874764525,177.36398,174.16747,176.69829000000004,175.20067666666668,176.52109322128757,175.07541478416647,177.36398,174.37784,175.8
T000065,1981-07-31,180.07823,179.88531,179.0176,175.2605,181.67072,180.05048,174.92844,180.66449,174.19789,175.23631,168.3,179.3336432170015,177.0939121984341,176.860036869203,176.14787569173163,175.73084571554176,175.7773535383834,178.3212191178703,177.77386708675587,177.73956242269378,178.1183245575666,178.7209783095563,177.46201702774573,181.67072,175.17117831828344,177.4022846549309,175.39539898375853,177.11676576483438,175.85252260010105,180.05048,175.2605,179.42452000000003,176.72301833333336,178.67012725182164,176.33030559069152,180.05048,175.23631,175.1
T000066,1981-04-30,85.91061,85.69309,86.45349,84.11122,85.8459,85.78017,83.93937,86.011375,83.89918,83.9485,76.0,85.53249447881797,84.90090077744486,84.58362426584453,84.33991443592909,84.30071016539631,84.45484514040692,85.14771166225631,85.22225504395368,84.9307555965721,85.07130703594223,85.25501643674403,85.19085902475706,85.8459,84.15143697923341,84.76022575337626,84.04673793710977,85.40131147585129,84.96773704878804,85.78017,84.11122,85.52338750000001,84.93272416666667,85.5552494693935,85.11661577867214,85.78017,85.8459,85.8
T000066,1981-07-31,87.55839,87.94533,86.71396,84.769875,86.903305,87.101326,84.09867,88.12901,83.89943,84.18263,79.0,86.96232963380606,85.84882642204359,85.16565236680253,84.9363354079893,84.65809227254242,85.08625495900665,86.64252908030215,86.18236761335157,86.09257513209204,86.01930637833965,86.28408321744297,86.4063999989379,86.903305,84.73379947030324,85.67265473103554,84.54778574245596,86.47513308892333,85.89046664646852,87.101326,84.769875,86.92279850000001,85.83092933333334,86.7885016759487,86.11503361262757,87.101326,86.903305,84.7
T000067,1981-04-30,217.32314,212.02454,213.16843,214.30801,211.66971,216.83105,209.80353,216.32022,209.18735,209.94365,184.8,213.12750149627183,214.57081867741636,210.3705450054474,215.18793613578345,209.96194474217899,215.36279116861417,211.31608137297528,215.85572067389444,211.01321428078904,215.6804905336886,213.44402176288443,214.9605540262391,211.66971,214.99725952352043,211.01361427541073,211.86094977699457,215.3767433171104,215.15383570823377,216.83105,217.32314,213.89266833333338,214.93676,215.40068150736,215.15840287544006,216.83105,213.16843,215.6
T000067,1981-07-31,224.7442,222.17007,223.32637,220.55826,214.32861,223.73709,212.2462,223.5351,209.19118,213.53365,194.5,218.11891736040724,221.2483141783066,213.0988892838531,224.01554358479842,211.649373066678,223.80518793887367,218.1825857316084,223.54646705844158,216.40463352337767,223.45095043493984,217.75090330017701,221.75930657130604,214.32861,223.884360647198,216.0330933686604,217.8925702094781,222.28459403098844,222.2180634314616,223.73709,224.7442,219.61770833333335,221.7049383333333,222.4228073223758,223.15487388306943,223.73709,223.32637,221.9
T000068,1982-04-30,28.614729,29.516653,28.654747,29.218315,29.066828,28.732803,28.942875,29.287851,28.065687,28.598917,31.36,28.986094300156278,29.073161687199395,28.708492701355425,28.907360523633223,28.44111754600361,28.997347287921922,29.127755571078268,29.023972499782474,28.96482263344513,29.027203542135556,28.77270808891825,28.91292270646433,29.066828,28.955002212251326,29.07661024788509,28.930999349933828,28.924068021633957,28.99071827511556,28.732803,29.066828,28.880758500000002,28.968346833333335,28.960796439961705,29.09844605475093,28.732803,29.066828,30.42
T000068,1982-07-31,28.632917,29.186148,28.019602,25.454575,29.357157,28.29232,29.433449,29.02213,28.456259,29.042152,27.61,28.825321401169422,28.76892824888694,28.944507932203848,28.94903413543878,28.649126887166016,28.970102034866578,28.951754139542906,29.036128405627583,28.88124272133481,28.885708239458612,28.842725451932854,28.908770446879448,29.357157,28.78425271783393,29.204881581136306,29.231709975687824,28.910291631321737,28.228683256310358,28.29232,29.357157,28.824488500000005,28.249311833333337,28.92507668793242,28.219198070539495,28.29232,29.357157,28.87
T000069,1982-04-30,72.76143,69.70164,68.33368,65.782555,67.4883,69.35165,71.07303,71.312836,68.1414,69.923485,62.84,70.27848946815323,70.43182995931201,68.86512795719297,69.90357330645705,68.44409860847809,70.17927379152675,69.20615176353834,70.43652646355078,68.99232241208293,70.37113591346363,69.72278299005505,69.71373701068208,67.4883,69.31791518059353,70.16782043924543,70.43390750199892,69.92755416207817,70.31611328258478,69.35165,71.312836,69.792876,70.25764350000001,70.1586652461746,70.42170189065038,69.35165,69.70164,62.08
T000069,1982-07-31,87.549,76.90576,78.74985,69.799324,71.114075,80.91171,72.71258,81.84312,69.446724,71.40482,82.53,80.00621902481896,76.69333018106447,71.55716498858098,76.13594593595279,70.63525592329987,75.64241636086652,74.40500340807797,75.00277009191913,73.29192102654633,75.78589101394665,76.7587826278111,75.77864995329149,71.114075,79.43616590465147,74.38539421413874,79.66402935694062,78.27426274079971,77.17900291740719,80.91171,81.84312,77.96173150000001,76.95101566666666,79.04194135322757,79.7910286696075,80.91171,76.90576,61.63
T000070,1982-04-30,93.71397,94.8823,92.71183,98.393906,96.821045,93.96238,91.98528,94.03437,91.89822,92.00508,97.5,93.70660608087337,94.53758735585318,93.52712062409876,94.90276473326952,92.9615797181162,95.14398777280024,94.27643940798576,95.3757128634878,94.05455713917154,95.09228181340511,93.87974513822908,94.7136105082251,96.821045,93.15507950865549,93.70289957512536,94.80986949699972,94.41898029401904,94.9015571084998,93.96238,96.821045,94.21871416666667,94.79027850000003,94.40879172246368,94.64919858918327,93.96238,96.821045,97.4
T000070,1982-07-31,93.69718,94.411865,92.14244,90.45369,97.99598,93.172905,92.33045,93.56578,91.89876,92.51237,89.8,93.29950082022901,92.49565830998095,93.71993663156312,94.7117360240962,92.88610006022672,95.20004017411087,93.86910327470468,95.18570238856044,93.74515892362597,94.75312440282191,93.934155090909,93.45703928211215,97.99598,93.44913361546128,93.75148830894608,94.75678376515319,94.61194244061832,93.73317599421992,93.172905,97.99598,94.12374500000001,93.41141916666668,94.6187735633367,93.78994236858327,93.172905,97.99598,95.9
T000071,1989-10-31,163.52676,163.18628,162.89684,166.27742,168.93507,163.60695,166.6864,163.48114,163.0,164.1229,164.0,164.31934441291168,163.2524158517008,165.25476329946315,164.352135900868,164.23178973349076,163.7910996832336,163.86286552626066,163.31609497114513,164.28255554307262,163.40642125363377,164.96959388578955,164.68122248987834,168.93507,166.2616422453998,165.88608690625654,164.41691436187875,163.33152516719397,164.11191226419953,163.60695,166.27742,164.2893666666667,163.74143833333335,163.30658397968296,164.02542567977648,163.60695,166.27742,168.0
T000071,1990-01-31,162.85304,162.97403,162.61345,165.18839,172.61803,162.54028,167.67938,163.21988,163.0,164.90184,162.0,164.54595781024324,162.85954423570422,166.3134177352563,163.83349333514553,164.76228400445234,163.4262188906228,164.03634964457046,162.93482704773334,164.71698944675052,162.94067491523745,165.50668291924282,164.84343365936647,172.61803,165.1774693333852,166.77900607787132,163.65777164523567,162.93248897654473,163.54788451856788,162.54028,165.18839,164.53421000000003,163.25600500000002,162.9411535762338,163.498532635277,162.54028,165.18839,174.0
T000072,1980-04-30,138.06044,137.10016,137.40002,138.57338,140.55873,137.97473,136.46744,138.0283,136.34755,136.49469,131.47,138.08249914420423,138.44058497881247,137.47822115529232,138.45958647624576,137.0192097585696,138.66326443325534,137.18037173286265,139.11754095507408,137.28641889585347,139.64035129963955,138.02062774353567,137.77656919566041,140.55873,138.557077830683,137.30367124272883,137.57829327742164,138.43016860802493,138.49744452100134,137.97473,138.57338,138.0116516666667,138.4326,138.3581606270007,138.41497533414395,137.97473,138.06044,138.13
T000072,1980-07-31,139.49629,139.1712,138.8241,139.43149,142.59535,139.39267,136.9427,139.57777,136.3483,137.19319,133.06,139.51846508266647,140.0252117127868,138.36426006332556,139.95476051488168,137.53574239476467,140.10184323978032,138.67086895503977,140.62585525688866,138.54715546425396,141.36617242743662,139.2020877964821,138.701046655023,142.59535,139.96743244146901,138.49986314474995,138.43583390462788,140.13150186049725,139.94758466021435,139.39267,139.43149,139.43026333333336,139.8862783333333,140.03584263837183,139.8637211359279,139.39267,139.49629,140.51
T000073,1980-04-30,137.22784,136.4023,136.70355,137.87198,139.88338,137.19368,135.70497,137.3249,135.59781,135.72934,130.8,137.27731704270843,137.53942125247602,136.7490388840885,137.73801214050326,136.28275365886137,137.84517326858474,136.4679082367859,137.45107319216442,136.5681993116168,137.4217281664947,137.2734473501413,137.0210997722163,139.88338,137.8476310415798,136.56172187339322,136.95977721511565,137.65100559868694,137.48912581143355,137.19368,137.3249,137.27165166666668,137.45594166666666,137.58025878775595,137.6109295914412,137.19368,137.3249,137.9
T000073,1980-07-31,138.69075,138.3767,137.89124,138.71304,141.87704,138.56671,136.12979,138.77477,135.59848,136.35368,132.3,138.59349046027023,139.12194189728055,137.59724658151242,139.17828778884345,136.77838611969045,139.25754802947048,137.8901789631416,138.9586036736131,137.77256817294096,138.92120101478804,138.41946175737192,137.9175685293871,141.87704,139.2095380373225,137.7080790504478,137.89647865631667,139.28720736786775,139.0486960319948,138.56671,138.77477,138.64740833333335,139.029535,139.19603003881952,138.992953412914,138.56671,138.77477,139.8
T000074,1980-04-30,145.02896,143.809,144.12564,144.04004,146.93776,144.8406,143.05087,145.12238,142.89684,143.0859,136.9,144.82563743105732,144.85557901113435,144.0009648995983,144.06155214385967,143.5326559342469,145.28812373939704,143.78710266976424,145.63981886598947,143.84869249612436,145.60233703983704,144.73850333233415,143.96274620925607,146.93776,143.9523679450396,143.8600091820577,144.03146693645917,145.886155893042,145.41262664682336,144.8406,146.93776,144.77259,144.80410000000003,145.3280978119683,145.05232465435463,144.8406,144.12564,145.8
T000074,1980-07-31,146.81892,146.42604,145.97243,145.79904,149.08759,146.59134,143.66154,146.81367,142.8978,143.9834,138.6,146.48309051383455,146.66419265747925,145.03717652743913,145.4388224324407,144.15344640521437,146.98602742196056,145.66224338374454,147.37878595956082,145.41816766766811,147.3502124299393,146.09701078690782,145.27933729569943,149.08759,145.28692477788022,145.35782962370823,145.19633164271488,147.95719793003767,147.28522022146052,146.59134,149.08759,146.43922666666668,146.62016000000003,147.32068502371493,147.0114745537445,146.59134,145.97243,148.5
T000075,1980-04-30,142.00253,140.50365,140.77473,142.03366,143.86765,141.59975,139.97057,141.86462,139.79643,140.01016,134.0,141.67541847718357,142.02448550514598,140.9053843536375,142.1852089814494,140.4543720419681,142.37077522985095,140.59719880137553,142.45806082731931,140.70727741568234,142.6132882539566,141.60550956196462,141.60322927137096,143.86765,142.13484417643315,140.7605875630495,141.26073287760468,142.06864249902154,142.06303299596527,141.59975,143.86765,141.60577166666667,141.9786433333333,141.98985283207764,142.0190118793576,141.59975,142.03366,142.3
T000075,1980-07-31,143.77849,143.19019,143.12259,143.05052,145.88487,143.30516,140.66089,143.56903,139.79752,141.02473,135.7,143.33927978141406,143.99724632866406,141.93278317647804,143.87441429648553,141.05357765389255,143.9979533199971,142.49220933918994,144.2658356296437,142.276006339373,144.4184621666726,142.93865388192475,142.97444569277167,145.88487,143.769699928963,142.28177616970152,142.27428712208328,144.02413761944123,143.86801638269014,143.30516,145.88487,143.25421,143.79637666666665,143.93580201008362,143.75208756857663,143.30516,143.05052,144.6
T000076,1980-04-30,1425.4083,1415.3301,1421.0093,1449.4835,1437.6476,1428.9768,1403.5563,1425.0092,1402.0695,1403.8944,1321.0,1423.030587301738,1427.122296153666,1413.0707224061366,1437.6476,1409.2094870158796,1435.4393920689472,1414.2459694376003,1424.4633893148036,1414.1767810145932,1423.0538392712585,1421.3965857793105,1427.4224995235222,1437.6476,1426.7977261342025,1413.3082954451406,1437.7659709314112,1428.4732410423699,1427.3935987632199,1428.9768,1437.6476,1422.4069166666668,1425.5635499999999,1427.0165064135635,1426.1251236240187,1428.9768,1425.0092,1450.2
T000076,1980-07-31,1449.0461,1445.9259,1439.8164,1463.3351,1455.0017,1451.082,1409.4506,1452.2949,1402.0787,1412.5573,1353.9,1442.4853501338155,1450.4472545158264,1422.9040776412778,1455.0017,1415.114748610983,1453.8077626272002,1435.2979304936348,1443.7179015973315,1431.1256147830675,1442.8871960484134,1437.2993522896936,1445.631736479287,1455.0017,1449.7221535260842,1428.453613752406,1457.2216548396325,1451.5630935300283,1449.863960739021,1451.082,1455.0017,1442.5715500000001,1448.8611666666666,1450.9723469121225,1449.3169652931233,1451.082,1452.2949,1505.1
T000077,1988-04-30,11702.6,11601.521,11589.811,11611.298,12092.551,11697.987,11680.929,11644.379,11655.478,11686.716,11312.0,11752.315698454235,11656.439616767126,11755.890737864162,11656.382014544062,11708.105979538741,11648.925023247977,11653.774737614529,11651.845054033845,11686.758367741517,11654.279074090804,11761.086743388028,11721.483154107296,12092.551,11642.891,11718.25441772957,11727.202297819222,11659.742885754573,11652.553544506593,11697.987,11686.716,11732.419333333333,11652.073666666667,11659.007408266136,11652.461094531825,11697.987,11686.716,11820.0
T000077,1988-07-31,11747.97,11865.69,11908.611,11746.86,12255.618,11766.417,11781.821,11758.523,11655.636,11834.998,11360.0,11855.273361879099,11782.104070401141,11859.664390797921,11791.90354571236,11768.332314462037,11793.237830220362,11842.191268620254,11790.11951920479,11843.59322278423,11786.96730134138,11844.323219051452,11883.516150635061,12255.618,11809.351200000001,11872.449489428633,11860.121317630092,11761.151625708006,11804.165379796907,11766.417,11834.998,11841.642333333335,11802.195500000002,11762.126796707844,11804.840502323468,11766.417,11834.998,12084.0
T000078,1988-04-30,13206.563,13184.685,13151.086,13294.433,13518.136,13214.918,13173.318,13215.459,13155.637,13177.34,12552.0,13263.4068446182,13279.263664460239,13249.849766253741,13397.7387568859,13209.980215613796,13381.241403843367,13204.490667207512,13275.914135598343,13219.959774230996,13271.237299665267,13259.127481021023,13269.739964482607,13518.136,13270.9806,13227.568244661239,13280.639343481276,13331.870055333236,13315.113333515834,13214.918,13518.136,13249.233000000004,13264.118000000002,13262.056173962685,13252.087416233893,13214.918,13151.086,13696.0
T000078,1988-07-31,13405.514,13411.657,13540.736,13544.266,13747.529,13378.589,13243.413,13367.983,13155.747,13280.356,12888.0,13419.354496803822,13435.991096716602,13356.463374901314,13634.983804869255,13274.518510896047,13608.071010506157,13374.790493972854,13460.386282612957,13367.80408107743,13457.103044327567,13397.073408258235,13441.969696876151,13747.529,13529.940400000001,13378.790979037101,13510.315965312113,13516.320546442057,13514.070478562395,13378.589,13747.529,13411.169833333335,13433.277833333335,13426.871101547511,13486.470611891531,13378.589,13540.736,13856.0
T000079,1988-04-30,93798.29,92509.11,92610.586,92636.99,94222.37,93502.58,91993.31,93711.625,91824.54,92031.695,86168.0,92681.03959958983,93304.06963035875,92522.23070894952,93315.63647228782,92227.66958103768,93420.60697004513,92452.39446983801,93472.7127836744,92468.72588264206,93456.63999963464,93210.63856849435,93409.37457263641,94222.37,92841.811,92502.51653555497,92593.70462147257,93605.67610016992,93391.62178661839,93502.58,92636.99,93261.41916666667,93413.74016666667,93587.51096951505,93401.58097931764,93502.58,92636.99,94644.0
T000079,1988-07-31,95657.19,95201.46,95078.016,94414.04,95369.64,95169.64,92662.4,94896.37,91825.586,93015.04,87212.0,93786.53854111629,95119.92325170367,93356.05750674792,95057.76186271099,92737.41833487985,95143.34201727423,94310.94480243325,95154.87626258466,93960.65259797452,95177.76324493182,94293.14255197303,95094.20440475212,95369.64,94697.12433333334,93971.72350413809,94248.18988295048,95273.59718781154,95084.46240370086,95169.64,94414.04,94686.64766666669,95097.48266666666,95272.57181291403,95090.04308496865,95169.64,94414.04,96596.0
T000080,1988-04-30,30262.299,29876.326,29910.3,30140.672,30620.295,30155.184,29831.266,30218.123,29780.969,29842.703,28438.0,30182.18635072891,30256.037017719955,30005.9363983951,30213.176307534683,29911.444732753866,30269.856460390685,29913.407312297037,30254.150562378476,29945.043087866547,30274.84955551817,30161.45188120523,30217.005766858187,30620.295,30029.341166666665,29970.708770517547,30092.633355321395,30240.755024308477,30211.28839304245,30155.184,30140.672,30152.199333333338,30217.812166666663,30255.99807661212,30218.867753805767,30155.184,30140.672,30066.0
T000080,1988-07-31,30650.193,30590.914,30658.465,30561.543,30993.586,30559.365,30030.662,30558.553,29781.281,30135.756,28694.0,30570.72590020691,30687.201600653843,30249.03006319403,30705.212165670415,30056.985958059555,30719.796656186943,30412.252645647808,30713.573733363606,30350.98990472279,30721.985141897527,30447.5422024742,30663.64692351398,30993.586,30508.52366666667,30366.560673660795,30635.135016624692,30679.05361202545,30661.21389316481,30559.365,30561.543,30522.31533333334,30663.6175,30686.81278647354,30665.561707874593,30559.365,30561.543,30565.0
T000081,1988-04-30,10301.361,10120.08,10103.58,9884.614,10102.615,10272.689,10018.438,10326.361,9987.362,10025.506,8867.0,10214.95551930413,10070.156184781894,10037.728237696912,10069.577871900095,10013.696744846575,10074.790632127066,10076.92937733503,10070.063861803907,10059.951335169206,10067.903869982922,10163.704156410911,10042.49429804329,10102.615,10190.418166666666,10057.892699217655,10066.484815949903,10132.636579423694,10063.610385513983,10272.689,10102.615,10185.078,10059.596833333333,10127.450198424634,10057.462191149314,10272.689,10025.506,10257.0
T000081,1988-07-31,10620.645,10634.146,10638.493,10420.823,10178.156,10574.296,10141.635,10454.841,9987.556,10206.566,8963.0,10459.268161978502,10333.05813982034,10165.693278792363,10290.415603271722,10098.150893503234,10266.073456390253,10427.2028295405,10330.944498300003,10334.279274248383,10310.727496937518,10318.504488214716,10368.909386438445,10178.156,10510.676,10326.704653417946,10515.533010573328,10334.188811168891,10310.088398063825,10574.296,10178.156,10408.273333333334,10297.758666666668,10319.237955695193,10290.686889651428,10574.296,10206.566,10215.0
T000082,1988-04-30,79129.15,78495.26,78470.81,79362.84,79330.516,79028.164,77837.586,79133.55,77723.664,77863.49,72736.0,78818.83611459735,79119.70319284985,78247.61983358713,79021.33723794587,78051.53626868919,78987.15130541337,78369.40370301218,78906.25165930216,78333.7633992171,78950.90825419236,78721.3423069631,78940.69187889449,79330.516,78590.72333333334,78296.93138180567,79355.25236778238,79000.68808965979,78929.09964636806,79028.164,78470.81,78806.71733333333,78936.629,78988.7078572773,78892.68822302004,79028.164,78470.81,80404.0
T000082,1988-07-31,80519.55,80541.1,80209.414,81391.664,80124.78,80306.08,78289.22,79730.086,77724.37,78527.25,73379.0,79749.8257900252,80633.79761050068,78856.51378365538,80368.15362413335,78441.06957572662,80248.12908848116,79790.46648430919,80211.92071190523,79474.56208733247,80227.84589333092,79476.38503129492,80450.40437709323,80124.78,79584.18333333333,79417.70223405246,80225.2192196157,80249.37402311689,80432.04035668926,80306.08,80209.414,79824.32766666666,80449.649,80261.09046796945,80398.67595316272,80306.08,80209.414,81522.0
T000083,1988-04-30,16582.244,16610.727,16649.705,16679.309,17080.496,16588.023,16828.637,16577.58,16626.27,16749.285,16380.0,16639.0108504005,16620.305226975026,16779.03553943173,16664.947355195327,16706.28309818223,16661.405908110846,16665.041601963203,16592.672356542087,16699.616692808748,16593.585774869713,16725.35774750732,16614.361699274268,17080.496,16723.305333333334,16791.398924445806,16633.657045137887,16634.838419015174,16606.645874007016,16588.023,16577.58,16677.556666666667,16614.597999999998,16689.764729966144,16708.590432896883,16588.023,16610.727,16673.0
T000083,1988-07-31,16591.809,16541.328,16599.875,16855.87,17347.95,16601.742,16941.812,16535.191,16716.375,16851.541,16399.0,16633.75334930888,16607.085043074963,16896.974706183435,16682.847924968373,16810.815794555063,16674.79340092737,16673.60203279561,16600.60360548691,16747.336744889224,16599.75407505355,16809.301680922123,16619.072158785053,17347.95,16770.752666666667,16875.42028973968,16623.422015929737,16635.656753309882,16594.64738131862,16601.742,16535.191,16722.39916666667,16620.969166666666,16727.89444819102,16741.80289404581,16601.742,16541.328,16557.0
T000084,1981-04-30,215.95638,211.41788,210.13792,220.01094,216.24776,215.23845,213.98401,213.91588,212.97939,214.21246,205.0,214.12741059195633,214.12741059195633,213.94189624097146,215.2334641836275,213.60434910939804,215.37670280183534,212.55177157073314,215.12245535158237,213.1120803458039,215.06128191200943,214.77261086498444,214.7778455560367,216.24776,215.97862166159905,213.8644322210669,215.47702676138195,214.56652031745529,214.56652031745529,215.23845,215.95638,214.29262333333335,214.29262333333335,214.57817758922974,214.83553198656807,215.23845,215.23845,232.0
T000084,1981-07-31,214.09586,218.8567,218.02165,211.03699,218.35162,212.90506,217.96664,216.44205,212.98563,220.06572,201.0,215.72561319365468,215.72561319365468,216.44517636346464,215.3244725937733,214.77285226457295,215.95663998120125,217.4248498993221,215.06303434419806,216.93005901000043,215.12090022648835,215.37724291309206,216.0471887634209,218.35162,216.8992674726068,217.87150162371984,215.21770756857077,215.33935076984343,215.33935076984343,212.90506,214.09586,215.60615333333334,215.60615333333334,215.25856103504591,215.9062715856576,212.90506,212.90506,223.0
T000085,1988-04-30,146.123,154.17424,152.82886,155.86165,154.90631,147.72984,153.19681,147.70699,152.99588,153.2425,137.0,150.33174002095538,150.33174002095538,153.68489486938816,152.12529116333909,153.442570635122,151.32679356145707,153.9576819309676,149.96829106233199,153.8800326746354,150.23917554623657,150.66147351564237,152.07396708058766,154.90631,153.18407145674544,153.60613770606795,150.74645176579452,150.96396705414665,150.96396705414665,147.72984,154.90631,150.60604333333333,150.60604333333333,151.0411223484606,151.83691727469167,147.72984,152.99588,130.0
T000085,1988-07-31,159.96469,158.87335,156.81145,160.86394,160.27261,157.65471,153.99333,157.96997,152.99713,154.41315,154.0,158.27918123206317,158.27918123206317,155.8271613240041,157.92529133060197,154.75821018569386,157.8845995308926,157.45240839748402,158.07897046055754,156.90019499460664,158.00436210928908,157.20208759620306,158.61265338698496,160.27261,153.93020016627952,156.80100888158123,158.21328318560032,157.942968264766,157.942968264766,157.65471,160.27261,157.95541000000003,157.95541000000003,157.63396715672656,156.33956958982577,157.65471,152.99713,153.0
T000086,1983-04-30,361.08698,455.56055,438.3718,389.96356,447.7213,390.74802,443.5248,413.04678,442.989,443.64664,282.0,427.60474622258414,440.1729755357853,444.9474093979229,413.72758354590303,443.1102152190121,429.54785367451467,449.525421414776,437.8334396354336,447.1036358618845,433.663858778056,418.1404920212326,432.59912879083106,447.7213,425.6439228446899,440.86750293442304,428.23408225452914,437.400079402233,434.4098463572115,390.74802,443.5248,418.52543833333334,437.2343083333334,426.25822554970955,429.51580327667835,390.74802,443.5248,562.0
T000086,1983-07-31,487.23325,484.40866,448.70026,513.48724,450.91925,469.1892,445.64886,478.44946,442.99234,446.76837,431.0,471.88872934860063,463.894417868655,451.88227791214524,483.81136226551155,449.7921924483379,464.50347576963,471.3814360313222,452.43338780008617,465.14274423126903,454.5551994492776,461.2841907716693,460.1709925062678,450.91925,468.7222395660018,461.26301630702125,457.8875950284222,459.2137234387365,463.12298367465957,469.1892,445.64886,468.86536000000007,464.03745333333336,462.4064157071664,464.82064328321104,469.1892,445.64886,772.0
T000087,1988-04-30,40366.39,40405.773,40537.812,40170.375,41697.07,40320.164,40222.89,40336.367,40207.504,40216.86,39028.0,40608.233548925906,40368.151010192836,40577.283016447596,40531.549639237695,40411.36010375515,40261.437700387694,40432.877463106735,40321.13846481375,40473.85400310841,40331.18710697342,40574.703533806845,40557.84692015427,41697.07,40540.23733333334,40489.66166096501,40554.59899749367,40326.991796159826,40293.48017943731,40320.164,40170.375,40555.54466666667,40293.53566666667,40323.351207659005,40262.23572359404,40320.164,40405.773,41360.0
T000087,1988-07-31,40625.36,40706.35,40626.37,40769.555,42399.54,40546.08,40231.5,40797.395,40214.355,40224.633,39732.0,40984.73867294559,40520.09821141473,40790.09700147711,40710.832729273054,40547.06491313742,40540.680070164366,40686.37033225331,40467.85273976695,40715.48657069186,40498.73868811249,40866.393550109555,40847.963282888486,42399.54,40824.61166666667,40682.477514218146,40825.66875914627,40561.12986370018,40501.633735160176,40546.08,40769.555,40881.513333333336,40462.127166666665,40561.96996676308,40453.69148038591,40546.08,40706.35,42008.0
T000088,1974-04-30,120.8041,136.67722,133.9933,128.08733,132.36554,123.80125,134.19681,126.91982,133.99588,134.2425,103.0,129.28510817232882,129.05590626616222,133.9186619698994,124.70516386321572,133.86077851366878,124.35943181527934,135.37560612080642,127.08955871419678,134.77460735465897,126.54134312188911,128.8360637196472,128.73788045331509,132.36554,126.12123130123518,133.87212542536147,129.09975339858235,126.40083055380538,128.53510894068887,123.80125,134.19681,129.09396833333335,128.99339333333336,124.92295291177201,128.24234438728354,123.80125,120.8041,106.0
T000088,1974-07-31,140.03735,142.77223,138.31792,153.30879,136.77795,137.70636,134.99333,140.79675,133.99713,135.41315,129.0,138.55295519158,137.1138062736497,136.33630024511433,139.13836401894764,135.76565952763667,139.3345068378642,140.26321509689154,138.0162017528775,139.0603447896236,138.19690632455303,137.23260493359265,137.3069928005631,136.77795,140.00961363772177,138.07121492657254,137.9637601435501,138.77742903677716,137.3973038068125,137.70636,134.99333,138.68129500000003,137.15734500000002,138.87006367999638,137.54898196109662,137.70636,140.03735,134.0
T000089,1989-04-30,16.275507,16.919863,16.453339,15.982868,17.040741,16.0989,17.075703,16.348364,16.46013,16.834328,18.1,16.511379766265208,16.511379766265208,16.79356335556206,16.588278408343964,16.625111199105667,16.645580989358216,16.8153068782646,16.580656452674692,16.783623424842702,16.65939796056523,16.547081303145156,16.466838922073936,17.040741,16.463879253521903,16.98349403450598,16.74032149613049,16.55934370793522,16.55934370793522,16.0989,17.040741,16.523917500000003,16.523917500000003,16.518699453869214,16.518699453869214,16.0989,16.275507,18.1
T000089,1989-07-31,16.432732,17.394115,17.291838,16.56123,17.610933,16.38749,17.419964,16.893614,16.734217,17.14537,18.2,16.88094443171899,16.88094443171899,17.18202920135304,17.06741743030856,16.96924473035108,17.141769117457223,17.24716879429132,17.042512791079023,17.20012216301749,17.12834750431946,16.91702458910232,16.92662703069781,17.610933,16.930402947466092,17.36575537114726,17.20373612337506,16.956753644348332,16.956753644348332,16.38749,17.610933,16.908850166666667,16.908850166666667,16.896833127048758,16.896833127048758,16.38749,16.432732,17.0
T000090,1990-04-30,17.120188,17.754103,17.751783,17.540619,17.53609,17.437834,18.751404,16.681824,17.520258,18.268658,18.4,17.32662784981904,17.794510523400334,17.854650850068083,17.840648753581238,17.679493161133717,18.020851765827068,17.75842332421739,17.666881993066823,17.76723404735904,17.922870651367013,17.500966111476153,17.80512761043533,17.53609,17.81435918625393,18.274238765207045,17.86474778735631,17.360676418553403,17.844544802044666,17.437834,17.520258,17.341716166666668,17.788005000000002,17.31503385744492,17.67333594199224,17.437834,17.520258,19.1
T000090,1990-07-31,17.496737,18.505058,18.534496,16.531223,18.220516,17.744255,19.439928,17.732143,18.068436,18.890743,18.6,17.94883100195771,18.5504209261267,18.467973326136086,18.53152265346988,18.23061468411808,18.696425278261206,18.404665181181194,18.34531737308414,18.376454131850664,18.64148963144147,18.09521997484603,18.54181815337741,18.220516,18.55011207708156,18.87091719960388,18.609408542939395,18.0558967435515,18.564528622707805,17.744255,18.068436,17.961190833333333,18.528467333333335,18.007015156382945,18.176594779648156,17.744255,18.068436,17.2
T000091,1982-04-30,11.47667,10.509951,10.817962,14.046068,9.860862,11.208878,11.182087,12.1944895,10.894091,11.247574,6.6,11.064604128025454,11.09437248235491,10.743558634987043,11.150600541233901,10.864329476030516,11.310617648753055,10.707567578940669,11.242323416784755,10.765817564215558,11.263761072597973,11.05126155747258,11.599253446360956,9.860862,11.235843339644997,10.786283489064958,11.533900809930495,11.173150878194406,11.586593475299651,11.208878,11.47667,11.02415691666667,11.549486416666667,10.928349134432766,11.745730824108184,11.208878,14.046068,8.2
T000091,1982-07-31,12.648607,13.316349,14.967222,10.844136,9.510757,10.716625,12.323774,13.084088,10.89588,12.925507,5.3,11.989135672155212,12.17999735300213,11.315808493442226,11.807087994035559,11.115571319946824,11.911719242508383,12.434126764213314,11.654643550593855,12.015554782066424,11.965464443072328,11.317538699460872,11.650922171178426,9.510757,11.997062022410452,12.160477212459462,12.101293096456555,11.675227545067202,11.577789408401271,10.716625,12.648607,11.695384333333335,11.686760333333332,11.634762097780827,11.427481286530387,10.716625,10.844136,7.3
T000092,1982-04-30,67.638535,66.50974,66.29369,72.16171,65.95838,66.18555,64.167366,67.80397,63.792305,64.252655,47.6,66.70822363322873,66.2171536273443,64.86916676131489,66.31687059623755,64.58117808891988,65.99505745267714,65.89866612944529,66.04628887362897,65.61522892590445,66.04338411985,65.85855383376273,67.36986650372961,65.95838,66.99904035358146,65.34862608276461,66.90339343245383,66.37670359355255,66.22447317962755,66.18555,66.18555,66.31474666666668,66.01624433333335,66.20095774239472,66.20095774239472,66.18555,63.792305,63.5
T000092,1982-07-31,69.173294,72.25298,72.10012,68.576294,64.56622,67.16161,65.65421,67.70749,63.794632,66.43787,45.5,68.30416634235162,67.79201089546083,65.66756014060648,69.09281345938543,64.97715502177357,68.29903696551415,69.38393954501393,67.29381246348797,68.0636689976712,67.37637512574062,66.16888100586664,68.40884800842103,64.56622,69.84921560251463,67.79930988330298,70.6824170319102,67.75438806078303,67.77758678038299,67.16161,67.16161,67.44270433333334,67.624036,67.42733055508708,67.42733055508708,67.16161,63.794632,66.7
T000093,1982-04-30,92.12137,129.71227,94.66552,120.48424,111.60567,76.095474,118.21106,96.069885,94.74257,109.00873,204.3,95.49724911686857,95.49724911686857,109.1040450171403,97.07038722376556,103.07814808295558,96.05753614565033,119.9498144248607,97.18376287717814,115.72843918510752,96.48933591574975,97.37204598919634,103.19835600637248,111.60567,101.86351999999725,120.3763999942731,100.5607009580033,99.3475505487899,99.3475505487899,76.095474,111.60567,100.05787316666668,100.05787316666668,99.96583963143144,95.94468713478463,76.095474,111.60567,86.9
T000093,1982-07-31,96.77912,146.61209,134.47414,100.16959,116.91687,84.06314,131.33603,116.57863,105.19206,120.86721,186.3,107.75158646802039,107.75158646802039,119.3224753877071,102.12519813869636,112.78956346318087,100.29986001032074,133.28958577570492,101.7773330858526,127.49669395036413,101.22603935914398,107.30026380673434,107.45222696694007,116.91687,106.84799499999757,131.1276479833522,105.62679513909761,109.41260948571578,109.41260948571578,84.06314,116.91687,111.02365166666668,111.02365166666668,110.0481555131735,108.6791570781001,84.06314,116.91687,135.0
T000094,1982-04-30,57.864185,58.49508,59.409485,58.609734,53.01507,56.849163,55.310165,57.428806,54.617645,55.03862,37.0,57.278506737948824,56.64154315293539,54.96322749013465,56.133079989892934,54.92553335227764,56.128117331270445,57.0617094644278,55.71561993422922,56.348974849427314,55.72107273571893,55.677398642700055,56.55048256151974,53.01507,58.538138169113566,56.12063690339181,56.31441597051069,56.59516835974785,56.520921821963015,56.849163,58.49508,56.37832483333334,56.45908350000001,56.50805492687134,56.50805492687134,56.849163,57.428806,50.2
T000094,1982-07-31,58.575615,61.475044,59.00975,57.76223,53.48772,57.53129,55.697464,57.80825,54.925995,55.388542,40.5,58.28928040818031,57.47961554678078,55.64086443166664,56.89048028910256,55.445502567144096,56.75421295332974,58.9958688436975,56.36988717593692,57.80766307145017,56.368463733854995,56.170267253391614,57.139219034493735,53.48772,57.72435274992271,57.33402515946495,56.80650697824283,57.63858144843582,57.460707815422964,57.53129,61.475044,57.300652333333346,57.31181833333335,57.4025678499626,57.4025678499626,57.53129,57.80825,55.5
T000095,1982-04-30,82.23391,81.68145,83.6646,80.77808,77.56638,80.07934,81.13727,81.7591,78.598045,80.1416,58.9,80.84806898334034,81.08968421616547,79.39968406689438,81.24036085277011,79.06647783244526,80.92431880198893,80.67855599893575,81.03258475431238,80.19587924394393,80.99093544840306,79.972562251142,81.08469347745283,77.56638,81.68193125206959,80.85070140131148,81.27732826777985,80.58699242900055,81.47568869620557,80.07934,81.68145,80.31970416666668,81.33607416666669,80.41125942364195,80.8493567286517,80.07934,81.68145,81.1
T000095,1982-07-31,84.22925,84.041374,81.657616,83.202576,78.31152,80.534935,82.55735,83.18643,79.728645,81.42465,64.5,82.17871664830119,82.13401419208114,80.68376995847173,82.41932086761649,80.31795431665252,82.2203727575229,82.59783949652072,82.25364451574139,81.89795718112988,82.29433580022358,81.08304723648178,82.11653789764475,78.31152,83.87844640946363,82.55402190529118,83.67084904591633,82.07594188926191,82.37253435825286,80.534935,84.041374,81.67202566666667,82.22970833333333,81.86343872193973,81.66927402929785,80.534935,84.041374,81.7
T000096,1982-04-30,516.4493,467.32205,469.92758,512.73047,453.7601,505.6007,505.80695,483.59552,466.71844,490.47977,456.1,475.1345719183797,472.45418376505404,474.120236633075,469.11749154386666,470.8673920580285,470.03933100714363,470.4986517844181,480.4669330698423,471.69205553592906,478.80818014354793,486.4001441409639,481.2156377949282,453.7601,488.6551683333333,490.01115350028107,475.04970592083,478.4376291006097,475.5275969831755,505.6007,453.7601,482.24101833333344,477.9127633333334,477.45576249735535,483.21648194677516,505.6007,453.7601,490.2
T000096,1982-07-31,459.25946,445.3883,435.8611,371.37982,453.86658,457.56247,527.66754,457.22018,484.12283,510.23096,391.4,457.80994131887434,467.2209902650487,481.21724560377754,453.3133821670267,478.7177616128561,455.5591093485117,458.1168444196341,455.4695475459678,464.282890434744,455.7800285159624,471.30062936033846,465.5922576838033,453.86658,473.2831766666667,487.6168527898541,473.76937630298585,460.1805233457592,467.15576940251685,457.56247,453.86658,459.56997000000007,468.06522000000007,459.8703151815338,484.1881938775772,457.56247,453.86658,472.9
T000097,1982-04-30,1342.1102,1379.6621,1418.053,1391.9077,1339.495,1346.4003,1446.3105,1350.9586,1368.3644,1415.7467,1238.3,1352.9006652930018,1366.4493773727463,1382.595405619697,1384.2275437762587,1375.0642616733478,1385.3132210440563,1379.8738147384024,1395.449944742813,1379.7202304048565,1396.0712068422013,1362.6158602136857,1389.9598486021446,1339.495,1390.2449621035057,1407.6763632186723,1394.401437428866,1357.2936604757,1386.1974945348404,1346.4003,1368.3644,1354.4984333333332,1385.4638166666668,1354.907272101835,1394.8570431498727,1346.4003,1415.7467,1476.4
T000097,1982-07-31,1338.4214,1336.0083,1335.8464,1313.7493,1336.4158,1329.7925,1489.9027,1313.7302,1403.0704,1455.1324,1153.8,1343.639434515415,1365.9833902697173,1399.2403360314577,1381.6664901231225,1396.3167274681534,1385.8985132308935,1361.0578969276519,1384.4354580319116,1372.3570020101831,1397.811157335424,1364.9471703930433,1390.6716814237811,1336.4158,1389.1721881469116,1417.6041792397182,1354.8860275510744,1352.5441243172734,1392.4164773209998,1329.7925,1403.0704,1342.9064333333336,1385.333466666667,1346.072880540345,1402.7343337460263,1329.7925,1455.1324,1385.3
T000098,1982-04-30,543.5665,564.21545,578.3266,576.1564,526.33997,535.1286,536.35754,521.01776,532.43335,534.8188,443.1,535.5788149651315,535.5788149651315,536.6288831566094,539.8049690373376,535.9702191764338,538.384161415882,553.1502895168566,533.8506326206742,547.6902240833836,535.5372380513646,532.1310099568146,536.9712802826705,526.33997,526.3399700112758,546.9149152463103,551.8489983626134,537.4504603421119,537.4504603421119,535.1286,543.5665,537.1169383333333,537.1169383333333,534.6207561005132,533.0873215376594,535.1286,534.8188,590.9
T000098,1982-07-31,556.8397,558.4428,541.2301,530.3544,520.2987,497.84833,538.55225,492.44376,534.1806,536.8017,386.6,525.402091111026,525.402091111026,535.0067292963101,528.4461226729487,534.7767881073939,526.8825989653784,548.3522431350535,527.137762579622,543.4530912904435,525.072545827663,521.548309371424,526.7532307137564,520.2987,520.2987000022761,548.5578982184855,537.8913269685524,529.5442626717206,529.5442626717206,497.84833,556.8397,526.6756483333334,526.6756483333334,527.4617362217666,531.0277039487372,497.84833,536.8017,536.4
T000099,1992-04-30,66.68275,65.73551,65.876854,65.59644,66.5253,66.55014,65.1312,66.702194,64.99725,65.16167,59.9,66.32941774761014,66.3716701210402,65.48830607905676,66.50062796117791,65.28452562044532,66.47242500212057,65.58805941181758,66.36872335337378,65.54666664412161,66.04229732859939,66.1119904944434,66.18527902178565,66.5253,66.43633123938136,65.53422297974197,65.78482712012602,66.39428649485971,66.37796603900512,66.55014,66.702194,66.19885733333334,66.22241466666667,66.33407340233828,66.32236802549609,66.55014,66.702194,64.4
T000099,1992-07-31,68.2522,68.00246,67.68632,65.30274,67.38862,68.02135,65.662224,67.79859,64.998085,65.9421,61.0,67.75576402485821,67.69806979905032,66.12827787900069,67.71290973673648,65.64347215686732,67.69336007383963,67.08925350363252,67.30498951537498,66.71684463340685,66.74403399454525,67.02675172295073,66.9806351034203,67.38862,67.60661251053517,66.68707775329958,66.34961602044902,67.57389548369335,67.56623023946598,68.02135,67.79859,67.4102175,67.3575275,67.49192015664332,67.47964896931674,68.02135,67.79859,63.4
T000100,1984-01-31,608.5941,727.4791,626.09143,198.1582,487.63242,575.6387,987.7433,782.60425,628.17535,846.75146,454.2,649.133451800363,801.3903135900865,689.4177099452619,695.4443164254567,646.1016791196517,732.2280430149804,693.7768996705723,735.252116521741,679.7171950020637,723.4634684437848,657.2022418042326,740.2780062207974,487.63242,659.37542,797.3420553484232,576.198668184722,638.7077625438907,716.4403739942093,575.6387,727.4791,635.0206533333334,729.0636683333332,630.4810393298878,630.4810393298878,575.6387,727.4791,202.9
T000100,1984-04-30,999.95404,860.32214,969.8196,536.6073,526.7555,893.4177,1188.835,948.2999,788.2752,1028.439,1009.4,794.2463399969728,992.1049465544088,830.9776283117468,920.9877682949474,798.5214047339751,976.6523933686947,836.9859092115142,972.699190347819,824.6937658647576,958.6396470883069,862.198038878599,975.187687552291,526.7555,827.233585,981.4773311855721,771.5777948853064,859.4366479481637,951.4298777742448,893.4177,860.32214,836.1707466666667,959.8738466666669,820.0044093248947,820.0044093248947,893.4177,860.32214,304.0
T000101,1997-04-30,174.7228,174.2227,174.779,177.20181,177.53073,175.09991,172.91153,174.36665,172.79767,172.93742,162.3,174.89695895620514,175.25546609895173,174.16437171425096,175.0147046026539,173.6527901875766,174.79978524530637,174.14437216207872,174.56866763965382,174.1750454632825,174.56586634893242,174.7266570490765,175.07298923893046,177.53073,175.03120321345347,174.12060796024218,174.72949580840384,174.97242549747014,174.93772700967259,175.09991,175.09991,174.7900766666667,175.12029833333332,175.07722454318943,175.00675562033965,175.09991,174.2227,177.7
T000101,1997-07-31,177.38881,177.47333,177.05728,180.92278,180.13776,177.45894,173.3629,177.9919,172.79837,173.60078,168.3,177.2699323489041,178.03955688434291,175.36563225336832,177.9144484735936,174.41754378537843,177.63126514904664,176.48242426111375,177.51567952894362,176.12452317837207,177.5462697135549,176.67387039377252,177.8693735675999,180.13776,177.84444844661638,175.7449156470493,176.26073297844536,177.89371700695864,177.7436690574434,177.45894,177.45894,177.20818500000001,177.9180033333333,177.9880882195268,177.97385948224118,177.45894,177.47333,180.3
T000102,1988-04-30,18176.076,18140.373,18118.018,17956.682,18582.342,18131.568,18026.758,18178.525,18015.775,18029.256,17352.0,18235.89516345472,18152.4124356765,18163.58250196311,18213.666539426118,18096.777094493093,18172.979297248432,18131.029651600173,18074.31190884835,18137.818552940655,18076.833503640366,18200.62984535489,18124.02163142293,18582.342,18088.108666666667,18139.203055634574,18159.834491848196,18258.049839242532,18113.095091562765,18131.568,17956.682,18204.109833333336,18131.556333333338,18176.072941068775,18041.78272907519,18131.568,17956.682,18312.0
T000102,1988-07-31,18249.137,18343.594,18324.873,18490.014,18841.205,18210.404,18070.303,18141.941,18015.844,18093.252,17316.0,18361.621365731833,18343.210293266897,18270.25350551642,18634.262725163186,18167.67803634933,18556.567949746914,18294.397772163382,18200.511872557418,18285.26022427389,18193.545792551453,18279.784604461154,18314.707343678685,18841.205,18316.51833333333,18285.920071015196,18513.970099163307,18372.601901075905,18324.113145294676,18210.404,18490.014,18300.354166666668,18275.4265,18257.325276584703,18196.410183146472,18210.404,18490.014,18508.0
T000103,1982-04-30,214.16394,219.20502,217.80608,219.25562,220.907,211.73106,218.59041,214.42772,217.98763,218.72748,198.0,217.25449180818177,218.1034465065311,219.00526513426573,218.87289431940474,218.57056317558195,218.7875135589615,219.03478962213197,218.95295554751323,219.01026487038953,218.82030070778328,216.36171451078718,218.8722067324421,220.907,218.69529458426558,219.07116726101515,219.67308003307855,218.06959158153342,218.33269991691287,211.73106,218.59041,216.40372833333336,218.07438666666673,217.50669619067114,218.070752363643,211.73106,218.59041,207.0
T000103,1982-07-31,229.52057,229.81252,225.93288,235.53362,227.64044,224.74962,220.97998,231.5621,217.99138,222.23943,219.0,226.1958466767225,224.46736243494,222.86930330927282,224.2832188873969,221.09544162356093,223.24206778945143,226.76049457860267,223.7545112090227,225.4679290179932,222.93550526862248,225.21491864439588,224.92542063665658,227.64044,221.94369846248844,224.87228473126777,224.83991169494263,225.87784164955787,223.32018390741956,224.74962,220.97998,226.87943833333335,224.39103500000002,226.7661266806856,224.55569548630754,224.74962,220.97998,229.0
T000104,1988-04-30,582.4792,587.90924,582.11273,570.32404,579.54175,584.00073,598.6156,585.10754,579.37915,591.07275,582.0,582.9487739965082,580.05922056249,585.0398429345368,584.5114053007713,581.9752599877945,583.5536609329938,585.8150062830222,586.5792047308402,584.9983277467024,586.061722075034,584.2061306255774,584.710377725012,579.54175,598.6155998103635,591.5466865721461,582.4477413825779,582.5863808931105,583.4549858623152,584.00073,570.32404,583.0696016666667,583.5076700000001,581.7619225738118,583.2015253731211,584.00073,570.32404,640.0
T000104,1988-07-31,619.9872,614.95715,620.82434,600.281,606.2943,619.82324,609.3738,622.9618,587.94434,600.7928,647.0,612.3099924258033,601.892215324564,600.9350778633235,602.1543947470292,595.1928730996373,602.0744549673011,607.8035910841594,605.3086225828924,604.8796913565617,603.5009298170332,610.3869132236428,608.5347431584069,606.2943,609.373799784263,610.2265676463697,602.8829461824616,606.0264588456913,604.5443091941431,619.82324,600.281,611.9946716666667,604.2517633333334,604.5324883799069,603.7498983014076,619.82324,600.281,700.0
T000105,1988-04-30,201.27048,201.60162,203.78369,198.60461,201.72112,198.07423,204.37851,201.64113,201.30066,203.17163,186.0,201.0406630921932,201.87458855381487,202.1452742343231,200.96628406810777,201.6426507087938,201.21130094837466,201.66646315948404,201.92465911055808,201.73540820850718,201.9594301447779,201.18702441890977,201.76430860818465,201.72112,201.30931852907815,202.94244555804468,202.23811256475113,200.98259887309302,202.06731064795957,198.07423,201.72112,200.93487333333337,202.07164000000006,200.61248060485545,200.84452925775454,198.07423,198.07423,183.0
T000105,1988-07-31,206.76111,203.72304,204.69528,208.84221,206.45195,202.25766,206.09981,206.57881,202.6711,204.72685,195.0,204.70488757162755,204.4539381678289,204.6050618388033,206.06554453215932,203.795828070162,205.87557789057763,204.02080887279263,204.23694710021886,204.21559360971267,204.19106903555473,204.92197274598954,205.9393846829181,206.45195,206.74637592059227,205.496676356251,206.63362752608987,204.71478984562702,204.56910773926626,202.25766,206.45195,204.74061166666667,204.48377499999998,204.2955295276513,204.1114506390125,202.25766,202.25766,197.0
T000106,1984-04-30,175.30399,191.2512,185.25507,201.95593,168.24652,164.16101,189.11891,174.78041,186.95561,189.61086,115.9,176.14590269140794,181.76738822229615,184.06309431111427,184.01863492887864,185.68243518533023,183.74473580131024,188.9532606545376,181.676233697163,187.47589794918866,182.42207426296721,175.48519370840992,178.57181996945366,168.24652,187.9949466666671,187.13481643111473,187.95974593412834,178.02617988955225,181.1489783413792,164.16101,175.30399,176.78312333333335,182.00763166666667,178.4103183842896,183.07544936844658,164.16101,189.11891,125.5
T000106,1984-07-31,236.08163,231.94092,218.94502,204.31192,176.75555,214.85858,197.69484,240.20651,186.96906,202.21484,198.8,215.7596856742737,214.81504054058487,193.76926345262672,215.118239918298,191.33632537415386,216.03976318605862,215.5395274386387,215.84859200619215,207.77027899332631,215.4047068515904,206.2096646906569,212.03632587873435,176.75555,206.2849000000034,205.4138655789935,219.3929268515863,223.855972662107,217.29417882977046,214.85858,236.08163,214.46870833333338,214.41500833333333,221.520103938399,216.13218928711598,214.85858,197.69484,201.2
T000107,1988-04-30,134.36226,132.38899,131.70062,144.76555,136.05434,135.28963,134.59041,135.78867,133.98763,134.72748,127.0,134.64877090607348,133.48707491702731,134.61165656033396,137.3820608485395,134.5156215169935,136.28955072885046,133.52627235161756,134.56388145915136,134.0414152296866,134.61422629068477,135.06352884095287,135.8729878644323,136.05434,144.76554979230124,134.21271111364473,138.65204441038895,134.68275651831246,136.55674014355563,135.28963,136.05434,134.64525333333336,135.60410166666668,134.7152835602197,136.59251803554304,135.28963,136.05434,127.0
T000107,1988-07-31,129.4729,135.57144,141.83714,139.27924,138.46013,128.88745,136.97998,128.43477,133.99138,138.23943,117.0,132.34637822501332,137.72022359675282,136.2158292720209,136.74388307906787,135.25363713431997,135.97225784460028,135.73874829664302,135.19186407126995,135.90712382815605,135.19320660353705,132.8633174736206,137.93024741508043,138.46013,139.2792399804702,136.86397495645573,137.94535680785975,135.40486725162495,138.04752729322894,128.88745,138.46013,132.46967833333335,137.89646,134.8041449789431,137.1650483320599,128.88745,138.46013,121.0
T000108,1989-04-30,7598.452,7987.8647,7865.693,8097.042,7738.2075,7571.2876,7926.1865,7657.185,7870.8647,7938.7666,5827.0,7713.564292603744,7810.693376154772,7874.677196039063,7855.546893679711,7877.693678867047,7893.296839432501,7945.670543150208,7833.180359447051,7922.945298495096,7804.827981915827,7723.242396076626,7806.183100356276,7738.2075,7796.2540500000005,7915.349717877993,7984.018675547935,7787.628637801899,7925.656210358904,7571.2876,8097.042,7737.310250000001,7890.875383333334,7800.831900461358,7908.550990782698,7571.2876,7738.2075,7346.0
T000108,1989-07-31,8372.336,8755.019,8809.704,8924.055,7852.9966,8404.722,8145.496,8503.359,7871.2085,8261.085,7248.0,8313.24178821658,8294.135420567685,8077.590008309292,8631.846762180847,8009.814814283787,8669.1565208015,8473.061039543532,8479.562405168388,8339.484063214923,8496.965153512941,8171.19671540182,8453.364583799406,7852.9966,8628.199166666667,8301.761121744643,8822.68385492305,8270.423832946224,8459.962521502859,8404.722,8924.055,8293.273516666668,8407.001766666668,8232.177817401769,8405.195575894228,8404.722,7852.9966,8445.0
T000109,1989-04-30,27673.764,27627.465,27319.963,34309.133,27412.332,27776.33,27553.22,27815.943,27370.246,27594.83,21448.0,27630.081266892703,27572.481727849645,27575.594987553646,27527.15883995749,27625.23096229981,27568.96353310752,27755.140663403887,27507.1881566635,27779.97948896867,27510.70489793656,27591.013667868046,27568.678569192536,27412.332,28673.009333333328,27707.617375383972,28413.834336577667,27632.738060459094,27550.152010172023,27776.33,27553.22,27612.680000000008,27546.944500000005,27545.82974659243,27486.97233867478,27776.33,27627.465,28424.0
T000109,1989-07-31,29636.36,29967.184,31123.93,27906.434,27589.252,29428.893,28278.59,29335.738,27371.383,28660.902,24757.0,29035.76608093851,29290.990804602112,28030.422969000207,29007.708515746956,27751.366579623478,29072.00517369089,29092.413583237565,28988.78287046041,28698.400299689205,29050.52303235088,28542.82985066494,29020.601861607553,27589.252,29033.521333333334,28737.74363151044,29366.562188562355,29019.975874315383,29096.101761742128,29428.893,28278.59,28888.135000000002,29122.954500000003,28628.97761114105,28880.627713062666,29428.893,29967.184,30330.0
T000110,1989-01-31,105.91451,106.62704,95.65451,121.50748,99.384514,108.00548,92.34463,103.86127,91.575165,92.04291,128.0,103.8050226757471,106.03857648156608,95.89793676101881,107.43509385158674,94.74421665540912,106.81916776711557,102.32101890867182,107.45489151839664,100.3154308298064,106.50599270242319,100.29809062453705,103.30640642220818,99.384514,99.384514,98.7868991867651,100.99818569310266,101.79286455915428,104.69969688451881,108.00548,99.384514,102.56132983333336,103.79236483333335,101.8040849070127,105.1571649395418,108.00548,99.384514,102.0
T000110,1989-04-30,104.49714,104.78437,94.16506,78.7227,97.53147,95.94882,92.774956,101.8948,91.91777,92.43172,80.0,99.21971221632712,92.99507531055326,94.80093471040625,92.285436159625,93.37217252605222,92.55644651740661,99.89254198969901,94.08117979507192,97.80432641321129,95.91630040022483,97.09860342992296,94.83484531404271,97.53147,97.53147,97.17860538925132,99.73066100017324,99.12745377084416,93.20391433823508,95.94882,97.53147,99.42906166666668,93.84503166666669,99.26822110393685,93.97100117177129,95.94882,97.53147,83.0
T000111,1989-01-31,3728.5588,3661.7883,3583.955,3814.483,3738.2988,3693.5393,3610.6377,3686.0444,3544.4644,3584.6902,3792.0,3673.2881066385175,3700.4419169289376,3624.0073344950124,3711.0538889670356,3593.685707047952,3703.972108845352,3643.0717321205425,3702.1008559330858,3636.96394315479,3706.1488233969853,3668.1038692314214,3710.962613809487,3738.2988,3711.610325,3654.4613546032942,3668.3097546687713,3702.412775280913,3712.5488270925607,3693.5393,3728.5588,3675.4490000000005,3711.927,3691.6398999158323,3709.516998372658,3693.5393,3693.5393,3681.0
T000111,1989-04-30,3527.6086,3622.0005,3493.8884,3360.4092,3743.188,3476.1794,3647.6458,3629.6992,3573.9285,3618.1272,3432.0,3595.8436152726076,3604.191158767205,3633.3599018879886,3501.9011064465076,3601.0210164052614,3505.979888045629,3614.423758808508,3546.24952055217,3615.6356577940774,3560.496763863072,3600.073843517111,3561.800736184634,3743.188,3594.1687999999995,3635.125159307986,3527.4307576342285,3569.2395782727776,3554.5771399985215,3476.1794,3527.6086,3595.434033333334,3564.1216999999997,3588.578919424575,3557.0157102961903,3476.1794,3476.1794,3717.0
T000112,1988-04-30,445.4162,443.732,433.73367,472.48752,453.91852,445.2435,439.5248,445.84338,438.989,439.64664,451.0,444.91288590969697,444.90106785796826,443.6940576257717,446.5635338502439,442.3078344508525,443.1384047989358,443.9889149479393,442.25700836570036,444.21660656762094,441.2824914563807,445.21027885573,448.1102854134383,453.91852,472.48355943653786,443.654954483148,444.18932099297206,445.8786193262604,447.77547818538807,445.2435,453.91852,445.5237666666667,448.01736833333337,445.96077031569814,449.2333478024292,445.2435,453.91852,464.0
T000112,1988-07-31,442.0591,440.35965,428.4296,448.89954,462.26837,433.3993,441.64886,443.03027,438.99234,442.76837,415.0,443.7869818321939,439.9170299579786,445.48027050487934,443.05282972980933,442.6903854560748,439.3917555320471,442.0171557703217,436.7102451930556,443.20336933566284,436.38363574567825,443.91657197582134,443.6320049436271,462.26837,448.90239142439714,444.22538626534634,436.9407064440877,445.5959889753584,444.0330711774396,433.3993,462.26837,443.3515050000001,442.0581333333334,445.5420311333995,444.2589904838771,433.3993,462.26837,414.0
T000113,1987-04-30,343.439,335.6247,322.799,333.0822,339.7111,335.38052,336.49445,335.99857,334.04984,337.05035,306.1,336.68852681896976,336.50097919394534,336.24442473887683,333.0822,335.1851264458431,333.7651931132921,335.6185276741449,336.57721928459614,335.75240706875786,336.62273365714907,337.3309522047449,336.02178721331643,339.7111,333.0822,337.3789457969684,334.44539529053174,335.99889297313354,335.21788601544245,335.38052,333.0822,337.36728833333336,336.0644183333334,336.65960669954825,334.2162286662841,335.38052,333.0822,316.7
T000113,1987-07-31,380.9702,369.53058,356.0985,352.70154,345.51367,368.9701,346.1855,372.26932,334.06503,351.29324,353.4,353.9728958087103,347.2799221788704,345.11029375403695,352.70154,340.6167368740485,352.690545248822,358.4750292272833,351.36532946873274,353.60378049308997,351.1825558416536,356.89211348185233,350.22510946486454,345.51367,352.70154,354.61262973408986,352.9772059912036,350.996429966862,349.2971420662179,368.9701,352.70154,361.8864833333334,350.33805000000007,353.85285924605125,348.1689550625858,368.9701,352.70154,280.5
T000114,1988-10-31,12000.824,11545.975,11542.165,11705.792,11628.883,11801.8125,11768.263,11686.192,11455.093,11645.464,11576.0,11669.760895274041,11612.694290741134,11586.927777437762,11593.893855465181,11526.710108941548,11581.042163433302,11554.061178469627,11580.077288895476,11561.438416648401,11581.845477343391,11709.647026235143,11623.976931745628,11628.883,11608.735600000002,11710.718140354149,11646.544187370459,11587.773709746902,11608.693524666489,11801.8125,11628.883,11686.46325,11621.645000000002,11650.235308736641,11608.80573462704,11801.8125,11645.464,12752.0
T000114,1989-01-31,11441.898,11337.541,11067.247,10908.011,11719.0,11156.231,11943.405,11428.836,11594.533,11803.707,10775.0,11463.601705361467,11639.499601093044,11665.550947463997,11683.921308806881,11608.037968648998,11579.801871902324,11450.884725397367,11490.56785326014,11511.327650178646,11522.733333827475,11533.334661453897,11556.666327858502,11719.0,11679.637200000001,11695.94475843673,11599.739186693492,11561.854702639057,11668.861884644113,11156.231,11719.0,11446.339833333335,11637.837000000001,11485.294309083753,11624.225561530924,11156.231,11803.707,11134.0
T000115,1988-04-30,171.72789,169.50816,167.11024,169.79927,170.29477,170.87552,171.11522,169.74019,169.97664,171.37413,159.0,170.38198911872294,170.8407276222456,170.32176065444426,170.82833765574645,170.12474424074912,170.79221792055733,169.81524844379612,170.75932118293113,169.9761518514604,170.74754566438637,170.57941714721642,169.96569741931174,170.29477,171.25550765602424,170.66933556634166,170.87928869945614,170.66437250163807,170.8699059330368,170.87552,170.87552,170.3538616666667,170.85462,170.62179315165557,170.88399116542956,170.87552,170.87552,162.0
T000115,1988-07-31,177.61835,178.05563,174.19131,173.48747,173.73181,174.83614,175.62886,176.32184,169.9837,178.00781,164.0,175.38312669002335,176.02757757168595,173.63528952910426,176.24810100283804,171.99929339366008,176.11756162901696,175.89464330640237,175.77149905439285,175.00967903415855,175.8366157146126,174.42813754563755,175.84819205801483,173.73181,176.0878877743054,176.20913772652798,176.34027853964886,175.45959297878676,176.11148419510175,174.83614,174.83614,175.09124500000001,176.02413500000003,175.3169723998131,176.13532567667937,174.83614,174.83614,171.0
T000116,1991-04-30,670.5188,669.9887,662.41754,673.716,685.6287,666.73615,657.90515,668.462,657.38947,658.02246,686.6,670.0211349533521,669.4732063244624,665.8454497310214,660.1832153371258,662.5082897041528,664.2783224347735,667.6326298450522,668.2957369692696,666.9909577365094,667.9100782687045,668.4384861862204,670.6779031042377,685.6287,657.4892221624834,666.2368794822818,666.7476956363972,667.4734388983435,668.7557641832568,666.73615,673.716,669.7873033333335,668.639865,666.6736088813323,667.1962544124449,666.73615,673.716,655.9
T000116,1991-07-31,673.41693,669.5019,666.357,656.6955,698.1276,666.8929,659.9496,664.50604,657.39264,661.0271,663.2,672.2767130971732,666.670712017087,669.0215341524228,661.1945299331283,663.8281914111953,664.2814983107593,667.9101351053026,665.4991730945574,667.9741697505832,665.5729074374781,671.1070081345505,673.2336900801726,698.1276,657.8881958268186,669.1881365809097,668.0225868823906,667.0178758013136,665.7808587687335,666.8929,656.6955,671.6396683333335,666.2283783333332,666.1588989254601,663.3325243002239,666.8929,656.6955,672.3
T000117,1991-04-30,440.17108,438.16614,438.78207,440.0773,454.3626,439.48877,439.43298,440.3008,438.99094,439.5335,431.3,441.1906074592595,439.10126937174255,442.56485193746244,438.9328424174198,440.94637274421666,439.2241640612207,439.6255200390562,438.82765529935847,440.59136410640576,438.8326475212513,442.61845926524904,441.7019391672725,454.3626,438.45747468441556,441.14241578348515,439.4949575683021,439.3016154267604,439.16838878136485,439.48877,438.78207,441.9133883333334,439.20107166666673,439.29118980997265,439.1733933553588,439.48877,439.5335,449.8
T000117,1991-07-31,441.8201,443.20004,447.80078,445.15262,461.4611,439.11316,441.18533,441.64017,438.99368,442.10895,429.6,444.26894017300856,443.12066818840344,445.4453386899324,443.233397619236,442.64478774937754,444.8765032733365,443.54904998736237,443.6038388525825,444.12764435773136,443.801977263415,444.6319972635107,446.40248654946004,461.4611,445.2143822792599,444.781203852249,442.4059116578489,441.0629442903846,442.67877125045425,439.11316,447.80078,444.371375,442.48815833333333,440.98137759622665,442.4860901595373,439.11316,442.10895,462.6
T000118,1991-04-30,189.61658,191.5418,187.9512,193.7861,195.98233,189.20596,187.47215,189.22087,187.39848,187.48892,197.0,190.5569804569636,189.24614357952015,190.0060485226653,189.1182100505959,189.01080421429256,189.20016990160957,190.73921688012547,189.14737336260237,190.49564219252935,189.20862825537822,190.07753759797419,188.39128824239768,195.98233,188.76316794856487,190.14386736143214,190.48678444909262,189.4059713009387,190.14223136371658,189.20596,191.5418,190.4943366666667,190.12829833333336,189.37615189821406,188.80520818923299,189.20596,187.39848,188.0
T000118,1991-07-31,189.51128,191.8284,190.49693,187.92995,200.09035,189.65326,187.76422,189.19785,187.39894,187.91815,192.5,191.45261002039695,189.36561672840446,190.98275420929113,189.2526787564278,189.41909046976335,189.3292720845783,191.05734851236565,189.27154196749527,190.9406903700832,189.33326689303564,191.0259826253854,188.56531374706387,200.09035,188.8959683695954,190.81001460161033,190.55128429436877,189.53115578425587,189.26200755774622,189.65326,191.8284,191.28001333333336,189.25328000000002,189.5001065414153,189.0257946631133,189.65326,187.39894,194.6
T000119,1991-04-30,108.09663,111.604675,106.79641,111.82867,111.41239,108.07463,106.065605,108.13559,105.99863,106.08083,119.0,108.61523714378768,108.38194718524012,108.04874579658302,108.06155368712534,107.31379772850073,108.03642618124215,110.00169750368002,107.51084420334749,109.32990141413062,107.6072363083054,108.11716479283157,107.98448224756575,111.41239,108.0909980129691,108.69368753862952,108.10940120542759,108.27775788856654,108.12044499635486,108.07463,108.07463,108.88709083333335,108.11776083333335,108.26852537761113,108.41718720124997,108.07463,108.13559,108.0
T000119,1991-07-31,107.97043,112.25198,110.53695,105.677055,114.38091,108.65345,106.331116,108.44811,105.99904,106.47105,114.0,108.9359519283789,109.1413022691405,108.79553190144843,109.05107894504684,107.59563594435807,108.64202652657127,110.45100094418355,107.84563246212,109.77939504751402,107.96466927939169,108.90276381608601,108.28268638276144,114.38091,108.99661905679505,109.25549352452822,109.23889835306963,108.55545743712264,108.76588358237052,108.65345,108.65345,109.61732,108.97666000000001,108.54736073761549,107.7896773867737,108.65345,108.44811,111.0
T000120,1996-04-30,263.4838,278.4518,277.15485,265.52243,271.8157,267.68396,298.50372,259.1626,273.26556,288.60742,297.5,271.0772333188158,272.53489648251457,279.63199716136774,273.27890270953117,276.0981166868245,271.75995221850104,278.02368509941755,273.4410352194206,277.97467691870116,275.5229211640236,271.9418724526929,269.2880580830506,271.8157,265.52245173664824,287.9193178225837,271.3216374096839,267.71510282615594,267.8294525094626,267.68396,265.52243,268.97723666666667,269.26519666666667,266.9197244701934,265.7335501022548,267.68396,265.52243,297.7
T000120,1996-07-31,268.95813,292.38818,291.29062,258.22836,279.1659,272.05832,312.61844,275.31424,284.503,301.36017,292.9,282.4278225920552,284.88278584518923,290.7033331658946,276.3041678286504,286.83337467853556,277.72269835663565,290.30916429657833,284.84445714601475,289.5335350666053,287.22940321891076,281.3091191292345,277.48091767056036,279.1659,258.22842696549355,299.3848938670996,276.3073038280789,277.36231423869407,272.0320644168796,272.05832,258.22836,278.731295,277.55757166666666,275.8817921120284,266.8236110793711,272.05832,258.22836,306.7
T000121,1980-04-30,20.288929,19.848783,19.883162,20.289415,20.420994,20.209763,19.96626,20.136118,19.898611,19.981642,18.52,20.121938720479395,20.10762910281092,20.03837840833172,20.210326129848305,19.980723080765834,20.344810889602527,19.92236288488244,20.165477779025608,19.964954703702457,20.09790001629923,20.163534576940577,20.159015245909245,20.420994,20.133823650423157,20.018599804683866,20.093228635909526,20.20653106244847,20.149161179953374,20.209763,20.420994,20.133866333333337,20.131291499999996,20.177423381452925,20.120907770254107,20.209763,19.883162,20.0
T000121,1980-07-31,20.676666,20.705776,21.01353,20.38987,20.488087,20.617514,20.234425,20.472982,19.899033,20.375761,18.68,20.527135389822845,20.673692087229604,20.245147053261242,20.61549117564959,20.099656604709125,20.456700256160886,20.485248250879973,20.6422032635973,20.395338785483887,20.66349014267397,20.397021012716515,20.60523466167404,20.488087,20.660977745074657,20.443965905594375,20.356860079720764,20.57155413601141,20.64996640956259,20.617514,20.488087,20.476676333333337,20.66242583333333,20.587210081432197,20.669088752174265,20.617514,21.01353,20.19
T000122,1980-04-30,940.0128,931.67114,934.8468,941.2524,948.11334,939.7634,924.75616,940.2117,923.67786,925.0014,875.8,936.8268841515882,940.4570732289214,930.8739756120664,945.6870393921155,928.0571478156818,943.0111947330654,930.9157790069771,939.6801993794488,930.943835897074,939.792261406911,936.6201564845521,940.7630457867966,948.11334,948.1133394610733,930.6679482641609,942.1371847241686,940.7802051469532,939.8213562821398,939.7634,948.11334,937.2417066666668,939.1031966666666,940.4924053925599,939.55897630956,939.7634,948.11334,942.6
T000122,1980-07-31,954.50165,951.3732,946.5949,952.4346,960.6933,953.5133,929.0309,955.59515,923.6846,931.28394,891.4,948.7323976979167,955.6476060484355,937.7139810108447,958.8659258898076,932.1711724448877,956.8451382035654,944.6872265796401,953.6906996206119,942.1930286864811,953.7897802969323,946.7019184017345,953.9612716475042,960.6933,960.6932995883749,941.0624649462959,957.0410779244561,955.5732148002023,954.1223030992659,953.5133,960.6933,949.8935333333335,953.7119166666665,955.3951468005375,953.9401378634939,953.5133,960.6933,951.7
T000123,1980-04-30,148.6861,149.13338,148.82614,149.07472,153.4888,148.6405,150.0514,149.24773,148.82027,149.56865,148.3,149.68364007703187,149.87311395667086,150.23654199191435,150.36359408262925,149.5774468144915,150.49547061623443,149.43705942641859,149.94908137113782,149.67132644322663,150.07791435412128,149.94196159690836,149.81278545349159,153.4888,150.08739875347453,150.15972921974137,150.6769525843177,149.85912866583325,149.70255790007704,148.6405,149.07472,149.66946333333334,149.79629833333334,148.92372496739785,149.22304574930607,148.6405,149.56865,147.8
T000123,1980-07-31,149.88374,149.54642,149.88301,149.45361,156.55096,149.62366,150.73993,149.78322,149.36844,150.19075,150.0,150.8156190504571,151.10719346452817,151.3760226312472,151.6256147592195,150.44087999603627,151.79521363751692,150.08175411025815,151.22741848510273,150.47251305562472,151.3911029052951,151.1934476645999,150.93821993969647,156.55096,151.13924225757157,151.15765442367842,151.9523929045568,151.00875210781132,150.7643224196731,149.62366,149.45361,150.79274,150.91808166666667,149.63522638384816,149.98916886378558,149.62366,150.19075,146.6
T000124,1980-04-30,48.827236,49.83356,49.641903,49.362095,51.149113,49.121906,49.713123,49.209335,49.699726,49.716167,48.0,49.26525040494165,49.37734205130975,50.047666786336464,49.54213602926045,49.88451468937232,49.38888779733435,49.873892421806396,49.412837984800845,49.921902647797054,49.416971780878455,49.69126671010365,49.67225860896911,51.149113,49.58028697867737,49.900353256525904,49.534945694474416,49.62490021433596,49.65603055112058,49.121906,49.209335,49.64014600000001,49.729289166666675,49.63023425725983,49.62677235242052,49.121906,49.699726,47.9
T000124,1980-07-31,50.134186,50.17823,49.842564,51.59212,52.116287,50.00214,49.766228,50.05298,49.69981,49.794212,49.6,50.05180873172336,50.4296053333154,50.36445759330718,50.63799445554723,50.10724894282891,50.39506865247715,50.22481792632797,50.02551656041765,50.28272237262378,50.02845354497163,50.3697411341132,50.66295270321751,52.116287,50.687682553627425,50.279770934800496,50.08078419607592,50.291897027048435,50.540406026445055,50.00214,50.05298,50.36393883333333,50.60692783333334,50.261852955008436,50.42171769749842,50.00214,49.69981,47.1
T000125,1980-04-30,19.278034,18.791399,18.069838,18.196907,18.825815,18.903702,18.991718,18.78837,18.806192,19.033901,16.79,18.921253427557414,18.95784865241221,18.85343159648363,18.78975694868715,18.81415426490458,18.83543802428179,18.798266126174386,18.93091886966202,18.806947583960877,18.900590327575735,18.915564476152596,18.821551643987625,18.825815,18.777505644477433,18.93732729554612,19.005221386223354,18.930500596658028,18.805005875637598,18.903702,19.278034,18.89891866666667,18.79983666666667,18.9258023560866,18.80226653295156,18.903702,18.825815,19.25
T000125,1980-07-31,21.19884,20.840153,19.914387,20.04448,19.48991,20.595543,19.727177,20.737375,18.807346,20.114801,19.03,20.47013837986367,20.36586185669726,19.5183548457892,20.473572239922618,19.222566357858703,20.35119636738154,20.23655070201262,20.250871354596264,19.973496856526914,20.243321910492295,20.031511772915685,20.32850339333426,19.48991,20.186994072248194,20.103834402257828,20.441998355947536,20.26354070096532,20.176504367790148,20.595543,21.19884,20.2781945,20.145582333333333,20.131596451922892,20.091948970598835,20.595543,19.48991,21.46
T000126,1988-04-30,115.18227,114.7649,109.748055,119.356834,113.76172,116.624596,109.32801,114.78042,108.993126,109.40416,123.0,114.84707851136574,113.66218154652927,111.06605122568406,113.58473634699017,110.40989927606242,113.34508055730204,113.21387385770713,113.88776848652272,112.53250852640357,113.77351125931499,113.22232520112567,113.13878788103113,113.76172,114.36295364019782,111.96670018978062,114.03113750536423,114.03026973777193,113.5118899038151,116.624596,116.624596,114.01783866666668,113.10910366666668,114.01542350101252,113.21658664377395,116.624596,113.76172,113.0
T000126,1988-07-31,117.435074,115.13871,113.66965,107.139206,116.49735,116.37706,110.65555,114.79268,108.99521,111.35524,116.0,115.37513949517562,114.47483201152258,111.95996216645919,114.66508194246981,110.61245581676192,114.4847552964255,113.41030908672798,115.29742614470067,112.77933160938103,115.371166067689,114.20898998436725,114.20453545356204,116.49735,115.78364496527018,113.09464159709343,116.07270331412012,115.00905920611885,114.57579635101524,116.37706,116.37706,114.87268066666668,114.18315900000002,114.9210961988525,114.40343738654987,116.37706,116.49735,115.0
T000127,1990-04-30,1277.6113,1273.6609,1280.7014,1282.6332,1291.8445,1280.6443,1259.8528,1276.8047,1258.9822,1260.0508,1180.0,1276.4659860094143,1279.9690194363711,1268.9776443608441,1279.958426554299,1265.1134569854885,1279.0106199101788,1271.0769224451317,1279.5504475600555,1270.3813125552938,1279.6759462408556,1275.240690797282,1280.293712824099,1291.8445,1277.6043963166533,1269.3972869697334,1277.5434453294943,1280.3484233605266,1280.4115313401053,1280.6443,1277.6113,1276.5913166666667,1280.2111833333333,1279.97073015856,1280.1053902248416,1280.6443,1277.6113,1281.0
T000127,1990-07-31,1296.1561,1299.8192,1290.784,1308.7931,1308.1279,1298.53,1263.3044,1305.4197,1258.9875,1265.1237,1216.0,1294.6049740375897,1300.6949924341502,1277.4497138125275,1299.4772992435412,1270.5402890244814,1298.9870159690252,1289.4342768910794,1298.2943832493263,1285.3290102807941,1298.0743573089126,1289.2405355741873,1299.826213269957,1308.1279,1296.235424254951,1281.3700517024433,1295.0637193205496,1301.645241824111,1299.7033823620934,1298.53,1296.1561,1294.5067333333334,1299.8061500000001,1301.4340675496373,1299.4712948706535,1298.53,1296.1561,1303.0
T000128,1990-04-30,6966.897,6942.3076,6938.674,7049.2295,7166.865,6977.8594,6960.2993,6961.216,6949.784,6962.6904,6749.0,7001.092801142682,7008.374759258328,7003.358712183039,7014.871784272121,6980.783885694239,7015.6272116044765,6964.221908261688,7011.963040854551,6978.061274110931,7005.955392506217,7004.961523907793,7010.2198268779075,7166.865,6955.970216666666,6986.483284739862,6954.198403035883,7003.224547014317,7008.579039476722,6977.8594,6966.897,6994.154833333334,7010.123483333333,6998.079579176512,7007.269005558185,6977.8594,6966.897,7244.0
T000128,1990-07-31,7017.289,7067.0845,7089.547,7117.9233,7273.5454,7034.3853,7001.9844,7038.081,6949.8496,7023.9546,6817.0,7075.3304680536685,7090.668043032829,7057.398807063855,7105.356076496415,7012.246728064284,7108.983868726268,7054.787237054511,7106.596377864098,7054.901173342522,7093.328323986834,7061.580873365859,7095.235155496753,7273.5454,7026.689966666667,7061.282845373531,7041.686731647784,7084.011881903858,7092.556591506352,7034.3853,7017.289,7063.372466666667,7095.1285,7077.2875122861215,7088.222041832865,7034.3853,7017.289,7413.0
T000129,1990-04-30,187.13719,187.87616,180.54805,190.80643,190.99861,193.0793,180.73137,187.47963,180.18886,180.85472,200.0,187.6955987791618,186.61162084952045,183.95108154555285,188.2336213909964,182.55497501119396,187.71437887234697,186.03451528621372,188.35304717742798,185.3331395929831,188.03521968042975,187.06783626647348,187.83366173437153,190.99861,190.9986099999997,184.65238092557888,184.5459665615004,187.86933558651106,186.95914531712398,193.0793,190.99861,187.79329166666668,186.57194,187.8763816846163,187.2308089937302,193.0793,187.47963,204.6
T000129,1990-07-31,192.80722,191.93088,190.98376,188.1333,197.68279,196.0589,182.88199,192.2859,180.19223,184.01547,201.7,191.662704150886,191.52443274117783,186.6160084931491,191.69333484755114,183.95020526474656,192.58345358392924,189.1388123833851,192.8703070698922,188.16265400465198,192.74343436373772,190.769718327255,193.62838832824946,197.68279,197.68278999999947,188.02406999801678,192.12600952217548,191.96463472438248,191.8459332482513,196.0589,197.68279,191.82632000000004,191.66846666666666,191.96887824093724,191.88432484512157,196.0589,192.2859,208.0
T000130,1990-04-30,164.64609,161.58969,162.79388,162.6636,161.00146,164.87112,159.08049,164.40768,158.69203,159.16881,140.6,162.879997504899,163.6847453682022,159.75815264065614,164.09784489539973,159.38565855435624,164.2148367526542,160.78983055575085,163.9982549157374,160.4451320738635,164.0160866577234,162.08965859065842,163.5371502012254,161.00146,164.07220959281312,160.2775215123136,161.64651206374987,163.7948717804721,163.6893110562561,164.87112,164.64609,162.53467833333335,163.49534333333332,163.8715583561111,163.66474357834312,164.87112,164.64609,164.4
T000130,1990-07-31,170.15173,168.84633,167.51408,168.3474,162.36877,170.0148,160.62044,170.32642,158.69444,161.43207,147.2,167.43377163167682,169.3712091609713,161.54161632806176,169.4439622734473,160.53175610774656,169.59996970697847,165.67828738580843,169.41058896323344,164.24889603033589,169.45041967239632,165.20991933083505,169.21868888811954,162.36877,169.42162448057115,163.6600156769235,166.25588145784968,169.19491290997377,169.2940027523864,170.0148,170.15173,166.73374833333335,169.20012666666668,169.39155254607678,169.27519061018145,170.0148,170.15173,169.5
T000131,1990-04-30,13752.641,13683.631,13710.191,13742.899,14063.283,13750.749,13626.725,13752.229,13617.817,13628.751,13223.0,13782.094311028046,13730.661334238406,13732.85332823826,13797.808602710695,13683.993531497152,13767.13792170643,13693.785564646312,13754.056382839866,13706.328778523712,13750.805742102917,13773.881968316979,13801.036398997776,14063.283,13783.898999999998,13709.436744548919,13720.78190478788,13730.453702279068,13733.718601518745,13750.749,13742.899,13770.058333333336,13732.056666666664,13730.504067093088,13733.72703054497,13750.749,13742.899,13752.0
T000131,1990-07-31,13871.876,13846.084,13806.764,13846.772,14283.814,13864.2,13662.037,13880.988,13617.873,13680.649,13353.0,13907.411290773927,13855.064362592728,13816.27830049534,13928.86512136324,13732.945659149433,13887.58970899857,13815.79818053152,13871.032183534211,13813.612408201112,13866.196875034366,13880.995628020315,13933.336017917987,14283.814,13919.918333333331,13811.656768949348,13804.401196799168,13851.789525467084,13852.360090982536,13864.2,13846.772,13894.139166666668,13852.780666666666,13851.876820868958,13852.365235108173,13864.2,13846.772,13888.0
T000132,1980-04-30,37464.727,37823.81,37706.848,38751.336,39204.555,37678.277,37922.58,37812.016,37866.855,37935.25,36888.0,37961.82827220935,38149.00564279317,38199.03441352769,38531.55447838604,38064.93079605936,38360.86331904858,37964.8800482633,37990.78920162506,38051.41659344905,37949.518473701726,38046.08506450077,38081.66578555755,39204.555,38317.27366666666,38054.53977066409,38295.082320804206,38129.11687011571,38057.77877709853,37678.277,37922.58,37975.04,38076.649666666664,37978.63622678247,37820.57923468988,37678.277,37706.848,38596.0
T000132,1980-07-31,37992.047,38527.22,38338.367,38429.81,39795.7,38119.06,38143.484,38345.566,37867.203,38259.91,37444.0,38488.81943268864,38629.7412446579,38485.666824186956,39007.46301346838,38218.11439805621,38797.62790549555,38452.18022351551,38271.506414463634,38453.978971304445,38270.21477758202,38432.97490480894,38493.40250339752,39795.7,38800.39199999999,38465.99771951352,38783.83943803018,38548.788992444504,38441.55299555669,38119.06,38143.484,38441.13266666667,38488.647333333334,38407.55167724103,38219.87797800405,38119.06,38338.367,39804.0
T000133,1980-04-30,22643.115,22625.926,22564.885,22774.877,23623.914,22639.254,22631.156,22630.88,22611.6,22635.604,22460.0,22851.599029050183,22614.89285411891,22854.134356132035,22637.978384410475,22747.3720685136,22632.222355248494,22697.408945825024,22631.369458814348,22749.00625057255,22625.098936514227,22832.430853377977,22640.44889577764,23623.914,23009.890333333333,22773.807350617757,23078.46160105894,22629.652552035564,22616.590632593437,22639.254,22625.926,22795.781500000005,22619.276666666672,22628.566492027505,22637.309639757128,22639.254,22625.926,22732.0
T000133,1980-07-31,22809.533,22759.023,22666.635,22785.303,24037.48,22755.648,22708.684,22801.848,22611.72,22749.547,22616.0,23057.12995079517,22749.640971343273,22989.913243786137,22731.779076857878,22821.44537103352,22742.740070002827,22816.428840619352,22753.868573337673,22870.172536353213,22744.513837517334,22997.396826576714,22713.22247041529,24037.48,23208.210333333333,22914.325202056116,23330.17847539884,22749.194923908308,22732.54474891565,22755.648,22759.023,22962.542,22734.067833333334,22741.020338300787,22725.548044162068,22755.648,22759.023,22852.0
T000134,1993-04-30,813.7943,1574.837,617.7279,1778.1852,178.59482,397.73132,237.08987,801.92755,185.53615,216.87492,3315.0,634.4360229053123,602.7633760032369,394.06010958385997,689.5314298004828,349.9285673817871,926.7676103630594,1090.6530195299606,512.3386027195992,857.7019152620717,471.6801767037649,406.2400495462922,856.6524905120506,178.59482,326.378012,688.4299986943929,1157.0807990547814,570.282354489924,951.4049433836918,397.73132,1778.1852,658.7368566666667,821.4464650000001,650.2839757623791,1088.5032338900332,397.73132,1778.1852,289.0
T000134,1993-07-31,725.4746,1558.4458,1041.8215,-337.69397,261.19238,474.25885,265.92178,797.4589,208.49077,242.92468,1260.0,647.1666510510478,618.7463875568358,393.2369123767078,235.4058053454722,314.78320652876414,151.03950246072105,1030.440555664354,280.5265288384788,789.7298646438385,284.416170284039,434.39213390136973,376.3741904152351,261.19238,340.800842,649.3631644623526,412.1026296193614,592.1710659686055,273.1247330216424,474.25885,-337.69397,670.8868833333333,481.69473833333336,655.709529767683,250.70894793873327,474.25885,-337.69397,126.0
T000135,1980-04-30,516.2473,506.83685,503.98322,504.29294,502.81116,504.40228,509.19846,510.54834,504.91205,510.1732,402.0,509.42316054969376,507.83612692786363,505.9118137805363,508.1441980099708,505.35539518576957,508.633165797189,506.3453542119186,509.87927065550656,506.12430468847225,509.6930182343345,507.2752534419845,509.5373869676001,502.81116,502.8111600014668,508.0577576757914,507.28380698986416,507.53654187058027,507.33114287171395,504.40228,509.19846,507.62633000000005,507.2585383333334,505.3950916291241,504.92181040893655,504.40228,502.81116,492.0
T000135,1980-07-31,545.10724,560.7517,569.00635,545.9342,509.10315,535.4906,526.19104,552.4537,504.9387,535.14703,455.0,542.6395017018995,545.3004319292382,519.9949413872969,547.1186236775036,514.1563943916086,550.0027445913331,542.9631920734703,551.9994229157829,534.8176592925278,552.2056734582891,527.0699774116349,547.8250495002463,509.10315,509.10315007496945,534.4306197428847,529.349095084721,536.236905353999,541.874132953463,535.4906,526.19104,534.6408483333335,542.1088283333335,529.0693372205599,535.0041863269339,535.4906,509.10315,546.0
T000136,1980-04-30,146.62901,145.11565,145.08354,143.76514,147.10649,146.24564,144.32306,144.91785,144.09534,144.37483,132.5,145.74579580462762,145.04122160977022,144.9745415150522,144.58023230865746,144.57688457114926,144.53838347152754,144.94398661196584,144.57578289230227,144.9252696714089,144.65195185094183,145.63319708488183,145.19964724136116,147.10649,144.38515976423218,145.13306788821242,144.07248986252142,145.8826381543394,144.85220708727738,146.24564,144.37483,145.68499666666668,144.763785,145.61978016925283,144.72644384862733,146.24564,144.37483,140.5
T000136,1980-07-31,150.18011,148.98828,149.8692,150.07085,150.02081,149.14969,145.22578,148.52177,144.09674,145.70157,139.2,148.65076233497317,146.93125298241742,146.50516953453513,146.78084261170326,145.57097765741685,146.4624729859117,147.81013691518,146.14831614844974,147.3566746742183,146.42160467071494,147.9307049571241,148.2875489925276,150.02081,145.53621091075854,147.38713249761793,146.90143510349264,148.7232147865591,147.0723880322119,149.14969,145.70157,148.49290000000002,147.27292000000003,148.0336497977533,147.06130416481696,149.14969,145.70157,141.8
T000137,1990-04-30,90.952126,89.9308,86.09364,98.16035,88.58332,89.36176,84.2929,89.69299,84.01428,84.356255,97.88,88.92854399865217,90.55899906877727,86.10299436454882,88.72856670957782,85.52172317645301,87.71542428487729,88.41712103324778,88.44606814938273,87.72855963550349,88.87440296940972,87.81060836719793,88.34853895460529,88.58332,89.35006604135073,87.15839253528415,89.92510799406124,88.85873593978992,89.98673726818492,89.36176,89.36176,88.75587933333335,90.12747100000001,88.89293862786386,90.30465497188237,89.36176,89.36176,90.17
T000137,1990-07-31,92.06843,89.75892,88.30701,86.337006,91.16485,89.050545,85.397415,88.01749,84.016014,85.97956,87.45,88.65860908113638,88.11026451307465,86.83066868405072,87.35739457713902,85.64063330535996,87.44400077468555,88.25552467892497,89.27393786913623,87.6967289844556,89.74553543239642,88.33034971395976,88.52596106410155,91.16485,88.73825008261316,88.03718998820912,86.30423958774192,89.09540177724715,88.67972186459293,89.050545,89.050545,89.01270816666667,88.44238916666667,89.15681564266643,88.6553236912824,89.050545,89.050545,92.21
T000138,1990-04-30,25.172863,28.254375,25.360039,28.961212,26.5584,24.310114,24.939487,25.606905,24.293137,24.686045,34.07,25.703838218845025,26.284369080362463,25.536667792799378,25.275099500046483,25.108579415215264,25.905453725028142,27.073796327323123,26.19993495561447,26.54749274253985,26.151046254520548,25.149084589146582,25.518660857820144,26.5584,25.333842205104467,26.257110364484248,25.48371797132689,26.148072129920894,26.679092249566704,24.310114,26.5584,25.699299000000003,26.505678000000003,26.08603705482092,26.696272779984096,24.310114,26.5584,24.84
T000138,1990-07-31,24.77938,28.28376,26.680578,24.564753,27.343664,24.393648,25.300964,25.871523,24.580929,25.01264,27.75,25.743708599826714,26.71014874800991,25.84978422042346,25.76873473009093,25.307902813132067,26.325760980386686,27.103388893858124,26.378642126991767,26.61192129853286,26.316264404611488,25.41214717310223,25.794642282678463,27.343664,25.795614732887614,26.38816532296188,26.101762408923193,26.507243563822882,26.29006307280913,24.393648,27.343664,25.875484000000004,26.220867833333337,26.49295093745605,26.18798897336874,24.393648,27.343664,24.62
T000139,1995-04-30,39.75937,39.868126,37.515385,45.329872,39.511463,38.594982,36.891846,38.93755,36.798077,36.913162,43.9,39.267918082236754,38.6812126694361,37.96463406716822,39.05590156671453,37.65169138516823,38.999075804082224,39.1369495644278,39.25689923176961,38.804425408169855,39.024078724809954,38.42974300321196,39.65494272064572,39.511463,38.7905554094052,38.49351068893895,39.06668177141737,38.83985330809233,38.753079139126434,38.594982,38.594982,38.911594666666666,38.51947116666667,38.84025781865215,38.67389721739039,38.594982,38.594982,39.6
T000139,1995-07-31,39.96915,39.836933,38.86099,37.52923,40.80436,38.95791,37.263557,38.437126,36.798656,37.459465,39.3,39.25956862065032,38.98992403899595,38.2494600646878,39.35820638114134,37.63450311044316,39.24757128444991,39.014867795451664,39.26159391215552,38.710650090051914,39.03032329052895,38.77375809016122,38.81246168026787,40.80436,39.12300510202559,38.74010087880541,39.37763357003831,39.00861993973555,38.998947782797735,38.95791,38.95791,39.13402250000001,38.97136533333334,39.01016068752178,38.962575255508966,38.95791,38.95791,41.9
T000140,1991-04-30,96.94659,112.19661,110.59891,107.563736,109.60712,102.930565,112.689255,102.29434,111.15033,112.08582,84.0,104.40940341486339,105.21380056252377,111.24545062532518,102.59762303872168,111.10758506498837,103.18995878749774,111.69594441663791,103.69698235288492,111.46197558619917,103.63482429880018,106.2065487943551,106.01933716677678,109.60712,107.563736,111.34816442020903,101.56883163654555,105.70907993576239,106.03000021020743,102.930565,102.930565,105.85425916666668,106.01955750000002,106.34528679324117,108.14004644046742,102.930565,111.15033,77.0
T000140,1991-07-31,119.182884,116.85559,112.16476,131.74522,115.943665,116.01985,113.54991,116.73703,111.83555,112.86343,109.0,116.60641586481442,116.02917190208471,114.13614509890304,120.58156974681602,113.53658455634661,120.48637565737138,115.927910705399,118.08446172096188,115.47800711502181,120.00701518430066,115.43814585698709,115.19452034482529,115.943665,131.74522,115.6394979825032,118.35458826433151,115.95951499486111,115.37915391149514,116.01985,116.01985,116.0957615,115.46594400000002,115.56189050721181,114.92857320988065,116.01985,111.83555,104.0
T000141,1991-04-30,115.80498,114.85887,115.06312,118.329704,116.34522,114.140045,115.34463,113.7377,114.575165,115.04291,109.0,114.68299479536321,114.69461210192462,115.26485003515322,117.04560314869438,115.0172981877669,115.99297091009149,115.0419293525721,114.83962438218649,115.14436264696184,114.77094407834264,114.99367172499768,114.8759180213204,116.34522,115.07777345993402,115.61631808461946,115.8710039069072,114.8666220216054,114.88336991037235,114.140045,114.140045,114.91033,114.94437166666667,115.07539535198322,115.29749609749572,114.140045,116.34522,91.0
T000141,1991-07-31,121.76582,117.351135,118.53852,126.033714,121.58403,119.93956,115.774956,119.130035,114.91777,115.43172,119.0,119.2910852443907,119.61524869091137,117.1360675387365,122.1819963249665,116.37583853765693,121.48713276578037,117.27141416494474,119.61873018450291,117.30552479239833,119.39321174941466,118.930306010033,118.34770308192314,121.58403,115.47138059438139,117.63260028897321,119.66330513742258,119.36686710563954,119.44297090822282,119.93956,119.93956,119.11472500000002,119.3126225,119.61572914056791,120.06874436169507,119.93956,121.58403,111.0
T000142,1991-04-30,100.47385,100.90461,99.99712,101.75777,103.72997,100.44441,103.68639,100.24105,100.0,101.1229,102.0,100.42825077067964,100.57755488294701,101.81329948753566,101.09805261262136,100.96811104455932,101.40067251851751,101.10644307491353,101.0434625779784,101.27238763089787,101.00353797615753,101.44714756243988,101.78694031235324,103.72997,101.10498786405489,102.78182870081255,102.61748179669235,100.37002036648207,100.56161324444852,100.44441,101.75777,100.96564833333336,100.55749333333334,100.3835230703747,100.5171475226193,100.44441,100.0,98.0
T000142,1991-07-31,100.62239,101.18985,100.9366,101.611946,106.15595,100.7725,104.67938,100.74374,100.0,101.90183,102.0,100.70226910563954,100.88895182202242,102.65997876251234,101.38741626257092,101.40877000777134,101.44193491092285,101.52665625634023,101.33742013221061,101.80846531066908,101.31151995215613,102.23363828833669,102.54651902620706,106.15595,101.43967930636855,103.68707177273956,103.66964891023389,100.62144054868914,100.8623741897573,100.7725,101.611946,101.58073833333334,100.87577266666669,100.63402475160422,100.84651290681916,100.7725,100.0,100.0
T000143,1991-04-30,108.98,111.42495,106.515686,111.898186,111.13664,109.391464,106.1312,108.78242,105.99725,106.16167,119.0,109.24905120259487,108.89653046078574,107.98297663895013,108.0898793206065,107.2744853506624,108.54727261979683,109.88016561351864,108.77435319345258,109.23048180803043,108.78980635229925,108.54987291663251,108.46417370170865,111.13664,108.3896780800201,108.6634359742801,108.8951901710239,108.97579830858713,108.7190257734379,109.391464,108.78242,109.285454,108.51529500000001,108.95765535800045,109.54579418752328,109.391464,108.78242,108.0
T000143,1991-07-31,109.35472,112.32989,110.851654,106.099785,114.44251,110.25241,106.662224,109.0023,105.998085,106.9421,115.0,109.78258452911355,109.92046188357925,108.92750110630178,109.21015012076293,107.66773797540178,109.3201327834592,110.54974210481495,109.66410393441953,109.89056535260079,109.65721186971237,109.55136851005409,108.94587198313357,114.44251,109.41907633082121,109.56142275106868,108.08612214305305,109.44170883230912,109.58887089229543,110.25241,109.0023,110.22998583333334,109.63150983333334,109.43497625743879,109.39583817555625,110.25241,109.0023,111.0
T000144,1991-04-30,93.90127,100.83331,97.78574,104.3048,98.84163,92.26051,103.757,95.30409,97.601326,101.34328,110.0,95.6180200230348,97.76220979862066,99.90047512447049,99.09727436953729,98.90510682678148,98.1413655258789,100.33742400413557,97.65407528984734,100.12812346468998,97.95069144666158,96.77412998917805,97.66404880702379,98.84163,104.30477535429276,101.96836169397103,98.44514829682721,97.11279898830796,98.909348059853,92.26051,104.3048,96.45702266666669,98.46440433333336,97.2314203055942,98.93335355251027,92.26051,104.3048,86.0
T000144,1991-07-31,94.870056,104.47395,103.443306,97.916565,103.67258,93.82367,107.199615,99.83742,100.34218,104.4537,109.0,98.26750317056585,99.35568381672044,103.25509698912445,100.4587050219129,101.78892874355321,100.3460162062768,103.55637137035723,100.97115972557508,103.2429743226307,101.0041462195455,99.81374711511998,99.03339074239243,103.67258,97.91659007310454,105.0563707321412,99.99624784767464,100.68363287116088,100.48796970516942,93.82367,97.916565,99.50330933333335,100.18545850000001,100.9921865144608,100.2521580222068,93.82367,97.916565,89.0
T000145,1990-04-30,308.67578,306.9662,305.23517,311.03647,318.42532,308.6366,307.633,308.02597,307.19095,307.73352,304.9,310.24756721439127,306.8471475723315,309.93309664002066,307.29547054211105,308.75646949016766,307.2559087635268,307.9893667618483,307.24344420141654,308.6600295456341,307.2594495307694,310.1455152920239,307.4582328426825,318.42532,307.2492714985735,309.09551934348644,310.0134369925564,307.8791527187791,307.43417389724215,308.6366,307.19095,309.65347,307.4551116666667,307.86909776092716,307.8312139114834,308.6366,307.19095,306.8
T000145,1990-07-31,306.5916,309.8193,308.35382,306.90018,323.43326,305.678,309.38535,307.5344,307.1937,310.30896,299.8,312.1860093051461,308.25296404310757,311.9168599802716,307.5907622904665,309.7439978107264,307.6575296367324,310.1529914788216,307.97850519435224,310.64133215378325,308.0020223900022,310.4468022496834,307.5245184792309,323.43326,307.5344432968117,311.32290008781945,312.97518665722964,307.37871099764357,307.54282056298103,305.678,307.1937,310.0417100000001,307.5284700000001,307.3848799005327,307.59010347621853,305.678,307.1937,309.5
T000146,1980-04-30,146.62901,145.11565,145.08354,143.78053,147.10649,146.24564,144.32306,144.91785,144.09534,144.37483,132.5,145.74579580462762,145.04122160977022,144.9747861559212,144.5723796617777,144.5773382328151,144.54386975183692,144.94444378005238,144.57258223720908,144.9258567778813,144.64223602827005,145.63319708488183,145.2027308152238,147.10649,144.38331352348794,145.1334427642798,144.09990981868447,145.88310147753762,144.85736175483336,146.24564,144.37483,145.68499666666668,144.76635000000002,145.61012104454642,144.72463300762357,146.24564,144.37483,140.5
T000146,1980-07-31,150.18011,148.98828,149.8692,150.03757,150.02081,149.14969,145.22578,148.52177,144.09674,145.70157,139.2,148.65076233497317,146.93125298241742,146.504640512565,146.76127789419698,145.5699966398575,146.47087160054073,147.80914831518515,146.12677097767033,147.3554050898517,146.37785857745826,147.9307049571241,148.2847319521097,150.02081,145.53292565781692,147.38632184943572,146.89345084482673,148.71347621097607,147.07898388406988,149.14969,145.70157,148.49290000000002,147.26737333333335,148.02164048585666,147.05722048448007,149.14969,145.70157,141.8
T000147,1980-04-30,136.61745,136.26195,136.09137,136.93178,139.93652,135.83409,136.40337,136.35269,136.19574,136.45056,131.5,136.82791937142437,137.0228335018167,137.1353076540468,138.35400526312876,136.7204301692302,138.16060189796838,136.53799713095466,136.93023400478305,136.7348416476091,136.3938427929418,136.98780335918354,137.0590945945992,139.93652,138.88288732576612,136.89634159777216,138.12615026206873,138.1212307638874,137.45431033061246,135.83409,139.93652,136.86640666666668,137.0299866666667,137.9428296840704,137.26421237240402,135.83409,139.93652,137.6
T000147,1980-07-31,138.00157,138.88312,138.81184,139.51907,142.19803,137.41985,137.22644,138.51303,136.19702,137.66023,134.0,138.56890272180834,138.4635456395165,138.27701894073874,140.40846465518726,137.4101841040653,140.09818707373105,138.47036790150085,138.41428538781213,138.38639815036464,137.91691985341654,138.37715350753354,138.6791666853845,142.19803,140.94498512707983,138.45105860904053,139.74513986311308,139.93642108259303,139.17258741590794,137.41985,142.19803,138.53543666666667,138.613985,139.81563634915628,139.01302693434837,137.41985,142.19803,137.6
T000148,1980-04-30,134.8745,136.77948,136.53127,136.24773,140.79933,135.14987,136.45905,135.45549,136.39876,136.47275,131.9,136.72490195808993,137.32915140049104,137.47161837931404,138.1997054850691,136.98610447997854,138.43698475033383,136.93965819330674,136.53411167580833,137.09845690885527,136.5092742168767,136.7068975204508,137.1158683663906,140.79933,139.01510330082783,137.09606327611198,136.2767719485323,136.90026144091195,136.64494987835542,135.14987,136.24773,136.57623833333335,137.04767500000003,135.8923802510612,136.35165950691314,135.14987,136.77948,138.5
T000148,1980-07-31,137.03717,137.82281,136.94579,139.66673,143.30681,137.19339,136.698,137.89581,136.39912,136.82393,135.5,138.4453006317743,138.73213026007568,138.30547764000215,140.7060260421645,137.5204340958028,141.25638916107064,137.88202004708145,138.56683378204386,138.02592603646386,138.5141976583853,138.3040180463055,138.84144382021927,143.30681,141.41892709825052,137.96577609606976,138.53843811494983,138.73852619801292,138.49857828932028,137.19339,139.66673,138.27585166666668,138.74364666666668,137.39106848861516,137.64254039428008,137.19339,137.82281,136.8
T000149,1980-04-30,155.26732,153.85559,153.8046,152.92009,157.99481,155.30972,153.75584,154.57323,153.49464,153.81525,145.6,155.150100548391,154.17853040950283,154.63993909969994,154.48269554144727,154.1071141920214,153.93717039821362,154.0371066503823,153.8284066245208,154.21197388370575,153.8372542164209,155.20607361861437,154.59990654108333,157.99481,155.11669048249723,154.44073793062242,154.26832624123978,154.5090058678695,154.10666902107587,155.30972,153.81525,155.08255166666666,154.12554666666665,154.5202208277108,154.33841723250328,155.30972,153.81525,152.9
T000149,1980-07-31,157.12828,157.35785,159.21495,156.33842,160.65227,157.46722,154.79132,156.6859,153.49626,155.33708,149.0,157.3275907482373,156.47406036745159,156.06115804795104,156.0114824159043,154.97268993696082,155.2562999530257,156.58584646543997,155.50779835249799,156.36267511693413,155.64699766765744,156.87864000574308,157.28794304598065,160.65227,156.79751914712352,156.5115125119751,155.81331109901896,156.42269347433134,156.05592312525644,157.46722,155.33708,157.13129666666669,156.16545499999998,156.38867832457808,155.78200807141218,157.46722,155.33708,151.6
T000150,1980-04-30,127.32132,128.81082,128.84288,128.28447,132.84113,127.97147,129.17232,127.6755,128.78758,129.02145,125.5,128.50401382935055,128.5926069066936,129.80743245716354,131.45149410957444,129.32700195042452,131.4769984056592,129.09722045530052,128.1949575085563,129.31135559023647,128.0961794492677,129.14175701630597,128.89394493431996,132.84113,131.27827036733413,129.5068874430893,129.66902386708506,129.90590798758984,129.75390067261674,127.97147,132.84113,128.90130333333335,128.96268666666663,129.55841887522766,129.60424222585132,127.97147,132.84113,131.9
T000150,1980-07-31,129.82028,129.53938,129.4081,131.83897,135.28067,129.99841,129.38748,129.82051,128.9589,129.21585,129.2,130.22376610436325,130.65299957288943,130.63287382195915,134.09277845716423,129.9329827852629,134.01360606637593,129.87234193994982,130.40401939807452,130.13305336897812,130.30965365483956,130.75171684353336,131.1413606364479,135.28067,133.75516005119454,130.32514378505368,131.8058998373548,131.9464285279299,131.85848854215217,129.99841,135.28067,130.5696916666667,130.95131833333332,131.23447333446876,130.81804520713573,129.99841,135.28067,130.1
T000151,1980-04-30,146.167,143.63737,143.92476,143.64342,145.80064,145.70462,143.22144,145.69913,142.89326,143.29607,133.1,145.03965851597238,144.00672675705817,143.76095625190248,144.0412724569589,143.38458766272885,144.33974697159334,143.60663438090248,143.41424309392306,143.64658000647592,143.39453168034657,144.94109260915917,143.9554539435925,145.80064,144.50785815965247,143.7882602661735,144.26445567702234,144.79586895037124,144.13979646171737,145.70462,145.80064,144.98367,143.92061666666666,144.59883915400212,144.0862725632219,145.70462,145.80064,141.1
T000151,1980-07-31,148.97499,148.30908,149.57318,147.11595,148.13985,148.5532,144.52243,148.42023,142.8953,145.20813,136.3,147.6170120907372,147.1959502743161,145.33762486717507,147.3340333397476,144.34425164474138,147.388033598382,146.88202060110797,146.12456909530735,146.31539092093266,145.9642929797302,146.9398055838275,147.15534303955235,148.13985,147.12550716756212,146.35741428528405,147.45409964462493,147.20102460200297,147.0393322579556,148.5532,148.13985,147.548775,147.14477000000002,147.0346965570151,147.17498628233818,148.5532,148.13985,142.4
T000152,1980-04-30,2.6496215,2.6408825,2.6284518,2.6756797,2.5056286,2.629244,2.5365636,2.6554844,2.5298626,2.5380843,1.97,2.6311867536078184,2.6383409713648636,2.542334122044943,2.598156719538643,2.541000326474509,2.5906986859396963,2.6014352616484313,2.6034876284055435,2.581968893519875,2.604564366135591,2.5801102393034494,2.593290986692034,2.5056286,2.6058883097138064,2.5682388818708826,2.604777997160381,2.621513740999046,2.633083761360079,2.629244,2.6756797,2.601787266666667,2.6301291166666667,2.621266918833381,2.6326193862540217,2.629244,2.6756797,2.37
T000152,1980-07-31,2.6607013,2.800716,2.7636025,2.8245168,2.2248135,2.702717,2.5631156,2.6410556,2.5299041,2.5771065,2.0,2.6852013053513857,2.7076024602864006,2.5083016399142113,2.551123759857881,2.5268248430489377,2.5349740209054468,2.687454806720945,2.604429453748954,2.6279688165971975,2.6319524874793,2.5411943165488693,2.601915868657552,2.2248135,2.619172067076541,2.5986359187555226,2.6174125314447885,2.6689090450117163,2.702147354214686,2.702717,2.8245168,2.593317916666667,2.693268466666667,2.6689780428524097,2.701429033875236,2.702717,2.8245168,2.49
T000153,1980-04-30,6.75409,6.368988,6.1347337,7.1585026,7.1985865,6.7963266,6.5756207,6.589151,6.4677873,6.6001387,5.82,6.6117387001456365,6.771926042099384,6.665859848679515,6.86219144280731,6.586300993904667,6.872044484005772,6.488675561726188,6.6915088093727615,6.555395640599325,6.577336041603326,6.75364397863613,6.754716693169487,7.1985865,6.748641193853634,6.630465481150001,6.958313625530419,6.769314179005879,6.8427996779367035,6.7963266,7.1985865,6.695821566666668,6.827407333333334,6.763156749278432,6.848970380669778,6.7963266,7.1985865,5.99
T000153,1980-07-31,6.317147,7.062501,6.7616463,6.4110785,5.0296555,6.4071417,7.0030904,6.7731423,6.468457,7.228388,5.19,6.632168905704443,6.496224406338593,6.375097844989575,6.172910140688232,6.408676054864175,6.062399373897142,6.787394613050923,6.513153428197138,6.6391154243658645,6.782085078530161,6.259828774670066,6.333505867304893,5.0296555,6.359518425299917,6.680155032082035,5.913720959555898,6.193627031691689,6.135150647245097,6.4071417,5.0296555,6.343007416666667,6.234437000000001,6.213547740845384,6.155209207873603,6.4071417,5.0296555,5.31
T000154,1991-04-30,120.789795,122.56563,121.4151,122.94147,123.55501,119.19062,122.45921,120.26492,121.99038,122.56582,110.0,120.76847330993174,121.01907732389478,122.57315434799403,120.9282814437588,122.32392286931866,121.18655806578424,122.52625786536926,121.04181784070356,122.53719492131941,120.91031754061827,121.39121528543379,121.33445455723563,123.55501,122.93994658791458,122.70083450770576,120.2621157530971,121.12287986457653,121.42616535254483,119.19062,119.19062,121.39272583333336,121.67099333333336,121.52565560852881,121.51418933199002,119.19062,121.99038,95.0
T000154,1991-07-31,127.60862,129.70448,126.73087,132.26128,127.815765,126.445076,124.31777,130.15956,121.99329,125.29733,121.0,128.06313503411303,126.33632543505222,125.16347829732413,129.16002220111267,123.97651044037383,129.32222396215928,127.6846119829047,128.45572371805173,126.82971343720057,128.26629266277118,126.31814484316818,127.59854436079877,127.815765,132.25891774129104,126.44733440841684,128.95967648441297,126.93463443314408,125.96661243488003,126.445076,126.445076,127.28779850000002,126.00479850000004,126.46209811485389,126.48997379481216,126.445076,121.99329,113.0
T000155,1991-04-30,120.53938,120.8202,120.91482,119.983894,122.55239,122.03491,119.9624,121.90468,119.694496,120.02332,120.5,121.22197275966232,121.02738804510855,120.57316991749015,121.52442971115464,120.18892684142732,121.6303351127363,120.61960710132723,121.48721439440017,120.58167678221953,121.45879847195353,121.21956079770854,121.20455753692379,122.55239,121.72017389675125,120.46104073335205,121.5030553148101,121.58267082772446,121.39292556438386,122.03491,120.53938,121.257676,121.16294233333333,121.68676855686954,121.37254147681071,122.03491,121.90468,109.7
T000155,1991-07-31,127.751434,125.31829,126.11688,128.55356,127.35831,128.50357,121.02444,127.42185,119.69617,121.58419,130.7,126.8385418453492,126.2855515427594,122.7012932739453,127.9250366333392,121.5607686134645,127.78854005014392,124.08570875557099,127.41212237831903,123.62672994826123,127.24556258750397,125.41422177016216,126.89720863527697,127.35831,128.04905552392634,123.51049723188899,128.0883915683035,127.51836245707915,127.31745082251601,128.50357,127.751434,126.00827066666668,126.76886066666665,127.28578507911308,127.29385670892324,128.50357,127.42185,125.1
T000156,1988-04-30,115.18227,114.7649,109.748055,119.356834,113.76172,116.624596,109.32801,114.78042,108.993126,109.40416,123.0,114.84707851136574,113.66218154652927,111.06605122568406,113.58473634699017,110.40989927606242,113.34508055730204,113.21387385770713,113.88776848652272,112.53250852640357,113.77351125931499,113.22232520112567,113.13878788103113,113.76172,114.36295364019782,111.96670018978062,114.03113750536423,114.03026973777193,113.5118899038151,116.624596,116.624596,114.01783866666668,113.10910366666668,114.01542350101252,113.21658664377395,116.624596,113.76172,113.0
T000156,1988-07-31,117.435074,115.13871,113.66965,107.139206,116.49735,116.37706,110.65555,114.79268,108.99521,111.35524,116.0,115.37513949517562,114.47483201152258,111.95996216645919,114.66508194246981,110.61245581676192,114.4847552964255,113.41030908672798,115.29742614470067,112.77933160938103,115.371166067689,114.20898998436725,114.20453545356204,116.49735,115.78364496527018,113.09464159709343,116.07270331412012,115.00905920611885,114.57579635101524,116.37706,116.37706,114.87268066666668,114.18315900000002,114.9210961988525,114.40343738654987,116.37706,116.49735,115.0
T000157,1990-04-30,697.7494,692.56244,621.64154,722.05334,666.2359,716.769,614.59204,692.29706,609.9038,615.65814,810.0,677.4418046722319,669.0737948138014,636.236307447636,679.4067159338384,627.6073964780951,676.8683288368206,668.4319819713319,657.7619646762291,657.751027454112,659.0453685501379,667.3551892739599,645.8178662635244,666.2359,707.2592,649.834292147444,694.523870750412,679.960763216084,679.9726998783577,716.769,722.05334,679.2529333333333,668.3577366666667,683.272402526162,689.1498170870352,716.769,697.7494,721.0
T000157,1990-07-31,727.9617,697.029,675.744,602.34827,680.9695,712.6419,633.1777,690.6243,609.9329,642.9733,706.0,685.5880616081544,669.4038914629708,644.0611822083596,682.4961475252223,628.9334439051397,681.4430533862045,670.6000717952082,658.1254338695275,659.9913718723175,661.9020106917883,675.8078404515925,643.1945157417006,680.9695,720.3018,663.3698966521979,701.545133598933,691.6353825152956,662.7655644153355,712.6419,602.34827,686.52655,665.6642283333334,692.5765163642222,685.3532097578667,712.6419,727.9617,741.0
T000158,1990-04-30,97.47584,99.00049,90.59646,102.01992,96.97583,95.890785,89.70177,95.89269,89.39368,89.77183,112.1,95.52679845171718,95.94793345949314,92.616056893214,94.83891563983966,91.53780249922077,95.05173919765048,96.2328439496007,95.35963586158057,95.02790108936695,95.63460264240018,94.31102223881149,96.64191718890643,96.97583,96.0841395679754,94.13009022041403,96.49462235436437,95.49258507141491,96.0640280456125,95.890785,102.01992,95.77155250000003,95.6465116666667,95.28475777961744,95.75119568424083,95.890785,102.01992,97.0
T000158,1990-07-31,98.368965,99.52896,96.60119,88.88342,99.51454,97.04104,90.92311,95.05413,89.39559,91.566826,100.6,95.95165115648037,93.3090584570594,93.43621864027423,96.14102974072352,91.68595988903608,96.48917812986782,96.47226103848107,96.91670700070374,95.26582227761497,97.05646640240003,95.22780737934009,94.7910789099074,99.51454,97.18112816878616,95.14223793050826,97.48958312305606,96.2408449740059,94.33461602000635,97.04104,88.88342,96.48387083333334,94.82963833333334,96.02319725996001,94.63672410214754,97.04104,88.88342,98.2
T000159,1990-04-30,1544.209,1520.6588,1522.1746,1542.9692,1551.7491,1537.8014,1515.1799,1541.4569,1512.2397,1515.8486,1424.2,1535.678154856062,1541.7100334415622,1523.7034060613034,1540.5816089708192,1519.1827740036106,1540.7134474851755,1521.3562224131097,1541.3646619393737,1522.29138249052,1541.114025441171,1534.3303795510524,1540.0500265802052,1551.7491,1542.9691999999773,1523.1525319209184,1539.2511253199013,1539.960350364684,1539.885376527444,1537.8014,1542.9692,1534.6858166666668,1540.0600333333332,1539.6357779929594,1539.8781315308377,1537.8014,1542.9692,1550.6
T000159,1990-07-31,1571.9707,1565.2434,1566.8116,1557.1187,1569.4426,1564.2029,1526.8358,1560.7776,1512.2579,1532.9791,1439.4,1556.6172244229424,1566.5492923255015,1537.148307288419,1562.377209657378,1527.0915901597848,1561.374993810426,1551.6494741174631,1560.8791765384224,1546.3527593059332,1561.4947519470193,1551.3785311665154,1565.054015837574,1569.4426,1557.118700000831,1546.9337096494535,1569.3886443489348,1566.3485105465907,1564.7867712090065,1564.2029,1557.1187,1557.31585,1565.0540166666665,1566.2489737816434,1564.6964045528018,1564.2029,1557.1187,1592.5
T000160,1990-04-30,110.279724,112.54695,109.086464,116.02696,113.22622,111.777954,108.55745,111.246124,108.396706,108.593994,116.1,111.2085243350598,111.2085243350598,110.18828638934696,110.6092924946626,109.58605120862185,110.53443131818165,111.52644564134515,110.60661259913302,111.10515090692425,110.47425501405053,110.75042523658075,110.57600140568273,113.22622,110.73688718481961,110.55353310634926,111.19167363775388,111.11251448965835,111.11251448965835,111.777954,108.396706,111.245613,111.245613,111.1286289274607,111.35047725625115,111.777954,108.396706,115.1
T000160,1990-07-31,110.33347,111.608284,107.5688,106.663124,114.48024,109.14459,109.19467,110.40889,108.397705,109.53052,103.1,110.13998617535783,110.13998617535783,110.40960438617903,109.56878574225726,109.48212079650625,109.7412739583913,110.82506410702581,109.67601547487999,110.59507709313783,109.57634646587404,110.43900823165876,109.58606435102317,114.48024,109.56910409402123,110.62794294438099,108.07916003177586,110.51505315181697,110.51505315181697,109.14459,108.397705,110.72886316666668,110.72886316666668,110.72158540176824,109.87733480610582,109.14459,108.397705,118.0
T000161,1990-04-30,195.48264,199.40094,195.338,199.73553,203.26114,195.17834,194.7034,195.91956,194.4725,194.61288,206.0,197.3813348027336,195.06475948338522,197.24151026265218,195.222706350794,196.15704615605264,195.01271973247924,198.28715104135938,195.29493554398445,197.90958196181535,195.27910372770918,196.77430118927174,195.6937043633059,203.26114,195.1419525817214,197.45492844843454,198.93225571573703,195.9180981208831,195.05935966726884,195.17834,194.4725,197.2858533333333,195.06155333333336,195.98184759268668,196.60069804642933,195.17834,195.48264,198.6
T000161,1990-07-31,195.24223,200.01773,198.47441,192.77837,207.71927,195.50475,194.8325,196.52885,194.57533,194.72952,201.7,198.48609649604518,195.2468024965809,198.302127889245,194.52621467997199,196.6435192601031,194.6934245605135,198.80052765455858,195.57457435599298,198.49501556991206,195.02186544786827,197.83769582596472,196.00799229672515,207.71927,194.71453785823556,198.0844607882819,196.20761677038462,196.1848666047263,195.23460486279987,195.50475,194.57533,198.26469333333335,195.23553000000004,196.24097720729455,195.67011483566932,195.50475,195.24223,205.7
T000162,1980-04-30,141.9393,160.41032,155.93329,147.48322,153.81683,143.57475,157.656,145.43687,156.98625,157.8083,114.0,150.00492601602028,149.47316884611794,156.72763765651504,144.24567964085193,156.67427709103345,144.7607619365885,158.65440762714908,147.25761083132738,157.83753388840023,147.12097299265366,150.03184173001395,150.10754087868446,153.81683,143.5747499999561,157.28435057802824,153.14212739200158,147.49327968567744,149.6851587242322,143.57475,143.57475,150.36072000000001,150.5669116666667,146.52783647348588,149.04798765410925,143.57475,143.57475,123.0
T000162,1980-07-31,166.26704,171.55814,166.94931,182.17574,159.699,165.46861,160.3111,166.44427,156.99042,161.71048,151.0,164.84104479909817,163.49060671217867,160.8386274451019,165.76505315050474,159.71652285239492,165.84994200891583,167.2282586215784,164.53489965572714,165.1749592570486,164.64719328081566,162.31517104203306,163.2303369481527,159.699,165.4686100000215,164.28460269060764,165.56267985929998,164.32534336696102,163.4301790983269,165.46861,165.46861,164.40458000000004,162.86532000000005,164.20832822343644,163.86017460272654,165.46861,165.46861,165.0
T000163,1980-04-30,148.52605,167.58748,163.41527,154.84398,158.55109,148.47118,164.91841,149.9902,163.98076,165.13164,114.0,155.3913580907613,155.66733891240733,163.30995535523473,149.9021927044522,163.44597771178206,150.11124937366628,165.641111946978,151.4427812235912,164.6939704205363,151.87014458187681,155.7702940147361,156.13004088689885,158.55109,149.99019984059478,164.36716979336705,158.5349281549873,153.32337375189508,155.19063684819838,148.47118,149.9902,156.18446,155.93142833333334,150.96590741091228,154.3842046472435,148.47118,149.9902,123.0
T000163,1980-07-31,175.5198,183.3511,178.5937,195.58122,165.18513,174.88455,168.63553,176.70941,163.98659,170.59467,158.0,173.61344784614445,172.0364692653427,168.59262970238873,175.31418216919815,167.28575974462194,175.07734005495993,177.39707097025746,174.3137480871635,174.54305193794707,174.19319275161985,170.44879972786768,173.93784270569103,165.18513,176.7094098364233,173.32029953444606,175.08477649728724,173.76721282071912,172.6866767539218,174.88455,176.70941,173.27276333333333,171.92151500000003,174.4232912627069,173.34722463811312,174.88455,176.70941,178.0
T000164,1988-04-30,94.22464,86.662315,87.09683,94.87954,86.73807,92.42542,85.98402,93.26027,84.979385,86.21246,58.0,90.80836422870529,91.29421996637805,86.04293190029505,90.79722535257105,85.76205058509393,91.05825024823426,86.52750372532527,88.17622500787444,86.45548962774711,87.897309687333,89.41282896719768,90.91029164264296,86.73807,92.42542,86.66385605409972,92.16127780205625,90.69203337944376,90.5755625061876,92.42542,92.42542,89.71501666666667,89.78743583333335,90.53529389492132,90.44580585731418,92.42542,92.42542,88.0
T000164,1988-07-31,102.47513,101.19749,103.1087,79.79414,86.353325,100.57568,89.966644,99.17627,84.98563,92.06572,62.0,97.8110200056064,97.54005894112667,88.75709766960904,96.50405397296905,87.01260003908334,96.10972225305687,95.41051464955805,90.48929860430104,92.83733340551927,89.98156125782194,93.49142521829486,92.57933539772962,86.353325,100.57568,93.12036967850972,90.01552642889396,96.42332245583086,96.80820255311704,100.57568,100.57568,95.79392083333335,96.11245583333334,96.52606862194266,96.94546401374592,100.57568,100.57568,79.0
T000165,1987-01-31,178.38683,180.12538,179.7139,172.02124,182.5026,177.09486,186.10162,181.974,179.1765,183.38618,171.0,179.87492721977796,179.87492721977796,181.63973859118408,180.0689015493398,180.23494281300853,179.59604177134946,180.29949706902696,180.02042442616448,180.51846116531038,180.11316340005035,180.66094737401488,179.86131643195486,182.5026,182.48081590397769,182.98288441299823,181.30689549919364,179.81391827489037,179.81391827489037,177.09486,178.38683,179.876695,179.876695,179.93277707231582,178.71255414765855,177.09486,182.5026,194.0
T000165,1987-04-30,187.59131,182.22,185.5172,179.27945,185.84335,184.69531,189.97458,186.12263,182.25995,186.8854,184.0,184.79352322511943,184.79352322511943,184.91447359217221,186.14501759098923,183.47980300074093,186.23741275591001,182.97390660764705,185.09220602797168,183.448149954784,185.29748191954823,185.796500984688,184.84514209529053,185.84335,185.85079283911173,186.84708496153996,185.92775994833644,185.26897859258835,185.26897859258835,184.69531,187.59131,184.78875833333336,184.78875833333336,185.26141567870621,184.50878322761136,184.69531,185.84335,279.0
T000166,1989-04-30,43.176357,43.114357,42.706585,44.95051,46.24674,43.19673,43.131207,43.16139,42.99725,43.161663,42.0,43.14720890626045,43.124141697960304,43.828123304503826,43.969089427405386,43.49042247672419,43.80600238820062,43.36575702088494,43.20672906706935,43.53465331597283,43.20895779727402,43.76347254507316,43.677216572632034,46.24674,43.75396425550254,43.6097731962043,43.814999461494004,43.69764853141163,43.62784028760779,43.19673,43.19673,43.648804000000005,43.580842000000004,43.567490093887905,43.13686349887962,43.19673,43.19673,43.0
T000166,1989-07-31,44.29342,43.959816,43.309513,41.642,47.18202,43.924282,43.662224,44.317516,42.998085,43.942097,43.0,44.03940819754212,44.006977765748225,44.26052651505824,44.61202670915443,43.65438218379671,44.36344772176399,43.908183587810434,43.82100928683647,43.978153918950774,43.80133126806428,44.488660108098635,44.422066592404256,47.18202,44.11281820117007,44.20174021089305,42.98869141479769,44.45413010000841,44.35783668351494,43.924282,43.924282,44.445856500000005,44.33747266666667,44.32294884635307,43.831562720009686,43.924282,43.924282,39.0
T000167,1989-04-30,536.45404,520.9356,522.19946,556.9162,521.3244,534.117,521.296,533.8118,518.9519,521.8291,462.0,528.065269345243,529.7162166281385,521.0314751949737,536.5385846885156,520.8413358636096,534.8521431773036,521.6905550255049,531.9121256480072,521.906633827153,531.6610279702071,527.3133489423678,528.8682055749522,521.3244,521.3244,522.4099906504626,521.4302543440785,531.836254923692,529.6992676740558,534.117,536.45404,527.5991233333334,528.2245,530.9707340768921,529.2192554162507,534.117,536.45404,530.0
T000167,1989-07-31,552.11743,551.986,560.87866,572.13354,523.7208,551.14246,530.5888,549.2666,518.9665,535.4867,475.0,543.1846013595656,549.2145653192213,528.5672942410703,551.8930291734323,525.4272827930381,550.4164459965846,542.3819145606725,552.2719136495621,537.8675284251792,552.2592188732699,536.8493364391817,550.6231489703056,523.7208,523.7208,537.7257372787597,529.5949597488591,549.3617388007983,550.7110058830335,551.14246,552.11743,541.1999650000001,550.1463083333334,548.6794705555366,550.6527119138141,551.14246,552.11743,519.0
T000168,1992-04-30,5.856464,5.902959,5.8786283,5.893797,6.1698594,5.84427,5.917235,5.867742,5.878756,5.902147,5.97,5.92550715679419,5.874844385393582,5.958258746624725,5.876823133749179,5.922041717249825,5.8711762822199205,5.917187441557533,5.877759423843862,5.929410091139304,5.856843028523259,5.931484168550344,5.920254855814714,6.1698594,5.877768370753512,5.946212894422212,5.918594781236284,5.869152806428718,5.874117401720242,5.84427,5.867742,5.9200084,5.875368383333334,5.869601430685842,5.8771880960254315,5.84427,5.867742,5.79
T000168,1992-07-31,5.8619037,5.925983,5.9175816,5.864533,6.2403502,5.854268,5.9387527,5.895566,5.895888,5.9215875,5.96,5.9516248518019585,5.896876186832332,5.988681941326889,5.89395422706982,5.945466434709407,5.88709057291257,5.94058593300066,5.894650257664042,5.954258133913318,5.870409018377637,5.958557122742381,5.949589919024459,6.2403502,5.89466027849928,5.971505234668947,5.939212509094588,5.885773174266673,5.894589282969349,5.854268,5.895566,5.945659816666668,5.896148300000001,5.886291927385936,5.89408893606784,5.854268,5.895566,5.74
T000169,1971-10-31,100.70968,100.478195,100.45903,101.408844,103.889084,100.75261,100.67873,100.857994,100.59835,100.697,99.8,100.69401838167175,100.82225027008319,101.37545639910158,100.80235816496707,101.03667735840331,100.76533561529008,100.78468701343992,100.63063811249557,100.98547452113752,100.75808535731497,101.3610234095277,100.80179747610896,103.889084,100.81958506266429,101.0703219280831,101.54172276355716,100.67252949964218,100.78513367865189,100.75261,100.478195,101.21431883333335,100.80094550000001,100.6658941540431,100.63256252305821,100.75261,100.478195,100.0
T000169,1972-01-31,100.34216,101.10384,101.201195,100.016174,105.62247,100.25728,100.99733,100.94222,100.59885,101.16525,99.0,100.6249019216608,100.51570279823557,101.9281436306062,100.54438607497443,101.30939614818512,100.57178540592714,101.2818956165142,100.74151188208853,101.46706002854607,100.58598858559313,101.61794902750718,100.54198717219492,105.62247,100.52102592522073,101.59246949085265,102.07023262300135,100.65508277952131,100.55737480481059,100.25728,101.10384,101.47780333333336,100.54342066666669,100.67678736345346,100.76128417687137,100.25728,101.10384,98.4
T000170,1971-10-31,134.56023,132.833,132.83788,135.70352,135.3799,134.1433,132.52306,134.3847,132.29533,132.57484,125.5,133.8944599859973,133.1396950695866,133.19100517358072,134.28803279754612,132.85720075393922,134.05110956332237,132.96330486706327,134.48840175060437,133.0660983238736,135.18872691771696,133.93135396977223,133.76482159019395,135.3799,134.46657877725806,133.1283156331108,134.81159407566693,133.9424821782968,133.53764621200904,134.1433,132.57484,133.93274333333335,133.55242166666667,134.488271220002,134.2307980272257,134.1433,135.3799,133.2
T000170,1972-01-31,136.7831,136.33067,136.72986,135.27432,137.09836,136.14888,133.42578,135.48909,132.29675,133.90158,126.2,135.57583811537683,134.68425298018613,134.29352232616185,135.00935437134245,133.4721380598145,134.84469975861148,135.31579803737623,134.9974028597836,134.93287122408933,135.2156261247923,135.26802136706607,134.6804058360521,137.09836,135.38089011757447,135.0428432121717,135.71696678929987,135.33745811686754,134.64024538407833,136.14888,133.90158,135.69114166666668,134.787775,136.16985678172375,135.70516912061265,136.14888,137.09836,132.7
T000171,1971-10-31,114.93026,114.60709,114.78149,114.64766,118.04673,115.03353,114.24592,114.91596,114.199036,114.25658,111.7,114.82198656413306,114.83118423608337,115.15394462601907,114.81515441314109,114.73501988102856,114.80306221882225,114.73489076419555,114.79766472818787,114.86489699916714,114.79317163386489,115.35755081658543,115.41500251765795,118.04673,115.42898152354881,114.90791665762521,115.08039555557605,114.76358196071662,114.81955452314456,115.03353,114.64766,115.28876766666667,114.81933166666667,114.75791307160334,114.81535876189027,115.03353,114.64766,114.8
T000171,1972-01-31,115.66864,115.55798,115.3701,115.40493,120.05103,115.71917,114.43178,115.753334,114.199326,114.52973,112.7,115.54934325058943,115.59961176029867,115.80195991066577,115.57288070665614,115.11263607951932,115.54525891502124,115.50083045478208,115.54289979292662,115.58105845925087,115.47157497994957,116.14831805624928,116.35966468577567,120.05103,116.41769265091149,115.59525317135785,115.86738159177978,115.43310184700209,115.5769437838256,115.71917,115.40493,116.15824666666668,115.57902566666665,115.42448758216987,115.5725887001981,115.71917,115.40493,115.9
T000172,1971-10-31,131.70392,131.59993,131.79997,134.15158,135.84161,131.70985,131.61809,131.68687,131.49753,131.64551,128.8,132.36546522370307,132.5099277186948,132.58514028830393,132.70188466739907,132.1459263410429,133.24727646872415,131.9524877875292,133.44176396790385,132.185098760175,133.12140618048332,132.49405362557275,132.84252437875904,135.84161,132.96817454862085,132.26976905123405,132.12928694928632,132.54756382017462,132.80611458924363,131.70985,131.79997,132.33995166666668,132.79731333333334,132.7544761215769,132.91382662025777,131.70985,135.84161,133.2
T000172,1972-01-31,131.00233,132.82211,133.61562,133.96623,137.42995,130.73422,132.09601,131.203,131.49828,132.3479,127.5,132.48017697404268,133.14459839219685,133.24728510838824,133.4417821832248,132.50697921687336,133.94048828450033,132.85911157681966,133.35722447104305,132.98201755072338,133.0985176852474,132.51910579684755,133.03332738400906,137.42995,133.5717421097545,133.0909532376214,133.08072743024437,132.6809849133459,133.34857415897096,130.73422,133.61562,132.448315,133.33987333333332,133.06062467603942,133.55257956225978,130.73422,137.42995,134.9
T000173,1989-10-31,772.33856,731.05084,734.83496,660.7958,671.48224,767.33856,699.3633,773.22565,692.8667,700.8406,435.0,731.8158418902963,727.8319811756469,694.0786437631599,736.6620813265813,693.1910795850206,741.3909612698457,714.5398644194092,738.2484365112164,706.7139682824738,739.6997019181973,726.7325695006871,729.728825691127,671.48224,772.3385599619002,704.7378288564076,744.5090113122583,746.3658399711694,736.9662010651124,767.33856,772.33856,734.7170916666668,730.0026283333333,747.2776012408922,745.2605055822438,767.33856,772.33856,807.0
T000173,1990-01-31,849.96497,843.39307,826.6103,742.1012,665.6763,839.0803,725.1176,819.9325,692.90704,738.69165,482.0,775.0481715873098,779.8992124535789,715.9854179926956,785.816765758987,707.6197691908118,793.3071622076969,788.3500316410267,791.9912868142462,762.4137058353828,793.4017723945402,760.7732171263933,789.9707951523912,665.6763,849.9649699753635,757.8356746152483,792.3496768545315,801.6131478801892,795.8103626950272,839.0803,849.96497,785.1590300000001,790.5609283333333,804.9545801033997,808.4652220758434,839.0803,849.96497,905.0
T000174,1989-07-31,367.63104,390.83307,401.0268,390.02832,350.3433,362.85785,368.41238,356.28787,363.02615,366.30035,266.0,368.87909392510767,374.14687096446363,365.308170614568,369.9604308275069,365.08363109409015,365.63714621762625,380.45436054657273,368.5644535185902,375.28539764839996,366.9888788418183,360.79770681821276,367.228088549797,350.3433,390.0283075754402,374.52837122748025,372.23902916474515,364.26837873436614,371.313194674291,362.85785,366.30035,365.1632133333334,370.4474316666667,364.3586738774369,371.7838240803364,362.85785,366.30035,352.0
T000174,1989-10-31,385.82635,392.13937,378.93643,397.15433,340.4258,341.89713,371.42465,336.33237,365.4244,369.02197,231.0,366.3711895714346,368.5910333060739,364.9648549028705,371.0667531951254,366.05226340879796,359.0843771336621,381.51121971934725,351.7520973682555,375.9717192726057,350.1429350243079,354.8906265236188,358.8856807824072,340.4258,397.1543122394694,379.20627576149315,375.83215322242614,358.52229747500587,367.46618242909585,341.89713,369.02197,360.34090333333336,367.82769500000006,357.88752966222694,367.4998823020976,341.89713,369.02197,368.0
T000175,1975-04-30,36.12122,36.95328,36.609386,38.739986,36.66409,35.961414,37.344627,36.249424,36.575165,37.04291,38.0,36.39451995437402,36.20308797602068,36.865263167420565,37.33336506069623,36.76684734268354,36.72371902796808,36.93608683639039,36.41741391215612,36.92237312354877,36.40557579559122,36.46501617550473,36.802265417587165,36.66409,37.52721057004146,37.14077865400001,37.86198841495871,36.33754762926043,36.43075679406246,35.961414,36.249424,36.4207655,36.435703833333335,36.38983584690187,36.466618563054,35.961414,36.575165,34.0
T000175,1975-07-31,36.25753,37.43318,37.335876,38.135727,37.60087,36.182026,37.774956,36.84995,36.91777,37.431713,38.0,36.75570286403044,36.5194983530183,37.3671969883559,37.584439599430496,37.17689259364258,37.09583480917191,37.382596042184964,36.7216666859679,37.37008122551192,36.70366304163426,36.92460146604038,37.06894041199206,37.60087,37.63551641629756,37.58425324535057,37.92071073342026,36.799411909124395,36.88065701670183,36.182026,36.84995,36.87355433333334,36.87330983333334,36.86158161392676,36.92389655022801,36.182026,36.91777,32.0
T000176,1990-04-30,88.50074,81.828476,82.3994,92.42268,85.82491,87.80882,85.18082,84.9348,83.975266,85.454956,61.0,85.5123380962146,85.95430061294546,84.62073869555623,87.43371261088987,84.44298332719355,87.25197486591073,83.15069248268495,86.6246812343838,83.7660481526778,86.18038193420604,86.03988741797065,87.0849199696471,85.82491,87.80882,84.77886090812967,88.01154053742971,85.99941831946059,85.94582168632937,87.80882,87.80882,85.47883533333335,85.57398933333334,85.85474140734402,86.09541151911485,87.80882,87.80882,91.0
T000176,1990-07-31,94.61067,97.100296,104.67163,74.372116,85.365776,93.28291,89.95998,89.77025,83.98275,92.47886,62.0,91.40662841955029,91.19315041720691,87.61016974959024,91.43499617958093,85.76966021920119,91.53936326412287,92.47725193292762,89.02175342186558,90.47939301733356,88.08877566585726,89.22387712751309,87.74157958420203,85.365776,93.28291,91.67554246966151,85.76561237491238,90.4580900440471,91.41214458306659,93.28291,93.28291,90.68544200000001,91.947331,90.57869554935426,90.75781449187949,93.28291,93.28291,92.0
T000177,1989-10-31,460.00854,455.36884,467.92175,469.4577,432.86313,450.67148,460.54788,456.86514,445.92816,454.81528,364.0,450.8726425557932,460.3485601484271,448.05194650029597,458.7718910352488,447.380105233969,459.01111817012406,452.6264614672986,458.0079152826915,451.06069563052426,457.83119247586546,449.669965422261,458.5616935190274,432.86313,460.00854,455.57104915486343,457.59711118031566,454.05269842465395,457.5983227466337,450.67148,456.86514,450.28421500000013,457.60850500000004,454.0832743140877,457.6098491894843,450.67148,456.86514,394.0
T000177,1990-01-31,471.259,464.61707,459.4882,486.09222,435.15424,452.2961,468.7241,471.92413,452.43768,462.2025,395.0,459.9236366387561,464.3346903964358,454.4909053615461,467.4342852563883,454.0617188272385,469.98393370669334,460.9490249923801,465.48865755308555,458.82811998330993,465.4945595150235,456.3987085500508,464.53093952517145,435.15424,471.259,463.0973859275809,465.4924793591694,463.06436981071846,464.06611530281225,452.2961,471.92413,457.94803666666667,463.6311666666667,463.0315024422525,463.9656087452918,452.2961,471.92413,378.0
T000178,1980-04-30,20.083769,20.102278,20.057673,20.189653,20.808413,20.099289,20.135094,20.104603,20.119684,20.138594,19.9,20.15157769682301,20.109563411697494,20.281289065909906,20.223925983918416,20.208924533160523,20.208414355590023,20.160347165476555,20.2371164911753,20.200069008182954,20.103609933250063,20.250515648101416,20.242715876770923,20.808413,20.22819737091959,20.21839364456696,20.238775388616943,20.102389000523523,20.111549579238805,20.099289,20.138594,20.21967266666667,20.109654333333335,20.10312173143633,20.125406653852906,20.099289,20.138594,20.38
T000178,1980-07-31,20.207052,20.286633,20.23375,20.289516,21.150166,20.197697,20.196161,20.216017,20.11978,20.228346,20.02,20.28498968028134,20.220455527974345,20.403224306501695,20.363203276483382,20.278424947073738,20.34105345639979,20.306832174749694,20.381796750745295,20.33563434313875,20.21236018014369,20.380725236404725,20.400608762617896,21.150166,20.3707417104055,20.359870447157636,20.372803431477184,20.203580177043545,20.2118706181743,20.197697,20.228346,20.36289083333334,20.213447833333337,20.201087080128413,20.211428089820988,20.197697,20.228346,20.23
T000179,1980-04-30,2.913916,2.7882314,2.7652395,2.9536378,3.1891897,2.8976831,2.8844662,2.9297893,2.8075142,2.854292,2.87,2.866913288261463,2.8589319023991795,2.913928607280036,2.865092260561393,2.8668247329933902,2.8772266488634295,2.8322775862410148,2.87869730939701,2.8595489986698106,2.849266260808707,2.9455902954253412,2.8856956172894828,3.1891897,2.878027536004812,2.8975215578668796,2.934317075283555,2.873544319438316,2.8568872743884004,2.8976831,2.9297893,2.92105395,2.8503955833333334,2.8534961340876124,2.845720316058422,2.8976831,2.9297893,3.0
T000179,1980-07-31,2.6212525,2.711696,2.6261244,2.6879976,3.7808344,2.5652046,2.9274998,2.82382,2.8417764,2.893173,2.5,2.7202071731799102,2.712821681515023,3.0597698045509794,2.6936327156494397,2.95426369792092,2.703294260840286,2.828812631531746,2.693978625960906,2.902144572509687,2.697826105649555,2.955485433572098,2.7046312393004017,3.7808344,2.6943356834240544,2.9521028157342513,2.95967959179219,2.7184975451316826,2.704290756848017,2.5652046,2.82382,2.8907639833333336,2.6983123166666667,2.7612892574948615,2.760198777450343,2.5652046,2.82382,2.73
T000180,1980-04-30,382.6121,380.89978,380.89062,392.4422,390.04507,382.89056,382.72162,382.84714,381.9849,382.88913,373.0,383.4937009133384,382.16187761595904,384.082838709294,383.46288849021346,383.31593300024707,383.2091223280926,382.2587388768311,382.53593041388297,382.9929301092448,382.5183542183282,384.1141005454904,383.8310235555301,390.04507,392.4421936168207,383.3946931686775,385.184046483873,383.17328917652077,382.4015739453481,382.89056,381.9849,383.5465916666667,382.3721883333334,383.40247337065824,385.95375603887004,382.89056,392.4422,350.0
T000180,1980-07-31,380.2279,387.46237,388.1189,385.68774,397.8323,383.47086,385.6422,386.86353,381.98947,387.18152,373.0,387.5711764027102,386.0285922564086,387.48688280966655,386.07757507156595,385.04205437270394,385.3845078491251,386.941645723294,384.9017729759589,387.02177992568625,384.9366923692394,386.46931639657805,387.04139183351907,397.8323,385.6877377742131,387.2266915453412,388.05628816385774,385.73943892436534,385.1251861513985,383.47086,381.98947,386.3077383333334,385.43499166666675,385.54694054758835,385.5407995942735,383.47086,385.68774,333.0
T000181,1980-04-30,3.8136044,3.8766413,3.8994281,3.1418767,3.614029,3.8078444,4.8824787,3.9386783,3.8052304,4.4600744,3.3,3.8622911490131338,3.7763159486737985,4.023402791349277,3.6874793095634555,3.887924550782048,3.6946494013613402,3.897239092038254,3.9539081895294053,3.912513176060833,4.0296327671775325,3.9335717487102597,3.81791216199091,3.614029,3.7513180521376537,4.329135183460996,3.825289441923123,3.732179433364833,3.6500001551284353,3.8078444,3.614029,3.809337966666667,3.69738335,3.785962433116552,3.6971300083848266,3.8078444,3.614029,2.0
T000181,1980-07-31,4.1263986,3.7676132,3.9773319,3.8656335,3.7004154,4.130441,5.4849377,3.8398356,4.284881,5.0043983,3.6,3.9776706314919905,3.9362527633015127,4.372981820521459,3.909349630081279,4.29106274166013,3.880395114437155,4.0037126836166275,4.260172130631887,4.1108077718774805,4.321831405482695,4.2130050754631165,4.081533696477866,3.7004154,4.015384073250731,4.679583051161376,4.0124449400125695,3.8602735049869588,3.8388193255391068,4.130441,3.7004154,3.9749308000000005,3.9314699500000008,3.931532014741103,3.884714710004907,4.130441,3.7004154,2.1
T000182,1980-04-30,7997.0903,7948.9565,7963.0127,7883.15,8167.3257,8003.0,7918.8384,7984.873,7912.878,7920.194,7625.0,8014.559544468092,7966.239971174376,7977.045250388047,8011.283747289504,7947.68853796564,7985.768188617049,7952.418432181982,7978.827414948517,7959.047102167797,7971.520084130711,8005.326238127023,7955.76333594186,8167.3257,7952.341316666667,7963.968725688777,7994.161156672001,7969.948380604024,7955.4298363506305,8003.0,7920.194,8002.353916666667,7956.145616666668,7974.8898381084855,7950.52175148902,8003.0,7984.873,8053.0
T000182,1980-07-31,8083.49,8058.5225,8064.4575,7981.838,8287.945,8081.6104,7942.4688,8074.817,7912.9146,7954.9233,7756.0,8104.76963066825,8028.826527920903,8027.251732197022,8077.330452392681,7977.988194551027,8047.644991975013,8033.588811624098,8056.874223719991,8029.077859749063,8038.988749867547,8073.501898104521,8007.640733583765,8287.945,8035.397866666666,8029.885687350093,8073.747913664042,8041.59436649823,8007.210388149978,8081.6104,7954.9233,8083.216583333333,8008.3706833333345,8054.896275571577,8036.65130459176,8081.6104,8074.817,8172.0
T000183,1980-04-30,1.0947279,1.0924505,1.088261,1.0970466,0.9399149,1.0934993,1.0906597,1.09177,1.0899863,1.0908095,1.09,1.0750637244958687,1.0919793983198927,1.0561416169549667,1.0917786255991646,1.0716266232996778,1.091782220824502,1.0813605446613213,1.067397767379049,1.0733520322835481,1.0674012747885537,1.0612110523766705,1.0917798577724351,0.9399149,1.0917821545085484,1.0705146665229632,1.0923874278586585,1.0678703706275188,1.0917814207323968,1.0934993,1.0934993,1.0670581500000003,1.0917825,1.0675960107651885,1.0917828692639606,1.0934993,1.0947279,1.1
T000183,1980-07-31,1.0908675,1.0946244,1.0875549,1.0862055,0.7495637,1.0880933,1.0933158,1.0920824,1.0899905,1.0947124,1.08,1.0528657133976955,1.0914371627586015,1.0133583648301991,1.0905247987529099,1.0479426150588949,1.0905352207413175,1.0694432439962844,1.033518864563973,1.0513939553700593,1.0335269854146412,1.0213435597545888,1.0905281908679776,0.7495637,1.0905347460626538,1.0451165716547777,1.0902102406174161,1.0360232056271708,1.0905335008304484,1.0880933,1.0880933,1.0342036333333335,1.0905355,1.0354067556464075,1.090535328431699,1.0880933,1.0908675,1.09
T000184,1980-04-30,63.82237,60.29618,60.61614,44.57413,54.822807,65.08418,80.649506,61.108025,59.104656,72.20146,55.0,61.98855112302551,62.406864684385425,63.313533722925726,60.29887654869558,60.64458078599436,59.949253588152445,60.72994909190348,60.08217023117656,61.04364735082109,60.97299425637398,63.30437525639292,60.693517901029544,54.822807,54.822807,69.96357946544467,53.955091647000145,60.26893946857123,60.40650072363704,65.08418,54.822807,60.706369666666674,60.95828366666666,59.6817244514504,57.644990842678254,65.08418,54.822807,43.0
T000184,1980-07-31,68.654335,62.8041,64.544464,55.385048,55.60346,71.7807,92.698654,61.750717,68.69763,83.08794,60.0,66.42355794358868,65.92496884348697,70.61043229621384,64.41477627365697,68.8601286281851,64.25714350541834,65.56820929044736,64.56366447069934,66.80168281253638,66.10335456286958,68.93597769043464,64.83836853436011,55.60346,55.60346,77.7993433326788,56.14907625575853,63.56800385196004,63.2437244735126,71.7807,55.60346,64.88182366666668,64.18962933333333,62.85384732975362,61.03293445427461,71.7807,55.60346,54.0
T000185,1980-04-30,110.37794,104.20987,104.84239,116.13147,104.53752,110.75571,110.64002,108.55793,108.965645,111.020775,87.0,108.65028219865546,107.91517516578813,107.96302392094618,106.92652536672534,108.4577121209671,107.41944048924601,106.10803915972063,108.2440002138085,106.88361342702147,107.77081689028975,108.79087354464849,106.917233762577,104.53752,108.71526227307712,108.09089348626647,108.29557980943143,107.60405856471279,106.99351185526858,110.75571,104.53752,107.90076916666666,106.97817750000002,107.16620882928662,107.87045567749423,110.75571,104.53752,123.0
T000185,1980-07-31,113.95434,121.727036,133.24713,105.851616,103.97563,109.206665,117.27774,112.09827,108.97604,120.77619,82.0,113.48612797775257,115.15255063101064,111.90975993755714,114.52323718684912,110.44659314766346,112.73501420130745,117.23461832841221,111.1203632677312,115.16914457796013,111.83174164732421,110.24428662142,115.30158805816907,103.97563,109.26430041895313,116.68506058334293,109.45611881545545,111.38890184610386,114.02298015664357,109.206665,103.97563,111.65633016666668,114.87179516666667,110.34174778537636,112.47838197375998,109.206665,103.97563,110.0
T000186,1980-04-30,367.3674,365.77374,364.53943,369.12115,379.13058,367.37183,366.39362,366.52725,365.99176,366.485,364.0,368.7879138544769,365.7210173344248,369.148898742557,366.693996214414,367.7706721700597,366.48636000370846,366.9013430437129,365.8516831311233,367.659821897056,365.8497330369106,369.25680297976714,366.57298432109576,379.13058,366.7866790063308,368.14621213505706,368.9882784655636,366.61544509092505,366.28509294557824,367.37183,367.37183,368.69376,366.2619016666667,366.6049964254148,366.2396908835067,367.37183,365.77374,370.0
T000186,1980-07-31,366.15656,368.23395,366.74298,365.4921,385.5196,365.56763,367.98666,366.7323,365.99426,368.8263,361.0,370.81574685653817,367.03266439228753,371.35951387450626,366.4985616257488,368.8922168307096,366.909107680859,368.9175130479621,367.0363566502068,369.6289889326029,366.9261389032427,370.2693020856188,366.7739030570249,385.5196,366.3693942028846,370.39790704234593,369.5821009219444,366.53470401909794,366.5678465609879,365.56763,365.56763,369.7007166666668,366.57128000000006,366.5486657683912,366.7798954763305,365.56763,368.23395,370.0
T000187,1980-04-30,17.968866,20.71165,20.522247,9.290564,12.685975,16.0498,31.265993,22.848682,19.954945,26.830769,9.1,19.396835739092623,20.236298420252133,20.979694609721054,17.205623934157853,20.053641130879136,17.02795591875277,20.45021466186274,19.00924457864334,20.309403093590635,18.84005074246792,19.36484240252323,18.765283701653093,12.685975,17.966054226783832,24.258902270701828,19.0858227501517,17.722339531386645,18.392639506249857,16.0498,17.968866,18.369986333333333,19.515957,17.448008164293434,17.007881804780702,16.0498,17.968866,8.7
T000187,1980-07-31,27.693256,20.087193,24.55916,19.757145,16.336088,23.108353,37.591797,21.973019,24.991259,32.546165,20.4,23.277353820568962,24.235317764318907,25.390179867406115,25.955582832582607,24.757921036547128,25.347426808816156,22.16374049783123,23.248161070878147,23.05842792316645,22.263318884857206,24.488231688460157,24.86946586185929,16.336088,27.686768599433464,29.223716671044333,26.47008660020209,22.910844326568853,23.63618637438769,23.108353,27.693256,22.364861333333337,23.624012333333336,22.938639997928195,22.729370304428116,23.108353,27.693256,16.0
T000188,1980-04-30,8.720327,7.4219384,7.417365,10.337687,7.479309,8.5798,8.482087,8.374653,8.19409,8.547574,4.9,8.300536494072034,8.215454518930333,8.052562999499937,7.6290270849821695,8.143183778916521,7.7801074322566555,7.7610904468782955,8.144651310992053,7.896387791081704,8.03995046899632,8.26298328647647,8.365967641608478,7.479309,7.643553451674413,8.091666756526873,7.34430410244326,8.05058806084034,7.945643263671686,8.5798,7.479309,8.128352900000001,7.998898733333333,7.930588579367977,7.768852453313924,8.5798,7.479309,6.3
T000188,1980-07-31,8.460533,10.210806,11.699464,7.8650126,6.384843,7.843772,9.623774,8.65982,8.19588,10.225507,3.4,8.625527810080216,9.002077258887931,8.463314931359966,7.9419159555755465,8.320972281789983,8.05925757193645,9.446868730146756,8.361493902583033,9.076613837563828,8.75500736393395,8.051464808561526,8.102322343439916,6.384843,7.35981270688333,9.28214439963194,8.778854479468997,8.142073304859338,8.633962141366974,7.843772,6.384843,8.292609,8.876539666666666,8.167610198844637,8.778384002534759,7.843772,6.384843,5.3
T000189,1980-04-30,71.35546,71.06258,70.83754,71.0075,72.60182,70.8404,71.362404,71.390495,71.0945,71.423325,65.8,71.12847030262002,71.19500242809917,71.51361004672191,71.97511837634454,71.3143507991337,72.11765165828781,71.20276307408449,71.4061256203078,71.2994182447309,71.19191269646674,71.46181840464111,71.498095355012,72.60182,71.7105403515296,71.43079479564152,71.62175543966131,71.83426511740555,71.56794520355973,70.8404,72.60182,71.39087583333334,71.38784816666667,71.81775154722185,71.56909062337115,70.8404,72.60182,71.7
T000189,1980-07-31,72.75444,74.34004,73.85183,73.12836,73.6643,72.53904,72.42444,73.94963,71.09617,72.98419,68.3,72.98810273611299,72.71673003937273,72.52838777049625,73.43941159227796,71.9268355868123,73.41771832391703,73.46680425785358,72.9148099084978,73.11476293707254,72.95827668952573,72.7223765841488,72.89375762189005,73.6643,73.11364954216941,73.09565229299565,73.22591725376208,73.10119005830262,72.916851486946,72.53904,73.6643,73.05727000000002,72.85821500000002,73.11017993924976,72.91781712404365,72.53904,73.6643,76.8
T000190,1968-04-30,200.46783,234.08629,253.27654,97.27992,151.73071,216.7197,407.78363,236.66536,240.81111,342.3113,84.0,225.63836722493795,231.71599591909157,258.12586339119343,199.58781511318335,243.5177242138838,207.61306228803093,238.7943934107257,212.09003564026634,240.95979657779492,214.74912123300413,234.5251655075755,213.8515459457198,151.73071,226.13889389094032,305.1878836101078,228.28957095472205,212.57482393722367,215.5345016478097,216.7197,216.7197,213.41350000000003,215.49107166666664,209.93586897768702,212.22508913987184,216.7197,216.7197,96.0
T000190,1968-07-31,264.02893,200.60085,243.76846,182.68921,150.47276,268.92386,501.16452,226.55714,315.15668,426.68146,144.0,258.97702266064846,236.98734490707326,306.46594648523126,221.31933076753913,302.03052271137096,242.90251585619936,243.28547323441947,246.2191650836388,261.67108646868735,239.0646420551516,278.0632206145343,235.07126089813352,150.47276,244.32832372131693,352.70012341809553,233.1079440188659,235.49811129443643,229.54440483097596,268.92386,268.92386,237.62337000000002,225.7253333333333,233.2752703860165,230.4889716214561,268.92386,268.92386,154.0
T000191,1972-04-30,78.712425,87.81447,85.06367,85.05475,84.076904,78.29481,94.82475,80.12402,84.05233,90.60073,98.0,81.16585472173404,81.16585472173404,87.17784017958404,83.19427587029867,85.5946201991094,82.60219961032965,87.20816670255107,81.13352457397262,86.97992859952772,81.538777181793,83.06942568531683,82.54341756683476,84.076904,84.08195725989009,90.65219336547746,83.71203405281236,82.03696978470381,82.03696978470381,78.29481,80.12402,82.17915983333334,82.17915983333334,81.5799934120341,82.06820531597911,78.29481,80.12402,126.0
T000191,1972-07-31,81.573425,95.54212,95.044365,67.95335,85.34294,82.950455,100.84933,88.15145,88.848816,96.04397,102.0,86.72215083979746,86.72215083979746,91.47188917479492,88.27205604127654,89.6734288489003,88.55425792359259,93.00076396220055,87.84016679323224,91.93095538388398,88.15116483554942,87.4915342503148,88.08580872492249,85.34294,85.35672948417405,95.43960804673421,91.37514794320359,86.98623724822012,86.98623724822012,82.950455,88.15145,87.06820100000002,87.06820100000002,87.0026409013846,88.4529916093661,82.950455,88.15145,80.0
T000192,1991-04-30,83.57909,83.89524,82.08876,80.868866,83.62991,83.11318,85.3785,85.274895,82.30067,84.17164,80.0,83.65637140896519,83.6078495503057,83.53436695088172,84.26665498056235,82.89891483818865,83.9527620459227,83.56266129099322,83.22449945430543,83.45766560955401,83.20781048847182,83.75058737602309,83.6535320752949,83.62991,84.00261252491762,84.37949143863857,84.43577778192822,83.54039201554706,83.59247013079668,83.11318,85.3785,83.63216416666668,83.49133166666667,83.50289776042325,83.42492611191561,83.11318,83.11318,66.0
T000192,1991-07-31,94.57495,89.004555,90.09862,90.245255,88.13666,90.60268,87.099815,92.73348,83.67109,85.72685,93.0,90.46141547971169,87.77455840296076,86.29930050477915,89.45435922136767,85.2405948096333,88.1456590589215,87.71339903890066,86.52387279315745,87.18190709791995,86.3690502871956,89.21023811725402,87.28669080109263,88.13666,90.13718798884257,88.14538181508114,89.35995956085276,89.53060224006187,87.57556568871976,90.60268,87.099815,89.78723583333334,87.70060166666667,89.86992983260227,88.87931306484683,90.60268,90.60268,79.0
T000193,1989-04-30,823.8715,826.6918,857.6625,743.5219,742.0575,781.63605,864.3948,787.61426,792.0656,836.03345,448.0,788.8911527957949,790.0764970200166,801.8126938374709,803.1420713799803,795.2460406623701,804.2192224036767,813.8906213723322,771.0339616394391,807.6561630230956,778.2760733561247,793.1946921597468,782.4397030476742,742.0575,823.8715,835.891654107481,775.7954033455767,796.3740782631787,805.091057487948,781.63605,823.8715,792.3227850000001,803.2556016666666,797.19434460525,806.1743705766312,781.63605,823.8715,621.0
T000193,1989-07-31,849.2376,835.40967,811.2326,843.09924,737.1465,774.8746,904.84546,778.0502,824.2706,872.58093,507.0,796.8508136327944,791.173923947615,825.6229440619297,807.9495444556833,823.7700601653526,809.5180325260997,831.6740036823351,765.8315324338466,828.6236856874693,774.0906763771436,804.1111288561436,806.9970645947423,737.1465,849.2376,864.9197009062793,788.8586429854792,803.9931311890377,803.3814796525648,774.8746,849.2376,799.8315283333334,797.6585283333333,805.6890880513779,804.6847904688542,774.8746,849.2376,638.0
T000194,1987-04-30,107.06258,106.8792,104.558624,106.71776,108.47812,107.712326,104.35088,106.87804,104.19684,104.38591,110.7,106.86077742666237,105.9298728978566,105.5974417769702,104.81604183393658,105.04687939589473,104.4795407588652,106.23337020916648,105.07646343035869,106.00272290675709,104.87504281488145,106.572431440727,105.68713908624689,108.47812,105.25347950131564,105.81190510350076,105.3591467799709,106.44333337307316,105.77584995111182,107.712326,104.19684,106.86785100000002,105.737716,106.61366212497924,106.63201585264834,107.712326,107.712326,103.3
T000194,1987-07-31,108.07999,107.041756,106.35548,102.89081,110.7792,107.587166,104.96155,106.85883,104.19779,105.28341,107.4,107.08591493112833,105.66419640592105,106.2753975603534,105.2787870464504,105.32316344170717,105.01113256365886,106.44358564078237,105.58205412525487,106.3061896467851,105.38770065313483,107.2296416685254,105.32789180480893,110.7792,105.68962184947388,106.518492530811,106.10493266058344,106.65818265706257,105.52641643988395,107.587166,104.19779,107.42412200000001,105.50011933333334,106.86089740968748,106.16092247623848,107.587166,107.587166,102.1
T000195,1987-04-30,38.581493,38.640842,38.577507,38.655743,40.186707,38.562836,42.186398,38.561874,38.5,39.6229,38.8,38.58255327766366,39.65316988733511,39.724012165831226,38.998989914282994,39.102272342609346,38.74098236661448,38.947328982110434,39.16943498348287,39.13179191062898,38.79721563360057,39.37621324211024,39.168198865691124,40.186707,39.3429467084118,40.69371497906494,39.526847429621974,38.566853279435364,39.32346089684319,38.562836,38.5,38.83895866666667,39.34841383333333,38.56742645508857,39.300844137012476,38.562836,38.5,38.5
T000195,1987-07-31,38.609127,38.62202,38.54839,38.571125,40.89081,38.570354,43.17938,38.55942,38.5,40.401836,38.5,38.586641537091566,39.98787124279119,40.13860796702495,39.1418847712256,39.30374444782163,38.802302871114414,39.06285608725038,39.38787780137079,39.33005868020415,38.863531666861945,39.65904191414071,39.31422494333782,40.89081,39.629171233115116,41.30144156840637,39.889119330346254,38.56909415270699,39.60205252743371,38.570354,38.5,38.95862183333333,39.63699666666667,38.569751277494454,39.570737688698415,38.570354,38.5,38.8
T000196,1987-04-30,2750.8982,2580.7866,2162.158,3450.442,1778.3512,2671.79,2162.399,2504.152,2107.8813,2174.7964,2840.0,2375.0615353343233,2407.4220007696613,2128.1071682402458,2405.5123383663363,2151.607106322786,2450.369619743159,2420.9869644456403,2525.07914451341,2334.0255971878996,2507.512942519105,2306.1675354187723,2411.7385309220836,1778.3512,2622.736666666666,2298.5869788488085,2675.859013862132,2391.0772192399404,2397.017206194881,2671.79,1778.3512,2398.9765500000003,2408.0226666666663,2383.5365857100874,2380.4232886182904,2671.79,1778.3512,4051.0
T000196,1987-07-31,2220.082,2530.959,2133.2217,1602.713,1889.4745,2176.6895,2378.523,2334.0732,2108.22,2492.4329,1638.0,2185.194229318937,2195.321843239469,2185.418147723426,2223.0959003376547,2137.7837891759573,2239.714952537114,2365.896277454372,2311.654261488908,2291.0272687948604,2327.86272985389,2161.7359570529256,2215.906952726467,1889.4745,2125.6652,2326.109800861425,2286.0882316842785,2199.803589384841,2202.606119927779,2176.6895,1889.4745,2209.916366666667,2214.0833166666666,2197.695435071223,2197.6327421207893,2176.6895,1889.4745,4025.0
T000197,1989-04-30,171.52399,169.0135,170.27495,167.95317,169.05052,171.71332,166.328,171.41331,165.99313,166.40416,149.0,169.9148040016094,170.7997206967919,167.1985600869319,171.34244917925864,166.72426623722401,171.3510280364985,168.15338324203728,171.21182284664474,167.80504786371532,171.0562033930056,169.3427249230844,170.33204188638155,169.05052,171.04950880512908,167.62997181674152,170.16977931875692,170.8156331837116,170.51865989870547,171.71332,171.52399,169.78462833333336,170.32154333333332,170.8653545002434,170.58317026537642,171.71332,171.52399,170.0
T000197,1989-07-31,176.79358,175.6543,173.61208,173.68024,170.39224,176.45308,167.65555,177.22923,165.99521,168.35524,155.0,173.93235998587895,174.9014533630164,168.834331988578,176.3879433574399,167.78834638517785,176.51669673535372,172.6402764143493,176.32110261191306,171.30339904455317,175.92803780052492,172.2999091544598,174.71960243070953,170.39224,176.01711703416274,170.69316256841302,175.46295668599367,175.7111060326255,175.04450583082337,176.45308,176.79358,173.75294000000002,174.69340833333334,175.83997013970986,175.71508029248852,176.45308,176.79358,176.0
T000198,1987-04-30,1210.4832,1249.7563,1220.0591,1260.5898,1268.9056,1208.1681,1226.4801,1222.2466,1216.4772,1222.5579,1306.0,1229.4765394591775,1224.7195443883616,1235.7904684755367,1231.535409325647,1228.1801149066941,1229.0894520967572,1242.645560492879,1218.5339093853293,1240.1553008207613,1221.157626666731,1226.805632429518,1233.3778412503618,1268.9056,1260.5898,1239.2604721427438,1227.0913701981603,1219.6190110474813,1227.867009097621,1208.1681,1260.5898,1229.3395,1227.9535333333336,1219.4923247875063,1228.0295646163947,1208.1681,1260.5898,1201.0
T000198,1987-07-31,1206.2509,1253.4738,1239.5453,1215.6763,1300.1661,1208.379,1232.0743,1229.2949,1220.931,1227.6123,1263.0,1235.7583028677755,1224.8726419135146,1245.7956694387397,1226.6640315273532,1234.6117575341157,1225.7223543236296,1247.1232412543472,1221.1450671843245,1245.7605796313885,1223.6548844807758,1235.203437745061,1233.8781742892493,1300.1661,1215.6763,1245.4558954576314,1236.5524450799935,1221.791901349373,1220.560744486284,1208.379,1215.6763,1236.4159499999998,1222.3343166666666,1221.6905394041514,1220.4411924815945,1208.379,1215.6763,1204.0
T000199,1987-04-30,276.54364,283.79965,308.36963,214.65843,250.15576,242.82904,307.2539,281.89487,276.32172,295.12494,107.2,273.0714296577974,286.03468800328267,277.8340240724017,284.0150343906861,275.2817230949026,284.24869638528196,279.6005458742271,284.19160481117547,277.6539985584548,282.5453573602808,269.16674825063404,283.96141333831304,250.15576,295.12494,288.9390721954846,263.9763849531608,269.30800830252565,290.55031364321235,242.82904,295.12494,268.59078,285.62826500000006,268.02808891552746,289.22719463716106,242.82904,295.12494,248.6
T000199,1987-07-31,332.27838,308.46658,315.65515,300.20685,247.78595,282.61172,324.55304,334.77798,290.09445,310.7548,202.6,295.91551673348107,299.1911695526366,291.2326931074715,305.8635184393649,290.40914272658983,313.3471288033037,301.34040246506083,310.03365066983594,297.36504567107386,310.27500832736797,296.64297382592645,315.55828077197856,247.78595,310.7548,307.9499515264153,289.81345265535555,303.215802665881,312.28393650744545,282.61172,310.7548,299.3358433333334,303.52029500000003,296.9577103231505,308.973126596834,282.61172,310.7548,280.5
T000200,1987-04-30,29.658976,36.309128,35.256622,49.99494,35.4551,30.66044,41.946255,30.887432,34.251663,38.929092,45.1,32.279646081289584,31.486551140598237,36.91729655793301,35.99718222828326,35.894257535890254,35.84037308927145,36.64722437535576,38.86770366071315,36.78411647102651,37.69528459245038,33.7141366204264,35.364877240008056,35.4551,35.4551,39.275319192592434,37.79582786706007,32.0607594631991,33.79958378527504,30.66044,29.658976,32.8704565,35.15142516666667,32.33012041377137,33.63270955488569,30.66044,35.4551,25.9
T000200,1987-07-31,30.152546,40.070408,39.125847,42.56325,39.24252,31.364313,46.249523,34.8859,37.677727,42.81712,40.2,34.70416462157481,32.92950163776217,40.50459704511123,36.45824210525888,39.16851384890347,36.63654197065661,40.04555357609867,37.141262531506456,40.08301837645647,36.5325825589099,36.46631317774181,36.05500230356287,39.24252,39.24252,42.6772088492422,37.5699947557276,34.45204704495126,35.23847589519014,31.364313,30.152546,35.565569,35.98104266666667,34.823621220499376,35.394335025711015,31.364313,39.24252,27.6
T000201,1987-04-30,866.5892,864.21466,864.4171,868.6872,887.2268,866.4093,860.4592,866.6831,859.99036,860.5658,836.0,868.7016500477819,863.9513629839573,867.0431829079846,863.2777868872711,864.0735699322587,865.6123965869187,864.782240149325,861.6284754117416,865.5180686142412,861.563413026769,868.7349665164335,867.209207330192,887.2268,860.0033847695038,865.6192878860915,865.758879193741,862.7003231882476,862.7179761590414,866.4093,859.99036,868.5189033333335,863.0557200000001,863.9921746636064,862.7839294233366,866.4093,859.99036,847.0
T000201,1987-07-31,872.82886,873.35114,870.9197,870.2181,902.5495,872.35547,862.31775,869.87756,859.9933,863.29736,840.0,875.0572913005352,866.8675339631624,872.297287288983,866.0298598079369,867.0483696609364,868.9119066906272,871.7055176234026,864.0092684057337,871.7179775579339,863.7269242377472,874.605301102651,872.0340663712236,902.5495,860.0173054596128,871.9637422289946,868.6425165513047,866.6006561028986,865.8369876237323,872.35547,859.9933,875.159305,866.6828916666668,868.424334346106,866.0452381867245,872.35547,859.9933,847.0
T000202,1987-04-30,2.6340091,3.1018772,2.5257466,3.4560804,2.18802,2.281689,2.0941274,2.655265,2.0402598,2.0730045,4.45,2.696104698839484,2.8090307741955227,2.241451324710845,2.18802,2.1925906225941545,2.1981849557385233,2.7495125791249535,2.705834228112797,2.5815852203671166,2.4206145815662254,2.293906035893204,2.4109900629749372,2.18802,2.6864451087914465,2.456008999464465,2.6892057376516556,2.4330324219247363,2.68790197726116,2.281689,3.4560804,2.483520016666667,2.6169892500000005,2.421623936457488,2.626341489672139,2.281689,2.18802,1.65
T000202,1987-07-31,2.7716212,3.048676,2.6458561,1.753072,2.522195,2.3662114,2.1242511,2.6033976,2.0642436,2.1002216,2.49,2.7068967780225406,2.6060425895150274,2.301107359804978,2.522195,2.1990597250473325,2.5143844175771526,2.6967010323053042,2.4788264739962056,2.5440559600584964,2.4537215991004997,2.3983951568054946,2.3148167585724218,2.522195,2.5125967900864206,2.480268537455444,2.468713237440633,2.565320353842341,2.3523092887600874,2.3662114,1.753072,2.5627241333333335,2.4210032,2.5654813756902555,2.3891486851208676,2.3662114,2.522195,1.65
