unique_id,ds,NBEATS,NLinear,KAN,MLP,DLinear,SeasonalNaive,ADE,ADE(UID),MLpol,MLpol(UID),MLewa,MLewa(UID),MLprod,MLprod(UID),BOA,BOA(UID),OGD,OGD(UID),FS,FS(UID),Ridge,Ridge(UID),LossOnTrain,LossOnTrain(UID),BestOnTrain,BestOnTrain(UID),EqAverage,EqAverage(UID),Windowing,Windowing(UID),BLAST,BLAST(UID),y
T000000,1993-12-31,14144.424,14349.074,10070.007,3645.276,12423.035,6915.52,12797.49725246569,12797.49725246569,12356.39636666444,10920.643060282411,12580.617415843752,10701.126388866014,13562.632935452408,10167.588821109863,13357.198287311247,10227.170437979583,12440.090867936698,11751.239341977234,12854.501666666665,12423.035,11943.696551309315,10938.796783736272,12729.139390320537,12729.139390320537,10070.007,10070.007,12854.501666666665,12854.501666666665,12197.192377165731,12197.192377165731,10070.007,12423.035,7672.665
T000000,1994-03-31,13606.832,23239.867,9591.418,3327.769,9627.725,5696.01,15070.230639217218,15070.230639217218,11844.697394906198,9604.543234141147,11852.699549110277,9771.282150118312,12851.627079331578,9628.980425038691,12696.813473707201,9687.980485644057,12504.596840590157,10527.296140075721,15479.372333333333,9627.725,11262.810970923172,9887.91387159155,14921.178381236226,14921.178381236226,9591.418,9591.418,15479.372333333333,15479.372333333333,10915.136768529492,10915.136768529492,9591.418,9627.725,6407.285
T000000,1994-06-30,14776.174,13084.0205,9950.272,3841.1282,831.1094,9507.025,12608.369916303409,12608.369916303409,12658.362756877526,6653.631013518451,11813.087028675025,8391.738163944172,13138.613272288718,9760.163975657097,13143.808143676873,9832.201885771761,12639.054654319274,8180.845617109115,12603.488833333333,831.1094,11255.901730546551,8059.864176994578,12544.159144586452,12544.159144586452,9950.272,9950.272,12603.488833333333,12603.488833333333,8439.623005305355,8439.623005305355,9950.272,831.1094,10330.3
T000000,1994-09-30,17814.227,12949.408,10010.691,4139.746,3155.4585,17469.63,13678.995956740298,13678.995956740298,14389.703195556605,7532.476560511841,13759.075170788134,9018.811682060492,15794.846623743982,9905.871929446781,15638.545886246662,10021.385748089526,14228.162878729807,9641.857753449323,13591.442,3155.4585,12727.404577820616,8888.67170436542,13593.602009162261,13593.602009162261,10010.691,10010.691,13591.442,13591.442,10238.860350574158,10238.860350574158,10010.691,3155.4585,6995.05
T000001,1993-12-31,479696.94,487039.2,390350.28,259257.56,411620.75,348666.69,449624.20253587014,449624.20253587014,440487.82197741244,421285.22166081006,442575.04738160106,407737.2100934793,464523.016450826,397746.37810088694,460651.1515359508,395606.1165186394,442497.89810884825,431578.50316188624,452362.14,427222.6566666666,429110.5488922616,416328.65217159747,447749.6507413991,447749.6507413991,390350.28,390350.28,452362.14,452362.14,424757.31847577647,424757.31847577647,390350.28,411620.75,386096.5
T000001,1994-03-31,461912.38,656170.9,379320.16,253002.5,352095.44,289378.83,498600.7398018844,498600.7398018844,425667.3977955447,407916.47806423187,423222.2381815854,393369.3395436232,444150.4741187682,385784.40967902367,441549.99939310557,383763.50287608337,439003.10238564154,412794.4542805584,499134.48,397775.99333333335,411552.2507837659,392247.82763894234,482787.83981920185,482787.83981920185,379320.16,379320.16,499134.48,499134.48,394029.99262655596,394029.99262655596,379320.16,352095.44,304618.082
T000001,1994-06-30,485285.5,454314.0,386652.84,263328.03,220953.08,361884.6,438645.31292167434,438645.31292167434,442001.2898591649,420802.91995766724,426654.78263759724,397683.07392146584,453464.08374567336,393313.7875322758,453138.61397437396,390779.8262465406,441827.86908092943,413455.97163046815,442084.1133333333,364297.13999999996,414924.40433317254,370598.1079058193,439510.8077964227,439510.8077964227,386652.84,386652.84,442084.1133333333,442084.1133333333,355656.3547961144,355656.3547961144,386652.84,220953.08,417078.1932
T000001,1994-09-30,550834.06,460324.97,387768.25,268566.44,281727.94,540909.5,460205.1152290916,460205.1152290916,479273.8406281866,444227.34225059696,469567.6357617683,413249.7771011076,511600.43349343,400115.27100890013,507557.6329718367,396077.9618478143,476580.75229500607,448686.75015965675,466309.0933333333,406776.75,447393.11343383946,400927.8300955917,464588.0165207204,464588.0165207204,387768.25,387768.25,466309.0933333333,466309.0933333333,397744.77949733223,397744.77949733223,387768.25,281727.94,199405.116
T000002,2006-03-31,308860.47,313518.94,285597.5,195949.6,202238.44,260754.0,301644.95073184214,301644.95073184214,298651.68842622975,298023.04450421483,290900.98639967514,295791.7794505415,297827.9900331234,292445.15818334476,298675.4490897874,290406.59517126624,299343.213784661,291224.7996797331,302658.97,308860.47,288867.72517965146,280248.3840253303,300861.3031391827,300861.3031391827,285597.5,285597.5,302658.97,302658.97,271410.1773811243,303242.82983487647,285597.5,308860.47,264012.0
T000002,2006-06-30,310655.28,345356.94,286429.5,190288.3,250631.48,293599.0,311808.47073677275,311808.47073677275,300023.97641003656,303293.49420163775,296711.84679381084,299098.78390454006,303229.807622631,294729.8392247941,303047.5774070635,292715.65979785036,302571.65753190283,295776.58356767177,314147.24,310655.28,293749.5054121773,286927.89972983475,310087.03582623333,310087.03582623333,286429.5,286429.5,314147.24,314147.24,286125.7867281447,313809.98800520354,286429.5,310655.28,300244.0
T000002,2006-09-30,315764.6,279452.44,285515.28,202574.56,303926.62,274916.0,294079.6713445535,294079.6713445535,302489.9106273585,296102.48699913535,304242.46061481535,295856.96448498114,311520.3007728977,292759.76899057114,309975.44926613243,289954.6153134988,300795.1106171483,301500.3591197174,293577.44,315764.6,299498.22511218884,293645.9684111253,294345.738023609,294345.738023609,285515.28,285515.28,293577.44,293577.44,303039.11876072735,295678.3716089604,285515.28,315764.6,276400.0
T000002,2006-12-31,342985.3,287696.78,285426.1,205811.34,216688.9,313820.0,305731.705283353,305731.705283353,317725.87266286486,307386.8337447877,311378.8113684365,306054.17623416154,326642.60167404206,299751.9460940858,325869.0435692703,294464.53075378196,315346.28379779134,308749.64365531836,305369.3933333333,342985.3,304070.1726141448,288551.5469051582,305819.21517870645,305819.21517870645,285426.1,285426.1,305369.3933333333,305369.3933333333,289333.30011365697,308929.866085478,285426.1,342985.3,318369.0
T000003,2006-03-31,91881.14,90680.99,77983.68,52268.375,61103.055,74078.0,86583.40073640685,86583.40073640685,85782.34291733133,84651.20010073538,84223.34478513106,86319.51487289855,87912.60882087772,87575.34764335983,87731.76979685022,85130.14198283074,85951.6038045514,83787.08317493144,86848.60333333333,91881.14,82463.40913192903,78657.72776719923,86344.47528270264,86344.47528270264,77983.68,77983.68,86848.60333333333,86848.60333333333,78883.9567693032,87392.50024225093,77983.68,91881.14,80207.0
T000003,2006-06-30,88105.35,110916.1,76688.62,51393.008,61094.793,70931.0,91563.14188317358,91563.14188317358,83095.20284954115,82165.97174338828,81653.41256850478,84421.28843943679,84707.68086784922,85068.97784713382,84595.15820920569,83699.03810167775,84691.15758696632,81352.16159986096,91903.35666666666,88105.35,80236.22561146642,76878.61893726738,90371.11435188417,90371.11435188417,76688.62,76688.62,91903.35666666666,91903.35666666666,76937.91000690452,91721.51104531149,76688.62,88105.35,76102.0
T000003,2006-09-30,89949.87,80566.66,77393.55,53449.656,66797.08,68004.0,82439.75245192481,82439.75245192481,84439.62224357155,83417.63756645213,83465.39723218461,84616.38956237704,86735.14683023242,85884.93888960073,86474.59183343634,83452.92912227675,84084.46553278145,82917.17286794749,82636.69333333333,89949.87,81798.19409908762,78983.30592460308,82571.14317474767,82571.14317474767,77393.55,77393.55,82636.69333333333,82636.69333333333,79528.94571243529,83347.3408843624,77393.55,89949.87,75129.0
T000003,2006-12-31,102288.66,86222.336,77522.9,54107.066,58740.832,95829.0,88276.97438772078,88276.97438772078,91420.39019831881,89404.65411981675,89696.47694106132,91859.79734262239,96116.75712399429,94322.46607749104,95558.63300395473,89591.1552325161,90869.32645618937,88545.07306707444,88677.96533333333,102288.66,86373.04478701568,81104.74755363309,88433.98971789845,88433.98971789845,77522.9,77522.9,88677.96533333333,88677.96533333333,82336.22227666227,90015.14556535079,77522.9,102288.66,104259.0
T000004,2006-03-31,144919.4,130842.42,130915.15,70792.266,96317.125,114837.0,135477.71560201835,135477.71560201835,138773.7389191289,136340.0467318748,135561.8223190116,137533.8284147418,139519.31284477477,138306.60460169998,139704.19513295707,137280.88443888296,138156.50483070995,138185.27350153352,135558.99,135558.99,134079.67838163904,136994.67813349352,135832.68198744458,135832.68198744458,130915.15,130915.15,135558.99,135558.99,130973.33359283613,136817.49668046116,130915.15,144919.4,127910.0
T000004,2006-06-30,143228.38,167444.25,131148.06,68270.484,91281.32,131353.0,144975.05621338193,144975.05621338193,137927.02130756958,145094.56890750283,134221.32021834786,143136.87909748033,137771.81095947613,142031.46781603844,138140.48175395204,142571.065408321,139620.5924230894,139764.3286245278,147273.56333333332,147273.56333333332,133108.79393798023,145039.20728341254,145611.58529568638,145611.58529568638,131148.06,131148.06,147273.56333333332,147273.56333333332,129260.15288494677,146857.66496569602,131148.06,143228.38,142113.0
T000004,2006-09-30,147654.55,115363.98,131313.58,73640.266,85682.47,136027.0,132321.53295412718,132321.53295412718,140483.43670562992,133600.1775762097,136244.81389700217,136296.69288490657,140934.38573875002,137971.61112801303,141259.91273767033,136153.22240234143,138791.92306860763,138773.60293733166,131444.03666666665,131444.03666666665,134602.4891745889,134634.59370307054,132591.59378534777,132591.59378534777,131313.58,131313.58,131444.03666666665,131444.03666666665,130364.23078645978,133567.6986427873,131313.58,147654.55,139363.0
T000004,2006-12-31,161362.6,118815.8,131235.05,74991.5,64884.727,143360.0,137714.5423259363,137714.5423259363,148141.34848728083,139780.26263649124,141985.45817306885,143356.04674296582,150389.05073047572,145616.1818927184,150618.11626529464,142929.12638906157,146062.71724571637,146084.499593354,137137.81666666665,137137.81666666665,138663.05094606482,141397.7081465153,138366.776733052,138366.776733052,131235.05,131235.05,137137.81666666665,137137.81666666665,132922.9665101429,140351.67502436176,131235.05,161362.6,154547.0
T000005,2006-03-31,132820.72,133113.34,117503.98,78721.22,87173.234,120415.0,127879.86240451604,127879.86240451604,126099.08243256001,125409.13576715166,123286.81320876657,126048.82150479496,127512.77674915867,126508.117033697,127558.232248391,126452.70574190668,126384.52505162978,124743.17767372867,127812.68,127812.68,121541.37165078252,117960.15087021294,127054.18055252662,127054.18055252662,117503.98,117503.98,127812.68,127812.68,115327.85051594436,128196.96118024598,117503.98,132820.72,131208.0
T000005,2006-06-30,125401.11,158424.28,115592.08,77019.984,93554.04,104971.0,131216.027233456,131216.027233456,121096.49005162026,122446.49473876247,119051.60422797914,122607.77585876187,121793.61386560882,122342.42935303217,121877.28358031044,122739.3726006491,123289.6007532368,120157.31670341229,133139.15666666665,133139.15666666665,117977.09666239917,115431.26218464176,130483.65911617715,130483.65911617715,115592.08,115592.08,133139.15666666665,133139.15666666665,113472.65480354444,132088.95174110399,115592.08,125401.11,113281.0
T000005,2006-09-30,128275.47,118422.336,116417.234,80862.125,114353.25,103051.0,121693.9146163342,121693.9146163342,123071.57122120183,121987.3634811408,122892.62862868131,122558.85515957058,125872.25332741151,123086.18878539966,125460.38099783589,122910.54537469456,122675.45130127667,122602.25659801438,121038.34666666665,121038.34666666665,121186.5450704736,120481.94991363048,121117.16778901877,121117.16778901877,116417.234,116417.234,121038.34666666665,121038.34666666665,120679.76959190913,121733.78709633308,116417.234,128275.47,110521.0
T000005,2006-12-31,147064.19,126709.88,116486.38,82044.58,95683.234,136164.0,131474.7005890544,131474.7005890544,133645.34523107123,131125.3419202618,131739.54397982932,132560.77461728133,139633.98878973044,133834.4648520412,138895.06531438328,133448.09514897427,132933.2727245649,132015.63279378536,130086.81666666667,130086.81666666667,127596.63332918905,124285.01957447866,129956.16253394526,129956.16253394526,116486.38,116486.38,130086.81666666667,130086.81666666667,123179.12905467524,131680.60000676027,116486.38,147064.19,161485.0
T000006,2006-03-31,58785.426,59335.71,51310.656,30904.99,35916.793,44596.0,56182.14927470454,56182.14927470454,55505.178712393536,55241.368815078284,54077.51488180284,55644.24383007789,56147.91560901983,51690.14294629246,56182.45668628522,52222.69183257313,55669.42576490713,54352.61160084463,56477.263999999996,47351.1095,53235.52317058733,53289.12230028948,56057.09081157384,56057.09081157384,51310.656,51310.656,56477.263999999996,56477.263999999996,48457.59355882759,51295.36979265468,51310.656,35916.793,48333.0
T000006,2006-06-30,57614.0,70336.11,51069.242,30179.219,40415.344,51049.0,59286.375662654566,59286.375662654566,54741.88156992915,54680.45161142321,53755.38974230871,55896.60858832785,55529.6655139275,51501.115812461845,55500.94939300527,52120.494957514056,55635.08234504341,53635.65630576392,59673.11733333333,49014.672,52971.37227316716,53001.41777009561,58487.583520648506,58487.583520648506,51069.242,51069.242,59673.11733333333,59673.11733333333,49578.29273238726,56075.401436367036,51069.242,40415.344,52961.0
T000006,2006-09-30,58637.42,54556.316,51168.645,31857.82,48558.664,47459.0,54541.13993058758,54541.13993058758,55359.80357360923,55032.055820196285,55124.87465448158,55107.94925068535,57019.424451640254,51510.14427549254,56787.35530081815,51984.3465135422,55240.397712770544,54242.78523640348,54787.46033333332,53598.042,54072.01571726761,54049.22807717269,54676.96649361889,54676.96649361889,51168.645,51168.645,54787.46033333332,54787.46033333332,52871.574558482316,53898.09887021778,51168.645,48558.664,47506.0
T000006,2006-12-31,66023.01,55952.086,51192.49,32331.969,37709.76,61521.0,57254.04471657775,57254.04471657775,59514.74646763802,58836.69737990573,58273.84574490936,58848.63402142102,62149.00146415685,51854.58710017662,61861.439705567806,52771.59221958402,59157.20770021051,57922.26254559023,57722.528666666665,51866.384999999995,56320.696328277285,56325.063120512954,57634.531258008545,57634.531258008545,51192.49,51192.49,57722.528666666665,57722.528666666665,51614.51173620378,53172.93097599261,51192.49,37709.76,65037.0
T000007,2006-03-31,319402.5,358984.5,304815.22,205314.14,237308.97,316826.0,325608.51965951105,325608.51965951105,313000.98053471127,307396.2807206245,306719.382143753,302527.2455060772,311270.82063906005,319535.7556869072,312120.2335497128,320236.4336025696,315679.10209978063,304112.18714130187,327734.0733333333,339193.5,305696.7533697555,297974.2158565378,325237.16881699814,325237.16881699814,304815.22,319402.5,327734.0733333333,327734.0733333333,289061.7894025044,306686.3610458534,304815.22,319402.5,320658.0
T000007,2006-06-30,316696.56,331108.38,301925.94,199686.6,267263.2,264510.0,315525.26460476173,315525.26460476173,310214.58313766634,297211.81598662154,306997.50934667257,294689.49504257063,311146.6293718624,316721.0491842432,311303.4598419105,316851.9291721459,311354.909057767,301082.2966572719,316576.95999999996,323902.47,305403.9677153186,294470.51460562163,315514.26640397543,315514.26640397543,301925.94,316696.56,316576.95999999996,316576.95999999996,297129.15862358775,306250.7654481791,301925.94,316696.56,305105.0
T000007,2006-09-30,333859.78,329649.44,302871.4,211819.84,458813.56,303540.0,321397.41108863964,321397.41108863964,320260.7596365215,308267.6320168049,334845.84485062043,307453.04114009877,340431.85779137816,333762.9455941563,335987.9462762184,333261.0422621772,320544.24312579504,312035.7516322871,322126.8733333333,331754.61,327715.1430041654,309413.84351156506,321864.1933547154,321864.1933547154,302871.4,333859.78,322126.8733333333,322126.8733333333,368513.25139449956,369798.86509930366,302871.4,333859.78,336938.0
T000007,2006-12-31,355020.2,322859.3,303069.9,213960.3,383288.1,325972.0,326836.5704826551,326836.5704826551,332222.19676172757,317964.2844029709,339766.29365955066,319598.9641387165,351602.45202349813,354749.8529339723,347934.9130782253,353342.5755375729,331160.58685199864,324061.01516594,326983.1333333333,338939.75,330813.55942536757,327596.470021154,327976.0877716534,327976.0877716534,303069.9,355020.2,326983.1333333333,326983.1333333333,353120.23220333044,353914.5647817993,303069.9,355020.2,348410.0
T000008,2006-03-31,168925.94,156471.42,159624.62,91726.125,124830.734,142300.0,161824.87241305585,161824.87241305585,164844.12481355818,156466.13204052113,161608.52947656525,159228.77321343834,164398.1482566577,155279.1042789724,164767.5518549345,163177.5485219006,164244.0798431298,163934.92578009007,161673.99333333335,168925.94,160819.81419264173,159199.33723740562,162246.76031140226,162246.76031140226,159624.62,168925.94,161673.99333333335,161673.99333333335,156269.12813326885,162987.21438124386,159624.62,168925.94,173639.0
T000008,2006-06-30,166646.27,197251.94,160111.14,88573.54,117810.01,159844.0,172305.16040044103,172305.16040044103,163778.37674620684,154079.07930664727,159839.1732187222,157020.59738125838,162042.68779700605,153230.73297767804,162674.9193427005,169537.61845126835,165766.29738762384,162603.99906231454,174669.78333333333,166646.27,159580.76061780413,157362.90146036356,172618.55290428613,172618.55290428613,160111.14,166646.27,174669.78333333333,174669.78333333333,153837.76171594195,172113.5177888596,160111.14,166646.27,160045.0
T000008,2006-09-30,176061.89,138390.78,160636.53,95008.33,126632.95,171954.0,159681.51242151618,159681.51242151618,169292.5853524519,160459.34481899408,166137.76393553676,163712.9854940775,170440.8562387186,158509.80199595806,170558.80812698175,163532.32218858934,167255.6656988968,168495.6307373379,158363.06666666665,176061.89,164437.2170417188,163182.3768851505,160373.8349843669,160373.8349843669,160636.53,176061.89,158363.06666666665,158363.06666666665,160269.21470153442,162045.10850590377,160636.53,176061.89,179973.0
T000008,2006-12-31,188508.36,136722.42,160346.56,96360.09,98052.71,168382.0,163199.64018297702,163199.64018297702,176149.76327205845,159977.3486969836,170370.08454034565,165929.46007298533,178229.08263677591,156417.93177116898,178448.89484757753,168625.0147546791,173471.14822392026,174688.35464704887,161859.11333333334,188508.36,167268.97369075168,164965.09079385988,164470.92794729117,164470.92794729117,160346.56,188508.36,161859.11333333334,161859.11333333334,159628.99749942205,167079.54317949162,160346.56,188508.36,204957.0
T000009,2006-03-31,113260.08,108033.7,97647.52,63045.46,58564.43,86979.0,106321.260676109,106321.260676109,106408.62402308124,87475.08410945778,102780.0972325686,92399.05821443736,107199.06218108407,97060.74518495741,107415.85744772389,97378.11360303039,106361.34292401557,99434.51644558094,106313.76666666666,93219.26729096976,101136.21250478532,93582.55190335776,105582.0136091543,105582.0136091543,97647.52,97647.52,106313.76666666666,106313.76666666666,89493.29680009252,89493.29680009252,97647.52,113260.08,99216.0
T000009,2006-06-30,115968.42,125731.51,98449.58,61262.17,74605.83,104594.0,112189.51359732787,112189.51359732787,108280.4072060262,93637.53904254924,106075.9083088468,96606.71601840273,110761.49110904553,98364.47942431454,110587.0564097162,98449.66180173171,109184.12455612939,102653.07629602043,113383.16999999998,105400.0253511705,103899.84678892762,98173.98251395285,111603.41409248856,111603.41409248856,98449.58,98449.58,113383.16999999998,113383.16999999998,96268.88600291012,96268.88600291012,98449.58,115968.42,136031.0
T000009,2006-09-30,116044.266,94597.2,97563.09,65101.832,97822.0,83742.0,103917.54330598374,103917.54330598374,107933.93920121186,100871.16150673683,107979.33502020946,100757.56033010766,112575.70483511628,98201.37294468484,111861.24996898854,97947.17208125301,106943.68071163613,104789.12533536341,102734.852,102776.93088294307,105262.81798094876,102714.76735131556,102804.7790976341,102804.7790976341,97563.09,97563.09,102734.852,102734.852,104112.74049614627,104112.74049614627,97563.09,116044.266,95582.0
T000009,2006-12-31,126001.56,107114.36,97498.43,65981.14,75386.65,115734.0,110937.32535845827,110937.32535845827,113493.17313715414,95173.20758622032,111462.89144339715,97873.29979711797,118858.80394493071,97837.9046891163,118226.79319301608,97750.63680640172,112834.68465788364,106170.0793276655,110204.78333333333,102756.70715719048,107646.12878483227,100622.7012816698,109442.15239346065,109442.15239346065,97498.43,97498.43,110204.78333333333,110204.78333333333,99760.1063280722,99760.1063280722,97498.43,126001.56,123212.0
T000010,2006-03-31,168189.45,165468.84,143601.53,74677.35,85829.11,122959.0,157836.25688462745,157836.25688462745,157399.22396122094,139559.8023413539,152037.28936852247,141797.95102364745,158945.09345592998,143018.33588628058,159207.64488455022,143214.45045782145,157662.1207703156,139287.87272215844,159086.60666666666,168189.45,149385.77670695237,131151.31146526267,156943.26825170405,156943.26825170405,143601.53,143601.53,159086.60666666666,159086.60666666666,133887.36815573703,141221.54798626402,143601.53,168189.45,118195.0
T000010,2006-06-30,169104.03,207353.6,143690.39,71599.055,97766.24,148731.0,170235.71438683203,170235.71438683203,157951.44287314432,141605.86730768433,153695.90602613936,142843.6699788901,160647.63095369295,143383.26181730954,160631.1916907855,143497.61122941205,160737.08582720225,141979.71593196434,173382.67333333334,169104.03,150726.9638399916,134562.145559578,168325.96446287533,168325.96446287533,143690.39,143690.39,173382.67333333334,173382.67333333334,138101.3291346073,159018.47199674242,143690.39,169104.03,152562.0
T000010,2006-09-30,170794.83,140383.95,143233.92,78584.016,143151.78,124408.0,151305.19074734027,151305.19074734027,158699.9293848017,148520.59166082414,158723.9399296194,145984.59637049417,165584.87584185516,143966.98666801688,164529.18581702208,143772.39529387804,157319.46767426346,151287.69546453826,151470.9,170794.83,154680.5639584361,146821.4882911825,150961.76334942898,150961.76334942898,143233.92,143233.92,151470.9,151470.9,153224.51864333404,152101.34610152154,143233.92,170794.83,127718.0
T000010,2006-12-31,193192.12,153395.22,143185.73,79742.984,101018.7,177232.0,162262.34125962725,162262.34125962725,171247.18722474528,146399.95005152718,167370.45442196974,145076.09446782927,180391.98696141804,143614.85293497593,179353.5968344096,143531.02348496093,169684.1242681294,149424.83432327787,163257.69,193192.12,160730.1404282318,138297.68573399817,161269.61176090557,161269.61176090557,143185.73,143185.73,163257.69,163257.69,147747.91140772562,150997.65933394077,143185.73,193192.12,189999.0
T000011,2006-03-31,109703.445,102550.69,95459.36,55281.574,63021.688,84415.0,102446.08470704113,102446.08470704113,103452.53411101134,99554.19624198381,100442.45502314618,96486.76766516431,104430.17469666587,95546.22512905838,104560.76202122592,95447.39960781556,103263.4119901288,97829.394592812,102571.165,109703.445,98889.33058464061,94664.33039052256,102107.32853038244,102107.32853038244,95459.36,95459.36,102571.165,102571.165,93537.4657851515,103113.83103864848,95459.36,109703.445,93684.0
T000011,2006-06-30,108985.984,131643.47,94755.734,53349.1,72325.41,92747.0,109823.33374610185,109823.33374610185,102741.14449798698,98846.59300796645,100664.73947073796,96253.54490904263,104512.52588831563,94936.82438536805,104434.75886085778,94816.55021291606,104376.8578463069,98088.67445867718,111795.06266666666,108985.984,98947.8877570512,95124.6548181051,109460.58685483478,109460.58685483478,94755.734,94755.734,111795.06266666666,111795.06266666666,95261.50011051277,110997.31841202661,94755.734,108985.984,102467.0
T000011,2006-09-30,111521.91,86771.53,95183.03,57594.156,78862.21,90354.0,98707.2748521285,98707.2748521285,104351.71388660421,99880.07006802995,102847.75159674897,97348.54539715448,107137.04150946018,95480.13400119104,106850.84981989584,95321.66493355604,103121.79799403774,99922.54992835237,97825.48999999999,111521.91,100720.24985439821,96706.52561404527,98332.20120965331,98332.20120965331,95183.03,95183.03,97825.48999999999,97825.48999999999,98057.58527010996,99191.81748864082,95183.03,111521.91,86774.0
T000011,2006-12-31,124999.28,95346.79,95248.67,58556.53,55436.21,112896.0,105848.69818377617,105848.69818377617,111943.44580615356,103801.26401001368,108263.11656029755,98714.72412897434,116210.941322188,95694.21748608345,115900.53905972856,95427.47087739354,110647.66118735427,102901.90213164908,105198.24666666667,124999.28,104556.46525821502,96845.68224489,105153.16815020093,105153.16815020093,95248.67,95248.67,105198.24666666667,105198.24666666667,98028.0926316537,106993.13694328831,95248.67,124999.28,112607.0
T000012,2006-03-31,531585.2,590801.1,529865.44,420225.3,443621.72,502032.0,545245.4823498131,545245.4823498131,530830.496099367,475920.31963669724,522785.8955986224,518723.2845378417,524390.2121838498,547217.049707293,526124.4121449633,553709.4546013671,534485.918468809,524953.3055924381,550750.5799999998,475045.37,523962.01598024974,534254.101157236,546757.8230069391,546757.8230069391,529865.44,531585.2,550750.5799999998,550750.5799999998,507983.15815949964,507983.15815949964,529865.44,531585.2,526783.0
T000012,2006-06-30,539475.56,539459.2,530022.6,409099.5,544945.7,513773.0,535651.6850572722,535651.6850572722,535327.1987260274,506145.2813161167,536730.394274155,536747.202679517,538879.6679782989,516463.61402969353,538205.502288634,536822.8967010081,535491.3057963033,529211.5378182121,536319.12,469561.05,535095.9329027236,533150.0138985787,536058.7964992175,536058.7964992175,530022.6,539475.56,536319.12,536319.12,537823.4147612854,537823.4147612854,530022.6,539475.56,513027.0
T000012,2006-09-30,567292.5,595512.2,533141.9,430205.75,744403.44,573492.0,560333.4324629323,560333.4324629323,552305.7628803116,577087.0645096826,572055.8046930513,611242.3611321129,577674.384753258,559918.7765880701,571954.4599836563,568504.7074868716,554629.9482880334,548365.3664697082,565315.5333333333,481673.825,563544.7394717137,546264.2927497181,562491.0193716588,562491.0193716588,533141.9,567292.5,565315.5333333333,565315.5333333333,602539.1824693963,602539.1824693963,533141.9,567292.5,599011.0
T000012,2006-12-31,586558.0,561955.75,532081.5,436521.94,613274.9,541268.0,558580.1076020469,558580.1076020469,562651.392657795,535676.4762401758,570289.3793667776,563514.8443003449,582740.9995039591,545429.9209999526,578956.1846020464,561915.0214986574,562096.6706629206,560097.4766921068,560198.4166666666,484301.72,560949.7566123107,548523.6891099989,560331.0156030818,560331.0156030818,532081.5,586558.0,560198.4166666666,560198.4166666666,575777.7219419449,575777.7219419449,532081.5,586558.0,538411.0
T000013,2006-03-31,3430623.5,2758827.2,3129256.0,2288049.8,2635273.0,3038791.0,3198439.702992225,3198439.702992225,3298370.611356237,3315874.7767227944,3252628.1258026822,3342654.9833680205,3334374.8710200507,3430476.6363542266,3333123.570906773,3427825.6611088305,3262504.9092373047,3322904.4076571814,3106235.5666666664,3430623.5,3216582.6877082945,2910744.5973811997,3158333.3966578566,3158333.3966578566,3129256.0,3430623.5,3106235.5666666664,3106235.5666666664,3112834.999420306,3112834.999420306,3129256.0,3430623.5,3591843.0
T000013,2006-06-30,3427827.5,4118237.0,3119977.8,2234345.5,2800071.5,2845000.0,3430829.853043519,3430829.853043519,3292729.9460397493,3310610.6135199685,3263236.3426320264,3346073.2260273863,3344222.260780951,3427695.0032603005,3339088.7301676963,3425319.893571113,3340376.006174176,3317750.9898426505,3555347.4333333327,3427827.5,3223356.265242028,3491362.138055304,3486280.0088482536,3486280.0088482536,3119977.8,3427827.5,3555347.4333333327,3555347.4333333327,3151974.6285079196,3151974.6285079196,3119977.8,3427827.5,3114549.0
T000013,2006-09-30,3647785.0,2153263.2,3134755.8,2344851.2,2230082.8,3293652.0,3191309.918360781,3191309.918360781,3422645.946656163,3452443.943967328,3338829.1550467494,3495235.0930268303,3478859.1512090866,3647528.939715951,3478059.622871407,3642901.1942542177,3340107.347405724,3465397.2879890064,2978601.333333333,3647785.0,3278523.536542639,2609022.823491276,3098459.0391992405,3098459.0391992405,3134755.8,3647785.0,2978601.333333333,2978601.333333333,3089969.094868199,3089969.094868199,3134755.8,3647785.0,3492344.0
T000013,2006-12-31,3955939.0,2477777.5,3135358.5,2365697.2,1586861.2,3363957.0,3384981.1302990634,3384981.1302990634,3595833.343319226,3643494.676304939,3452300.9138062545,3707484.0172197805,3677660.460508775,3955519.806327913,3678500.0477767102,3947934.9008410876,3519668.1710909912,3664971.94140989,3189691.6666666665,3955939.0,3357524.256192615,2659002.583421414,3300364.025945577,3300364.025945577,3135358.5,3955939.0,3189691.6666666665,3189691.6666666665,3036924.321293818,3036924.321293818,3135358.5,3955939.0,3392606.0
T000014,2006-03-31,26834.707,26845.307,25276.941,19177.186,20364.002,24836.45,26274.57148339418,26274.57148339418,26151.092962882394,26102.72802414668,25694.50385305363,26031.477838376257,26149.233802587238,25946.810707754823,26192.01704682633,26415.03377994396,26178.950410131787,26159.054513572868,26318.984999999993,26318.984999999993,25547.267843013684,25400.674113459805,26264.241780979835,26264.241780979835,25276.941,26834.707,26318.984999999993,26318.984999999993,24821.897293894162,26357.700607702565,25276.941,26834.707,26280.96
T000014,2006-06-30,26211.873,29260.457,25159.785,18740.336,24329.182,24737.5,26667.23785631801,26667.23785631801,25750.171996715173,25965.025241034968,25673.885479339144,25775.791768474905,25947.075117455202,25470.166412966402,25924.0479306591,26234.544142260846,25955.192073069615,25861.60641559495,26877.371666666666,26877.371666666666,25533.24273359738,25487.285239788034,26628.447898156155,26628.447898156155,25159.785,26211.873,26877.371666666666,26877.371666666666,25426.587550213415,26768.569530222507,25159.785,26211.873,25767.66
T000014,2006-09-30,27029.66,24865.734,25220.02,19633.941,25266.668,24136.38,25782.437760795954,25782.437760795954,26235.51292904743,26002.220545974506,26241.944927960827,26020.420506821854,26691.72186349234,26090.83836800859,26621.31934767829,26323.097529747844,26134.638344593317,26168.87426024613,25705.138,25705.138,25975.596242787724,25928.01039994222,25793.201435048803,25793.201435048803,25220.02,27029.66,25705.138,25705.138,26019.44555207529,25846.674670627162,25220.02,27029.66,26012.2
T000014,2006-12-31,29196.625,25781.105,25230.418,19946.39,20330.484,27102.91,26826.861774687113,26826.861774687113,27456.084521318284,27052.78402888064,27003.476672898392,27031.09621942729,28057.48192060101,27568.797483032515,28007.591228048514,27781.62158963363,27316.250746673017,27356.311833313743,26736.04933333333,26736.04933333333,26502.57142206668,26291.59926356286,26836.570270185217,26836.570270185217,25230.418,29196.625,26736.04933333333,26736.04933333333,25827.99822928007,26987.368939162632,25230.418,29196.625,28318.7
T000015,2006-03-31,47670.87,46895.113,45573.547,34341.23,34721.38,43856.12,46685.57904482777,46685.57904482777,46750.47538157232,46660.5957450429,45740.37377601572,46572.560874885705,46410.402470414294,46613.71598944094,46556.455576233486,46548.10991786505,46739.613659283496,46741.89480863746,46713.176666666666,47670.87,45612.329350813234,45285.62561947921,46693.20456921749,46693.20456921749,45573.547,45573.547,46713.176666666666,46713.176666666666,43529.58338541156,43529.58338541156,45573.547,47670.87,48113.84
T000015,2006-06-30,47007.445,53166.43,45470.887,33599.117,39783.13,43782.9,48200.456290537826,48200.456290537826,46333.137936137166,47513.129654237404,45804.233593664714,46838.04272668302,46264.25265308627,47082.94921528193,46324.02247883524,47063.724241009106,46737.04850779997,46653.9341194561,48548.254,47007.445,45672.943761414324,45448.98140987576,48082.90660119752,48082.90660119752,45470.887,45470.887,48548.254,48548.254,44583.3071537373,44583.3071537373,45470.887,47007.445,46516.62
T000015,2006-09-30,48997.21,42922.03,45606.492,35093.926,51052.77,46647.44,46032.047690985804,46032.047690985804,47509.21859390478,46471.10139906264,48021.25548787143,46766.34530650498,48790.91198182308,46678.979772882376,48547.14224083987,46552.247584343146,47196.50034228097,47260.94840553886,45841.91066666666,48997.21,47433.436405413355,47061.62306873616,46132.61934150482,46132.61934150482,45606.492,45606.492,45841.91066666666,45841.91066666666,48498.56553789171,48498.56553789171,45606.492,48997.21,48204.65
T000015,2006-12-31,52017.42,44284.848,45618.668,35548.44,41118.34,48165.78,47484.06195053831,47484.06195053831,49209.37521841255,47941.461736947786,48796.846375778645,48159.889623417665,50450.853490502486,48114.15884926294,50299.294493620495,47890.99729858387,48847.72555946337,48922.31127864855,47306.97866666666,52017.42,47932.33096892314,47130.15880354388,47605.541953888955,47605.541953888955,45618.668,45618.668,47306.97866666666,47306.97866666666,47093.36705314403,47093.36705314403,45618.668,52017.42,49565.64
T000016,2006-03-31,30727.936,30777.342,28380.426,23369.785,22544.084,25997.68,29907.497477019635,29907.497477019635,29697.74867515535,27239.850880886184,29155.91326964602,27063.741916345854,29819.802033982403,30243.763880568866,29851.56023762116,30434.815708086506,29741.775891182016,29474.372817928852,29961.901333333335,30727.936,28908.072243753817,28575.641141244356,29892.259176037067,29892.259176037067,28380.426,30727.936,29961.901333333335,29961.901333333335,27217.955102377447,27217.955102377447,28380.426,30727.936,31897.96
T000016,2006-06-30,30400.055,34311.484,28240.482,22887.54,27514.084,26646.54,30686.724071862358,30686.724071862358,29452.34243150115,28676.087596874644,29387.051058152476,28628.73792557129,29934.46865242703,30548.133602583162,29866.776499231153,31362.30352229598,29729.532321734747,29205.082708121023,30984.006999999998,30400.055,29082.15192918409,29161.89069772985,30583.338678043052,30583.338678043052,28240.482,30400.055,30984.006999999998,30984.006999999998,28776.086576439673,28776.086576439673,28240.482,30400.055,33142.04
T000016,2006-09-30,31777.312,28948.656,28401.275,23868.76,36494.27,29287.22,29816.281169567515,29816.281169567515,30295.76324169586,32033.813385538517,31054.723121284776,32187.70932634147,31784.627110019137,30777.443495134714,31486.175229067667,30431.76710460772,30181.551020757666,30124.714744847388,29709.081,31777.312,30425.21942216193,31316.266798075707,29861.396907218063,29861.396907218063,28401.275,31777.312,29709.081,29709.081,32428.953706560365,32428.953706560365,28401.275,31777.312,34610.2
T000016,2006-12-31,33742.934,29470.646,28417.107,24122.96,29887.28,31678.59,30700.52235445466,30700.52235445466,31405.734384358148,30534.521550405876,31549.022851476075,30498.301190365604,32854.55123143965,32388.34274434921,32619.532854557106,31680.837406363484,31237.19416140628,31296.35379722673,30543.56233333333,33742.934,30743.0729677355,31210.58061391401,30767.301487189852,30767.301487189852,28417.107,33742.934,30543.56233333333,30543.56233333333,30865.535624179036,30865.535624179036,28417.107,33742.934,38110.89
T000017,2006-03-31,12709.354,10673.28,11767.004,9721.105,7506.41,11328.34,11819.503713964274,11819.503713964274,12295.810702818155,11205.190564914428,11899.378403921133,12071.739407329038,12192.036125597722,12434.41918503979,12244.81396710691,12335.911247631278,12187.61523341441,12095.850995988425,11716.545999999998,10660.922666666665,11831.653376348524,11929.229056478922,11839.338926223565,11839.338926223565,11767.004,12709.354,11716.545999999998,11716.545999999998,10853.856218747369,10853.856218747369,11767.004,12709.354,12194.07
T000017,2006-06-30,12871.75,14817.5625,11705.083,9565.279,9764.231,11180.16,12970.78960598578,12970.78960598578,12359.766853723931,11788.545495854618,12180.025296745049,12409.805360747205,12496.87588995888,12901.846023106546,12492.627178117058,12862.117954655296,12499.273052098499,12265.163090108186,13131.465166666665,11447.021333333334,12040.95707725717,12300.002283714328,12952.084050870635,12952.084050870635,11705.083,12871.75,13131.465166666665,13131.465166666665,11577.452423213666,11577.452423213666,11705.083,12871.75,12002.55
T000017,2006-09-30,13434.211,8062.1104,11752.769,9892.791,16382.2295,11731.27,11378.93043505657,11378.93043505657,12696.322669018902,13608.384191312169,13130.185754553158,13497.863944028439,13485.549874412443,12799.392347963058,13324.407958640006,12591.606951189966,12396.794351064627,12900.698139856871,11083.030133333334,13856.403166666667,12806.743085249684,13488.038096419761,11431.167383574146,11431.167383574146,11752.769,13434.211,11083.030133333334,11083.030133333334,13802.849595487516,13802.849595487516,11752.769,13434.211,12464.36
T000017,2006-12-31,14636.963,9843.443,11761.002,9985.421,10878.674,12746.3,12303.056287952551,12303.056287952551,13374.86887944352,12878.510430137128,13295.852474113553,13881.46869006435,14023.7032974078,13915.701413959654,13931.780887187995,13641.213757418984,13131.626976949465,13320.680249901423,12080.46933333333,12425.546333333334,12888.401671549924,13688.777372652808,12349.83384918672,12349.83384918672,11761.002,14636.963,12080.46933333333,12080.46933333333,12620.167060915006,12620.167060915006,11761.002,14636.963,12870.92
T000018,2005-09-30,469.358,472.9134,436.32495,419.42004,619.4081,453.0,458.8658318995301,458.8658318995301,454.861691396007,455.5002491963885,471.9813927158732,457.0539282984949,477.7061422304619,459.34631619422873,472.6172660170917,459.6780208770458,455.65633093392034,455.530437762544,459.53211666666664,419.42004,464.1010703789965,472.593149484715,457.89543974682056,457.89543974682056,436.32495,436.32495,459.53211666666664,459.53211666666664,453.2243902247162,440.1600201354338,436.32495,419.42004,439.0
T000018,2005-12-31,469.97748,369.1792,435.91058,413.58456,629.113,442.0,440.14839099612016,440.14839099612016,455.02747400353985,449.11090674278495,473.09249580267476,452.3359444609158,478.9365507515498,457.33984872317023,473.5967884340573,455.5464767891001,449.45130921120085,451.78083122600333,425.02241999999995,413.58456,464.89283801141937,473.7749813520712,431.3261243877838,431.3261243877838,435.91058,435.91058,425.02241999999995,425.02241999999995,453.33892949214146,437.9750549535421,435.91058,413.58456,428.0
T000018,2006-03-31,452.10098,584.2216,434.30658,424.90884,578.88763,401.0,470.1413043636114,470.1413043636114,444.29203974704444,452.83125494574983,457.8019652941125,451.645620421199,460.2589957104326,449.59027828589643,456.5584281732398,452.4306028685961,452.69168460310425,449.5585212695697,490.20971999999995,424.90884,452.79574362555115,458.67159606242774,479.36731058282794,479.36731058282794,434.30658,434.30658,490.20971999999995,490.20971999999995,443.41005058884025,436.259886168415,434.30658,424.90884,401.0
T000018,2006-06-30,482.30988,517.608,434.76294,428.6669,659.20435,443.0,472.69940228732844,472.69940228732844,461.44425858703516,464.2629723261541,482.43938373427665,466.03048152328097,491.2125070398604,468.56744101075924,484.70351122933675,469.6618353372405,464.43579235113714,463.54406204124405,478.22693999999996,428.6669,471.7440155330718,482.8606168973564,473.5623246945761,473.5623246945761,434.76294,434.76294,478.22693999999996,478.22693999999996,459.0875685280399,447.33089019014005,434.76294,428.6669,439.0
T000019,2005-09-30,586.2271,549.3154,554.507,467.40546,566.4044,590.0,566.6805451085535,566.6805451085535,572.3069697501587,570.7094697503467,573.453456563599,570.6815438616262,581.1862121363818,571.448214948235,579.7208991645615,572.7133833482615,570.6011531614637,571.7820007565692,563.3498333333332,569.0461666666666,568.6012691227173,568.8117296432688,564.9163106047481,564.9163106047481,554.507,586.2271,563.3498333333332,563.3498333333332,569.655009095283,569.655009095283,554.507,586.2271,639.0
T000019,2005-12-31,573.4703,597.4925,551.60583,463.3187,539.6122,554.0,571.7267231698515,571.7267231698515,563.8752397623668,562.7740928296369,562.7813564562807,562.1455685242231,568.3869283447201,563.0077889734578,567.7984191298499,563.6342438779153,565.7278471494101,562.0630508972783,574.1895433333333,554.8961099999999,559.7712658869553,556.5984858104885,571.5954273378691,571.5954273378691,551.60583,573.4703,574.1895433333333,574.1895433333333,555.8270053733826,555.8270053733826,551.60583,573.4703,559.0
T000019,2006-03-31,560.6673,531.3874,549.6127,471.77307,472.66287,481.0,549.9624897946296,549.9624897946296,555.8160709099311,555.2593348498959,548.6493224449273,552.8028959475396,552.4502896165603,554.4103815601593,553.6323551885789,553.8649544804981,554.2165464264675,549.8089267484149,547.2224666666666,527.6476233333333,548.3015562548003,535.0511959520871,548.9876403294227,548.9876403294227,549.6127,560.6673,547.2224666666666,547.2224666666666,529.9127638819655,529.9127638819655,549.6127,560.6673,493.0
T000019,2006-06-30,601.3474,559.78033,550.4511,473.6353,489.7295,576.0,574.1716802347637,574.1716802347637,579.0119368320089,576.4486775976297,573.4050772297817,573.9959203909178,586.9011702552226,576.5451438670275,586.2159305801707,577.6044427792391,577.356041953539,572.4376705086818,570.5262766666667,547.1759999999999,566.9414937211983,554.1665379277313,571.7281612759307,571.7281612759307,550.4511,601.3474,570.5262766666667,570.5262766666667,550.1733503098535,550.1733503098535,550.4511,601.3474,601.0
T000020,2005-09-30,2971.1362,2714.1553,2824.0408,2220.7446,2857.0806,3290.0,2854.6464290550603,2854.6464290550603,2906.58447641929,2884.558297887892,2909.836152938672,2865.23621560745,2945.997063202646,2840.6883495719844,2939.663941215654,2847.5077407172107,2893.42051331516,2900.3155835196853,2836.4440999999997,2897.5885,2887.7017220416074,2871.2961808288837,2851.281708142207,2851.281708142207,2824.0408,2824.0408,2836.4440999999997,2836.4440999999997,2886.2078589392527,2886.2078589392527,2824.0408,2971.1362,3265.0
T000020,2005-12-31,2829.0283,3156.4922,2752.1272,2191.522,2558.8965,2323.0,2884.7658645522542,2884.7658645522542,2795.2808235306297,2783.765593565173,2777.340692633788,2765.457281928142,2799.1165765384303,2757.761744077585,2800.1995200929223,2758.6378841620567,2816.672379164627,2775.2414717240226,2912.549233333333,2790.57775,2769.255568448515,2745.9604162492146,2882.303393347945,2882.303393347945,2752.1272,2752.1272,2912.549233333333,2912.549233333333,2718.970403649275,2718.970403649275,2752.1272,2829.0283,2348.0
T000020,2006-03-31,2863.0244,2448.4365,2739.1562,2248.8083,1940.1239,2513.0,2714.874091141807,2714.874091141807,2808.66576059428,2790.1176408871856,2734.25805125645,2741.610567412945,2775.9863855911726,2741.1210070965153,2787.912388905431,2736.3011584433098,2785.4469047753355,2737.5459881639526,2683.539033333333,2801.0903,2729.314462082024,2657.6859498459617,2712.342542592485,2712.342542592485,2739.1562,2739.1562,2683.539033333333,2683.539033333333,2533.6050430667547,2533.6050430667547,2739.1562,2863.0244,2584.0
T000020,2006-06-30,3121.4365,2750.9937,2758.0234,2258.3987,2215.1833,2883.0,2900.4292319883725,2900.4292319883725,2961.955360706663,2907.5376031068417,2911.725791887213,2835.454839388287,3009.58183312846,2790.049168694991,3006.969888404848,2798.920033054227,2945.623181737983,2896.7423490928622,2876.8178666666663,2939.72995,2867.384021780487,2783.1899232084834,2891.713573134779,2891.713573134779,2758.0234,2758.0234,2876.8178666666663,2876.8178666666663,2716.8371611803136,2716.8371611803136,2758.0234,3121.4365,3113.0
T000021,2005-09-30,3005.5774,2601.5742,2677.139,1759.1212,2709.608,3173.0,2788.297652707072,2810.190422031532,2861.4446479894627,2744.6795633421716,2864.8514761863084,2753.490126539891,2946.155819912944,2712.030252253454,2932.8771891997226,2693.6402813261184,2842.446915072601,2785.2250082229316,2761.4302,2761.4302,2816.1132764956706,2890.223823829102,2777.9410242708273,2805.677891239678,2677.139,2677.139,2761.4302,2797.4414666666667,2793.5265145847334,2793.5265145847334,2677.139,2677.139,3411.0
T000021,2005-12-31,2779.106,3237.43,2594.873,1718.3381,2343.6016,2147.0,2832.2026397400505,2589.8927941905513,2698.2567165387563,2471.631339890412,2675.0247135273426,2489.866597401874,2724.306752317782,2529.3712276626666,2722.4832835906027,2584.5946230013583,2729.534637072601,2585.5484354259565,2870.469666666667,2870.469666666667,2652.149322025229,2633.7109946877144,2832.298153300092,2594.1855246436894,2594.873,2594.873,2870.469666666667,2572.5268666666666,2568.787767345535,2568.787767345535,2594.873,2594.873,2226.0
T000021,2006-03-31,2773.2363,2402.1543,2589.7007,1801.9681,1306.1914,2193.0,2614.69398800553,2279.5051355057103,2692.6930653480676,1849.170838548699,2573.1520117546793,1918.3020839234025,2636.3391166665433,2198.2794316431186,2656.0884889375648,2504.566825035178,2673.179949673105,2312.2117951823693,2588.3637666666664,2588.3637666666664,2567.4765374595445,2365.3615690898873,2607.6537646696943,2309.9443653642284,2589.7007,2589.7007,2588.3637666666664,2223.0427999999997,2213.4018412198675,2213.4018412198675,2589.7007,2589.7007,2074.0
T000021,2006-06-30,3171.2993,2764.727,2605.7832,1819.0913,1765.1487,2885.0,2871.0219097092313,2570.011245782938,2923.126760494064,2186.025565455753,2845.345109356492,2245.4203275551317,2997.5654959804133,2382.831187071567,2993.4155631930953,2569.206691996524,2908.112620574819,2559.1613946948523,2847.2698333333333,2847.2698333333333,2776.27600118086,2767.094855808967,2855.681465005914,2584.9439157968036,2605.7832,2605.7832,2847.2698333333333,2514.0770666666667,2502.202604142511,2502.202604142511,2605.7832,2605.7832,2917.0
T000022,2005-09-30,2068.5425,2000.2178,1993.6825,1858.4475,2012.2294,2112.0,2025.211423673092,2025.211423673092,2035.6907451031643,2035.9243841060916,2037.5072115069097,2042.4667824687467,2055.8866474283273,2043.9237630575108,2052.6274286757302,2047.9446605015626,2032.8152219000299,2034.912455982692,2020.8142666666665,2024.8181333333332,2026.2138333930293,2014.138952219926,2023.6375835586016,2023.6375835586016,1993.6825,2068.5425,2020.8142666666665,2020.8142666666665,2022.8898817674763,2022.8898817674763,1993.6825,2012.2294,2081.0
T000022,2005-12-31,2042.8743,2090.7317,1978.269,1849.1927,1988.6713,1946.0,2033.1761225879486,2033.1761225879486,2014.522744020351,2014.7243779754112,2015.5675305050881,2020.2927926108698,2031.5056907381818,2021.5707839053102,2028.8099084790103,2025.023534787511,2018.5811438151818,2013.6720560449735,2037.2916666666665,2003.2715333333333,2005.9139978178405,1994.9142178613838,2030.524294131074,2030.524294131074,1978.269,2042.8743,2037.2916666666665,2037.2916666666665,2001.2744317827865,2001.2744317827865,1978.269,1988.6713,1956.0
T000022,2006-03-31,2020.7573,1927.8599,1974.917,1867.6051,1896.9272,1797.0,1980.9849698776206,1980.9849698776206,2000.640624873131,2000.7836930268295,1993.4168240486285,2003.5499324323432,2005.8900162895388,2004.770471736921,2005.7591977976917,2006.9561350094657,1995.7538152028126,1997.3099404573989,1974.5113999999999,1964.2005,1987.9812637217963,1971.3562946298034,1980.639537955818,1980.639537955818,1974.917,2020.7573,1974.5113999999999,1974.5113999999999,1957.7106697912675,1957.7106697912675,1974.917,1896.9272,1813.0
T000022,2006-06-30,2106.2998,2037.9958,1978.1561,1871.7983,1921.8788,2053.0,2044.7413924167804,2044.7413924167804,2050.0648891801543,2050.4648272819363,2044.9614609202597,2060.442321463302,2077.6235502385016,2063.25985375074,2073.8818626579573,2069.870305893917,2048.121304899155,2045.920742524228,2040.817233333333,2002.1115666666665,2027.0877231046254,1997.323784237507,2041.4581619404992,2041.4581619404992,1978.1561,2106.2998,2040.817233333333,2040.817233333333,1993.580279564546,1993.580279564546,1978.1561,1921.8788,2173.0
T000023,2005-09-30,1032.9866,951.3283,1070.7852,815.5422,1141.3553,991.0,1023.9678815242478,1023.9678815242478,1049.5742348202448,1070.7852,1056.1150162633235,1072.0217259858464,1045.7445724219872,1071.4940939433159,1045.7217349832883,1071.0305534780039,1043.9146522886645,1063.848100193085,1018.3666999999999,1009.2275666666667,1060.4933035459958,1080.0948466709046,1029.1093225071106,1029.1093225071106,1070.7852,1070.7852,1018.3666999999999,1018.3666999999999,1085.343740478196,1085.343740478196,1070.7852,1141.3553,1068.0
T000023,2005-12-31,1049.6766,1118.8717,1067.7833,797.1176,958.8366,907.0,1073.8987555935414,1073.8987555935414,1057.6225907880114,1067.7833,1047.4370068258722,1063.3228435611873,1044.4162307078752,1066.665094376659,1047.3849778792605,1066.6719269298062,1061.5426754693858,1047.5611384338392,1078.7772,941.2458333333334,1051.8988275771437,1060.226347473396,1074.1538899258558,1074.1538899258558,1067.7833,1067.7833,1078.7772,1078.7772,1023.52166153894,1023.52166153894,1067.7833,958.8366,978.0
T000023,2006-03-31,1170.1816,982.67584,1098.2631,827.7267,984.2336,1432.0,1096.9867529617568,1096.9867529617568,1138.6207005270094,1098.2631,1128.064350120962,1093.6435129238166,1147.5198604136394,1097.1210219544698,1147.1407862101828,1097.1139366407176,1128.3971591113095,1113.8584830697582,1083.7068466666665,970.0744666666666,1119.398597241752,1098.9952793136135,1094.1932440563226,1094.1932440563226,1098.2631,1098.2631,1083.7068466666665,1083.7068466666665,1077.8282401706947,1077.8282401706947,1098.2631,984.2336,1558.0
T000023,2006-06-30,1138.6761,891.29224,1085.2919,835.58856,991.2575,1024.0,1055.8314037133175,1055.8314037133175,1115.248840398562,1085.2919,1106.5367411430925,1081.3802331405795,1121.1064157030664,1084.3482411093312,1121.0210689888343,1084.3149201060505,1101.0356460445594,1095.7563572831687,1038.4200799999999,970.7126533333334,1100.2598223871112,1090.9398909076886,1055.9633242242153,1055.9633242242153,1085.2919,1085.2919,1038.4200799999999,1038.4200799999999,1066.7525386333893,1066.7525386333893,1085.2919,991.2575,1172.0
T000024,2005-09-30,5060.951,4758.248,4639.2773,3683.8235,5150.2524,5183.0,4835.848971722777,4835.848971722777,4875.902629189931,4995.48517793288,4924.06143674222,5003.844578173747,5022.04540232515,5017.112025501586,4995.201754482195,4978.108510005228,4864.735294614048,4910.5454828425645,4819.4920999999995,4819.4920999999995,4853.7145909481405,5124.318699198053,4820.744937372058,4820.744937372058,4639.2773,4639.2773,4819.4920999999995,4819.4920999999995,4958.525838928989,4958.525838928989,4639.2773,5060.951,5252.0
T000024,2005-12-31,4833.243,4903.827,4560.218,3634.9006,4739.248,4319.0,4755.7758162864975,4755.7758162864975,4713.428006936835,4744.025803560439,4730.445357173704,4751.741194441859,4795.958557497153,4768.290935152788,4781.746728958726,4748.34248981169,4722.518131808001,4709.237333452798,4765.7626666666665,4765.7626666666665,4687.411844802399,4842.13015259681,4753.049246534339,4753.049246534339,4560.218,4560.218,4765.7626666666665,4765.7626666666665,4715.73754124653,4715.73754124653,4560.218,4833.243,4323.0
T000024,2006-03-31,4736.176,4755.6646,4549.1436,3733.7646,3613.1226,3861.0,4675.714765112702,4675.714765112702,4654.098220644311,4348.501312343875,4566.981996627059,4369.845216630231,4626.300065627583,4436.68561799747,4638.662094509075,4460.017408061525,4658.558147125874,4465.58873435565,4680.328066666667,4680.328066666667,4555.03768990223,4462.259151780541,4673.083290989674,4673.083290989674,4549.1436,4549.1436,4680.328066666667,4680.328066666667,4298.73398488905,4298.73398488905,4549.1436,4736.176,3720.0
T000024,2006-06-30,5197.124,4953.008,4564.8,3752.2495,4224.7505,4874.0,4913.310245702591,4913.310245702591,4919.6333098665955,4757.706846007292,4888.633237582482,4787.023196496365,5050.654424060401,4864.918454831723,5033.492533546717,4845.091942313811,4915.732147761879,4777.592793193686,4904.977333333332,4904.977333333332,4801.468164168912,4976.428302105378,4896.2117766674955,4896.2117766674955,4564.8,4564.8,4904.977333333332,4904.977333333332,4670.528378346754,4670.528378346754,4564.8,5197.124,4966.0
T000025,2005-09-30,1041.3074,915.50507,910.1943,431.96588,1169.468,1230.0,965.4806007626487,1034.189278998122,983.7693900485667,969.3412164659142,1008.1104211462653,1045.450313285643,1037.207797916178,1028.6590686378597,1026.7656341442491,993.8035771488203,978.3574409553414,1032.9132554250587,955.6689233333333,955.6689233333333,984.5742466280651,1041.6207710929166,957.7683834818258,1035.6290073476182,910.1943,910.1943,955.6689233333333,1040.3232333333333,1044.310024547471,1044.310024547471,910.1943,1169.468,1356.0
T000025,2005-12-31,925.4976,1035.8417,861.8296,410.63635,906.97253,652.0,935.2124920650007,900.2190505583972,897.557371162547,834.1830213792359,901.8423964857421,890.5069809296475,917.0734400761303,890.450358157511,913.6884710376277,883.7899604750661,905.4250329019355,893.7341435419225,941.0562999999999,941.0562999999999,891.7509887686152,894.0369347402634,935.7406772189483,897.7255238967848,861.8296,861.8296,941.0562999999999,898.0999099999999,898.9874510700583,898.9874510700583,861.8296,906.97253,690.0
T000025,2006-03-31,903.9591,899.41705,852.83246,451.31873,42.849792,590.0,886.4743495840953,654.9988644165967,881.5225538341069,472.5673639542438,806.0095724690475,488.1328990733973,829.7821345442846,572.9329476964878,844.7275165788448,675.1489184363578,882.1374708299803,588.3323284314223,885.4028699999999,885.4028699999999,811.9226411728692,664.9484527930655,884.5765888241333,619.5424380836374,852.83246,852.83246,885.4028699999999,599.8804506666667,589.6072467910843,589.6072467910843,852.83246,42.849792,606.0
T000025,2006-06-30,1086.527,1036.4427,865.15717,460.90714,442.5042,974.0,1002.5638883951278,842.0177215991865,989.380494567003,646.6493618139443,950.2011951814101,699.299375383052,1011.0639286719949,757.2159076452549,1011.3929425812162,807.7323972450497,990.1806978228458,777.3748342523,996.04229,996.04229,924.7144355463587,892.8126838934288,993.5886908450082,810.4341128193485,865.15717,865.15717,996.04229,798.06279,793.6241119372252,793.6241119372252,865.15717,442.5042,1026.0
T000026,2005-09-30,923.62634,808.56555,758.9133,303.73483,1052.9797,1079.0,840.3661494243858,840.3661494243858,851.3432459792591,986.4764734840617,878.9690658257349,1012.5672034713816,915.9548158989023,1011.0113798226525,903.4973193799425,970.1928712992931,847.1757961112727,859.5957783141502,830.3683966666666,830.3683966666666,849.9255970981158,1017.5514874655084,828.9809688791233,828.9809688791233,758.9133,758.9133,830.3683966666666,830.3683966666666,917.5605689359115,917.5605689359115,758.9133,1052.9797,1182.0
T000026,2005-12-31,819.13214,910.407,714.14056,276.88492,935.57837,580.0,810.7209836920043,810.7209836920043,773.0573650548824,883.8784763049088,793.8382709793191,903.607295772455,816.9501333686162,901.4719798706407,808.2999056000631,870.2829095517957,780.4793196817747,782.6956168740442,814.5599,814.5599,774.7622917669935,895.9412635635163,807.942200464659,807.942200464659,714.14056,714.14056,814.5599,814.5599,828.0526016634498,828.0526016634498,714.14056,935.57837,617.0
T000026,2006-03-31,753.13574,826.1999,705.6121,332.43228,133.71729,324.0,757.942085499666,757.942085499666,732.2803436189495,294.38095845129254,678.9769231668777,242.05630385394014,698.6054412935418,263.70119307120984,708.7194063535549,351.815254954133,737.5836266781702,650.0823731816308,761.6492466666666,761.6492466666666,681.4751641401826,452.97788906212844,757.5480231198932,757.5480231198932,705.6121,705.6121,761.6492466666666,761.6492466666666,504.3490556234634,504.3490556234634,705.6121,133.71729,309.0
T000026,2006-06-30,978.3944,981.4121,715.59796,344.44147,443.17038,867.0,896.1776544316527,896.1776544316527,863.0681345092045,540.1578539277444,837.9525392732104,514.1984394976641,907.077295983864,536.6649221033394,902.6812513853821,584.3390322524294,867.8429814915756,780.7264536441858,891.8014866666666,891.8014866666666,803.8978922893348,758.7040004868184,883.0890972226066,883.0890972226066,715.59796,715.59796,891.8014866666666,891.8014866666666,689.7576268992372,689.7576268992372,715.59796,443.17038,913.0
T000027,2005-09-30,8127.649,7030.234,6993.087,2893.9587,8519.59,9519.0,7443.389485023768,7443.389485023768,7629.754894479514,8519.59,7773.482184236405,8404.783914393476,8035.050853620662,8507.548439563165,7959.659170387487,8408.160797926914,7582.384335535709,7788.465965803445,7383.656666666668,7383.656666666668,7581.6937148622965,8442.228634377183,7391.978985942978,7391.978985942978,6993.087,6993.087,7383.656666666668,7383.656666666668,7891.984844978477,7891.984844978477,6993.087,8519.59,10035.0
T000027,2005-12-31,7196.192,8574.13,6612.125,2692.1653,7619.9365,5088.0,7358.878616235888,7358.878616235888,6939.878535835826,7619.9365,7034.579027276248,7523.128591251228,7166.2057966662505,7610.74040988149,7122.761197556451,7538.2217240286345,7034.44176970417,7088.182143181273,7460.8156666666655,7460.8156666666655,6932.17054922297,7490.2018869726235,7411.656050383298,7411.656050383298,6612.125,6612.125,7460.8156666666655,7460.8156666666655,7152.973494433891,7152.973494433891,6612.125,7619.9365,5425.0
T000027,2006-03-31,6907.38,6472.5293,6553.514,3107.4973,1846.4773,4093.0,6669.426921392282,6669.426921392282,6752.0885346203095,1846.4773,6313.326623480365,1921.9993705275947,6465.601715702634,1912.7054785212276,6550.2760689989955,2380.3349451496324,6731.646347604268,5246.473653133116,6644.474433333334,6644.474433333334,6339.360011601064,5695.759821137007,6649.616529229243,6649.616529229243,6553.514,6553.514,6644.474433333334,6644.474433333334,5010.226583201855,5010.226583201855,6553.514,1846.4773,4128.0
T000027,2006-06-30,8698.327,7802.9355,6640.4595,3192.49,3855.9565,7749.0,7747.4619644182385,7747.4619644182385,7795.247134649162,3855.9565,7537.816776984465,3876.2314886105896,8087.99062457912,3909.0969303291818,8067.159704593512,4263.062536995304,7776.371866918076,6416.951035487912,7713.907333333333,7713.907333333333,7281.933183824643,7613.700376647288,7698.878871798954,7698.878871798954,6640.4595,6640.4595,7713.907333333333,7713.907333333333,6317.0033848356325,6317.0033848356325,6640.4595,3855.9565,8040.0
T000028,2005-09-30,2916.2249,2612.3557,2719.871,2154.7063,2605.4968,2875.0,2770.798717887647,2770.798717887647,2830.056449614777,2785.741292092054,2819.610945330638,2807.84229954886,2870.0426996076226,2790.9290534124,2864.896719756569,2775.813612945195,2814.8822027399256,2815.913071184284,2749.4838666666665,2749.4838666666665,2792.6892260607565,2693.9582678342845,2761.4873945936943,2761.4873945936943,2719.871,2719.871,2749.4838666666665,2749.4838666666665,2744.897385073623,2744.897385073623,2719.871,2719.871,2971.0
T000028,2005-12-31,2822.7026,2986.84,2698.3962,2126.2112,2546.442,2638.0,2819.6712547687057,2819.6712547687057,2768.1516597794816,2796.965812274836,2754.1171247604116,2769.5904030630327,2787.1290562828904,2751.160802591411,2785.5316718033114,2744.5674974645403,2780.3718486089333,2779.27292602442,2835.9796,2835.9796,2738.391288118174,2730.8910035191693,2820.3455057643055,2820.3455057643055,2698.3962,2698.3962,2835.9796,2835.9796,2689.351097225714,2689.351097225714,2698.3962,2698.3962,2664.0
T000028,2006-03-31,2790.51,2580.0005,2694.3613,2182.8972,2229.8005,2498.0,2703.8867861520102,2703.8867861520102,2748.3158572528805,2716.7717019359884,2705.0826291561843,2734.75477182511,2735.349833538798,2727.809625792241,2741.3578430300886,2719.8929002262257,2737.107167297311,2737.915154378134,2688.2906000000003,2688.2906000000003,2698.6670004682883,2668.3886685555194,2698.1901745804566,2698.1901745804566,2694.3613,2694.3613,2688.2906000000003,2688.2906000000003,2578.7873199730852,2578.7873199730852,2694.3613,2694.3613,2442.0
T000028,2006-06-30,2993.4055,2728.1934,2698.9858,2192.253,2281.981,2779.0,2822.903724526869,2822.903724526869,2864.2016017739797,2828.1289517680443,2825.6332313389694,2839.1728920013575,2904.600790828078,2809.6879488387713,2902.0092710834197,2788.61282912066,2853.106915976332,2853.7170979414286,2806.8615666666665,2806.8615666666665,2789.3323908527605,2694.3198064600365,2812.450666738065,2812.450666738065,2698.9858,2698.9858,2806.8615666666665,2806.8615666666665,2659.696633599907,2659.696633599907,2698.9858,2698.9858,3060.0
T000029,2005-09-30,3093.148,2708.349,2842.7292,2376.7256,2815.888,2992.0,2908.578915294119,2908.578915294119,2983.2535698749707,2979.9760066434465,2981.037066732822,2985.702893209592,3043.7315298030626,3021.1407614475643,3034.68419894218,2998.1136764473586,2964.068861322996,2968.422284871227,2881.408733333333,2967.938599999989,2944.7311230316586,2948.015953709296,2896.730276551966,2896.730276551966,2842.7292,2842.7292,2881.408733333333,2881.408733333333,2927.813989395896,2927.813989395896,2842.7292,3093.148,3282.0
T000029,2005-12-31,3007.1726,3112.2905,2814.8093,2354.817,2613.7463,2694.0,2964.7327645295645,2964.7327645295645,2922.755394780304,2920.237680937834,2904.2172012323995,2908.9418847482357,2954.8380535772626,2938.0583564948315,2951.6546481468795,2919.099525197293,2932.55092883667,2898.6956081607636,2978.0908,2910.990949999978,2879.317005634667,2847.306066724019,2963.0233300504956,2963.0233300504956,2814.8093,2814.8093,2978.0908,2978.0908,2829.723773733358,2829.723773733358,2814.8093,3007.1726,2925.0
T000029,2006-03-31,2980.5825,2626.3208,2816.7278,2399.9521,2147.1663,2610.0,2834.409063514604,2834.409063514604,2908.676082112015,2906.5314981589236,2846.3940095285434,2853.568115296735,2896.3089995878922,2883.6005512574966,2903.998410026885,2863.9438068751774,2889.849004901574,2853.202451788788,2807.877033333333,2898.6551499999455,2833.437648785654,2710.8047017800945,2824.765688285669,2824.765688285669,2816.7278,2816.7278,2807.877033333333,2807.877033333333,2690.128901049221,2690.128901049221,2816.7278,2980.5825,2813.0
T000029,2006-06-30,3162.394,2849.361,2820.514,2407.6516,2362.605,2974.0,2963.047574310817,2963.047574310817,3012.3625016814035,3007.8878643235307,2970.0322949551974,2979.0649614015406,3061.3704502668625,3031.8683115324175,3057.8118646569915,2997.465577841204,2999.169027409731,2962.542300313453,2944.0896666666663,2991.4539999999547,2927.4438781578083,2851.3050418406583,2950.7880871776433,2950.7880871776433,2820.514,2820.514,2944.0896666666663,2944.0896666666663,2818.9064658281545,2818.9064658281545,2820.514,3162.394,3227.0
T000030,2005-09-30,1212.0813,1090.374,1031.2212,429.06985,1377.2247,1384.0,1122.2554019962442,1122.2554019962442,1132.712188647914,1287.3335469444114,1165.202319649349,1303.8033932412905,1205.4986495776861,1353.1741643808743,1191.3375611021784,1325.8977654526575,1128.4198485990369,1165.0086406248424,1111.2255,1111.2255,1132.9289035010606,1344.5731611735039,1111.0518204798916,1111.0518204798916,1031.2212,1031.2212,1111.2255,1111.2255,1211.8934411325647,1211.8934411325647,1031.2212,1377.2247,1464.0
T000030,2005-12-31,1081.7083,1290.3901,974.55414,400.8261,1161.7706,725.0,1106.070802334725,1106.070802334725,1034.6844928867713,1094.7913369745806,1052.2750171717807,1106.6576915343603,1076.3918817405088,1149.116994895922,1068.3729925165067,1134.7027647993875,1049.3322436087487,1050.4433123700449,1115.5508466666665,1115.5508466666665,1033.4484943168825,1175.0216528607075,1106.8101193367113,1106.8101193367113,974.55414,974.55414,1115.5508466666665,1115.5508466666665,1075.3589482887123,1075.3589482887123,974.55414,1161.7706,826.0
T000030,2006-03-31,1040.2224,1022.5283,970.0388,453.9046,-15.462769,615.0,1013.5255009843772,1013.5255009843772,1009.422848504174,75.50412669400257,917.5557777634616,55.187019121933226,948.4654460163305,75.69361728742763,966.3433239768293,175.08287113311752,1009.5654109348336,809.3492975274139,1010.9298333333334,1010.9298333333334,923.57934179006,733.0094688922939,1009.9538627312465,1009.9538627312465,970.0388,970.0388,1010.9298333333334,1010.9298333333334,647.2863320022982,647.2863320022982,970.0388,-15.462769,623.0
T000030,2006-06-30,1297.7811,1202.5278,980.97363,468.6262,396.64896,1183.0,1173.0216491313213,1173.0216491313213,1158.7524952187205,435.3215411695428,1104.5988365160715,425.73416423506586,1191.4207031066953,461.34887480080135,1191.46274928229,530.4811449166926,1158.4542565719144,989.30692254446,1160.42751,1160.42751,1067.783868662352,1067.2698108122913,1156.4952015901595,1156.4952015901595,980.97363,980.97363,1160.42751,1160.42751,879.8055808881737,879.8055808881737,980.97363,396.64896,1267.0
T000031,2005-09-30,320.31604,303.66757,306.70496,250.6283,357.19357,333.0,312.5886940366632,312.5886940366632,314.34291865293585,311.53706883041514,319.06917059240004,307.7740668421338,321.7683096471634,308.0053067976564,320.19224793366766,310.6153826319696,313.5613825803922,313.0357668045208,310.2295233333333,322.40607501140965,316.2353863517461,303.08228377895176,310.93562155143246,310.93562155143246,306.70496,306.70496,310.2295233333333,310.2295233333333,329.6803580206851,328.3039610274301,306.70496,320.31604,314.0
T000031,2005-12-31,311.83954,289.90567,303.13388,245.91241,305.6144,294.0,304.0767785844828,304.0767785844828,308.0191257796529,306.22450150546405,308.2605643220631,303.0041686468032,310.3935414215916,303.6688839663281,310.0077628919987,304.7167076537323,306.82832105529087,306.80660547047916,301.6263633333333,299.5310387950575,306.9418677575624,297.31408273939,302.93657202404415,302.93657202404415,303.13388,303.13388,301.6263633333333,301.6263633333333,307.2827417593172,303.4009721925822,303.13388,311.83954,287.0
T000031,2006-03-31,309.25504,325.47058,301.6502,253.81892,253.68048,290.0,311.3146173397829,311.3146173397829,305.9177124591283,304.3500162172211,301.4508563558713,301.61897045075017,303.9979317158499,302.147489032129,304.7074441467796,301.4885540826888,307.0433078138387,304.89649751649927,312.1252733333333,293.7339315111337,301.1293493220675,296.9197192842865,310.57844908293754,310.57844908293754,301.6502,301.6502,312.1252733333333,312.1252733333333,287.53826680166907,294.6745475643594,301.6502,309.25504,272.0
T000031,2006-06-30,326.59363,310.0272,303.06744,256.06332,293.5193,294.0,316.28855824639464,316.28855824639464,316.2693362845794,311.4195406742318,315.40552799246365,306.81713457146833,321.39134233889695,306.0086430933224,320.68803426741835,306.8442908501002,315.66600371347437,314.8900573620379,313.22942333333333,302.23369465016026,312.11106348154726,304.9942887576576,313.52097988828154,313.52097988828154,303.06744,303.06744,313.22942333333333,313.22942333333333,308.5302453142123,310.4041538369284,303.06744,326.59363,278.0
T000032,2005-09-30,1964.4897,1649.2074,1667.5802,-380.6046,3346.7566,3148.0,1781.6663185609475,2287.301742275534,1834.1931715396477,2439.085930660129,1991.2022884269138,2487.732106293685,2042.1998288696861,2831.375684199751,1995.758823823567,2655.4191936580924,1820.0765176516265,2369.20567552565,1760.4257666666665,1760.4257666666665,1919.8157600349928,1534.1197136085987,1761.882936444643,2313.208626173825,1667.5802,1667.5802,1760.4257666666665,2326.2754999999997,2332.085363462307,2332.085363462307,1667.5802,3346.7566,3008.0
T000032,2005-12-31,1503.7838,1698.8906,1458.2664,-490.52185,2709.0908,754.0,1540.624700869864,1852.8810420397672,1483.808827139444,1968.1681771197777,1600.5636032734171,1998.4184121296107,1594.8327893360606,2310.9707599400103,1566.977785145257,2171.2018250413184,1496.5489044331985,1946.8801857269175,1553.6469333333332,1553.6469333333332,1573.165491775063,1145.4874198551563,1548.2756823492452,1881.403827159956,1458.2664,1458.2664,1553.6469333333332,1890.3803333333333,1896.2474275798818,1896.2474275798818,1458.2664,2709.0908,710.0
T000032,2006-03-31,1307.1179,1795.1312,1395.9407,-275.67688,-2077.9558,224.0,1466.716634493092,314.3260305691856,1346.0971259531211,-1105.1036607737772,1021.878978705604,-1289.351438690363,1047.1516086884246,-969.2214154054404,1123.070649677447,-579.1816055644094,1374.4234318132192,46.203519451732404,1499.3966,1499.3966,1092.454492890372,-98.47668297553207,1489.9129854822793,233.1358999331743,1395.9407,1395.9407,1499.3966,208.36760000000004,191.74356979097104,191.74356979097104,1395.9407,-2077.9558,206.0
T000032,2006-06-30,2105.7222,2150.878,1461.908,-218.44287,-477.78552,1656.0,1903.492804220667,1122.5385105474998,1823.1891209524144,-48.98099656722212,1642.9547646077372,-162.42744658565542,1829.6532955953214,197.39007326091053,1845.4402238582804,449.51156363635283,1837.198783993524,842.6016789805154,1906.1693999999998,1906.1693999999998,1580.5992861623463,658.224253412841,1892.5799576315283,1040.7893373666966,1461.908,1461.908,1906.1693999999998,1029.9482266666664,1014.589359076974,1014.589359076974,1461.908,-477.78552,1623.0
T000033,2005-09-30,198.937,176.6207,197.59769,101.132,201.2545,180.0,191.8961191850633,191.8961191850633,198.3492537556655,199.54870689502076,198.69197492912247,198.08378657210304,198.9754495088167,197.4873869914904,198.8477361686869,198.17459749152468,197.00637223223333,198.57397765944546,191.05179666666663,201.2545,198.4348528658009,192.3631178601638,192.33848912509296,192.33848912509296,197.59769,197.59769,191.05179666666663,191.05179666666663,199.39242478970988,199.39242478970988,197.59769,201.2545,175.0
T000033,2005-12-31,220.4797,125.3242,216.61575,94.839905,226.59976,303.0,190.97495876470356,190.97495876470356,218.78403424614442,221.8342631829608,219.7199873868233,216.76002307634084,220.54553977234,215.45765449885343,220.18889708291468,218.2014230620806,213.025803059062,219.38178773123866,187.47321666666664,226.59976,218.98755738847277,192.86777578015975,193.02133491906363,193.02133491906363,216.61575,216.61575,187.47321666666664,187.47321666666664,221.5695520959338,221.5695520959338,216.61575,226.59976,289.0
T000033,2006-03-31,202.666,189.7271,200.02747,105.31359,156.18703,163.0,198.06227202235993,198.06227202235993,201.5081007100194,175.80425040369187,197.42080073520935,185.0970742124625,198.67545956953995,194.75543878027023,199.4893187391856,194.06441033083738,200.76202586270526,197.38909479115372,197.47352333333333,156.18703,197.75973514366223,190.0142741012274,198.1573030678213,198.1573030678213,200.02747,200.02747,197.47352333333333,197.47352333333333,183.35613022110468,183.35613022110468,200.02747,156.18703,173.0
T000033,2006-06-30,206.3905,183.22955,203.75853,109.075714,135.43164,172.0,198.7353156281067,198.7353156281067,205.23547951728796,165.99153639125808,198.86357547182067,180.33335639129822,200.45057114181978,195.4291438095205,201.77579200013238,194.38940541034964,203.86346390117993,198.92868135262125,197.79286,135.43164,199.6090562152128,186.90855759937926,199.08673847067035,199.08673847067035,203.75853,203.75853,197.79286,197.79286,177.39200966559832,177.39200966559832,203.75853,135.43164,204.0
T000034,2005-09-30,320.65976,286.64612,292.02353,159.68668,360.3206,392.0,303.2401753420798,303.2401753420798,308.09296319089754,309.80307706010876,314.49801984529375,308.302517363094,320.6939782144128,301.02096954642826,318.1697409987427,302.9431624051795,306.5107110455022,318.26834695707794,299.77647,299.77647,309.16422845037675,318.5310787557691,300.8476902757123,300.8476902757123,292.02353,292.02353,299.77647,299.77647,325.7144713907801,325.7144713907801,292.02353,360.3206,395.0
T000034,2005-12-31,291.7748,296.26205,278.24908,152.5372,323.26596,236.0,289.33471224088765,289.33471224088765,285.8391382548327,288.196528772051,290.05477728429673,287.5947641578851,292.80729920985027,283.0408668841279,291.34872481565765,284.20771404673775,286.3501067950388,293.59680239511147,288.76197666666667,288.76197666666667,287.32415167296335,294.055430346676,287.84530092504036,287.84530092504036,278.24908,278.24908,288.76197666666667,288.76197666666667,298.803956937562,298.803956937562,278.24908,323.26596,234.0
T000034,2006-03-31,278.75916,281.38095,274.05124,166.81416,100.41243,186.0,278.20830372498426,278.20830372498426,276.6931242811393,254.51967991924204,260.49795765591847,252.7226434953342,264.0379947033158,267.6763219866109,267.4817638179582,264.2402828298686,276.935868711603,235.59804649234246,278.06378333333333,278.06378333333333,262.68312358425885,230.79384778383795,277.67134916528175,277.67134916528175,274.05124,274.05124,278.06378333333333,278.06378333333333,212.33205852606804,212.33205852606804,274.05124,100.41243,183.0
T000034,2006-06-30,328.92706,323.63223,278.3154,169.92044,190.96042,295.0,313.5772383263602,313.5772383263602,306.71650898153916,284.4668978936379,298.6244162153119,280.0699441090871,312.412914804143,285.37784361811595,312.2945189121057,284.55228441487367,307.27634358852794,276.5662501294922,310.29156333333333,310.29156333333333,292.6437499034416,271.5749867427455,308.39020691957126,308.39020691957126,278.3154,278.3154,310.29156333333333,310.29156333333333,262.1634817657775,262.1634817657775,278.3154,190.96042,286.0
T000035,2005-09-30,470.6053,414.30145,429.48782,317.42108,403.4723,437.0,444.0313027556375,444.0313027556375,452.5611993463059,454.8694170608795,450.1811939781638,459.06647709477835,460.77001769962527,462.7368045094366,459.7355270278209,462.33373748600206,449.8322719818865,448.8967130932865,438.1315233333333,470.6053,444.5778562580466,442.72108524072206,440.7159330309157,440.7159330309157,429.48782,470.6053,438.1315233333333,438.1315233333333,438.86260678895997,440.0839222647169,429.48782,470.6053,456.0
T000035,2005-12-31,458.89822,488.34747,427.11298,313.08258,361.1765,419.0,454.8692042870944,454.8692042870944,444.94950354505613,446.73383600001137,438.8341300566076,448.5641732053883,447.64467156150806,452.1768721139933,447.80149978269804,454.27086936137465,447.3076516886334,438.1421721617695,458.11955666666665,458.89822,435.26159169165277,425.0786881422895,455.2476253203956,455.2476253203956,427.11298,458.89822,458.11955666666665,458.11955666666665,421.41210227671536,459.4075512818471,427.11298,458.89822,443.0
T000035,2006-03-31,457.50766,393.72897,427.75513,321.7781,310.73514,400.0,433.06555317388734,433.06555317388734,444.4509832284164,446.12120515834454,433.5671597552839,446.127974387096,442.56849244930055,450.445363975118,443.8695829700382,450.9645913978569,441.06591838601787,433.2826751847003,426.33058666666665,457.50766,431.13906085383695,411.05121381470576,429.73800781841067,429.73800781841067,427.75513,457.50766,426.33058666666665,426.33058666666665,406.79387428327243,427.81319435494356,427.75513,457.50766,435.0
T000035,2006-06-30,492.57434,413.3477,427.8073,323.18112,332.6455,454.0,452.85685133038635,452.85685133038635,464.15180562284877,467.78764198851354,455.3476011265469,472.7266910126822,472.76580193029713,479.4249041307427,472.26727249186985,479.77430218073465,460.4325440734365,453.68020769971093,444.5764466666666,492.57434,447.4188529617446,434.15125043829653,448.01593801636363,448.01593801636363,427.8073,492.57434,444.5764466666666,444.5764466666666,427.26492581160437,447.6231178495233,427.8073,492.57434,483.0
T000036,2005-09-30,628.2179,579.8129,585.54706,484.71094,553.2807,596.0,602.0569836811202,602.0569836811202,609.492118849558,605.791819268667,606.5306925575351,601.904985631105,617.5913971622388,600.2093023057477,616.6277850201943,603.6996657660972,607.2739155574066,604.6985751746712,597.8592866666665,606.88248,600.8029258843665,579.5173894923788,599.9005461285095,599.9005461285095,585.54706,628.2179,597.8592866666665,597.8592866666665,594.6760802533,599.9859195533207,585.54706,628.2179,607.0
T000036,2005-12-31,619.1675,644.6526,584.40985,480.4487,518.7139,587.0,613.8936332216331,613.8936332216331,603.9143634973284,600.9002743036833,597.8248475912975,596.1774002564189,607.3719311334504,595.9425144805986,607.4096989588501,598.1788059418825,606.0817310012744,596.8408646812006,616.07665,601.788675,593.8121053638345,584.1170423505516,613.0419924773294,613.0419924773294,584.40985,619.1675,616.07665,616.07665,582.1875312825789,614.8125075740921,584.40985,619.1675,562.0
T000036,2006-03-31,608.02496,554.2598,583.7964,489.05566,506.34305,536.0,586.6786300025361,586.6786300025361,597.3924364276879,595.2914013786102,590.1938494356799,590.7486929206366,597.2806373809367,591.5057524409184,597.9677795873072,592.5772021787158,594.5239479440088,589.9162922478317,582.0270533333332,595.91068,587.9210620413518,566.6943972835534,585.087849692065,585.087849692065,583.7964,608.02496,582.0270533333332,582.0270533333332,574.4892207042788,584.4476725570948,583.7964,608.02496,496.0
T000036,2006-06-30,650.4658,583.43884,583.722,490.7597,506.16653,616.0,611.6917667231734,611.6917667231734,621.1757791813596,615.3879377616203,614.0165247830153,608.2384234339265,631.6866023969774,606.3739065832572,630.7447323486294,611.4163703233331,618.2379473533096,611.5001775016035,605.8755466666667,617.0939,605.5060505826526,571.4785390288448,608.439846310288,608.439846310288,583.722,650.4658,605.8755466666667,605.8755466666667,591.3636952620739,608.8009876142512,583.722,650.4658,624.0
T000037,2005-09-30,1116.1033,888.80774,852.1946,58.823853,973.4579,1402.0,971.9519660228008,971.9519660228008,1000.2889274707119,930.3136655892554,1011.9061423811418,950.62923719217,1075.9382044607732,920.9675725197217,1063.2819073316057,934.2341946016819,990.982696300928,950.2189748699119,952.3685466666666,952.3685466666666,971.1673284049838,947.59703173735,952.8133573377481,952.8133573377481,852.1946,852.1946,952.3685466666666,952.3685466666666,979.5305586286534,979.5305586286534,852.1946,973.4579,1746.0
T000037,2005-12-31,948.521,1112.2664,771.4004,19.12799,733.875,472.0,938.3132704478919,938.3132704478919,870.7929404437556,763.3382552668828,867.4953591497581,771.7658905768957,912.0918739275351,800.4786241399713,906.0797221194132,794.6229104317058,883.911600947743,817.7364670832663,944.0626,944.0626,842.1233550414524,770.015236550675,935.2103803928236,935.2103803928236,771.4004,771.4004,944.0626,944.0626,815.6989535381522,815.6989535381522,771.4004,733.875,598.0
T000037,2006-03-31,893.90845,769.18335,757.0514,96.4819,-161.24457,203.0,817.2793615709893,817.2793615709893,833.8497502604332,298.4234407731156,748.3296155423909,265.99325531023055,794.9174617867055,651.7951981003519,808.8345453253113,536.8879499740941,828.6040784153042,647.3750682489219,806.7144,806.7144,743.4552661136543,444.2718401467084,807.1433861745204,807.1433861745204,757.0514,757.0514,806.7144,806.7144,483.4387600293322,483.4387600293322,757.0514,-161.24457,206.0
T000037,2006-06-30,1188.0992,1127.2615,776.162,112.928345,327.63684,1004.0,1043.5174798011578,1043.5174798011578,1007.3236198866055,573.6387712772532,965.9494424499308,577.4203149686599,1074.5966078645451,791.9065169579392,1068.1543303669796,733.4481190438617,1010.7939818713705,824.8314832993777,1030.5075666666667,1030.5075666666667,912.9242617839842,773.2232110799363,1022.6975506115525,1022.6975506115525,776.162,776.162,1030.5075666666667,1030.5075666666667,754.1382796245656,754.1382796245656,776.162,327.63684,938.0
T000038,2005-09-30,1764.6792,1714.6022,1865.0441,1802.7867,2080.348,1981.0,1786.3072012947055,1786.3072012947055,1808.7235907967595,1817.7364862585569,1828.6961952821193,1825.0612137332341,1800.7791969537298,1785.6185808966845,1800.1357300145228,1816.2613702777548,1803.9047104905499,1810.00838130348,1781.4418333333333,1794.1443333333332,1839.8591678469018,1874.604733708455,1789.5259555366604,1789.5259555366604,1865.0441,1764.6792,1781.4418333333333,1781.4418333333333,1941.0333105011932,1903.3210687139094,1865.0441,2080.348,1893.0
T000038,2005-12-31,1771.5117,1503.1576,1869.9458,1785.0483,2158.113,1952.0,1736.2313552550736,1736.2313552550736,1814.708773559853,1823.5482807299504,1841.4817748760313,1836.4684389799843,1813.051566728074,1794.5465835976167,1810.8131339646914,1827.97865819692,1796.560003739317,1816.7783326182473,1714.8716999999997,1719.3838999999998,1851.1545123126414,1893.747094304681,1741.2900499844861,1741.2900499844861,1869.9458,1771.5117,1714.8716999999997,1714.8716999999997,1979.1550802722259,1870.0871801510516,1869.9458,2158.113,1866.0
T000038,2006-03-31,1753.793,1796.4459,1854.866,1816.0537,1936.864,1832.0,1799.5585877158157,1799.5585877158157,1798.148135221585,1807.224618962517,1805.6824269511656,1804.5575311956748,1779.407338182468,1770.5059040769522,1781.5735559339548,1795.4491296928463,1798.9941043803947,1798.0247007432263,1801.7016333333331,1822.4551999999999,1819.1573424263568,1839.238754651858,1801.9925750178343,1801.9925750178343,1854.866,1753.793,1801.7016333333331,1801.7016333333331,1870.668359332648,1869.096382891181,1854.866,1936.864,1794.0
T000038,2006-06-30,1757.6792,1742.0465,1859.8497,1821.5369,1942.669,1670.0,1788.8037883910497,1788.8037883910497,1802.5159649437235,1811.691005578244,1810.1256230271754,1808.9898117256998,1783.5661686131136,1774.571339930439,1785.7573500157616,1799.7823804761226,1799.7743362468354,1802.3904640390415,1786.525133333333,1807.8110333333332,1823.7479998352117,1844.0398274224842,1791.7738373983716,1791.7738373983716,1859.8497,1757.6792,1786.525133333333,1786.525133333333,1875.792539101115,1856.0645983817762,1859.8497,1942.669,1752.0
T000039,2005-03-31,15057.328,12463.785,13733.135,9275.2,10344.789,13300.0,13902.799229312914,13902.799229312914,14476.215738817722,13733.135,14161.60339235854,13713.978383670808,14537.40397058742,13733.072765715599,14557.3253995368,13732.876347870404,14340.559658750308,14054.84540980291,13751.415999999997,13054.115086956539,14023.39294657842,14192.657186863793,13864.602416322925,13864.602416322925,13733.135,13733.135,13751.415999999997,13751.415999999997,13323.495983293957,13323.495983293957,13733.135,15057.328,15100.0
T000039,2005-06-30,16058.702,15062.085,14170.049,9089.579,10520.754,16200.0,15118.575929399303,15118.575929399303,15229.880660951469,14170.049,14891.570361199154,14152.617127866848,15411.422161773658,14170.114190115279,15415.134298274814,14170.03691331508,15201.852489164394,14722.939884337096,15096.945333333333,13593.41052173915,14674.844121336317,14673.90330681971,15057.862701825492,15057.862701825492,14170.049,14170.049,15096.945333333333,15096.945333333333,13915.728659257435,13915.728659257435,14170.049,16058.702,18100.0
T000039,2005-09-30,15266.708,11235.678,13778.963,9427.598,10829.299,11300.0,13677.510188118622,13677.510188118622,14613.822158576106,13778.963,14340.32699659265,13764.60448882781,14750.851940331553,13779.004593448506,14755.341830307005,13778.930861142988,14393.015239767501,14208.529370675837,13427.116333333333,13299.891976588644,14170.848117921656,14194.063841568512,13637.172846838752,13637.172846838752,13778.963,13778.963,13427.116333333333,13427.116333333333,13557.714119283723,13557.714119283723,13778.963,15266.708,15900.0
T000039,2005-12-31,16027.102,13315.381,13810.9795,9533.465,9486.142,14700.0,14520.745800924818,14520.745800924818,15054.573103508385,13810.9795,14653.6107347673,13790.167445867077,15264.182260396923,13811.050425365238,15269.431388515077,13810.952412711707,14927.260543289141,14456.333646800706,14384.4875,13120.187986622097,14400.015702329461,14352.266692059678,14453.063599663223,14453.063599663223,13810.9795,13810.9795,14384.4875,14384.4875,13500.630552185024,13500.630552185024,13810.9795,16027.102,18900.0
T000040,2005-03-31,8236.119,8236.786,7764.86,6258.759,7542.5107,7200.0,8067.234399642431,8067.234399642431,8029.310488633077,7893.477769340423,8009.106793490913,7796.664992194484,8129.434148238953,7773.594874567659,8115.994916027462,7779.978861977218,8037.582497781346,7981.796757194281,8079.254999999999,8005.1385666666665,7943.629481298574,7856.503627980348,8055.931735296266,8055.931735296266,7764.86,7764.86,8079.254999999999,8079.254999999999,7935.241197136148,8027.020230085576,7764.86,7764.86,8000.0
T000040,2005-06-30,8774.511,7242.8027,7993.6987,6176.8296,7600.0786,9000.0,8081.935202055862,8081.935202055862,8431.85732246815,8205.50631329983,8396.029739155467,8045.634689113574,8595.739799286077,8008.05382361643,8573.999180865567,8018.4186765851,8351.7192408172,8352.152500044593,8003.6708,7872.4641,8287.960397521321,8139.652955846697,8079.672928333248,8079.672928333248,7993.6987,7993.6987,8003.6708,8003.6708,8275.997254324966,7961.531224255879,7993.6987,7993.6987,9500.0
T000040,2005-09-30,8363.321,8397.6,7795.678,6337.0933,7193.2817,7200.0,8168.909689721031,8168.909689721031,8114.215086228902,7933.4252013365,8058.6636080388325,7823.897029586368,8208.164052588663,7804.6420392920645,8198.959730812172,7809.511724821116,8126.228404593661,8043.968156201634,8185.532999999999,7984.734233333333,7985.336283145077,7827.9619534918465,8154.93577603874,8154.93577603874,7795.678,7795.678,8185.532999999999,8185.532999999999,8000.906322187915,8121.645137053789,7795.678,7795.678,7500.0
T000040,2005-12-31,8717.487,8207.413,7824.374,6385.162,7170.8716,8000.0,8259.729600620823,8259.729600620823,8325.550994507379,8056.209582724788,8265.60533958535,7877.648973633588,8496.811180375194,7839.847594968328,8476.186591670265,7849.989888276417,8309.922074769129,8226.474995268652,8249.758,8031.923866666666,8145.359750345832,7943.86845756473,8243.801736153895,8243.801736153895,7824.374,7824.374,8249.758,8249.758,8147.274278016666,8165.5782703057885,7824.374,7824.374,8700.0
T000041,2002-03-31,1643.6827,2064.1616,1697.1566,1966.9089,2639.0205,1649.0,1771.6677314281123,1771.6677314281123,1667.1493237800948,2075.353431897678,1754.9641843935342,1713.9867121105638,1728.8086751571993,1698.4282466494765,1711.2005680176546,1699.5088114965122,1691.9583765096886,1829.323092356514,1801.6669666666667,1993.2866,1747.211163655826,2061.356598918008,1777.1978038769698,1777.1978038769698,1697.1566,1697.1566,1801.6669666666667,1801.6669666666667,2294.4980356959845,2211.124166232192,1697.1566,2639.0205,1226.0
T000041,2002-06-30,1847.3411,782.72766,1774.856,1912.538,3458.775,2131.0,1544.8150199306642,1544.8150199306642,1815.5315523260406,2451.0182682133864,1972.7252372156322,1807.5965389902447,1967.7996330686733,1777.522589395453,1929.8699232016777,1779.683909403616,1751.6186046386806,2068.967311530946,1468.3082533333331,2360.3240333333333,1934.1958434295232,2237.984254011024,1533.584291683866,1533.584291683866,1774.856,1774.856,1468.3082533333331,1468.3082533333331,2842.8177225543377,2606.054619931061,1774.856,3458.775,1320.0
T000041,2002-09-30,1744.3525,2282.8257,1705.6425,2010.2039,3205.0508,1515.0,1871.582916342389,1871.582916342389,1727.364904060159,2307.7161847235393,1867.3048437909786,1734.3882152635388,1856.4892667299077,1707.9564970179053,1823.7067001425407,1709.845737495626,1761.008056547243,1958.6418747350435,1910.940233333333,2218.3486,1836.7883181945508,2284.6269684723975,1873.943298952241,1873.943298952241,1705.6425,1705.6425,1910.940233333333,1910.940233333333,2656.585313092715,2492.0764399748123,1705.6425,3205.0508,973.0
T000041,2002-12-31,1833.1729,1930.3953,1721.4739,2045.0544,2842.7458,1602.0,1820.3233349265574,1820.3233349265574,1784.1546236144586,2171.7103728873144,1888.8981535250023,1744.2751727041577,1901.406672725295,1723.3978380597314,1873.716711121063,1724.9235769104716,1792.0578595530835,1939.1326569709747,1828.3473666666664,2132.4642,1853.9333318932015,2129.041769843792,1816.1372077420403,1816.1372077420403,1721.4739,1721.4739,1828.3473666666664,1828.3473666666664,2432.598051325435,2333.9653120910225,1721.4739,2842.7458,1654.0
T000042,2002-03-31,2690.401,2393.4097,2398.3154,1603.4988,4280.8174,1761.0,2511.7713599477547,2511.7713599477547,2562.221404219942,4054.6446560046197,2738.195344978907,3427.0119628665616,2785.2190845496903,2400.0446494110433,2734.7191024640624,2405.4945145847582,2549.140327215884,2786.1822783202074,2494.042033333333,2494.042033333333,2664.148951517838,3118.926099509664,2494.011336036465,2494.011336036465,2398.3154,2398.3154,2494.042033333333,2494.042033333333,3812.3129935652414,3468.648664386317,2398.3154,4280.8174,2263.0
T000042,2002-06-30,3084.2715,1397.0015,2658.5022,1517.5317,5062.8477,3801.0,2509.0400903804716,2509.0400903804716,2897.4258055544046,4773.978195878387,3122.2416092373055,3968.8464982821242,3195.4213613014235,2660.7051191630835,3128.8999256218394,2667.690827601091,2801.562440955579,3167.537402097319,2379.925066666666,2379.925066666666,3019.9326900391534,3589.5510354999783,2470.0603160622236,2470.0603160622236,2658.5022,2658.5022,2379.925066666666,2379.925066666666,4465.53967212219,4004.8573003991655,2658.5022,5062.8477,2919.0
T000042,2002-09-30,2811.5776,3088.9307,2437.4414,1680.5673,1287.8066,1940.0,2747.8715136470073,2747.8715136470073,2647.390707929022,1425.929192862361,2540.5592507605684,1774.5221597724772,2649.3602804643165,2436.3291687977385,2659.00266547379,2433.260578727754,2670.9059335491884,2343.6258814266457,2779.3165666666664,2779.3165666666664,2504.694499424002,2109.3001754607285,2731.98742553386,2731.98742553386,2437.4414,2437.4414,2779.3165666666664,2779.3165666666664,1585.127010390764,1579.5966863595463,2437.4414,1287.8066,1865.0
T000042,2002-12-31,2969.5037,2322.1702,2474.0269,1747.325,2144.2466,2488.0,2630.4592209195234,2630.4592209195234,2752.067387006834,2183.8679737709813,2721.8681646051987,2269.6302250493973,2849.6884929999837,2473.684800776337,2837.5625446111553,2472.9705180087817,2721.089755197845,2547.613604474117,2588.5669333333335,2588.5669333333335,2654.616181736632,2458.532667928697,2598.8341371403926,2598.8341371403926,2474.0269,2474.0269,2588.5669333333335,2588.5669333333335,2237.4081537539573,2144.184987379186,2474.0269,2144.2466,2027.0
T000043,2002-03-31,1428.0465,1545.4937,1506.8289,1497.5393,1863.4812,1564.0,1485.5139132402976,1485.5139132402976,1462.6195709989906,1541.7306483925504,1495.8048468233258,1531.1399619677272,1471.331813927917,1509.5327605286618,1466.9099205152245,1515.1809066890687,1468.4340188160259,1511.4861051291055,1493.4563666666666,1493.4563666666666,1501.4592145736135,1584.563375132547,1490.5978180464185,1490.5978180464185,1506.8289,1506.8289,1493.4563666666666,1493.4563666666666,1547.0767219721092,1547.0767219721092,1506.8289,1428.0465,1273.0
T000043,2002-06-30,1499.26,1511.7407,1503.0518,1472.4856,2156.256,1513.0,1503.812744233266,1503.812744233266,1500.9240032623272,1624.9078092636669,1561.8638840926128,1609.5596596228597,1552.0110952399218,1511.4666239582675,1538.5221248664186,1527.5404761833968,1501.621882244116,1574.0094794864638,1504.6841666666664,1504.6841666666664,1551.6009454381788,1625.9291017104092,1504.2051839622786,1504.2051839622786,1503.0518,1503.0518,1504.6841666666664,1504.6841666666664,1635.0229155334723,1635.0229155334723,1503.0518,1499.26,1737.0
T000043,2002-09-30,1502.3757,1530.7903,1498.6522,1514.8474,1928.7295,1489.0,1508.5481784643434,1508.5481784643434,1500.741669685301,1581.4484634976002,1540.8723497419644,1571.5222989999468,1535.9333110005784,1504.345920391474,1526.8133751944508,1515.1827815276638,1502.5463371946535,1548.1353718218197,1510.6060666666665,1510.6060666666665,1533.2022770082524,1587.8447287667966,1509.0428818595583,1509.0428818595583,1498.6522,1498.6522,1510.6060666666665,1510.6060666666665,1588.1227049778277,1588.1227049778277,1498.6522,1502.3757,1248.0
T000043,2002-12-31,1560.2693,1353.1318,1501.2003,1525.788,1615.956,1436.0,1486.0195808793885,1486.0195808793885,1534.347308148528,1547.239850327885,1545.1219500857985,1546.2647938549608,1558.2588729517079,1504.1508775912614,1553.5973099178034,1509.4106948600102,1522.6974157709578,1540.2087558989533,1471.5338,1471.5338,1534.5524368280273,1475.850587564891,1479.6310421218107,1479.6310421218107,1501.2003,1501.2003,1471.5338,1471.5338,1549.1545712456355,1549.1545712456355,1501.2003,1560.2693,1164.0
T000044,2002-03-31,7620.5347,7840.072,7495.7886,7683.6855,10006.524,7140.0,7635.439968428791,7635.439968428791,7565.790800700826,8176.833707338217,7800.186879285604,7538.853346916711,7796.991946183659,7502.578940345709,7739.798900583956,7520.5612862894495,7581.410426353698,7672.416217400752,7652.131766666666,7652.131766666666,7740.29280470169,8215.9865039763,7629.751854211172,7629.751854211172,7495.7886,7495.7886,7652.131766666666,7652.131766666666,9017.806942295738,9004.736725674273,7495.7886,10006.524,7522.0
T000044,2002-06-30,8216.845,5600.924,7791.9966,7555.747,11900.364,9118.0,7353.637756065878,7353.637756065878,8030.40343567843,8906.404560678704,8414.20417215228,7868.120916000906,8463.91363684731,7804.425335849606,8361.859181628472,7836.238985553116,7877.669038755399,8184.823123653147,7203.255199999999,7203.255199999999,8283.805674065736,9004.019808814963,7375.269072637471,7375.269072637471,7791.9966,7791.9966,7203.255199999999,7203.255199999999,10296.502316458407,10028.027960799758,7791.9966,11900.364,8228.0
T000044,2002-09-30,7806.495,8593.354,7532.934,7771.8784,8830.183,6806.0,7922.173002083289,7922.173002083289,7686.444787318552,7884.816991911212,7807.793077014592,7560.543618608228,7858.188346932492,7537.690659238629,7820.615170957532,7549.244843454567,7739.396892161352,7722.537880689153,7977.594333333333,7977.594333333333,7746.159177876009,7936.829546987184,7905.976051405357,7905.976051405357,7532.934,7532.934,7977.594333333333,7977.594333333333,8332.591317785847,8387.262400963886,7532.934,8830.183,6297.0
T000044,2002-12-31,8014.1177,7634.4688,7587.8735,7877.2676,8898.027,7349.0,7758.058080095507,7758.058080095507,7827.063599217236,7943.256879322664,7949.791354857876,7619.600913692116,8038.012943678006,7593.572642321632,7994.3125513216,7606.864717462113,7811.265223532824,7849.891085377413,7745.486666666666,7745.486666666666,7865.536493037407,8018.580170568088,7752.394829491852,7752.394829491852,7587.8735,7587.8735,7745.486666666666,7745.486666666666,8404.994599835964,8364.013759707203,7587.8735,8898.027,6405.0
T000045,2002-09-30,1264019.6,1223367.8,1277341.9,1083837.8,1177292.6,1348981.0,1262009.953774828,1262009.953774828,1269865.9923892883,1259155.7099009699,1260516.038200659,1264002.0580277485,1258564.731529347,1267637.6654902075,1261164.2029402396,1268579.5503152274,1267144.4688688684,1267175.6442991353,1254909.7666666666,1243693.7000000002,1264128.3453064333,1264405.4567530956,1257443.9923938322,1257443.9923938322,1277341.9,1277341.9,1254909.7666666666,1254909.7666666666,1238068.7623836594,1225627.9660544635,1277341.9,1177292.6,1365801.0
T000045,2002-12-31,1257935.5,1340646.2,1266993.5,1071208.0,1200966.9,1200274.0,1275821.5564210624,1275821.5564210624,1261910.5360119627,1281283.5397574035,1255739.8153914146,1272985.8757215724,1254385.8442237822,1270202.0820176934,1256111.549245001,1269912.5651484109,1266816.1361529292,1266638.0616733031,1288525.0666666664,1299290.85,1258162.7715249192,1258336.4402358548,1284536.282345026,1284536.282345026,1266993.5,1266993.5,1288525.0666666664,1288525.0666666664,1240994.4766188187,1267889.8110335337,1266993.5,1200966.9,1173014.0
T000045,2003-03-31,1287014.5,1164153.8,1266332.2,1094539.5,1137212.8,1298384.0,1257688.7064478656,1257688.7064478656,1277938.2262850278,1249644.3373547927,1265915.0986306344,1261657.5898429141,1272823.9056180909,1264870.7538633887,1274725.5385907656,1264975.6839439296,1270777.5503810185,1271064.978656065,1239166.8333333333,1225584.15,1265018.5226167943,1266686.968013303,1244858.5795384054,1244858.5795384054,1266332.2,1266332.2,1239166.8333333333,1239166.8333333333,1227190.191320217,1189168.390836598,1266332.2,1137212.8,1186697.0
T000045,2003-06-30,1309231.8,1194051.8,1268182.4,1098120.0,1060932.9,1221307.0,1273475.5658313052,1273475.5658313052,1291217.5757485684,1266140.909948612,1271928.2822658774,1276467.1287211585,1284972.0032623664,1276716.332506424,1287723.0535130848,1275840.3073054305,1284882.875399176,1285221.0006475404,1257155.3333333333,1251641.8,1269336.8217580025,1272286.5979639485,1261792.0580755824,1261792.0580755824,1268182.4,1268182.4,1257155.3333333333,1257155.3333333333,1207748.484165373,1173134.1944166361,1268182.4,1060932.9,984887.0
T000046,2002-09-30,41970.562,36514.75,38914.72,38063.47,41447.42,40494.0,39455.33089007706,39455.33089007706,40629.528438853114,39537.83909798745,40869.34237208156,40603.40864686751,41595.38754270535,41560.95202678144,41425.281316384266,41385.15526809185,40348.88079212194,40388.23388423128,39133.344,38489.095,40378.9277669622,41455.82396970914,39326.21929495488,39326.21929495488,38914.72,41970.562,39133.344,39133.344,40218.717532334726,39535.79836410266,38914.72,38914.72,42898.0
T000046,2002-12-31,41897.656,41666.824,38614.61,37748.496,37633.113,34519.0,40730.575219638595,40730.575219638595,40456.9156512552,40756.240615553455,40369.11457517448,40950.96252211902,41199.640014958044,41459.648452125955,41094.169314222796,41611.5122027683,40500.126208296366,40556.72582909762,40726.363333333335,38181.553,39903.56408918602,41313.5752964275,40660.89039646011,40660.89039646011,38614.61,41897.656,40726.363333333335,40726.363333333335,40015.56066516574,39297.21073447998,38614.61,38614.61,41813.0
T000046,2003-03-31,41846.117,38324.83,38693.082,38230.664,37015.367,39123.0,39825.63613748257,39825.63613748257,40462.43101280866,39887.19046313491,40309.52307725731,40630.95287099894,41117.184912944176,41441.14712478182,41031.234508456146,41370.42764842031,40301.9187038738,40347.884938760784,39621.34299999999,38461.873,39874.58439363634,41359.5187493591,39718.26084387741,39718.26084387741,38693.082,41846.117,39621.34299999999,39621.34299999999,40038.5540039076,39465.69974044108,38693.082,38693.082,38356.0
T000046,2003-06-30,42701.184,41053.953,38719.984,38279.01,41220.61,40595.0,40913.12819364033,40913.12819364033,40954.06395464492,40959.544543809956,41191.94883281443,41426.38585766406,42148.74987953876,42195.916710937476,41943.81076467386,42270.94952826531,40922.752291046156,40987.910526846725,40825.04033333333,38499.497,40566.26339469415,42088.10419312529,40811.862596756706,40811.862596756706,38719.984,42701.184,40825.04033333333,40825.04033333333,40418.85291263717,39740.81490534507,38719.984,38719.984,8581.0
T000047,2002-09-30,11004.849,8872.928,12640.856,8234.686,15650.955,14574.0,11039.544064231091,11039.544064231091,11722.798518748426,11285.270204546021,12001.761903367282,11216.343269662659,11553.51078802177,11335.956450679969,11553.447661868588,11382.331173765386,11563.700514758715,11582.763725632012,10839.544333333331,10839.544333333331,12191.998140179734,11591.079128705265,10956.75694314187,10956.75694314187,12640.856,11004.849,10839.544333333331,10839.544333333331,12870.054598924202,10979.354488275305,12640.856,12640.856,12573.0
T000047,2002-12-31,11064.747,7689.8105,12401.433,7953.1733,16012.885,11292.0,10663.430736102604,10663.430736102604,11651.341721427085,11056.312089779723,11986.755598083004,11150.895798454172,11604.8026224049,11258.875887241598,11580.70357005879,11244.313530193986,11421.37042669553,11503.033365315196,10385.330166666667,10385.330166666667,12123.104032834759,11636.2096018684,10550.552321277697,10550.552321277697,12401.433,11064.747,10385.330166666667,10385.330166666667,12887.4371283249,10548.553208026995,12401.433,12401.433,14160.0
T000047,2003-03-31,11335.27,10009.004,12502.534,8439.078,3804.151,14756.0,11411.283072546852,11411.283072546852,11847.515135291209,11563.685623474763,11034.610711325133,11496.505087816095,10862.71957749145,11580.624162833556,11089.065830113384,11619.969320702949,11745.929103209037,11710.851851699526,11282.269333333334,11282.269333333334,11349.99051222078,10882.820226866894,11357.612691321578,11357.612691321578,12502.534,11335.27,11282.269333333334,11282.269333333334,9853.62777121439,11376.176806361598,12502.534,12502.534,14903.0
T000047,2003-06-30,11899.205,9702.421,12482.941,8528.096,4525.9604,9168.0,11533.742654184654,11533.742654184654,12155.373207273033,11790.361103410938,11412.312569352647,11898.467417566028,11375.547591471965,11950.160772975483,11564.030728632168,11920.581383839526,12010.683416143358,12010.19923263023,11361.522333333332,11361.522333333332,11629.775685970364,11383.370276465343,11464.422041504644,11464.422041504644,12482.941,11899.205,11361.522333333332,11361.522333333332,10222.933916572047,11454.490673103628,12482.941,12482.941,2957.0
T000048,2002-09-30,14597.741,12256.291,13158.599,10705.203,12085.416,12686.0,13446.261968585335,13446.261968585335,13966.18422407505,13611.662652005365,13867.709706177951,13848.391889023673,14240.544290067843,13754.973035426749,14207.730767245275,13737.719202273485,13847.969812898862,13862.752703205857,13337.543666666665,13280.585333333333,13674.28235353296,13378.07709396003,13418.503970423968,13418.503970423968,13158.599,13158.599,13337.543666666665,13337.543666666665,13449.870922481849,13375.75223142829,13158.599,13158.599,13640.0
T000048,2002-12-31,14646.876,16519.898,13063.798,10595.939,11026.73,12654.0,14579.594404243577,14579.594404243577,13952.153979714498,14368.840901721422,13763.913986041392,14132.992165610363,14185.720129200681,13970.456914888306,14167.503686130467,13932.990575179243,14094.476892846298,14098.740860930975,14743.524,12912.467999999999,13565.328521809304,13678.659037713514,14586.35467414939,14586.35467414939,13063.798,13063.798,14743.524,14743.524,13180.36722141616,14676.583819480922,13063.798,13063.798,14617.0
T000048,2003-03-31,14633.14,10579.8,13119.354,10815.62,7771.8037,12510.0,12993.150780477336,12993.150780477336,13968.826259173642,13307.52404902782,13471.637180509899,13733.948583570007,13921.348303558943,13657.05396328697,13974.890607374607,13645.514497512886,13747.108292840749,13766.947152800723,12777.43133333333,11841.432566666665,13338.054236548604,13216.709470171725,12950.619836246882,12950.619836246882,13119.354,13119.354,12777.43133333333,12777.43133333333,12421.803309951521,12856.579793225657,13119.354,13119.354,13076.0
T000048,2003-06-30,15836.061,12195.345,13129.977,10870.547,7462.499,14576.0,13876.324006618876,13876.324006618876,14648.516138949395,14120.068594638524,14122.84790819085,14480.196886665133,14873.681378030242,14294.298523070775,14888.157768613075,14258.68870580905,14472.88540805783,14498.627282517811,13720.461,12142.845666666666,13819.586902798366,13606.637507753712,13830.517631513694,13830.517631513694,13129.977,13129.977,13720.461,13720.461,12809.187503447265,13773.64057547626,13129.977,13129.977,8917.0
T000049,2002-09-30,430786.3,360963.3,378050.7,304223.25,354903.25,381071.0,395126.44594016176,395126.44594016176,407643.6736903879,422974.5864304199,405544.61258034944,426610.72083924216,418986.02889078745,425013.7316491295,417445.93056662224,422313.9305542214,404289.9873772014,409193.83891969966,389933.43333333335,404418.5,398188.7372923732,405718.3538470551,393581.6045991711,393581.6045991711,378050.7,430786.3,389933.43333333335,389933.43333333335,395178.69383091584,391778.8671844482,378050.7,378050.7,415344.0
T000049,2002-12-31,429282.06,480791.3,374207.62,300244.62,356189.53,355236.0,425466.4808875466,425466.4808875466,405113.0511306375,421123.89454279415,403495.24946035945,424983.87106948294,417448.8358825384,423291.9593135141,415711.93935634923,423776.13183504704,409228.558795798,406797.28857040085,428093.6599999999,401744.83999999997,395711.1740886808,414636.9070927291,422642.00200462365,422642.00200462365,374207.62,429282.06,428093.6599999999,428093.6599999999,393224.30274298857,424341.44132508524,374207.62,374207.62,377015.0
T000049,2003-03-31,430224.06,302804.12,375981.22,308373.5,184809.73,346099.0,378608.6190552062,378608.6190552062,406419.9926130341,422189.0792795652,388645.9470169337,426095.2142182625,404754.18254544993,424388.6344284335,406663.4528468944,420016.0748925674,399566.3656777615,408187.8199707041,369669.8,403102.64,383851.95676350273,400735.51064918545,377560.81754012697,377560.81754012697,375981.22,430224.06,369669.8,369669.8,362902.9871474012,374105.87413040583,375981.22,375981.22,310705.0
T000049,2003-06-30,469883.66,357647.34,376107.84,309968.3,165029.25,419153.0,409675.7697010152,409675.7697010152,428730.8380137621,455992.6670921256,409144.8843374003,463757.31638225255,435364.2545253632,460417.4178507911,436172.32310338586,455138.17379534285,423497.29700901784,432843.1015234618,401212.94666666666,422995.75,398878.9142943697,436073.94377801404,406812.6233832233,406812.6233832233,376107.84,469883.66,401212.94666666666,401212.94666666666,375400.9623803824,403950.2453095849,376107.84,376107.84,97686.0
T000050,2002-09-30,16561.934,15613.861,19456.113,10504.718,47139.164,23638.0,17341.86129989061,17341.86129989061,17832.02295452269,17074.32364377105,20411.537641100647,16807.49646774359,19313.61855724076,16871.314274933437,18846.8236837905,16883.98269326821,17723.428195580324,17233.054626128338,17210.636,13533.326000000001,20377.745757584773,16483.81988915606,17309.024613282974,17309.024613282974,19456.113,16561.934,17210.636,17210.636,17495.412430350414,13868.831208065418,19456.113,10504.718,14371.0
T000050,2002-12-31,18311.285,4620.658,19483.521,9372.201,49088.715,21726.0,15220.805577273397,15220.805577273397,18825.712060556332,14758.464244408584,21586.542467310395,15268.034688521066,20890.993045141222,14168.799066862692,20318.012708229217,14232.080750703106,17967.053949866815,18075.083535806527,14138.488,13841.742999999999,21268.20704619078,17752.578985902594,14900.864466116018,14900.864466116018,19483.521,18311.285,14138.488,14138.488,18689.373923069463,10804.490862802384,19483.521,9372.201,16760.0
T000050,2003-03-31,18800.027,19972.492,18942.72,11598.798,7083.6777,16025.0,19150.58630766096,19150.58630766096,18862.64676304427,19169.82888732454,17756.028922517948,19100.08227968294,17882.258073969224,19206.31356435899,18135.26853745881,19201.610165398695,18931.93644835178,18292.434954617114,19238.413,15199.412499999999,17973.398376418125,18235.231004479603,19177.063082032855,19177.063082032855,18942.72,18800.027,19238.413,19238.413,18846.05070401485,16259.152747973032,18942.72,11598.798,12450.0
T000050,2003-06-30,22182.816,18844.818,19186.154,12348.717,3294.2715,15143.0,20269.48238356533,20269.48238356533,20867.753142230016,20431.583391635977,19388.47742970141,20908.36064142485,20351.084959275082,20477.054494678283,20567.828811844705,20482.814520707547,20715.731099726967,20226.361365710112,20071.262666666666,17265.766499999998,19211.92516321993,20954.84433995321,20203.9389152563,20203.9389152563,19186.154,22182.816,20071.262666666666,20071.262666666666,21216.283059207213,17293.5325301687,19186.154,12348.717,8903.0
T000051,2002-09-30,21877.008,20150.07,20433.604,18502.379,18324.861,18951.0,20901.523738228258,20901.523738228258,21243.580877035638,20957.043277873534,21048.493054735092,21025.669820980977,21436.5123923049,20869.98537729818,21425.150780440472,20779.28527705944,21163.063273140193,21173.146983500978,20820.227333333332,19636.178333333333,20871.59282213897,20301.019872208304,20857.701962792104,20857.701962792104,20433.604,20433.604,20820.227333333332,20820.227333333332,20042.94312551764,20042.94312551764,20433.604,18324.861,20067.0
T000051,2002-12-31,22790.797,22447.691,20451.678,18336.162,19116.312,20581.0,21865.33416398005,21865.33416398005,21764.292003172173,21749.725551422616,21642.38999053412,21570.24891760912,22242.801653375664,21254.194054565167,22180.932117824486,21100.992872404877,21784.141834605656,21756.154401837117,21896.721999999998,20671.893666666667,21321.228057948152,20312.260108863276,21835.523883913644,21835.523883913644,20451.678,20451.678,21896.721999999998,21896.721999999998,20587.34587926134,20587.34587926134,20451.678,19116.312,24286.0
T000051,2003-03-31,22397.648,19315.453,20449.355,18620.95,20714.412,20544.0,20880.457868804533,20880.457868804533,21542.654089991713,21018.289449630007,21569.623090751822,21199.849362024885,22050.931410020603,21009.213354697065,21970.650430019225,20888.68897563197,21387.981938240588,21415.153952140507,20720.818666666666,20159.739999999998,21279.308569713343,20328.295267650563,20808.702004238006,20808.702004238006,20449.355,20449.355,20720.818666666666,20720.818666666666,21070.91747771953,21070.91747771953,20449.355,20714.412,19444.0
T000051,2003-06-30,22821.83,20570.775,20443.299,18726.273,19327.8,21751.0,21373.09039465137,21373.09039465137,21778.02933974719,21414.78886927152,21676.686308755216,21457.47325931965,22283.908726517977,21185.484761703683,22215.937783523736,21034.517911233663,21681.75689040568,21687.63741813733,21278.634666666665,20113.958,21346.09863013453,20333.827334342386,21310.85775853826,21310.85775853826,20443.299,20443.299,21278.634666666665,21278.634666666665,20670.74522547237,20670.74522547237,20443.299,19327.8,6564.0
T000052,2002-06-30,1029691.06,672157.3,869394.7,433905.47,627690.2,780805.0,892940.1852501452,892940.1852501452,959346.193187618,1029691.06,936979.2770768709,1023667.3492477579,980173.0860622302,1028376.7569532314,979068.2811902574,1024793.2070618112,940256.6389266748,997609.5736600645,857081.0199999999,1029691.06,917458.2754659872,763180.2251505548,876669.0923571831,876669.0923571831,869394.7,1029691.06,857081.0199999999,857081.0199999999,876147.8548708594,885603.0175314355,869394.7,1029691.06,1055348.0
T000052,2002-09-30,1051928.2,1201334.5,864995.44,417599.62,493958.12,846179.0,1019112.4275120457,1019112.4275120457,969894.1469181273,1051928.2,935491.0336940243,1045400.2209157478,987078.5154830733,1051630.350447293,987651.3627588371,1050664.1501815014,982306.3050200213,1014515.7423095917,1039419.3799999999,1051928.2,914203.1895307354,988612.5213891872,1028943.239435085,1028943.239435085,864995.44,1051928.2,1039419.3799999999,1039419.3799999999,851195.6766949374,1024267.2355439528,864995.44,1051928.2,1283481.0
T000052,2002-12-31,1086290.5,511123.47,868304.7,447301.84,439696.84,857455.0,880429.0810495941,880429.0810495941,990629.0509939805,1086290.5,950890.2686777533,1079505.5034803068,1010991.9472308945,1084309.2251924127,1011575.0906369863,1078931.3284168313,959222.9242890037,1042663.1308881878,821906.2233333332,1086290.5,925998.7710618074,720729.9641240044,853777.4977635969,853777.4977635969,868304.7,1086290.5,821906.2233333332,821906.2233333332,853200.8294222377,868297.6383333644,868304.7,1086290.5,1328549.0
T000052,2003-03-31,1179078.4,668027.6,868713.0,453265.8,399826.06,987441.0,954826.4723020539,954826.4723020539,1042876.8497828168,1179078.4,999486.1784345869,1170929.4031406513,1083130.1859421022,1176928.74260744,1081009.8370197054,1171018.2324176976,1017009.6553685314,1116962.3086521449,905273.0,1179078.4,961704.5611013916,823010.6636222083,932538.850078549,932538.850078549,868713.0,1179078.4,905273.0,905273.0,881569.8379122271,945007.1875816388,868713.0,1179078.4,925812.0
T000053,2006-03-31,134903.5,142152.89,126623.75,99970.984,107597.484,114060.0,133773.54146967156,133773.54146967156,131269.99321924828,133829.0471052981,129504.34971395106,135627.52543139592,131824.64937383044,135170.481932137,131904.12630136838,134133.65736311348,131858.4407618031,129234.65720178193,134560.04666666666,134560.04666666666,128604.38778413377,135927.32282691178,133782.33014491748,133782.33014491748,126623.75,126623.75,134560.04666666666,134560.04666666666,123216.70089446387,123216.70089446387,126623.75,126623.75,124767.0
T000053,2006-06-30,135528.42,153919.58,126259.3,98307.01,111978.41,112404.0,137331.8950798926,137331.8950798926,131460.73554435806,137239.25431464764,130138.97473121055,139948.13859142025,132640.80320658797,138285.15321548725,132583.27079510628,136980.9287437591,132748.5981199044,129324.46755813394,138569.09999999998,138569.09999999998,129015.21606401459,139582.55202149233,137017.7406737968,137017.7406737968,126259.3,126259.3,138569.09999999998,138569.09999999998,124728.06069875216,124728.06069875216,126259.3,126259.3,134053.0
T000053,2006-09-30,145905.77,140375.47,127438.83,101465.95,161332.33,142203.0,136905.78233954962,136905.78233954962,137801.69056405866,137356.43236631242,140985.1920309449,139899.00003201963,145119.2778848156,141310.91997141484,143703.30844514258,139301.4614914101,137785.65811463355,135788.1985783513,137906.69,137906.69,137713.65452438325,142048.4232823373,137609.57151255995,137609.57151255995,127438.83,127438.83,137906.69,137906.69,144666.3164471549,144666.3164471549,127438.83,127438.83,161952.0
T000053,2006-12-31,149315.23,137347.52,127401.91,102244.266,143616.45,141364.0,137021.4994774704,137021.4994774704,139698.73230275282,137637.67146004515,141236.7397782903,140288.88370121946,146469.74029372848,142569.94558655686,145290.56276732087,140260.96347942593,139348.77694873832,137736.79524424445,138021.55333333334,138021.55333333334,137752.25149245182,143208.30391875975,138027.06582020753,138027.06582020753,127401.91,127401.91,138021.55333333334,138021.55333333334,140036.93276374156,140036.93276374156,127401.91,127401.91,157020.0
T000054,2005-03-31,139361.62,116709.03,144034.06,101245.484,139817.75,127114.0,135989.76315437083,135989.76315437083,141412.08558442653,142956.34893204452,141013.33223184236,143503.58936346206,139907.88406640603,143415.2724935452,140175.1551381461,143925.86307764566,139943.61201234505,141454.40144813483,133368.23666666666,122639.772,141768.8793709655,143686.1795694439,135326.59247548625,135326.59247548625,144034.06,144034.06,133368.23666666666,133368.23666666666,141486.91618468997,139045.31003957213,144034.06,139817.75,156243.0
T000054,2005-06-30,143357.12,142297.3,146621.77,98609.11,120986.164,157712.0,144417.91022796452,144417.91022796452,144789.78740080088,141607.777080467,142394.22222678637,144419.32875943364,141931.30496618283,144173.40366086038,142591.65338864626,146262.4070519773,144667.88036243868,141867.64898136974,144092.0633333333,122615.44,143297.947869126,143004.92139427547,144367.34664868846,144367.34664868846,146621.77,146621.77,144092.0633333333,144092.0633333333,131867.11044954907,129476.584802573,146621.77,120986.164,118155.0
T000054,2005-09-30,151551.97,119725.87,147177.25,103505.28,117583.59,167934.0,142438.43867602685,142438.43867602685,149632.15662593796,141887.41696944216,146876.08278573456,144966.0355498324,148368.5621378338,144776.40237815154,148818.43491160494,146859.0724856507,147760.07263261103,145229.1366585931,139485.02999999997,125341.265,146724.24253773285,142515.61971405958,141576.8691941707,141576.8691941707,147177.25,147177.25,139485.02999999997,139485.02999999997,130381.66853434006,128115.50886149763,147177.25,117583.59,159849.0
T000054,2005-12-31,149346.92,106871.05,145800.92,104574.24,114299.77,133620.0,138100.92198980707,138100.92198980707,147790.78424172883,140102.16064284908,144855.78834490423,143401.99597985344,146168.0183130877,143187.2832331912,146689.50121535946,145449.04902819236,145252.21297817188,143244.40761286498,134006.2966666667,125187.58000000002,144857.16284737096,140905.15401034546,136936.3466574532,136936.3466574532,145800.92,145800.92,134006.2966666667,134006.2966666667,127890.41666687338,125837.50736734997,145800.92,114299.77,143893.0
T000055,2005-03-31,167413.94,127575.2,176682.81,106318.45,170363.8,146343.0,161711.5464561156,161711.5464561156,171481.51474499912,175374.92638939866,170881.2961345774,175756.78634660508,168660.4909986886,176295.55470587718,169147.9991793108,176446.33165372736,168880.567941618,172039.00599972508,157223.98333333334,157223.98333333334,172346.22649061648,163112.94975562167,160477.6981430404,160477.6981430404,176682.81,176682.81,157223.98333333334,157223.98333333334,172110.1880549034,161253.37539698504,176682.81,170363.8,126611.0
T000055,2005-06-30,177469.84,189344.72,179188.67,102204.56,141649.16,186635.0,180982.05460049736,180982.05460049736,178224.13577704152,175151.96355237009,174719.70766162185,177382.5928787012,174803.89649144217,178667.40047939372,175653.41012999063,178890.88388032615,178921.13175851136,174618.29420720393,182001.07666666666,182001.07666666666,175593.74594959614,166661.43048241216,181281.24646507396,181281.24646507396,179188.67,179188.67,182001.07666666666,182001.07666666666,164023.52927706728,167901.50538153815,179188.67,141649.16,143180.0
T000055,2005-09-30,192017.1,127387.7,182515.69,109345.6,141107.86,231770.0,172842.4653165296,172842.4653165296,187847.47680344188,178860.59961435082,183995.02754098966,181312.9911022779,186924.65531977784,182320.86136639994,187424.4362700501,182423.74709682824,184056.6157151725,182392.06304723307,167306.83,167306.83,183286.49847634506,173675.44969044146,171216.34829176363,171216.34829176363,182515.69,182515.69,167306.83,167306.83,168351.5831582524,152405.6876100744,182515.69,141107.86,200847.0
T000055,2005-12-31,186026.25,107975.555,179751.58,111363.266,124613.984,159128.0,164972.6516778454,164972.6516778454,183272.65768236003,174438.28355132072,178135.5069110109,177708.3549899747,180449.26987806725,179279.44265692675,181359.43208538022,179496.80615102383,178603.74315905658,176835.35606401312,157917.79499999998,157917.79499999998,178127.9364595378,170771.4791163596,162929.2690034738,162929.2690034738,179751.58,179751.58,157917.79499999998,157917.79499999998,159456.52675927687,140092.1086713687,179751.58,124613.984,144437.0
T000056,2005-03-31,76259.31,68078.875,76945.24,60853.934,72683.67,72399.0,74583.30882554714,74583.30882554714,76560.32528501718,76840.95462297315,76161.93063195642,76798.35560101902,76049.32837932334,76934.4685775671,76164.59734154331,76933.35790947628,76047.5125231285,76433.21955612014,73761.14166666666,72340.61833333333,76333.18207894682,76272.09954958498,74476.2142905331,74476.2142905331,76945.24,76945.24,73761.14166666666,73761.14166666666,74609.1331227218,70791.4698707097,76945.24,72683.67,93832.0
T000056,2005-06-30,77819.79,80873.66,77181.38,59711.445,63465.973,77218.0,78293.28995723394,78293.28995723394,77539.6285139769,76845.7486739695,76260.70871107437,76758.02389893592,76606.67058510472,77153.2175673828,76868.46140421755,77151.30488248983,77737.74677238335,76889.59298233112,78624.94333333333,74053.141,76394.19446882003,75186.27518156105,78333.23266664146,78333.23266664146,77181.38,77181.38,78624.94333333333,78624.94333333333,69662.87001016768,66900.91874886499,77181.38,63465.973,87046.0
T000056,2005-09-30,82156.95,73685.516,77789.164,62072.207,85989.6,85601.0,78400.21070763355,78400.21070763355,80240.17956032822,77989.83782679262,81010.303495125,78124.68789451175,81985.58501243059,77816.85676687182,81646.8409580854,77820.77375633475,79797.82087863528,80226.71559367474,77877.20999999999,80610.68866666667,80233.4747973029,79267.94958774114,78288.81289759514,78288.81289759514,77789.164,77789.164,77877.20999999999,77877.20999999999,82284.47791864496,76674.69770118817,77789.164,85989.6,104293.0
T000056,2005-12-31,82424.164,67253.66,77394.75,62899.06,86306.94,74990.0,76808.02616536601,76808.02616536601,80217.04302748179,77612.84124202699,81054.33429564044,77764.29717693277,82184.58516320783,77425.49203781116,81805.60045752556,77429.91397884281,79376.10234427292,80178.49001316392,75690.85800000001,78661.588,80168.61833247039,79018.8940648411,76608.80825469288,76608.80825469288,77394.75,77394.75,75690.85800000001,75690.85800000001,82280.23313194669,76901.1185305089,77394.75,86306.94,82285.0
T000057,2005-03-31,57075.367,58260.742,55728.62,51032.637,60003.703,60412.0,56964.68427223795,56964.68427223795,56484.357083461815,56493.42147568326,56884.77194610271,56352.0323587546,57161.66497167965,56167.24917153303,57020.76098106935,56306.70086422743,56580.452235878554,56306.13612683246,57021.57633333333,54612.208,56616.317633469924,56417.815236171715,56883.43777638339,56883.43777638339,55728.62,55728.62,57021.57633333333,57021.57633333333,56381.511466927106,54733.34599645762,55728.62,55728.62,68819.0
T000057,2005-06-30,56172.293,52451.53,55004.37,50641.945,59195.25,51479.0,54774.56355477521,54774.56355477521,55659.758667454225,55022.171819026844,56052.11184062074,55085.83354482982,56285.64462923134,55110.06134634503,56153.359001688514,55128.98653746839,55452.36115234617,55496.87390769876,54542.73099999999,53939.53599999999,55811.29577651947,55151.60413961591,54745.55854004367,54745.55854004367,55004.37,55004.37,54542.73099999999,54542.73099999999,55570.56911589029,54051.896704533385,55004.37,55004.37,55375.0
T000057,2005-09-30,57506.33,60307.137,54883.324,51599.75,73230.14,51444.0,57425.65367299571,57425.65367299571,56355.2433020982,56439.783609095524,58070.02376393805,56145.10224748256,58472.64952310728,55766.09068403938,57989.05868103015,56048.2662367911,56572.53188702037,56176.50354524657,57565.596999999994,54663.13466666666,57381.191962881814,56272.32107295269,57263.11737819473,57263.11737819473,54883.324,54883.324,57565.596999999994,57565.596999999994,56154.93495224166,54751.33152196709,54883.324,54883.324,58326.0
T000057,2005-12-31,59957.695,58814.88,55065.367,51906.156,75892.0,56705.0,58061.93683702521,58061.93683702521,57810.73320022808,57103.04473009143,59759.48968387118,56803.16324164059,60693.119762478455,56343.576624135414,60070.70223294883,56733.11200927889,57826.21755542151,57562.51490421526,57945.98066666666,55643.07266666666,58696.54595614618,57052.14132429103,57814.358236086584,57814.358236086584,55065.367,55065.367,57945.98066666666,57945.98066666666,57437.125915823504,55732.85080339917,55065.367,55065.367,51308.0
T000058,2005-03-31,127475.52,113811.35,132692.55,96298.95,115308.75,120680.0,126316.36439298908,126316.36439298908,129764.97486039858,126405.53570015523,128137.06304443824,129318.86707710837,127075.65911055719,131928.7061235142,127638.67132563988,131855.4679666899,128837.28875458051,129034.69873544143,124659.80666666666,124659.80666666666,129190.63314070934,126557.11391585767,125681.463978291,125681.463978291,132692.55,132692.55,124659.80666666666,124659.80666666666,124530.97568910616,116232.76889696927,132692.55,132692.55,138098.0
T000058,2005-06-30,127755.32,147359.7,134127.17,93666.73,112739.78,140154.0,134826.97526634144,134826.97526634144,130551.559038731,135864.61760939017,128548.78334736149,135348.917840884,127254.55347651824,134441.13337863272,127945.43927083771,134438.87330444396,131640.5081627858,131556.989778743,136414.06333333335,136414.06333333335,129838.14436475327,138730.5153819122,135539.44498205435,135539.44498205435,134127.17,134127.17,136414.06333333335,136414.06333333335,124085.93777223234,115144.85506967711,134127.17,134127.17,137224.0
T000058,2005-09-30,133099.89,118387.91,134237.3,99086.56,145511.48,144444.0,130103.3499667622,130103.3499667622,133599.03392916388,129822.54850886166,134649.61270821828,131774.73218502145,134212.74723815272,133667.67116063525,134021.05726494276,133623.51699060408,132678.45364465655,132826.43851530302,128575.03333333333,128575.03333333333,134629.79382465343,129108.21324450287,129483.91562905656,129483.91562905656,134237.3,134237.3,128575.03333333333,128575.03333333333,139530.44982135046,127642.82387088709,134237.3,134237.3,144486.0
T000058,2005-12-31,141183.38,109105.26,133589.27,101665.266,122953.88,130793.0,130717.5908830461,130717.5908830461,137850.76123991975,129257.93799045327,136867.20217954615,130850.61673889527,138902.4056213245,132915.73127191063,138833.04363897853,132897.49254426503,136019.4787695516,136196.95336593114,127959.30333333332,127959.30333333332,135928.8791600558,125562.96681915548,129511.23991901154,129511.23991901154,133589.27,133589.27,127959.30333333332,127959.30333333332,128596.02768184531,120680.29992051996,133589.27,133589.27,135499.0
T000059,2005-03-31,47637.812,38975.45,53063.043,31621.758,51750.273,50655.0,47454.9359554931,47454.9359554931,50018.63432261173,52602.4217179037,49889.917384907305,52569.393828215034,48557.50087910414,53005.20103237267,48793.047498804,53029.29688556968,49393.538190899024,51152.44006273967,46558.768333333326,45478.35799999999,50707.848270101276,52555.04329983207,48050.279851061816,48050.279851061816,53063.043,53063.043,46558.768333333326,46558.768333333326,51548.59476038622,51548.59476038622,53063.043,51750.273,55819.0
T000059,2005-06-30,51330.344,45214.1,53172.004,30210.09,44964.66,51566.0,50457.534694003436,50457.534694003436,52138.54281008958,50292.232740841624,51370.67749398081,51413.521839057146,51024.23425867883,52899.42124129925,51266.20490967746,53045.85410363401,51731.91995999894,50879.90060586292,49905.48266666666,42782.25133333333,51776.89576955801,51142.08939980804,50770.31345952441,50770.31345952441,53172.004,53172.004,49905.48266666666,49905.48266666666,49009.014515282055,49009.014515282055,53172.004,44964.66,57461.0
T000059,2005-09-30,56864.8,39343.2,54393.207,32623.973,42119.938,68928.0,51467.527046301126,51467.527046301126,55780.159772365296,50086.794679263905,54637.89885450775,51913.79118957533,55420.464409976485,53995.66030088885,55581.82115036015,54218.38181629601,54750.60177600407,52538.14869670805,50200.40233333333,43045.706,54478.46651443609,51544.37728197745,51944.52225532429,51944.52225532429,54393.207,54393.207,50200.40233333333,50200.40233333333,49032.149624012665,49032.149624012665,54393.207,42119.938,77913.0
T000059,2005-12-31,53307.445,35833.29,53677.125,33097.008,43384.426,44350.0,48984.66698119922,48984.66698119922,53469.676321804196,50065.649867561515,52508.938134889555,51570.04329088336,52557.3077172853,53341.86881399494,52786.33222496475,53524.05266613522,52393.39639758302,51386.41798984857,47605.95333333333,43386.18633333333,52733.67508120394,51200.75292229034,49613.685443171664,49613.685443171664,53677.125,53677.125,47605.95333333333,47605.95333333333,48777.23525836103,48777.23525836103,53677.125,43384.426,46821.0
T000060,2005-03-31,45904.1,39966.93,45889.73,35110.695,43208.44,45472.0,44427.14832520185,44427.14832520185,45897.79383224863,45587.32710410356,45647.644813137726,45616.23691152071,45687.79145112746,45857.93727928361,45743.207171303315,45855.631305058625,45534.55252242154,45445.48879670695,43920.253333333334,40500.2125,45689.947724136015,45271.21147221798,44465.90447579362,44465.90447579362,45889.73,45889.73,43920.253333333334,43920.253333333334,45197.997644054034,42382.95641117125,45889.73,45889.73,50700.0
T000060,2005-06-30,47436.062,41675.45,45760.137,34316.6,35363.477,42571.0,45384.3157857119,45384.3157857119,46700.59476348545,44587.574505211756,45732.50787132294,45114.43510916605,46291.439414756176,45667.52887038878,46444.15203886111,45678.145154281054,46377.18418858852,44486.761910948335,44957.21633333333,40038.3685,45658.76141419655,43505.84515465931,45337.78460030873,45337.78460030873,45760.137,45760.137,44957.21633333333,44957.21633333333,43077.95561873607,40632.94348883539,45760.137,45760.137,48453.0
T000060,2005-09-30,50772.938,43636.88,46413.992,35852.438,49236.86,53587.0,47381.44654920258,47381.44654920258,48860.046928659605,46732.36243286381,49128.43124962293,46402.527164557265,50174.85693095576,46425.32585068769,49948.69896206727,46413.635788070016,48499.28978125169,48094.297685589394,46941.26999999999,41133.215,48441.97172978117,47453.93795359762,47208.23937891696,47208.23937891696,46413.992,46413.992,46941.26999999999,46941.26999999999,47142.24934335505,43991.6266680509,46413.992,46413.992,58124.0
T000060,2005-12-31,50056.586,43552.96,46112.63,36392.89,52801.453,43038.0,46976.341473639026,46976.341473639026,48325.81020737505,46867.012944529975,48954.412901272386,46294.622029549384,49844.82141294178,46154.950884851525,49553.89022734081,46137.113725819,47996.52418526798,48324.152240781164,46574.058666666664,41252.759999999995,48264.821659614725,48009.32951365026,46819.93658849476,46819.93658849476,46112.63,46112.63,46574.058666666664,46574.058666666664,47838.245391209275,44644.21538257829,46112.63,46112.63,47840.0
T000061,2005-03-31,53408.586,49392.863,48886.703,40471.17,53169.832,53744.0,50846.623658771205,50846.623658771205,51424.19123659942,49597.35566498095,51829.00580430311,49133.37935145783,52896.06950944371,48955.31116741275,52633.17999735611,48954.22856809243,51257.31676835366,50838.944742497406,50562.717333333334,53169.832,51094.447086990614,50215.928213667336,50538.718206204794,50538.718206204794,48886.703,48886.703,50562.717333333334,50562.717333333334,51294.87712444201,50987.30297403376,48886.703,53408.586,67447.0
T000061,2005-06-30,50849.234,52914.48,48015.227,39948.973,46241.72,41755.0,50473.99972300946,50473.99972300946,49605.55108068506,47720.968415700445,49443.33906810249,47846.15614261315,50172.90243578994,47993.21835993008,50101.19137388819,47997.14565216827,49781.49171447808,48737.456287730674,50592.98033333333,46241.72,49056.80640537221,47824.00008976283,50184.19146217666,50184.19146217666,48015.227,48015.227,50592.98033333333,50592.98033333333,49524.50583934359,49252.40069607742,48015.227,50849.234,45638.0
T000061,2005-09-30,51783.742,51340.36,48031.742,41008.43,38633.445,44952.0,50433.6680341631,50433.6680341631,50137.2046720154,46472.38555536983,49264.651405093304,47342.77607930315,50326.69423989206,47899.79227040988,50378.91696138691,47912.275936821665,50175.59316004259,48195.086475087905,50385.28133333333,38633.445,48869.69143372891,46158.61020612423,50117.13876472619,50117.13876472619,48031.742,48031.742,50385.28133333333,50385.28133333333,50029.90721455916,49773.546509507425,48031.742,51783.742,55539.0
T000061,2005-12-31,54913.773,54307.445,48174.395,41224.395,48183.004,51935.0,52539.79993624653,52539.79993624653,51956.247028678525,48175.823397041706,51964.795449813464,48134.71788790182,53642.086012974796,48183.6848684364,53383.3426854491,48188.65782289368,52036.83802916418,50367.119552426484,52465.20433333333,48183.004,50975.60683843893,48690.68280558743,51967.230028717095,51967.230028717095,48174.395,48174.395,52465.20433333333,52465.20433333333,51763.518317528054,51464.03110273485,48174.395,54913.773,55612.0
T000062,2005-03-31,15286868.0,13904980.0,14864349.0,12874557.0,13590207.0,13677181.0,14884575.232914709,14884575.232914709,15101448.675564308,15110368.071270816,14983056.245691663,15075308.146214517,15105597.735872064,15235264.286950907,15115982.72251577,15214766.179279169,15024224.990752384,15098612.966463659,14685399.0,14685399.0,14942153.301520186,14670861.55781405,14803632.255127799,14803632.255127799,14864349.0,15286868.0,14685399.0,14685399.0,14472819.130026411,14211693.352079771,14864349.0,14864349.0,15011634.0
T000062,2005-06-30,15360094.0,16953544.0,14924012.0,12759713.0,12686937.0,15151376.0,15471723.39895903,15471723.39895903,15168722.653768077,15177928.365034282,14960503.73959589,15297548.241452046,15099554.413926627,15386957.87108764,15129518.512227628,15387827.65627153,15273895.455631614,15160210.027586631,15745883.333333332,15745883.333333332,14933559.971219638,15587146.033721592,15574697.87555169,15574697.87555169,14924012.0,15360094.0,15745883.333333332,15745883.333333332,14211468.738441566,15190763.212985048,14924012.0,14924012.0,15458747.0
T000062,2005-09-30,15722995.0,13576299.0,14911285.0,12976350.0,13873500.0,15313710.0,15038784.550946727,15038784.550946727,15366782.096349046,15383917.332134727,15270889.154188063,15342777.917974912,15487075.281748712,15637339.276245985,15477595.007202283,15601665.892302806,15249532.195087377,15369876.440825965,14736859.666666664,14736859.666666664,15168955.066982238,14684747.726111203,14914665.436608644,14914665.436608644,14911285.0,15722995.0,14736859.666666664,14736859.666666664,14630790.981204027,14169135.80296222,14911285.0,14911285.0,16219715.0
T000062,2005-12-31,16141054.0,13565719.0,14899818.0,13057924.0,13315481.0,15533280.0,15218187.461316943,15218187.461316943,15596346.802015381,15622549.35160289,15449953.949067276,15596135.152840603,15780502.01749463,16028840.182437487,15765950.783433553,15979448.978693182,15460356.51745962,15601094.332980946,14868863.666666666,14868863.666666666,15294037.091183301,14755509.10862142,15072077.26284581,15072077.26284581,14899818.0,16141054.0,14868863.666666666,14868863.666666666,14471768.436554257,14034575.545997843,14899818.0,14899818.0,15981703.0
T000063,2005-03-31,1054279.1,979303.3,1047056.7,915055.75,1059080.1,968438.0,1032622.4701910114,1032622.4701910114,1051109.603412144,1040560.5140229466,1052239.6922173318,1047042.3757000291,1053873.3360958516,1047301.6336412788,1053345.2742392004,1046951.5748660285,1046645.4970546659,1047830.7389884847,1026879.7,981056.225,1050980.608977309,1036852.1540053741,1031282.7386803373,1031282.7386803373,1047056.7,1047056.7,1026879.7,1026879.7,1051381.58433256,995798.4817666468,1047056.7,915055.75,1100635.0
T000063,2005-06-30,1073083.5,1102939.5,1048311.56,905016.6,953454.4,1017824.0,1072110.4350290385,1072110.4350290385,1062212.5181512274,1066398.8167799583,1053390.772524882,1060673.5998788774,1060850.1756680086,1054415.6407889517,1061879.7433126792,1053219.0548600138,1064473.072081999,1063594.160349712,1074778.1866666665,976664.0800000001,1051326.5103465929,1037058.6034691962,1071850.57976573,1071850.57976573,1048311.56,1048311.56,1074778.1866666665,1074778.1866666665,1014190.9081781253,969678.0922563525,1048311.56,905016.6,986967.0
T000063,2005-09-30,1125870.6,1028957.25,1058941.5,922638.5,1010719.1,1186878.0,1077886.0075334897,1077886.0075334897,1096499.2616528748,1082833.484191141,1092077.008514354,1084662.4648489286,1109393.1342297054,1072176.6837551058,1107831.8805789743,1068941.2150670064,1091734.927140527,1092419.2718793405,1071256.45,990790.0,1083053.4793168935,1047788.6138747392,1074501.6547139059,1074501.6547139059,1058941.5,1058941.5,1071256.45,1071256.45,1041595.6325882499,993094.1395735808,1058941.5,922638.5,971748.0
T000063,2005-12-31,1108799.2,964383.1,1054048.6,926926.56,1060638.0,1050786.0,1052909.171316883,1052909.171316883,1084772.3059089677,1064431.6446094147,1085450.0216838627,1072272.6554694558,1098987.3849887704,1063680.8415086071,1096749.276443022,1061033.178385275,1076886.9890848862,1078568.8739611674,1042410.2999999999,990487.5800000001,1077305.8833933105,1043726.3572518599,1049156.7608023223,1049156.7608023223,1054048.6,1054048.6,1042410.2999999999,1042410.2999999999,1056418.844092434,1003621.9333422239,1054048.6,926926.56,782992.0
T000064,2005-03-31,61432.465,63068.344,61788.676,58162.8,68129.22,62749.0,61990.270659900525,61990.270659900525,61588.78555120967,61667.620746798835,62179.951715373085,61652.28179942281,62004.81362767243,61573.66824304242,61886.132755728606,61634.8070388113,61682.71752587533,61947.160412700505,62096.494999999995,65598.782,62127.20571917432,62074.53932746907,61999.90651982943,61999.90651982943,61788.676,61432.465,62096.494999999995,62096.494999999995,61593.94594014613,61152.171203096725,61788.676,63068.344,58581.0
T000064,2005-06-30,61825.734,56852.566,61650.86,57877.277,62213.88,60299.0,60463.59550683947,60463.59550683947,61748.99184416472,61507.80050198748,61801.72283036376,61490.44029092704,61837.56936226834,61577.446388499244,61819.10811325113,61480.48311144646,61447.57320037282,61776.4524503266,60109.72,59533.223,61766.73333878221,61804.38685777675,60427.83773485961,60427.83773485961,61650.86,61825.734,60109.72,60109.72,61746.45846407574,58804.44038168807,61650.86,56852.566,54642.0
T000064,2005-09-30,63032.15,62867.258,61706.254,58593.656,70207.47,62841.0,62501.96249660392,62501.96249660392,62450.29038991859,62444.514393008445,63244.98135331282,62536.97009042966,63459.04459768634,62760.80987321773,63230.727756065215,62628.34823119052,62463.35374068002,62892.694248429245,62535.22066666667,66537.364,62909.58710501806,63208.66106774697,62510.174588877766,62510.174588877766,61706.254,63032.15,62535.22066666667,62535.22066666667,62431.082282787465,61730.61639199834,61706.254,62867.258,57745.0
T000064,2005-12-31,64151.168,61264.863,61697.91,58868.258,71557.19,60838.0,62496.541821561565,62496.541821561565,63074.57395091235,62938.54916949951,63997.26849687373,63094.20977113351,64473.405687412975,63538.339142797864,64173.48925553266,63251.80995047975,62940.71469772133,63568.312629745866,62371.31366666667,66411.0265,63473.932379581805,64008.45664325157,62492.530947665786,62492.530947665786,61697.91,64151.168,62371.31366666667,62371.31366666667,63039.03387651414,61563.4205935732,61697.91,61264.863,58386.0
T000065,2006-09-30,293527.25,255289.75,278080.78,213107.45,273839.5,325633.0,278819.6929151897,278819.6929151897,286748.68138576916,284857.16103826783,286370.71988149267,285261.2280841541,290273.1397115751,283606.8747612045,289769.0479331273,284893.9246263785,284677.45426193747,285726.7481530661,275632.5933333333,275632.5933333333,284174.1043120652,286524.3562835442,277576.7091416158,277576.7091416158,278080.78,278080.78,275632.5933333333,275632.5933333333,282791.14418711065,276531.93634291703,278080.78,278080.78,307149.0
T000065,2006-12-31,288652.28,271439.12,275029.38,209100.17,287683.0,282908.0,279660.18593607406,279660.18593607406,282673.9715337417,284043.64255221776,283870.2158852701,283742.3779605203,287088.32663484296,281776.57018971804,286301.5478804172,283063.93025652843,281858.069807926,282866.59311876167,278373.5933333333,278373.5933333333,281661.38039488246,286378.7721129176,279032.791205969,279032.791205969,275029.38,275029.38,278373.5933333333,278373.5933333333,283268.59110456746,278664.2513680795,275029.38,275029.38,286361.0
T000065,2007-03-31,276495.84,234285.23,271064.66,216828.39,170971.53,212323.0,264391.5840995314,264391.5840995314,274112.4070029309,255176.1572046669,264779.91580249125,259273.49962442668,267496.88353148807,261739.7035146953,269377.7719801956,261276.51274297707,271623.0030028146,267173.8379817747,260615.24333333332,260615.24333333332,265640.75801053963,250561.32363004377,263137.65872810595,263137.65872810595,271064.66,271064.66,260615.24333333332,260615.24333333332,248152.25853953182,261806.99558499106,271064.66,271064.66,219885.0
T000065,2007-06-30,301469.5,270518.53,273076.5,218316.86,184995.58,269964.0,283915.03192839667,283915.03192839667,289009.44286954514,270655.56422358716,280824.0848948923,274618.8077440383,289092.3365704441,274059.5456130836,289841.5366182625,275679.7219471381,287610.4487160332,281773.9394200663,281688.17666666664,281688.17666666664,278116.17054963583,269485.27178992605,282747.2632441672,282747.2632441672,273076.5,273076.5,281688.17666666664,281688.17666666664,261730.31105913428,282144.0727903608,273076.5,273076.5,301654.0
T000066,2006-09-30,145912.9,126581.05,167666.42,147846.97,180144.25,176242.0,151141.3450436827,151141.3450436827,155459.27065433358,170021.53253721286,156598.45754167752,168252.84033952723,151013.8967440861,167942.37657120344,151588.0424481444,167532.1178917675,153895.75920099416,156041.3810094709,146720.12333333335,147364.81333333335,159584.2454100562,161861.27738743086,148761.51312566787,148761.51312566787,167666.42,145912.9,146720.12333333335,146720.12333333335,164375.04669722167,149177.98120488733,167666.42,167666.42,163649.0
T000066,2006-12-31,152320.97,106864.28,169157.47,144033.89,173683.12,180085.0,150710.13886117504,150710.13886117504,159709.54295378804,169573.69559927186,160112.43881859657,167982.00351056125,155860.1667975841,168750.49941472433,156411.65289653372,168253.77535382158,156632.46865305564,160037.82899471986,142780.90666666668,140018.54666666666,162508.3398246524,163383.9231900114,146447.0767361807,146447.0767361807,169157.47,152320.97,142780.90666666668,142780.90666666668,165174.9381250791,146110.31807565526,169157.47,169157.47,169314.0
T000066,2007-03-31,155428.64,144082.7,169250.47,150160.25,197268.78,189187.0,158924.58193820654,158924.58193820654,161494.24741899184,175159.3243758866,164092.48336721,172534.2037513762,160270.13699017823,171855.17210368032,160215.5955149476,172296.03086370864,160558.19625226874,162342.69267567957,156253.93666666668,154497.80666666667,165656.8397519966,170575.17008897255,157486.88608390914,157486.88608390914,169250.47,155428.64,156253.93666666668,156253.93666666668,172777.45156069373,157771.75921591703,169250.47,169250.47,165823.0
T000066,2007-06-30,149375.48,134732.61,168333.42,151531.52,207862.45,128920.0,154341.01879466063,154341.01879466063,157695.03113851076,176917.1942984945,161361.31966491012,173750.34134678962,156103.6189966086,172038.9429237089,156005.8647190979,172682.0082477365,156467.42242275312,158884.94047283774,150813.83666666667,151532.51666666666,163488.77353302407,170424.68068266168,152442.06119110587,152442.06119110587,168333.42,149375.48,150813.83666666667,150813.83666666667,173478.42506260404,152852.65758042136,168333.42,168333.42,111484.0
T000067,2006-09-30,38777.23,35114.418,39700.113,29674.469,37770.61,41267.0,38187.044678889324,38187.044678889324,39182.23034884392,38992.14275302021,39001.146253288105,39110.6185546764,38797.760257192975,39697.274814287695,38873.442533736474,39696.3186830683,38941.86203354367,39134.47659670741,37863.92033333333,35715.064,39168.54462933187,39174.315305458236,38223.249518373086,38223.249518373086,39700.113,39700.113,37863.92033333333,37863.92033333333,38639.303631115494,38639.303631115494,39700.113,37770.61,39781.0
T000067,2006-12-31,39760.363,34528.637,39895.637,29108.527,35907.277,41542.0,38495.244866697234,38495.244866697234,39819.72699000687,38432.234137063635,39447.45578860418,38825.90398927116,39468.18361951728,39890.86886261559,39556.62329949323,39889.53586611958,39497.06145610124,39462.51246162542,38061.545666666665,34970.48033333333,39533.369672388515,38950.04413271722,38501.44527619774,38501.44527619774,39895.637,39895.637,38061.545666666665,38061.545666666665,38207.55183257062,38207.55183257062,39895.637,35907.277,39048.0
T000067,2007-03-31,40413.44,35160.492,39664.953,30079.795,37463.402,39963.0,38827.61458197891,38827.61458197891,40084.97204024222,38857.16332296473,39880.42656080004,39143.56422300411,40096.749253791,39662.83120770983,40113.986092803076,39662.3942066018,39776.443304904395,39767.73117008192,38412.96166666666,35736.05,39807.046993023614,39208.59458003571,38799.81655945568,38799.81655945568,39664.953,39664.953,38412.96166666666,38412.96166666666,38967.52025878449,38967.52025878449,39664.953,37463.402,39492.0
T000067,2007-06-30,39770.23,34371.54,39694.066,30269.447,39327.035,36009.0,38387.74266963428,38387.74266963428,39736.80599439003,39559.39555495833,39702.64937211712,39603.06156167726,39726.61224889293,39693.682131497335,39731.35123653714,39693.59162804526,39407.611446525596,39691.00864639785,37945.278666666665,36430.18266666667,39697.551179570946,39614.109469446885,38385.839836883024,38385.839836883024,39694.066,39694.066,37945.278666666665,37945.278666666665,39563.95000852211,39563.95000852211,39694.066,39327.035,34782.0
T000068,2006-09-30,66585.805,62838.668,61567.516,45378.4,65284.066,53571.0,63662.85139072193,64362.33889695293,64383.56615108889,63338.04700144105,64736.089141633376,62647.030111635,65934.43413673472,61567.89501670718,65664.32576767988,61568.01756290607,64241.80576568382,63144.17635045506,63663.99633333333,63663.99633333333,63938.06431302307,62468.45323758546,63501.103747903115,64185.49770859264,61567.516,61567.516,63663.99633333333,64479.12899999999,64221.70834271809,63480.14157606377,61567.516,65284.066,54054.0
T000068,2006-12-31,74768.19,50233.965,65287.492,44107.36,74736.68,81720.0,64579.45274750612,71300.65933239441,70607.6561107812,69789.0001977761,71500.16514468203,69109.5380958392,73731.00118262687,65288.46392746935,73170.02922869433,65288.875533631035,69271.18652231396,68756.58381297503,63429.88233333333,63429.88233333333,69952.30070307094,64875.084311703446,64073.74671127389,70914.46077003049,65287.492,65287.492,63429.88233333333,71597.454,71397.71110652632,66314.10026966204,65287.492,74736.68,82822.0
T000068,2007-03-31,70018.984,63518.22,62074.81,46300.754,59178.28,52857.0,65239.72853363736,63847.87408915933,66532.7422539966,60694.929153084435,66271.62453741588,59702.489724147286,68288.40773790759,62074.50282712877,68044.08057093924,62074.26516932812,66273.50064891702,62797.14249368721,65204.00466666666,65204.00466666666,65153.74409478751,61732.47171630206,64977.15244462515,63756.363440916786,62074.81,62074.81,65204.00466666666,63757.35799999999,62313.425398989326,61094.84569313016,62074.81,59178.28,57036.0
T000068,2007-06-30,71643.79,65638.11,62613.848,47279.633,56303.758,63659.0,66581.23014601995,63718.0074702666,67681.0670329062,59607.777863211,67102.71048381925,58471.914336204485,69436.29499354179,62613.18672130134,69221.56298849687,62612.76426180421,67471.10043497158,62825.32323092983,66631.916,66631.916,65882.0275948862,61850.2948100162,66298.62967576936,63678.75521875656,62613.848,62613.848,66631.916,63520.465333333326,61522.965316157584,60453.77734216,62613.848,56303.758,69551.0
T000069,2006-09-30,35940.008,32252.25,37573.95,34787.117,47204.914,37267.0,35596.854400217795,35596.854400217795,36657.05130883843,40354.44662303015,37553.74667691265,39126.671565309305,37015.70785115427,39252.67869382987,36877.367011399714,38416.29741853957,36402.736117267865,37489.031543870224,35255.40266666666,40239.623999999996,37634.01454291125,40615.61153674605,35459.74599953531,35459.74599953531,37573.95,37573.95,35255.40266666666,35255.40266666666,40983.73195442428,39617.67202534128,37573.95,37573.95,34682.0
T000069,2006-12-31,38089.93,25711.637,39137.16,34222.168,46274.215,46492.0,35359.97064466519,35359.97064466519,38549.49910607285,41224.394342383996,39214.185945856494,40305.94861618293,38856.19203026516,40390.69163213049,38747.397145178154,39776.794503879966,37773.369626348634,39150.28956198626,34312.909,41167.10166666667,39249.65823975439,41413.52864709598,34875.582202832484,34875.582202832484,39137.16,39137.16,34312.909,34312.909,41699.23900412749,38073.10737074702,39137.16,39137.16,46799.0
T000069,2007-03-31,36702.64,33260.34,37803.05,35243.312,31961.896,35779.0,36231.252406088475,36231.252406088475,37185.5467540212,35774.88357358989,36639.299881372295,36629.45053150071,36445.078859342444,36663.40780321535,36609.22073801904,37095.17786483171,36955.5781316816,36882.297657793395,35922.009999999995,35489.19533333334,36897.54245739068,35672.76789034452,36100.956019064935,36100.956019064935,37803.05,37803.05,35922.009999999995,35922.009999999995,35284.42959989696,34450.43022232893,37803.05,37803.05,38354.0
T000069,2007-06-30,36858.18,32212.672,38087.684,35542.336,36836.367,33001.0,36131.14142034017,36131.14142034017,37397.73869693666,37490.78666659723,37279.57727011785,37726.088712352066,36990.624614259126,37785.81272938036,37063.914845367835,37842.436265279386,37091.85107962262,37428.44862552574,35719.512,37260.74366666666,37480.74100466351,37495.65372275279,35953.9097086883,35953.9097086883,38087.684,38087.684,35719.512,35719.512,37334.023671973744,36036.42958143375,38087.684,38087.684,37213.0
T000070,2006-09-30,18971.156,16809.852,20031.377,16143.638,21446.475,19174.0,18817.70118748747,18817.70118748747,19436.42610991822,18841.29562114848,19567.236920506297,18892.513862872755,19284.051105511753,19070.05491348286,19295.1900561339,18993.311641901066,19285.58606402808,19343.071676193395,18604.128333333334,16143.638,19699.3918972232,19173.95736795247,18769.599079775886,18769.599079775886,20031.377,20031.377,18604.128333333334,18604.128333333334,19502.703053957935,19151.007726933956,20031.377,20031.377,18947.0
T000070,2006-12-31,20767.527,12490.52,21084.2,15689.328,24114.86,25897.0,18827.120236192957,18827.120236192957,20906.4965936207,18788.231166027654,21188.894566798568,19284.382148817473,21068.74071110558,20291.73531730857,21017.630715284802,20090.039431568326,20394.220959805738,20729.575447265248,18114.082333333332,15689.328,21185.169695394714,19832.61526362787,18625.48210726005,18625.48210726005,21084.2,21084.2,18114.082333333332,18114.082333333332,20926.292578325672,19824.552550308326,21084.2,21084.2,27843.0
T000070,2007-03-31,19899.535,19128.277,20257.357,16455.781,19214.57,19782.0,19837.36142685776,19837.36142685776,20056.562526592246,19845.072742373708,19958.858816626656,19864.99402353548,19884.020678069952,19930.143740833784,19919.515189359896,19903.26332829718,20003.09383236961,19937.418702609117,19761.722999999998,16455.781,20028.64374107662,19962.524340837575,19820.100770811452,19820.100770811452,20257.357,20257.357,19761.722999999998,19761.722999999998,20078.93083345485,19954.77227282741,20257.357,20257.357,19376.0
T000070,2007-06-30,19677.506,18371.26,20404.68,16660.781,17969.19,16966.0,19615.981152751563,19615.981152751563,19996.620908033015,19633.22404789794,19768.552920933882,19657.25540772642,19620.77935520143,19757.00047113527,19699.514597513607,19708.49050560373,19903.94732831478,19894.663658951104,19484.481999999996,16660.781,19915.610736213857,19839.57644542632,19587.311411326104,19587.311411326104,20404.68,20404.68,19484.481999999996,19484.481999999996,20042.07828956492,19823.86384956368,20404.68,20404.68,19057.0
T000071,2006-09-30,22476.084,21484.2,26491.242,21978.496,28693.312,32931.0,23664.142118253505,23664.142118253505,24238.10626139552,26781.50973388608,24438.94595787671,26466.880051693428,23409.553021319414,26490.505881738667,23517.63476571554,26441.92775385818,24107.24984626135,25341.277196647843,23483.841999999997,23317.97933333333,24991.721398841615,25286.559788131042,23646.43206009113,23646.43206009113,26491.242,26491.242,23483.841999999997,23483.841999999997,25807.84372474767,25807.84372474767,26491.242,22476.084,25749.0
T000071,2006-12-31,22108.697,16884.418,25581.365,21620.7,23530.127,21208.0,22045.92710485233,22045.92710485233,23632.65155482346,25310.97931474885,23437.27920222918,25257.082665870716,22600.920836614026,25580.555796524302,22776.96940811391,25524.958438552505,23252.149867530756,24366.12639757462,21524.826666666668,21362.161,23980.890897652836,23482.29433910404,21828.499738472612,21828.499738472612,25581.365,25581.365,21524.826666666668,21524.826666666668,23629.704687481157,23629.704687481157,25581.365,22108.697,19897.0
T000071,2007-03-31,23488.53,18703.28,25482.143,22336.613,28737.37,28060.0,23006.508623231726,23006.508623231726,24363.412255345243,25911.233521452443,24664.835212975377,25635.753230436174,24124.23390561023,25481.871796459367,24132.774125802633,25444.13423695279,24035.622998315455,25031.744475504755,22557.98433333333,22174.012,24903.492173848823,23851.472889333232,22799.014185712927,22799.014185712927,25482.143,25482.143,22557.98433333333,22557.98433333333,25886.391944796975,25886.391944796975,25482.143,23488.53,24959.0
T000071,2007-06-30,23619.2,19706.77,25672.977,22432.277,32755.342,20139.0,23376.638460622577,23376.638460622577,24520.484779812425,26606.544978812697,25178.912249309433,26117.04410975537,24571.138165364326,25672.86025829375,24502.102114210535,25637.02570498194,24245.08147486225,25416.97710454223,22999.648999999998,22604.007999999998,25363.007495131846,24242.53443135168,23209.96725406093,23209.96725406093,25672.977,25672.977,22999.648999999998,22999.648999999998,27371.98462403317,27371.98462403317,25672.977,23619.2,21695.0
T000072,2006-09-30,20469.05,20195.574,18806.656,17273.12,19645.086,18071.0,19794.04370665735,19794.04370665735,19739.520742319393,19208.704080013424,19819.657127574734,18901.350824535562,20221.985961357517,18808.247161888474,20140.705693968444,18811.081322705326,19751.81362850508,19603.050014769404,19823.76,19645.086,19561.80296146149,18919.23740848994,19763.288047116956,19763.288047116956,18806.656,18806.656,19823.76,19823.76,19508.77167312908,19508.77167312908,18806.656,19645.086,16847.0
T000072,2006-12-31,20320.223,22382.139,18629.135,17140.309,18903.295,17768.0,20272.316978481515,20272.316978481515,19578.101593574942,18760.60155250466,19605.62431662465,18684.49198090801,20022.791041524626,18630.350148246485,19952.18800498167,18632.589799341167,19733.875734207235,19414.760053163143,20443.832333333332,18903.295,19352.905465066324,18673.586585317484,20238.162212955664,20238.162212955664,18629.135,18629.135,20443.832333333332,20443.832333333332,19108.186115898294,19108.186115898294,18629.135,18903.295,18126.0
T000072,2007-03-31,20450.535,19853.514,18733.33,17316.996,16716.018,17682.0,19667.42014901784,19667.42014901784,19696.952342137047,17765.978621366077,19510.709736742192,18627.016170520757,19965.630177209332,18732.963430639993,19941.855434154775,18732.6853681401,19690.39412939064,19433.84311199367,19679.126333333334,16716.018,19292.11306316662,18500.50800840964,19636.035953634317,19636.035953634317,18733.33,18733.33,19679.126333333334,19679.126333333334,18286.872631351616,18286.872631351616,18733.33,16716.018,18657.0
T000072,2007-06-30,21596.361,20872.38,18753.377,17448.816,18425.357,21314.0,20372.026285467622,20372.026285467622,20348.738590921384,18596.083235218204,20321.401466607844,18790.58832951594,21033.484246103733,18754.869843709843,20931.256865621577,18757.757942223725,20354.07073279604,20040.717317155097,20407.372666666666,18425.357,19909.608913140248,18732.585309156857,20319.742867837907,20319.742867837907,18753.377,18753.377,20407.372666666666,20407.372666666666,19238.140903426196,19238.140903426196,18753.377,18425.357,23486.0
T000073,2006-09-30,57551.574,46601.832,59812.4,46672.72,51402.645,55720.0,55876.5630556034,55876.5630556034,58543.720695383294,56150.5992742967,57756.48861963691,56973.89022432935,57308.47708468009,57550.81514934953,57570.75445975827,56602.5687472521,57833.854531205274,58222.37918103756,54655.26866666666,52629.255,58227.57478985229,56956.81522997201,55309.78018043998,55309.78018043998,59812.4,57551.574,54655.26866666666,54655.26866666666,56467.431773280856,56467.431773280856,59812.4,59812.4,61609.0
T000073,2006-12-31,62474.547,53448.92,60697.11,45745.6,50093.86,64562.0,59677.33727720984,59677.33727720984,61694.531976375016,58867.47783358483,60707.28680872064,60664.452992878825,61294.30201123025,62472.043903015954,61447.432205746656,61055.09920816603,61172.99991375583,61495.617753023565,58873.525666666654,52178.85666666667,60622.06470140483,60092.20870882251,59346.313979947954,59346.313979947954,60697.11,62474.547,58873.525666666654,58873.525666666654,57948.952494776706,57948.952494776706,60697.11,60697.11,76542.0
T000073,2007-03-31,64887.688,42493.25,60966.684,47418.586,61969.586,68910.0,58137.553071359245,58137.553071359245,63166.98452207439,63602.48714026969,63265.06191376043,64103.1052962267,64227.30777402841,64886.558472595956,64055.94040301974,61451.3571846189,61864.41190715943,63368.0281692593,56115.873999999996,56784.952,62673.01830851373,63670.63420130893,57297.92201081474,57297.92201081474,60966.684,64887.688,56115.873999999996,56115.873999999996,62524.82165435297,62524.82165435297,60966.684,60966.684,75294.0
T000073,2007-06-30,62322.3,45305.18,60456.117,47758.082,54481.797,53706.0,57626.13569074143,57626.13569074143,61503.33945353137,59946.006019599474,60948.07747733339,61100.3018975664,61494.04748432446,62320.60073063709,61547.15236558173,59905.935540918756,60494.093015038656,61429.79762631933,56027.86566666666,54231.99866666667,60773.15962088373,60674.9778774155,56946.48051898352,56946.48051898352,60456.117,62322.3,56027.86566666666,56027.86566666666,59182.211554071604,59182.211554071604,60456.117,60456.117,57293.0
T000074,2006-09-30,69061.56,45803.19,71792.59,40913.965,61529.246,66761.0,65197.44711755071,65197.44711755071,70260.05222783735,68956.5885850636,69299.33910520938,70697.8316883407,68759.576431058,69186.81652265857,69078.58398987188,70180.01233780966,68788.40023172973,69575.63935967977,62219.11333333333,52836.58166666667,69870.13275870202,56833.716040520485,63724.024164689064,63724.024164689064,71792.59,69061.56,62219.11333333333,62219.11333333333,67639.99789870206,67639.99789870206,71792.59,71792.59,77029.0
T000074,2006-12-31,75761.34,64622.48,72550.39,38689.754,54751.8,75162.0,72180.07060735792,72180.07060735792,74352.2384452846,69798.68699158094,72695.31235564084,71634.46158391454,73737.26092900253,70052.5154686119,73985.58243066914,71282.72985764146,73726.36581903379,73855.78464156148,70978.07,58620.87466666668,72518.89390907527,60547.15228135809,71588.32110935525,71588.32110935525,72550.39,75761.34,70978.07,70978.07,67923.7466383094,67923.7466383094,72550.39,72550.39,81081.0
T000074,2007-03-31,80889.7,45377.027,73605.56,42559.56,55884.64,89343.0,70602.91150943258,70602.91150943258,77693.10927178418,71980.0824955423,76048.11092118718,73198.97753561307,78102.80312414267,72158.00799221141,78193.23100333844,73129.72650417153,75646.13857434479,77415.60073495495,66624.09566666666,53847.38233333334,75272.6397859189,58116.78136298863,68641.87889361393,68641.87889361393,73605.56,80889.7,66624.09566666666,66624.09566666666,70323.30264802271,70323.30264802271,73605.56,73605.56,114544.0
T000074,2007-06-30,76426.37,48057.906,72720.92,43213.42,55509.75,60999.0,69018.38196812398,69018.38196812398,74800.2607937152,70223.72930988311,73198.70954961784,71909.4642485475,74355.72567532162,70458.19190668482,74572.81382031727,71610.61627783091,73128.17449582859,74404.77500275345,65735.06533333333,54664.082,72939.9903384226,58463.14353474627,67398.59054612638,67398.59054612638,72720.92,76426.37,65735.06533333333,65735.06533333333,68441.51810688528,68441.51810688528,72720.92,72720.92,65715.0
T000075,2006-09-30,48126.082,39929.75,41703.6,31357.32,37038.164,36001.0,43125.44893993833,43125.44893993833,45307.62348419265,43959.60661060424,44879.717264284205,43113.185195655235,46541.88259493929,42672.54352950994,46392.85949909691,43079.611932484106,44917.99544957554,44971.13881227038,43253.144,48126.082,44014.4541128689,40969.17558182387,43622.731198134206,43622.731198134206,41703.6,41703.6,43253.144,43253.144,42927.22676777846,43399.33554283123,41703.6,48126.082,41855.0
T000075,2006-12-31,48897.055,53413.43,41574.652,30949.287,31679.621,41274.0,47552.469587731306,47552.469587731306,45683.67283847377,44146.771248214056,44768.877339769744,43042.5704395641,46726.35612140961,42581.938448046756,46651.96483167779,42963.7183247512,46088.075214844444,45234.77751994009,47961.71233333333,48897.055,43858.166021850324,39652.812584111816,47225.141664613235,47225.141664613235,41574.652,41574.652,47961.71233333333,47961.71233333333,41778.29311710183,47884.65721871192,41574.652,48897.055,48427.0
T000075,2007-03-31,49404.5,37579.152,41673.914,31734.438,23358.887,41106.0,42769.42605710318,42769.42605710318,46011.98976114202,44389.41450585499,44312.07404261534,42984.337508834105,46485.98811670244,42569.823165922455,46571.68850595798,42831.32019192827,45423.02970257237,45425.849843283504,42885.855333333326,49404.5,43480.92470219287,37780.0874286752,43494.42268213121,43494.42268213121,41673.914,41673.914,42885.855333333326,42885.855333333326,39840.174733918146,43096.27998625968,41673.914,49404.5,51385.0
T000075,2007-06-30,52142.04,40235.895,41677.164,31978.445,28674.715,48326.0,44449.402175722265,44449.402175722265,47549.60690652182,45353.1306177583,46348.49941657109,43809.699597198894,49130.51084377593,43140.98946071014,49000.416816173165,43707.108067195615,47003.458258803235,46924.310686781675,44685.032999999996,52142.04,45028.08047469883,39200.52840832322,45166.19021398802,45166.19021398802,41677.164,41677.164,44685.032999999996,44685.032999999996,42264.797552067655,44897.75945282859,41677.164,52142.04,54521.0
T000076,2006-09-30,112535.13,105275.125,112422.734,101972.9,111504.94,107725.0,110432.32517873183,110432.32517873183,112485.80585034218,112402.84490444831,112400.30443790172,112402.6923601009,112440.79716667256,112457.56920733981,112455.64224752049,112430.60444827586,112043.28855950231,112431.47588244741,110077.663,108633.52466666666,112399.01158664195,112307.75027969677,110478.39231427856,110478.39231427856,112422.734,112422.734,110077.663,110077.663,112145.05594577403,112145.05594577403,112422.734,111504.94,107787.0
T000076,2006-12-31,115871.89,110086.12,112565.98,101105.49,106146.44,111286.0,112913.86775872266,112913.86775872266,114421.11595470214,113495.5589413823,113825.96935641576,113610.38070534583,114736.35479249357,113956.16311286534,114743.51612385873,113778.35126374099,114124.63501147155,113903.71287176198,112841.33,106605.97,113447.13697078575,112534.1176827432,113069.91341078456,113069.91341078456,112565.98,112565.98,112841.33,112841.33,111442.90716768312,111442.90716768312,112565.98,106146.44,114824.0
T000076,2007-03-31,119052.51,105827.664,113439.96,102576.14,109345.54,123608.0,113066.16890506205,113066.16890506205,116589.4841257516,115518.99924273936,116213.92313880657,115753.39057514629,117666.71112150735,115921.01184137573,117536.84303728637,115822.61282352479,115877.84802690832,116068.42348236522,112773.378,108453.88,115458.06451409857,114493.7469912685,113350.7262642861,113350.7262642861,113439.96,113439.96,112773.378,112773.378,113862.79243253314,113862.79243253314,113439.96,109345.54,124677.0
T000076,2007-06-30,116235.52,103570.33,112955.33,102871.71,112975.44,109865.0,111337.6385921373,111337.6385921373,114796.03298563918,114348.02587521382,114801.67899999933,114499.0053502085,115617.83271811163,114448.22546419901,115491.56487066743,114462.87841866698,114077.92298542295,114618.2356767946,110920.39333333334,109600.82666666666,114319.95743834207,113964.10093161085,111532.4306489787,111532.4306489787,112955.33,112955.33,110920.39333333334,110920.39333333334,114028.58358126634,114028.58358126634,112955.33,112975.44,108089.0
T000077,2006-09-30,21902.75,17523.896,25537.111,9356.88,26883.924,19706.0,22223.247618735753,22223.247618735753,23497.662326724796,25675.311858996014,23619.14379886628,26377.750457793114,22696.194736543563,25598.886458579553,22807.518717100244,25350.16813756631,23166.096042316756,24071.598047331918,21654.585666666666,18032.32862602882,24130.201019962456,24310.534850285534,21978.811108400692,21978.811108400692,25537.111,21902.75,21654.585666666666,21654.585666666666,24797.964619667175,24797.964619667175,25537.111,26883.924,21289.0
T000077,2006-12-31,26311.162,16336.193,26451.67,8198.168,27101.164,30236.0,23957.878441040993,23957.878441040993,26372.82289202571,26768.47935752963,26433.25948913431,26979.880508811853,26389.429112059228,26667.72290900517,26381.26285234363,26667.950276212854,25759.66962023978,26483.64111167813,23033.00833333333,17554.67846896603,26443.121965057297,27806.766399685202,23604.26537653195,23604.26537653195,26451.67,26311.162,23033.00833333333,23033.00833333333,26638.39396497222,26638.39396497222,26451.67,27101.164,32008.0
T000077,2007-03-31,28198.254,19337.709,26947.104,10110.147,18404.299,37276.0,25586.585397977375,25586.585397977375,27649.19611676228,22687.473813250814,26853.586539099633,19954.065627242628,27281.508402024083,24036.38649347881,27411.82214129188,23988.89850321807,27128.578584176797,26253.054697317482,24827.689,14215.544896671805,26811.47197759395,26417.491865527983,25306.834945066075,25306.834945066075,26947.104,28198.254,24827.689,24827.689,24289.991310787573,24289.991310787573,26947.104,18404.299,36969.0
T000077,2007-06-30,25594.742,16082.612,26296.436,10542.135,15124.387,19270.0,23565.732845219776,23565.732845219776,25902.67519931312,20363.023967472433,24859.511705981593,16973.023124344443,24837.237562227372,22219.76346094656,25097.354979520835,21983.38997262976,25308.056523580868,24317.51181181567,22657.929999999997,12810.235189485335,25147.538986688593,23395.022219051334,23214.352449158032,23214.352449158032,26296.436,25594.742,22657.929999999997,22657.929999999997,22033.831689583123,22033.831689583123,26296.436,15124.387,20245.0
T000078,2006-09-30,140520.67,103735.7,168618.83,46510.836,195567.03,131141.0,145664.71328718658,145664.71328718658,152851.33878669608,179329.40988971601,155333.3259988792,184322.5106464017,147972.24541985107,193044.23199650276,148487.7676023222,183975.5626119855,150108.47451258695,163589.70060642395,137625.06666666665,106288.45533333332,159010.5482717054,154594.5907797488,138684.96346804276,138684.96346804276,168618.83,140520.67,137625.06666666665,137625.06666666665,168206.88429044228,168206.88429044228,168618.83,140520.67,123808.0
T000078,2006-12-31,175313.12,73301.6,181211.2,36575.18,205735.72,237053.0,159265.55386341916,159265.55386341916,177901.4485936672,193432.2299752846,180182.8187329958,197707.3384100991,178380.31809561868,203913.62650257134,178094.69975633238,197511.56135970328,171552.96320088976,183936.4152406602,143275.30666666667,97029.32666666668,180642.1847974184,182754.84308775634,145759.33305025529,145759.33305025529,181211.2,175313.12,143275.30666666667,143275.30666666667,187562.9319722932,187562.9319722932,181211.2,175313.12,269292.0
T000078,2007-03-31,180822.19,123126.06,177845.23,52269.977,91297.53,224933.0,169089.01483103132,169089.01483103132,179515.77321857223,132473.93388163648,171444.25608145236,117630.79032500343,173365.6313878489,97298.14507859894,175057.94252013328,118212.91855053129,176035.43051113706,161607.10369432135,160597.82666666666,117747.089,172440.90947462057,156841.60344152572,161962.84967744784,161962.84967744784,177845.23,180822.19,160597.82666666666,160597.82666666666,149330.7476397162,149330.7476397162,177845.23,180822.19,231686.0
T000078,2007-06-30,163734.12,99572.91,174920.22,55789.484,78204.125,116211.0,156787.49727231872,156787.49727231872,168643.05688821123,122393.41091208543,159606.5472065037,106004.74611831285,158141.47192637235,84560.2161144169,160589.41110253538,106566.76788768198,164519.5246388601,151387.55989157493,146075.75,110094.20466666666,162850.14370226616,140881.2397337054,147685.3633118071,147685.3633118071,174920.22,163734.12,146075.75,146075.75,138093.34598049798,138093.34598049798,174920.22,163734.12,108543.0
T000079,2006-09-30,30691.904,24316.885,36709.918,23593.752,33235.28,36886.0,31649.660329341626,31649.660329341626,33332.86473862844,34060.910425166934,33001.76331472053,33786.37501681346,31551.290782156826,34286.943607677895,31854.705225560658,33937.79689720296,32837.45321676846,33536.2256112528,30572.90233333333,31179.649999999998,33942.49712886604,30766.619381352444,31089.96877302717,31089.96877302717,36709.918,30691.904,30572.90233333333,30572.90233333333,33602.274009674096,33602.274009674096,36709.918,33235.28,35061.0
T000079,2006-12-31,34733.25,15003.693,38151.53,22045.324,36964.227,45399.0,31702.98051773689,31702.98051773689,36233.33678504883,37126.815103146306,36118.63245226482,36992.825512133364,35284.02790174524,37104.811556813474,35439.956749713005,36899.60143735517,34965.726120227315,36423.992361000994,29296.157666666666,32387.027,36639.95249887598,34239.400837854984,30549.86223654874,30549.86223654874,38151.53,34733.25,29296.157666666666,29296.157666666666,36706.834719621525,36706.834719621525,38151.53,36964.227,45112.0
T000079,2007-03-31,35149.367,27664.004,37690.027,24639.559,47596.71,43698.0,34489.98074294925,34489.98074294925,36264.31676751529,43513.73477675373,37185.69479800939,43715.306321105905,36418.216464709236,41433.83586744494,36308.9077242184,41186.746297813166,35761.663150913635,37437.09368179854,33501.132666666665,36642.098666666665,37394.462323196065,37612.521433653135,34005.12932661367,34005.12932661367,37690.027,35149.367,33501.132666666665,33501.132666666665,41013.462563647634,41013.462563647634,37690.027,47596.71,45073.0
T000079,2007-06-30,32557.408,26359.805,37369.145,25115.973,42324.59,24385.0,33079.01727146891,33079.01727146891,34669.00303809825,39971.45046203529,35125.81836590701,39967.81426417608,33860.60650026542,38673.03815763802,33941.77818791577,38326.09168825143,34205.522737031344,35570.66777206177,32095.45266666666,34936.569333333326,35749.8909888179,34559.92035472105,32574.45704934748,32574.45704934748,37369.145,32557.408,32095.45266666666,32095.45266666666,38036.312493845035,38036.312493845035,37369.145,42324.59,23437.0
T000080,2006-09-30,93049.53,71364.91,110683.79,66097.39,102817.11,108281.0,96439.03218164641,96439.03218164641,100788.19400356761,102817.11,100033.96321880083,102254.79466236127,95752.14991539989,101558.90397724394,96592.9102505296,102235.68397364397,99152.58696434228,101734.35956962006,91699.41,82715.36333333333,102752.20203286286,94428.48128979537,93673.38652667473,93673.38652667473,110683.79,110683.79,91699.41,91699.41,102480.31067092344,102480.31067092344,110683.79,102817.11,108364.0
T000080,2006-12-31,106624.766,42841.027,117245.13,61241.14,116572.35,148792.0,98953.96696849629,98953.96696849629,111285.43384722385,116572.35,111210.4577758585,115558.00480430567,108576.26175788083,114694.0446317127,108997.76672979613,113960.78177546582,107194.89290619962,112311.50206560658,88903.641,73775.76566666667,112780.20649711709,109260.2615464514,93106.08262700948,93106.08262700948,117245.13,117245.13,88903.641,88903.641,113955.57757722035,113955.57757722035,117245.13,116572.35,155401.0
T000080,2007-03-31,105624.02,81734.57,113673.695,69313.14,132623.3,125835.0,104492.41909089917,104492.41909089917,109156.56007613125,132623.3,110915.31548906738,128619.8938723339,108653.32628050612,125835.48868569655,108566.62243182013,119818.29853222797,107553.37406897222,112118.3030096849,100344.095,88240.46833333332,111782.7822504391,116262.37670673676,102076.39569060248,102076.39569060248,113673.695,113673.695,100344.095,100344.095,119084.16446105845,119084.16446105845,113673.695,132623.3,140684.0
T000080,2007-06-30,98553.5,77756.99,113343.39,70953.06,115907.98,73243.0,100896.6258788814,100896.6258788814,105043.933358685,115907.98,105266.2135214938,113913.38211420496,101550.08249281319,112327.04407393429,102063.98170655497,110323.19040044126,103512.3799728497,106865.82353519427,96551.29333333333,87351.14666666667,107394.2438677137,103778.48666247708,98361.91074471144,98361.91074471144,113343.39,113343.39,96551.29333333333,96551.29333333333,110184.55451807595,110184.55451807595,113343.39,115907.98,75024.0
T000081,2006-09-30,77381.95,66756.35,79734.43,61518.406,75589.43,82462.0,76170.7481580821,76170.7481580821,78414.31837242463,78387.15699667145,78024.8844769758,78087.69110474687,77495.89377415428,77903.96227629848,77672.66856914503,78190.5707625217,77722.69634477564,78319.08974365308,74624.24333333333,69336.39533333332,78438.78177698971,77223.74614764591,75325.57207543876,75325.57207543876,79734.43,79734.43,74624.24333333333,74624.24333333333,77370.61924489228,77370.61924489228,79734.43,75589.43,85400.0
T000081,2006-12-31,80632.234,63092.684,80822.086,59924.703,75106.68,87096.0,77138.01016433701,77138.01016433701,80715.54913987007,80713.35713759609,80182.08106519851,80500.6779149615,80212.77972302087,80472.73681202783,80339.3622848357,80585.37542631538,79638.40646546369,80502.31346322216,74849.00133333332,67946.491,80304.61070157947,79167.21304978737,75894.777311148,75894.777311148,80822.086,80822.086,74849.00133333332,74849.00133333332,78483.2556248267,78483.2556248267,80822.086,75106.68,99457.0
T000081,2007-03-31,79900.67,69593.62,79955.18,62579.44,72940.36,80926.0,77824.20896444545,77824.20896444545,79924.59130856834,79923.96194441125,79270.04287855081,79674.6340840012,79352.15034366511,79653.51526069241,79500.66325970493,79775.24673591617,79292.60905993675,79658.08707235917,76483.15666666665,70709.41333333333,79394.23319287408,78029.69038868113,77095.97431245013,77095.97431245013,79955.18,79955.18,76483.15666666665,76483.15666666665,77138.41742701318,77138.41742701318,79955.18,72940.36,93254.0
T000081,2007-06-30,78550.24,70701.68,80010.836,63097.66,75786.64,69820.0,77543.45084354778,77543.45084354778,79191.21170445229,79174.34788551246,78795.41378083061,78930.58829748849,78489.4900856104,78812.49285445073,78633.69984464033,79017.89895770872,78685.1867930651,79069.03095846235,76420.91866666666,71270.05866666666,79079.73327708588,78006.51473929029,76930.5585209679,76930.5585209679,80010.836,80010.836,76420.91866666666,76420.91866666666,77884.25429905967,77884.25429905967,80010.836,75786.64,77045.0
T000082,2006-09-30,1283391.9,1106944.0,1355042.0,1075941.2,1312150.5,1348839.0,1285911.0277203154,1285911.0277203154,1314835.01412682,1315203.2460348327,1310750.874820812,1315924.6861198784,1293502.4068691747,1303455.8869419645,1297146.6234337809,1307588.7200092266,1302780.8508185253,1314682.5651600366,1248459.2999999998,1179309.0666666667,1321976.4140335,1310688.2505246182,1263663.604842195,1263663.604842195,1355042.0,1355042.0,1248459.2999999998,1248459.2999999998,1316951.4620108237,1316951.4620108237,1355042.0,1283391.9,1323060.0
T000082,2006-12-31,1361560.2,1037311.7,1386461.6,1049082.8,1345114.1,1538480.0,1318416.7045619194,1318416.7045619194,1372487.9944080692,1372615.9703639182,1368601.6366976567,1370808.0360836838,1362967.7006760738,1366440.6449978494,1364786.1238945164,1367702.0779577678,1352201.5405315906,1372078.9674123807,1261777.8333333333,1157618.7,1372940.9366184643,1363293.7884275645,1285683.6373070308,1285683.6373070308,1386461.6,1386461.6,1261777.8333333333,1261777.8333333333,1365040.9735376318,1365040.9735376318,1386461.6,1361560.2,1612354.0
T000082,2007-03-31,1360674.8,1125914.8,1369618.4,1094479.1,1304497.6,1431268.0,1325373.1097950346,1325373.1097950346,1364599.632421792,1364645.5963338101,1358513.5548124295,1360082.2505816128,1357175.703245211,1358449.0844231881,1358878.112261123,1358569.6171029962,1350070.6716589849,1363775.801319652,1285402.6666666665,1196670.7666666666,1360904.7187246492,1346557.0939638973,1302367.4682584838,1302367.4682584838,1369618.4,1369618.4,1285402.6666666665,1285402.6666666665,1346367.9527777522,1346367.9527777522,1369618.4,1360674.8,1497148.0
T000082,2007-06-30,1321632.9,1134176.9,1367766.5,1101563.1,1278392.5,1165797.0,1310891.6199113114,1310891.6199113114,1341878.2876530676,1342115.3824170874,1333486.6354113647,1337771.5329172069,1323223.109197834,1329663.8772440525,1326858.5947012173,1331916.3921861046,1329595.8537388933,1340948.5263831425,1274525.433333333,1201168.8333333333,1341737.3853700454,1321099.7558961993,1289545.2093922372,1289545.2093922372,1367766.5,1367766.5,1274525.433333333,1274525.433333333,1324129.2019114383,1324129.2019114383,1367766.5,1321632.9,1208834.0
T000083,2006-09-30,130588.2,111058.836,125502.31,91240.0,124384.01,160034.0,123983.36653118023,123983.36653118023,128356.29495441802,127297.7754016476,128257.80200816753,127614.3658354438,129538.91496247017,127517.5392407293,129367.13168712605,127575.89526954654,127249.47752302964,127557.68307578718,122383.11533333332,122383.11533333332,127529.93880051917,127719.61329025708,123371.80507234001,123371.80507234001,125502.31,125502.31,122383.11533333332,122383.11533333332,126942.96744168125,122828.85850766406,125502.31,125502.31,146551.0
T000083,2006-12-31,126130.71,113600.84,122365.46,88954.91,134042.05,122720.0,121718.20148172244,121718.20148172244,124478.35800794403,127497.68612848311,125572.11617496323,126862.75172065463,126350.01744733108,126552.08527189941,125961.83196961059,126018.87724822336,123777.00495192403,126272.94390092466,120699.00333333333,120699.00333333333,124826.1358132605,127629.76958952827,121316.47941071133,121316.47941071133,122365.46,122365.46,120699.00333333333,120699.00333333333,126993.12817222928,120971.81003854325,122365.46,122365.46,122351.0
T000083,2007-03-31,119583.36,98464.68,119779.16,93270.305,74748.69,86372.0,114424.71245859255,114424.71245859255,119669.2853754849,106001.86300824581,115467.69773931465,109123.1986536066,116033.13236105212,109988.35886433058,116980.57341745228,112063.83317722022,118372.91316718911,111100.12908563789,112609.06666666665,112609.06666666665,116242.29903614061,106635.22947416379,113869.4201710936,113869.4201710936,119779.16,119779.16,112609.06666666665,112609.06666666665,106887.40665088227,113240.5464859342,119779.16,119779.16,89161.0
T000083,2007-06-30,133961.69,119358.36,121470.71,94335.586,82097.53,115414.0,125996.95262556644,125996.95262556644,128480.11621718842,114741.15855363847,124820.93644160425,118065.00020763976,128466.90740007546,118527.1912638954,128809.52060785767,120358.86470014218,127804.22601999581,119530.46224111819,124930.25333333333,124930.25333333333,123639.9681016796,116305.06392775675,125377.90047589102,125377.90047589102,121470.71,121470.71,124930.25333333333,124930.25333333333,114578.23849971665,125035.57728298623,121470.71,121470.71,135001.0
T000084,2006-09-30,118424.125,90946.95,135797.64,114872.35,142498.47,140855.0,119624.12727682298,119624.12727682298,126048.36299728154,127073.71837210735,126653.58694883443,126663.67424118418,122237.98656043597,128172.8917360492,122764.67291165298,125130.75803470073,124062.67170661112,125278.62456599738,115056.23833333333,113872.31333333332,129092.26947807967,128480.43034941007,117274.5830230311,117274.5830230311,135797.64,118424.125,115056.23833333333,115056.23833333333,129387.54677330374,115701.77835544871,135797.64,135797.64,128282.0
T000084,2006-12-31,126034.86,93476.38,137836.2,111612.38,137743.22,150254.0,124019.83639153003,124019.83639153003,131213.79039185442,131237.11876383444,131191.5526839805,130489.16309949326,128255.50793934726,131469.95318189907,128710.2200830069,129081.8132169074,129014.33110172975,130464.46507920607,119115.81333333332,114308.31999999999,132925.0134728753,132061.72578649753,121506.37748602426,121506.37748602426,137836.2,126034.86,119115.81333333332,119115.81333333332,132883.4653710717,119714.46832822528,137836.2,137836.2,139312.0
T000084,2007-03-31,127998.016,97417.46,137589.7,117059.3,135730.12,153721.0,125521.41017289765,125521.41017289765,132207.2552708509,132270.1223532209,132022.7324441508,131692.82995398183,129660.75804864362,132063.63109461806,130067.56887042105,130027.28634598694,130167.48535453135,131613.0027993254,121001.72533333334,117355.48666666666,133461.17359302295,132587.57168156456,123206.6201685039,123206.6201685039,137589.7,127998.016,121001.72533333334,121001.72533333334,133334.4062759978,121535.76108814788,137589.7,137589.7,129229.0
T000084,2007-06-30,123427.984,99421.086,136727.44,118106.85,133343.06,103539.0,123740.98534853905,123740.98534853905,129264.35146958655,129903.40396476418,128933.30299459728,129487.80166951097,125669.27359297198,130636.69131371609,126250.16457552894,128239.09365733198,127562.28042736548,128626.0462006684,119858.83666666664,118085.12533333332,130941.13912107683,129652.1532276688,121746.08067796164,121746.08067796164,136727.44,123427.984,119858.83666666664,119858.83666666664,130723.3546854243,120387.26962659918,136727.44,136727.44,85205.0
T000085,2006-09-30,18387.451,16578.99,18262.916,12415.145,18172.578,18907.0,17889.784389012864,17889.784389012864,18332.799740367656,18262.715505892444,18324.51428656814,18267.275137799945,18356.74273524581,18262.91798893657,18353.85045442245,18262.921753791234,18224.255217077258,18304.35541997082,17743.119,16283.546333333334,18307.734315727037,18261.82008491419,17875.54426727684,17875.54426727684,18262.916,18262.916,17743.119,17743.119,18255.287549465556,17755.040727041996,18262.916,18172.578,17863.0
T000085,2006-12-31,19493.502,14852.26,18918.832,12051.393,19187.375,22210.0,18124.590910986426,18124.590910986426,19241.3123394795,19116.257586694654,19267.027955962974,19111.171265862256,19406.398694434807,18919.259502105702,19378.745503853894,18919.19570203823,18967.198229601217,19158.918084170848,17754.864666666665,16719.199999999997,19178.243489846463,19071.109205562483,18078.78095880138,18078.78095880138,18918.832,18918.832,17754.864666666665,17754.864666666665,19182.65208417998,17897.9137427917,18918.832,19187.375,18827.0
T000085,2007-03-31,19287.277,16539.896,18296.43,12701.862,15595.191,15790.0,18243.028534411515,18243.028534411515,18852.45115463178,17721.126157202543,18601.563096547514,17832.973475712843,18885.023581405112,18295.235866474126,18903.392089250334,18295.500605637713,18701.554289309737,18484.807023676574,18041.201,15531.161,18500.892306914568,17832.63756278312,18192.278561163483,18192.278561163483,18296.43,18296.43,18041.201,18041.201,17370.846348283645,16665.54223273418,18296.43,15595.191,15670.0
T000085,2007-06-30,19208.418,15507.758,18433.818,12828.831,16781.934,16885.0,18003.181413838636,18003.181413838636,18868.49054417461,18117.139604686112,18715.25924730948,18187.049003329827,18930.58449245033,18433.165122676106,18935.346180940753,18433.31762698633,18655.45388215794,18613.8635693961,17716.664666666667,16014.861,18628.94297194092,18176.797362765992,17955.16366223971,17955.16366223971,18433.818,18433.818,17716.664666666667,17716.664666666667,17910.844083961496,16919.912231349663,18433.818,16781.934,14347.0
T000086,2006-09-30,34888.0,32344.363,30092.732,15585.389,37656.875,23626.0,32275.043920584107,34143.18017363959,32783.63226021054,31511.916975219152,33494.88106047756,31138.17670513187,34585.23974757506,30093.092604431306,34243.37633380252,30093.57712822049,32711.658584108205,31068.110865818686,32441.69833333333,33874.8035,32665.855995284568,30530.041099416943,32194.835216434923,33832.210311539086,30092.732,30092.732,32441.69833333333,34212.53566666666,34410.97123078507,33840.31219867753,30092.732,37656.875,19897.0
T000086,2006-12-31,41660.39,22566.379,33565.992,14399.054,47418.57,48929.0,32548.253138757067,40783.74676251829,38108.22356754694,36798.799975266185,39409.97762241913,36372.91242034202,41235.71072391902,33566.65816833079,40636.012951063414,33567.61666280465,37080.60746716959,35679.32347987058,32597.587,40492.281,37992.62544199594,37898.14715818052,33041.75739871202,40211.08254394834,33565.992,33565.992,32597.587,40881.65066666667,41322.40682109594,37019.301370867426,33565.992,47418.57,47179.0
T000086,2007-03-31,36984.543,32013.58,30524.617,16454.34,28985.918,19683.0,32973.944135633676,31864.262416399295,34149.65246294823,28778.30854715671,34013.51520973795,28259.681884964273,35642.354796887885,30524.53036151976,35426.6301858039,30524.268135393322,33958.14571644037,29573.98360180532,33174.246666666666,29755.2675,33090.966914447985,29981.0323826964,32931.51217709483,31961.810533978958,30524.617,30524.617,33174.246666666666,32165.025999999998,31287.981261306315,30201.27174485111,30524.617,28985.918,21717.0
T000086,2007-06-30,39790.4,33257.04,30989.623,17382.105,24808.41,33155.0,34402.3912742933,31380.85052689947,35928.2443907867,27649.43009279188,35361.64875559048,27065.289744918315,37636.43713817169,30989.30845165396,37427.80722731181,30988.667684005984,35681.96888101121,29067.309425398198,34679.021,27899.016499999998,34172.46260227331,29673.180065489047,34334.43187738145,31693.625909011418,30989.623,30989.623,34679.021,31862.811,30269.389154556244,28853.29518917797,30989.623,24808.41,37394.0
T000087,2006-09-30,20122.035,17331.68,19321.602,12296.496,30200.133,18463.0,19100.439830239102,19100.439830239102,19770.770924026998,25074.16446170228,20786.662534458843,26056.918415741267,20837.5157542433,19348.55761394354,20579.73676008619,19341.431750891486,19613.91721765208,20714.092944955457,18925.105666666666,23214.589999999997,20489.00639880502,22408.958770469337,19035.370791408626,19035.370791408626,19321.602,19321.602,18925.105666666666,18925.105666666666,23915.086986128008,23088.717293615184,19321.602,30200.133,15475.0
T000087,2006-12-31,22031.059,11932.336,21032.588,11744.398,29594.74,28828.0,19016.74152034296,19016.74152034296,21592.88741886724,25560.250253900744,22392.887446203265,26358.62207491603,22524.62463200098,21053.84233389155,22307.597881784568,21048.30608747568,20992.05133893188,22221.790595819213,18331.994333333332,24219.462333333333,22104.535552301473,23519.471730164616,18851.69505485525,18851.69505485525,21032.588,21032.588,18331.994333333332,18331.994333333332,24724.51429786435,22187.28852406919,21032.588,29594.74,27558.0
T000087,2007-03-31,20076.262,17912.023,19493.744,12798.126,9117.584,14103.0,19297.68073176452,19297.68073176452,19820.628302978963,14006.835104615442,18853.197477093192,13160.336427526301,19139.704184177146,19468.173510969933,19333.938667219143,19475.234395024094,19698.301216803142,18506.064703137017,19160.67633333333,16229.196666666665,18939.575805368113,16756.88806546605,19248.633875833933,19248.633875833933,19493.744,19493.744,19160.67633333333,19160.67633333333,15391.967663939018,15064.481438579927,19493.744,9117.584,14502.0
T000087,2007-06-30,21213.113,17131.014,19815.277,13183.848,14560.76,18208.0,19636.97280363809,19636.97280363809,20599.683055330308,17036.690695601323,20111.04076940883,16682.477911196376,20530.623459646336,19802.442998731658,20586.672411868065,19806.235038182225,20374.17914922143,19594.11051287571,19386.468,18529.716666666667,19992.933249807662,18599.69197077938,19533.36280419959,19533.36280419959,19815.277,19815.277,19386.468,19386.468,17967.203391679075,17119.77311003747,19815.277,14560.76,19892.0
T000088,2006-09-30,8393.826,6167.4663,7996.752,3812.4558,8908.898,6527.0,7666.474795534629,7666.474795534629,8219.573024794201,7730.914826188851,8305.132982295745,7956.559618558793,8391.522615269934,7978.797913449727,8357.2490506667,7987.568995786908,8090.203683857955,8187.223653619779,7519.348099999999,7519.348099999999,8231.75146498471,7932.430337621301,7629.063220789109,7629.063220789109,7996.752,7996.752,7519.348099999999,7519.348099999999,8368.724240962621,8368.724240962621,7996.752,7996.752,6751.0
T000088,2006-12-31,10387.279,3992.9072,9001.37,3461.0994,11714.277,13475.0,8210.285129598538,8210.285129598538,9779.08313067969,8874.164383353924,10033.791293652645,8990.724875959564,10341.738054836842,8997.993609470934,10231.939147422532,8985.333760301612,9411.806258818211,9636.725990315974,7793.852066666666,7793.852066666666,9785.464960612444,8868.146955109625,8095.614544656436,8095.614544656436,9001.37,9001.37,7793.852066666666,7793.852066666666,10169.311389723964,10169.311389723964,9001.37,9001.37,14775.0
T000088,2007-03-31,9036.993,7283.151,8138.558,4031.7034,3883.6094,6369.0,8254.17063007265,8254.17063007265,8642.72147434226,8010.578677326395,8246.765424640982,8356.911336014608,8528.415856656004,8239.38687984353,8582.76070788282,8155.989656114088,8551.038104833338,8174.258857981036,8152.900666666666,8152.900666666666,8185.391690800016,8210.796875419406,8207.473440922247,8207.473440922247,8138.558,8138.558,8152.900666666666,8152.900666666666,7230.500473758694,7230.500473758694,8138.558,8138.558,5496.0
T000088,2007-06-30,9338.521,7576.8584,8323.601,4288.7896,2524.8228,7119.0,8511.90495556927,8511.90495556927,8893.130897409881,8232.425565664418,8353.26873829728,8590.946673455586,8684.968108671545,8446.961424412677,8767.06851371676,8345.847747494716,8803.003293516103,8301.866726136519,8412.993466666667,8412.993466666667,8300.371466228711,8419.768263455539,8461.691107813891,8461.691107813891,8323.601,8323.601,8412.993466666667,8412.993466666667,7023.078291145441,7023.078291145441,8323.601,8323.601,8016.0
T000089,2006-09-30,16563.729,15122.6045,19439.488,14081.433,21471.34,24370.0,17212.029641775538,17212.029641775538,17825.73447435705,18199.538327169354,18012.002205537436,19277.42180222454,17268.523352891814,19430.189784857896,17336.443795142804,19313.189419889695,17687.275275289736,18590.531753450905,17041.940499999997,16563.729,18400.38311462292,18310.79537016643,17145.545887783144,17145.545887783144,19439.488,19439.488,17041.940499999997,17041.940499999997,18870.491225339036,18870.491225339036,19439.488,16563.729,17657.0
T000089,2006-12-31,16210.984,12465.808,18743.635,13847.826,17072.36,15968.0,16149.978046228276,16149.978046228276,17322.419077360748,17176.406396590613,17163.57774942729,18361.265930451576,16556.00408031639,18733.700513154363,16688.056833388724,18600.437783679554,17048.8914110634,17989.61181264581,15806.809,16210.984,17562.94249806706,17044.22451964954,15961.998288650655,15961.998288650655,18743.635,18743.635,15806.809,15806.809,17221.062446067517,17221.062446067517,18743.635,16210.984,14531.0
T000089,2007-03-31,17094.047,11609.211,18610.994,14350.878,13293.305,19815.0,16230.130367637843,16230.130367637843,17759.747922194627,17050.12408121021,17261.861860646015,18083.060878211458,16956.82669769021,18602.758228962484,17126.02309768638,18483.372552408033,17397.45341429166,18111.69345987637,15771.417333333331,17094.047,17572.563393770586,16672.3004689187,15948.0876563214,15948.0876563214,18610.994,18610.994,15771.417333333331,15771.417333333331,16424.93053572853,16424.93053572853,18610.994,17094.047,17155.0
T000089,2007-06-30,17623.258,13383.589,18793.514,14431.291,16700.67,14742.0,16954.65007874041,16954.65007874041,18136.81615226491,17587.76774697998,17940.207977495065,18525.38760955116,17677.47949398844,18787.154576802273,17766.06195267376,18694.95181125073,17856.810126598324,18369.700979697252,16600.120333333332,17623.258,18146.615407702822,17320.861355021087,16736.629560167054,16736.629560167054,18793.514,18793.514,16600.120333333332,16600.120333333332,17700.19325579993,17700.19325579993,18793.514,17623.258,15623.0
T000090,2006-09-30,9021.319,8531.023,7389.219,5657.2104,8681.87,6418.0,8293.599681582875,8293.599681582875,8305.084039178128,7875.399281152181,8427.564627848536,7609.237474649688,8816.158289414983,7389.2527108955455,8726.559249200249,7389.266918029682,8303.57339456974,7934.774344762608,8313.853666666666,8364.136,8166.632764166117,7641.10068012053,8233.418308906252,8233.418308906252,7389.219,7389.219,8313.853666666666,8313.853666666666,8023.619172095756,7963.72171212003,7389.219,7389.219,5203.0
T000090,2006-12-31,9397.556,9699.206,7316.5205,5507.3477,8434.635,7286.0,8732.126398649834,8732.126398649834,8484.3090299544,7737.0556807799085,8591.021223532029,7445.427648186273,9093.733880912861,7316.545032139366,8990.554069012527,7316.552767589184,8539.125084299123,7937.32451315797,8804.4275,8382.903833333334,8267.096209574203,7586.015844483846,8654.96467013454,8654.96467013454,7316.5205,7316.5205,8804.4275,8804.4275,7974.226685236934,8080.195470074557,7316.5205,7316.5205,7830.0
T000090,2007-03-31,8908.713,8261.005,7342.936,5747.6826,4284.368,5902.0,8160.3464476500485,8160.3464476500485,8221.583395042713,6192.574881520948,7938.017119963072,5698.32542092857,8369.449296630832,7342.77153644002,8373.218575799412,7342.654568993936,8209.277070031054,7259.631571117464,8170.884666666666,6845.339,7758.8903972212365,7165.5764617098885,8102.692247355111,8102.692247355111,7342.936,7342.936,8170.884666666666,8170.884666666666,6725.4791518090215,6675.706769885133,7342.936,7342.936,5085.0
T000090,2007-06-30,10090.534,9174.446,7348.194,5876.5684,6126.3086,9734.0,8841.653023114994,8841.653023114994,8887.078462679829,6888.629440573097,8776.22763961529,6526.461231753441,9475.451864260043,7348.115885339773,9395.743612034199,7348.056942703124,8878.891324158294,7785.875739099085,8871.058,7855.012199999999,8394.010848236854,7440.609049296488,8740.575584175192,8740.575584175192,7348.194,7348.194,8871.058,8871.058,7446.1443775356365,7360.7022511597825,7348.194,7348.194,9761.0
T000091,2006-09-30,39499.633,30079.346,40021.242,31615.178,32695.768,36588.0,37108.658917690096,37108.658917690096,39728.53723483815,38764.72838469161,39044.46783900832,38928.12293068896,39014.552967237076,39404.23287516993,39187.4709847933,38807.72163418858,39142.68690480215,39577.68732638262,36533.407,33905.255333333334,39242.35340962403,38963.27310295558,36917.69122088801,36917.69122088801,40021.242,39499.633,36533.407,36533.407,37792.520329648505,36899.37636209357,40021.242,40021.242,38860.0
T000091,2006-12-31,43410.477,37101.414,41092.37,31054.89,32378.395,45866.0,40795.481742354474,40795.481742354474,42393.19296328294,41854.17585528425,41582.83934468262,42871.22938748059,42278.65771141764,43196.899315489296,42371.60933660673,42614.46766999709,42047.421059523775,42031.643340646384,40534.753666666664,36416.22466666666,41386.977337958655,41996.7201705816,40749.03670699489,40749.03670699489,41092.37,43410.477,40534.753666666664,40534.753666666664,39479.97335488922,40711.76346660452,41092.37,41092.37,55931.0
T000091,2007-03-31,44507.805,25431.895,40670.598,32159.152,47085.508,43572.0,37806.51094548206,37806.51094548206,42823.875213032035,44366.6988928467,43426.799023041174,43063.426211166865,44294.373963304904,44476.20130869074,44013.25575475227,42496.51229437452,41723.00973707184,42746.48540712406,36870.09933333333,32753.88166666666,42757.41085074658,44085.12120817484,37569.22946407995,37569.22946407995,40670.598,44507.805,36870.09933333333,36870.09933333333,43817.24421642453,37486.26623313329,40670.598,40670.598,47529.0
T000091,2007-06-30,43440.008,28715.264,40516.266,32412.66,39379.65,36746.0,38281.781698295636,38281.781698295636,42156.94554253829,42628.54017913356,42054.25886729021,42327.329819329054,42797.470439643475,43322.85955596795,42709.02265739594,41892.2502907964,41306.517296378806,41947.337073953626,37557.17933333333,33881.39666666667,41644.00782628514,42563.60698136872,38097.45680939902,38097.45680939902,40516.266,43440.008,37557.17933333333,37557.17933333333,41232.58768427804,38033.775476236005,40516.266,40516.266,38732.0
T000092,2006-09-30,32687.123,21923.35,32336.414,19733.973,25628.865,28299.0,29878.971638996103,29878.971638996103,32533.216960618298,31320.220322106714,31907.80274573684,31924.697422166384,32086.576969371577,31804.732674462342,32213.129491937972,32120.486852198057,31880.350383002522,32337.28265204367,28982.295666666665,24664.578999999998,31967.435116742225,28378.66572127978,29476.34586078179,29476.34586078179,32336.414,32336.414,28982.295666666665,28982.295666666665,30440.28377528795,30440.28377528795,32336.414,32687.123,31857.0
T000092,2006-12-31,36110.32,31282.35,32694.264,18841.191,22499.203,33818.0,33670.45663332579,33670.45663332579,34611.209200830024,32244.530646761283,33663.93142100283,32785.30666183374,34653.2259794197,32867.64178987682,34734.96855708707,32645.218131569498,34375.291647293445,33957.03963734601,33362.31133333333,27605.934999999998,33331.470615228754,28515.89835043703,33485.68351923662,33485.68351923662,32694.264,32694.264,33362.31133333333,33362.31133333333,30823.96588389271,30823.96588389271,32694.264,36110.32,39908.0
T000092,2007-03-31,38869.516,20191.055,33155.426,20422.676,27410.555,39997.0,32147.32800210689,32147.32800210689,36361.930051049174,34340.934865820105,35832.497955809675,34148.860879873726,37333.069322333395,34543.120434160395,37233.75570061449,33494.67883247244,35318.17994837476,35387.93292236091,30738.665666666668,24589.718999999997,35089.07509898376,29114.83489983012,31442.099727935023,31442.099727935023,33155.426,33155.426,30738.665666666668,30738.665666666668,33431.2134784831,33431.2134784831,33155.426,38869.516,54559.0
T000092,2007-06-30,36885.906,22795.209,32764.97,20801.531,26287.176,29627.0,31883.505327721865,31883.505327721865,35077.46384908435,33219.8887171094,34477.818791730395,33307.76871806891,35591.855916825014,33539.142127094674,35568.9638276412,32922.65917072976,34286.764569074396,34342.99983531825,30815.361666666664,25453.90333333333,33980.34112139133,29006.445063608524,31351.737008750046,31351.737008750046,32764.97,32764.97,30815.361666666664,30815.361666666664,32261.052715037236,32261.052715037236,32764.97,36885.906,32046.0
T000093,2006-09-30,15594.345,13160.35,11733.175,7041.499,10636.349,8785.0,13548.585802713835,13548.585802713835,13899.899228492992,10939.234151026072,13802.002312314911,10746.786319508268,14777.993792328536,11732.179333735648,14652.750012747747,11731.690035430536,13818.322901999005,12649.933522856343,13495.956666666665,12654.623,13253.518763950182,11207.048135446366,13352.86743845369,13352.86743845369,11733.175,11733.175,13495.956666666665,13495.956666666665,12273.069221060803,11677.975370051783,11733.175,10636.349,9428.0
T000093,2006-12-31,15931.732,18602.84,11661.465,6830.369,9301.075,11940.0,15144.411215942193,15144.411215942193,14057.757049050957,9952.889491660873,13842.43920987395,9680.117618864051,14937.487217609918,11659.401034993409,14822.922577960098,11658.62504936692,14295.876684017836,12502.051959451639,15398.679,12298.090666666667,13254.84727037311,10997.661862129968,14823.429959024174,14823.429959024174,11661.465,11661.465,15398.679,15398.679,11802.75695974615,12558.896693243605,11661.465,9301.075,13392.0
T000093,2007-03-31,15630.877,11713.025,11666.208,7234.8945,5649.2783,9358.0,13140.06499433249,13140.06499433249,13891.011461193131,7310.835065519557,13334.185656197289,6827.186263458663,14403.042755421255,11661.064569531814,14376.526318976994,11659.501214377393,13720.396471541622,11868.817477387862,13003.369999999999,10982.121099999998,12852.007579676621,10675.45160725896,12966.749577832627,12966.749577832627,11666.208,11666.208,13003.369999999999,13003.369999999999,10277.662614047056,9319.87160495067,11666.208,5649.2783,10363.0
T000093,2007-06-30,17616.316,13270.1045,11669.945,7373.9893,7696.4893,16582.0,14301.33423033577,14301.33423033577,15006.795259716124,8793.746959637814,14642.90393722382,8437.58098186637,16177.12899081803,11666.527907252721,16031.92858846166,11665.423450897437,14844.567843529698,12736.75879878825,14185.455166666667,12327.583433333333,13836.051382284963,10893.82583783138,14011.5697457641,14011.5697457641,11669.945,11669.945,14185.455166666667,14185.455166666667,11593.932117756449,10532.532842912788,11669.945,7696.4893,16091.0
T000094,2006-09-30,47503.46,42785.266,48771.977,35672.875,42210.973,41219.0,46561.60535289574,46561.60535289574,48060.13926217565,47047.13133799655,47446.53687244028,47031.7534736359,47220.29259886768,47642.87630279038,47405.90964354528,47562.438182547965,47749.12016374496,47609.333148046026,46353.56766666666,46353.56766666666,47741.373508753815,46403.708570653886,46639.06933188466,46639.06933188466,48771.977,47503.46,46353.56766666666,46353.56766666666,45811.34128890999,44062.69977634819,48771.977,42210.973,40058.0
T000094,2006-12-31,52343.01,45206.348,49418.285,34672.9,44118.746,51541.0,49167.091980991216,49167.091980991216,51059.51616029058,49326.834288433034,50568.4280718276,49325.842054277906,51368.662230223905,49675.93501014703,51367.070163079545,49684.32969877243,50673.671432189025,50411.839794341526,48989.21433333333,48989.21433333333,50226.98573539867,48749.72989802895,49295.51151322073,49295.51151322073,49418.285,52343.01,48989.21433333333,48989.21433333333,48284.506486491926,47053.34032232218,49418.285,44118.746,54114.0
T000094,2007-03-31,55121.04,43109.48,50094.06,36445.727,55140.773,61022.0,49737.958915275274,49737.958915275274,52914.987170300636,52756.157026032124,53391.62494061666,52779.70948724507,54573.99106199252,52162.40075768205,54275.784525335344,52299.53366141114,52267.40450389081,52970.88572518939,49441.526666666665,49441.526666666665,52570.29237346641,53192.20543507452,49954.341583270914,49954.341583270914,50094.06,55121.04,49441.526666666665,49441.526666666665,53661.44635220937,51614.58336892861,50094.06,55140.773,58988.0
T000094,2007-06-30,52218.57,39929.25,49476.637,36829.44,48374.516,45287.0,47579.26049268055,47579.26049268055,51015.2930716064,50160.914842595565,50915.615851881244,50166.883157135024,51613.10531432877,50162.145693945655,51530.91281357456,50203.52917364255,50310.79363642773,50727.409330134185,47208.15233333333,47208.15233333333,50531.47506142213,50009.890966813946,47795.06994472047,47795.06994472047,49476.637,52218.57,47208.15233333333,47208.15233333333,49920.299693560475,47126.659977213494,49476.637,48374.516,40491.0
T000095,2006-09-30,9971.4795,7389.6514,12158.733,2186.9668,12515.322,8087.0,10137.367076533294,11555.50935261024,10931.339450297164,12263.487969843336,10962.09566996303,11765.791496828453,10412.832302962473,12136.008928474836,10489.305537652688,12057.672151567975,10735.068449770806,11325.26607072122,9839.954633333333,8929.8905715244,11277.18245211455,10680.717129265158,10012.523965524913,11464.273180564101,12158.733,9971.4795,9839.954633333333,11548.511499999999,11555.103565132222,11555.103565132222,12158.733,12515.322,8458.0
T000095,2006-12-31,12748.2295,7324.2793,12680.1455,1479.7778,12255.213,14731.0,11300.513226355606,12568.381985792093,12718.351342367136,12405.577826387584,12678.783198831406,11555.693276893378,12701.524707396651,12460.840783830012,12707.782281368032,12452.958945872831,12387.469157183757,12626.797906586497,10917.551433333334,8782.006496862477,12675.829853924388,12476.470546110257,11196.479940592795,12582.965276131681,12680.1455,12748.2295,10917.551433333334,12561.196,12552.635967463873,12552.635967463873,12680.1455,12255.213,15071.0
T000095,2007-03-31,14193.8955,8411.669,13061.535,2669.316,8419.324,19960.0,12242.326857550135,11967.712190967357,13696.967506400506,10084.91854578473,13265.148542570023,8502.880835550546,13610.304080707829,10703.438224489266,13663.757520155428,10632.828958632224,13362.739537272737,12638.940027783336,11889.033166666666,8047.5925144793755,13175.859230697419,12277.031935306275,12167.384602469105,12141.439262326669,13061.535,14193.8955,11889.033166666666,11891.58483333333,11798.177884414665,11798.177884414665,13061.535,8419.324,18948.0
T000095,2007-06-30,12501.467,6212.644,12636.95,2921.7163,5924.8916,8584.0,10905.501269764185,10475.349147513909,12560.922708104303,8228.562374765064,11934.52901041309,6412.126970141262,11992.353222682634,9055.367895972886,12137.653160206355,8882.577545861965,12173.534706322534,11295.043252073381,10450.353666666666,7169.441480876496,12065.58780045363,10355.645665091186,10777.603106901523,10660.792558422525,12636.95,12501.467,10450.353666666666,10354.4362,10218.88936493467,10218.88936493467,12636.95,5924.8916,7685.0
T000096,2006-09-30,68936.14,48486.543,87602.43,24006.71,98474.836,69170.0,69355.54493631962,69355.54493631962,77127.7027025548,92357.13797643466,78120.65081029566,91113.06977961963,73326.38723673596,90124.70558098052,73815.59827447726,88505.0357363623,75549.68187820604,80810.76964935483,68341.70433333333,53365.22766666666,80679.95989300535,76590.3527277397,69331.82814555253,69331.82814555253,87602.43,68936.14,68341.70433333333,68341.70433333333,85081.63265605987,85081.63265605987,87602.43,98474.836,62972.0
T000096,2006-12-31,87883.6,35646.516,94421.12,18830.746,104353.67,124911.0,75947.16335753376,75947.16335753376,90752.54208753888,99678.78160445864,91671.74014841081,99075.42808328487,89909.10432320205,98452.28563712792,89952.59957485892,97108.79142028015,87440.23620897112,92864.56081414189,72650.412,49632.793999999994,92466.6435109595,91101.11977421059,74696.82006914391,74696.82006914391,94421.12,87883.6,72650.412,72650.412,95636.07467507492,95636.07467507492,94421.12,104353.67,152162.0
T000096,2007-03-31,91522.484,57578.5,92803.72,27262.625,61445.33,120163.0,82828.1298455271,82828.1298455271,92084.7449008416,74299.21840646672,89157.5208969844,75092.57852686956,89266.32134739154,76476.65625613318,89970.02659971837,80434.38404440957,89984.20846816062,88028.26557011202,80634.90133333333,59214.94833333333,89864.9579577707,81102.90633436275,81929.85605521272,81929.85605521272,92803.72,91522.484,80634.90133333333,80634.90133333333,81634.27313236753,81634.27313236753,92803.72,61445.33,122996.0
T000096,2007-06-30,81994.54,43211.68,91113.96,29027.574,47834.656,55420.0,74481.0681416997,74481.0681416997,85996.5297226997,64936.005904211306,81948.07121564224,65658.22373701943,80268.5634680634,67372.86404615174,81521.81659731492,72739.93265915292,83462.83757372873,81273.71278582135,72106.72666666665,54451.07133333333,84003.26414640469,70638.35147326795,73676.1149865854,73676.1149865854,91113.96,81994.54,72106.72666666665,72106.72666666665,73239.1287878439,73239.1287878439,91113.96,47834.656,52078.0
T000097,2006-09-30,19531.25,14867.704,23929.275,13793.4795,21499.441,23386.0,20107.325494534824,20107.325494534824,21461.290600189088,21781.970745023522,21229.531612568215,21881.172921848876,20168.018729523425,21845.508097331145,20387.472138835143,21794.921950213393,21098.95615173387,21616.913798880432,19442.743,17530.152833333334,21915.216165342055,20669.296350505974,19824.746766807606,19824.746766807606,23929.275,19531.25,19442.743,19442.743,21664.797104519523,21664.797104519523,23929.275,21499.441,21039.0
T000097,2006-12-31,22696.266,8638.075,25310.102,12705.814,24471.223,31885.0,20410.004348396906,20410.004348396906,23843.32851152184,24217.356036688714,23762.056794240576,24263.560641072334,23122.923446306213,24159.207456763914,23240.71620185271,24132.243655642495,22936.987485640362,24017.874305751244,18881.481,15551.330333333332,24159.548481812777,24151.21441464206,19790.517101700854,19790.517101700854,25310.102,22696.266,18881.481,18881.481,24220.18505063161,24220.18505063161,25310.102,24471.223,31358.0
T000097,2007-03-31,22734.127,17082.367,24695.033,14553.351,29344.87,28481.0,22158.94920807499,22158.94920807499,23594.656031361665,25475.352840327236,24026.234302419965,25398.772550898095,23474.75263129126,24595.133528103986,23452.928070051104,24601.95066269024,23214.38756688949,24441.34914591349,21503.842333333334,18776.917,24236.9915521019,25569.449709193523,21890.03349743544,21890.03349743544,24695.033,22734.127,21503.842333333334,21503.842333333334,26109.58982696419,26109.58982696419,24695.033,29344.87,28420.0
T000097,2007-06-30,20969.057,16128.377,24521.623,14921.332,24441.166,15066.0,21184.340494222568,21184.340494222568,22528.07419859513,23357.620433533466,22516.484755845788,23398.08888902374,21633.36065914334,23110.657073531638,21771.33814425284,23079.43840235904,22169.6621275566,22908.979573659686,20539.685666666664,18523.77733333333,23039.178768037076,22614.073728170544,20913.130271226844,20913.130271226844,24521.623,20969.057,20539.685666666664,20539.685666666664,23488.350911313366,23488.350911313366,24521.623,24441.166,14354.0
T000098,2006-09-30,50194.277,35741.72,61948.906,27345.506,58584.75,61639.0,52348.05996347948,52348.05996347948,55352.708616500604,58584.75,55025.32243456494,58125.17924996678,52145.51932026131,57976.61277687426,52666.71918109126,57473.37139262457,54262.56699445359,56254.84213041677,49294.967666666664,41678.710666666666,56806.11052189695,52270.98968799788,50699.550698074585,50699.550698074585,61948.906,61948.906,49294.967666666664,49294.967666666664,57099.37642524445,57099.37642524445,61948.906,58584.75,59983.0
T000098,2006-12-31,58594.08,22166.7,65986.76,24151.707,65216.867,85729.0,54493.02238625195,54493.02238625195,61838.302700918226,65216.867,61757.97534429903,64811.79870685362,59928.463281066135,64702.25162881007,60228.16167226608,64085.061458443684,59478.98031815428,62510.05861138893,48915.846666666665,37435.05566666667,62855.64972307629,60659.224227404084,51526.84935332651,51526.84935332651,65986.76,65986.76,48915.846666666665,48915.846666666665,63484.74065810432,63484.74065810432,65986.76,65216.867,89443.0
T000098,2007-03-31,57660.184,40207.246,63697.676,29590.803,59072.926,70680.0,56764.87562439371,56764.87562439371,60309.692514234644,59072.926,59871.26275096824,59086.63178375273,58431.628537427736,59045.001242015875,58759.79676711507,59433.72578475062,59135.715589680636,60548.36830487275,53855.035333333326,44498.575,60833.90507195431,57093.05117076259,55210.30097772447,55210.30097772447,63697.676,63697.676,53855.035333333326,53855.035333333326,60027.48132388615,60027.48132388615,63697.676,59072.926,76657.0
T000098,2007-06-30,53519.184,38233.867,63548.746,30447.473,47411.21,37708.0,54767.426729786246,54767.426729786246,57920.582778341115,47411.21,56403.41716135494,48162.922362995916,54127.192842939694,48194.97579026107,54848.829638578885,50729.690476254764,56809.587577756516,57661.299201695234,51767.26566666666,44076.69533333333,58142.61391954925,47808.59514999663,53152.38216617716,53152.38216617716,63548.746,63548.746,51767.26566666666,51767.26566666666,54009.66662251844,54009.66662251844,63548.746,47411.21,38661.0
T000099,2006-09-30,30273.844,24995.596,32483.012,22653.941,30496.188,35317.0,29827.430690707282,29827.430690707282,31243.320965828647,31627.36046745261,31055.41053898441,31783.665250068367,30532.654433547978,31739.30777212878,30658.882916607672,31511.89111726746,30881.583855533594,31238.718891893182,29250.817333333332,26575.0645,31412.52875280257,30928.64516482711,29617.073275204053,29617.073275204053,32483.012,32483.012,29250.817333333332,29250.817333333332,31044.55988686729,29390.817842971323,32483.012,30496.188,34036.0
T000099,2006-12-31,31873.838,23063.11,32807.277,21732.219,29420.316,35657.0,30116.36082946253,30116.36082946253,32283.47077102788,32431.0849746628,31966.393072991068,32227.699749836876,31780.257929357824,32413.00224349144,31886.76697735187,32255.06238838352,31727.746402640478,32123.94861711123,29248.074999999997,25576.2675,32159.481350713908,31363.71614086153,29776.845605818853,29776.845605818853,32807.277,32807.277,29248.074999999997,29248.074999999997,31191.893557484604,28472.813241857373,32807.277,29420.316,40744.0
T000099,2007-03-31,31688.934,26068.416,32384.896,23312.883,28519.793,32673.0,30604.748573966863,30604.748573966863,31994.351753693714,32096.7042111397,31632.93611650672,31803.358486427944,31512.42953792103,32048.833825179034,31619.807862926562,31898.546276130357,31638.08997420189,31792.53702271229,30047.41533333333,25916.338000000003,31799.09290407288,30894.784043750726,30387.741666683774,30387.741666683774,32384.896,32384.896,30047.41533333333,30047.41533333333,30650.546939618966,28928.697560253975,32384.896,28519.793,36207.0
T000099,2007-06-30,30876.064,26858.248,32458.217,23579.166,29835.033,26161.0,30499.69279367184,30499.69279367184,31570.380090906932,31838.51561023071,31323.817590741244,31823.51302976114,30965.802645626656,31887.883276558438,31081.25786532095,31695.871819735283,31296.7622706704,31492.839731498047,30064.17633333333,26707.0995,31599.457827002512,30974.309709165966,30339.98801250787,30339.98801250787,32458.217,32458.217,30064.17633333333,30064.17633333333,30953.292665089524,29705.182768978593,32458.217,29835.033,29173.0
T000100,2006-09-30,664704.7,548240.56,713479.1,509860.06,710492.7,711690.0,662194.3541448868,662194.3541448868,686108.9831156854,692220.6149139964,685774.296941096,695046.6101432999,673675.2480845343,682799.8226421244,675608.8671041034,688852.5263941145,678126.769984251,686296.1287209747,642141.4533333334,590526.5733333332,692981.7117483729,693383.6471915258,651813.6762598772,651813.6762598772,713479.1,664704.7,642141.4533333334,642141.4533333334,695347.4221627214,644490.9412346134,713479.1,664704.7,664370.0
T000100,2006-12-31,717228.25,514914.53,735817.75,493386.0,725723.2,845748.0,686885.356065036,686885.356065036,725386.1139814951,726085.6510771282,724422.9241429991,727206.5533459281,719933.7407117831,723253.1968469004,720857.6526024861,725343.3546625182,712675.1383307073,725250.2162128687,655986.8433333333,581372.76,727318.251955736,725105.7082593584,670532.4934534654,670532.4934534654,735817.75,717228.25,655986.8433333333,655986.8433333333,726174.2557435755,659820.3443133952,735817.75,717228.25,884486.0
T000100,2007-03-31,713124.0,542989.3,721706.9,520821.0,547668.3,747661.0,684837.7940025979,684837.7940025979,716890.541906279,686391.4763906392,700642.8002878266,687737.7859416873,700880.2507146571,699420.7985163326,704842.2816066418,696287.2754462779,706324.4462538881,712908.8584855633,659273.4,595172.4,704785.0994187422,659023.9371986599,671264.9868327202,671264.9868327202,721706.9,713124.0,659273.4,659273.4,665570.6675704686,662470.7418662931,721706.9,713124.0,752682.0
T000100,2007-06-30,691822.0,557362.1,721929.56,526041.0,534625.1,589977.0,678629.8868247295,678629.8868247295,705034.4790497164,675058.3516442422,687524.2897594727,677710.2651629697,682585.2588920088,684941.5174882596,687650.0076233137,684190.0037678098,696276.550155604,700858.9427113435,657037.8866666666,601777.5533333333,695045.1981440863,646305.4779649726,667310.7164576259,667310.7164576259,721929.56,691822.0,657037.8866666666,657037.8866666666,654145.8486271817,659652.2069622654,721929.56,691822.0,594550.0
T000101,2006-09-30,75308.39,64703.008,69962.11,59692.76,69761.05,75349.0,70800.13313742055,70800.13313742055,72962.21473724481,70679.23626156429,72949.59993750387,70357.94414854125,74283.01287093715,70032.27049575017,74082.09373463367,70065.70756331878,72406.29973436407,71960.17825704897,69991.16933333332,72635.25,72168.3300723764,71117.26739809423,70624.17416501907,70624.17416501907,69962.11,69962.11,69991.16933333332,69991.16933333332,71962.39731765483,70315.67454127508,69962.11,69962.11,72066.0
T000101,2006-12-31,78230.93,66376.586,71699.86,58706.75,80234.055,82003.0,72998.02987135388,72998.02987135388,75364.81844704681,74620.66952946593,76168.5683867253,73419.85079418517,77677.73171949135,72179.69694422855,77249.02429056366,72064.30197032516,74753.13199887399,75750.294754514,72102.45866666666,74965.39499999999,75068.73593738119,75440.18933533503,72771.16317819411,72771.16317819411,71699.86,71699.86,72102.45866666666,72102.45866666666,76125.81524429686,72450.78055273237,71699.86,71699.86,83143.0
T000101,2007-03-31,73920.89,59248.305,69746.266,60547.125,49016.4,53356.0,68807.95967827286,68807.95967827286,72088.88726910972,65514.944843826204,70159.57933988392,67158.13347704051,71481.36259631926,68877.5288373309,71753.89673082344,69269.74463530471,71263.50070096753,67534.89368726558,67638.487,71833.57800000001,69890.28815141249,65190.5346978118,68739.70254467003,68739.70254467003,69746.266,69746.266,67638.487,67638.487,66663.0582508409,68171.00759547204,69746.266,69746.266,55325.0
T000101,2007-06-30,79018.516,66964.94,70071.25,61064.82,46728.92,70030.0,72892.87386197774,72892.87386197774,75092.0747813413,65913.48539912741,72924.50775015366,67493.85074919571,75469.8164481972,69155.92833731128,75613.77336029151,69621.28980773671,74510.39283898001,69197.53014666718,72018.23533333333,74544.883,71998.07318957582,65901.29234034948,72536.79079048209,72536.79079048209,70071.25,70071.25,72018.23533333333,72018.23533333333,68224.36624386512,72312.59081712966,70071.25,70071.25,78124.0
T000102,2006-09-30,7562.4834,5798.95,8015.8096,6473.916,7582.0796,8524.0,7275.268759074195,7275.268759074195,7761.422235302082,7710.937893083656,7720.434052998171,7762.609013911675,7613.518346676605,7839.330050678817,7639.964026754784,7806.290601523665,7645.535197261444,7763.619884667447,7125.747666666666,6762.891866666666,7794.146645339968,7578.12663401959,7222.509522921788,7222.509522921788,8015.8096,8015.8096,7125.747666666666,7125.747666666666,7736.538160867446,7736.538160867446,8015.8096,8015.8096,9123.0
T000102,2006-12-31,8169.79,5114.7393,8150.1323,6217.4434,8731.973,9005.0,7384.846917740628,7384.846917740628,8161.1633643837085,8346.629774459481,8215.471948568753,8310.262981782722,8212.428983117621,8247.144874493784,8199.529929924569,8257.968872497508,7974.466858703903,8221.493107912009,7144.887199999999,6494.105,8202.949684661799,8548.437138781617,7289.672430419183,7289.672430419183,8150.1323,8150.1323,7144.887199999999,7144.887199999999,8364.681308060459,8364.681308060459,8150.1323,8150.1323,9843.0
T000102,2007-03-31,8107.015,6107.042,8041.912,6613.943,9407.49,8279.0,7574.507754221218,7574.507754221218,8078.445032072553,8509.939169288316,8205.928878105888,8423.52448986663,8203.507733355214,8274.103710408057,8172.506033920088,8300.587230325933,7957.137479265011,8217.999271545928,7418.656333333333,6920.965666666666,8173.7557248668245,8982.818284509183,7511.957172389937,7511.957172389937,8041.912,8041.912,7418.656333333333,7418.656333333333,8550.617397320544,8550.617397320544,8041.912,8041.912,9015.0
T000102,2007-06-30,7826.8726,6666.8867,8042.006,6686.633,8843.6455,6399.0,7608.304468370192,7608.304468370192,7921.282294455288,8225.27468893252,7995.828370606517,8188.731777087202,7931.348882728113,8118.152443452942,7922.869948386224,8119.277528079721,7846.50669893841,8030.4479030317725,7511.921766666666,7131.841899999999,8014.1225160262675,8513.04950372441,7573.2117416724295,7573.2117416724295,8042.006,8042.006,7511.921766666666,7511.921766666666,8271.710964265294,8271.710964265294,8042.006,8042.006,6083.0
T000103,2006-09-30,10719.066,9440.61,9848.9795,7861.6763,9569.182,9198.0,10060.327638097293,10060.327638097293,10337.235002978287,10012.737182434164,10312.12971614375,9952.360150284812,10532.50739593478,9949.303953499875,10504.96583560756,9969.037362650626,10274.16112125612,10234.667422694209,10002.885166666667,10045.7425,10189.073514084408,9771.646060100657,10042.527178560234,10042.527178560234,9848.9795,9848.9795,10002.885166666667,10002.885166666667,10052.210166807656,9968.271673764508,9848.9795,9848.9795,9667.0
T000103,2006-12-31,10910.744,10465.479,10033.771,7792.8174,9377.945,10854.0,10474.643699982207,10474.643699982207,10525.890913610172,10135.656882188476,10465.70991697122,10086.85755256249,10692.930258806653,10114.425662719128,10672.973399822242,10137.79779965981,10513.94789872183,10396.99780747898,10469.998,10107.486666666668,10347.871461187271,9916.042594135582,10459.737963391177,10459.737963391177,10033.771,10033.771,10469.998,10469.998,10142.654381195716,10425.661390339135,10033.771,10033.771,10564.0
T000103,2007-03-31,10749.08,8611.435,9873.739,7944.602,7617.4263,9340.0,9856.307303267704,9856.307303267704,10364.943104686736,9704.775322921669,10155.434120948334,9707.722160508963,10404.077230167233,9866.56074320924,10417.590226966924,9904.811284597134,10249.35873537144,10126.969375885792,9744.751333333332,9413.415099999998,10064.344983142044,9343.016163672884,9835.33436863865,9835.33436863865,9873.739,9873.739,9744.751333333332,9744.751333333332,9571.271154292013,9719.469384979726,9873.739,9873.739,7997.0
T000103,2007-06-30,11293.328,8990.496,9887.9,7982.1084,7548.1636,10275.0,10165.041162199492,10165.041162199492,10676.566362528054,9833.411192150257,10459.883110894352,9796.767225169562,10841.600861471166,9946.607684054185,10836.517806651987,9996.06963177086,10560.127406866655,10382.045497411305,10057.241333333332,9576.463866666665,10292.382175492257,9356.382057931864,10135.43263955972,10135.43263955972,9887.9,9887.9,10057.241333333332,10057.241333333332,9731.58966138849,10003.995300707229,9887.9,9887.9,9417.0
T000104,2006-09-30,9186.446,8751.747,8432.056,6914.6416,8281.772,7567.0,8798.718078197251,8653.314471287365,8855.387552543098,8281.772,8842.232968454902,8280.229478848818,9032.047758894356,8311.96967375884,9006.241663492849,8358.691754346071,8841.950344314504,8439.534567013,8790.082999999999,8633.424666666666,8734.010744821742,8675.86790523686,8755.840219062711,8617.718652443487,8432.056,8432.056,8790.082999999999,8633.424666666666,8541.13091576396,8541.13091576396,8432.056,8281.772,7196.0
T000104,2006-12-31,9992.446,8522.675,8757.34,6799.4927,9739.146,10192.0,9152.979491527029,9493.645125071336,9450.428906978213,9739.146,9543.451277285569,9610.507682967402,9837.474100139649,9533.030008433276,9769.594492985081,9174.941166380333,9382.017673957373,9107.08010757963,9090.820333333333,9496.310666666666,9345.929484838474,9316.610131011692,9078.986742899484,9421.891805882547,8757.34,8757.34,9090.820333333333,9496.310666666666,9454.810769325428,9454.810769325428,8757.34,9739.146,10919.0
T000104,2007-03-31,9515.571,8269.906,8472.357,7016.2427,7481.205,7385.0,8805.382034398486,8539.69110110513,9057.764285693996,7481.205,8966.488277754554,7570.957484284096,9239.658928458224,7686.728516912613,9220.323370115333,8032.943261259128,8999.721877589127,8267.387517748655,8752.611333333334,8489.711,8829.807115639313,8530.052714007523,8742.8639216359,8499.063729653913,8472.357,8472.357,8752.611333333334,8489.711,8292.157060798576,8292.157060798576,8472.357,7481.205,8251.0
T000104,2007-06-30,9912.82,8437.348,8502.573,7091.264,6775.714,9053.0,9009.04567017275,8475.703768305733,9293.943580176361,6775.714,9134.447597154689,6945.2407522786325,9509.005772775065,7134.630112997826,9490.945133231713,7742.842932584316,9228.242387437534,8119.118490889083,8950.913666666667,8397.035666666667,8956.08799089825,8399.029162596327,8925.574606843307,8425.029498328742,8502.573,8502.573,8950.913666666667,8397.035666666667,8095.4313658763895,8095.4313658763895,8502.573,6775.714,8549.0
T000105,2006-09-30,7742.7305,6332.9194,7177.1323,5578.4014,7609.2334,7017.0,7168.059978992422,7511.562613074699,7494.52193151895,7467.116802548611,7535.487164792383,7465.1543012878365,7670.369201862511,7378.855836324923,7639.650083655498,7228.321304956197,7418.08777730401,7342.539565115472,7084.260733333333,7509.698733333333,7445.324932310292,7237.325028161573,7123.505827737951,7474.260240283038,7177.1323,7177.1323,7084.260733333333,7509.698733333333,7490.947222093615,7125.363865825038,7177.1323,7609.2334,6229.0
T000105,2006-12-31,8479.382,5824.537,7550.1743,5436.8604,8556.694,9268.0,7445.469397123768,8189.088198283671,8071.6061035445855,8225.65305835048,8166.582720762623,8241.315675292708,8384.131440886447,8022.306844423078,8327.472104157801,7674.324730966604,7925.297971024345,7887.222529500936,7284.697766666666,8195.416766666665,8013.544075856951,7700.368214521394,7369.47963397149,8122.307949656593,7550.1743,7550.1743,7284.697766666666,8195.416766666665,8181.745404906123,7492.288362162314,7550.1743,8556.694,10088.0
T000105,2007-03-31,7944.8286,5920.5176,7214.6675,5684.043,6364.32,5806.0,7148.786437922949,7221.591119252474,7624.402825321882,6643.996430704054,7545.904164493494,6589.1074374126465,7739.236599927459,6811.168437296109,7728.972622261863,7099.666274647017,7513.221358940911,7118.186051766252,7026.671233333333,7174.605366666666,7452.833251503012,6973.70041011992,7089.584412055054,7199.5312484666965,7214.6675,7214.6675,7026.671233333333,7174.605366666666,7069.054400741406,6547.09261685073,7214.6675,6364.32,6748.0
T000105,2007-06-30,8189.349,6780.77,7276.6,5788.599,6271.745,7116.0,7491.706856393626,7302.792834067697,7788.7958817748895,6602.238427422462,7696.0914416495725,6541.405295615223,7936.976697640896,6800.232601038333,7922.932597294081,7141.681399672817,7718.500617007255,7168.790526830632,7415.573,7245.897999999999,7578.78380796257,7034.688581925944,7426.9516506146465,7274.1392200784885,7276.6,7276.6,7415.573,7245.897999999999,7117.310595527128,6756.785078933469,7276.6,6271.745,7462.0
T000106,2006-09-30,3565.126,3150.5403,3614.033,2572.4844,3745.2559,3255.0,3480.388231241996,3480.388231241996,3586.588473640656,3628.2422740669613,3598.7754216679105,3578.8698144162217,3584.812894483916,3616.632028527606,3583.950226362393,3614.6064051976346,3560.352000886942,3603.999348740759,3443.2331,3641.471633333333,3603.7793080149813,3617.9619821249344,3475.655342367833,3475.655342367833,3614.033,3614.033,3443.2331,3443.2331,3648.4376267064913,3539.244903722961,3614.033,3614.033,2935.0
T000106,2006-12-31,3952.859,2783.3762,3890.032,2507.4744,4378.9595,5127.0,3641.364740995295,3641.364740995295,3925.287837765115,3942.974777871653,3970.9771917222115,3876.9669785485094,3979.9461553936535,3906.5352369978227,3967.330258324884,3894.023152180314,3854.785764878382,3948.3662490219454,3542.0890666666664,4073.950166666666,3953.6585386378088,3898.9285735181465,3620.730418465392,3620.730418465392,3890.032,3890.032,3542.0890666666664,3542.0890666666664,4082.1301503047944,3774.4043383869957,3890.032,3890.032,4769.0
T000106,2007-03-31,3678.1763,3176.6108,3652.058,2615.0708,2636.1028,3143.0,3544.8816429133294,3544.8816429133294,3666.714478066764,3542.0468214895864,3571.955428354808,3494.604663053721,3592.312750863878,3622.12535293236,3612.51690643311,3644.9504330503487,3636.4632451489333,3592.0395906316726,3502.2816999999995,3322.1123666666663,3584.9502732708283,3629.90020616858,3536.0620280916573,3536.0620280916573,3652.058,3652.058,3502.2816999999995,3502.2816999999995,3293.7510110892226,3162.9811608128834,3652.058,3652.058,3266.0
T000106,2007-06-30,3812.3247,3163.5693,3703.686,2662.9226,1964.3596,3341.0,3612.8984908181496,3612.8984908181496,3764.649413535789,3515.345660703272,3602.4943495624398,3468.806590763937,3653.2567429831297,3654.2198950282195,3685.393968034991,3692.0015794414617,3726.828079963896,3625.9030127310975,3559.8599999999997,3160.123433333333,3615.360434703671,3664.253618493845,3598.7752543419942,3598.7752543419942,3703.686,3703.686,3559.8599999999997,3559.8599999999997,3106.9317518588305,2938.3572283704198,3703.686,3703.686,3079.0
T000107,2006-09-30,2363.164,2308.495,2567.975,2245.2307,2917.4023,2927.0,2421.8206431338303,2421.8206431338303,2453.0437858960163,2627.275047975785,2485.41012828884,2602.0160113911015,2429.6675522143746,2537.064182222877,2430.231693003677,2558.3104112060614,2446.1194770017364,2465.7375770637545,2413.211333333333,2616.1804333333334,2509.6796559648656,2514.235490730732,2420.5908099852695,2420.5908099852695,2567.975,2567.975,2413.211333333333,2413.211333333333,2577.9550268268395,2414.7214536533306,2567.975,2567.975,2799.0
T000107,2006-12-31,2354.4946,1982.7617,2522.9514,2224.7761,2715.6565,2430.0,2320.637258729883,2320.637258729883,2428.420615285937,2544.7181015060537,2446.206487525531,2532.2552290281596,2401.649873746556,2488.189198292798,2404.0905360048,2508.6972551823146,2402.7196279970526,2437.409460956516,2286.7358999999997,2531.0341666666664,2467.7366910811606,2438.432117985442,2303.1751590568783,2303.1751590568783,2522.9514,2522.9514,2286.7358999999997,2286.7358999999997,2508.2130671627265,2285.863770441685,2522.9514,2522.9514,1992.0
T000107,2007-03-31,2383.4978,2119.6917,2505.8142,2266.714,2240.2542,2511.0,2360.4489183267065,2360.4489183267065,2437.1754435033836,2405.977257581216,2412.258007421796,2432.521388938765,2385.435837560097,2480.7479595312343,2395.6717213393044,2468.4671636058215,2418.8879800656505,2442.6996452484914,2336.3345666666664,2376.5220666666664,2434.607334730407,2445.1985536465013,2348.0772423190756,2348.0772423190756,2505.8142,2505.8142,2336.3345666666664,2336.3345666666664,2396.8578904169744,2335.740839173278,2505.8142,2505.8142,2479.0
T000107,2007-06-30,2432.998,2040.895,2521.9233,2276.981,2564.8347,2200.0,2365.91131971032,2365.91131971032,2472.022207316692,2516.6400517256457,2475.9236627975783,2515.2238480387696,2453.2051951254343,2497.9754998709245,2455.7212145634053,2510.4829425975654,2446.4632229524614,2472.8828980833455,2331.9387666666667,2506.5853333333334,2488.2632416324072,2453.1392221522756,2346.8325550156806,2346.8325550156806,2521.9233,2521.9233,2331.9387666666667,2331.9387666666667,2499.8916260461488,2330.2110851623966,2521.9233,2521.9233,2482.0
T000108,2006-09-30,3322.6084,3121.5886,2926.5342,2331.6082,2875.5603,2713.0,3132.405738918518,3132.405738918518,3148.794179597112,2926.5342,3144.4934787194356,2926.181630772935,3243.7702141835516,2926.51955870422,3229.6383802323962,2926.6243756509125,3143.405081959214,3065.244108110875,3123.5770666666663,3124.5713,3087.211415230182,3025.232153702421,3114.1054068716976,3114.1054068716976,2926.5342,2926.5342,3123.5770666666663,3123.5770666666663,3057.667130977419,3118.9347352541577,2926.5342,2926.5342,2600.0
T000108,2006-12-31,3406.025,3487.6448,3038.5312,2298.7048,3209.4082,3576.0,3297.7294100386657,3297.7294100386657,3244.7530758254516,3038.5312,3261.1183153968273,3041.604824257564,3350.2556731924756,3038.65696238332,3332.589624518686,3038.966039611154,3256.168872089196,3198.1801603298177,3310.7336666666665,3222.2781,3204.355956754599,3174.28193452287,3283.4236001961217,3283.4236001961217,3038.5312,3038.5312,3310.7336666666665,3310.7336666666665,3214.4663360233317,3289.247359204108,3038.5312,3038.5312,3427.0
T000108,2007-03-31,3296.1345,2880.443,2938.2837,2364.8296,2312.524,2156.0,3064.7669256420836,3064.7669256420836,3139.094334741698,2938.2837,3081.1219384040646,2928.9290401994176,3178.7244790441305,2937.900213261775,3178.056733556834,2937.432079262403,3119.8947343683403,2981.3749398240693,3038.2870666666668,3117.2091,3038.9699173097924,3001.386974019035,3045.898388987319,3045.898388987319,2938.2837,2938.2837,3038.2870666666668,3038.2870666666668,2912.5753282700325,3049.0893479567685,2938.2837,2938.2837,2755.0
T000108,2007-06-30,3615.6653,3008.9104,2940.2446,2387.1653,2223.769,3403.0,3224.194614489181,3224.194614489181,3319.261943218687,2940.2446,3253.1906792733353,2929.830291369113,3431.072544754751,2939.81753767655,3420.1144107120094,2939.385050447356,3293.9116241066686,3087.4819407651703,3188.273433333333,3277.9549500000003,3165.9358637279947,2994.831307356143,3190.3549328245745,3190.3549328245745,2940.2446,2940.2446,3188.273433333333,3188.273433333333,3007.280117162582,3197.268333703554,2940.2446,2940.2446,4177.0
T000109,2006-09-30,5119.316,4206.42,5542.132,4613.176,5555.198,5475.0,5043.870467837333,5043.870467837333,5304.865660679407,5323.552475494327,5305.59880496542,5281.1660749110315,5200.183151705446,5323.952421235044,5216.132222460132,5303.185470370523,5241.5902329344835,5284.9349359832095,4955.955999999999,4787.242666666667,5367.433286487599,5260.001041127836,5009.610930589343,5009.610930589343,5542.132,5119.316,4955.955999999999,4955.955999999999,5359.5881024215105,4947.564497839556,5542.132,5119.316,6143.0
T000109,2006-12-31,5477.4116,3980.1978,5721.8296,4499.0234,6076.825,6582.0,5192.046572058879,5192.046572058879,5584.672623622426,5668.299591874827,5617.512954035285,5626.927694197857,5551.83638895831,5647.7778103994315,5553.803871815781,5628.361997268041,5488.739375869907,5581.8338508142615,5059.813,4733.683599999999,5647.502829773317,5663.197318219536,5140.567640965371,5140.567640965371,5721.8296,5477.4116,5059.813,5059.813,5691.769884671113,5062.504130042617,5721.8296,5477.4116,6596.0
T000109,2007-03-31,5508.9053,4184.171,5629.046,4690.44,5600.8057,6005.0,5221.815778404534,5221.815778404534,5561.628153720736,5560.240501556096,5558.855250216706,5549.748077258722,5529.337811813346,5562.262715112658,5534.536606350999,5557.043470487799,5478.425316239294,5555.166447827702,5107.3741,4834.552333333333,5576.954412761934,5539.273381821958,5177.275281118662,5177.275281118662,5629.046,5508.9053,5107.3741,5107.3741,5570.237105657103,5113.277341157226,5629.046,5508.9053,6093.0
T000109,2007-06-30,5340.7783,4261.6436,5616.175,4733.5107,4766.6885,4484.0,5170.815864152144,5170.815864152144,5461.6340959898125,5293.967579127392,5382.060134388329,5308.018339182945,5325.1009523367065,5345.476850262074,5353.398331000798,5350.251789868482,5390.755886603478,5427.211005712938,5072.865633333333,4870.4431,5436.546877809946,5174.452436334575,5132.671158281307,5132.671158281307,5616.175,5340.7783,5072.865633333333,5072.865633333333,5310.921800374901,5071.16923545491,5616.175,5340.7783,5513.0
T000110,2006-09-30,8952.344,6832.9517,8465.041,5152.4014,7160.792,8064.0,8218.117718433792,8218.117718433792,8738.494698417142,8780.959697505816,8617.367724930635,8775.159375978725,8756.444357690938,8754.475173664297,8764.972263846483,8745.110755872833,8617.250210627451,8725.801239295353,8083.445566666665,8083.445566666665,8567.45600231969,8296.62765481748,8173.4600249356845,8173.4600249356845,8465.041,8952.344,8083.445566666665,8083.445566666665,8303.987318045758,8150.741083674122,8465.041,8952.344,10120.0
T000110,2006-12-31,9377.48,8439.102,8634.062,4992.9033,6645.087,9380.0,8862.269379960771,8862.269379960771,9051.236533236766,9116.02013746761,8866.518662366116,9107.204079917303,9078.68038414681,9075.63099154388,9091.67456441244,9061.357764046792,9006.770864887923,9044.129054214081,8816.881333333333,8816.881333333333,8790.36197961471,8377.338702939334,8845.697069589058,8845.697069589058,8634.062,9377.48,8816.881333333333,8816.881333333333,8388.560238626436,8837.521734745336,8634.062,9377.48,10843.0
T000110,2007-03-31,9342.856,6398.753,8514.502,5266.6846,5391.2188,8556.0,8268.360560038875,8268.360560038875,8979.339000590257,9051.5241746095,8688.887289122904,9002.406483952116,8937.660067713863,8988.512564035367,8971.072201090517,8957.13364426275,8813.560033888376,8978.44268326714,8085.370333333332,8085.370333333332,8619.053935722393,7983.7102288305905,8207.243805515114,8207.243805515114,8514.502,9342.856,8085.370333333332,8085.370333333332,8003.638945087967,8176.224907854575,8514.502,9342.856,9898.0
T000110,2007-06-30,9468.498,6894.2275,8528.701,5326.807,5624.388,8167.0,8451.330184623788,8451.330184623788,9056.075067903,9137.971708696385,8786.181447527411,9109.934661687632,9059.705480356315,9079.172086858716,9084.271377019153,9054.475993538774,8914.884917174848,9059.248325810673,8297.142166666667,8297.142166666667,8696.366201032737,8098.952814775507,8399.197793051666,8399.197793051666,8528.701,9468.498,8297.142166666667,8297.142166666667,8116.330559510729,8372.844724791245,8528.701,9468.498,9531.0
T000111,2006-09-30,12944.218,10024.223,10325.94,6482.4453,8632.723,8262.0,11196.34290603087,11196.34290603087,11795.206149775891,10198.191865891626,11640.237303918382,10268.43665393298,12315.01139452649,10325.153977149539,12249.901104985027,10326.137473312663,11662.166584977844,11053.624120907343,11098.126999999999,11098.126999999999,11284.034334821177,10328.924315469463,11113.823283345697,11113.823283345697,10325.94,10325.94,11098.126999999999,11098.126999999999,10696.104712146986,11040.25892821519,10325.94,10325.94,10725.0
T000111,2006-12-31,13591.252,13547.65,10561.884,6317.8164,8219.863,11857.0,12476.388373648151,12476.388373648151,12261.836357089007,10385.18555391032,12046.806256483967,10474.2720150663,12832.748241490477,10560.598256434987,12765.408633902862,10561.708815601922,12312.078898119029,11371.584231873783,12566.928666666667,12566.928666666667,11641.019776009392,10469.629147732403,12367.133043868724,12367.133043868724,10561.884,10561.884,12566.928666666667,12566.928666666667,10879.574918981736,12478.857032885508,10561.884,10561.884,15448.0
T000111,2007-03-31,13260.448,9043.637,10345.998,6619.6313,4954.021,8916.0,11051.861769936319,11051.861769936319,11981.463267711963,9939.189539592815,11481.738864785617,10088.93131130223,12280.676368808454,10341.676709337577,12281.40798805472,10342.520943495765,11774.201574094313,10860.768736595102,10883.360999999999,10883.360999999999,11143.335554581481,9472.79870326762,10964.001366505407,10964.001366505407,10345.998,10345.998,10883.360999999999,10883.360999999999,9745.193825500704,10825.067472389828,10345.998,10345.998,11690.0
T000111,2007-06-30,14190.4,10155.643,10341.205,6713.378,5801.5225,12576.0,11691.009569719785,11691.009569719785,12501.2093682858,9998.699598259147,12082.07866744648,10143.799347415936,13102.046577107969,10338.034594368422,13049.125584947245,10339.333998512026,12321.420176291345,11238.391874695117,11562.416,11562.416,11592.378602393013,9833.148824022604,11568.629395361273,11568.629395361273,10341.205,10341.205,11562.416,11562.416,10293.2527604499,11475.708950538545,10341.205,10341.205,14014.0
T000112,2006-09-30,24130.55,20970.047,22845.928,18351.598,21263.635,21004.0,22829.180716200317,22829.180716200317,23566.803178211558,22978.83781000393,23420.650892511738,22858.976352965106,23761.96970893906,22851.745002332766,23745.7112586178,22853.811959961145,23395.744855254423,23194.446580433556,22648.841666666667,22648.841666666667,23258.33301086702,22882.122582162723,22774.74087208242,22774.74087208242,22845.928,22845.928,22648.841666666667,22648.841666666667,22792.913207794707,22682.522412052815,22845.928,24130.55,21111.0
T000112,2006-12-31,25846.36,22320.7,23857.486,18020.533,24322.246,28325.0,24195.30548859441,24195.30548859441,24973.557419600736,24435.88362379863,25019.205435424956,24025.007417893426,25507.890485584892,23908.742049595265,25421.88413491579,23896.788154169764,24792.44374160401,24708.988213260196,24008.182,24008.182,24719.627598572883,24312.900322946127,24114.754503014756,24114.754503014756,23857.486,23857.486,24008.182,24008.182,24706.914923326647,24050.472856438475,23857.486,25846.36,27797.0
T000112,2007-03-31,24969.46,20091.596,22983.229,18611.652,21227.059,20761.0,22959.670200693545,22959.670200693545,24097.81728051701,23276.986199044564,23936.24851516486,23038.297033951352,24454.56689672591,23002.230091610174,24415.019812838065,23001.836661834735,23833.87123885583,23595.973724117117,22681.42833333333,22681.42833333333,23673.84513774222,23133.78550884917,22875.52146738499,22875.52146738499,22983.229,22983.229,22681.42833333333,22681.42833333333,23121.890428594626,22733.44088856107,22983.229,24969.46,20331.0
T000112,2007-06-30,25415.266,21055.08,23154.637,18801.145,17919.129,22799.0,23444.77449424559,23444.77449424559,24423.205756603278,23075.154672702825,23937.32857941772,23053.705126142984,24571.39821390954,23129.34181501101,24593.948387943714,23145.723470012275,24195.74632803106,23505.626563469646,23208.327666666664,23208.327666666664,23692.285915133885,22882.460077559183,23352.25397647248,23352.25397647248,23154.637,23154.637,23208.327666666664,23208.327666666664,22277.95871201216,23258.939277137848,23154.637,25415.266,22109.0
T000113,2006-09-30,6898.666,5057.417,7395.509,3069.6392,7524.0386,5714.0,6616.216253408601,6616.216253408601,7116.701859714247,7392.137602638349,7128.12273338225,7405.6529565253195,7002.707211813237,7410.66738708222,7019.086317463731,7338.214662721839,6995.296747623506,7235.281260602456,6450.530666666667,5174.188400000001,7198.908649540815,7185.130494615496,6514.59409088201,6514.59409088201,7395.509,7395.509,6450.530666666667,6450.530666666667,7273.824300813506,6547.314314256433,7395.509,7524.0386,6793.0
T000113,2006-12-31,8214.574,4306.662,7937.755,2755.189,8629.945,10348.0,7130.706549553381,7130.706549553381,8093.09403822085,8350.50816862701,8157.993801909489,8428.098475844761,8217.45234946706,8362.636856427012,8192.383680402736,8206.11578774773,7858.674338352831,8168.355951447938,6819.663666666666,4999.868666666666,8105.903722384401,8353.393227568955,6927.494631716851,6927.494631716851,7937.755,7937.755,6819.663666666666,6819.663666666666,8281.652538074415,7144.621438710851,7937.755,8629.945,11000.0
T000113,2007-03-31,8197.764,5408.003,7696.1157,3263.4001,4981.395,8938.0,7313.398764583382,7313.398764583382,7977.619370077287,6308.987487792264,7724.911254220031,6007.266418592795,7886.795743232992,6214.291454910021,7924.214301786288,6953.778947622065,7815.583352959097,7379.589956366492,7100.627566666666,5455.839599999999,7696.256749249725,6898.564191962282,7171.179384167124,7171.179384167124,7696.1157,7696.1157,7100.627566666666,7100.627566666666,6884.565555535606,6184.955883373061,7696.1157,4981.395,9000.0
T000113,2007-06-30,7751.7163,4849.776,7638.573,3402.3477,4133.2324,5881.0,6980.48208382162,6980.48208382162,7702.064203288551,5769.442757139496,7375.1444162770185,5378.980311267498,7451.114577867172,5663.040611602459,7519.941306132223,6575.582872566569,7526.374451874146,7031.869560264224,6746.688433333333,5296.898899999999,7416.600965123562,6328.345942734244,6828.714950333846,6828.714950333846,7638.573,7638.573,6746.688433333333,6746.688433333333,6409.746975339642,5560.984648046231,7638.573,4133.2324,6345.0
T000114,2006-09-30,51513.72,35626.695,59146.14,9930.561,65567.984,40627.0,50206.14114013509,50206.14114013509,54863.150818991526,61422.997222305516,55453.540160742086,57953.93409931616,53466.26985742455,61342.270801190345,53625.051736768364,59614.86836579713,53757.18646841195,58392.299965387225,48762.185,34901.132,56467.27687796108,65010.04445626029,48978.0713509545,48978.0713509545,59146.14,51513.72,48762.185,48762.185,58737.61066483158,58737.61066483158,59146.14,65567.984,38993.0
T000114,2006-12-31,66122.81,26927.158,64764.426,6122.168,73493.93,89779.0,55915.32875748104,55915.32875748104,65526.69327245815,68932.45435316721,66342.72094312066,63886.51943909613,66561.7567290117,68596.85983008068,66327.42835377918,67237.09810806077,63150.73765560682,67467.20565070135,52604.797999999995,32604.584000000003,65998.77760721948,81491.3318466314,53091.30949624948,53091.30949624948,64764.426,66122.81,52604.797999999995,52604.797999999995,68212.80054596641,68212.80054596641,64764.426,73493.93,92538.0
T000114,2007-03-31,67270.75,41472.535,62555.453,12064.844,29479.113,77791.0,59230.857089107696,59230.857089107696,65201.476939489934,47664.549251517725,62120.85893328291,41358.81964565098,63745.606844951195,48746.286552755526,64255.10760486612,54729.21379887719,63704.38774236232,55447.598492401434,57099.57933333333,38697.61066666667,61976.72257038538,67234.23255789578,57411.0687902138,57411.0687902138,62555.453,67270.75,57099.57933333333,57099.57933333333,52854.66909298836,52854.66909298836,62555.453,29479.113,82178.0
T000114,2007-06-30,61366.688,33605.6,61740.21,13620.455,19975.057,42493.0,54598.91408188353,54598.91408188353,61530.60535496361,42358.989793183275,57633.468981823906,36381.4382704989,58110.133697033896,43846.68687114365,58996.23571294775,50868.26934071976,59824.45979327317,50755.072834014376,52237.499333333326,36322.08833333333,58380.06671273685,58565.9315052068,52585.13127355029,52585.13127355029,61740.21,61366.688,52237.499333333326,52237.499333333326,47332.06295615692,47332.06295615692,61740.21,19975.057,38287.0
T000115,2006-09-30,4228.1655,3178.6377,4738.333,2443.0444,4505.4707,4413.0,4151.397958677882,4151.397958677882,4452.048717557192,4495.055991055502,4429.736255230232,4475.460049671169,4305.93331945769,4488.0654952311415,4330.367031294544,4504.186857660728,4378.88254781027,4487.019851088675,4048.378733333333,3895.6160333333332,4508.4635740526755,4364.500056795547,4104.864597472265,4104.864597472265,4738.333,4228.1655,4048.378733333333,4048.378733333333,4487.860759629076,4487.860759629076,4738.333,4505.4707,4230.0
T000115,2006-12-31,5058.5293,2040.6072,5017.1904,2209.5845,5313.8804,6313.0,4295.34454291642,4295.34454291642,5040.388030824141,5116.546464465264,5068.116846566808,5140.758195985778,5074.359414800573,5107.581305763073,5066.580539641803,5095.133905186632,4856.343346681333,5097.205183294958,4038.775633333333,4180.218433333333,5057.135850890647,5227.797780901809,4177.413824381626,4177.413824381626,5017.1904,5058.5293,4038.775633333333,4038.775633333333,5141.35264595587,5141.35264595587,5017.1904,5313.8804,6702.0
T000115,2007-03-31,5108.651,3371.688,4878.9023,2589.8667,5135.096,5451.0,4595.332621819599,4595.332621819599,5007.827489710571,5031.840564845466,5031.994511944015,5052.988404465825,5085.683957939832,5029.796891249688,5071.52182055203,5016.468357193339,4905.497998833409,5024.569859859517,4453.080433333333,4201.288333333333,4994.033959993726,5206.866685825934,4529.625506005965,4529.625506005965,4878.9023,5108.651,4453.080433333333,4453.080433333333,5048.274984710266,5048.274984710266,4878.9023,5135.096,6188.0
T000115,2007-06-30,4714.6895,3176.9502,4859.6226,2654.5063,4629.489,3394.0,4385.516897406,4385.516897406,4778.292314288519,4743.501901392933,4756.654184741488,4724.581491846926,4723.719617031574,4747.141865350337,4734.083753796991,4758.297635989298,4681.615605219102,4753.019175376026,4250.420766666666,4047.8726333333325,4781.735866206494,4767.453273299071,4323.67974750748,4323.67974750748,4859.6226,4714.6895,4250.420766666666,4250.420766666666,4727.160448155765,4727.160448155765,4859.6226,4629.489,2971.0
T000116,2006-09-30,19674.188,14164.891,21817.812,6252.177,22926.8,17587.0,19201.66457152128,19201.66457152128,20614.901468327203,22168.280522095585,20715.90698589822,22427.502753713074,20167.240914902784,22073.666377134436,20226.335298395425,21575.278429744827,20240.163622692864,21330.961182675943,18552.297,14078.293333333333,21012.128433637547,11421.292741121288,18879.53546855305,18879.53546855305,21817.812,21817.812,18552.297,18552.297,21511.49856391197,21511.49856391197,21817.812,22926.8,17299.0
T000116,2006-12-31,24321.504,7705.827,24114.818,4948.9346,27593.98,34433.0,20355.273766456827,20355.273766456827,24230.80138428256,26098.813762492027,24555.64625870504,26710.447772111424,24559.637557487178,25948.24985569845,24479.08665781544,25043.37560359503,23217.14720356337,24945.58124849918,18714.049666666666,12256.526533333334,24467.686364649875,9274.891200730322,19500.433192183635,19500.433192183635,24114.818,24114.818,18714.049666666666,18714.049666666666,25445.42341758094,25445.42341758094,24114.818,27593.98,35985.0
T000116,2007-03-31,23636.684,16307.93,22614.262,7057.0723,14058.606,24259.0,21532.58169647437,21532.58169647437,23188.001700439054,17930.705924443846,22390.93025428572,16382.10847892137,22762.0977797215,18333.257991235103,22901.455160832025,20703.90020334787,22757.17020871114,21092.048946625822,20852.958666666666,15326.421433333331,22382.59582093926,12615.151922859837,21171.819673593316,21171.819673593316,22614.262,22614.262,20852.958666666666,20852.958666666666,19848.184991603408,19848.184991603408,22614.262,14058.606,27778.0
T000116,2007-06-30,22042.857,14934.895,22724.922,7545.7354,11487.76,15381.0,20639.61960634761,20639.61960634761,22342.17615847863,16315.068338179371,21292.960152203883,14340.005634296964,21276.459672264853,16801.060792588796,21537.18311661913,19722.288520025646,21895.091088719753,20036.750502045816,19900.891333333333,15068.517466666664,21579.18525926578,12491.0570085419,20260.455631397126,20260.455631397126,22724.922,22724.922,19900.891333333333,19900.891333333333,18422.475832761644,18422.475832761644,22724.922,11487.76,14991.0
T000117,2006-09-30,18287.322,14917.463,17576.104,10996.204,17278.418,16047.0,17188.963371444275,17188.963371444275,17975.209264036635,17565.54339656616,17948.25239344393,17562.824553638264,18129.332231011576,17623.858676876873,18108.25922480043,17628.986360341092,17781.318232130106,17804.817937161355,16926.962999999996,10996.204,17848.80743861016,17686.477404609952,17059.222767922143,17059.222767922143,17576.104,17576.104,16926.962999999996,16926.962999999996,17692.471502422748,17692.471502422748,17576.104,17278.418,17374.0
T000117,2006-12-31,20127.93,12764.595,18868.193,10536.051,19741.076,24688.0,17833.64956693947,17833.64956693947,19575.103775601456,19208.733905494257,19657.991889262637,19113.51294316634,19959.630879142154,19043.972836151217,19893.079845719163,19028.631688721165,19146.300152000833,19465.70810188115,17253.572666666667,10536.051,19458.659499328318,19521.312849713922,17555.026229419775,17555.026229419775,18868.193,18868.193,17253.572666666667,17253.572666666667,19575.009782125453,19575.009782125453,18868.193,19741.076,27831.0
T000117,2007-03-31,19069.428,15504.818,17750.209,11302.693,12090.401,15292.0,17704.00526863206,17704.00526863206,18490.498541767985,16420.12365879915,17963.95207746445,16744.870422113978,18369.49501290932,17506.117408011112,18437.0199033967,17604.723253790675,18295.303795024538,17472.557612606943,17441.485,11302.693,17864.09517151907,16285.574703880216,17557.391459038383,17557.391459038383,17750.209,17750.209,17441.485,17441.485,16139.541351777196,16139.541351777196,17750.209,12090.401,19131.0
T000117,2007-06-30,19043.355,15565.638,17995.354,11535.91,11945.194,16184.0,17797.0691729229,17797.0691729229,18583.44754630459,16540.014351346206,18020.16937310526,16898.33195229544,18363.531075617855,17700.233299570948,18449.609428634587,17805.67299481379,18388.835475744487,17561.242492241996,17534.782333333333,11535.91,17966.581042730533,16323.94563468057,17657.982824979103,17657.982824979103,17995.354,17995.354,17534.782333333333,17534.782333333333,16160.123344354084,16160.123344354084,17995.354,11945.194,17291.0
T000118,2006-09-30,271370.03,220772.95,270884.97,178258.11,257924.94,243743.0,260377.82231964322,260377.82231964322,271157.16502230486,266352.3439153879,269948.5459882743,267314.8722801937,270246.0370221394,270727.8395427651,270497.9441643454,270500.26067391504,268067.92418923986,269416.507626835,254342.65,178258.11,270092.02506302216,266258.6916823419,256717.0559765382,256717.0559765382,270884.97,270884.97,254342.65,254342.65,266765.3619948401,266765.3619948401,270884.97,271370.03,245403.0
T000118,2006-12-31,301860.56,207262.1,286180.06,171246.34,295432.03,354160.0,275662.6924289698,275662.6924289698,294979.28905877867,291412.3096174551,295860.52265926596,290474.49977167224,299637.157916953,286536.77668656746,298842.44032409193,287206.7896930742,289461.55358468974,293910.72023508186,265100.9066666667,171246.34,293406.0650053048,294604.44889096083,268904.500648305,268904.500648305,286180.06,286180.06,265100.9066666667,265100.9066666667,294551.32941486506,294551.32941486506,286180.06,301860.56,369485.0
T000118,2007-03-31,293891.66,218869.97,274326.06,182973.47,221827.23,267945.0,270390.25681244396,270390.25681244396,285305.44178453746,258157.7217601756,280429.76357627823,261781.46370807543,286015.6032489338,273958.11114301824,286360.7649160934,273593.6209249497,281054.1165127056,275716.1691773392,262362.56333333335,182973.47,278427.9582898314,261210.55735710287,265072.21562801243,265072.21562801243,274326.06,274326.06,262362.56333333335,262362.56333333335,263601.8805387457,263601.8805387457,274326.06,293891.66,288123.0
T000118,2007-06-30,288598.22,222019.92,276393.03,186038.47,195144.61,243176.0,269713.30090449326,269713.30090449326,283242.06303567585,249118.90584266116,275675.57654711476,255009.80537692996,279821.54988521244,275547.78754655865,281049.1970399288,274411.2816877238,279379.10929353785,271008.04779753194,262337.05666666664,186038.47,275230.15415289014,250318.85387699088,264963.70948346023,264963.70948346023,276393.03,276393.03,262337.05666666664,262337.05666666664,253671.6998828641,253671.6998828641,276393.03,288598.22,250425.0
T000119,2006-09-30,54914.508,48045.832,50931.418,40194.69,48593.63,56181.0,51725.96259757988,51725.96259757988,53166.558542184925,52754.40282494348,52953.01944274553,52232.77309958027,53976.28181624685,51765.76019579297,53872.26326169846,52302.52602326347,52815.60653401865,52964.47391982394,51297.25266666667,54914.508,52407.19815986425,51267.38204713446,51647.95976670165,51647.95976670165,50931.418,50931.418,51297.25266666667,51297.25266666667,52053.28713248533,51741.266231188216,50931.418,50931.418,55505.0
T000119,2006-12-31,52970.992,58495.07,50142.34,39734.664,45224.28,47207.0,53588.19359057633,53588.19359057633,51729.65908265504,51436.96042561077,51274.05274088368,50877.81784581068,52045.17168532346,50496.71664658264,52039.302885498335,50839.29482630313,52117.266804668136,51442.235822793926,53869.467333333334,52970.992,50940.39105688799,49759.22504838936,53358.80084068775,53358.80084068775,50142.34,50142.34,53869.467333333334,53869.467333333334,50289.51620108302,53224.63263598248,50142.34,50142.34,48837.0
T000119,2007-03-31,52665.266,44675.023,50036.484,40547.363,32934.54,44366.0,49603.19578934564,49603.19578934564,51511.64454740565,51239.62771357026,49919.04678154006,49994.15651487255,50806.594220414976,49449.79247489194,51062.71002073915,49619.63361211758,51068.371851083044,50690.9773010922,49125.591,52665.266,49816.52618101619,47289.03407088603,49609.54189559512,49609.54189559512,50036.484,50036.484,49125.591,49125.591,47674.80141944667,49737.73459197127,50036.484,50036.484,46767.0
T000119,2007-06-30,57213.406,50847.977,50202.79,40721.633,36828.938,52830.0,53186.97439462926,53186.97439462926,54136.84924729049,53411.4161122661,52897.11990279638,51956.995844503166,54824.443457726775,50994.481512933395,54834.62826507841,51829.49466075841,53869.58743026362,53372.15495252622,52754.72433333333,57213.406,52089.78706207241,49027.17015514562,52953.93290198085,52953.93290198085,50202.79,50202.79,52754.72433333333,52754.72433333333,50331.33821276101,53007.86602106671,50202.79,50202.79,53626.0
T000120,2006-09-30,10389.276,9082.055,10823.838,8724.301,11340.557,11280.0,10201.424802028967,10201.424802028967,10579.980305523359,10365.653122275582,10627.690996718671,10816.323338584967,10512.48250374417,10841.310296943366,10518.36938441554,10456.954016909767,10492.357896003741,10638.896348884493,10098.389666666666,8724.301,10682.906973697656,10194.003228194917,10195.412136390198,10195.412136390198,10823.838,10823.838,10098.389666666666,10098.389666666666,10864.19619891309,10864.19619891309,10823.838,11340.557,11805.0
T000120,2006-12-31,10405.715,9767.431,10778.709,8611.359,9541.951,10629.0,10372.756477127383,10372.756477127383,10569.400646085898,10481.375551918314,10453.581920342536,10531.323248952314,10377.613085021225,10506.161733017218,10417.738477768122,10541.775830909908,10523.808040751137,10514.633479119317,10317.285,8611.359,10528.806287878204,10142.372739473309,10370.818116424372,10370.818116424372,10778.709,10778.709,10317.285,10317.285,10221.201925063859,10221.201925063859,10778.709,9541.951,10795.0
T000120,2007-03-31,10465.139,8964.176,10800.794,8832.23,7742.9043,11357.0,10189.766521479032,10189.766521479032,10612.438703311478,10349.461680630953,10326.750502365789,10299.286041812204,10284.913549445997,10222.693409879867,10361.61919496747,10438.227464495474,10514.682340575471,10441.225837727774,10076.703,8832.23,10426.659623236568,10223.394297571964,10181.849709291519,10181.849709291519,10800.794,10800.794,10076.703,10076.703,9613.676601024898,9613.676601024898,10800.794,7742.9043,11812.0
T000120,2007-06-30,10662.503,9019.222,10793.125,8877.43,9226.157,9877.0,10274.464102822303,10274.464102822303,10719.825494364606,10407.425183821455,10573.476575550569,10543.905760974869,10562.337015987712,10503.642591253803,10600.056072868327,10481.305355385433,10616.937151685894,10629.564600810652,10158.283333333333,8877.43,10618.600795387993,10267.119347876142,10264.327421951431,10264.327421951431,10793.125,10793.125,10158.283333333333,10158.283333333333,10198.301693362282,10198.301693362282,10793.125,9226.157,11182.0
T000121,2006-09-30,5253.285,4630.4053,5383.0146,3932.1438,4750.1885,5679.0,5141.787291037012,5141.787291037012,5310.215871253868,5340.728331568564,5251.023827272258,5315.6178585959215,5227.365663376022,5315.229750260143,5245.551973048993,5315.429012399513,5269.815306287637,5275.323947482145,5088.901633333333,5066.60155,5280.5443347358405,5331.695000970346,5136.9546849712715,5136.9546849712715,5383.0146,5383.0146,5088.901633333333,5088.901633333333,5127.628724976852,4874.546286162171,5383.0146,4630.4053,5373.0
T000121,2006-12-31,5337.433,4966.6274,5348.752,3877.9927,4189.645,5252.0,5247.678673992649,5247.678673992649,5342.400259065954,5345.062492960933,5234.242058951128,5289.901825826669,5247.233807386332,5330.353396659158,5271.862318911973,5330.323938846707,5319.5006673806165,5303.278030700013,5217.604133333333,4769.1985,5255.102170865856,5323.232152746364,5243.7376240853655,5243.7376240853655,5348.752,5348.752,5217.604133333333,5217.604133333333,4960.813447593295,4847.528169439795,5348.752,4966.6274,5698.0
T000121,2007-03-31,5303.313,4235.954,5347.027,3982.543,4389.0728,5519.0,5048.90510688953,5048.90510688953,5322.49656416725,5332.778116644067,5233.068778776848,5288.58200417915,5235.254009197782,5290.35872168767,5256.926692421217,5290.298938940772,5256.3859508027,5287.23808714868,4962.098,4868.0499,5255.351246950484,5315.538605390312,5037.740586362241,5037.740586362241,5347.027,5347.027,4962.098,4962.098,5014.290205734851,4638.057268618077,5347.027,4235.954,5992.0
T000121,2007-06-30,5424.931,4773.8276,5351.845,4002.4941,4245.886,4941.0,5234.355969749031,5234.355969749031,5392.857751824871,5375.667891726946,5289.755285474722,5319.6382315848105,5323.030264612144,5350.503458508108,5343.311118101242,5350.242877178649,5354.27169047525,5354.359238519534,5183.5345333333335,4798.8655,5297.348112055831,5352.879604659982,5225.934904168453,5225.934904168453,5351.845,5351.845,5183.5345333333335,5183.5345333333335,5011.288397718823,4825.423140992594,5351.845,4773.8276,6430.0
T000122,2006-09-30,13975.121,11989.416,12992.837,8654.399,10788.803,13565.0,13091.57083608452,13091.57083608452,13544.052963570888,12819.944462091993,13339.544509213425,12807.733697825974,13614.09233608141,13274.415692366452,13622.41112480229,13200.539219119231,13439.63874455645,13451.97556449836,12985.791333333333,12985.791333333333,13231.894891865366,13149.939967058395,13100.28760142047,13100.28760142047,12992.837,12992.837,12985.791333333333,12985.791333333333,13013.263593886742,13062.787941381015,12992.837,13975.121,16127.0
T000122,2006-12-31,13824.854,14671.805,12886.006,8516.668,9212.0,11688.0,13712.449270022717,13712.449270022717,13412.84752950328,12376.6655288961,13071.140123791292,12397.645134134384,13354.925762211693,13041.594681731689,13395.594006591884,12932.515954119293,13481.098790109943,13278.238895986928,13794.221666666665,13794.221666666665,12994.213031279307,13449.867421998579,13687.874136571521,13687.874136571521,12886.006,12886.006,13794.221666666665,13794.221666666665,12605.113239984956,13798.476797142423,12886.006,13824.854,14069.0
T000122,2007-03-31,14177.902,10439.98,12904.014,8768.921,8577.66,12865.0,12721.946875133895,12721.946875133895,13618.865714373229,12357.525953535096,13216.678997062676,12372.269925558936,13592.75228317464,13162.845132342398,13634.182925728246,13031.008205161248,13412.268492562729,13455.806724326347,12507.298666666666,12507.298666666666,13101.387909312338,12932.507016384585,12747.190691357198,12747.190691357198,12904.014,12904.014,12507.298666666666,12507.298666666666,12649.14137704207,12636.524181893026,12904.014,14177.902,14286.0
T000122,2007-06-30,14958.974,12126.097,12917.526,8839.22,9317.665,13499.0,13467.828326437568,13467.828326437568,14063.099710250666,12773.500901625774,13729.577223310624,12727.69501394855,14286.784945204694,13573.760354238042,14283.60308927237,13444.294593356537,13925.318671555087,13900.896726321542,13334.199,13334.199,13489.608553611035,13439.052414726908,13470.431684668918,13470.431684668918,12917.526,12917.526,13334.199,13334.199,13147.941809064647,13461.532499711184,12917.526,14958.974,14581.0
T000123,2006-09-30,4207.9873,3689.9067,4071.5925,3576.528,4256.17,4345.0,4028.492743566424,4028.492743566424,4148.131455239074,4172.34773926741,4165.509368062364,4164.541092256519,4196.940119910817,4139.837236983278,4187.854464934437,4129.404187388142,4118.795243366518,4156.013172351742,3989.828833333333,4207.9873,4142.435308445553,4170.648154198843,4015.314603223087,4015.314603223087,4071.5925,4071.5925,3989.828833333333,3989.828833333333,4176.787196433033,4176.787196433033,4071.5925,4207.9873,5201.0
T000123,2006-12-31,4082.7695,4755.3477,4026.448,3553.2207,3543.1597,3555.0,4233.530016438518,4233.530016438518,4058.0532281135165,3869.4095094038285,4013.0269448302197,3867.820245674374,4033.6367197909235,3915.2305739006806,4041.5636459261746,3943.057625655364,4100.214320873456,3999.684316480462,4288.188399999999,4082.7695,4012.7664023881025,3879.680438534804,4245.465959831938,4245.465959831938,4026.448,4026.448,4288.188399999999,4288.188399999999,3911.6937543553504,3911.6937543553504,4026.448,4082.7695,3949.0
T000123,2007-03-31,4113.538,3389.0034,4028.9055,3604.7795,2941.4626,4026.0,3899.9168709836863,3899.9168709836863,4076.3976560739184,3664.683201419991,3975.036019739538,3663.3502048251785,4010.9323427127674,3771.7864536307698,4030.3837122281298,3834.347971983966,4033.5175798895734,3948.903979528695,3843.8156333333327,4113.538,3980.6276318230452,3687.201077096039,3883.838845072969,3883.838845072969,4028.9055,4028.9055,3843.8156333333327,3843.8156333333327,3754.337877635487,3754.337877635487,4028.9055,4113.538,4579.0
T000123,2007-06-30,4492.2017,3686.5288,4036.0066,3614.252,3394.9304,4199.0,4127.036674507364,4127.036674507364,4292.003869244759,3926.21570809692,4232.715458447397,3903.7809824420947,4355.0044578228635,3950.7326733814493,4350.88332939518,3988.1152093012697,4250.646091408856,4179.763559123761,4071.579033333333,4492.2017,4176.384490440847,3945.2107671751974,4101.1341195741,4101.1341195741,4036.0066,4036.0066,4071.579033333333,4071.579033333333,4032.0457037107935,4032.0457037107935,4036.0066,4492.2017,4433.0
T000124,2006-09-30,2368.0735,2242.5525,2575.6277,2152.3286,2663.6443,2756.0,2410.7033555169724,2410.7033555169724,2459.157118837948,2406.069765417902,2467.130575583522,2432.550373191868,2414.270595326794,2530.415394401134,2420.396453826913,2519.12796885867,2447.847113018738,2487.1784820650723,2395.4179,2363.97815,2496.1325857499205,2550.3594105856223,2412.0924862299394,2412.0924862299394,2575.6277,2575.6277,2395.4179,2395.4179,2531.533655378705,2422.865434478305,2575.6277,2575.6277,3144.0
T000124,2006-12-31,2338.0635,2342.6626,2583.83,2126.3633,2559.969,2713.0,2426.7176977916833,2426.7176977916833,2445.916302829991,2430.929317602316,2443.4076150933,2452.5083108079607,2382.5626185150427,2512.244023679264,2392.4897747819377,2500.9278898855664,2441.9052312472704,2465.267820227727,2421.5187,2355.09665,2479.870615223783,2519.8332263040315,2430.821384329812,2430.821384329812,2583.83,2583.83,2421.5187,2421.5187,2506.76881618799,2448.7413323829805,2583.83,2583.83,2987.0
T000124,2007-03-31,2333.839,2219.0342,2561.738,2181.3074,2040.6694,2551.0,2386.3827402860834,2386.3827402860834,2433.8507831850648,2382.751951699906,2384.9729422921732,2410.3594289923303,2335.3564971799765,2425.043854686995,2354.976449491558,2422.533798692836,2422.841507639368,2397.925539593082,2371.5370666666668,2371.5227,2427.0493194364362,2369.649666237988,2388.277427294451,2388.277427294451,2561.738,2561.738,2371.5370666666668,2371.5370666666668,2393.479921986189,2400.8820982724915,2561.738,2561.738,2823.0
T000124,2007-06-30,2432.4358,2132.084,2568.3223,2192.0576,2072.5266,2247.0,2405.989777781708,2405.989777781708,2492.068581081871,2389.1474328146583,2445.6544577725144,2420.4050224803345,2418.594911163342,2460.7318487953717,2434.1571772537463,2462.1969959102103,2471.3066543748937,2450.662479067132,2377.6140333333333,2380.18995,2473.808813052472,2404.540878388196,2403.3983241153046,2403.3983241153046,2568.3223,2568.3223,2377.6140333333333,2377.6140333333333,2432.0851792454832,2403.0992972861686,2568.3223,2568.3223,3149.0
T000125,2006-09-30,1497.707,1263.6183,1454.4222,1181.7662,1351.5308,1661.0,1421.5316050088177,1421.5316050088177,1478.7117870644063,1445.5813900840308,1469.1617191350465,1439.4991414021797,1481.3384880337662,1435.7950535665618,1481.8254896094454,1448.463413274729,1465.1361647746253,1461.130451085895,1405.2491666666667,1351.5307998381295,1464.5136544603833,1441.9499385255583,1417.9001756480106,1417.9001756480106,1454.4222,1454.4222,1405.2491666666667,1405.2491666666667,1463.8072778637024,1402.4246681231757,1454.4222,1497.707,1479.0
T000125,2006-12-31,1488.5602,1317.0104,1425.7517,1169.7135,1082.4612,1342.0,1422.3062493717346,1422.3062493717346,1460.9971563526863,1422.904025794021,1429.0401844050568,1413.6081788230365,1449.3551275946713,1424.8067746656498,1454.1109739872923,1427.9640157032097,1451.5913707858113,1442.204788930522,1410.4407666666666,1082.4612004318685,1425.5087672972504,1424.0865925234878,1418.4176962127299,1418.4176962127299,1425.7517,1425.7517,1410.4407666666666,1410.4407666666666,1416.2744716462848,1410.0649857322885,1425.7517,1488.5602,1543.0
T000125,2007-03-31,1464.7908,1097.9526,1415.7301,1198.5575,1149.9517,1271.0,1351.7143168450455,1351.7143168450455,1443.2608762561158,1399.6832347433724,1418.5200176641506,1405.074365693292,1434.3559966992589,1378.8679884081118,1438.021368731132,1402.4196883390155,1421.6587941329433,1427.7551122572138,1326.1578333333332,1149.9516999042557,1415.722297536078,1396.7633500607456,1346.7645693814197,1346.7645693814197,1415.7301,1415.7301,1326.1578333333332,1326.1578333333332,1408.60958877952,1320.708685202137,1415.7301,1464.7908,1239.0
T000125,2007-06-30,1550.455,1330.1034,1425.7861,1206.1151,1397.5176,1420.0,1450.5943433622658,1450.5943433622658,1495.7449793473404,1427.2669826261094,1493.2507910228046,1421.3399579764778,1524.6660038132793,1442.5526843774849,1520.4729981043515,1437.9381022934042,1484.4318686559516,1472.3316302138398,1435.4481666666666,1397.517599875872,1475.4230755250233,1419.085538857357,1443.8628168160722,1443.8628168160722,1425.7861,1425.7861,1435.4481666666666,1435.4481666666666,1484.733219951767,1437.3628880697029,1425.7861,1550.455,1533.0
T000126,2006-09-30,3625.086,3176.7004,3473.6047,2581.0552,3152.328,3836.0,3458.282626278062,3458.282626278062,3558.609556785279,3374.966091588707,3528.808388826716,3454.546450377293,3570.893441406969,3472.6680111696205,3571.7877606041434,3472.5493329570636,3533.803799006051,3497.680612360846,3425.1303666666663,3152.328,3511.89905419722,3310.3486119435925,3443.422747013621,3443.422747013621,3473.6047,3473.6047,3425.1303666666663,3425.1303666666663,3435.810214550139,3435.810214550139,3473.6047,3473.6047,3670.0
T000126,2006-12-31,3459.3806,4173.218,3424.3774,2530.8662,2833.5278,3280.0,3627.89240128831,3627.89240128831,3444.019705703915,3242.9743218297845,3388.9334059706953,3381.9939503373466,3405.7041532220705,3421.6705891681468,3416.6941253864284,3420.811357365825,3488.3344641850717,3363.1524926463208,3685.6586666666662,2833.5278,3393.5830595317025,3325.718435781316,3645.561827378614,3645.561827378614,3424.3774,3424.3774,3685.6586666666662,3685.6586666666662,3268.3653239408573,3268.3653239408573,3424.3774,3424.3774,3357.0
T000126,2007-03-31,3462.3276,2799.3677,3409.2007,2631.8289,2736.9807,3076.0,3275.7345681556235,3275.7345681556235,3439.0132545921897,3202.8152218553378,3376.3558894019416,3361.380849797321,3398.747370433109,3406.1748642617677,3410.740465733325,3405.2323078135246,3399.352688291429,3345.306025077386,3223.6319999999996,2736.9807,3379.693562510983,3245.2625922396164,3257.467765652848,3257.467765652848,3409.2007,3409.2007,3223.6319999999996,3223.6319999999996,3236.4274927898036,3236.4274927898036,3409.2007,3409.2007,3382.0
T000126,2007-06-30,3852.313,3349.692,3424.2861,2647.124,2195.7144,3490.0,3574.5959834981495,3574.5959834981495,3664.476574565157,3047.0891142817823,3550.3422036099046,3346.8530020979615,3673.633059852088,3420.093088244263,3682.8555329281144,3419.2412713569533,3641.1805957418655,3450.845715591786,3542.097033333333,2195.7144,3507.8761326048907,3293.5243775782205,3552.3399426278615,3552.3399426278615,3424.2861,3424.2861,3542.097033333333,3542.097033333333,3226.046705682908,3226.046705682908,3424.2861,3424.2861,3821.0
T000127,2006-09-30,3443.0088,3367.2737,3794.4233,3125.6917,3740.9385,3726.0,3551.0894785748033,3551.0894785748033,3597.2244428158433,3563.842696559556,3591.830426083496,3649.7221432042647,3505.094043729048,3602.1159328226304,3519.6928442395088,3614.7231988746275,3586.4497731102615,3612.8951560072483,3534.9019333333335,3553.6845,3644.2886098154277,3551.526521607262,3549.75697167355,3549.75697167355,3794.4233,3794.4233,3534.9019333333335,3534.9019333333335,3672.5197322261665,3644.4299942581315,3794.4233,3740.9385,4417.0
T000127,2006-12-31,3689.644,2745.9614,3847.6882,3067.4895,4151.459,4109.0,3514.2410917758216,3514.2410917758216,3759.0005231267223,3690.564547259979,3787.160840551133,3931.230113986565,3743.68106694419,3833.3912909796454,3743.4039443560455,3840.07058607588,3698.4648386635226,3781.034930756858,3427.764533333333,3688.8788999999997,3805.3232825604077,3840.961582364481,3482.1840491280373,3482.1840491280373,3847.6882,3847.6882,3427.764533333333,3427.764533333333,3922.116541051479,3631.0687204727346,3847.6882,4151.459,4376.0
T000127,2007-03-31,3675.4463,3243.6753,3857.4673,3183.336,3171.4841,4318.0,3634.7577301730444,3634.7577301730444,3755.3248636932526,3344.760415894931,3691.1131433128617,3484.0857584550004,3655.164837303712,3612.8975621034147,3676.4669214651985,3617.400932962031,3725.711237252745,3733.3481296006366,3592.1963,3404.0957999999996,3729.1882145054497,3525.8061961703515,3620.4920934301,3620.4920934301,3857.4673,3857.4673,3592.1963,3592.1963,3534.782518400609,3407.1605109045195,3857.4673,3171.4841,4325.0
T000127,2007-06-30,3661.8386,2955.6328,3828.2854,3205.563,2785.0264,3217.0,3547.948913180309,3547.948913180309,3734.882541717374,3096.650657489039,3637.3547309700643,3298.27122424079,3610.155658386979,3513.0401589445423,3638.3177023220605,3515.87748152589,3688.7391743432863,3695.7698724167335,3481.9189333333334,3272.9582666666665,3679.061961834923,3394.925295101094,3524.135378760323,3524.135378760323,3828.2854,3828.2854,3481.9189333333334,3481.9189333333334,3369.203990025471,3161.869095723633,3828.2854,2785.0264,3875.0
T000128,2006-09-30,17383.266,10892.974,16288.018,7964.323,14733.878,12934.0,15308.141900989214,15308.141900989214,16902.624551332498,16051.214428064208,16758.881315732473,16323.852156954148,17052.681618054423,16273.908250596418,17043.101066439693,16264.00911054496,16524.398355907277,16793.958254031986,14854.752666666667,11715.105000000003,16623.888942171398,13314.164911160471,15227.07412039116,15227.07412039116,16288.018,16288.018,14854.752666666667,14854.752666666667,16243.993954610287,14857.685177380608,16288.018,17383.266,16002.0
T000128,2006-12-31,19312.703,14794.51,17479.857,7426.8022,14230.9,22696.0,17473.56943513472,17473.56943513472,18508.372148334955,17828.304920126964,18207.34942375737,17957.447717449384,18707.85086208386,17509.14484381727,18705.347769394117,17537.5954064587,18263.767225731634,18305.873758046793,17195.69,13233.72306666667,17992.18217531564,15343.655199895327,17415.39622180935,17415.39622180935,17479.857,17479.857,17195.69,17195.69,17219.155257286304,17212.239133922652,17479.857,19312.703,19865.0
T000128,2007-03-31,18954.355,11146.86,16583.947,8346.682,8997.106,16358.0,16069.996887627096,16069.996887627096,17914.11905795487,16803.983664903502,17208.98764290289,17072.292570688,17902.45061822205,16605.444065876243,17969.86879058755,16628.299460266266,17477.52192145743,17544.385941251,15561.720666666666,12025.82966666667,16986.780746363656,11991.445970677803,15970.766687535623,15970.766687535623,16583.947,16583.947,15561.720666666666,15561.720666666666,15270.055138057405,15579.518637375255,16583.947,18954.355,21595.0
T000128,2007-06-30,18848.83,11616.284,16705.664,8546.22,9523.49,15228.0,16196.296906047075,16196.296906047075,17908.317521570512,16884.23304479009,17240.6805584464,17135.768783012885,17872.064547220412,16723.653040711743,17939.75442225764,16743.08586241163,17502.95149129007,17563.749766053334,15723.592666666667,12289.389333333334,17045.120111644243,12385.520155349255,16104.45963343066,16104.45963343066,16705.664,16705.664,15723.592666666667,15723.592666666667,15424.6288918804,15739.365930737828,16705.664,18848.83,15388.0
T000129,2006-09-30,9529.387,7446.7764,8840.332,5188.3,7118.167,9313.0,8742.685986855528,8742.685986855528,9227.000331947114,9164.959757639346,9067.11347475848,8983.143042962,9262.105423343275,8875.418917091813,9271.61612736389,9014.491456903404,9111.531606488803,9085.402936550046,8605.498466666666,9529.387,8994.515570931997,8551.923747731811,8717.78991117314,8717.78991117314,8840.332,8840.332,8605.498466666666,8605.498466666666,8857.934225130395,8660.326764505306,8840.332,9529.387,10231.0
T000129,2006-12-31,9464.951,10221.669,8775.931,5046.758,6105.4995,8585.0,9419.489545171235,9419.489545171235,9162.579691437113,9100.542268430912,8914.219113399862,8861.290770094369,9122.135715014136,8774.532873376584,9151.441096427869,8889.925064187817,9220.943020182314,8960.934163272937,9487.517,9464.951,8857.333047254842,8260.7039346029,9409.40053429431,9409.40053429431,8775.931,8775.931,9487.517,9487.517,8641.00990972861,9460.168940251771,8775.931,9464.951,9185.0
T000129,2007-03-31,9505.026,6481.5625,8759.864,5318.002,3476.4363,8252.0,8452.920360649763,8452.920360649763,9178.017191792202,9110.924900999267,8685.927442426315,8707.083563767783,8943.456132926165,8666.200436173503,9025.149097328844,8731.199549402503,9005.92646424917,8808.250207558387,8248.8175,9505.026,8664.082793364778,7629.706763902417,8421.975104600058,8421.975104600058,8759.864,8759.864,8248.8175,8248.8175,8228.699523385776,8330.432679571579,8759.864,9505.026,10311.0
T000129,2007-06-30,10220.287,7657.7876,8776.686,5361.046,3898.7048,8938.0,9042.189261172565,9042.189261172565,9586.773425049068,9456.795650979842,9133.314689727044,8998.956543747694,9559.152575952174,8801.338853458807,9605.586205310003,9061.000445928417,9455.103553814562,9209.698711331388,8884.9202,10220.287,9002.254083092557,7868.69849144068,8999.42085371162,8999.42085371162,8776.686,8776.686,8884.9202,8884.9202,8609.316202503753,8947.672650930623,8776.686,10220.287,10849.0
T000130,2006-09-30,24954.084,22632.05,24496.982,20774.66,24371.105,26697.0,24213.376523625317,24213.376523625317,24753.48818291673,24687.24477396479,24742.269125840354,24548.600683124947,24857.7570706424,24601.486855621457,24842.847303864877,24575.707151798248,24619.309829014484,24695.401415765697,24027.70533333333,24664.05927135679,24677.271514242744,24596.738647377028,24178.381198020434,24178.381198020434,24496.982,24496.982,24027.70533333333,24027.70533333333,24634.959717318983,24634.959717318983,24496.982,24954.084,28669.0
T000130,2006-12-31,24668.254,24903.986,24174.564,20624.69,19963.248,21477.0,24551.381822700816,24551.381822700816,24451.601810913453,24380.056054024433,24059.251550702833,24303.473988453592,24239.567242649347,24336.710325973836,24308.529828836487,24351.302318938106,24474.65702949877,24452.456164496987,24582.268,22327.5726231156,24056.553972977796,23877.62880493059,24542.957382899636,24542.957382899636,24174.564,24174.564,24582.268,24582.268,22760.147333003195,22760.147333003195,24174.564,24668.254,23679.0
T000130,2007-03-31,25259.52,21024.146,24134.158,20911.035,19898.078,24259.0,23804.771933033706,23804.771933033706,24765.663246136617,24602.575324436475,24371.728439856473,24300.74132296382,24709.602872883468,24418.04934426349,24754.84757317788,24377.492870825445,24526.01623489645,24656.990757808628,23472.608,22592.26995979902,24276.739212826076,23989.89105136455,23734.473927733132,23734.473927733132,24134.158,24134.158,23472.608,23472.608,22967.646118718854,22967.646118718854,24134.158,25259.52,27771.0
T000130,2007-06-30,25732.125,22831.824,24207.996,20956.934,23425.18,24276.0,24467.981273960337,24467.981273960337,25063.272310457396,24842.39491188439,24991.986831996306,24509.226268978717,25382.014085046558,24643.415992119422,25339.879060923686,24632.3501992922,24912.32768825643,24981.820444129808,24257.315,24584.44884422112,24781.277582684696,24504.562332778427,24403.1328801004,24403.1328801004,24207.996,24207.996,24257.315,24257.315,24528.762398849125,24528.762398849125,24207.996,25732.125,28090.0
T000131,2006-09-30,3126.9033,2933.3066,3310.6003,2613.286,2913.963,3457.0,3144.482796203532,3144.482796203532,3207.51736384296,3173.1557102981337,3170.2998167857313,3221.069511004298,3129.987984349699,3218.9321510632044,3145.3148018798656,3209.20304990865,3192.456246775649,3181.954529814991,3123.6034,3126.9033,3203.8282435130227,3188.514468102687,3138.5660392974974,3138.5660392974974,3310.6003,3310.6003,3123.6034,3123.6034,3127.271674312763,3124.58655994346,3310.6003,3126.9033,3533.0
T000131,2006-12-31,3277.9512,3010.095,3298.9573,2577.5315,2773.76,3279.0,3218.9954653293253,3218.9954653293253,3287.1695709395995,3240.49213194175,3238.144291192006,3271.604314724299,3240.079087724778,3276.434686862122,3251.8475460440977,3267.9144717330228,3270.4036684585353,3239.2808913447575,3195.667833333333,3277.9512,3249.926222986506,3238.2711361741613,3208.9702988588315,3208.9702988588315,3298.9573,3298.9573,3195.667833333333,3195.667833333333,3138.703335151174,3199.1057322587203,3298.9573,3277.9512,3598.0
T000131,2007-03-31,3295.698,2567.3362,3303.5264,2650.1077,3283.894,3467.0,3117.77772389926,3117.77772389926,3299.1334351861396,3172.3896738194208,3297.292726898938,3249.5531300678194,3295.612030517741,3264.334415230952,3296.322166233651,3242.2105647419626,3254.4040915496225,3297.7882865103225,3055.5202,3295.698,3298.766776827958,3161.388163035548,3090.1282571566608,3090.1282571566608,3303.5264,3303.5264,3055.5202,3055.5202,3294.9214065250526,3065.3078665435014,3303.5264,3295.698,4148.0
T000131,2007-06-30,3302.6123,2854.0254,3301.6152,2664.4492,2832.2317,2995.0,3190.9556543522376,3190.9556543522376,3302.1747300720326,3224.1367613410357,3258.382189431449,3270.7826062871136,3265.03226476503,3280.0805181094893,3274.791534846665,3266.5780766893868,3274.7282387900227,3258.1261843288876,3152.750966666666,3302.6123,3266.010536424808,3216.7753634296887,3173.88088016221,3173.88088016221,3301.6152,3301.6152,3152.750966666666,3152.750966666666,3165.7310125523404,3158.8308892969158,3301.6152,3302.6123,4067.0
T000132,2006-09-30,11750.81,9994.576,12769.608,9002.264,12527.418,12095.0,11660.121996551723,11660.121996551723,12197.901934082103,12357.082824806885,12174.134652102846,12510.363418137887,11923.862556147858,12530.961274730735,11968.005133839646,12498.321367698254,12072.585061592054,12252.270029411438,11504.998,11433.096666666665,12327.661189015824,12025.829258742933,11657.812268561276,11657.812268561276,12769.608,12769.608,11504.998,11504.998,12401.693693857078,12401.693693857078,12769.608,12769.608,13019.0
T000132,2006-12-31,12414.859,11154.611,12908.618,8773.49,10984.247,13478.0,12262.095098315842,12262.095098315842,12631.541469223974,12708.688261250829,12451.429360207445,12689.901473794924,12354.780855145616,12746.418483184525,12413.892197517673,12704.59247881889,12545.760939785265,12518.689574665592,12159.362666666666,10888.784999999998,12555.766091860567,12306.591096821185,12258.463287219693,12258.463287219693,12908.618,12908.618,12159.362666666666,12159.362666666666,12126.263773055478,12126.263773055478,12908.618,12908.618,14280.0
T000132,2007-03-31,12954.229,10081.515,13032.321,9174.693,10712.718,15173.0,12218.986107341716,12218.986107341716,12988.499094087678,13000.700486432852,12771.989369306426,12893.928514606756,12784.18950101053,12954.76445347216,12835.603070450099,12919.144918209566,12811.258486935738,12815.406532425362,12022.688333333332,10973.243999999999,12821.87082247702,12602.001149159765,12201.99325679303,12201.99325679303,13032.321,13032.321,12022.688333333332,12022.688333333332,12234.924686966919,12234.924686966919,13032.321,13032.321,15153.0
T000132,2007-06-30,12473.9375,9828.566,12906.972,9246.384,10377.1455,11093.0,11930.314535450649,11930.314535450649,12663.971473495509,12731.63043771075,12427.439887945475,12671.778376353182,12354.163282365396,12743.031301678118,12423.582642547199,12694.2290010082,12494.449943373336,12500.125875379326,11736.491833333333,10843.500499999998,12532.89343716314,12375.426806289972,11917.670889657467,11917.670889657467,12906.972,12906.972,11736.491833333333,11736.491833333333,11939.328716820439,11939.328716820439,12906.972,12906.972,11580.0
T000133,2006-09-30,3995.2554,3370.4138,4168.6875,2923.1763,4051.1794,4271.0,3900.5235223057616,3900.5235223057616,4071.364788731545,4084.1293403374366,4060.2019154252994,4120.78077419178,4018.63795057523,4139.132850870515,4027.7446307342607,4131.865241147983,4030.080787012993,4074.1332920756104,3844.7855666666665,3487.17785,4087.6005209452956,4104.045599901661,3881.2643191204625,3881.2643191204625,4168.6875,4168.6875,3844.7855666666665,3844.7855666666665,4070.409238495079,4070.409238495079,4168.6875,4051.1794,4278.0
T000133,2006-12-31,4120.815,3760.9365,4173.6143,2850.231,3534.6165,4212.0,4049.4889805616813,4049.4889805616813,4143.985580581411,4143.9109978836295,4084.306126057341,4121.913314618383,4079.879824505161,4138.940477372056,4095.243441809961,4132.933175482771,4121.030471153132,4098.3333021555245,4018.4552666666664,3192.42375,4102.638854741684,4043.3312371183633,4037.850516023361,4037.850516023361,4173.6143,4173.6143,4018.4552666666664,4018.4552666666664,3939.865323319884,3939.865323319884,4173.6143,3534.6165,3916.0
T000133,2007-03-31,4207.387,3202.6912,4195.872,2982.0513,2500.7827,4606.0,3951.6823554967323,3951.6823554967323,4202.333727790047,4177.062828070682,4044.1943857177553,4094.273868360048,4070.1796767698524,4125.350588802295,4105.119790298802,4115.120557256604,4141.0242023526735,4070.894956357802,3868.650066666666,2741.4170000000004,4070.581257987574,3887.931665182047,3917.347526573624,3917.347526573624,4195.872,4195.872,3868.650066666666,3868.650066666666,3626.9902199216413,3626.9902199216413,4195.872,2500.7827,4874.0
T000133,2007-06-30,4168.953,3262.2026,4178.283,3008.0222,2662.422,3637.0,3945.1981192464373,3945.1981192464373,4173.04740119139,4153.3504880551045,4031.606182153087,4082.823836258268,4049.958737700504,4112.439412504091,4081.9575284774573,4102.552217545193,4117.370316516975,4056.8444880145685,3869.8128666666667,2835.2221,4058.0835242125845,3898.0251302081,3914.4392332355974,3914.4392332355974,4178.283,4178.283,3869.8128666666667,3869.8128666666667,3662.922595063036,3662.922595063036,4178.283,2662.422,3692.0
T000134,2006-09-30,12383.193,11157.232,13661.124,9859.923,12712.451,13899.0,12526.259302968021,12526.259302968021,12944.003526143038,13112.921407302583,12854.02326285242,13211.389170277631,12548.889545436175,13243.746943693064,12617.720589720118,13282.058438249345,12846.625534753552,12954.271137615478,12400.516333333333,12084.291999999998,13057.281091247123,12246.535588098759,12525.794589911668,12525.794589911668,13661.124,13661.124,12400.516333333333,12400.516333333333,12877.702210013562,12074.338273750247,13661.124,12383.193,14372.0
T000134,2006-12-31,12859.489,10897.575,13956.953,9659.59,11414.164,15471.0,12744.955287879993,12744.955287879993,13341.10292380578,13173.458924394605,13102.598338919011,13303.929354023905,12864.124313337794,13257.495117228895,12959.3058087515,13446.920463436636,13201.819664364408,13240.666512622414,12571.338999999998,11723.742666666665,13305.775792566386,12503.136799896583,12736.751902566604,12736.751902566604,13956.953,13956.953,12571.338999999998,12571.338999999998,12731.65598704186,11761.462452650747,13956.953,12859.489,15227.0
T000134,2007-03-31,12771.241,10428.646,13797.795,10043.542,11598.248,14481.0,12531.593842219892,12531.593842219892,13221.736597066072,13097.305840183717,13015.33813439673,13214.592386148224,12789.83190138049,13178.844234459477,12875.128305803484,13339.822015955102,13060.38538301929,13139.103058993653,12332.560666666666,11599.378333333334,13202.423779442357,12499.32922163232,12519.564170576763,12519.564170576763,13797.795,13797.795,12332.560666666666,12332.560666666666,12708.88067528094,11629.380485029611,13797.795,12771.241,16475.0
T000134,2007-06-30,12848.401,10676.088,13771.584,10132.585,10805.96,11361.0,12615.752154563597,12615.752154563597,13253.533001615353,12962.926181752804,12975.778017253377,13094.63783399593,12786.44896019878,13020.07280332088,12883.76988368746,13254.290864168202,13104.412503254509,13116.784010440606,12432.024333333333,11443.482999999998,13160.382307651633,12543.069308532435,12604.370581357383,12604.370581357383,13771.584,13771.584,12432.024333333333,12432.024333333333,12476.573060913974,11497.274375011613,13771.584,12848.401,11269.0
T000135,2006-09-30,14047.861,11841.338,13161.255,8482.311,11662.267,14252.0,13147.835903992764,13147.835903992764,13658.78054311964,13374.251365561766,13519.943232512678,13585.09433837776,13761.06104371359,13814.627019407806,13758.334073855012,13639.7802787098,13539.176003479159,13589.469412515737,13016.818,12855.064,13414.656866482615,13188.970579503528,13139.801795093583,13139.801795093583,13161.255,14047.861,13016.818,13016.818,13097.70680553609,13045.54170632524,13161.255,14047.861,15637.0
T000135,2006-12-31,13654.213,14696.088,13004.383,8311.81,9431.247,12442.0,13696.446207321955,13696.446207321955,13369.03993181124,13583.79928630865,13036.411588826742,13548.581777608511,13246.885880697277,13623.960211662603,13296.537140339351,13619.434825860904,13444.17696668089,13427.881644393834,13784.894666666665,11542.73,13000.228931870659,12885.069637934716,13693.801217240809,13693.801217240809,13004.383,13654.213,13784.894666666665,13784.894666666665,12282.503855494506,13794.930939804124,13004.383,13654.213,14215.0
T000135,2007-03-31,13570.652,10679.522,12967.714,8649.598,6774.6514,11975.0,12591.53310532666,12591.53310532666,13306.057137670476,12891.198130924862,12728.934602668252,13133.812880390215,12963.470698980054,13338.465426691702,13069.60721352008,13154.910326949783,13139.584151241403,13201.584750406288,12405.962666666666,10172.6517,12743.029041230848,12860.971842266386,12584.373298899827,12584.373298899827,12967.714,13570.652,12405.962666666666,12405.962666666666,11512.560149769593,12431.25731803176,12967.714,13570.652,15210.0
T000135,2007-06-30,14789.963,12267.981,13010.601,8704.742,8063.7334,13325.0,13486.871911819155,13486.871911819155,14009.103204425017,13741.543425276206,13549.603209459725,14028.65498248679,14059.950391110553,14422.742935045788,14094.940059385843,14160.466750408072,13885.778454593928,13948.604736164392,13356.181666666665,11426.8482,13370.408575315452,13628.24345444039,13473.073308980616,13473.073308980616,13010.601,14789.963,13356.181666666665,13356.181666666665,12354.032970979473,13405.930411604326,13010.601,14789.963,13775.0
T000136,2006-09-30,197026.5,168826.11,192461.1,152605.72,176308.47,199947.0,189198.47329664777,189198.47329664777,195023.00812441873,195055.97039759718,193521.20742028242,194493.27315749045,194877.82476048358,195406.2014501539,195039.82488745564,194426.82931305937,193376.23203295982,194091.01301098545,186104.57,197026.5,193118.75192316918,192243.97670601687,188330.20027632988,188330.20027632988,192461.1,197026.5,186104.57,186104.57,191515.9268193145,187481.13286773468,192461.1,197026.5,212462.0
T000136,2006-12-31,197050.06,197003.28,191688.02,150984.28,157833.0,191415.0,195102.40748746507,195102.40748746507,194696.96857831915,194735.68260716082,191544.44265263813,195222.01956208755,193340.7830520247,196319.9389961614,193841.72433277476,195897.96115180815,194787.75981113856,194811.8863927088,195247.12,197050.06,191318.2904350613,194762.50721016488,195046.64935812354,195046.64935812354,191688.02,197050.06,195247.12,195247.12,187800.17506085563,195344.986704899,191688.02,197050.06,199576.0
T000136,2007-03-31,197672.6,157044.8,191139.2,153994.7,146046.4,187920.0,186410.75969530456,186410.75969530456,194805.4659438554,194852.63721375156,190605.79639196896,194037.97516172295,192846.95584156024,195344.22748053054,193537.52478287977,193936.70910496643,192432.21832876565,193461.8025168936,181952.2,197672.6,190393.87776758126,190801.18982916352,185160.29944998643,185160.29944998643,191139.2,197672.6,181952.2,181952.2,185685.0116825256,183934.60613036974,191139.2,197672.6,210742.0
T000136,2007-06-30,203751.83,171933.48,191551.31,154541.6,153365.81,186573.0,192372.4303283748,192372.4303283748,198397.72243048437,198485.81041251414,194849.0199103951,198492.43613821405,198406.49766046816,200965.95628365932,198735.46402983478,199307.5214256182,196662.80105632741,197499.48735243088,189078.87333333332,203751.83,193691.006149093,195354.5099568341,191321.25059753523,191321.25059753523,191551.31,203751.83,189078.87333333332,189078.87333333332,189954.9599654485,190757.88160907954,191551.31,203751.83,201340.0
T000137,2006-09-30,33071.87,30660.691,31570.514,24520.094,28977.982,34069.0,31934.166448835946,31934.166448835946,32413.01107233645,32204.10080835221,32172.852125067115,32085.91954100447,32581.893892458836,32023.729243340313,32578.407102008197,31766.735487346334,32291.61428284902,32102.13987886268,31767.691666666666,31767.691666666666,31995.460357312913,31673.722135490294,31865.357957686865,31865.357957686865,31570.514,33071.87,31767.691666666666,31767.691666666666,31141.21231008991,31141.21231008991,31570.514,28977.982,33027.0
T000137,2006-12-31,32636.043,32714.23,31304.736,24140.518,28108.105,30978.0,32189.370801932062,32189.370801932062,32051.808812764608,32014.564107774284,31755.091735675454,31689.71183863312,32130.04817169532,31601.36146070373,32145.694963085203,31392.86150457285,32079.848738128192,31697.121790046993,32218.336333333333,32218.336333333333,31612.66177634655,31304.651835508565,32184.7068858828,32184.7068858828,31304.736,32636.043,32218.336333333333,32218.336333333333,30604.137316706125,30604.137316706125,31304.736,28108.105,32030.0
T000137,2007-03-31,31783.291,31614.383,31168.05,24862.117,30337.703,28229.0,31524.859037131548,31524.859037131548,31513.29705751424,31482.39230191336,31436.5323807431,31397.882393648706,31600.98881302451,31380.979974665737,31594.716397089156,31270.655621185524,31513.70198912154,31406.331763750128,31521.908,31521.908,31359.995433464806,30867.29464878726,31517.490295099327,31517.490295099327,31168.05,31783.291,31521.908,31521.908,31074.819539252258,31074.819539252258,31168.05,30337.703,28632.0
T000137,2007-06-30,33668.254,32796.26,31264.71,24996.037,31232.895,31690.0,32604.83822778747,32604.83822778747,32613.47657050815,32478.575963163585,32613.27047839281,32420.392652859948,33211.938228098574,32473.163147931158,33120.387705881214,31972.80065229187,32602.07147739095,32478.351471679653,32576.408,32576.408,32261.062283361283,31933.802470796178,32570.657436132296,32570.657436132296,31264.71,33668.254,32576.408,32576.408,32045.156426546782,32045.156426546782,31264.71,31232.895,34903.0
T000138,2006-09-30,14261.254,17706.145,12963.339,11380.969,35903.414,15583.0,14658.071117963667,14658.071117963667,13691.673643909613,14870.665662891763,15833.484331898482,14492.403402989183,15843.652249179402,14440.196443293738,15315.02406848519,14515.534890190685,13925.25058635143,13380.687808892832,14976.912666666665,14976.912666666665,15263.037074145077,12789.887899145408,14794.720529161521,14794.720529161521,12963.339,12963.339,14976.912666666665,14976.912666666665,13613.86617084089,14727.902833895558,12963.339,14261.254,14439.0
T000138,2006-12-31,15348.055,-2430.5117,12598.831,10865.598,30240.38,10197.0,9904.973349889962,9904.973349889962,14141.578470418142,9429.950122922528,15790.702267058177,10238.344063622983,16234.36235695622,9702.794098753184,15760.650185827059,9366.781277536618,13101.137360429413,13669.437030902107,8505.4581,8505.4581,15095.028938580224,12866.489628389492,9223.19061616515,9223.19061616515,12598.831,12598.831,8505.4581,8505.4581,13976.767853128193,9510.231791867707,12598.831,15348.055,9364.0
T000138,2007-03-31,16005.6,30544.803,12748.295,11709.017,1658.3076,15830.0,18478.37298789308,18478.37298789308,14576.155897886227,19229.401455970044,13545.198648352942,17901.771184808604,14507.186490609154,17870.634462659724,14613.69968177449,18176.19168886772,15523.18505073588,14133.684518577844,19766.232666666667,19766.232666666667,13250.858745549627,13463.390241029674,19049.5930497883,19049.5930497883,12748.295,12748.295,19766.232666666667,19766.232666666667,14380.88681550093,18781.172328737775,12748.295,16005.6,15767.0
T000138,2007-06-30,17168.281,17581.45,12726.839,11838.047,22239.473,9105.0,15675.697488814409,15675.697488814409,15219.187171887374,15983.42404479825,16111.824404784082,15419.203313855593,17087.541637025603,15047.771405736701,16718.581948210198,15080.758250887659,15322.058451062401,14676.765486607495,15825.52333333333,15825.52333333333,15302.451511939571,13909.183452190062,15702.722048265226,15702.722048265226,12726.839,12726.839,15825.52333333333,15825.52333333333,14952.931385644599,15668.490180184333,12726.839,17168.281,9014.0
T000139,2006-09-30,5003.49,3911.6301,6069.805,1641.2361,7509.8984,7483.0,5109.930664947769,6111.269562706815,5471.43441654848,5716.58226611244,5604.570305426431,5698.796083301029,5319.526803669778,6887.262629789425,5330.377823876741,6454.814087529532,5385.9626766112415,6310.983813413593,4994.975033333333,3874.2237333333333,5737.205601232182,5906.885552517508,5135.229428906816,6213.961928824172,6069.805,6069.805,4994.975033333333,6194.3978,6361.697639303221,6361.697639303221,6069.805,6069.805,6878.0
T000139,2006-12-31,5194.224,4074.415,5855.2017,1261.3396,5095.4077,3226.0,5149.089888753618,5384.737029555688,5484.28915352223,4880.594959279645,5412.640414430716,4922.908694472448,5258.488137012721,5248.339445303998,5299.706586304156,5417.303103962408,5404.186043402822,5289.886677397303,5041.280233333333,3730.3187666666663,5522.227959223418,5489.022022528265,5151.9869442139425,5419.447910321758,5855.2017,5855.2017,5041.280233333333,5381.611133333333,5504.915001410729,5504.915001410729,5855.2017,5855.2017,3959.0
T000139,2007-03-31,6287.9326,5582.8545,6080.99,1866.7734,6573.0117,9314.0,6037.276524720797,6304.593807018188,6197.117377278735,5507.814544083083,6243.261045611918,5514.572274824316,6288.057684286532,6291.852361808358,6269.848048338497,6121.030042042943,6157.56480015106,5992.651203338421,5983.9257,4510.205966666666,6204.741272737989,6236.420598340518,6005.902677086903,6298.17794913512,6080.99,6080.99,5983.9257,6313.978099999999,6272.359119232204,6272.359119232204,6080.99,6080.99,9833.0
T000139,2007-06-30,5851.349,4728.64,5999.6416,1922.6765,7914.82,3908.0,5622.637144473392,6520.323076916968,5916.42610590722,5833.532550152549,6094.942666605174,5801.266226677796,6031.912116432503,7132.696674308134,5997.625666819078,6573.066235616916,5845.100184573475,6434.958329415678,5526.5435333333335,4216.986033333334,6084.983299028538,6252.195217507604,5598.136257031036,6564.643345137642,5999.6416,5999.6416,5526.5435333333335,6588.603533333333,6591.529824889991,6591.529824889991,5999.6416,5999.6416,4588.0
T000140,2006-09-30,9512.936,8707.551,9894.179,6357.127,10449.953,8813.0,9444.964972976319,9444.964972976319,9680.241658457577,9354.53091515114,9731.65747489689,9484.589467824408,9629.187228048919,9893.362297714013,9632.213264861042,9892.023310668163,9624.274522180342,9872.980186527375,9371.555333333332,8319.618999999999,9778.40166285551,9945.185626829962,9440.256412461316,9440.256412461316,9894.179,9894.179,9371.555333333332,9371.555333333332,9703.435309386088,8826.671683546907,9894.179,9512.936,10834.0
T000140,2006-12-31,10824.964,4151.828,10093.629,5954.009,11004.841,10911.0,8839.935512000313,8839.935512000313,10504.023068027287,8394.236495175932,10589.880030760738,9089.111507878315,10759.478814578693,10091.016499468045,10712.400455559826,10087.195713215957,10108.24635457174,10438.758652476907,8356.807,6733.155333333334,10467.459084395467,10785.437017266304,8703.366858467665,8703.366858467665,10093.629,10093.629,8356.807,8356.807,10459.530897149918,9279.042624816246,10093.629,10824.964,10655.0
T000140,2007-03-31,11222.3955,12434.699,10238.356,6592.337,18554.785,12924.0,11174.791613136462,11174.791613136462,10790.557075436755,11342.928936352797,11567.614453698152,11106.802703727157,11699.111093846608,10240.02337299451,11487.767043652877,10242.805795318765,10881.965700566501,11794.48620925701,11298.483499999998,9755.130666666666,11285.450528971294,14000.743286020961,11171.593093408132,11171.593093408132,10238.356,10238.356,11298.483499999998,11298.483499999998,10730.691140421908,9646.404205178766,10238.356,11222.3955,12782.0
T000140,2007-06-30,10758.628,11116.219,10077.025,6690.6104,18120.803,7952.0,10601.55227259299,10601.55227259299,10459.51158678937,10681.689430450846,11210.782933401033,10573.5365560601,11270.7228447725,10077.934745202943,11076.673195292336,10079.487176576973,10493.309551968623,11506.470157258318,10650.624,9294.618133333332,10977.5195434706,13594.92280696295,10590.794997455003,10590.794997455003,10077.025,10077.025,10650.624,10650.624,10418.044957752707,9441.422741333834,10077.025,10758.628,9027.0
T000141,2006-09-30,4517.353,4093.8757,6808.733,3063.0425,8572.198,7442.0,5258.894586952238,6555.281787691027,5522.9080913105945,7913.597087904773,5684.80679234812,8082.317887872873,5090.438379117754,8453.515788982631,5141.540569324728,8262.21500171866,5456.9594347795,7486.367295269534,5139.987233333333,6147.991166666667,5991.871869107859,7233.9176465439705,5267.960582188286,6681.1663360284965,6808.733,6808.733,5139.987233333333,6632.761333333334,7132.876101256564,7132.876101256564,6808.733,6808.733,7777.0
T000141,2006-12-31,4971.49,2952.4077,6668.141,2643.0042,7757.9507,4841.0,5100.6664453521735,6413.035361093822,5716.0526876498925,7288.735771061886,5815.782542978053,7357.715496645942,5378.628084757998,7677.340584423322,5420.974170810037,7538.006100463096,5562.803796141795,7051.3779307926725,4864.0129,5689.698633333333,6046.725559499595,6904.707930852843,5026.183004697542,6502.764528546009,6668.141,6668.141,4864.0129,6465.860566666666,6822.96991994342,6822.96991994342,6668.141,6668.141,5204.0
T000141,2007-03-31,6553.1978,5761.981,7071.1387,3339.6418,9855.604,11844.0,6549.584726889412,7758.92452567558,6780.492316401903,8895.079845006578,7039.688909856698,9206.523690126498,6872.798005316143,9677.480419446598,6834.548738848869,9402.366076559934,6723.004989103061,8186.460172990046,6462.105833333333,6755.461499999999,7069.579234892578,8031.898266849729,6518.522887345869,7825.849329619302,7071.1387,7071.1387,6462.105833333333,7826.646833333332,8085.533931699762,8085.533931699762,7071.1387,7071.1387,12525.0
T000141,2007-06-30,5651.421,4075.1035,6880.8633,3411.5425,9223.825,3478.0,5717.148296275132,7181.070423574172,6190.95262035001,8403.617755117015,6408.139044606024,8658.880966174554,6070.179539128505,9072.544981543233,6068.4433872455975,8836.985518004429,6072.971617821782,7812.49388384584,5535.795933333333,6505.410266666667,6549.759551551233,7615.19750157029,5657.784686608817,7271.135764239536,6880.8633,6880.8633,5535.795933333333,7252.036433333334,7605.755021797691,7605.755021797691,6880.8633,6880.8633,5426.0
T000142,2006-09-30,5164.843,4760.198,5842.3086,3909.8372,7759.811,6636.0,5302.634918686586,5302.634918686586,5462.143745955618,6274.872908530975,5640.268987355941,6227.108094476201,5445.497402461906,5844.012268741659,5431.464746254422,5843.27110238516,5425.53725153091,6216.04025233723,5255.7832,4876.0729,5707.93058463512,5938.458954565255,5369.504383654175,5369.504383654175,5842.3086,5842.3086,5255.7832,5255.7832,6560.431588321795,6398.986733627033,5842.3086,5842.3086,6117.0
T000142,2006-12-31,5367.6143,3221.2878,5726.4214,3632.6545,6792.997,4582.0,4951.907716626291,4951.907716626291,5525.074130409355,5967.0273762480665,5624.173744659031,5904.535279493482,5520.32091588443,5727.329877300166,5511.824122527071,5726.88497765119,5387.402193066776,5937.171942497547,4771.7744999999995,4679.53795,5659.164613228903,5780.655751269803,4998.5305563990805,4998.5305563990805,5726.4214,5726.4214,4771.7744999999995,4771.7744999999995,6125.864163223197,5974.005442939142,5726.4214,5726.4214,5312.0
T000142,2007-03-31,6112.4883,6281.058,5856.6445,4076.622,7599.9473,7719.0,6064.436782199227,6064.436782199227,6000.213148924993,6249.91158026134,6163.1580925184135,6205.6712148027955,6203.059904514564,5858.192507125728,6156.855908396582,5857.5179332596545,6015.002175055179,6335.220701983005,6083.396933333333,4966.63325,6096.736049667294,5980.461388232182,6039.092241939554,6039.092241939554,5856.6445,5856.6445,6083.396933333333,6083.396933333333,6509.5280720287765,6361.342378655536,5856.6445,5856.6445,7791.0
T000142,2007-06-30,5749.867,5170.6504,5808.1787,4099.892,8872.072,4259.0,5624.029287724914,5624.029287724914,5775.456656372133,6499.354307773523,6061.25223150315,6471.6731664670315,6004.950346364498,5810.953936040627,5943.234351280201,5809.813851909393,5738.976694142864,6568.412164484238,5576.232033333334,4954.03535,6019.060755057332,6004.579036266675,5632.942688694827,5632.942688694827,5808.1787,5808.1787,5576.232033333334,5576.232033333334,6955.636044770534,6781.695745045793,5808.1787,5808.1787,4813.0
T000143,2006-09-30,2337.0098,2556.1846,3010.3489,2503.0552,4949.3535,3973.0,2629.741304218671,2629.741304218671,2632.499662084636,2966.8428483066955,2812.635810542059,3039.166178837581,2618.598029746014,3010.4301009986425,2603.9582366107406,3010.7295290024567,2634.1574611673277,3128.8989569196824,2634.5144333333333,2634.5144333333333,2879.335664341134,2972.3028228031985,2661.899283502171,2661.899283502171,3010.3489,3010.3489,2634.5144333333333,2634.5144333333333,2784.266551635508,2720.855501935085,3010.3489,3010.3489,3814.0
T000143,2006-12-31,2497.7676,1047.1543,2871.4292,2345.0317,3807.6807,1468.0,2265.821125894449,2265.821125894449,2661.7462173865806,2826.284785933304,2748.669464447169,2882.5311460299336,2642.8968863405403,2871.4651118936763,2637.6902801896185,2871.5940692977356,2566.4085858546077,2915.053341533437,2138.7837,2138.7837,2787.9989595808493,2841.614085858667,2244.731106127421,2244.731106127421,2871.4292,2871.4292,2138.7837,2138.7837,2745.9674645659024,2273.665622015151,2871.4292,2871.4292,1831.0
T000143,2007-03-31,3015.649,3796.0881,2962.412,2600.8184,4805.7217,4463.0,3192.623265689732,3192.623265689732,2992.2863380250756,2931.4013451198625,3164.329124391955,2991.0128628987923,3152.438811792007,2962.490606647366,3111.9205860904212,2962.781954555651,3040.997140837155,3269.635039685336,3258.0497,3258.0497,3125.984427249243,2951.145504277469,3209.8370111422646,3209.8370111422646,2962.412,2962.412,3258.0497,3258.0497,2980.2870142088586,3207.094978740095,2962.412,2962.412,4086.0
T000143,2007-06-30,2842.717,2795.6816,2936.5513,2629.809,6494.637,1777.0,2864.0505520192078,2864.0505520192078,2883.8954854998146,2910.244751426022,3215.7586042652124,2995.668256168827,3143.874998233975,2936.7076138826096,3073.2065011884124,2937.2917093513215,2879.376887279991,3474.4180930824587,2858.316633333333,2858.316633333333,3170.5946900759436,2922.8613264767696,2866.610782650909,2866.610782650909,2936.5513,2936.5513,2858.316633333333,2858.316633333333,2905.0452150256706,2874.640083983592,2936.5513,2936.5513,2057.0
T000144,2006-09-30,4836.0083,4905.0317,4960.2773,3957.9924,6277.6953,5104.0,4897.918252854329,4897.918252854329,4890.542827508347,5395.142979014942,5013.315689547735,5009.744667059653,4964.41735808085,4960.606684338498,4941.686375383063,4960.970795189463,4892.59813258511,5166.787591131722,4900.4391,4900.4391,5009.731768420798,5375.334513589951,4903.568051800534,4903.568051800534,4960.2773,4960.2773,4900.4391,4900.4391,5210.662061259704,5210.662061259704,4960.2773,4960.2773,5374.0
T000144,2006-12-31,4778.12,4880.347,4911.9644,3809.5654,5729.5146,3626.0,4852.02666169484,4852.02666169484,4836.856620666765,5181.829031310489,4912.980593102001,4939.4609790802515,4868.516652124325,4912.165920501683,4856.586869261398,4912.384808613033,4840.777507755582,5023.271242587747,4856.810466666666,4856.810466666666,4919.0815292580255,5167.604004373228,4858.907051814927,4858.907051814927,4911.9644,4911.9644,4856.810466666666,4856.810466666666,5057.720116130202,5057.720116130202,4911.9644,4911.9644,3512.0
T000144,2007-03-31,5580.818,5753.8706,5035.8755,4042.9863,6386.331,6548.0,5432.615773648975,5432.615773648975,5341.674032021523,5481.64650661063,5468.2983953985895,5086.813489074105,5585.513905240996,5036.247344287319,5536.418291605242,5036.704358567717,5361.787013710769,5447.238969083096,5456.8547,5456.8547,5365.956267184369,5484.245189211192,5421.407755084048,5421.407755084048,5035.8755,5035.8755,5456.8547,5456.8547,5406.621963551481,5406.621963551481,5035.8755,5035.8755,7435.0
T000144,2007-06-30,5482.0894,5029.9277,4986.0024,4068.6416,6871.659,4687.0,5189.172582667548,5189.172582667548,5264.3853052697505,5608.437601088803,5440.8880192180795,5060.2531956175635,5538.643979435933,4986.508139536878,5480.251413316963,4987.113276808404,5245.367365514161,5481.744412983573,5166.0064999999995,5166.0064999999995,5336.850888554827,5603.044581134001,5161.581411825775,5161.581411825775,4986.0024,4986.0024,5166.0064999999995,5166.0064999999995,5458.744057226058,5458.744057226058,4986.0024,4986.0024,5727.0
T000145,2006-09-30,9893.938,8561.652,10372.532,6505.1943,9469.27,9931.0,9713.233803792962,9713.233803792962,10103.96542162832,9826.982936723072,10019.140658759026,10071.718549922647,9912.339809974372,10352.121600937626,9949.555541503156,10333.638709708961,10014.039375436852,9997.42610559463,9609.374,8782.3321,10104.338596691872,9812.458203926893,9714.604174845988,9714.604174845988,10372.532,10372.532,9609.374,9609.374,9973.826603263864,9829.949559261398,10372.532,10372.532,12189.0
T000145,2006-12-31,10663.511,9502.392,10299.48,6171.9062,8249.8955,8005.0,10217.079685216784,10217.079685216784,10503.75869988178,9322.325878080756,10312.949927381207,9826.326241731189,10431.510181329933,10275.584201534088,10460.325072880294,10248.1986862258,10439.029618883178,10277.172450242153,10155.127666666667,8240.427233333334,10293.474578919442,9744.561803640016,10207.762654590257,10207.762654590257,10299.48,10299.48,10155.127666666667,10155.127666666667,9452.314217268937,9265.333054694955,10299.48,10299.48,9639.0
T000145,2007-03-31,12162.242,9500.198,10689.224,6696.2373,11215.453,15015.0,10902.57704288909,10902.57704288909,11515.818993125475,10656.64137369999,11566.60924860762,10583.039178332587,11926.061143485162,10719.577261756402,11858.563120848918,10742.33143381135,11378.56849458054,11151.998742970953,10783.887999999999,9533.6381,11341.718369527673,10530.430314305493,10872.62542939274,10872.62542939274,10689.224,10689.224,10783.887999999999,10783.887999999999,10968.888089322636,10740.550984908596,10689.224,10689.224,17347.0
T000145,2007-06-30,11242.695,9112.936,10516.848,6797.9883,11164.529,9259.0,10402.334877169942,10402.334877169942,10924.162436059265,10543.825714202854,10985.425533776748,10440.031805201492,11157.252660819553,10537.39938207461,11115.885584172038,10554.49340784807,10806.449758469642,10668.67733007111,10290.826333333333,9493.121766666667,10868.17500631536,10334.275322441943,10384.463071445864,10384.463071445864,10516.848,10516.848,10290.826333333333,10290.826333333333,10817.922094681413,10630.707530096659,10516.848,10516.848,9173.0
T000146,2006-09-30,10474.963,5644.2544,14808.683,2230.1396,15549.023,17464.0,10964.40036901524,10964.40036901524,12376.78382863364,14989.016388317252,12440.877368749225,14607.073829027335,11352.131917316981,14783.78136732828,11502.946591461376,14750.316137472768,12005.338331242008,11513.763335193404,10309.300133333334,10862.6152,13064.615284500404,9436.465494414108,10790.840140313427,10790.840140313427,14808.683,14808.683,10309.300133333334,10309.300133333334,14331.106828687962,14331.106828687962,14808.683,15549.023,19050.0
T000146,2006-12-31,11667.069,9949.913,14366.984,1208.0391,12245.59,9268.0,12283.057894048525,12283.057894048525,12851.906641227488,13850.25092063662,12650.876785700746,14081.204510360152,12007.810835791819,14137.476971606648,12155.676269316635,14212.122362261885,12699.61927417688,11816.70701323805,11994.655333333332,9273.537699999999,13082.244164349951,8795.713514568773,12211.19416391576,12211.19416391576,14366.984,14366.984,11994.655333333332,11994.655333333332,12998.135067133233,12998.135067133233,14366.984,12245.59,10465.0
T000146,2007-03-31,14979.849,7464.854,15089.96,2838.8716,8347.141,24432.0,13213.015339472873,13213.015339472873,15028.17039438212,13447.531660210265,14398.93587785931,14700.635290233275,14463.494636023084,14541.317708970091,14608.463220383766,14791.348141542867,14566.155425791232,13890.909361281068,12511.554333333332,8758.657533333331,14526.78067376079,9967.065763403583,13001.177080345646,13001.177080345646,15089.96,15089.96,12511.554333333332,12511.554333333332,12272.98548058673,12272.98548058673,15089.96,8347.141,28492.0
T000146,2007-06-30,13151.885,6410.289,14789.959,3100.9575,9651.133,7977.0,12153.71392159002,12153.71392159002,13870.741606343561,13538.234245761703,13389.404336573862,14451.966789883429,13051.781575888634,14357.445225572217,13221.891707047864,14546.982238260456,13429.38863525847,12896.308260694079,11450.711,9180.683166666666,13714.91940300246,9861.282270012507,11950.176234922525,11950.176234922525,14789.959,14789.959,11450.711,11450.711,12361.6888393686,12361.6888393686,14789.959,9651.133,8750.0
T000147,2006-09-30,10356.046,8846.0205,10634.354,7610.8223,11262.972,9641.0,10052.596117737668,10052.596117737668,10478.179398368,10634.354,10536.509889529278,10639.244306421873,10458.6662937222,10634.616499601167,10456.222630623717,10635.12834146581,10380.869843367334,10564.655727293928,9945.4735,9436.89715,10566.941161821323,10766.913677360299,10040.416008399563,10040.416008399563,10634.354,10634.354,9945.4735,9945.4735,10872.683346579764,10872.683346579764,10634.354,11262.972,11471.0
T000147,2006-12-31,10742.827,10902.269,10607.997,7388.12,8705.833,8892.0,10735.460144201093,10735.460144201093,10683.657856094838,10607.997,10506.340072800533,10587.232286290511,10565.842325364229,10606.76612791577,10600.373630519804,10604.120920422753,10695.77438655594,10510.410884807496,10751.030999999999,8046.976500000001,10518.059596177163,10049.17513932995,10736.023423791697,10736.023423791697,10607.997,10607.997,10751.030999999999,10751.030999999999,9786.140093852957,9786.140093852957,10607.997,8705.833,10402.0
T000147,2007-03-31,11818.458,10185.147,10939.328,7758.7275,9249.445,14580.0,11049.16819727263,11049.16819727263,11432.658330183609,10939.328,11276.001840539746,10927.286477089314,11517.862509452669,10938.703170194283,11519.406949675504,10937.530223292855,11348.017061385795,11183.815118491411,10980.977666666666,8504.08625,11174.974531683254,10612.17508081919,11027.903777881616,11027.903777881616,10939.328,10939.328,10980.977666666666,10980.977666666666,10317.282013995347,10317.282013995347,10939.328,9249.445,19021.0
T000147,2007-06-30,11415.995,8848.89,10799.482,7855.3555,11120.021,10230.0,10492.880418039422,10492.880418039422,11145.442849763389,10799.482,11176.057803732761,10808.373697276955,11325.133949721725,10800.083959680076,11294.790084826533,10801.520580571841,10999.044803000224,11094.722730335443,10354.788999999999,9487.68825,11080.271374146489,11036.174636085269,10464.704318078442,10464.704318078442,10799.482,10799.482,10354.788999999999,10354.788999999999,11028.96935888503,11028.96935888503,10799.482,11120.021,13567.0
T000148,2006-09-30,17961.309,16895.133,16267.25,13930.3125,27238.086,18805.0,17093.475893107017,17093.475893107017,17217.88379229524,19379.700235640106,18243.414495107652,16810.960455266708,18515.429205822373,16295.11262237538,18221.438571219904,16301.581734740303,17182.198152449644,17917.282697479255,17041.230666666666,16262.2515,17813.084233346177,18683.929316138092,17021.91598522262,17021.91598522262,16267.25,16267.25,17041.230666666666,17041.230666666666,17289.55713286784,16182.922144271532,16267.25,13930.3125,17949.0
T000148,2006-12-31,16745.256,17042.807,15874.82,13624.776,21568.379,9943.0,16516.770481338557,16516.770481338557,16363.271627499573,17488.197410135966,16895.48352536188,16156.37845775127,17034.477852186315,15889.247858008623,16882.239954882727,15892.607818384944,16396.69197696482,16727.265245999177,16554.29433333333,15804.279666666665,16673.435780718184,17126.734058295053,16473.07174185264,16473.07174185264,15874.82,15874.82,16554.29433333333,16554.29433333333,16400.09859508137,15747.197180652962,15874.82,13624.776,9234.0
T000148,2007-03-31,17693.125,20916.271,15965.988,14248.795,12978.109,17566.0,17916.8765632381,17916.8765632381,16935.18375771766,15593.875078730573,16658.398239563616,15971.30866019562,17129.028240567193,15966.435673885382,17125.131262302162,15964.004551209155,17162.6817112953,16487.84705391414,18191.794666666665,17619.396999999997,16454.42006029592,15877.983123660757,17808.58633047753,17808.58633047753,15965.988,15965.988,18191.794666666665,18191.794666666665,17008.256583644354,17567.547620060523,15965.988,14248.795,17587.0
T000148,2007-06-30,19452.947,18417.467,15998.057,14472.726,22384.158,17503.0,17975.98871250322,17975.98871250322,17936.794188411324,18346.264845015667,18536.590730108775,16487.593603758418,19309.401210030224,16023.340893636001,19043.55234795871,16026.351562953601,17933.743140200942,18054.16114449468,17956.157,17447.713333333333,17923.787157423725,18047.991756689862,17820.712056944412,17820.712056944412,15998.057,15998.057,17956.157,17956.157,18082.965902389926,17350.78939799786,15998.057,14472.726,17399.0
T000149,2006-09-30,2119.298,1983.7456,2670.8367,1286.9939,3344.5488,2448.0,2281.4706360210016,2281.4706360210016,2361.3366613481076,2862.1916856783146,2423.5604427663307,2681.4230250265123,2277.095630031758,2674.806472674776,2284.193505349203,2678.724555356016,2343.4043488361467,2594.92055524525,2257.9601,2434.1264666666666,2493.3431146207217,2783.1578449869844,2314.1916226099684,2314.1916226099684,2670.8367,2670.8367,2257.9601,2257.9601,2699.63107236206,2699.63107236206,2670.8367,2670.8367,2505.0
T000149,2006-12-31,2419.8772,1646.0621,2644.2053,1115.673,3068.259,1878.0,2306.744318585935,2306.744318585935,2518.321920246765,2764.6496109903123,2557.6285085785826,2644.7516679654054,2496.010367376281,2645.8446308328503,2495.7656130556134,2649.565132697849,2467.028323087574,2637.9687414033224,2236.7148666666662,2276.045766666666,2583.5262117782863,2701.012206913445,2315.032926719995,2315.032926719995,2644.2053,2644.2053,2236.7148666666662,2236.7148666666662,2693.99185279953,2693.99185279953,2644.2053,2644.2053,2339.0
T000149,2007-03-31,2992.9338,2895.6816,2834.294,1393.1287,3577.9663,4911.0,2912.3368951968264,2912.3368951968264,2923.3159022377367,3045.519837142986,2992.8831702353978,2846.7832597583647,3022.2251570082317,2838.7889039173983,3000.6159634346177,2845.468963057801,2920.1326731835425,3010.093152091872,2907.6364666666664,2601.796333333333,2957.283898050087,2871.4825808615765,2901.973659346453,2901.973659346453,2834.294,2834.294,2907.6364666666664,2907.6364666666664,3063.9148401684724,3063.9148401684724,2834.294,2834.294,4873.0
T000149,2007-06-30,2621.6912,2058.9854,2742.562,1420.7808,3685.7678,1810.0,2524.409652667613,2524.409652667613,2674.7344526821325,3010.4614964625143,2762.5970575922934,2763.110291305873,2719.648389875304,2748.9243478263556,2704.5980290250914,2755.699554270982,2638.1726548225006,2856.584291234052,2474.4128666666666,2616.3702,2764.712728201462,2826.154223633905,2527.8574832445406,2527.8574832445406,2742.562,2742.562,2474.4128666666666,2474.4128666666666,2950.766436596566,2950.766436596566,2742.562,2742.562,2148.0
T000150,2006-09-30,9806.906,8664.354,9189.722,6802.3896,15679.346,9249.0,9285.848400517363,9285.848400517363,9536.059386397963,9258.54658311012,10142.253449497792,9329.960080289535,10207.356730500205,9189.335909267398,10048.218718287062,9193.658662135414,9476.888693972598,9969.840069817426,9220.327333333333,9235.630000000001,9944.186327796542,8799.91726040734,9269.632720656156,9269.632720656156,9189.722,9189.722,9220.327333333333,9220.327333333333,9528.549390684888,8660.042310183131,9189.722,9806.906,8824.0
T000150,2006-12-31,11642.637,-722.7578,9182.016,6156.55,17088.852,8885.0,7547.980938902712,7547.980938902712,10562.811753058959,7402.364666405987,11303.350878824293,8296.178350560818,11807.949991161078,9099.703613654092,11548.504779071765,8868.102633887751,9848.741285270238,10927.960654064867,6700.631733333333,5459.939600000001,10811.273684596817,9177.01167574072,7415.049358599823,7415.049358599823,9182.016,9182.016,6700.631733333333,6700.631733333333,10532.870514852035,9138.650936571481,9182.016,11642.637,10312.0
T000150,2007-03-31,11652.828,13661.713,9377.309,7219.9097,16965.281,11806.0,11338.629524346565,11338.629524346565,10654.23339071477,11267.25780680809,11364.809637756534,11045.363288748667,11827.686471432138,9440.227188955218,11581.998605375833,9654.380308498414,10816.968680760603,11012.866661590308,11563.95,12657.270499999999,10905.178857466417,9525.496708006624,11333.234985673875,11333.234985673875,9377.309,9377.309,11563.95,11563.95,10626.544503875479,9541.24992284644,9377.309,11652.828,11359.0
T000150,2007-06-30,11431.684,12280.6875,9267.002,7396.936,20164.773,7205.0,10858.480472762481,10858.480472762481,10481.729384803743,10785.585453287289,11500.983952261926,10657.324273676426,11891.131637619232,9315.87202030514,11580.610134012852,9485.757484350108,10571.517148161543,11102.288588925192,10993.1245,11856.18575,11002.79703077907,9451.456079511128,10844.063701698211,10844.063701698211,9267.002,9267.002,10993.1245,10993.1245,10455.389180682816,9481.019207256273,9267.002,11431.684,6598.0
T000151,2006-09-30,3293.6035,2671.2803,3898.1511,2879.0684,5088.986,4816.0,3358.76699784235,4043.014839762625,3558.90472333249,4166.621835324762,3669.3153687228605,4011.9959899488376,3502.603808529296,3947.970228919262,3500.941432668299,3936.9559349114274,3510.2448930230994,4106.204600221585,3287.6782999999996,2879.0684,3738.312017262995,4099.563999866894,3385.28740575771,4026.6001975472045,3898.1511,3898.1511,3287.6782999999996,4093.5801999999994,3701.703070837457,3409.835223979094,3898.1511,3898.1511,5514.0
T000151,2006-12-31,3514.3193,493.7539,3776.4343,2630.1519,5134.14,2989.0,2864.888655508388,4096.0563732077635,3629.346520608924,4082.5256377947026,3755.719823889222,3927.613953098751,3671.9626154782436,3838.14104185579,3653.6793134966656,3826.0179283716343,3439.8397741229214,4117.000486173263,2594.8358333333335,2630.1519,3771.698359232009,4164.447331423642,2863.124027578795,4063.021551633241,3776.4343,3776.4343,2594.8358333333335,4141.6312,3691.2599065131344,3314.7825707963266,3776.4343,3776.4343,3136.0
T000151,2007-03-31,3715.5774,3928.4521,3850.774,3029.0137,6535.6772,5160.0,3816.8816186118725,4621.3827838613615,3774.907423591845,4456.078678574509,4025.254696461311,4168.915297433968,3954.9854534569745,3977.201946979018,3904.1299593784083,3953.6179644511817,3785.5788943847165,4616.9642602731765,3831.6011666666664,3029.0137,4000.623999699529,4760.141950737968,3824.5098956141082,4543.210655990869,3850.774,3850.774,3831.6011666666664,4700.6762,3806.841800749723,3530.8711651325316,3850.774,3850.774,5591.0
T000151,2007-06-30,3537.5244,3638.7588,3830.8298,3080.7236,7264.577,2288.0,3668.4644644594337,4772.830702152295,3666.2392959486815,4604.959476333255,3986.2723368949673,4231.676670271439,3866.436908084672,3991.1366472169925,3806.016678147762,3960.852373372919,3667.31421174394,4781.583619628553,3669.0376666666666,3080.7236,3972.441550858776,4949.186799932653,3683.2751585544665,4676.8920753039865,3830.8298,3830.8298,3669.0376666666666,4877.643733333332,3735.520071249556,3503.200618922675,3830.8298,3830.8298,2420.0
T000152,2006-09-30,11983.584,9534.227,13442.874,10087.711,17937.873,15156.0,11897.44000236187,11897.44000236187,12623.98257605401,15807.40562726364,13041.690873525306,14807.197258136752,12617.171526324159,13462.183605707582,12579.333877944398,13489.020101841108,12448.536737927014,13828.249579838335,11653.561666666666,14032.516025125666,13181.397500998728,13612.132366757101,11949.37262268227,11949.37262268227,13442.874,13442.874,11653.561666666666,11653.561666666666,13470.738562305134,11923.172817637073,13442.874,13442.874,16710.0
T000152,2006-12-31,13054.14,1835.2988,13345.366,9227.488,19059.682,13159.0,10357.619880237737,10357.619880237737,13181.942366705662,16351.302355086766,13714.755867328002,14777.268550500165,13564.333418089498,13371.815535324999,13456.230693269992,13412.380956468336,12490.002816883381,14339.723394611594,9411.601599999998,14168.289005025174,13662.845500835638,12690.212674180413,10296.831448040433,10296.831448040433,13345.366,13345.366,9411.601599999998,9411.601599999998,13942.688654077232,11889.121714145162,13345.366,13345.366,14746.0
T000152,2007-03-31,13595.447,14526.678,13477.968,10549.033,23724.273,16415.0,13785.676334368092,13785.676334368092,13543.892213551626,18867.89405673318,14500.011979122213,17048.47551695032,14389.503201831645,13526.172455800635,14171.123052369794,13601.54794346222,13602.957045865496,15467.273084513876,13866.697666666667,17169.756618090516,14313.05556365518,15188.796359552056,13786.363119555073,13786.363119555073,13477.968,13477.968,13866.697666666667,13866.697666666667,14778.852886050336,12530.689497614643,13477.968,13477.968,19774.0
T000152,2007-06-30,12877.602,13397.721,13395.039,10667.031,26936.246,8793.0,13193.79935716534,13193.79935716534,13104.675383630163,20518.202369518836,14367.481277716515,18049.74229395495,14054.005072897224,13457.926438687504,13791.20909937552,13554.76636159883,13127.480977437488,15807.065118231665,13223.453999999998,18842.515924623196,14219.127351094952,15471.970074268003,13221.421814282328,13221.421814282328,13395.039,13395.039,13223.453999999998,13223.453999999998,14872.556372355924,12341.830212628602,13395.039,13395.039,10103.0
T000153,2006-09-30,15554.225,14338.625,16475.467,13326.406,19094.764,16846.0,15585.747822701578,15585.747822701578,15958.505208184219,16991.51286271067,16201.828034916276,16701.550702918204,15936.80959818831,16626.963097987704,15917.481008035369,16563.163693032486,15867.991603848228,16377.47192283366,15456.105666666666,16210.585,16293.64110799455,16854.30670383012,15611.469051587377,15611.469051587377,16475.467,16475.467,15456.105666666666,15456.105666666666,17438.78332398358,17077.770495919096,16475.467,19094.764,18353.0
T000153,2006-12-31,16126.548,12365.069,16348.63,12865.917,18533.693,14309.0,15275.894539493718,15275.894539493718,16224.007035947088,16798.072555069197,16427.619146159952,16552.86482662941,16342.541724383327,16487.214597799102,16305.452937002174,16442.30528169847,15989.838448809478,16509.76986432536,14946.748999999998,15699.805,16424.01857719549,16662.057524793927,15240.008465011259,15240.008465011259,16348.63,16348.63,14946.748999999998,14946.748999999998,17264.666308162057,16330.227942748063,16348.63,18533.693,16667.0
T000153,2007-03-31,17093.805,17112.436,16724.297,13604.555,17262.38,20986.0,16965.122879774255,16965.122879774255,16931.64915911809,16849.68398668141,16982.277194458402,16786.72590631707,17066.907573478235,16767.89807812372,17041.49949194655,16763.29250860271,16939.243762798553,16952.53332887272,16976.845999999998,15433.4675,16919.136988265367,16799.45622536095,16949.11591218009,16949.11591218009,16724.297,16724.297,16976.845999999998,16976.845999999998,17037.148180598106,17043.7621572645,16724.297,17262.38,22706.0
T000153,2007-06-30,16359.915,15564.837,16553.668,13655.682,19390.799,14150.0,16233.068061804843,16233.068061804843,16444.942064741208,17140.51395897055,16709.42496250015,16821.55703480277,16622.50500498187,16735.72194576363,16570.718613601188,16678.850015205346,16392.88072099193,16804.946153151042,16159.473333333332,16523.2405,16690.86634545814,16960.17741568747,16231.932300295191,16231.932300295191,16553.668,16553.668,16159.473333333332,16159.473333333332,17762.53169962029,17519.79078015597,16553.668,19390.799,16806.0
T000154,2006-09-30,168149.08,157469.78,178914.45,150957.47,221356.98,193459.0,170335.3509325385,170335.3509325385,172873.3826531358,183996.7685208246,176820.91727976417,180449.73839514249,173562.5819816619,178937.00792760815,173089.69676707423,179141.23608908054,172031.5304844133,180743.2468939979,168177.77,162447.23333333334,177697.80205595895,182732.72741213095,169763.36884972945,169763.36884972945,178914.45,178914.45,168177.77,168177.77,175871.10884247703,172477.154967876,178914.45,178914.45,200825.0
T000154,2006-12-31,175079.72,114556.75,176487.62,145260.2,200882.31,147157.0,163842.59902624108,163842.59902624108,175697.56645630853,179408.78386079657,177971.98371736228,177435.94834326464,177288.84416813296,176501.6418014449,176833.6651118161,176635.94277922958,171967.5681878319,179374.00660241907,155374.69666666666,145434.85666666666,177774.53813943756,179658.15623821862,159862.14378063392,159862.14378063392,176487.62,176487.62,155374.69666666666,155374.69666666666,176089.61045497956,164740.4469274856,176487.62,176487.62,158807.0
T000154,2007-03-31,187634.6,203004.28,180126.69,154212.25,220419.02,227742.0,187653.7332252477,187653.7332252477,184339.80946957652,184951.53090854568,188107.72997141758,181828.5864283488,189426.87763320596,180152.02248034946,188297.79949025187,180408.64825140202,185411.92559022375,188669.7544982459,190255.19,179114.40666666665,186338.511270724,187371.14865225658,188575.92354163734,188575.92354163734,180126.69,180126.69,190255.19,190255.19,182249.15597283497,186077.2454664163,180126.69,180126.69,245601.0
T000154,2007-06-30,180689.97,175056.56,178664.23,154947.08,263417.25,146071.0,178789.051234129,178789.051234129,179800.9890493626,188813.05579435814,187710.81108367626,182054.3067896375,187059.0681435884,178714.47360200516,185212.28361109056,179205.54918661976,179491.47617293632,191348.17518275874,178136.91999999998,169555.95666666667,186009.7064210698,191091.75019710953,178391.81887937302,178391.81887937302,178664.23,178664.23,178136.91999999998,178136.91999999998,179236.90125202763,178465.87620753612,178664.23,178664.23,162519.0
T000155,2006-09-30,2621.0137,2358.8193,2170.5527,1639.1926,2479.105,2000.0,2397.254800902585,2397.254800902585,2423.3322364335636,2339.402787666111,2452.6379915722277,2237.3963577054806,2560.547852533757,2173.0655615010733,2536.824955296204,2191.5431828171663,2415.1477752807705,2380.5088579472485,2383.4619000000002,2130.10315,2381.419277899109,2231.186977582339,2380.568563905078,2380.568563905078,2170.5527,2170.5527,2383.4619000000002,2383.4619000000002,2423.5022098485792,2423.5022098485792,2170.5527,2479.105,2200.0
T000155,2006-12-31,2784.4575,1910.009,2335.956,1599.3562,3178.1187,3100.0,2405.0327146780155,2405.0327146780155,2587.63594845227,2684.5589449386507,2666.72553615585,2474.0286055027636,2766.869795918923,2340.0805265339513,2732.0839326741097,2374.2395079605626,2541.933132053161,2691.7731443851985,2343.474166666667,2191.90685,2586.9558854402057,2352.7140326685403,2369.6423417966566,2369.6423417966566,2335.956,2335.956,2343.474166666667,2343.474166666667,2880.505874671937,2880.505874671937,2335.956,3178.1187,2900.0
T000155,2007-03-31,2598.197,2366.8281,2188.2944,1670.7799,1832.6635,1300.0,2396.428063974082,2396.428063974082,2418.3142889824258,2127.2263626493254,2385.604848518932,2129.925604560141,2492.478628338493,2186.5487950560528,2484.175412162665,2186.7138236343376,2411.308655213548,2204.7378048592577,2384.4398333333334,2134.48845,2331.339595373427,2181.006260109868,2381.465170981308,2381.465170981308,2188.2944,2188.2944,2384.4398333333334,2384.4398333333334,2070.260014260659,2070.260014260659,2188.2944,1832.6635,2100.0
T000155,2007-06-30,2777.4688,2383.2544,2201.8035,1706.074,1881.0986,2500.0,2476.41353818697,2476.41353818697,2524.842359468163,2176.3453186086535,2495.582032116344,2150.13255254907,2643.237223101996,2200.28882383836,2627.8453225092617,2205.392300666571,2510.7620786727257,2273.9376226942813,2454.1755666666663,2241.7714,2416.4115623987536,2198.4677415287933,2453.278949478713,2453.278949478713,2201.8035,2201.8035,2454.1755666666663,2454.1755666666663,2133.8354188835838,2133.8354188835838,2201.8035,1881.0986,1700.0
T000156,2006-09-30,54221.39,44942.785,50470.0,38805.4,44742.83,55800.0,50461.47192008629,50461.47192008629,52575.12036598397,51934.928205194716,52045.08415830589,52459.79722313098,53056.904829139654,52692.05262485103,53032.52286997557,51887.745439407314,52072.577939516064,51923.744776258645,49878.058333333334,49811.40666666666,51589.406651498546,51730.12795215094,50304.397879127006,50304.397879127006,50470.0,50470.0,49878.058333333334,49878.058333333334,50448.18507568269,50448.18507568269,50470.0,54221.39,57800.0
T000156,2006-12-31,54604.547,53028.797,50458.39,38136.207,45116.477,53000.0,52790.23889510961,52790.23889510961,52785.036800590446,52667.981456381036,52291.398924164336,52693.18091982822,53396.22123913587,53176.110897988234,53348.65207335637,52538.73959530293,52760.98262583016,52141.93174824505,52697.244666666666,50059.80466666666,51771.40564219848,51966.887748934874,52662.585952073234,52662.585952073234,50458.39,50458.39,52697.244666666666,52697.244666666666,50687.138938318094,50687.138938318094,50458.39,54604.547,53300.0
T000156,2007-03-31,53104.387,38884.79,49844.4,39346.562,39477.098,41100.0,48176.26480759468,48176.26480759468,51673.76592210967,50698.573616295274,50710.238619843985,51379.29408010539,51663.03732879739,51589.653600383186,51754.36288175842,50712.25608460657,50860.13734281075,50688.59467697214,47277.859,47475.295,50403.53484922877,50307.83649701459,48007.172525055765,48007.172525055765,49844.4,49844.4,47277.859,47277.859,48445.80336377687,48445.80336377687,49844.4,53104.387,35700.0
T000156,2007-06-30,56874.46,45253.496,50046.625,39590.945,39239.598,50200.0,51451.8627481896,51451.8627481896,53878.11533133803,53071.25106290148,52877.66182568909,53654.41140633615,54724.48300757744,54249.83242872245,54688.1026157372,52938.59153752095,53285.9005444646,52662.770316434915,50724.86033333333,48720.22766666666,52054.637396878636,52295.268532689726,51193.85934034109,51193.85934034109,50046.625,50046.625,50724.86033333333,50724.86033333333,49908.86405433803,49908.86405433803,50046.625,56874.46,46600.0
T000157,2006-09-30,2357.4146,1933.9453,2126.193,1284.781,1907.214,2200.0,2169.4097455250894,2169.4097455250894,2255.9447184871206,2079.8141219140025,2235.779611990073,2101.4055697343806,2296.316516941362,2111.720885816776,2292.016234043011,2126.6591307382996,2234.0571870607278,2180.555326309914,2139.1843,2139.1843,2205.4734703549802,2104.071279485727,2142.1027332516765,2142.1027332516765,2126.193,2126.193,2139.1843,2139.1843,2160.9674098849714,2148.247405795795,2126.193,2126.193,2000.0
T000157,2006-12-31,2445.5908,2400.6003,2220.0383,1246.2002,2055.8433,2700.0,2355.0768710591474,2355.0768710591474,2346.608760908783,2218.3996220455488,2331.5485104694994,2216.6933082783125,2389.92719942183,2220.9487200021886,2384.7009016307065,2242.716910762375,2347.7938786568166,2281.5640824262764,2355.4098,2355.4098,2301.16692490859,2227.127076448858,2343.269561302687,2343.269561302687,2220.0383,2220.0383,2355.4098,2355.4098,2265.8346314782266,2352.937978981151,2220.0383,2220.0383,2200.0
T000157,2007-03-31,2323.6711,1706.0593,2129.9065,1322.9436,911.1457,1400.0,2099.824596681299,2099.824596681299,2238.6389446849666,1937.7164030105498,2125.1507101872958,2022.2761479947003,2190.000676083883,2072.7644026015428,2208.0060946416843,2114.4339446566237,2204.211159201506,1997.4628589263696,2053.2123,2053.2123,2116.901598089244,2053.8970201765555,2066.355593574399,2066.355593574399,2129.9065,2129.9065,2053.2123,2053.2123,1910.2739672490945,2068.8821075649707,2129.9065,2129.9065,1200.0
T000157,2007-06-30,2629.1838,1905.9723,2138.663,1340.833,933.0717,2300.0,2274.539738423364,2274.539738423364,2413.9223907908136,1967.5898788955487,2302.003922054307,2040.9530472227061,2440.535866195309,2088.896619841619,2446.8810182807442,2150.226572777733,2378.212704928166,2126.5758221556907,2224.6063666666664,2224.6063666666664,2249.9858410220354,2077.0788690081886,2223.6663663438335,2223.6663663438335,2138.663,2138.663,2224.6063666666664,2224.6063666666664,2034.360828756111,2238.450243018933,2138.663,2138.663,1800.0
T000158,2006-09-30,3890.6448,3780.1548,3750.8625,3349.9648,4615.5596,4400.0,3813.4855813417485,3813.4855813417485,3829.302376028374,3802.7001696362017,3910.139639090469,3783.207986077887,3933.1374072007666,3763.0671325560056,3909.7255302198428,3761.6943564601884,3824.97931540195,3890.1992109983203,3807.2206999999994,4085.6889666666666,3875.303217734371,3830.402096812429,3807.60465640495,3807.60465640495,3750.8625,3750.8625,3807.2206999999994,3807.2206999999994,4184.597959475033,4184.597959475033,3750.8625,4615.5596,4000.0
T000158,2006-12-31,3816.8772,2927.9429,3756.9644,3288.6643,4799.272,4100.0,3568.9086578832575,3568.9086578832575,3790.5849127867605,3698.7639191104067,3887.901523810925,3738.13669716591,3888.59762668623,3743.2365393041828,3864.542735273997,3734.5618426898973,3737.208004814235,3873.0344954452094,3500.5948333333326,4124.3712,3861.844584618089,3836.9253006180265,3557.577556209236,3557.577556209236,3756.9644,3756.9644,3500.5948333333326,3500.5948333333326,4251.077952527086,4251.077952527086,3756.9644,4799.272,3600.0
T000158,2007-03-31,3488.7336,4138.9385,3675.1492,3419.1692,3770.463,2700.0,3720.0381515704275,3720.0381515704275,3570.5407012576347,3654.0691906426064,3579.219283399883,3651.546426670649,3531.5211017195898,3670.2011743714174,3536.683638892962,3676.8636083543984,3607.0922994608122,3594.0644178833977,3767.6071,3644.781933333333,3604.9982035007033,3654.332513240735,3733.145401509235,3733.145401509235,3675.1492,3675.1492,3767.6071,3767.6071,3669.5908934305,3669.5908934305,3675.1492,3770.463,4000.0
T000158,2007-06-30,4025.0525,4253.7227,3704.2632,3466.688,4211.0566,3600.0,3971.1173687973414,3971.1173687973414,3884.2764987025453,3869.307768740685,3931.9292108995232,3797.22622578361,4004.860430680756,3743.1356264515994,3981.9746088827505,3744.618787321025,3903.8794279333492,3900.0712353262807,3994.346133333333,3980.1240999999995,3876.457047899986,3785.8945455854737,3962.669631024742,3962.669631024742,3704.2632,3704.2632,3994.346133333333,3994.346133333333,4021.6353815155335,4021.6353815155335,3704.2632,4211.0566,3200.0
T000159,2006-09-30,199973.58,164354.89,206529.8,168422.94,209935.02,202800.0,195160.1926168978,195160.1926168978,202850.7284436245,202950.48411773337,203160.9022598982,201666.23165285715,201482.63803119128,200890.04721370383,201663.09684385505,200402.2381866364,200555.52651783742,203054.75518416494,190286.08999999997,189178.97999999998,204066.66600815085,202951.22538916825,193032.33558665385,193032.33558665385,206529.8,206529.8,190286.08999999997,190286.08999999997,204916.0066458374,191835.07514557478,206529.8,199973.58,210900.0
T000159,2006-12-31,212393.78,174616.02,211037.22,164576.97,217979.69,232100.0,204111.1788670401,204111.1788670401,211798.46372130845,211777.8230842845,212447.7582392546,211270.3410510748,212690.71331467674,212268.87768668326,212493.75599634688,211249.8310014362,209509.2840727985,211943.73116631564,199349.00666666665,191278.33000000002,212133.68229225572,212909.30745089307,201956.72797825048,201956.72797825048,211037.22,211037.22,199349.00666666665,199349.00666666665,213360.57069887035,200909.09641734418,211037.22,212393.78,252400.0
T000159,2007-03-31,213186.0,161885.61,208967.38,171272.62,150134.56,220200.0,201029.9662733029,201029.9662733029,211334.68995133732,211270.50185485656,205850.4102534845,210825.76143045977,207702.82844936827,212116.87317472682,208769.00433542885,211175.42097497155,208267.60191365884,209814.7212597926,194679.66333333333,160703.59,206205.78423222955,202887.98157965904,198133.60532641024,198133.60532641024,208967.38,208967.38,194679.66333333333,194679.66333333333,195270.01131428062,196774.5152713133,208967.38,213186.0,229500.0
T000159,2007-06-30,209523.72,165153.56,208491.02,172478.0,141610.38,181200.0,200010.1082898787,200010.1082898787,209070.52727648994,209054.81430702703,202831.72103741977,208401.12376682815,204000.93857150202,208817.81624546216,205357.32934546802,208287.98362518876,206372.0834252636,207411.82534064734,194389.4333333333,157044.19,203787.949592078,199236.83673101608,197472.78849827897,197472.78849827897,208491.02,208491.02,194389.4333333333,194389.4333333333,191485.25628689062,196227.35096797626,208491.02,209523.72,190500.0
T000160,2006-09-30,5558.219,5100.3545,4912.5044,4341.142,6495.0903,4300.0,5214.384710044666,5214.384710044666,5274.851944529679,5192.881627003098,5423.249987953909,5166.508339750867,5562.381310383943,5095.473484252296,5504.574165634195,5049.894170784026,5258.098308952508,5359.741216306995,5190.3593,5558.219,5302.274007978827,5281.178500466549,5193.151928135678,5193.151928135678,4912.5044,4912.5044,5190.3593,5190.3593,5309.165406787433,4964.137421538993,4912.5044,4341.142,6300.0
T000160,2006-12-31,6054.426,3953.6162,5077.027,4207.3003,6860.502,5800.0,5174.661425686555,5174.661425686555,5625.501709532298,5307.635165470614,5793.023980849399,5391.215461157655,6011.9704910142345,5318.9376074993415,5937.244716628039,5225.842651144132,5513.9550879725175,5704.489491051373,5028.3564,6054.426,5620.043788172522,5585.727028152731,5122.372780620016,5122.372780620016,5077.027,5077.027,5028.3564,5028.3564,5677.440977588598,4815.451494250135,5077.027,4207.3003,6600.0
T000160,2007-03-31,5960.136,5961.1353,4937.0312,4452.784,6212.4185,4600.0,5600.7681144177795,5600.7681144177795,5511.154058731286,5481.280516892288,5631.324051819117,5375.761322378765,5868.5763636720185,5245.021631070247,5802.70244066527,5185.241508017105,5529.0851426627905,5545.991221949152,5619.434166666666,5960.136,5460.052004485892,5421.825468756288,5577.5236582048565,5577.5236582048565,4937.0312,4937.0312,5619.434166666666,5619.434166666666,5565.52214633613,5360.672924505816,4937.0312,4452.784,6000.0
T000160,2007-06-30,6028.9907,5757.52,4950.8647,4530.7144,6556.8296,5200.0,5580.737974800548,5580.737974800548,5555.863113840425,5486.867567838198,5706.939374940782,5399.581911546724,5953.377540928382,5268.63430746728,5878.492464437482,5200.973265764758,5558.073743097446,5613.765553759537,5579.125133333333,6028.9907,5522.117068096703,5482.8557335711175,5552.34282443158,5552.34282443158,4950.8647,4950.8647,5579.125133333333,5579.125133333333,5613.155044067966,5367.758879347472,4950.8647,4530.7144,5600.0
T000161,2006-09-30,12202.852,10763.728,10912.392,8122.6924,9978.435,11600.0,11357.261061024212,11357.261061024212,11636.543215279584,11354.043364095087,11550.887672214689,11414.416903002078,11884.81692101671,11286.002007011546,11854.801657281352,11220.630090439543,11570.975120585219,11572.435860040889,11292.990666666667,9978.435,11376.974253220209,10986.124020547797,11316.187259327948,11316.187259327948,10912.392,10912.392,11292.990666666667,11292.990666666667,11084.691141335645,11084.691141335645,10912.392,10912.392,12600.0
T000161,2006-12-31,11954.771,12922.304,10802.671,8021.7217,9063.352,10600.0,11801.851733878804,11801.851733878804,11449.180473461873,11743.75161458744,11288.225292777277,11518.74131308776,11598.701510265299,11283.081438301208,11590.805043361295,11229.754943002601,11528.538878459753,11522.550564502642,11893.248666666666,9063.352,11147.956761187834,10839.892065921233,11799.796908943124,11799.796908943124,10802.671,10802.671,11893.248666666666,11893.248666666666,10687.560234738967,10687.560234738967,10802.671,10802.671,12000.0
T000161,2007-03-31,11920.512,9744.803,10802.867,8198.427,7261.9746,9100.0,10939.775024585113,10939.775024585113,11430.041794260302,10959.774720322828,11100.959427438944,11127.140022909069,11427.431493131402,11065.851448965517,11458.461490713522,11007.155978826679,11316.359192416523,11320.63312726765,10822.727333333332,7261.9746,10995.587913499237,10780.418206622002,10889.919726091375,10889.919726091375,10802.867,10802.867,10822.727333333332,10822.727333333332,10140.67575951016,10140.67575951016,10802.867,10802.867,9800.0
T000161,2007-06-30,12701.713,10933.433,10810.965,8249.757,8262.091,11900.0,11553.727122958022,11553.727122958022,11871.972285764332,11540.668870600864,11636.334155933238,11586.988707305773,12141.698801961138,11380.555871952329,12122.361279086255,11285.535562312423,11796.737059650048,11797.775554060507,11482.037,8262.091,11401.073535113574,10881.703177912734,11498.776532445681,11498.776532445681,10810.965,10810.965,11482.037,11482.037,10712.810785451347,10712.810785451347,10810.965,10810.965,12800.0
T000162,2006-09-30,5482.1807,3992.5122,4515.3794,1596.8231,3652.4702,4600.0,4764.420571441278,4764.420571441278,5057.907131451482,4171.191889076983,4978.508416108347,4421.308131574708,5230.9111110491895,4498.939855027995,5211.830375095193,4505.98735357936,4983.591407592304,4751.04269921618,4663.357433333333,4550.0100999999995,4850.917135597155,4430.054054573631,4717.356865684543,4717.356865684543,4515.3794,4515.3794,4663.357433333333,4663.357433333333,4452.578958685601,4452.578958685601,4515.3794,3652.4702,4700.0
T000162,2006-12-31,5697.797,5391.511,4524.796,1460.2675,2912.8408,4700.0,5209.3739525862275,5209.3739525862275,5183.034224876529,3881.837450007239,5033.986163002761,4318.069337766477,5347.927458254461,4487.665810456769,5336.570614404389,4496.810855169472,5184.7704711837305,4715.154856732848,5204.7013333333325,4378.477933333334,4888.540676235879,4312.333066481432,5162.80244743937,5162.80244743937,4524.796,4524.796,5204.7013333333325,5204.7013333333325,4237.442533511151,4237.442533511151,4524.796,2912.8408,6800.0
T000162,2007-03-31,5481.3833,3556.4448,4498.4756,1694.5615,711.07227,3600.0,4647.098384556362,4647.098384556362,5050.041557459092,2987.7987813796344,4697.80476648799,3925.932520515575,4994.103333658864,4393.25194126246,5035.448141863486,4403.478645821214,4949.358549279522,4245.837500551304,4512.101233333333,3563.643723333333,4616.2899038213745,3850.6243780206,4596.371363377539,4596.371363377539,4498.4756,4498.4756,4512.101233333333,4512.101233333333,3347.0312880636934,3347.0312880636934,4498.4756,711.07227,3800.0
T000162,2007-06-30,5891.9424,4395.086,4494.1216,1732.8269,1769.4392,5100.0,5021.551921948926,5021.551921948926,5278.519125737395,3407.330946578121,5025.911500820757,4116.051923877333,5410.9861067968295,4425.428378694787,5414.229956577809,4437.171852214595,5211.2916721601005,4585.011510940998,4927.049999999999,4051.8343999999997,4865.903058974837,4085.960199123835,4958.114566993484,4958.114566993484,4494.1216,4494.1216,4927.049999999999,4927.049999999999,3851.2982320170013,3851.2982320170013,4494.1216,1769.4392,4600.0
T000163,2006-09-30,3013.7036,2175.5059,2196.9597,1114.9243,2320.6624,1500.0,2513.6917154157914,2513.6917154157914,2655.2816067287526,2230.0465979132214,2667.7617619165812,2184.2079023884453,2869.3593310303563,2205.9745892084693,2835.441986942109,2203.9147723031883,2618.230028413079,2390.2014898509274,2462.0564,2258.8110500000003,2545.850507716046,2105.05231429557,2475.131431581136,2475.131431581136,2196.9597,2196.9597,2462.0564,2462.0564,2373.9352743414747,2255.4933727487332,2196.9597,2320.6624,3100.0
T000163,2006-12-31,3222.9744,2482.1738,2416.7441,1044.8417,2391.576,3400.0,2751.211802072882,2751.211802072882,2869.1662219876807,2410.0123604715195,2867.744583495036,2382.3822952288615,3068.7557959536457,2420.2858913371138,3038.349224234662,2421.1116275760664,2837.893967596203,2574.3318827934545,2707.297433333333,2404.16005,2749.842101548317,2262.6995863021275,2713.0782579375505,2713.0782579375505,2416.7441,2416.7441,2707.297433333333,2707.297433333333,2518.0519286674744,2413.5095384500146,2416.7441,2391.576,2900.0
T000163,2007-03-31,2974.2231,2224.84,2224.072,1180.7488,451.77942,1400.0,2520.135635226541,2520.135635226541,2645.024862319108,1750.0349444885233,2480.531294314696,2022.6925946134652,2691.4135396623733,2163.754474396126,2699.626546635819,2198.472759429667,2612.2476613916815,1976.859030519501,2474.378366666667,1337.92571,2399.7974472743654,2129.3386408611154,2484.702885048451,2484.702885048451,2224.072,2224.072,2474.378366666667,2474.378366666667,1446.8594815759138,1341.9042977216554,2224.072,451.77942,1700.0
T000163,2007-06-30,3253.8906,2357.0933,2237.9648,1223.1421,917.9865,2800.0,2668.663905080125,2668.663905080125,2808.059109551542,1884.9087449602364,2686.0721026746546,2082.460919428078,2956.935661558154,2195.5689290374603,2945.5106945351454,2221.6178224490177,2770.8988588399097,2146.428483225522,2616.3162333333335,1577.97565,2558.8422004560125,2192.6532999330952,2620.582571906195,2620.582571906195,2237.9648,2237.9648,2616.3162333333335,2616.3162333333335,1723.673384002317,1597.7802489558626,2237.9648,917.9865,2300.0
T000164,2006-09-30,9336.833,8260.076,9604.442,6776.9453,9741.147,10800.0,9151.710456820576,9151.710456820576,9454.27122169633,9283.138116694054,9466.718309841057,9350.12182597064,9398.246837718005,9296.582424502001,9405.660482907444,9311.740379804494,9383.674605286338,9476.193483661515,9067.116999999998,9560.807333333334,9503.727283904545,9303.767345276317,9140.967061616266,9140.967061616266,9604.442,9604.442,9067.116999999998,9067.116999999998,9547.823385761705,9093.097810877485,9604.442,9604.442,11300.0
T000164,2006-12-31,9459.117,7534.6514,9639.683,6602.6934,9849.579,10400.0,9023.550408055435,9023.550408055435,9538.35704775183,9235.89690850745,9557.732922066478,9345.165382571588,9509.927904182026,9279.674921283626,9512.474320482583,9286.2646259524,9417.381356435624,9560.971461977195,8877.817133333334,9649.459666666666,9580.755483628742,9219.170338436386,9000.560191787636,9000.560191787636,9639.683,9639.683,8877.817133333334,8877.817133333334,9633.588525388233,8917.91880623616,9639.683,9639.683,12100.0
T000164,2007-03-31,9108.992,7989.7563,9468.631,6899.3286,7339.09,8600.0,8945.217636583007,8945.217636583007,9266.816903544524,9088.001393969638,9067.716480246045,9160.487325701233,9007.248285876682,9096.571702081215,9065.49651705644,9117.937959664698,9192.012179012232,9142.475796373852,8855.793099999999,8638.904333333332,9155.768612770416,9124.111200516156,8935.087203426821,8935.087203426821,9468.631,9468.631,8855.793099999999,8855.793099999999,8761.253890502714,8884.531973982066,9468.631,9468.631,10000.0
T000164,2007-06-30,9522.616,8560.018,9540.418,6961.34,7433.9775,8300.0,9279.2487105986,9279.2487105986,9530.4282754565,9379.969542544455,9333.875993469635,9432.079242716234,9358.174784789095,9406.67706432909,9402.825883627353,9404.979673292171,9471.184049410123,9391.230364847563,9207.684,8832.337166666666,9371.378773698034,9358.548855694828,9266.82643339363,9266.82643339363,9540.418,9540.418,9207.684,9207.684,8959.322907420687,9226.199885504515,9540.418,9540.418,11100.0
T000165,2006-09-30,3787.0596,2993.0986,3615.0073,2634.6409,2290.1667,4200.0,3526.646841600426,3526.646841600426,3711.5557262485063,3502.1044684300614,3588.1452470985128,3551.4114158499797,3649.037913930008,3566.5034979894854,3670.0905711472974,3563.8880593204435,3665.952051134266,3569.7461159661684,3465.055166666666,3230.7445333333335,3584.8396140118302,3406.483174290945,3501.577102162571,3501.577102162571,3615.0073,3615.0073,3465.055166666666,3465.055166666666,3313.9636348453955,3496.8892237903633,3615.0073,3615.0073,2800.0
T000165,2006-12-31,3889.2544,4028.286,3526.9993,2580.2231,2337.2012,3100.0,3796.326682670326,3796.326682670326,3730.2814404043725,3780.4972589678464,3619.6890754221954,3726.3398012005664,3726.080725695382,3641.316892515993,3737.017277813689,3622.5892345305356,3745.1206674587843,3586.7097549200025,3814.8465666666666,3251.151633333333,3586.233198662858,3526.793089364399,3795.108763925854,3795.108763925854,3526.9993,3526.9993,3814.8465666666666,3814.8465666666666,3329.472075176772,3794.8121641192765,3526.9993,3526.9993,3200.0
T000165,2007-03-31,3881.585,2537.1785,3505.6423,2670.633,3463.7627,3200.0,3410.760097589297,3410.760097589297,3716.6053388237433,3364.8628069197493,3713.1300040981087,3438.537773167731,3807.2720417725536,3446.329727631434,3793.722747969601,3437.7640988018966,3640.862872009515,3683.1998332804674,3308.135266666666,3616.9966666666664,3658.6517302798807,3331.579914032138,3367.1005354605113,3367.1005354605113,3505.6423,3505.6423,3308.135266666666,3308.135266666666,3626.0192830445935,3358.9216336765585,3505.6423,3505.6423,4000.0
T000165,2007-06-30,4043.9844,3403.8396,3532.071,2686.5566,3307.7825,3600.0,3702.2681403850493,3702.2681403850493,3819.335007197358,3663.33770258119,3798.9971057172074,3659.7954217185106,3929.4696493167203,3593.612496337072,3914.511143714691,3573.256408573813,3789.084577671343,3757.6395410525765,3659.9649999999997,3627.945966666666,3727.585625313866,3492.7189177916666,3676.72157814779,3676.72157814779,3532.071,3532.071,3659.9649999999997,3659.9649999999997,3650.363592762898,3671.87904765637,3532.071,3532.071,3300.0
T000166,2006-09-30,301701.7,251981.1,300905.06,249716.75,297510.44,304400.0,291092.2798112718,291092.2798112718,301352.1004539004,297879.12875724916,301036.2964527473,300273.3902028439,301280.87647641497,301111.4204125408,301321.16901326965,300228.724138357,298321.9626594386,299745.4542036373,284862.62,301303.38,300975.6116404368,300838.1936237841,288332.86681470054,288332.86681470054,300905.06,300905.06,284862.62,284862.62,300307.6612699254,287009.6096164864,300905.06,300905.06,318100.0
T000166,2006-12-31,314624.6,271255.25,306282.44,245619.78,305195.22,333100.0,302430.5438848977,302430.5438848977,310963.7050543657,307992.7782918874,310871.8541383452,310404.22722727887,312963.0175857756,312190.65920502483,312665.65520127583,311056.30330663914,308454.20351860597,309626.9489102677,297387.43,310453.52,309665.5980765278,309736.11633470806,300130.35819500685,300130.35819500685,306282.44,306282.44,297387.43,297387.43,309060.60259071557,299080.8935859887,306282.44,306282.44,358000.0
T000166,2007-03-31,312370.66,241349.47,301786.38,252507.42,216416.97,297000.0,293584.60905928246,293584.60905928246,307725.8273481234,302837.16808381,299772.9878609446,306656.16678886657,303571.7282791524,309156.96637209784,304947.5815782654,307445.9729448301,303562.5544695635,305510.75513163186,285168.83666666667,307078.52,299633.70258627605,296044.0206102746,289774.90294245793,289774.90294245793,301786.38,301786.38,285168.83666666667,285168.83666666667,283292.7655280833,288014.1618528933,301786.38,301786.38,307900.0
T000166,2007-06-30,312743.9,255058.73,302583.06,254165.36,212675.4,276500.0,296884.1403487925,296884.1403487925,308284.89084656746,304326.14706402854,299908.1440062648,307494.09817313857,303663.3886552556,309741.1708171327,305150.2153904126,308276.92941081006,304930.6952870658,306498.9784113557,290128.56333333335,307663.48,299906.17093895393,296111.6955584741,293811.6338246757,293811.6338246757,302583.06,302583.06,290128.56333333335,290128.56333333335,282744.2325504734,292402.9421192248,302583.06,302583.06,283300.0
T000167,2006-09-30,3991.57,3698.9802,3576.251,2611.636,3723.603,3900.0,3771.1633695064006,3771.1633695064006,3809.3103420785624,3706.4840942733854,3823.5356517056875,3638.0246735615806,3924.89739354556,3594.486935886464,3905.8875200985244,3602.5725210666815,3798.6511761550437,3780.9079414489847,3755.6003999999994,3649.927,3760.1443033762503,3590.6677077342165,3754.4758390982133,3754.4758390982133,3576.251,3576.251,3755.6003999999994,3755.6003999999994,3736.943107183576,3670.5493046422143,3576.251,3723.603,3800.0
T000167,2006-12-31,3826.8555,4240.8374,3524.9177,2559.6587,3580.5234,3400.0,3825.2756192176266,3825.2756192176266,3694.3523394377535,3613.920730828092,3699.8873762121157,3565.6483992683466,3774.280251421558,3536.6150258938205,3761.535408863285,3542.3171420788817,3724.9713694459624,3666.9783406725637,3864.2035333333333,3552.72055,3654.6550789767334,3528.4630764258172,3821.176964985031,3821.176964985031,3524.9177,3524.9177,3864.2035333333333,3864.2035333333333,3619.8353099980036,3762.54052747957,3524.9177,3580.5234,3700.0
T000167,2007-03-31,3730.664,3238.2993,3523.8484,2672.947,1778.9773,2900.0,3533.1458755718786,3533.1458755718786,3639.904510285306,3388.3556883282154,3477.3449526972327,3407.1265229378814,3552.6188624262395,3477.8647476266347,3581.105158510505,3475.6753593156814,3613.372701180835,3388.4057372746083,3497.6039,2651.4128499999997,3475.8948017998873,3349.827950514864,3520.3923447189295,3520.3923447189295,3523.8484,3523.8484,3497.6039,3497.6039,2830.7562280103857,2759.5548162947753,3523.8484,1778.9773,2500.0
T000167,2007-06-30,4268.5425,3611.1426,3530.2769,2697.5051,2059.602,3900.0,3841.992240191536,3841.992240191536,3944.5601257017734,3570.869394608608,3808.1939602617344,3499.54842551568,4012.004195524313,3510.221906071477,4014.377483497072,3518.6717544707153,3917.2068305578846,3667.8968468560734,3803.3206666666665,2794.93945,3724.2085121719215,3382.6927624577297,3810.5687921039053,3810.5687921039053,3530.2769,3530.2769,3803.3206666666665,3803.3206666666665,3079.2239276352657,2983.1054163553194,3530.2769,2059.602,2900.0
T000168,2006-09-30,25292.893,22684.516,19059.12,9076.927,18428.129,22600.0,22536.156457213045,22536.156457213045,22557.24802700359,19786.30806749481,22505.540423323717,19471.10573545909,24065.711118564497,19118.89136507414,23839.71636559778,19299.90411397643,22506.43619134301,21338.207489581415,22345.509666666665,22345.509666666665,21601.146593349287,19715.794959721617,22283.363207773655,22283.363207773655,19059.12,19059.12,22345.509666666665,22345.509666666665,20805.274375365218,20078.26971628678,19059.12,18428.129,22500.0
T000168,2006-12-31,23577.668,31054.344,18098.844,8613.324,16320.899,13900.0,23939.4654430666,23939.4654430666,21173.32678745792,18518.465867902218,21013.740250706604,18389.926882677315,22401.64999343208,18139.799749529935,22228.560261012484,18263.283046802608,21726.767550948804,19906.03493024909,24243.618666666665,24243.618666666665,20239.13760454274,20566.208716381745,23954.766906241424,23954.766906241424,18098.844,18098.844,24243.618666666665,24243.618666666665,19194.05708053764,21905.90530846542,18098.844,16320.899,13500.0
T000168,2007-03-31,23207.861,18328.213,18360.982,9451.627,5575.9746,9800.0,20251.60784196126,20251.60784196126,21080.844156256753,16720.504029142576,19893.567607064986,17967.698239412515,21274.313247131624,18291.11178920601,21355.221140584275,18074.00951766691,20866.753963582123,18164.451226047648,19965.685333333335,19965.685333333335,19394.023367097878,15117.722197152261,19985.736657681784,19985.736657681784,18360.982,18360.982,19965.685333333335,19965.685333333335,15302.13861781408,13924.26337790681,18360.982,5575.9746,9700.0
T000168,2007-06-30,28596.766,24247.775,18398.42,9727.424,10578.179,26800.0,24063.494991524167,24063.494991524167,24121.297617083575,18370.182361656098,23403.386099582596,18678.42485477384,26048.379224150543,18431.969617592542,25820.341767108905,18530.531974098463,24033.166502639426,21040.089203947107,23747.653666666665,23747.653666666665,22036.24611905598,17736.29674930914,23647.94275346841,23647.94275346841,18398.42,18398.42,23747.653666666665,23747.653666666665,18816.666011075027,17688.181539225036,18398.42,10578.179,30800.0
T000169,2006-09-30,28074.434,21692.84,17060.889,6783.5684,13334.954,15800.0,22672.748733942815,22672.748733942815,23241.221591700923,21361.898498608276,22906.247484426578,19590.64659210906,25698.298776882053,18571.344561651782,25353.524141714242,18409.214698985168,23042.88664992781,21742.09161732588,22276.054333333333,22276.054333333333,21351.65551288369,17095.078866974276,22145.48000844833,22145.48000844833,17060.889,17060.889,22276.054333333333,22276.054333333333,18771.6505273813,17099.934683336927,17060.889,13334.954,18500.0
T000169,2006-12-31,26842.406,35128.71,16060.315,6364.382,8723.213,11500.0,25673.585740349117,25673.585740349117,22110.7654602274,20270.93708452036,21438.601889591722,18356.045789093456,24222.29762363459,17465.694460595136,23961.77950337133,17270.845809216058,22806.402909825385,20217.135723075997,26010.477,26010.477,19977.791148751327,15228.534461120873,25241.351884560227,25241.351884560227,16060.315,16060.315,26010.477,26010.477,16318.092469699031,19197.82159549988,16060.315,8723.213,13000.0
T000169,2007-03-31,26737.168,19519.236,16578.053,7145.853,1384.3398,8800.0,21377.17700990996,21377.17700990996,22278.915850003134,20545.390502362214,20873.01105413646,18335.215589626656,23608.8061756392,17737.644215513104,23536.181649923765,17472.97348021196,22014.453883102284,19538.5850952125,20944.819,20944.819,19633.75966818855,13852.384824042017,20883.122824189773,20883.122824189773,16578.053,16578.053,20944.819,20944.819,13640.59043496474,11830.551858228317,16578.053,1384.3398,9600.0
T000169,2007-06-30,31287.756,26296.113,16656.39,7418.625,11023.019,29600.0,25099.790870196255,25099.790870196255,24866.889721107487,22370.2309243903,24358.108761230324,19983.636826515685,28076.638678993655,18649.426886131765,27632.876621672003,18427.34656240434,24816.842087603436,22796.391576146932,24746.752999999997,24746.752999999997,22304.17284909144,16541.514552916364,24419.45865657038,24419.45865657038,16656.39,16656.39,24746.752999999997,24746.752999999997,18666.597883158727,17526.646792494877,16656.39,11023.019,17800.0
T000170,2006-09-30,10972.992,9858.725,8154.4844,3792.6936,9998.892,10000.0,9678.072249548068,9678.072249548068,9736.110877236599,9088.09189069653,9911.43407205307,8667.470340590438,10587.795116924004,8295.198041594029,10441.161334376999,8654.450945937451,9717.12096408859,9544.437394103006,9662.067133333334,9662.067133333334,9467.250375354179,9806.658281400805,9609.714757861886,9609.714757861886,8154.4844,8154.4844,9662.067133333334,9662.067133333334,9697.766905555625,9697.766905555625,8154.4844,9998.892,10800.0
T000170,2006-12-31,9962.639,12161.678,7742.7334,3569.3496,8374.963,6200.0,9783.577124061452,9783.577124061452,8988.449918176426,8262.824849911001,9049.988433131508,8058.810023012898,9593.89234271453,7831.610039084461,9495.526588642868,8063.7315737568715,9161.855673793056,8706.398409634814,9955.683466666665,9955.683466666665,8713.731360664373,8866.65022708688,9765.754673460411,9765.754673460411,7742.7334,7742.7334,9955.683466666665,9955.683466666665,8655.49642332858,8655.49642332858,7742.7334,8374.963,7400.0
T000170,2007-03-31,9698.662,8841.21,7821.748,4002.6155,1610.6387,3900.0,8804.795148390564,8804.795148390564,8874.99223389742,6491.8665686053,8297.650044637372,7365.797242699775,8849.52051926122,7716.40827262897,8907.156238922236,7494.731461019253,8855.279145543665,7558.75346869881,8787.206666666665,8787.206666666665,8125.0794283981195,7313.75667060671,8757.922864929364,8757.922864929364,7821.748,7821.748,8787.206666666665,8787.206666666665,6104.301727196871,6104.301727196871,7821.748,1610.6387,3800.0
T000170,2007-06-30,11981.757,10954.964,7849.985,4119.8745,5127.3784,11100.0,10249.27610668075,10249.27610668075,10168.55955098039,7795.070159119271,9919.287579343156,8020.236917796357,10984.804914426524,7911.076336545661,10883.11439862188,8101.52236664585,10177.863004355499,9020.590194221497,10262.235333333332,10262.235333333332,9358.02025890179,9098.914930812169,10156.169809234289,10156.169809234289,7849.985,7849.985,10262.235333333332,10262.235333333332,8109.979179830118,8109.979179830118,7849.985,5127.3784,10300.0
T000171,2006-09-30,8080.162,6683.663,5527.2344,2574.1213,5724.001,5500.0,6813.385843848574,6813.385843848574,6959.828687355509,6155.687496711744,6981.121037221711,6015.282094400187,7613.852236423223,5971.625849866895,7511.7992242963965,5935.710985268786,6918.920927195024,6457.522325797082,6763.686466666666,6443.799133333333,6603.203728618179,5987.62689550004,6736.980359936595,6736.980359936595,5527.2344,5527.2344,6763.686466666666,6763.686466666666,6319.93376560803,6319.93376560803,5527.2344,5724.001,6700.0
T000171,2006-12-31,7588.3887,9937.359,5264.386,2443.3271,4381.8545,4100.0,7410.00889720988,7410.00889720988,6568.517379134597,5589.094241126224,6488.847651751617,5553.099656066433,7079.320730062444,5600.952855713394,7008.579053234578,5566.726775903545,6752.9205986157585,5863.0805495967,7596.711233333333,5744.876400000001,6162.403564294665,5380.606795343255,7444.766721968107,7444.766721968107,5264.386,5264.386,7596.711233333333,7596.711233333333,5553.371381104592,5553.371381104592,5264.386,4381.8545,3900.0
T000171,2007-03-31,7540.2686,6280.733,5391.3813,2711.289,1681.314,3200.0,6451.3465760258605,6451.3465760258605,6597.2453715666215,5017.243649903076,6253.56406256651,5234.260992616615,6839.016155123369,5517.288918272476,6834.012628197173,5481.466281319191,6557.665835231839,5268.451718839704,6404.1276333333335,4870.987966666667,5999.653413739852,4673.182533353509,6384.611546403863,6384.611546403863,5391.3813,5391.3813,6404.1276333333335,6404.1276333333335,4479.2515315633,4479.2515315633,5391.3813,1681.314,2800.0
T000171,2007-06-30,9024.902,7566.1416,5402.9155,2793.2163,4099.8965,8600.0,7368.352912566412,7368.352912566412,7435.420130675297,5925.852146117544,7318.010436619684,5863.490928395573,8237.282224088513,5932.095747568937,8125.518884882337,5878.858469011973,7409.373084834235,6352.916521119978,7331.3197,6175.904666666666,6808.043865025278,5604.707468649218,7275.008051441324,7275.008051441324,5402.9155,5402.9155,7331.3197,7331.3197,5882.813210782939,5882.813210782939,5402.9155,4099.8965,7200.0
T000172,2006-09-30,2895.4941,2649.5237,2187.984,845.4444,2570.8945,2500.0,2586.818643127496,2586.818643127496,2585.0085484072183,2476.116302855003,2621.5473686784007,2410.1879371012033,2792.42169745914,2284.383149247508,2757.2847376302443,2333.1389031115204,2582.307080602003,2531.800866966715,2577.6672666666664,2577.6672666666664,2511.3734474055705,2464.0715715096644,2563.3655007741486,2563.3655007741486,2187.984,2187.984,2577.6672666666664,2577.6672666666664,2536.284795309032,2536.284795309032,2187.984,2570.8945,2500.0
T000172,2006-12-31,2671.1328,3837.3447,2074.113,778.6864,2256.585,1500.0,2790.0707547504066,2790.0707547504066,2409.135095776679,2274.4909250952,2426.8459355851633,2237.3537851722226,2572.9533808498804,2148.8752533514066,2546.239290898334,2183.148853819148,2490.962027121964,2334.0587647218294,2860.8634999999995,2860.8634999999995,2336.207141149683,2260.731209706903,2803.0517927230803,2803.0517927230803,2074.113,2074.113,2860.8634999999995,2860.8634999999995,2316.415208130423,2316.415208130423,2074.113,2256.585,2000.0
T000172,2007-03-31,2662.412,2288.394,2113.3137,874.94916,552.57007,1200.0,2372.2748192567674,2372.2748192567674,2421.444290063197,1772.0887584729412,2276.4572729778033,1965.253498301751,2434.4128619446815,2101.1718892525228,2445.923781457478,2048.2808635356846,2408.136468225169,1981.4852052667886,2354.7065666666663,2354.7065666666663,2221.7251751749386,1715.2362925878151,2349.7044688757296,2349.7044688757296,2113.3137,2113.3137,2354.7065666666663,2354.7065666666663,1701.9017191643566,1701.9017191643566,2113.3137,552.57007,1500.0
T000172,2007-06-30,3353.332,2840.0952,2117.597,934.7729,1209.3019,3200.0,2791.1046176684276,2791.1046176684276,2811.038875000787,2141.383032925679,2727.714706026119,2233.6323810325152,3047.6730892359265,2212.15436376845,3019.22176477806,2220.2950613152534,2801.200673456531,2379.7022292777015,2770.3414,2770.3414,2561.407470925693,2080.0217619992077,2748.14652343928,2748.14652343928,2117.597,2117.597,2770.3414,2770.3414,2147.2569856619957,2147.2569856619957,2117.597,1209.3019,4300.0
T000173,2006-09-30,4919.3525,4272.3105,4278.166,3365.307,4417.8257,4400.0,4525.9024837318675,4525.9024837318675,4637.972567577346,4548.129202652781,4651.739759373296,4545.910956157451,4809.424059250851,4487.193556894327,4781.909094120504,4471.704724725113,4609.557798525489,4606.904970835864,4489.942999999999,4538.448066666667,4555.328350089591,4492.632066273699,4504.440670639186,4504.440670639186,4278.166,4278.166,4489.942999999999,4489.942999999999,4503.381047597414,4503.381047597414,4278.166,4278.166,5000.0
T000173,2006-12-31,4772.3354,5352.761,4203.9863,3323.3599,4109.151,3800.0,4723.483567274653,4723.483567274653,4522.919619489218,4557.897868754335,4514.724616839452,4433.98058668147,4657.4782054556,4385.138361759459,4637.6523827427745,4421.190104862907,4568.38209081591,4474.206149536705,4776.3609,4361.824233333333,4432.886633057679,4371.181198635348,4716.746235978469,4716.746235978469,4203.9863,4203.9863,4776.3609,4776.3609,4326.229931878952,4326.229931878952,4203.9863,4203.9863,5300.0
T000173,2007-03-31,4739.794,3959.986,4235.297,3397.3206,2527.912,3700.0,4359.867487903792,4359.867487903792,4518.3992392440705,4420.821683070593,4359.679260150864,4384.990840187155,4508.533774198354,4365.431226428864,4524.816742799328,4376.867732357994,4479.468650040463,4317.945501406448,4311.6923333333325,3834.334333333333,4313.921591125731,4213.62701414061,4340.098719428747,4340.098719428747,4235.297,4235.297,4311.6923333333325,4311.6923333333325,3769.2486378813164,3769.2486378813164,4235.297,4235.297,4300.0
T000173,2007-06-30,5286.366,4574.6294,4237.8564,3426.1877,3143.8984,5000.0,4732.983307488336,4732.983307488336,4826.235350972761,4713.718126300264,4725.373584056593,4631.323459791569,5001.264457806727,4554.689789280908,4983.871615803903,4568.044909355196,4800.974220832334,4647.358441218568,4699.617266666666,4222.706933333333,4589.618096242225,4450.009090258154,4701.575194266419,4701.575194266419,4237.8564,4237.8564,4699.617266666666,4699.617266666666,4138.080306516467,4138.080306516467,4237.8564,4237.8564,5300.0
T000174,2006-09-30,133374.12,121747.445,106591.32,59880.332,112368.84,129800.0,121865.31818734197,121865.31818734197,121620.68717805279,117004.37338400196,122190.51233339304,114787.92599414733,128777.859704783,112765.19980542449,127629.71300287168,113226.76671246547,121376.6630921928,119074.35788743122,120570.96166666667,117444.76,118164.27185923368,118244.47636546697,120443.99783727071,120443.99783727071,106591.32,106591.32,120570.96166666667,120570.96166666667,117464.51713214535,117464.51713214535,106591.32,112368.84,130400.0
T000174,2006-12-31,124022.5,154296.53,101699.6,57638.03,100784.68,82900.0,126667.10008259022,126667.10008259022,114226.26116234879,109846.68848062017,114166.5532099511,108090.83509069518,119735.12471653712,106703.609658193,118897.77945608002,106950.48033864103,116469.63242728318,111245.68382398147,126672.87666666666,108835.59333333332,110905.68190784613,109999.5563757898,125502.10625176373,125502.10625176373,101699.6,101699.6,126672.87666666666,126672.87666666666,108747.045399203,108747.045399203,101699.6,100784.68,85800.0
T000174,2007-03-31,121759.81,105330.7,102489.8,61730.477,43558.96,58600.0,111010.22536536641,111010.22536536641,113303.3092602248,104125.22367774014,107827.18199070459,103537.9631680957,113427.17622695812,105370.84607204667,113917.93501249439,104185.45518061772,112634.04393577293,102022.27581902749,109860.10333333333,89269.52333333333,105975.29359335276,95321.15727011127,109983.63256158216,109983.63256158216,102489.8,102489.8,109860.10333333333,109860.10333333333,88127.58752843055,88127.58752843055,102489.8,43558.96,59700.0
T000174,2007-06-30,146980.31,131486.75,102927.125,62971.02,73479.36,138000.0,129161.86909679901,129161.86909679901,127647.89701516226,116438.88089433592,124951.03552698679,113415.20940571051,136317.35835163732,112118.33574650381,135241.8779946085,111940.62953623684,127468.78055539427,117625.75339958964,127131.39499999999,107795.59833333333,118973.71498703248,112492.06931920504,126825.82174106856,126825.82174106856,102927.125,102927.125,127131.39499999999,127131.39499999999,107114.27962569056,107114.27962569056,102927.125,73479.36,139200.0
T000175,2006-09-30,7205.6577,6557.649,5529.586,2895.6182,5697.285,6600.0,6460.210575779173,6460.210575779173,6470.1260852802225,5777.266723067727,6487.698692896006,5784.75372481842,6902.579929246727,5603.59247414224,6834.7751888325765,5720.419164905457,6459.727795986046,6136.669490587997,6430.964233333332,6430.964233333332,6238.946954369372,6242.324621076603,6412.3729853354935,6412.3729853354935,5529.586,5529.586,6430.964233333332,6430.964233333332,6077.36332005058,5900.190862860543,5529.586,5697.285,7300.0
T000175,2006-12-31,6535.926,8594.951,5300.95,2741.776,5844.665,4600.0,6695.968705174617,6695.968705174617,5993.965956512498,5689.5396916857135,6046.11409484868,5640.097423596815,6346.079664718055,5396.1139895328615,6287.349396179117,5513.387671151256,6141.596490452136,5847.360274993696,6810.608999999999,6810.608999999999,5855.867742131202,5956.187886480469,6752.562203731124,6752.562203731124,5300.95,5300.95,6810.608999999999,6810.608999999999,5864.9424001092175,6490.803667293496,5300.95,5844.665,4500.0
T000175,2007-03-31,6343.424,5774.646,5338.5522,3067.1646,3721.955,2700.0,5846.087542690755,5846.087542690755,5902.443475336067,4644.756112185481,5752.769091152952,4873.860244505834,6024.926919413878,5216.852201229893,6020.117430054472,5159.411464664026,5885.172529288734,5297.527249283571,5818.874066666666,5818.874066666666,5632.074507806886,5234.265598666032,5810.879740973672,5810.879740973672,5338.5522,5338.5522,5818.874066666666,5818.874066666666,5011.519047259593,4861.057177671164,5338.5522,3721.955,3700.0
T000175,2007-06-30,8046.4062,7117.131,5350.726,3140.3267,4183.7695,7400.0,6879.061684561711,6879.061684561711,6863.42696929398,5044.363015092917,6757.647413156558,5244.332653961715,7444.5090014162415,5330.808016965408,7365.444362948244,5412.043463924484,6853.617492468097,5988.271824668298,6838.087733333333,6838.087733333333,6381.36842025533,6052.273347849281,6806.212212398015,6806.212212398015,5350.726,5350.726,6838.087733333333,6838.087733333333,5683.343296337296,5440.280657697014,5350.726,4183.7695,7500.0
T000176,2006-09-30,224337.97,199990.78,171778.9,92737.56,176149.05,201400.0,201228.86982503207,201228.86982503207,201272.81256952148,190648.69800745815,201740.95274015158,185604.00067161294,214763.1200249217,181102.8007410092,212655.41473007097,182360.19366943042,200700.2156554533,195169.43144619485,198702.55,198702.55,193955.19398610262,191047.50016415445,198417.32402046115,198417.32402046115,171778.9,171778.9,198702.55,198702.55,190520.8010268686,190520.8010268686,171778.9,176149.05,207300.0
T000176,2006-12-31,209319.7,264627.12,164050.12,89024.49,154779.61,131700.0,211915.2165629251,211915.2165629251,189453.48110549443,178957.21216480315,188640.56430029508,174928.39312281087,200034.44697338564,171757.3873628664,198491.1348710116,172500.10746202138,193630.27025890624,182244.31791763203,212665.64666666664,212665.64666666664,182150.52230266697,177159.36832429335,210320.65189872956,210320.65189872956,164050.12,164050.12,212665.64666666664,212665.64666666664,175569.6281176816,175569.6281176816,164050.12,154779.61,138800.0
T000176,2007-03-31,205833.88,173520.47,166046.22,95927.11,67418.97,95000.0,184245.22771339142,184245.22771339142,188373.36097463762,169807.46768256908,179217.12104045198,168461.5745254976,190465.30528235808,170574.67968383207,190997.47211256993,168865.38459478665,187089.9770282184,168485.5248266275,181800.19,181800.19,175011.6539586578,153363.25793743238,181966.34384395368,181966.34384395368,166046.22,166046.22,181800.19,181800.19,144079.86337289662,144079.86337289662,166046.22,67418.97,97800.0
T000176,2007-06-30,247884.66,218695.95,166368.86,98019.06,118566.19,233500.0,214572.4483511938,214572.4483511938,212112.0567162775,190000.08745283293,207745.72826557854,183500.21941016256,228686.708711091,179475.07509422084,226557.05921403295,180000.32072782677,211748.81495393452,194471.2305841628,210983.15666666665,210983.15666666665,196574.5570650069,181652.04332148447,210304.86297783433,210304.86297783433,166368.86,166368.86,210983.15666666665,210983.15666666665,176077.93999942983,176077.93999942983,166368.86,118566.19,225800.0
T000177,2006-09-30,7081.465,5912.9473,4277.6104,-887.719,4954.484,6200.0,5705.3132610346365,5705.3132610346365,5851.014237435681,4999.41162516409,5917.389157755471,4791.706013499957,6606.027065416708,4540.682073796077,6484.325605226187,4797.647319683646,5828.446990686005,5187.103485784808,5757.340899999999,4954.484,5494.694439800049,5030.022836465197,5751.656726292448,5751.656726292448,4277.6104,4277.6104,5757.340899999999,5757.340899999999,5522.130015992742,5522.130015992742,4277.6104,7081.465,5800.0
T000177,2006-12-31,6201.2036,9609.877,3779.2593,-1105.9978,2889.817,1000.0,6575.144494758198,6575.144494758198,5138.351335541171,3709.51681719726,5058.149386396523,3760.858037875609,5673.09404783263,3812.9546852278395,5598.738984427018,3982.541745155144,5389.343608093908,4283.012759621166,6530.113299999999,2889.817,4717.446222178273,4170.346653843527,6483.629599898542,6483.629599898542,3779.2593,3779.2593,6530.113299999999,6530.113299999999,4365.87732009481,4365.87732009481,3779.2593,6201.2036,1300.0
T000177,2007-03-31,6232.6094,4426.385,3906.7163,-789.71313,-4981.293,600.0,4795.034927603259,4795.034927603259,5211.908491137577,61.69990624050524,4385.326344104985,1368.6048902152202,5085.456290361844,2884.277545345364,5181.741842045791,2761.687191714242,5141.950584386005,2854.3841069750747,4855.2369,-4981.293,4191.204311812554,2871.636606624218,4858.396925917555,4858.396925917555,3906.7163,3906.7163,4855.2369,4855.2369,1808.3984635287438,1808.3984635287438,3906.7163,6232.6094,800.0
T000177,2007-06-30,8327.42,7098.355,3939.7532,-613.49133,-801.7356,7700.0,6385.968546209879,6385.968546209879,6401.92501893424,2341.4042001569164,5964.584537854837,2924.402081037735,7121.328651715951,3589.826004819053,7051.96093685965,3785.837148005324,6403.314288965501,4253.869234310796,6455.176066666666,-801.7356,5399.202994496427,4098.637985657105,6440.639644960434,6440.639644960434,3939.7532,3939.7532,6455.176066666666,6455.176066666666,3965.4464805747234,3965.4464805747234,3939.7532,8327.42,6600.0
T000178,2006-09-30,20591.457,18742.941,13220.397,-1476.206,20030.553,19300.0,17695.823550780704,17695.823550780704,17356.722075475973,17410.424566090558,18000.583774264018,17150.50912480313,19742.331816856993,14891.282723657643,19317.383421426897,15958.070292978695,17372.29557999569,17521.52184845931,17518.265,17518.265,16806.033802805,24769.651791343495,17551.9562693621,17551.9562693621,13220.397,20591.457,17518.265,17518.265,18057.872459463484,19785.63493617211,13220.397,20030.553,16700.0
T000178,2006-12-31,17626.938,27804.07,11775.514,-2116.4468,12926.537,3900.0,18961.417363331948,18961.417363331948,15059.08404534516,13095.150735178868,15173.199717211432,13062.259879648978,16613.900253461197,12469.777703447926,16365.378445539345,13201.253860363537,15784.363216086427,13753.92311108948,19068.840666666663,19068.840666666663,14295.401446256627,20291.738059050393,18991.99950877799,18991.99950877799,11775.514,17626.938,19068.840666666663,19068.840666666663,14128.808473036146,19402.15188688269,11775.514,12926.537,3800.0
T000178,2007-03-31,17507.033,15229.425,12086.187,-1211.5366,-18356.012,2700.0,15091.046599485855,15091.046599485855,15128.135002063966,-1549.5391991956476,12294.094356013058,-295.71866117006084,14058.524053257452,8048.417526105262,14485.972760207294,7871.700384740876,15083.37502418225,3285.7961130667354,14940.881666666664,14940.881666666664,12002.78340780505,12004.702876798208,14973.826742891939,14973.826742891939,12086.187,17507.033,14940.881666666664,14940.881666666664,3256.264853398625,4496.0606010195015,12086.187,-18356.012,3200.0
T000178,2007-06-30,24160.305,21590.879,12212.404,-688.4878,-5886.464,22200.0,19599.899189885153,19599.899189885153,18917.057402035047,5263.893304773429,17242.156141996176,6030.242589288158,20462.797216682407,10592.060106238281,20382.183764309517,11531.159219506248,18968.43521305651,9351.088640883598,19321.196,19321.196,15788.508989089556,21345.353411367647,19372.009542009964,19372.009542009964,12212.404,24160.305,19321.196,19321.196,9871.995165503513,13039.772840140959,12212.404,-5886.464,21700.0
T000179,2006-09-30,39912.047,33547.75,27272.836,6165.4385,33432.367,34200.0,33923.182648906964,33923.182648906964,34365.42314398359,31835.008189770728,34954.63564184933,31857.49943736312,38016.48217570989,28629.579432388167,37402.99599862894,30922.422364875525,34196.54162592671,33038.88042602689,33577.54433333333,33577.54433333333,32997.72813841229,36631.18595404386,33586.85122994108,33586.85122994108,27272.836,39912.047,33577.54433333333,33577.54433333333,33516.395764055305,31487.51214750002,27272.836,33432.367,38500.0
T000179,2006-12-31,35803.305,48389.523,25376.686,5227.251,25377.832,15600.0,36192.34437828583,36192.34437828583,31227.6607067768,25946.047066398954,31239.750370668866,26559.75908614121,33834.88431130498,25894.754076599187,33434.83171428024,27135.753451676035,32180.343676301898,28772.832795802624,36523.17133333333,36523.17133333333,29709.55961685693,31824.931887491442,36274.00348917577,36274.00348917577,25376.686,35803.305,36523.17133333333,36523.17133333333,28704.780000883948,32739.16493106763,25376.686,25377.832,17100.0
T000179,2007-03-31,35252.13,29728.053,25902.959,6817.923,-10781.48,11800.0,30578.242420362938,30578.242420362938,31149.31575767295,3347.15430814762,27737.385988585367,8195.316133142835,30564.699885694972,22026.23110384256,30971.72947542273,18441.73863694957,30974.4101811866,19123.41000441292,30294.380666666664,30294.380666666664,26972.962622248404,22500.325519744038,30313.021643738168,30313.021643738168,25902.959,35252.13,30294.380666666664,30294.380666666664,15726.285082816843,13980.829802712295,25902.959,-10781.48,10900.0
T000179,2007-06-30,44713.523,39252.875,26001.111,7432.6196,7002.788,41400.0,37030.742100233576,37030.742100233576,36501.72000036596,15076.263756898185,34750.67327571007,18403.659041915304,39667.24547503463,24682.421292756673,39345.87862069702,24476.782536639195,36494.2393655645,27007.59723740284,36655.83633333333,36655.83633333333,32319.18988928149,32816.71017141132,36612.56610124059,36612.56610124059,26001.111,44713.523,36655.83633333333,36655.83633333333,25157.607159436968,23432.477049062734,26001.111,7002.788,41200.0
T000180,2006-09-30,3977.2322,3879.1357,2734.612,829.9421,3220.813,3800.0,3528.1137378311046,3528.1137378311046,3431.9175561280153,2965.707726941416,3478.7083980824377,2856.5387576590974,3781.361013888599,2808.779230636953,3723.5379671376136,2788.0803812118706,3447.6158143537523,3014.161387656184,3530.326633333333,3310.885733333333,3288.2928495821043,2828.1165078328395,3482.1953593340263,3482.1953593340263,2734.612,2734.612,3530.326633333333,3530.326633333333,3323.4892743983683,3323.4892743983683,2734.612,3220.813,2600.0
T000180,2006-12-31,3625.2126,5098.965,2483.5164,731.2999,2525.2915,1300.0,3658.843516915067,3658.843516915067,3124.1877038064576,2503.372482366244,3129.397427821164,2451.6168484040627,3412.99191248824,2495.971341084636,3368.3175062275614,2502.067633672714,3234.356743093136,2616.6842751814506,3735.8979999999997,2878.006833333333,2961.1543998080506,2518.9174424990415,3651.0877372855484,3651.0877372855484,2483.5164,2483.5164,3735.8979999999997,3735.8979999999997,2874.171118053411,2874.171118053411,2483.5164,2525.2915,2100.0
T000180,2007-03-31,3541.1455,3193.5222,2538.6956,892.6094,-638.60205,600.0,3102.215539222037,3102.215539222037,3101.2278081598006,1028.4973278121581,2805.9366036748534,1365.9735057057735,3098.777953043392,2107.632986945951,3126.638159406282,2312.3150398479297,3097.45434966522,1674.0013058637433,3091.1211,1813.74635,2711.4482578009,2016.0871287506038,3059.2606680874223,3059.2606680874223,2538.6956,2538.6956,3091.1211,3091.1211,1688.025098346269,1688.025098346269,2538.6956,-638.60205,700.0
T000180,2007-06-30,4704.7163,4465.105,2557.5774,952.92664,1115.3894,4400.0,3908.6724314798976,3908.6724314798976,3762.4603439185003,1872.0924169452837,3630.371159594592,2002.400372592587,4184.456577005445,2371.8611567945572,4132.182283123549,2477.6425109836905,3785.2932567198827,2343.5487359459366,3909.1328999999996,2792.5610333333334,3339.1528677084,2337.8711459162496,3827.785848071084,3827.785848071084,2557.5774,2557.5774,3909.1328999999996,3909.1328999999996,2727.45362807437,2727.45362807437,2557.5774,1115.3894,4600.0
T000181,2006-09-30,3691.4365,3684.964,2611.003,849.7543,3778.6846,3400.0,3327.5398272582756,3327.5398272582756,3217.2962846068635,3212.51609414011,3327.483173346765,3025.3842836516187,3580.4733944785994,2832.249792130793,3514.648153153745,2948.6768514784694,3235.771244318127,3351.6333613257284,3329.1344999999997,3360.3746999999994,3149.5817729895434,3251.274770885294,3301.1572463497996,3301.1572463497996,2611.003,2611.003,3329.1344999999997,3329.1344999999997,3381.995578718569,3381.995578718569,2611.003,3778.6846,3700.0
T000181,2006-12-31,3349.6128,4434.4897,2420.792,750.07434,3500.7556,1700.0,3342.826770542477,3342.826770542477,2942.0066917354698,2962.523385515291,3043.835212413596,2793.2829810759226,3260.2859363901043,2616.634563438016,3202.108435973778,2720.0314291720592,3024.649388924208,3085.1644095011857,3401.6315,3090.3867999999998,2889.636852577179,2999.4824685953718,3347.2375796301176,3347.2375796301176,2420.792,2420.792,3401.6315,3401.6315,3111.767031495381,3111.767031495381,2420.792,3500.7556,2000.0
T000181,2007-03-31,3213.223,3150.7397,2463.5452,932.9821,47.220093,600.0,2944.4506086861657,2944.4506086861657,2884.2324665081633,1837.320052427606,2659.6498371440266,2062.0919723981597,2879.198210600776,2377.949451174657,2900.872381233506,2318.5692763094617,2893.5011742362476,1804.7879980529024,2942.502633333333,1907.9960976666666,2589.652943082428,1709.990726821882,2924.7038146534837,2924.7038146534837,2463.5452,2463.5452,2942.502633333333,2942.502633333333,1804.6238634378342,1804.6238634378342,2463.5452,47.220093,1500.0
T000181,2007-06-30,4325.376,3806.5354,2472.8738,992.5169,1087.4509,4100.0,3558.937143984239,3558.937143984239,3512.419170982519,2408.5604911894993,3385.287585595482,2460.014993450094,3865.264726131065,2601.180212559888,3823.1096244885816,2653.6468200510935,3513.0105571402637,2511.5896649245988,3534.9284,2628.5669,3136.36884440357,2313.0986062672105,3501.0872817764525,3501.0872817764525,2472.8738,2472.8738,3534.9284,3534.9284,2541.3576937490093,2541.3576937490093,2472.8738,1087.4509,7500.0
T000182,2006-09-30,8015.8247,7241.1465,6417.312,3212.0615,6165.0938,8100.0,7249.080375813091,7249.080375813091,7314.329276277333,6536.61045026391,7292.634290533313,6611.671548412711,7693.938590736824,6681.479773214851,7637.874492520357,6677.31283546508,7294.821207659909,7024.440256089302,7224.761066666666,7224.761066666666,7062.22015995989,6468.612218246641,7220.0180885775735,7220.0180885775735,6417.312,6417.312,7224.761066666666,7224.761066666666,6809.145336265958,6591.112228242981,6417.312,6165.0938,8600.0
T000182,2006-12-31,7403.6494,9362.248,6090.8174,3061.7344,5391.058,4800.0,7475.2647197671595,7475.2647197671595,6827.522829271675,6030.967521417078,6763.743735984463,6151.275618103247,7100.047087962534,6267.042125865503,7064.285049926131,6261.928551259371,6970.364801710138,6478.509589311293,7618.904933333332,7618.904933333332,6582.667931653439,6354.5993105167945,7501.229661442792,7501.229661442792,6090.8174,6090.8174,7618.904933333332,7618.904933333332,6229.472267642258,6890.2701839312285,6090.8174,5391.058,4500.0
T000182,2007-03-31,7249.7803,6338.4243,6124.66,3359.2769,3329.2854,3400.0,6611.155740105942,6611.155740105942,6756.029614386132,5369.90527658993,6496.512976449962,5734.475451765982,6814.677534623509,6094.139442211668,6829.859409059862,6082.21846714035,6719.885263119849,5962.477320833578,6570.954866666667,6570.954866666667,6377.695961241044,5594.599879858754,6583.669312159224,6583.669312159224,6124.66,6124.66,6570.954866666667,6570.954866666667,5427.156017794021,5181.1056625947185,6124.66,3329.2854,3600.0
T000182,2007-06-30,8767.672,7892.294,6163.088,3429.0586,4834.3687,8200.0,7622.916711933176,7622.916711933176,7624.669659948978,6063.43259457704,7503.692871708712,6295.024084266974,8170.087205026038,6517.632826425993,8097.894075777721,6507.692289237187,7616.568822097913,6945.66033916901,7607.684666666666,7607.684666666666,7143.462191171021,6111.667324898042,7582.9929360889555,7582.9929360889555,6163.088,6163.088,7607.684666666666,7607.684666666666,6460.316663480488,6238.414084147843,6163.088,4834.3687,9700.0
T000183,2006-09-30,23591.121,20828.879,15985.306,2554.915,20110.238,19800.0,20358.874574772824,20358.874574772824,20253.36558762122,18895.22526487936,20646.96449976995,18273.216480242423,22483.765903730553,16898.32300037984,22105.86003125858,17803.45064192642,20217.09821254979,19402.84878264749,20135.102,20135.102,19462.43971868119,20632.18727698114,20104.45000762124,20104.45000762124,15985.306,15985.306,20135.102,20135.102,19887.81689283291,19025.410208500747,15985.306,20110.238,23500.0
T000183,2006-12-31,21341.234,31470.096,14787.093,1955.7495,15833.67,8300.0,22154.924216829313,22154.924216829313,18464.997910081474,15856.09102787789,18570.176318430942,15802.635599919591,20187.205230894004,15178.659328537437,19913.903034211748,15800.537627784606,19199.595738036383,17066.56733007446,22532.807666666664,22532.807666666664,17590.979918856963,18085.362851900674,22431.19781768279,22431.19781768279,14787.093,14787.093,22532.807666666664,22532.807666666664,17282.02714082546,20793.670372989185,14787.093,15833.67,9300.0
T000183,2007-03-31,21140.66,17052.104,15168.728,2816.4595,-8871.033,6500.0,18050.449520176076,18050.449520176076,18519.922004747943,1806.8060061050774,16283.864966925035,6566.91591307566,18098.135506500337,11587.091400936084,18370.801972336718,10578.2308919664,18373.915529432194,10613.511525700484,17787.163999999997,17787.163999999997,15805.631306820349,11137.611878367334,17774.63654290535,17774.63654290535,15168.728,15168.728,17787.163999999997,17787.163999999997,8792.311396735224,7651.790859685285,15168.728,-8871.033,7400.0
T000183,2007-06-30,27331.676,23065.129,15219.127,3316.3022,162.83887,25600.0,22222.3017833783,22222.3017833783,22016.17385033515,7449.159917785163,20625.335848413957,10619.394100233158,23845.459632573853,13265.441498564001,23695.02097062894,13343.700115993259,21966.524352141758,14923.209852490623,21871.97733333333,21871.97733333333,19097.129510871284,16531.25031843074,21822.36680824936,21822.36680824936,15219.127,15219.127,21871.97733333333,21871.97733333333,13949.889597655381,12769.536839984403,15219.127,162.83887,27200.0
T000184,2006-09-30,106720.96,94000.36,72460.36,10137.967,92878.61,94800.0,92946.23463242286,92946.23463242286,91685.95019745492,86169.80393203016,93630.35571289426,85456.36949824617,101879.2174965938,78467.40619864735,100138.57824426306,82103.07671113402,91505.5624185706,88753.34704423459,91060.56,91060.56,88264.19805470048,31261.40709815247,91090.5216649539,91090.5216649539,72460.36,106720.96,91060.56,91060.56,90915.30217928546,97789.65345626508,72460.36,92878.61,99500.0
T000184,2006-12-31,95221.23,136175.97,66653.7,7395.7812,68960.445,36600.0,100548.5136728037,100548.5136728037,82684.58167555441,69314.58165027038,82932.63309248474,70554.25988689545,90011.53136124912,68633.94795671158,88867.35763616825,71435.06878716286,85690.93061955582,76069.60048313931,99350.29999999999,99350.29999999999,78701.96079811316,36377.64808087104,99154.57381360645,99154.57381360645,66653.7,95221.23,99350.29999999999,99350.29999999999,76931.8852416182,99651.17523616906,66653.7,68960.445,40100.0
T000184,2007-03-31,93980.42,79131.94,68151.23,11582.273,-46770.883,26000.0,81880.96716219213,81880.96716219213,82645.47184258889,834.9339421181612,71952.87233470296,16539.89589084138,79949.0863599084,45865.28862285365,81356.91076568418,46566.21616471038,82187.54259453515,43517.03423174428,80421.19666666666,80421.19666666666,70065.79981704325,29200.743862840685,80466.2933288647,80466.2933288647,68151.23,93980.42,80421.19666666666,80421.19666666666,36820.66620300093,40764.57841105678,68151.23,-46770.883,27900.0
T000184,2007-06-30,122067.29,107276.2,68509.01,13640.271,2494.6875,113600.0,102195.00457971753,102195.00457971753,98563.63668372843,31584.291384583947,92466.02301705602,42675.64833881548,106696.86090506967,57748.10153392908,106019.96738102884,61898.51225130716,98593.54694542615,66235.3170211621,99284.16666666666,99284.16666666666,85699.44374394829,35830.10444530222,99309.19744152161,99309.19744152161,68509.01,122067.29,99284.16666666666,99284.16666666666,63357.74149764029,76143.93365341646,68509.01,2494.6875,118400.0
T000185,2006-09-30,3473.2056,2161.5527,4187.3486,2121.0444,4384.377,4300.0,3411.3735166401216,3411.3735166401216,3786.6019504847827,3642.118581479681,3804.1640612787546,3632.7468400660305,3623.7290657890308,3551.4543748915858,3647.0153367439257,3572.88675980725,3693.8249472396683,3906.1741870084525,3274.035633333333,2823.3152333333333,3905.705529827783,4058.515821481009,3370.1956905319666,3370.1956905319666,4187.3486,4187.3486,3274.035633333333,3274.035633333333,3984.8196389039676,3296.2257153644496,4187.3486,4187.3486,3000.0
T000185,2006-12-31,3898.0237,2010.1261,4474.265,1980.5435,4104.5293,5900.0,3644.6104431701124,3644.6104431701124,4150.902913852978,3952.388455358145,4115.744168239126,3967.6585684488564,3977.362501319487,3894.3584501435043,4007.1881896956447,3881.628954414454,4025.2550288479642,4162.056539211921,3460.8049333333333,2821.6448666666665,4206.4353472796565,4236.125174753321,3581.812135724478,3581.812135724478,4474.265,4474.265,3460.8049333333333,3460.8049333333333,4165.965079236587,3488.4828958373027,4474.265,4474.265,5000.0
T000185,2007-03-31,3827.4238,2044.5248,4258.6465,2239.5867,2219.7485,4300.0,3546.9789227239016,3546.9789227239016,4016.6626785246012,3831.5512616304622,3825.937019685591,3853.1656339813135,3746.415613019053,3794.8745125210903,3805.5182239889123,3771.952874224232,3899.976084686218,3740.6082904493996,3376.865033333333,2847.586,3922.9931355767553,3633.201072840986,3486.7903017091194,3486.7903017091194,4258.6465,4258.6465,3376.865033333333,3376.865033333333,3545.052288159945,3401.937877161,4258.6465,4258.6465,3100.0
T000185,2007-06-30,3738.0742,2112.5703,4285.86,2295.6118,2013.3933,2700.0,3538.67926652598,3538.67926652598,3978.4659290618083,3806.4627115218923,3765.814248423818,3816.322556936104,3660.4663205465267,3748.21344741137,3728.9163235593583,3742.2352575741556,3869.3796288399863,3679.0427453951415,3378.834833333333,2898.014033333333,3883.8454678415396,3571.94653173612,3485.0126880598864,3485.0126880598864,4285.86,4285.86,3378.834833333333,3378.834833333333,3466.3939360346353,3403.153035209286,4285.86,4285.86,3400.0
T000186,2006-09-30,3321.723,2878.9656,3233.8477,1914.3987,3656.4019,3300.0,3178.646216074969,3178.646216074969,3283.1595773833033,3233.8477,3322.6850599584427,3239.1653481904173,3338.79372173212,3233.419788909697,3326.602240799555,3233.219706803941,3257.587431307812,3292.2043179077405,3144.8454333333334,3403.9908666666665,3302.7897920417663,3264.6897787639605,3162.644830962693,3162.644830962693,3233.8477,3233.8477,3144.8454333333334,3144.8454333333334,3390.2343026734734,3250.848669191535,3233.8477,3233.8477,1800.0
T000186,2006-12-31,3466.696,3053.4834,3450.8423,1854.133,3283.0325,4500.0,3356.5125323187267,3356.5125323187267,3459.7387215254075,3450.8423,3444.100213325321,3449.2608381033338,3450.3348950336176,3450.1781425644176,3453.229374113213,3449.664803450563,3434.7174471601566,3445.5832273526603,3323.6739,3400.1902666666665,3444.553116737325,3468.0786362635736,3344.115620426732,3344.115620426732,3450.8423,3450.8423,3323.6739,3323.6739,3403.6942004056623,3276.5740847773855,3450.8423,3450.8423,3100.0
T000186,2007-03-31,3262.5542,2040.9407,3251.6125,1974.1201,594.33093,2200.0,2949.488313664332,2949.488313664332,3257.752516236245,3251.6125,3009.839554223919,3224.0608958250386,3048.805450243421,3249.5051947286433,3103.851568698802,3247.8102001591187,3183.1525905665526,3083.5744371995816,2851.7024666666666,2369.49921,3052.2479238773535,3246.213198615279,2914.2159276758366,2914.2159276758366,3251.6125,3251.6125,2851.7024666666666,2851.7024666666666,2434.253288135834,2073.431445532929,3251.6125,3251.6125,2600.0
T000186,2007-06-30,3790.3877,2328.3992,3285.6138,2014.8264,537.3258,3200.0,3242.2152117911432,3242.2152117911432,3568.8714237360437,3285.6138,3313.0350561375003,3262.27514508396,3476.1553191335556,3285.059819525556,3514.154616811156,3285.45863045363,3488.1804259392716,3286.0192865020244,3134.8002333333334,2537.7757666666666,3284.477844877466,3263.87551358272,3181.1496665604604,3181.1496665604604,3285.6138,3285.6138,3134.8002333333334,3134.8002333333334,2585.697951855968,2158.861371506403,3285.6138,3285.6138,4600.0
T000187,2006-09-30,9886.729,7948.5166,7604.0293,3528.4065,9639.136,10600.0,8593.526463149943,8593.526463149943,8884.983193862143,9138.850381851158,9077.482923758193,9054.146629247196,9617.882290572197,8541.422169669913,9487.824869827398,8669.59871842565,8806.190133918026,9021.726265347854,8479.758299999998,8479.758299999998,8708.773736471701,9569.657783292037,8498.695728089493,8498.695728089493,7604.0293,7604.0293,8479.758299999998,8479.758299999998,9113.859758171138,8541.84362809007,7604.0293,9639.136,4500.0
T000187,2006-12-31,8941.146,10265.722,7096.138,3269.8618,8806.28,5300.0,8683.382037750878,8683.382037750878,8131.477944981289,8356.957357128791,8293.155310672033,8284.517876417609,8729.046899320594,7862.707581276658,8622.565046542017,7967.9095421128095,8244.798221922214,8256.153044184493,8767.668666666666,8767.668666666666,7994.062710476627,8706.293895752828,8655.40473135412,8655.40473135412,7096.138,7096.138,8767.668666666666,8767.668666666666,8344.2740139937,8783.033795888516,7096.138,8806.28,3500.0
T000187,2007-03-31,8680.66,7089.7896,7094.6616,3788.7834,109.53613,2800.0,7715.6360187496575,7715.6360187496575,7984.656383868911,5549.453017629293,7334.763812897821,6002.516864103735,7824.783168233101,6598.4166398545385,7909.736360618709,6481.221463865934,7914.959871539442,6258.127739648263,7621.703733333333,7621.703733333333,7217.707376148812,5702.881341824084,7645.637278129196,7645.637278129196,7094.6616,7094.6616,7621.703733333333,7621.703733333333,4564.721657629113,4243.270978838015,7094.6616,109.53613,2200.0
T000187,2007-06-30,10841.036,9556.292,7171.066,3925.1677,4866.5054,9800.0,9260.734828102943,9260.734828102943,9230.49692814935,7904.719101226356,9019.698108063245,8108.417297414291,9964.57280459442,7916.251344417975,9871.873880947198,7985.387342886425,9215.941812454212,8240.958808825679,9189.464666666667,9189.464666666667,8519.278785049797,8500.47864029704,9139.102322680093,9139.102322680093,7171.066,7171.066,9189.464666666667,9189.464666666667,7222.269960932537,6975.213537854681,7171.066,4866.5054,5200.0
T000188,2006-09-30,9230.049,8114.272,5433.93,31.300049,8313.215,5400.0,7531.0783934144665,7531.0783934144665,7564.150376606727,7214.476767870947,7837.151602215593,6152.571049556912,8742.722112086525,5500.909568230005,8536.980016465663,5724.88267411743,7562.143316599671,7002.193475582993,7592.750333333333,7659.064666666667,7232.3560084452965,8117.270263922996,7546.887812282561,7546.887812282561,5433.93,5433.93,7592.750333333333,7592.750333333333,7667.786920510731,7667.786920510731,5433.93,8313.215,7000.0
T000188,2006-12-31,8391.118,13448.367,4954.1943,-215.32178,4875.665,2400.0,8919.178161647931,8919.178161647931,6882.849565702309,5195.105333334669,6879.47261553034,5084.153535970322,7735.982148951772,4986.419701125437,7605.759956740352,5106.23547008606,7252.500826441439,5816.9002586065535,8931.226433333333,6073.659099999999,6376.383221101569,6651.789084630773,8807.391475185272,8807.391475185272,4954.1943,4954.1943,8931.226433333333,8931.226433333333,6072.474137215621,6072.474137215621,4954.1943,4875.665,3200.0
T000188,2007-03-31,8550.26,6800.869,5200.9707,123.782715,-5885.424,2000.0,6790.766620682532,6790.766620682532,7080.449271143549,-185.92693198601592,6049.93293461008,3192.8469784435706,7034.766351765171,5115.868635296293,7137.675473287137,4892.479211975437,7031.845877983133,3757.332113754579,6850.6999,2621.935566666666,5742.034250497832,3854.7654240241436,6820.613139814824,6820.613139814824,5200.9707,5200.9707,6850.6999,6850.6999,2583.545544153001,2583.545544153001,5200.9707,-5885.424,2000.0
T000188,2007-06-30,11230.861,8617.264,5226.926,357.45972,-515.51245,10700.0,8254.683779287881,8254.683779287881,8596.078725934647,2785.7137725541306,8067.206691645822,4367.114029085188,9639.886303309944,5223.905801877913,9529.401685147266,5260.03649520823,8540.932875084509,5570.991522928599,8358.350333333332,5314.091516666666,7281.206970337365,6664.842708805257,8297.330382564933,8297.330382564933,5226.926,5226.926,8358.350333333332,8358.350333333332,5293.064588243142,5293.064588243142,5226.926,-515.51245,10700.0
T000189,2006-09-30,6875.6157,4558.3823,6179.033,3205.067,6091.858,4800.0,6014.882525358492,6014.882525358492,6569.925556722203,6567.111873757871,6562.592635270605,6548.655245082624,6737.158646936883,6457.484399381453,6712.253106684102,6333.378863723647,6440.223963762615,6505.844016173395,5871.010333333334,4647.4941,6461.808683842892,5125.725426316023,5961.167522126075,5961.167522126075,6179.033,6179.033,5871.010333333334,5871.010333333334,6438.113432007092,5979.6406529328,6179.033,6875.6157,6400.0
T000189,2006-12-31,7320.409,7508.8223,6317.563,3056.379,4320.2354,6900.0,7009.736233953172,7009.736233953172,6880.31748261726,6876.266720653106,6695.118456878375,6917.953637573861,6971.964835402158,6692.441395315491,6975.180121143562,6642.492855083464,6909.368796382363,6716.698472540295,7048.931433333333,5627.588099999999,6581.027436125211,5442.952351351907,7009.3961348930625,7009.3961348930625,6317.563,6317.563,7048.931433333333,7048.931433333333,6276.4048628799,7022.659477835636,6317.563,7320.409,7800.0
T000189,2007-03-31,7501.215,4231.5396,6310.777,3322.4675,246.22803,7200.0,6212.131485935538,6212.131485935538,6978.800126958601,6973.99163096711,6414.343151578395,6955.820918723846,6793.353183507673,6704.4782458984355,6874.2671282790725,6594.67169909827,6799.4128743868805,6643.756591248675,6014.510533333332,4621.5947,6340.089630626332,5209.805756645928,6135.416068584467,6135.416068584467,6310.777,6310.777,6014.510533333332,6014.510533333332,5444.6984808977995,6164.3745124077195,6310.777,7501.215,8800.0
T000189,2007-06-30,7625.025,4289.3433,6260.7046,3390.814,864.67896,6300.0,6256.078943344066,6256.078943344066,7026.303127417143,7020.792274122382,6524.4195056367535,7007.938566516021,6937.590308442419,6733.50105822544,6997.878858328128,6598.06256452791,6845.91185102955,6701.580403785827,6058.357633333333,4646.953966666666,6413.574502313177,5205.769153867572,6177.149004078479,6177.149004078479,6260.7046,6260.7046,6058.357633333333,6058.357633333333,5612.025859096708,6208.780418332186,6260.7046,7625.025,9000.0
T000190,2006-09-30,10888.551,7402.0615,9317.55,6788.3447,8375.072,8600.0,9395.58863578791,9395.58863578791,10199.128881449591,10038.841515528877,10113.00073573596,9957.35730714758,10516.871891090355,9960.130630502657,10476.271224466966,9761.099331028392,10013.114630300022,10076.812119213891,9202.720833333333,7521.826066666666,9898.057302801395,9731.43298161899,9365.488977090954,9365.488977090954,9317.55,9317.55,9202.720833333333,9202.720833333333,9621.651014230203,9302.496383700418,9317.55,9317.55,9000.0
T000190,2006-12-31,11183.049,10615.438,9696.744,6622.4033,8367.464,11400.0,10499.741760702513,10499.741760702513,10530.79509187896,10341.963766009063,10408.480813336295,10274.973065525492,10796.54700108309,10264.784651908018,10767.269576058106,10085.258211192318,10522.004472668637,10389.861682179657,10498.410333333333,8535.101766666667,10212.373881169558,10027.701414745947,10482.198770007903,10482.198770007903,9696.744,9696.744,10498.410333333333,10498.410333333333,9864.943160338502,10482.575098526395,9696.744,9696.744,14000.0
T000190,2007-03-31,11133.808,7222.156,9363.528,6904.278,4997.0137,7700.0,9456.02967343805,9456.02967343805,10356.933772658696,9895.521467532459,9951.570557844067,9879.971738357292,10451.741848244938,9786.349757806014,10474.966140209905,9628.330478770557,10148.370406489255,10028.729070468484,9239.830666666667,6374.482566666667,9764.096027817344,9864.667743469374,9422.180357580282,9422.180357580282,9363.528,9363.528,9239.830666666667,9239.830666666667,8803.786688944389,9351.572631991537,9363.528,9363.528,7900.0
T000190,2007-06-30,11714.983,8173.01,9394.868,6969.876,6098.4395,10100.0,9939.197175072408,9939.197175072408,10696.817767399523,10298.264214006373,10391.92592258538,10221.883780666247,11014.354399040736,10170.219315525235,10994.14757763797,9914.470493308487,10520.490926317889,10406.454543375365,9760.953666666666,7080.441833333333,10106.035189117609,10122.639778937244,9901.178919067715,9901.178919067715,9394.868,9394.868,9760.953666666666,9760.953666666666,9323.867801315808,9843.440112841088,9394.868,9394.868,7600.0
T000191,2006-09-30,43148.18,33698.953,35914.64,24387.209,36180.887,37000.0,38004.60486097586,38004.60486097586,39973.79470589827,40311.29856793941,40006.948778800055,41498.78886258518,41803.72064922499,42034.116359511456,41520.64053085509,40791.50681947541,39521.62670244496,39483.96507603499,37587.257666666665,37587.257666666665,38940.971381539486,38645.23401375139,37937.88472747747,37937.88472747747,35914.64,35914.64,37587.257666666665,37587.257666666665,38776.61656720668,37756.192237222844,35914.64,43148.18,31500.0
T000191,2006-12-31,41929.152,46950.215,35754.04,23968.072,30892.932,36500.0,41212.96483285321,41212.96483285321,39219.24997108593,39507.36950156984,38772.803178921764,40343.50858713194,40376.067729918934,40895.323259691584,40240.619551808464,40436.173670211436,39634.5119580708,38411.85420324374,41544.469,41544.469,37947.084158955906,36949.21436063056,41047.95292162324,41047.95292162324,35754.04,35754.04,41544.469,41544.469,36920.922354429524,41484.57096982219,35754.04,41929.152,36500.0
T000191,2007-03-31,41495.355,29687.484,35647.145,24728.797,13935.06,26300.0,36166.46727268517,36166.46727268517,38928.911485369725,39201.77836120474,36909.88545300516,39396.53991365305,38661.614943823646,40237.93972840066,38890.44214657008,39424.766655122294,38308.143191222814,36855.55006635561,35609.994666666666,35609.994666666666,36411.254092847914,32959.99223890262,36146.93947255541,36146.93947255541,35647.145,35647.145,35609.994666666666,35609.994666666666,32460.9727551474,35811.58429693463,35647.145,41495.355,26500.0
T000191,2007-06-30,47059.54,35486.18,35607.562,25013.248,22933.959,42700.0,39867.197224832365,39867.197224832365,42033.92452658358,42568.253057705304,40864.63293496858,43991.21594147968,43887.84553554508,45082.74967862663,43713.01619602873,43462.7637700248,41525.3910939635,40256.72049591948,39384.427333333326,39384.427333333326,39393.90370830324,37007.37923852522,39733.60822476309,39733.60822476309,35607.562,35607.562,39384.427333333326,39384.427333333326,36853.928560712164,39599.06613274641,35607.562,47059.54,40600.0
T000192,2006-09-30,3928.1223,2523.3853,3433.7085,1204.1769,2917.423,1900.0,3403.2910031312103,3403.2910031312103,3711.1524766602583,3423.3319734465617,3663.5510155976312,3460.618076273818,3793.650503038866,3453.638123981302,3785.4582938783497,3486.1724261292065,3633.78564343141,3566.181253400678,3295.0720333333334,3426.417933333333,3599.544231042484,3136.217738851312,3320.12969504634,3320.12969504634,3433.7085,3433.7085,3295.0720333333334,3295.0720333333334,3420.38600690532,2971.18015863962,3433.7085,3433.7085,3500.0
T000192,2006-12-31,4575.1597,3143.1208,3797.9458,1059.4191,3135.542,5400.0,3941.5771360264825,3941.5771360264825,4234.085153577162,3806.005783867384,4173.175797646895,3846.3514810809306,4375.656157277095,3830.840836820058,4359.66396518825,3889.1497298716504,4159.986296517916,4020.8428746546597,3838.7421000000004,3836.215833333333,4070.08656784785,3573.1980066138563,3860.379150390008,3860.379150390008,3797.9458,3797.9458,3838.7421000000004,3838.7421000000004,3826.0794753622467,3370.4615787585753,3797.9458,3797.9458,6200.0
T000192,2007-03-31,4425.061,2730.3982,3536.0789,1317.7516,1902.376,3600.0,3686.3833505041857,3686.3833505041857,4034.9378092856778,3402.1893320154795,3883.5342701065274,3555.603106064172,4127.080854916438,3564.509919736166,4127.074651338576,3589.1302525296524,3946.7124696978917,3704.999992172042,3563.8460333333333,3287.838633333333,3780.13055938535,3229.3045467234256,3589.8912067590927,3589.8912067590927,3536.0789,3536.0789,3563.8460333333333,3563.8460333333333,3280.0861497865244,2743.50117416756,3536.0789,3536.0789,5600.0
T000192,2007-06-30,4401.4707,2743.8032,3554.3489,1393.4846,1546.9623,3500.0,3687.0185735198875,3687.0185735198875,4029.7175909782773,3353.152803738232,3843.4010908390437,3554.517357910267,4081.625446383261,3576.711752531807,4091.025225181814,3578.5312000847703,3943.026073981672,3671.064423377043,3566.540933333333,3167.5939666666663,3752.3301868955477,3232.279343216249,3592.338693275851,3592.338693275851,3554.3489,3554.3489,3566.540933333333,3566.540933333333,3162.182515864137,2638.5064806924356,3554.3489,3554.3489,3500.0
T000193,2006-09-30,2015.1493,2099.1167,1924.8961,1702.6409,2150.6465,2100.0,2005.5431266048406,2005.5431266048406,1975.5423536327135,1997.5978303049624,1996.7086880847396,1988.3295857808153,2016.0933992131406,1970.7240568300058,2007.9186081071232,1964.6269354182127,1982.2594968143956,1986.7808602195112,2013.0540333333333,1880.8954333333331,1979.7242266407447,1950.5036496607581,2006.5216532479863,2006.5216532479863,1924.8961,1924.8961,2013.0540333333333,2013.0540333333333,1963.4807572926757,1926.7681728460766,1924.8961,2099.1167,2200.0
T000193,2006-12-31,2156.4136,1358.7045,1960.2805,1664.4999,2917.9773,2200.0,1883.599030418577,1883.599030418577,2070.3420460545476,1917.1159809597364,2159.920982827406,1965.4192943023972,2195.675852293788,1993.4308202201435,2168.1608158446306,1987.6516361112301,2024.9295040320756,2125.200216375719,1825.1328666666664,1927.0646666666664,2115.2743186707908,1957.1837696550108,1858.9597031823023,1858.9597031823023,1960.2805,1960.2805,1825.1328666666664,1825.1328666666664,2044.130473710074,1645.318394937449,1960.2805,1358.7045,2000.0
T000193,2007-03-31,2024.0806,2634.7747,1914.3916,1751.5942,3792.67,1500.0,2143.144085082053,2143.144085082053,1975.9443971830215,2107.1349305888234,2151.314655795641,2060.352972464393,2152.9981150985486,2004.566299661454,2109.584138619217,1993.2794025722287,2015.2488851492856,2094.108827226386,2191.0823,1896.6888,2104.106066034735,1836.2638415719136,2158.222874861901,2158.222874861901,1914.3916,1914.3916,2191.0823,2191.0823,1961.2853663570522,2141.548587799256,1914.3916,2634.7747,2500.0
T000193,2007-06-30,2204.8794,2408.6233,1923.079,1773.0416,3448.6194,1900.0,2159.8672788175045,2159.8672788175045,2081.2133878355567,2138.0866950863397,2223.8708344347915,2113.2282465194376,2273.2032064442396,2062.2084568438418,2230.5487500297886,2043.61656487984,2098.6092565820386,2169.7760877209207,2178.8605666666663,1966.9999999999998,2157.2464255990167,1862.6992698362337,2161.3270130669416,2161.3270130669416,1923.079,1923.079,2178.8605666666663,2178.8605666666663,2043.5530868904248,2064.4884182188257,1923.079,2408.6233,2100.0
T000194,2006-09-30,57166.727,57045.08,66271.58,51829.94,98416.8,105700.0,60063.77657991725,60063.77657991725,61162.32410296177,60537.6869125182,64151.023528460646,58598.841956892626,61446.429745431094,58219.44429545381,61124.774549628004,58369.000837964464,60995.84796593552,62287.31041262157,60161.12899999999,61719.1535,64954.77747517041,66127.95801627898,60363.41265099803,60363.41265099803,66271.58,57166.727,60161.12899999999,60161.12899999999,70806.00292285754,60170.01879745028,66271.58,57166.727,54500.0
T000194,2006-12-31,52812.09,39972.242,61220.535,49975.57,104012.89,51000.0,51671.581347508094,51671.581347508094,56502.0736254812,55925.21341029713,60484.955762827434,54179.218626369904,57808.479734935485,53915.71162276951,57237.86654790508,53356.925599814975,55569.11275394613,57929.19857722704,51334.95566666666,57016.3125,61010.15264482991,63395.2348475926,52298.43173070948,52298.43173070948,61220.535,52812.09,51334.95566666666,51334.95566666666,68684.33678547274,51583.530838787134,61220.535,52812.09,55100.0
T000194,2007-03-31,51084.484,50753.176,58839.81,53446.758,26509.785,35700.0,53483.86442135653,53483.86442135653,54487.85120407502,53955.79812824678,51462.532911584494,52451.44340059626,49973.20673722946,51382.39431266832,50945.5786641671,52098.439789444536,54332.11026546763,53677.502639026956,53559.156666666655,54962.147,53136.177076469874,48205.174272849355,53745.352025878994,53745.352025878994,58839.81,51084.484,53559.156666666655,53559.156666666655,47775.63600778644,53571.02888290517,58839.81,51084.484,52100.0
T000194,2007-06-30,61806.844,63057.29,60963.18,54141.613,43845.273,49600.0,61909.93081400043,61909.93081400043,61436.608320821746,61494.48777375068,59840.4696618,61500.37325816273,60283.92509517216,61567.510742895676,60608.86210443983,61750.49633936353,61527.900303065544,60913.5696726508,61942.437999999995,61385.012,60000.19073517933,58487.20734404591,61848.07667361686,61848.07667361686,60963.18,61806.844,61942.437999999995,61942.437999999995,57008.466282467896,61918.21183839248,60963.18,61806.844,69800.0
T000195,2006-09-30,43596.227,33178.81,40787.668,32567.482,38527.96,40600.0,39957.890772079336,39957.890772079336,42363.71174644267,41467.89006512102,42156.10772118505,42310.17049301126,42885.96844299577,43040.73311526015,42825.38228110417,42523.01857614546,41774.97983858122,42126.90783410442,39187.56833333333,39187.56833333333,41781.36294807334,41426.45725262806,39775.63089565558,39775.63089565558,40787.668,43596.227,39187.56833333333,39187.56833333333,41360.781040796035,39417.89152513814,40787.668,43596.227,42200.0
T000195,2006-12-31,44918.305,40649.812,41232.39,32035.277,35897.844,43300.0,42540.68202603931,42540.68202603931,43300.76858334799,43067.63738665532,42807.289120356756,43682.832636666644,43797.45830793005,44359.58475290626,43767.393058689304,43969.38251556504,43103.817429961746,43230.11707638538,42266.835666666666,42266.835666666666,42354.7172162067,43150.62491000636,42438.69771663415,42438.69771663415,41232.39,44918.305,42266.835666666666,42266.835666666666,41417.60883406477,42371.906987071474,41232.39,44918.305,45900.0
T000195,2007-03-31,44918.324,31552.969,40854.797,32994.508,26012.664,40300.0,40089.42013528416,40089.42013528416,43135.07536226725,42010.064360618526,41754.96782825735,43139.720988820605,42968.7968966691,44145.529712234136,43122.69769590905,43448.98645511008,42387.781085122195,42836.04863473059,39108.69666666666,39108.69666666666,41404.45880335643,41975.05325002025,39850.62757668675,39850.62757668675,40854.797,44918.324,39108.69666666666,39108.69666666666,38914.451273779785,39406.138977224386,40854.797,44918.324,44000.0
T000195,2007-06-30,45753.914,34904.18,40934.95,33230.516,29760.852,39600.0,41302.08597363952,41302.08597363952,43639.14744663806,42806.20004881515,42602.13737028284,43885.19265877023,43953.963941655114,44928.01376634062,44002.31802753011,44255.78720624664,43059.062158153916,43412.22181549523,40531.01466666666,40531.01466666666,42080.00738264424,42837.7258492882,41091.86500055433,41091.86500055433,40934.95,45753.914,40531.01466666666,40531.01466666666,40172.041234426404,40778.887561632015,40934.95,45753.914,40500.0
T000196,2006-09-30,21833.754,17127.852,20378.434,13736.92,18366.273,15600.0,20078.980137377115,20078.980137377115,21195.097628954543,20728.276128866943,21009.034644047406,20428.553288018702,21398.70255541006,20375.97562474586,21384.867799943917,20383.794752412396,20932.406568269704,20788.637579420985,19780.013333333332,19780.013333333332,20828.78591864506,19967.516449638442,19928.03263575092,19928.03263575092,20378.434,20378.434,19780.013333333332,19780.013333333332,20063.260139962167,18629.528258484635,20378.434,18366.273,17000.0
T000196,2006-12-31,24363.832,19759.9,21738.46,13295.854,20488.445,27700.0,22210.694050331454,22210.694050331454,23211.707000574206,22369.56912345577,23098.09724857439,21895.316622629263,23768.592199090017,21749.2083394683,23693.95870662504,21768.478333793588,22975.695399823657,22708.769542035247,21954.064,21954.064,22733.512172515624,21449.68514979031,22027.727838797095,22027.727838797095,21738.46,21738.46,21954.064,21954.064,22042.660422683566,20665.07075943156,21738.46,20488.445,28000.0
T000196,2007-03-31,23736.04,17062.879,20674.855,14099.67,17852.623,19900.0,20885.43757859571,20885.43757859571,22392.661702993995,21410.728537954223,22132.864270867805,20819.649486157094,22933.27497399538,20678.680971030957,22874.73820154011,20698.188326637668,22037.577427915567,21674.168662939017,20491.257999999998,20491.257999999998,21730.362465959977,20078.65595232111,20642.092716798194,20642.092716798194,20674.855,20674.855,20491.257999999998,20491.257999999998,20529.075841869468,18525.628201564232,20674.855,17852.623,20800.0
T000196,2007-06-30,23980.484,16744.828,20801.914,14368.84,16069.956,20600.0,20940.6784905554,20940.6784905554,22585.592167747334,21566.00553694898,22147.75136582593,20901.965993926155,23003.42545885929,20794.393452992135,22980.247131087603,20810.739529355866,22198.120459169408,21665.210314433738,20509.075333333334,20509.075333333334,21759.654501420282,19840.31402086997,20680.952300071454,20680.952300071454,20801.914,20801.914,20509.075333333334,20509.075333333334,19989.885202482757,17839.4142679086,20801.914,16069.956,21100.0
T000197,2006-09-30,59403.68,46676.89,51235.44,37610.086,45838.637,48400.0,53051.60028377794,53051.60028377794,55819.10855438782,53633.018152469114,55324.97177635734,54043.4496216625,57431.625344495995,52960.22812069864,57230.89028072171,52541.8915054258,55182.60358588331,55064.74825530947,52438.67,59403.68,54215.621748674734,49783.55201642311,52973.32563734938,52973.32563734938,51235.44,51235.44,52438.67,52438.67,53838.7695267943,52983.85593675126,51235.44,59403.68,50400.0
T000197,2006-12-31,60135.484,56561.953,51156.35,37032.746,36614.195,51300.0,56025.514242355224,56025.514242355224,56195.057746275146,55656.478443863816,54848.58752895204,55087.43805120424,57281.80286899108,54007.58451951429,57240.84951913743,53231.42368797615,56133.10756242226,54824.73095486003,55951.26233333333,60135.484,53771.71361446255,50235.14254589661,55828.19774323394,55828.19774323394,51156.35,51156.35,55951.26233333333,55951.26233333333,52395.94727521299,56210.79596224298,51156.35,60135.484,55500.0
T000197,2007-03-31,60102.65,44876.742,51176.004,38146.797,31170.254,49400.0,52797.46390875999,52797.46390875999,56185.25771516407,53560.37476496803,54328.97136489855,54137.946683870156,56823.64035045013,52940.12344339655,56898.74334626203,52522.94857798214,55408.99543118718,54474.233906196896,52051.79866666666,60102.65,53350.297162600604,47586.110586572075,52725.99470858678,52725.99470858678,51176.004,51176.004,52051.79866666666,52051.79866666666,51362.9157030971,52690.57739895151,51176.004,60102.65,46600.0
T000197,2007-06-30,62481.336,50335.535,51182.992,38369.516,42980.87,55600.0,55200.300011480984,55200.300011480984,57523.14166620181,55476.275676998455,56770.86465119622,55509.431805702035,59694.85194862744,54069.224533984685,59432.582931311845,53324.85356262583,56976.87816260174,56433.37466487796,54666.621,62481.336,55248.61838278153,50004.57681845971,55033.7283629748,55033.7283629748,51182.992,51182.992,54666.621,54666.621,54645.02110022451,55242.6954257747,51182.992,62481.336,55800.0
T000198,2006-09-30,72888.45,53602.164,60920.957,28793.637,51105.39,52000.0,63974.32882378902,63974.32882378902,67636.60459837569,66856.17146659527,66734.56147302201,69139.38934349753,69847.10335695262,71031.41507019718,69592.83942737248,68958.29092871655,66664.86563705197,67007.14711190389,62470.52366666667,61638.265666666666,65140.837837275234,69107.43499151827,63492.71542734943,63492.71542734943,60920.957,72888.45,62470.52366666667,62470.52366666667,61369.782415120266,61369.782415120266,60920.957,51105.39,77500.0
T000198,2006-12-31,74602.25,70898.234,62778.223,27301.309,45968.613,71200.0,69405.61163312667,69405.61163312667,69413.36358672768,70014.53310665188,67858.60830232118,71702.1456870692,71030.8334326619,73314.83030118608,70928.06163164966,71900.6928160754,69393.11458781172,68505.05121450496,69426.23566666666,61116.361999999994,66401.78569036289,70191.99771552694,69347.14978271864,69347.14978271864,62778.223,74602.25,69426.23566666666,69426.23566666666,60692.49124538503,60692.49124538503,62778.223,45968.613,87300.0
T000198,2007-03-31,72397.49,56972.75,61171.69,29937.738,26917.523,55900.0,64662.941591730225,64662.941591730225,67471.13106170323,66977.40590697515,64288.10344363864,69020.42555737335,67549.35746654515,70750.61359951114,67833.66062812447,68916.11289509473,66722.85347659577,65872.00202012973,63513.97666666666,53495.56766666666,63208.018956041524,66475.04103285572,64283.66922550113,64283.66922550113,61171.69,72397.49,63513.97666666666,63513.97666666666,52685.124905109915,52685.124905109915,61171.69,26917.523,77400.0
T000198,2007-06-30,76142.07,61214.98,61240.53,30456.988,35503.848,67300.0,67179.91865921489,67179.91865921489,69602.63986821545,69443.21687597346,67218.52166526689,71949.8216381839,71278.48512161177,74153.77342621794,71243.97751291668,71947.78235662731,68949.0317389931,68274.6013634777,66199.19333333333,57628.81599999999,65457.9191024963,70152.17174820045,66827.3098957723,66827.3098957723,61240.53,76142.07,66199.19333333333,66199.19333333333,56993.104185685326,56993.104185685326,61240.53,35503.848,89400.0
T000199,2006-09-30,28441.535,20735.18,29204.352,19071.346,24227.334,26800.0,26914.43258733187,26914.43258733187,28776.291573806295,28737.699938683574,28311.05694633599,28407.156958953063,28189.075747413943,28542.677744216817,28322.228236537318,28512.93773821046,28291.160551966932,28535.587751849518,26127.02233333333,23003.625999999997,28505.442433217522,27904.05003078138,26486.097980235696,26486.097980235696,29204.352,29204.352,26127.02233333333,26127.02233333333,27521.452620062766,26537.395043283563,29204.352,28441.535,26500.0
T000199,2006-12-31,32180.338,23493.658,30474.916,18324.457,25148.672,36200.0,29500.16805565553,29500.16805565553,31431.926224156145,31518.205139747,30936.94526938188,31251.69314155858,31434.06333736634,31336.98952448564,31479.808585636496,31035.658022208518,30929.887728522892,30949.371678016963,28716.304,24097.676999999996,30774.885630881836,30089.365727245822,29048.365711385923,29048.365711385923,30474.916,30474.916,28716.304,28716.304,29609.724586908527,29142.427255830065,30474.916,32180.338,42500.0
T000199,2007-03-31,32500.592,18332.959,29713.875,19701.59,24703.703,31200.0,28127.381520801733,28127.381520801733,31277.661945887725,31418.64460051432,30813.413320493808,31208.84910144561,31575.35109926415,31261.073682319697,31573.01385180623,30851.2484914924,30458.94846868278,30718.255192530174,26849.142,22582.807999999997,30487.43156667799,29822.9307343382,27390.573064657277,27390.573064657277,29713.875,29713.875,26849.142,26849.142,29338.835706245423,27544.05777599698,29713.875,32500.592,41000.0
T000199,2007-06-30,31467.158,20439.217,29726.205,20011.395,21913.23,25200.0,28223.14043673811,28223.14043673811,30703.153708750862,30791.23017131241,29976.200494130884,30373.97671769224,30516.078518644215,30517.115396053858,30612.366557649962,30156.39469015346,30058.396416099546,30063.16328641524,27210.86,23392.272333333334,29850.115660815416,28857.18651027351,27644.438241061955,27644.438241061955,29726.205,29726.205,27210.86,27210.86,28174.784685588067,27757.860120020967,29726.205,31467.158,33400.0
T000200,2006-09-30,2998.692,1771.8301,3336.4292,1515.896,3001.3408,2800.0,2822.1900324796216,2822.1900324796216,3146.9054613136996,3048.1517263540395,3115.253423682261,3099.949633051335,3035.7620531212992,3301.4186656853567,3055.7140708237043,3113.5216913840923,3065.8940652992374,3154.982187491417,2702.3170999999998,2208.0517666666665,3170.3687454756523,3048.866956221871,2769.453273483411,2769.453273483411,3336.4292,3336.4292,2702.3170999999998,2702.3170999999998,3115.267572777967,3115.267572777967,3336.4292,2998.692,2200.0
T000200,2006-12-31,3630.3464,2063.605,3602.8594,1387.8734,3243.6558,4800.0,3237.912450796068,3237.912450796068,3618.2839342392554,3466.480761851014,3584.801670014199,3495.6679835015125,3596.5422515232444,3586.5530252978706,3602.985402966796,3470.797324702401,3522.84317432427,3583.6562870949424,3098.9369333333334,2351.4459333333334,3586.717482822367,3356.9734208806703,3171.4957769089688,3171.4957769089688,3602.8594,3602.8594,3098.9369333333334,3098.9369333333334,3500.6635721329058,3500.6635721329058,3602.8594,3630.3464,5600.0
T000200,2007-03-31,3612.2336,1594.1356,3448.3818,1621.4294,2505.9927,3800.0,3059.980212608434,3059.980212608434,3540.3284547554726,3337.600062831869,3452.59144402066,3364.84799212887,3506.2267957218596,3435.3297780868775,3519.611096231426,3320.9970422292968,3419.6360130197045,3439.2868419837723,2884.9169999999995,2221.3156,3444.1545144411725,3165.630853600352,2974.6901344518824,2974.6901344518824,3448.3818,3448.3818,2884.9169999999995,2884.9169999999995,3212.0318799995393,3212.0318799995393,3448.3818,3612.2336,4300.0
T000200,2007-06-30,3452.9414,1749.4521,3447.4475,1679.7695,1748.0569,2500.0,3035.135843000636,3035.135843000636,3450.5304427968513,3286.843558985218,3291.982867826676,3320.5433484073674,3316.5281930575034,3428.207775326477,3351.789094489949,3295.7457055607333,3346.3334053760746,3300.547197379321,2883.280333333333,2292.223033333333,3319.3246192941647,3173.6489243089227,2962.8727708185793,2962.8727708185793,3447.4475,3447.4475,2883.280333333333,2883.280333333333,2920.832780542813,2920.832780542813,3447.4475,3452.9414,3700.0
T000201,2006-09-30,289793.53,238143.95,275158.25,228378.03,258016.4,296100.0,272795.07803462114,272795.07803462114,283370.94609128294,281187.81127324706,281788.42348801217,284899.69656531647,285664.89121758804,287859.2014967564,285461.1975155262,285897.15495744953,280464.4205387334,282003.96095940645,267698.57666666666,282475.89,279924.53494433477,285528.70199168223,270907.1152431298,270907.1152431298,275158.25,289793.53,267698.57666666666,267698.57666666666,276920.8781040767,269276.23793119774,275158.25,289793.53,276000.0
T000201,2006-12-31,293946.06,259174.88,276581.6,225194.05,257675.27,293000.0,279672.0422446686,279672.0422446686,286325.7957222027,285399.378840562,284581.78285748704,289015.64826030255,289161.5997565139,292010.95711425896,288890.02837323525,290386.29916950787,284500.28793710296,285559.84154527984,276567.5133333333,285263.82999999996,282346.5961516235,289023.2219385252,278514.1764397945,278514.1764397945,276581.6,293946.06,276567.5133333333,276567.5133333333,278998.4338466845,277498.375335088,276581.6,293946.06,328300.0
T000201,2007-03-31,288867.34,227614.67,273116.6,230991.67,224799.44,241300.0,269313.4090244981,269313.4090244981,281955.2447565618,279250.0747115507,277465.3339851006,283413.26293613197,282044.6345278668,286708.6456827728,282448.8727455569,284446.7336426349,278480.27071239013,280301.1136634771,263199.5366666667,280991.97,275954.1198606431,281414.03423356527,267050.23883663554,267050.23883663554,273116.6,288867.34,263199.5366666667,263199.5366666667,268224.60125008685,265098.5815422213,273116.6,288867.34,294200.0
T000201,2007-06-30,300810.12,256004.34,274209.0,232406.9,247722.69,265900.0,280824.62239039864,280824.62239039864,289136.4160964292,288248.25552887016,286695.8029579618,293536.67918583995,293677.97573814343,297960.561335003,293210.24802582216,295696.1635785174,286857.8891131339,288236.2210569303,277007.82,287509.56,283230.6301416314,293506.1286128908,279396.24851360306,279396.24851360306,274209.0,300810.12,277007.82,277007.82,278474.38740099856,278133.49506669014,274209.0,300810.12,319400.0
T000202,2006-09-30,71828.2,52324.203,60151.715,39621.547,45125.543,62200.0,62853.903584384934,62853.903584384934,66704.06129740078,68729.85011367626,65315.531999177474,68704.45096106804,68426.71020252847,71691.6243221635,68292.37299500899,69411.90719935048,65713.91053421228,67273.87544569261,61434.70599999999,59035.15266666666,63850.821958867426,63531.040829487254,62699.91676488092,62699.91676488092,60151.715,71828.2,61434.70599999999,61434.70599999999,61912.50220102325,62997.29675694272,60151.715,71828.2,65700.0
T000202,2006-12-31,73113.81,70879.59,60359.87,38659.402,40179.992,62900.0,68181.02648066627,68181.02648066627,67516.83817460664,69729.5579284922,65648.70410468699,69546.34757244246,69098.34831370492,73036.23117628734,69030.247581088,70308.02399901193,67602.81691277605,68113.6266089678,68117.75666666665,57884.55733333333,64111.234674656545,63242.905455524524,67899.88609999338,67899.88609999338,60359.87,73113.81,68117.75666666665,68117.75666666665,61464.88238716608,68250.97047530132,60359.87,73113.81,70500.0
T000202,2007-03-31,72546.84,41850.105,59918.246,40520.473,31307.594,48800.0,60388.697702557125,60388.697702557125,67004.87533556441,69195.84843153323,64350.002298062296,68658.32264989534,67883.4352689959,72363.0742689424,67996.12061185719,69387.17732128687,65346.09966366993,67537.14580171806,58105.06366666667,54590.89333333333,62970.57209692852,60921.85624044982,60279.02727696661,60279.02727696661,59918.246,72546.84,58105.06366666667,58105.06366666667,59138.09735545108,60587.43100655122,59918.246,72546.84,58600.0
T000202,2007-06-30,76976.93,57605.855,59891.66,40840.97,37163.586,66000.0,66186.60169902616,66186.60169902616,69479.1861797187,72443.36151921915,67378.28206475597,72375.59693743916,71940.7341296133,76811.51075027775,71759.64611625885,73408.58422549575,68591.64503781576,70307.90995488617,64824.814999999995,58010.72533333333,65247.37005908078,64677.29928726144,65906.98767741423,65906.98767741423,59891.66,76976.93,64824.814999999995,64824.814999999995,62307.02630233633,66354.74613752624,59891.66,76976.93,73600.0
T000203,2006-09-30,50321.945,38799.08,47142.023,35641.875,40258.016,43500.0,46150.58524989098,46150.58524989098,48926.459852590764,47325.20211146756,48287.83348825795,47925.261534670644,49173.19578955764,47705.93848825279,49194.88569069865,47405.820099215205,48276.535281457065,48453.18538270851,45421.015999999996,45289.980500000005,47935.18387504938,47026.05345850813,46002.805884425106,46002.805884425106,47142.023,47142.023,45421.015999999996,45421.015999999996,46266.14558388073,45529.04211745701,47142.023,50321.945,43200.0
T000203,2006-12-31,54414.527,43019.82,48378.066,34966.96,36109.297,53800.0,49233.838603020486,49233.838603020486,51765.47093245649,50092.89857422942,50627.726773926464,50308.18516418258,52297.514325670556,49608.22761057953,52322.007065130885,49129.53277230811,51173.285900778734,50904.62854213724,48604.13766666666,45261.912,49945.053146862236,48244.964823388276,49042.89153408006,49042.89153408006,48378.066,48378.066,48604.13766666666,48604.13766666666,46948.508647509596,48701.366993533564,48378.066,54414.527,59600.0
T000203,2007-03-31,53645.2,34715.617,47491.21,36317.19,31103.395,47700.0,46453.02505901966,46453.02505901966,50944.567203879546,48285.382879455174,49422.649315419636,49149.55104419762,51177.86891490408,48633.88956706147,51283.830101930835,48082.35441375505,49893.12606526244,49884.52040112175,45284.00899999999,42374.2975,48790.95377522167,46932.89692066581,46195.84368941515,46195.84368941515,47491.21,47491.21,45284.00899999999,45284.00899999999,44901.944155154815,45458.38667926186,47491.21,53645.2,48700.0
T000203,2007-06-30,53714.02,41094.35,47591.953,36733.75,33904.61,45800.0,48182.04316061987,48182.04316061987,51027.396375287135,49192.378732397934,49757.39702225613,49504.46122988619,51467.83948004414,48823.356911944924,51518.65799771352,48328.637148926675,50361.71046355463,50095.82619545969,47466.774333333335,43809.315,49085.656861108044,47321.40672839689,47979.297790738754,47979.297790738754,47591.953,47591.953,47466.774333333335,47466.774333333335,45779.06802177564,47576.325211146424,47591.953,53714.02,48600.0
T000204,2006-09-30,23398.605,20530.324,25037.162,19972.912,25534.371,25900.0,23278.502166758102,23278.502166758102,24117.67356730556,23667.953501681302,24162.18028149249,24008.533337804987,23747.56767431821,24200.107740261697,23800.05437968145,24286.170485142677,23913.448738978193,24200.869418550352,22988.697,24217.8835,24394.41323627482,24203.253217878566,23240.658585022094,23240.658585022094,25037.162,25037.162,22988.697,22988.697,24476.283182344905,23235.177658240085,25037.162,23398.605,23600.0
T000204,2006-12-31,23534.225,23413.205,25040.613,19651.514,24743.582,25200.0,24044.587107185285,24044.587107185285,24195.29218348296,24146.02533323619,24165.847851679664,24215.712447000118,23794.96425741545,24345.018379000012,23858.958466268075,24442.384559923354,24161.57186103305,24234.820510952362,23996.014333333333,24287.419,24391.83964508372,24713.594449804994,24061.65112808899,24061.65112808899,25040.613,25040.613,23996.014333333333,23996.014333333333,24365.023090947023,24041.122604626617,25040.613,23534.225,27500.0
T000204,2007-03-31,23543.883,19746.234,25155.201,20265.836,17083.342,27500.0,23184.697941478797,23184.697941478797,24250.997934502528,23667.325425612507,23496.038147787753,24096.776039273405,23205.078369372895,24303.346637128765,23435.383694449327,24380.8930892669,23990.350027435856,23913.283551861325,22815.106,24349.542,23866.208170802915,23683.331964808825,23127.345550384023,23127.345550384023,25155.201,25155.201,22815.106,22815.106,22787.89155625316,23127.97116039155,25155.201,23543.883,35200.0
T000204,2007-06-30,24383.219,19472.785,25067.383,20395.238,14812.777,21700.0,23416.966455045425,23416.966455045425,24683.45928903605,23958.2515321884,23725.913776519687,24459.68302156034,23695.48982534054,24608.760869669386,23935.78473474708,24617.770099059177,24370.87716294208,24205.490079008534,22974.462333333333,24725.301,23996.172266439415,23441.446486230634,23324.64071070138,23324.64071070138,25067.383,25067.383,22974.462333333333,22974.462333333333,22614.148222949785,23345.210942747704,25067.383,24383.219,28500.0
T000205,2006-09-30,8370.449,7485.2744,7647.8306,6294.5977,7249.391,7400.0,7871.305666385344,7871.305666385344,8053.333283185367,7713.459779232292,8016.989159348648,7666.673234202734,8202.280691072434,7651.145438345639,8182.873343743488,7668.540921542469,8011.761602004357,7945.973581569516,7834.518,7755.8902,7917.539965984123,7409.6505156110225,7866.510417640058,7866.510417640058,7647.8306,7647.8306,7834.518,7834.518,7663.535742064644,7457.763737784243,7647.8306,7249.391,7100.0
T000205,2006-12-31,8534.402,8285.066,7675.512,6230.2373,7204.717,7900.0,8160.17428173062,8160.17428173062,8157.48450382924,7753.517550025883,8114.54619889614,7697.975486099052,8334.742114751558,7679.5090728670575,8311.61684507044,7700.163812161458,8157.221037249144,8030.139684729091,8164.993333333333,7804.877,7996.296758502254,7341.532440858186,8139.963510436475,8139.963510436475,7675.512,7675.512,8164.993333333333,8164.993333333333,7695.248932140168,7663.470843844045,7675.512,7204.717,9000.0
T000205,2007-03-31,8263.029,6769.597,7644.414,6358.9785,5851.81,7000.0,7634.992338345384,7634.992338345384,7991.554402678254,7700.597449951986,7825.014603045156,7625.331260591558,8003.434992523227,7617.4536339619135,8017.118490140209,7643.399241235263,7910.9267226653,7763.592382512135,7559.013333333333,7253.084333333333,7763.92093426508,7491.3872096175855,7644.185395593667,7644.185395593667,7644.414,7644.414,7559.013333333333,7559.013333333333,7099.621237028479,6751.2533628909605,7644.414,5851.81,6700.0
T000205,2007-06-30,8887.587,7539.8574,7640.6294,6394.133,5945.785,8300.0,8075.303550642022,8075.303550642022,8340.368920358718,7753.879773676436,8183.672254012345,7648.707651681767,8517.15161446984,7625.6707569714545,8504.687505477505,7663.359484087464,8279.636451500173,8060.691516676641,8022.691266666666,7491.333799999999,8028.746115117856,7416.259367188948,8063.779800912287,8063.779800912287,7640.6294,7640.6294,8022.691266666666,8022.691266666666,7280.334664253639,6988.755589959859,7640.6294,5945.785,7900.0
T000206,2006-09-30,8935.994,7091.6826,9056.801,6772.0146,8974.64,7900.0,8488.02686599956,8488.02686599956,8989.009254526076,9024.209813729502,8981.204760305278,9038.006074657775,8952.256904143163,9050.073440224756,8958.606758331003,9036.58302480881,8873.984627958835,8997.058705426263,8361.492533333332,7599.897066666666,9000.294827134388,9040.365039534294,8514.911931528033,8514.911931528033,9056.801,9056.801,8361.492533333332,8361.492533333332,8986.123089793065,8270.573138784257,9056.801,7091.6826,8000.0
T000206,2006-12-31,9940.643,5553.544,9672.314,6543.951,10046.11,12400.0,8674.235975577181,8674.235975577181,9822.888811652245,9744.703517335724,9858.072518312634,9718.430006678107,9919.760495635554,9687.883257629277,9901.663449080397,9653.956753323586,9558.983480740935,9818.930181895887,8388.833666666666,7346.045999999999,9812.502148482847,9739.598912608359,8720.350068996848,8720.350068996848,9672.314,9672.314,8388.833666666666,8388.833666666666,9898.933631516433,8362.23586677074,9672.314,5553.544,12700.0
T000206,2007-03-31,9589.162,7741.9004,9217.888,6927.805,8770.669,9200.0,8962.578492734518,8962.578492734518,9426.231163136954,9318.049911904056,9384.932119015079,9259.666687680561,9483.440539292784,9236.272478033134,9478.531086363433,9223.979636321927,9319.620773589064,9350.57760726346,8849.650133333333,8086.289133333334,9337.852883432843,9155.824472988177,8973.70445313981,8973.70445313981,9217.888,9217.888,8849.650133333333,8849.650133333333,9180.404952755514,8641.421752820863,9217.888,7741.9004,9700.0
T000206,2007-06-30,9369.691,8242.125,9285.632,7052.087,8363.586,7800.0,9038.746324866826,9038.746324866826,9332.802332288631,9308.30934921579,9246.871640221503,9276.34203013659,9280.369380092881,9287.106724418549,9296.390393781632,9281.721508283896,9265.237383784312,9255.948896734208,8965.815999999999,8221.301,9249.807849945724,9139.526072303048,9050.114000816398,9050.114000816398,9285.632,9285.632,8965.815999999999,8965.815999999999,8978.38054790721,8625.005283053077,9285.632,8242.125,8200.0
T000207,2006-09-30,1406.4719,965.76697,950.70056,412.25385,523.26904,800.0,1139.5327293919777,1139.5327293919777,1206.4600331728252,764.5363021585604,1167.1042777796686,771.2366229547542,1286.3739145088389,903.1161343066585,1277.809600859204,861.9270651035309,1187.4393457513384,717.2755544693023,1107.6464766666668,1107.6464766666668,1107.2967754947776,713.7157333149493,1100.0347713641481,1100.0347713641481,950.70056,950.70056,1107.6464766666668,1107.6464766666668,1001.974140572582,1100.7429729951737,950.70056,950.70056,900.0
T000207,2006-12-31,1463.933,1630.9082,965.0972,383.7802,479.98965,1100.0,1341.9481907527727,1341.9481907527727,1245.022614809419,754.9904963648979,1200.3351521273341,763.4094844631032,1331.110025477396,911.4203626971222,1322.0973785642195,865.4181266413834,1263.9582032447793,703.8305564106262,1353.3128000000002,1353.3128000000002,1135.1629924189865,708.5108430338385,1328.5102076804205,1328.5102076804205,965.0972,965.0972,1353.3128000000002,1353.3128000000002,1016.8024728853288,1341.014197355561,965.0972,965.0972,1200.0
T000207,2007-03-31,1396.5256,845.7417,947.14557,434.40198,378.88177,500.0,1102.860111155201,1102.860111155201,1199.3185120879962,707.6750584136558,1146.8156979802066,722.1375770671482,1266.4153648274328,886.1225723900252,1261.0358779174164,836.4407735366236,1173.4468095755306,661.7404414703561,1063.1376233333333,1063.1376233333333,1090.2788492408233,716.4738021122132,1058.581862931456,1058.581862931456,947.14557,947.14557,1063.1376233333333,1063.1376233333333,960.2236363220966,1057.180113593845,947.14557,947.14557,900.0
T000207,2007-06-30,1555.4724,1247.5037,944.4635,446.55237,486.5432,1400.0,1271.7410569911615,1271.7410569911615,1287.3356831607653,748.1418981651192,1245.3137172296827,757.4790129677806,1403.637283276953,894.3553935594596,1389.7535080400382,852.2021179272033,1279.1529601328991,704.0776373446746,1249.1465333333333,1249.1465333333333,1163.2291325704316,723.3763070949202,1231.7672405076676,1231.7672405076676,944.4635,944.4635,1249.1465333333333,1249.1465333333333,1042.578664380079,1237.8257168747177,944.4635,944.4635,1200.0
T000208,2006-09-30,164129.66,127809.79,149815.19,116555.45,124651.13,147600.0,150925.79022868257,150925.79022868257,157847.86117662163,156982.2983490787,155516.49417021975,156668.7057139114,159422.52795894767,154556.16552781634,159398.5914944328,153037.28676436178,155874.26551364176,156532.59738998316,147251.54666666666,146198.65999999997,153832.5631359235,149938.7280988108,149426.87046643178,149426.87046643178,149815.19,149815.19,147251.54666666666,147251.54666666666,149732.2825967186,149100.95228651926,149815.19,164129.66,148500.0
T000208,2006-12-31,171089.16,152941.4,152241.27,114952.64,117003.36,163300.0,160272.26862356946,160272.26862356946,162817.90348647453,161678.21525759716,159551.8518649295,161758.21675467503,164723.63507324609,158779.38313746703,164736.04223207664,157018.31987532845,162036.044085827,161017.53445945246,158757.27666666667,146777.93,157369.4721559077,152206.35250282614,159299.91740112798,159299.91740112798,152241.27,152241.27,158757.27666666667,158757.27666666667,151642.86611445775,159572.75332605105,152241.27,171089.16,180500.0
T000208,2007-03-31,168511.9,111858.65,150088.67,118195.46,103627.2,140700.0,149324.79218462337,149324.79218462337,160427.00237285564,159312.99235004137,156113.29963906007,158744.80645536614,161332.4640686377,156091.7529058117,161595.43512965893,154057.15170308773,157280.29798749782,158275.67190058168,143486.40666666668,140742.59,154179.14393996546,148926.19609897403,147061.30508745922,147061.30508745922,150088.67,150088.67,143486.40666666668,143486.40666666668,146709.79631839198,146407.45008292445,150088.67,168511.9,159600.0
T000208,2007-06-30,173502.55,135585.72,150430.58,119002.98,107632.22,151000.0,156785.72985461084,156785.72985461084,163377.58735737184,161982.47880007382,159410.99693626148,161819.5943220689,165737.25575294674,158277.53244302122,165745.4120602921,155995.407518639,161459.18229419735,161184.70501812533,153172.94999999998,143855.11666666664,156733.93520192,150419.46593903354,155065.64945540763,155065.64945540763,150430.58,150430.58,153172.94999999998,153172.94999999998,149776.38346362277,155028.19362580124,150430.58,173502.55,167900.0
T000209,2006-09-30,21224.934,13457.849,23310.945,3735.087,20536.938,16600.0,20263.731204211217,20263.731204211217,22140.364431259724,21731.911944531123,21879.151022624912,22625.871538060856,21397.784624218744,23160.477222400896,21535.71906402366,22895.393372718347,21628.40396121308,22282.50414504552,19331.242666666665,19331.242666666665,22231.23375333871,16921.222059590506,19527.830982119372,19527.830982119372,23310.945,23310.945,19331.242666666665,19331.242666666665,21687.349890580146,21687.349890580146,23310.945,20536.938,19000.0
T000209,2006-12-31,26155.873,11423.961,26605.5,2443.6338,24321.305,41200.0,22970.51080570759,22970.51080570759,26353.188468861867,25600.312683101118,26139.55534121396,26280.734139530414,26058.798762461316,26546.0414183932,26123.72760231074,26431.82025682107,25443.40094101121,26163.187748459106,21395.111333333334,21395.111333333334,26243.375403520917,19668.988973898588,21695.542782216427,21695.542782216427,26605.5,26605.5,21395.111333333334,21395.111333333334,25679.922537537015,25679.922537537015,26605.5,24321.305,45700.0
T000209,2007-03-31,24844.393,13927.213,24273.596,4709.378,14443.251,25100.0,22132.709680863205,22132.709680863205,24593.90297675863,20530.656005938225,23677.383459617336,23348.8925609288,23953.528503767204,24145.050809136428,24136.81978268113,23859.112477033712,23935.488471449797,23169.45516635391,21015.067333333332,21015.067333333332,23756.441260196305,19074.981732230688,21219.030959557407,21219.030959557407,24273.596,24273.596,21015.067333333332,21015.067333333332,21103.09787824941,21103.09787824941,24273.596,14443.251,30300.0
T000209,2007-06-30,24046.69,11861.507,24564.21,5312.718,6670.3267,16300.0,21468.551589799674,21468.551589799674,24273.79980756359,17388.897884210728,22603.697885045673,22587.208581699546,22718.94281336435,24251.12246557996,23112.30023079157,23602.909187083507,23518.74523077898,22057.8122793643,20157.468999999997,20157.468999999997,22976.034209029265,18966.18421138621,20408.972349999003,20408.972349999003,24564.21,24564.21,20157.468999999997,20157.468999999997,18288.13510854258,18288.13510854258,24564.21,6670.3267,18800.0
T000210,2006-09-30,1103.5404,632.181,974.24994,293.8288,1048.591,400.0,939.530523980133,939.530523980133,1046.8022420729478,985.2332451855026,1053.886882035214,971.0096700759295,1085.05289799542,981.3914880058188,1078.540793550401,986.7168663919525,1020.2023627745493,1016.051902617212,903.3237799999999,790.5397133333335,1033.6813405224407,917.7855457280807,910.2846894997838,910.2846894997838,974.24994,974.24994,903.3237799999999,903.3237799999999,1029.2048766576922,933.1846184071903,974.24994,1048.591,1100.0
T000210,2006-12-31,1481.2803,150.47278,1147.1438,218.01508,1493.0564,1900.0,1029.1163415053347,1029.1163415053347,1334.6469791332288,1237.5146121123432,1367.3047812880843,1189.2084078511377,1445.7523192360468,1177.9213529043138,1425.7125108958373,1196.4780510054838,1259.0068832268253,1291.1085329865618,926.29896,948.81306,1312.538597163326,1000.2685343858113,946.860508376471,946.860508376471,1147.1438,1147.1438,926.29896,926.29896,1352.7163518438238,1079.599896550708,1147.1438,1493.0564,2500.0
T000210,2007-03-31,1448.5914,874.7864,1018.06903,344.74805,728.7325,1000.0,1152.6448868974044,1152.6448868974044,1259.6598560934444,917.0181653031365,1233.1594066174177,945.8316808566689,1344.261190248072,998.8356522044786,1333.7830998506106,999.8327144383837,1232.0493546854634,1031.821611237684,1113.8156099999999,937.1361599999999,1174.769999799891,950.6928046347073,1114.2571627457082,1114.2571627457082,1018.06903,1018.06903,1113.8156099999999,1113.8156099999999,979.2113074023114,871.7285590851773,1018.06903,728.7325,1300.0
T000210,2007-06-30,1361.8345,931.1139,1033.1638,375.63373,597.641,900.0,1137.745127297376,1137.745127297376,1217.5998048601207,887.3060174655915,1177.343059694461,933.5223974453073,1265.0881413337436,1001.2843940740321,1261.5690738926219,995.3548829309378,1196.9704057550184,993.5128825435411,1108.7040666666667,923.54401,1136.3223946431635,953.8710661191327,1108.8736616819974,1108.8736616819974,1033.1638,1033.1638,1108.7040666666667,1108.7040666666667,914.8066706404793,836.4768177270134,1033.1638,597.641,800.0
T000211,2006-09-30,2162.1995,1438.1473,2726.9688,577.16785,2654.4285,2300.0,2191.4745895258256,2191.4745895258256,2410.044311873596,2541.7946594358355,2402.6272116534697,2538.3757955027227,2263.0474512595247,2580.4433795277773,2286.2295915569266,2561.1510968430857,2355.851092448818,2477.896674478965,2109.1052,577.16785,2486.7121787863266,2466.5645045366427,2152.623063060618,2152.623063060618,2726.9688,2726.9688,2109.1052,2109.1052,2510.137240652704,2159.2677894334,2726.9688,2726.9688,1800.0
T000211,2006-12-31,2628.3386,891.67426,3154.438,444.61206,3028.392,5100.0,2396.340384607799,2396.340384607799,2859.213413520869,2963.802181732612,2846.8486492042066,2964.2527242495285,2717.6234556328895,3011.46181817666,2740.438816745563,2991.4283734084815,2743.7003022292347,2915.0413169610642,2224.816953333333,444.61206,2926.1448125197385,2895.050162716156,2306.4626972327987,2306.4626972327987,3154.438,3154.438,2224.816953333333,2224.816953333333,2936.202077749991,2316.9866023229265,3154.438,3154.438,4200.0
T000211,2007-03-31,2494.289,1572.5824,2818.4236,679.68933,1193.62,2600.0,2387.5434444551943,2387.5434444551943,2636.5330613516408,2220.9827608275377,2484.5656622526544,2317.4484270757303,2426.0502999653545,2558.7882946313653,2472.4008927569353,2491.8834347097986,2574.4418244362405,2475.6964619376863,2295.0983333333334,679.68933,2559.0470359462165,2213.7384224982766,2339.6629202599875,2339.6629202599875,2818.4236,2818.4236,2295.0983333333334,2295.0983333333334,2253.9789259255203,2345.541801691488,2818.4236,2818.4236,2600.0
T000211,2007-06-30,2431.6313,1224.4229,2879.2305,746.1373,387.99646,1600.0,2300.23345703381,2300.23345703381,2628.056883895534,1977.4259705149461,2395.1092533897354,2126.0254447885204,2317.6811832880644,2493.252319851734,2386.8537869116535,2392.133434606272,2546.329849398016,2374.7206990599934,2178.428233333333,746.1373,2502.0610339002665,1973.0403203992173,2237.4296640944867,2237.4296640944867,2879.2305,2879.2305,2178.428233333333,2178.428233333333,2030.9903876434823,2245.2802459490954,2879.2305,2879.2305,2100.0
T000212,2006-09-30,6901.534,4967.878,6284.4897,3663.1401,6695.4854,6000.0,6198.756570729156,6198.756570729156,6630.7486927051905,6419.925357919225,6669.803907078145,6342.590057775189,6817.778556919703,6308.770660101187,6785.52618939939,6298.078656754958,6523.141674477989,6565.743680344274,6051.300566666666,6627.169699999999,6572.441217838595,6381.332360947294,6146.127315760343,6146.127315760343,6284.4897,6284.4897,6051.300566666666,6051.300566666666,6614.138565521584,6614.138565521584,6284.4897,6695.4854,4600.0
T000212,2006-12-31,7716.2266,4311.9717,6844.0586,3453.5195,7257.4375,9400.0,6555.702395980015,6555.702395980015,7333.482152165867,6980.279595235292,7373.052919826301,6909.20596795509,7584.49447586405,6871.964335429771,7542.40426275644,6860.350233683108,7140.296503191601,7203.447332178758,6290.7523,7272.574233333333,7238.209752190865,6959.672112328892,6469.788975616993,6469.788975616993,6844.0586,6844.0586,6290.7523,6290.7523,7247.911713336742,7247.911713336742,6844.0586,7257.4375,7400.0
T000212,2007-03-31,7060.1104,4648.786,6341.447,3810.183,3353.3599,4700.0,6201.932216289049,6201.932216289049,6744.73030555535,5356.780877438505,6466.76638815992,6057.877059805726,6686.393620503947,6237.003593781995,6721.19218194798,6296.9417683225365,6609.653833540959,5879.590727044567,6016.781133333332,5584.972433333332,6410.7914853910615,6014.139288579148,6137.901533002219,6137.901533002219,6341.447,6341.447,6016.781133333332,6016.781133333332,5440.6089162071985,5440.6089162071985,6341.447,3353.3599,4300.0
T000212,2007-06-30,7242.9414,5269.568,6450.406,3923.4707,3381.683,5800.0,6467.38930364581,6467.38930364581,6895.143127119081,5439.167881263342,6609.740741903833,6160.636936351092,6848.854250146943,6343.89864559861,6882.501758690594,6405.26802393848,6788.169672685881,5992.654930576351,6320.971799999999,5691.6768,6544.2602798421585,6118.209294025386,6408.553393518196,6408.553393518196,6450.406,6450.406,6320.971799999999,6320.971799999999,5540.914826269096,5540.914826269096,6450.406,3381.683,4600.0
T000213,2006-09-30,3566.0059,2561.216,3487.814,2197.4297,3784.0776,3300.0,3291.2586331060356,3291.2586331060356,3531.6919655394354,3579.935902797037,3559.4233511074394,3579.13077950149,3574.8443198090877,3498.316696401195,3565.6604391987735,3511.4247658312115,3471.541280886504,3545.0644355612403,3205.0119666666665,3205.0119666666665,3543.041009121639,3633.3791980926717,3253.397913741056,3253.397913741056,3487.814,3487.814,3205.0119666666665,3205.0119666666665,3618.064905109238,3287.9432194930205,3487.814,2561.216,4000.0
T000213,2006-12-31,3809.4438,2221.2517,3723.2334,2095.8408,4352.8076,4800.0,3388.628452003683,3388.628452003683,3771.611006380468,3880.9144911863395,3830.449632434215,3872.7860752096626,3843.320369803184,3740.61948532949,3826.87159946513,3763.2990737644445,3675.882650146261,3809.799553743963,3251.3096333333333,3251.3096333333333,3807.3697038323594,3988.105244055453,3328.947272943715,3328.947272943715,3723.2334,3723.2334,3251.3096333333333,3251.3096333333333,3973.6002393179697,3436.6183161872514,3723.2334,2221.2517,5700.0
T000213,2007-03-31,3627.1943,2710.948,3522.9207,2288.4333,1524.4009,3200.0,3364.789386268695,3364.789386268695,3581.434605244314,3202.3983460867275,3395.091666726092,3258.5375439393943,3448.30272898303,3491.0476053067428,3486.0176156229436,3443.5196935873246,3527.1603914945063,3414.0180942183374,3287.021,3287.021,3412.8915319044067,2892.2855016362078,3330.121878990246,3330.121878990246,3522.9207,3522.9207,3287.021,3287.021,2853.059262148116,2601.0755154608046,3522.9207,2710.948,3500.0
T000213,2007-06-30,3718.8179,2691.5874,3566.6567,2325.125,1845.1952,3000.0,3411.93679861682,3411.93679861682,3652.0430877209674,3320.2642613421854,3491.6048447813405,3373.624931881798,3552.95618003409,3543.0485405257164,3583.0507194061497,3506.1453318640706,3591.810492126334,3500.2163936340403,3325.6873333333333,3325.6873333333333,3497.7878229675252,3058.116869460358,3372.9169927861776,3372.9169927861776,3566.6567,3566.6567,3325.6873333333333,3325.6873333333333,3010.2627305309725,2730.822957295575,3566.6567,2691.5874,4300.0
T000214,2006-09-30,34809.758,23160.898,36813.402,10886.199,32948.24,28600.0,33087.25352783405,33087.25352783405,35689.04228517921,35086.00974861646,35326.1182960359,36335.46611812015,34880.13497461892,36759.57699478157,35037.685185652714,36563.537653966014,34940.86593882384,35671.99073160127,31594.686,10886.199,35684.18660089257,35321.21951093464,31987.676960773504,31987.676960773504,36813.402,36813.402,31594.686,31594.686,34886.43902573483,34886.43902573483,36813.402,36813.402,30400.0
T000214,2006-12-31,41392.04,18988.97,41495.617,9191.705,39091.6,62300.0,36559.22322839803,36559.22322839803,41437.49399702043,40617.61617900574,41213.07912047826,41307.128437046,41220.08744219865,41480.00024054769,41274.24075999189,41417.93684619561,40064.09817483608,41166.50551087022,33958.87566666667,9191.705,41268.098856548684,41078.08806054505,34608.61129786604,34608.61129786604,41495.617,41495.617,33958.87566666667,33958.87566666667,40665.702603441794,40665.702603441794,41495.617,41495.617,65300.0
T000214,2007-03-31,39138.453,23779.084,37940.367,12088.768,25676.678,36800.0,35310.64718655519,35310.64718655519,38612.68185897235,33758.12470899033,37469.85118754276,37143.17640708624,37935.31457412757,37887.68765477463,38145.33084261917,37661.538646847046,37693.25895891899,36836.851985465444,33619.30133333333,12088.768,37497.15531256012,36581.85490086385,34028.8585235477,34028.8585235477,37940.367,37940.367,33619.30133333333,33619.30133333333,34263.636928677566,34263.636928677566,37940.367,37940.367,42100.0
T000214,2007-06-30,38282.953,21985.441,38525.71,12987.285,16461.47,27500.0,34835.098015105104,34835.098015105104,38389.485106111286,30589.02049626361,36330.602843250286,36863.13560945708,36571.114644905996,38393.44335595455,37040.97907232502,37860.90995072718,37387.45986421355,35741.02151182161,32931.368,12987.285,36731.69206745388,35009.90346860043,33408.764890714934,33408.764890714934,38525.71,38525.71,32931.368,32931.368,31137.050511731286,31137.050511731286,38525.71,38525.71,30600.0
T000215,2006-09-30,1363.2786,849.9615,1843.6865,848.2454,1862.4768,1700.0,1405.9059102977606,1405.9059102977606,1574.102038168628,1753.4538337515155,1575.3030749436612,1772.4897143401022,1455.474922587288,1663.3326328659082,1473.5140854385543,1637.4582982111679,1534.2841727184768,1647.2449331692335,1352.3088666666665,1180.6311333333333,1645.494714236196,1485.5305297641028,1385.3652875651387,1385.3652875651387,1843.6865,1843.6865,1352.3088666666665,1352.3088666666665,1693.1193925088742,1693.1193925088742,1843.6865,1843.6865,1600.0
T000215,2006-12-31,1725.0353,837.3437,2011.2925,760.9714,1966.3557,2800.0,1605.1933752839075,1605.1933752839075,1850.6571457367677,1941.2630334934788,1846.1355428686802,1956.3547165464895,1775.5000023616417,1850.0709788674571,1787.420547659636,1820.7815581542864,1791.309994383434,1884.4891213222036,1524.5571666666665,1203.2025333333333,1888.889898321374,1678.4978597117197,1565.1079621252757,1565.1079621252757,2011.2925,2011.2925,1524.5571666666665,1524.5571666666665,1902.7072739260489,1902.7072739260489,2011.2925,2011.2925,3400.0
T000215,2007-03-31,1678.217,940.9857,1908.265,914.00287,1341.0779,2100.0,1575.954407278877,1575.954407278877,1779.1718558710559,1698.1212774296896,1725.9886689598022,1745.7178372820058,1676.4663533066314,1776.497633496919,1697.131393978219,1752.3909202242,1730.0181287465289,1714.1053786844209,1509.1559,1254.4178566666667,1769.144313445534,1642.7335967315896,1542.5988642942996,1542.5988642942996,1908.265,1908.265,1509.1559,1509.1559,1642.4932477680316,1642.4932477680316,1908.265,1908.265,2600.0
T000215,2007-06-30,1586.1681,961.9677,1910.1772,952.9898,704.88025,1100.0,1545.5213489269124,1545.5213489269124,1728.3570866089271,1496.444376315108,1615.5299862982154,1590.6262854487313,1551.3242280801019,1762.853993363773,1588.9135693320782,1738.7751825616638,1684.4823110217935,1566.109017401941,1486.1043333333332,1275.0448999999999,1683.0444042916326,1616.6988164798702,1518.3629916728412,1518.3629916728412,1910.1772,1910.1772,1486.1043333333332,1486.1043333333332,1399.2354874707469,1399.2354874707469,1910.1772,1910.1772,1200.0
T000216,2006-09-30,2218.6028,1360.6154,2334.9006,1137.0369,1423.074,1900.0,2045.814985433724,2045.814985433724,2269.6392256030085,2103.6111036890834,2184.4317489550654,2290.577401276879,2167.9219891830085,2314.4726242221172,2191.4165999574725,2292.0719642268236,2215.0792290861723,2194.633005912206,1971.3729333333333,1610.8509666666664,2216.602306454504,2123.3845958047677,2014.905260288002,2014.905260288002,2334.9006,2334.9006,1971.3729333333333,1971.3729333333333,2027.6032176482195,2004.4730784132867,2334.9006,2218.6028,2400.0
T000216,2006-12-31,2576.6274,1907.6527,2511.7964,1060.582,1701.1182,3300.0,2386.5960085802835,2386.5960085802835,2548.17679725198,2331.4913781543196,2472.614672115688,2479.13564082672,2499.807688541499,2497.7465031988427,2514.241805733019,2482.6422861410024,2508.352413770095,2447.1796559947243,2332.0254999999997,1826.6770333333334,2476.528060495502,2367.1479616449606,2358.964417101844,2358.964417101844,2511.7964,2511.7964,2332.0254999999997,2332.0254999999997,2299.2626171686757,2355.9174614179965,2511.7964,2576.6274,2800.0
T000216,2007-03-31,2539.4636,1251.8025,2405.2358,1197.7402,2450.6265,2600.0,2170.3287091630054,2170.3287091630054,2480.558727091351,2436.08652195152,2484.947959974066,2412.5924017435323,2517.737715527358,2409.3921411628944,2511.640470607773,2414.180762908229,2404.068516547969,2458.0965652929435,2065.500633333333,1618.2594999999997,2464.4973548375383,2216.695943414807,2116.9283112789767,2116.9283112789767,2405.2358,2405.2358,2065.500633333333,2065.500633333333,2466.8573511764907,2111.372226767666,2405.2358,2539.4636,2500.0
T000216,2007-06-30,2467.4204,1435.7036,2406.4045,1227.7986,1431.6941,1900.0,2188.2068417142655,2188.2068417142655,2440.644025546222,2187.0673011323534,2349.773239674235,2366.4561928931416,2378.2539186892827,2389.0978599171685,2396.258279536117,2370.4531573117633,2378.5447890418445,2322.6647787930015,2103.176166666666,1689.9688999999998,2356.9634806680106,2192.023504332784,2146.477292396109,2146.477292396109,2406.4045,2406.4045,2103.176166666666,2103.176166666666,2144.759478502283,2140.503410481125,2406.4045,2467.4204,2100.0
T000217,2006-09-30,29154.012,25410.934,22778.566,14462.67,21537.258,25500.0,26014.972046546267,26014.972046546267,26356.194883382166,25817.183104003525,26247.707252758315,25785.805004351052,27851.463956211246,25300.432574353385,27632.77301799835,25021.0123315552,26238.387578105736,25639.775936964605,25781.170666666665,22778.566,25332.6310638817,24589.080091935426,25778.997203551786,25778.997203551786,22778.566,22778.566,25781.170666666665,25781.170666666665,24601.92917424991,24601.92917424991,22778.566,22778.566,27100.0
T000217,2006-12-31,27615.488,33446.164,21964.418,14099.934,18748.01,18300.0,27295.622860235133,27295.622860235133,25135.55790990034,24657.788465050005,24841.96009682124,24542.712175598284,26292.360408476354,24163.419331646113,26142.687562237246,23881.555520774324,25591.233862578913,24322.505403678755,27675.356666666667,21964.418,24065.905386171275,23220.03383940342,27149.621530541208,27149.621530541208,21964.418,21964.418,27675.356666666667,27675.356666666667,22932.32330869429,22932.32330869429,21964.418,21964.418,18600.0
T000217,2007-03-31,27552.803,21849.078,22208.156,14774.875,9798.416,15000.0,24230.637675631617,24230.637675631617,25207.34436716394,24755.481440300355,24055.652488562297,24260.346653134482,25555.172614748364,24127.0857037758,25609.150069914096,23709.147667434903,24951.495766222375,23650.261043535396,23870.012333333332,22208.156,23476.8418939673,21849.8970970371,24015.101013017313,24015.101013017313,22208.156,22208.156,23870.012333333332,23870.012333333332,20253.72953832812,20253.72953832812,22208.156,22208.156,17100.0
T000217,2007-06-30,31524.652,27836.307,22235.703,14981.94,15277.987,29700.0,27426.272121736773,27426.272121736773,27448.265735009274,26662.931982821974,26809.78305843767,26404.878642541946,29216.666460781857,25821.627747199276,29005.515380224482,25331.31915394124,27384.69761176028,25971.248852171335,27198.887333333332,22235.703,25561.816280881438,24023.929147270865,27094.64725705913,27094.64725705913,22235.703,22235.703,27198.887333333332,27198.887333333332,23314.858023542867,23314.858023542867,22235.703,22235.703,29200.0
T000218,2006-09-30,1994.8707,1142.821,2300.393,545.0554,2255.4656,1800.0,1898.1307333105015,1898.1307333105015,2128.9468917595173,2290.6887469814965,2124.4040255923123,2291.317741761246,2048.973339817673,2284.9735100924154,2061.6328156039076,2282.5442187712592,2071.4453591819542,2221.255159388389,1812.6948999999997,1329.4231333333332,2169.985499673012,2127.344012031756,1856.5166988998574,1856.5166988998574,2300.393,2300.393,1812.6948999999997,1812.6948999999997,2186.1472231522794,2186.1472231522794,2300.393,2300.393,2400.0
T000218,2006-12-31,2466.908,600.1345,2664.7014,406.95093,2815.234,4300.0,2083.3295157694392,2083.3295157694392,2553.708164266788,2697.2162225344273,2567.5256088016886,2674.594563870717,2516.2424051293824,2665.8861230086686,2520.6888722907615,2664.2246336093776,2435.9636657963074,2650.7440055504258,1910.5812999999998,1223.9289433333333,2594.0596706767983,2365.4896131153587,1987.2303691637649,1987.2303691637649,2664.7014,2664.7014,1910.5812999999998,1910.5812999999998,2646.7371696880455,2646.7371696880455,2664.7014,2664.7014,4400.0
T000218,2007-03-31,2364.9836,1309.1616,2380.1804,637.345,1908.6422,2200.0,2112.8534945163046,2112.8534945163046,2371.6526027894233,2278.3288350153844,2327.6404169317284,2338.5295184545635,2330.289274166923,2350.2359401082845,2340.7148164220985,2350.347068968226,2306.746412322526,2278.8500241281376,2018.1085333333333,1442.2289999999998,2337.6810099529057,2202.4985860407323,2057.4912792901637,2057.4912792901637,2380.1804,2380.1804,2018.1085333333333,2018.1085333333333,2228.1876569671076,2228.1876569671076,2380.1804,2380.1804,2000.0
T000218,2007-06-30,2258.1606,1131.6677,2430.7795,696.2672,1184.4032,1500.0,2046.07676039137,2046.07676039137,2333.913121952463,2161.5640330140054,2217.427284714917,2318.4628502987116,2191.462305467997,2346.1561292971783,2224.1008521628623,2345.3870895452364,2261.9306467072684,2132.675725612614,1940.2025999999998,1419.5714666666665,2263.404662459226,2187.695229069732,1988.6426914263152,1988.6426914263152,2430.7795,2430.7795,1940.2025999999998,1940.2025999999998,1985.574318997134,1985.574318997134,2430.7795,2430.7795,2200.0
T000219,2006-09-30,1495.5793,1014.28186,1503.4705,1082.7996,1494.711,1300.0,1373.8022685855644,1373.8022685855644,1499.0422944996249,1498.8129309267179,1498.2159603817229,1500.1730412114882,1496.3713382996273,1502.862993746632,1496.8569314392869,1502.5473519424875,1469.4379145019384,1498.8764345730522,1337.77722,1499.5249,1499.5191323047734,1501.6474143195908,1355.9020662480666,1355.9020662480666,1503.4705,1503.4705,1337.77722,1337.77722,1498.0236496215339,1335.6477847578208,1503.4705,1014.28186,1400.0
T000219,2006-12-31,1751.8663,954.5835,1613.2378,1046.4125,1846.9037,2100.0,1497.8753830216108,1497.8753830216108,1691.0302125872834,1725.0920627027394,1712.990661743432,1694.5578151784525,1744.307859337887,1628.242130800976,1734.1118751444524,1635.283173069791,1644.6393746898489,1712.5032388454729,1439.8958666666667,1682.55205,1688.7757123110912,1662.1161072603386,1464.1176821155873,1464.1176821155873,1613.2378,1613.2378,1439.8958666666667,1439.8958666666667,1733.3843011195058,1437.165017142243,1613.2378,954.5835,2900.0
T000219,2007-03-31,1656.7272,845.12335,1529.6554,1116.9758,1032.5447,1500.0,1403.0134138056042,1403.0134138056042,1600.9626845324647,1364.4350908173733,1554.7280747037798,1395.6489295246804,1593.1358788412451,1504.787877480581,1598.6369095039752,1497.9045060413632,1553.4932133835457,1455.1833730896776,1343.8353166666666,1593.1913,1544.3134303536892,1424.224130654656,1369.029498173268,1369.029498173268,1529.6554,1529.6554,1343.8353166666666,1343.8353166666666,1421.7251836890673,1340.9816512761902,1529.6554,845.12335,1500.0
T000219,2007-06-30,1674.5225,1072.4417,1543.445,1139.996,721.2083,1300.0,1473.6253439918844,1473.6253439918844,1617.0001128441095,1256.5296966884623,1540.435708055585,1314.4840636413512,1584.274896113559,1500.991189804657,1596.4086562748055,1488.0882727667492,1582.428269586936,1394.6397066615916,1430.1363999999999,1608.9837499999999,1534.8184571214201,1369.3293298851088,1447.4184797184168,1447.4184797184168,1543.445,1543.445,1430.1363999999999,1430.1363999999999,1337.2434071886823,1428.212736388884,1543.445,1072.4417,2200.0
T000220,2006-09-30,121339.516,104520.94,109436.69,82603.98,108086.42,111000.0,112956.31852944812,112956.31852944812,116116.04923094201,113479.00284165272,116003.74771269858,114792.38392482747,118984.73639556288,114158.16489400873,118556.25584300907,113543.08244007468,115294.2617743417,115529.26937519165,111765.71533333333,112954.20866666667,114279.2986233058,113515.17497972367,112358.44225782715,112358.44225782715,109436.69,109436.69,111765.71533333333,111765.71533333333,113217.13418071732,111958.80754387352,109436.69,121339.516,115700.0
T000220,2006-12-31,120320.22,128644.29,110435.39,81446.086,100658.01,117200.0,119206.42221778721,119206.42221778721,115982.33578470629,117850.28332703272,115081.46203280585,116495.73332212801,117675.11543573355,115404.00726856347,117499.95807290176,115133.82485178116,116664.61351598744,114956.66797430353,119799.96666666665,110471.20666666665,113792.7497483874,112793.58798968304,119022.58433383083,119022.58433383083,110435.39,110435.39,119799.96666666665,119799.96666666665,110947.8307449658,119654.53487217659,110435.39,120320.22,114900.0
T000220,2007-03-31,118656.44,93247.67,109279.15,83832.44,53573.055,90400.0,108862.13004980642,108862.13004980642,114541.28594340707,110250.37992405212,109354.65963692355,112618.85585823577,112448.40777229704,112427.40174229519,113251.40093990909,111811.58136836944,113149.46778757198,110680.47797328247,107061.08666666667,93836.215,108901.17661609805,105997.68177706264,108220.56241343418,108220.56241343418,109279.15,109279.15,107061.08666666667,107061.08666666667,95673.7456592581,107380.00029103234,109279.15,118656.44,95300.0
T000220,2007-06-30,130601.36,101811.086,109264.086,84291.125,64122.22,119300.0,115930.0078872741,115930.0078872741,121237.6558106516,116757.83560482797,117050.42166021364,118963.14590625893,122976.88358853945,117791.78090152002,123100.50982669878,116703.84067067862,119847.70853142679,117528.68699359166,113892.17733333333,101329.222,114666.75433187421,111497.57128541621,114877.30502799363,114877.30502799363,109264.086,109264.086,113892.17733333333,113892.17733333333,103075.24794440676,114219.67510019128,109264.086,130601.36,124700.0
T000221,2006-09-30,5605.589,4548.64,5338.399,2948.188,4153.368,5100.0,5242.872213622869,5242.872213622869,5488.334653341097,5014.350670184352,5378.07780777351,5299.869065707395,5460.743063696284,5291.749242625382,5475.227388143917,5287.11634916142,5428.2917302596015,5241.631124588079,5164.209333333333,5032.452,5358.494370724834,5222.193055766079,5208.8300559901645,5208.8300559901645,5338.399,5338.399,5164.209333333333,5164.209333333333,5028.47812244597,5028.47812244597,5338.399,5338.399,4600.0
T000221,2006-12-31,6213.1797,4413.3687,5655.331,2798.4648,5355.382,7100.0,5559.212094628854,5559.212094628854,5968.371942026204,5579.192050377846,5941.027673612126,5660.854373981692,6083.965285406882,5662.52155780837,6068.823696642398,5666.294687483125,5867.925406576804,5752.968034325845,5427.293133333333,5741.297566666666,5864.128109456503,5733.47274834467,5498.493010144417,5498.493010144417,5655.331,5655.331,5427.293133333333,5427.293133333333,5729.115582248374,5729.115582248374,5655.331,5655.331,6900.0
T000221,2007-03-31,5819.758,4103.202,5374.205,3058.572,5097.5586,4600.0,5226.5793907119705,5226.5793907119705,5624.230375774115,5303.153703717684,5598.931194875552,5377.150471467586,5713.600970447791,5378.164513739222,5702.281330110422,5380.9488096841205,5526.919578721647,5447.077129186329,5099.055,5430.5072,5538.125754618921,5431.14664493015,5170.981945737167,5170.981945737167,5374.205,5374.205,5099.055,5099.055,5420.843721198856,5420.843721198856,5374.205,5374.205,5400.0
T000221,2007-06-30,5986.0503,4648.4204,5437.833,3131.6816,3522.1536,5000.0,5452.839268975201,5452.839268975201,5745.469210368621,4915.383297389738,5567.365517683079,5379.1705331719095,5729.942781885706,5366.927330230582,5748.89613911155,5360.611172583026,5673.150636384075,5310.372644666701,5357.434566666667,4982.012299999999,5518.641724112733,5275.4922837440545,5404.139239324806,5404.139239324806,5437.833,5437.833,5357.434566666667,5357.434566666667,4972.937120592515,4972.937120592515,5437.833,5437.833,5900.0
T000222,2006-09-30,163189.34,139556.23,145365.12,112271.53,140579.4,148000.0,151453.65248490206,151453.65248490206,155367.3134615646,152089.74517067266,154941.28808406196,153739.67915924147,159442.9472955196,152810.32011047303,158858.99472236558,151682.36126161064,154231.74383164395,154348.88242536946,149370.22999999998,149711.28666666665,152404.74066329803,151022.12188506985,150234.38008114588,150234.38008114588,145365.12,163189.34,149370.22999999998,149370.22999999998,150510.42275493426,149733.01597877784,145365.12,163189.34,155400.0
T000222,2006-12-31,162234.86,171301.34,146483.42,110726.89,132090.33,155000.0,158930.53245275302,158930.53245275302,155322.4575667618,157138.50507394952,153997.6782193621,155649.82769783924,158114.4641152873,154017.7199729731,157810.5723561037,153516.02754971155,156152.65623028175,153839.17559718288,160006.53999999998,146936.2033333333,151924.45684670954,150322.60116339324,159024.03725871159,159024.03725871159,146483.42,162234.86,160006.53999999998,160006.53999999998,148171.35466013255,159756.49710343825,146483.42,162234.86,154000.0
T000222,2007-03-31,159527.0,123929.52,145056.19,113861.88,69433.31,118100.0,146127.36059056304,146127.36059056304,153176.5925290051,147933.6448811267,146137.575144236,150887.7162098705,150770.72701132443,150577.46432874294,151794.02827663536,149390.44851862863,151249.95455236704,148232.90476343172,142837.56999999998,124672.16666666666,145266.4796367916,141461.76341672358,144495.8819444516,144495.8819444516,145056.19,159527.0,142837.56999999998,142837.56999999998,129054.29909768162,143444.76256563127,145056.19,159527.0,126300.0
T000222,2007-06-30,174463.4,139425.66,145006.66,114443.91,83108.02,160000.0,156016.92700234847,156016.92700234847,161536.52847261805,156752.26576882042,155795.21121090336,159083.58845822292,163971.12516340782,157438.90939863626,164133.00629219078,155641.24992109,159905.9090028985,156755.09560799607,152965.24,134192.69333333333,152497.5136917912,148193.92618910215,154159.0527926043,154159.0527926043,145006.66,174463.4,152965.24,152965.24,138323.07847423299,153488.21948151354,145006.66,174463.4,167500.0
T000223,2006-09-30,2668.437,2139.5515,2391.5984,1849.2566,2256.6897,2500.0,2437.534387670771,2437.534387670771,2546.9484369064503,2353.6787869457894,2534.679551413361,2385.1019636169813,2605.423739544044,2390.4706560221885,2597.618496137356,2392.9886390375364,2519.403755095078,2443.4890588789654,2399.8623,2399.8623,2496.2863224445323,2404.4329295930715,2413.7137255755924,2413.7137255755924,2391.5984,2391.5984,2399.8623,2399.8623,2446.911899655821,2446.911899655821,2391.5984,2668.437,2800.0
T000223,2006-12-31,2826.0332,2107.5632,2438.4207,1794.8792,2810.1753,2700.0,2508.3054065417487,2508.3054065417487,2655.932333783734,2584.8209205383255,2691.0626629151607,2582.1556714066032,2782.467735265532,2453.7466016185,2759.836856877687,2454.038851235713,2618.715505433575,2605.292737869988,2457.339033333333,2457.339033333333,2628.0205038009226,2561.956414403719,2475.620464922356,2475.620464922356,2438.4207,2438.4207,2457.339033333333,2457.339033333333,2693.9562093702825,2693.9562093702825,2438.4207,2826.0332,3100.0
T000223,2007-03-31,2644.1196,1929.782,2388.8762,1896.685,1923.7644,2000.0,2373.96398228665,2373.96398228665,2532.1079300048764,2232.67466823577,2489.0061321828803,2290.0050472925946,2558.878974706398,2377.5626392547106,2558.7946426193503,2381.8491955427703,2492.8320955804993,2379.4590379655688,2320.925933333333,2320.925933333333,2459.251484389524,2336.5530952023114,2345.1385264250266,2345.1385264250266,2388.8762,2388.8762,2320.925933333333,2320.925933333333,2331.6430809559065,2331.6430809559065,2388.8762,2644.1196,2000.0
T000223,2007-06-30,2813.879,2206.2715,2396.8135,1921.2063,1824.2676,2400.0,2513.8013805037244,2513.8013805037244,2630.852903527569,2208.2787865239875,2577.913430292731,2286.3554241020593,2689.5285252504405,2383.9791192345288,2685.4782017658417,2389.9023214328945,2600.937863933825,2412.9261690052394,2472.3213333333333,2472.3213333333333,2526.1898685905553,2346.612145010273,2483.641560322516,2483.641560322516,2396.8135,2396.8135,2472.3213333333333,2472.3213333333333,2362.8362261606876,2362.8362261606876,2396.8135,2813.879,3000.0
T000224,2006-09-30,14192.459,11319.581,12923.612,8140.9307,12123.003,11200.0,12980.450962597744,12980.450962597744,13635.63491977578,13159.85897065154,13562.395964998641,13084.976705696825,13889.127085101156,13036.539605817366,13857.157631403008,13117.495115558298,13481.910376217815,13552.55754918378,12811.883999999998,9730.25585,13389.445667270586,12479.120446166251,12923.662788135793,12923.662788135793,12923.612,12923.612,12811.883999999998,12811.883999999998,13079.638729366205,13079.638729366205,12923.612,12923.612,13700.0
T000224,2006-12-31,15252.8125,12857.253,13494.821,7788.5396,11746.099,16000.0,13986.467299052185,13986.467299052185,14481.330989597645,13822.141919154285,14320.194822769894,13705.459053914039,14781.6035956567,13642.322807243048,14750.657707151508,13802.044471931036,14365.372959977158,14353.710934448283,13868.295499999998,10322.8963,14091.163658673322,13007.33758620827,13941.540131702015,13941.540131702015,13494.821,13494.821,13868.295499999998,13868.295499999998,13521.289563033617,13521.289563033617,13494.821,13494.821,18200.0
T000224,2007-03-31,14769.913,11535.445,13025.881,8353.176,9282.867,12300.0,13290.105538356478,13290.105538356478,14004.557512473446,13350.60279602375,13657.336983903135,13194.231517268343,14142.47134475109,13144.074815363236,14153.688237855782,13309.770321293268,13836.995033135634,13838.645903481689,13110.412999999999,9944.3105,13463.387106835702,12680.133307234613,13227.263189272402,13227.263189272402,13025.881,13025.881,13110.412999999999,13110.412999999999,12456.393038981849,12456.393038981849,13025.881,13025.881,13000.0
T000224,2007-06-30,14758.7,12097.481,13093.708,8485.029,9379.44,13100.0,13457.116628497899,13457.116628497899,14028.030629318835,13403.713316763213,13683.401278825844,13251.579390312325,14148.470790394611,13204.571241239048,14162.1201194609,13375.122591395166,13894.183724411625,13866.88064990478,13316.629666666666,10291.255000000001,13500.57488071466,12743.019368869718,13406.209221855774,13406.209221855774,13093.708,13093.708,13316.629666666666,13316.629666666666,12508.233412629173,12508.233412629173,13093.708,13093.708,13800.0
T000225,2006-09-30,6532.3276,5247.093,6025.318,4536.4585,5955.0215,5800.0,6020.422875372849,6020.422875372849,6309.830203399109,6198.805951081628,6303.854187434446,6193.650407408741,6431.005902092404,6154.300107512267,6413.021233871135,6142.212304627956,6239.99968718814,6247.045714443306,5934.912866666666,6532.3276,6230.611709504241,6135.06873721131,5995.989925874366,5995.989925874366,6025.318,6025.318,5934.912866666666,5934.912866666666,6203.43454122861,5995.017370749827,6025.318,6532.3276,6700.0
T000225,2006-12-31,6589.0796,6330.114,6093.9653,4485.358,5022.403,6400.0,6346.47700211399,6346.47700211399,6371.802367438975,6328.28203040839,6272.394142282809,6317.466960469137,6410.241377218342,6273.808324682233,6413.612683585288,6293.2918568557725,6364.595513661172,6126.585422355177,6337.719633333332,6589.0796,6217.48193437202,6311.635199158533,6336.584405780166,6336.584405780166,6093.9653,6093.9653,6337.719633333332,6337.719633333332,6023.7611298531465,6341.5483942944265,6093.9653,6589.0796,8000.0
T000225,2007-03-31,6590.6143,4806.995,6034.04,4593.138,3292.3457,5800.0,5932.388898593977,5932.388898593977,6346.3658029992275,6200.203007838529,6091.204161864348,6196.706493520369,6267.127434895164,6155.466976622807,6303.001721931845,6130.489761880336,6246.888315455981,5788.84697448764,5810.549766666666,6590.6143,6054.935701454694,6113.173481956497,5900.340982871023,5900.340982871023,6034.04,6034.04,5810.549766666666,5810.549766666666,5580.937735976555,5897.060463739749,6034.04,6590.6143,6500.0
T000225,2007-06-30,6964.918,5206.2397,6038.84,4613.286,4269.9478,6200.0,6182.000186808691,6182.000186808691,6558.515549140373,6394.090199939639,6394.5414212234955,6381.256140098161,6649.16488864462,6306.288177375192,6650.557290366638,6302.7053461588475,6467.018908303797,6143.017985084832,6069.999233333333,6964.918,6287.932875041265,6304.625095215752,6145.629036248736,6145.629036248736,6038.84,6038.84,6069.999233333333,6069.999233333333,5964.83005484266,6147.34858946661,6038.84,6964.918,6700.0
T000226,2006-09-30,23293.342,18752.393,21305.926,14762.8545,19749.29,19500.0,21445.821094143637,21445.821094143637,22421.179252069873,21973.87739509143,22278.228458344704,21687.33748192811,22794.120347018415,21488.389430273088,22750.36289078879,21551.464507644596,22177.88090854901,22254.719256092572,21117.22033333333,21449.51933333333,22012.346174590857,21128.68949562845,21376.944472283594,21376.944472283594,21305.926,21305.926,21117.22033333333,21117.22033333333,21376.44321251694,21376.44321251694,21305.926,21305.926,23300.0
T000226,2006-12-31,24534.078,21212.682,22009.61,14359.047,19212.016,25100.0,22804.595980664693,22804.595980664693,23426.23397140122,22858.05940488739,23168.118456064953,22480.157393119607,23834.606109196066,22239.686281459315,23796.14679990931,22350.101872135278,23266.98085144317,23192.10402236976,22585.456666666665,21918.568,22843.975145322147,21918.454552514122,22733.26079111924,22733.26079111924,22009.61,22009.61,22585.456666666665,22585.456666666665,21818.841302476998,21818.841302476998,22009.61,22009.61,29400.0
T000226,2007-03-31,23839.945,18313.092,21413.176,15037.564,16762.432,20100.0,21588.526656027585,21588.526656027585,22774.97545178682,22228.7897110271,22343.847948035942,21832.201811151008,23011.29368645886,21630.298737844732,23015.26383460481,21713.204949407133,22478.990843223444,22495.657966780425,21188.737666666664,20671.851,22064.73740269627,21155.19876042321,21504.542181372046,21504.542181372046,21413.176,21413.176,21188.737666666664,21188.737666666664,20559.47715834933,20559.47715834933,21413.176,21413.176,21600.0
T000226,2007-06-30,24194.47,19511.688,21508.863,15189.144,17234.494,21600.0,22064.604935860287,22064.604935860287,23015.911318284452,22411.469672341023,22620.19723553987,21987.398328183717,23346.933499196926,21750.94507948631,23333.11690149103,21857.651955743757,22776.124356890963,22730.931222671905,21738.340333333334,20979.275666666665,22296.86646667383,21322.848289740126,21981.12768859925,21981.12768859925,21508.863,21508.863,21738.340333333334,21738.340333333334,20862.258090702533,20862.258090702533,21508.863,21508.863,23500.0
T000227,2006-09-30,9749.326,8975.977,7452.539,1686.3059,6820.8438,11000.0,8778.762372190426,8778.762372190426,8741.398086905714,7778.0542838284655,8685.100218887785,8902.475278220641,9265.378258086519,8681.531504992288,9190.444990936263,8561.426292949101,8734.167697455163,8395.045027339722,8725.947333333334,8725.947333333334,8358.495455593964,7553.881871450742,8732.787276250323,8732.787276250323,7452.539,9749.326,8725.947333333334,8725.947333333334,7996.052574137352,8491.92300657557,7452.539,6820.8438,9500.0
T000227,2006-12-31,8617.515,12289.319,6827.972,1419.3872,5948.581,4300.0,9058.103194587771,9058.103194587771,7832.187348205345,8416.085604715312,7752.196405618607,9059.38726491902,8209.601471572854,9169.292600124647,8159.299375247064,8909.78320731378,8088.243566587891,7521.007530773393,9244.935333333333,9244.935333333333,7504.135615245466,6756.277583596063,9132.032164111886,9132.032164111886,6827.972,8617.515,9244.935333333333,9244.935333333333,7117.589999765478,8910.373585161611,6827.972,5948.581,4300.0
T000227,2007-03-31,8423.645,6494.163,6842.3784,1885.6995,914.9951,2100.0,7364.27220755336,7364.27220755336,7729.717899148376,4921.761616433005,7178.507698861661,7480.529975125383,7652.922827289356,7236.2290164893475,7715.979120746646,7207.773566284975,7639.207867827368,7446.7433246910305,7253.395466666665,7253.395466666665,7044.625671706454,6749.816671256741,7296.748323012048,7296.748323012048,6842.3784,8423.645,7253.395466666665,7253.395466666665,5317.762397453267,5217.20671074178,6842.3784,914.9951,2800.0
T000227,2007-06-30,11223.014,10041.326,6934.5215,2029.7681,2672.5688,10100.0,9484.245516243593,9484.245516243593,9341.04092376546,6694.155087103762,8948.327395688906,9709.402563042724,10073.846996297016,9314.170496607283,9998.274770323807,9079.731735361655,9343.598550632996,8958.80398420082,9399.620499999999,9399.620499999999,8389.557462018282,8088.030570287127,9405.136770251916,9405.136770251916,6934.5215,11223.014,9399.620499999999,9399.620499999999,6883.711620282089,7905.543312010781,6934.5215,2672.5688,8300.0
T000228,2006-09-30,1362802.9,1145770.4,1216267.4,991374.94,1181481.2,1288300.0,1256979.2650541032,1256979.2650541032,1298496.8843750302,1287327.7237291876,1295419.7218645755,1297875.3036288526,1332366.350728643,1297970.9300726168,1327470.454028455,1292553.1892310225,1287768.9090967835,1291601.7229327192,1241613.5666666664,1289535.15,1274490.9021258752,1271815.477969346,1251370.9229165663,1251370.9229165663,1216267.4,1362802.9,1241613.5666666664,1241613.5666666664,1269428.2894741828,1248113.3905179286,1216267.4,1362802.9,1299800.0
T000228,2006-12-31,1353994.0,1357799.2,1214016.6,979817.44,1126584.0,1240900.0,1314039.5881916732,1314039.5881916732,1292565.957842689,1291697.2865482003,1284569.326242002,1296880.6143783303,1320601.7084916844,1291580.0727746834,1317056.3181226696,1291759.2744229715,1295243.8180707144,1294196.8401021264,1308603.2666666666,1284005.3,1265474.9624242827,1259527.5270963488,1304527.504943892,1304527.504943892,1214016.6,1353994.0,1308603.2666666666,1308603.2666666666,1253757.640344324,1307723.9891568753,1214016.6,1353994.0,1335100.0
T000228,2007-03-31,1327431.1,1038897.75,1207885.8,1002380.1,692242.6,1003400.0,1208820.0964907352,1208820.0964907352,1274969.5331462908,1260682.7841956848,1226997.1831402478,1271870.747931511,1263784.431280155,1270194.2666222092,1269961.05652662,1267548.6620536027,1259392.629776729,1265005.4873365262,1191404.8833333333,1267658.4500000002,1217994.064702634,1185321.0382686877,1206438.4905559146,1206438.4905559146,1207885.8,1327431.1,1191404.8833333333,1191404.8833333333,1152004.0911996004,1200450.1537642842,1207885.8,1327431.1,1106900.0
T000228,2007-06-30,1426316.5,1205579.2,1208326.0,1006666.2,832312.6,1302300.0,1298461.907323661,1298461.907323661,1330652.988433895,1318778.2408880852,1295821.297719767,1332102.640381489,1355206.8125975933,1326978.2643139183,1354691.962205679,1324167.2093744855,1320946.2514343318,1324370.5476189312,1280073.9,1317321.25,1270057.9570726715,1245787.1865908112,1288109.0149327717,1288109.0149327717,1208326.0,1426316.5,1280073.9,1280073.9,1221360.2030396105,1286314.4731565472,1208326.0,1426316.5,1385300.0
T000229,2006-09-30,1044.0204,875.4204,1094.2537,632.353,1273.3341,844.0,1017.1792793658101,1017.1792793658101,1066.0649105431366,1051.8134620230642,1082.715460080205,1067.526776328979,1067.7700950891606,1083.9637787536274,1065.9593738497254,1096.6642805198092,1054.8652937262214,1111.4031013291092,1004.5648333333332,923.5423666666666,1087.121297080744,973.1492627607396,1016.6031185965505,1016.6031185965505,1094.2537,1044.0204,1004.5648333333332,1004.5648333333332,1068.094443872435,1047.5198118884346,1094.2537,1044.0204,1187.0
T000229,2006-12-31,1178.3674,824.9033,1118.0137,597.6669,1100.4159,1202.0,1066.100967946874,1066.100967946874,1151.8816270970192,1118.2960923454666,1150.3091058322864,1115.0500033075552,1165.570949575767,1114.2245947412755,1163.6227356605152,1121.2684478728477,1131.295597079436,1140.494254600164,1040.4281333333333,964.6826666666667,1141.743304412006,1016.8252493062519,1060.9312152372804,1060.9312152372804,1118.0137,1178.3674,1040.4281333333333,1040.4281333333333,1149.4432078473087,1114.7873246059694,1118.0137,1178.3674,1627.0
T000229,2007-03-31,1251.7566,1076.4961,1140.0009,658.743,1020.5321,1508.0,1168.432289292308,1168.432289292308,1202.7134412406588,1163.2656195475695,1191.695384467343,1164.7443089303777,1221.1404230525209,1146.906143810578,1219.3464864401483,1143.3225796090824,1193.9354036869777,1162.679819529494,1156.0845333333332,1016.8335,1177.2733668405806,1063.2695783020172,1163.911994706876,1163.911994706876,1140.0009,1251.7566,1156.0845333333332,1156.0845333333332,1198.1982706687656,1185.2023459306017,1140.0009,1251.7566,1654.0
T000229,2007-06-30,1183.2748,824.08545,1118.5946,670.1046,1200.1394,961.0,1068.0579970316135,1068.0579970316135,1154.890374711751,1124.0448116886416,1162.5728737479599,1116.6556690803598,1177.5593669555233,1115.1036088651958,1173.3757410748049,1125.2087000723832,1134.029394955762,1164.5832176997997,1041.9849499999998,990.6579999999999,1151.729973536873,1035.194949409347,1062.7244187179215,1062.7244187179215,1118.5946,1183.2748,1041.9849499999998,1041.9849499999998,1152.2771555594022,1117.231316346328,1118.5946,1183.2748,1217.0
T000230,2006-09-30,3524.1934,2729.1514,3684.8215,1770.0527,3214.7773,3365.0,3388.0163792122985,3388.0163792122985,3594.6838484470263,3507.7503497669827,3550.643917225034,3520.2575216785826,3517.075048002211,3544.3749646645665,3533.0490370994216,3546.636049224291,3543.2032797348647,3570.7614746379613,3312.7220999999995,2728.0085333333327,3582.0027201860794,3001.8357981298923,3365.992389792894,3365.992389792894,3684.8215,3684.8215,3312.7220999999995,3312.7220999999995,3448.4601014675136,3448.4601014675136,3684.8215,3214.7773,3901.0
T000230,2006-12-31,3735.8345,3385.1235,3742.7603,1667.8625,2528.0234,3981.0,3652.6271117503916,3652.6271117503916,3738.8738358811715,3499.2774571639593,3625.530390545413,3590.3219113016444,3640.3743250547127,3650.140326602262,3665.995459396838,3642.9981187459807,3717.2812322373666,3662.1090900642494,3621.239433333333,2931.9154333333327,3646.667203862122,3098.53533390522,3642.718914877233,3642.718914877233,3742.7603,3742.7603,3621.239433333333,3621.239433333333,3256.708917925504,3256.708917925504,3742.7603,2528.0234,5136.0
T000230,2007-03-31,3833.4443,2839.4065,3782.233,1848.1138,2251.2563,4533.0,3571.96786053726,3571.96786053726,3810.97060142201,3506.8056886481077,3668.188657736713,3630.1753559192575,3701.815896770757,3705.1983176156946,3731.807466839807,3694.289872357899,3751.006941767434,3712.0270545988615,3485.027933333333,2823.2510999999995,3686.0315544022087,3214.7986639495402,3543.6707900845413,3543.6707900845413,3782.233,3782.233,3485.027933333333,3485.027933333333,3187.9680018723907,3187.9680018723907,3782.233,2251.2563,5318.0
T000230,2007-06-30,3740.0144,2665.3806,3736.801,1886.9136,2301.6753,3152.0,3476.2107503854495,3476.2107503854495,3738.6042232809846,3455.121131330021,3604.710058607718,3564.323117406633,3625.0834780808777,3634.9243137470185,3654.915825342173,3626.1237700747843,3672.8678739416328,3647.4949545453715,3380.732,2763.0317333333332,3628.0093112770555,3167.823957244412,3445.7767377014693,3445.7767377014693,3736.801,3736.801,3380.732,3380.732,3166.0492425591856,3166.0492425591856,3736.801,2301.6753,3686.0
T000231,2006-09-30,1353.7689,1057.5094,1281.2253,869.71375,1117.3752,983.0,1252.2014845055578,1252.2014845055578,1321.933680035612,1241.803594672712,1306.729764177468,1225.8423674865894,1327.02036064454,1157.6190208719713,1327.65721800018,1215.3076112406702,1305.0628093485122,1264.1873295024423,1230.8345333333332,1057.5094,1298.797482136445,1226.0326419284652,1241.0248635900134,1241.0248635900134,1281.2253,1281.2253,1230.8345333333332,1230.8345333333332,1262.0084034624986,1225.7601565839213,1281.2253,1057.5094,1744.0
T000231,2006-12-31,1478.707,1289.6685,1319.5007,846.1275,998.2548,1481.0,1375.609886659262,1375.609886659262,1408.840497921025,1246.852895983025,1379.0510815349653,1215.1860311211121,1423.0584399386858,1078.574229729857,1423.6557381423638,1193.0184793456615,1400.047716339617,1290.9022372310774,1362.6254,1289.6685,1361.0075445174762,1212.760907092481,1364.934808750122,1364.934808750122,1319.5007,1319.5007,1362.6254,1362.6254,1287.9056589209363,1360.0505255235487,1319.5007,1289.6685,2151.0
T000231,2007-03-31,1523.5518,969.5764,1315.0719,890.81824,977.7968,1523.0,1308.935203677806,1308.935203677806,1432.0619445936843,1250.101883512797,1400.8336242598427,1215.9465132600326,1457.3236335998718,1065.5737325074433,1456.3650764145445,1188.989430854605,1401.787203066084,1296.747437909458,1269.4000333333333,969.5764,1375.8243783783798,1206.5882342543186,1285.750554338412,1285.750554338412,1315.0719,1315.0719,1269.4000333333333,1269.4000333333333,1296.7063975980811,1260.3390925705623,1315.0719,969.5764,1979.0
T000231,2007-06-30,1497.1488,993.98676,1302.2103,902.23737,837.72516,1262.0,1300.3253286444142,1300.3253286444142,1411.6014873903716,1187.5281975768476,1368.488852105982,1142.516421985674,1423.3434656579075,950.9151343510249,1425.5597168311558,1113.6067641685352,1384.2011814733823,1250.878798448491,1264.44862,993.98676,1347.5739470975782,1144.8209829648267,1279.092140112476,1279.092140112476,1302.2103,1302.2103,1264.44862,1264.44862,1243.8973562882632,1256.2515652337038,1302.2103,993.98676,1871.0
T000232,2006-09-30,223.15155,182.94475,176.38512,70.185104,69.335434,134.0,197.9494084236514,204.33793379684792,202.6284496024577,148.6216736927321,192.69441301079263,154.94315068382872,205.7944623063617,167.8787487536297,206.2346839676545,169.34987699982383,200.9837010069042,158.80935403996125,194.16047333333333,70.185104,187.604273444791,152.92739779983734,194.45457874153408,161.2455234904346,176.38512,176.38512,194.16047333333333,156.29070133333335,179.11936590596972,195.78224724074983,176.38512,223.15155,141.0
T000232,2006-12-31,267.10315,146.04198,187.65337,64.64005,116.450424,238.0,208.53413372321813,235.14138451255812,232.23720424569186,163.62720698421188,225.6852454107651,170.62622625741315,246.43115590990536,182.7856125045948,244.86920964147765,184.47900817953936,226.2131544605257,184.835656794417,200.26616666666666,64.64005,215.2048682795204,175.2733106399732,203.1659294528137,194.21854231951656,187.65337,187.65337,200.26616666666666,190.40231466666665,210.2529323811643,206.69139746463685,187.65337,267.10315,209.0
T000232,2007-03-31,252.72726,196.25179,177.89604,74.99762,185.31905,144.0,214.74825850600834,222.62348998604688,219.88813499237003,168.11695771334274,220.66670450178836,173.56137909262617,239.19069541880097,179.76198756171877,236.1647717683376,180.8145131642944,217.73755639672066,193.443902497298,208.9583633333333,74.99762,209.56180163003177,184.72707052988787,209.07138595018654,205.81127033524422,177.89604,177.89604,208.9583633333333,205.31411666666668,211.26725809293492,211.0065958656603,177.89604,252.72726,274.0
T000232,2007-06-30,257.03436,228.49165,178.63968,77.72376,174.66599,206.0,226.39131012522623,225.49704954271425,222.6314370428018,167.31543762529145,222.35078472965378,172.72386912109863,241.9171476537917,179.57689016391552,238.9923932884685,180.76510452069562,222.2532308755076,192.0566275108634,221.3885633333333,77.72376,210.91169205047538,182.87901040611496,220.1138059122831,204.45608822829223,178.63968,178.63968,221.3885633333333,203.44667666666663,211.69357868471985,221.4040262159349,178.63968,257.03436,174.0
T000233,2006-09-30,1318.8622,1083.46,1307.5264,999.86914,1229.2135,1394.0,1253.298238578905,1253.298238578905,1313.8875683788465,1236.6377394566462,1306.5939680523622,1257.6106063992856,1310.4835157866457,1295.75763822757,1311.6832444136678,1297.4548746584144,1299.6734971443288,1298.9553875683255,1236.6162,1114.54132,1306.2275113354588,1293.8700726959332,1248.7318352355,1248.7318352355,1307.5264,1318.8622,1236.6162,1236.6162,1277.5260528990846,1212.7803054875994,1307.5264,1229.2135,1549.0
T000233,2006-12-31,1403.102,1223.9233,1295.9728,959.06134,1177.4855,1253.0,1320.2159210157536,1320.2159210157536,1356.089146397354,1196.6957834479142,1345.1573470219914,1235.8638813556222,1373.4374790513002,1308.1516491743557,1371.8005561635775,1312.8568058217961,1346.9904162080047,1322.6164972274294,1307.6660333333332,1068.27342,1331.3980401370575,1318.6738845692016,1314.2911328965715,1314.2911328965715,1295.9728,1403.102,1307.6660333333332,1307.6660333333332,1273.8801542270198,1227.3843004541768,1295.9728,1177.4855,1918.0
T000233,2007-03-31,1384.9467,1134.1018,1294.4847,1020.53253,1370.254,1329.0,1288.8365153861419,1288.8365153861419,1345.2481233037997,1327.6045980506067,1352.4213952645403,1360.1545118939553,1373.9036615132727,1339.6723486607552,1368.8514416261253,1340.4394841163041,1331.4706468756863,1347.430298844717,1271.1777333333332,1195.393265,1337.8905171427677,1356.5793500484226,1282.021725312442,1282.021725312442,1294.4847,1384.9467,1271.1777333333332,1271.1777333333332,1349.7735717979958,1280.527496524924,1294.4847,1370.254,1652.0
T000233,2007-06-30,1364.6628,1215.4194,1296.9774,1029.8635,1464.1185,1207.0,1302.8387154554566,1302.8387154554566,1334.9595650161064,1390.959243241824,1350.6316901204077,1419.2505656408948,1365.1987231514333,1352.7135999814022,1359.113132748036,1351.273627527522,1327.0046293453393,1355.7187676041208,1292.3532,1246.991,1337.9299755975171,1370.4029343082536,1298.4394712211965,1298.4394712211965,1296.9774,1364.6628,1292.3532,1292.3532,1384.7963677867501,1342.4273515340885,1296.9774,1464.1185,1376.0
T000234,2006-09-30,7392.366,5986.0254,7533.9287,5111.9,6705.585,6720.0,7072.887185957986,7072.887185957986,7454.48973928579,7385.849215286313,7377.042218282358,7383.714969291566,7353.1054923441525,7453.617925083552,7375.826865368351,7420.993681547407,7365.9165422581,7364.155944436823,6970.773366666666,6450.471233333333,7411.537781557239,6934.343063119093,7047.786108975936,7047.786108975936,7533.9287,7533.9287,6970.773366666666,6970.773366666666,7186.391070534896,7186.391070534896,7533.9287,6705.585,8522.0
T000234,2006-12-31,7951.161,6887.341,7654.5493,4945.1016,5776.825,8155.0,7561.105494273662,7561.105494273662,7820.995158857417,7653.857987904588,7646.143537137515,7631.552160652357,7745.57936585064,7644.092100937336,7773.393604418512,7600.3516799289455,7761.04546107894,7566.305645930852,7497.683766666666,6125.4919666666665,7633.715771490051,7279.571071460171,7545.312262879708,7545.312262879708,7654.5493,7654.5493,7497.683766666666,7497.683766666666,7066.794648640343,7066.794648640343,7654.5493,5776.825,11041.0
T000234,2007-03-31,8116.097,6235.647,7716.186,5237.7354,6309.2593,9037.0,7472.342336929422,7472.342336929422,7940.59902841907,7812.047557577406,7809.791745624958,7790.308646223604,7928.517227031585,7757.721237175964,7942.541232954674,7733.640686058399,7832.4569239743705,7735.405304520363,7355.9766666666665,6421.060233333333,7774.406059179588,7456.766250462005,7443.441316704093,7443.441316704093,7716.186,7716.186,7355.9766666666665,7355.9766666666665,7333.35771565116,7333.35771565116,7716.186,6309.2593,10877.0
T000234,2007-06-30,7844.006,5965.963,7632.255,5309.753,6380.9673,6788.0,7270.049444947683,7270.049444947683,7751.080646658298,7639.439534196302,7634.578308898662,7624.176596136335,7704.348660764407,7629.202746801721,7722.342951098167,7600.744335715421,7639.799438472955,7580.220075190022,7147.407999999999,6440.991766666666,7624.2283420868,7283.200873770851,7239.700597376745,7239.700597376745,7632.255,7632.255,7147.407999999999,7147.407999999999,7245.149882579664,7245.149882579664,7632.255,6380.9673,8324.0
T000235,2006-12-31,97458.38,83696.1,85537.49,75545.71,92220.55,86872.0,90072.37459990723,90072.37459990723,92226.9859787318,88227.54179678901,92864.21843511969,86278.09873721423,95740.13695658527,87116.38266245165,95143.28223916999,87047.58114143397,91592.63012931892,91713.57829842325,88897.32333333333,91738.80666666667,91004.05752460587,90755.11290598378,89264.7003115103,89264.7003115103,85537.49,85537.49,88897.32333333333,88897.32333333333,91094.04240660195,91094.04240660195,85537.49,85537.49,95258.0
T000235,2007-03-31,98930.84,97074.11,86573.59,74514.35,94713.33,93719.0,94388.77561968408,94388.77561968408,93507.952634265,89362.11019990713,94281.59545858542,87390.5119025683,97246.25488827881,88254.9371925432,96602.25320116032,88183.85849898358,93610.11377735903,93099.46852520303,94192.84666666666,93405.92,92333.26812367693,92270.71055762717,93607.93515895719,93607.93515895719,86573.59,86573.59,94192.84666666666,94192.84666666666,92766.37999932154,92766.37999932154,86573.59,86573.59,95040.0
T000235,2007-06-30,94308.8,76810.086,85369.625,76468.47,43479.57,64939.0,86968.61155700203,86968.61155700203,90385.9094565867,87386.8270520751,86487.82224413405,84021.00967820475,89284.08871238455,84825.44188679186,89815.5059930472,84764.51265880035,89470.71764600404,85213.57042388551,85496.17033333333,74385.99833333334,85869.79207318944,78118.05196864261,86330.33072786345,86330.33072786345,85369.625,85369.625,85496.17033333333,85496.17033333333,72787.06770502464,72787.06770502464,85369.625,85369.625,70640.0
T000235,2007-09-30,104553.91,88159.37,85341.79,77133.664,51333.316,96735.0,94102.25705310228,94102.25705310228,96122.81385668457,89677.17082526773,92971.88774308472,84717.56047955499,98217.5583217273,86236.43576180439,98190.32916168802,86116.63864631286,95454.6538899918,90724.67778319176,92685.02333333332,80409.67199999999,90715.69111716145,83091.75483971473,92826.8741328516,92826.8741328516,85341.79,85341.79,92685.02333333332,92685.02333333332,78305.58520756864,78305.58520756864,85341.79,85341.79,109097.0
T000236,2006-12-31,74611.414,61118.73,81104.72,48037.71,84680.89,102468.0,74105.87355981302,74105.87355981302,77460.95310208591,83569.57786916602,77787.14893199714,82973.62532321131,76122.21220187205,83297.35555814538,76296.68898028361,82136.98547600082,76521.4740311616,79813.42051906539,72278.288,72278.288,78680.84810954767,80410.6985803605,72966.20724138302,72966.20724138302,81104.72,81104.72,72278.288,72278.288,80456.75748596157,75798.65571327292,81104.72,84680.89,107554.0
T000236,2007-03-31,73920.85,54853.52,79224.89,45432.676,87233.984,80601.0,71700.1237761103,71700.1237761103,76248.48855253823,84745.11928741934,76989.64489538399,84174.35361526844,75560.25192578946,84529.74827241318,75596.5720017743,82112.00289368522,74988.48417760301,79106.79358255953,69333.08666666666,69333.08666666666,77635.38667112119,80668.1395346572,70138.20027568085,70138.20027568085,79224.89,79224.89,69333.08666666666,69333.08666666666,80569.41227017461,74047.51267887422,79224.89,87233.984,85492.0
T000236,2007-06-30,71011.21,60097.9,77524.586,49695.055,44722.305,69232.0,71093.02113421954,71093.02113421954,73869.55667249441,54915.77253491155,70801.60399298674,54918.4970531375,69627.83597614833,54592.69333280355,70562.41661198404,63941.68767381074,73087.6444757732,69529.8862721986,69544.56533333333,69544.56533333333,72300.80645794315,62451.45328653927,70155.38802043209,70155.38802043209,77524.586,77524.586,69544.56533333333,69544.56533333333,63472.853239591575,60167.517701064964,77524.586,44722.305,70474.0
T000236,2007-09-30,74231.8,69414.695,78692.37,50408.234,48859.453,61422.0,74884.74058282223,74884.74058282223,76189.28800881884,58130.17630461442,73400.73747109815,58253.646961417406,72697.40677709755,57898.793133453815,73491.24919812451,66430.15346214872,75816.45976065048,71860.71469032638,74112.955,74112.955,74549.49443346044,65458.47388160089,74450.96712682367,74450.96712682367,78692.37,78692.37,74112.955,74112.955,66355.43877395634,65067.91141850701,78692.37,48859.453,64419.0
T000237,2006-12-31,39408.48,35055.29,38301.617,34968.5,36282.94,36796.0,37707.129958429156,37707.129958429156,38922.7413948654,39010.590847624386,38735.67000177218,39128.78856189333,39038.69703698406,39302.26621151983,39038.36722621643,39291.16072251599,38675.558206001595,38874.514785610634,37588.46233333333,38855.048500000004,38606.667456287556,38651.28565945525,37969.8165963312,37969.8165963312,38301.617,39408.48,37588.46233333333,37588.46233333333,38157.917450139605,37593.16793577478,38301.617,38301.617,40230.0
T000237,2007-03-31,39752.07,43265.74,38315.867,34737.906,35631.227,38005.0,40266.98649625991,40266.98649625991,39121.802982392466,39235.79147744634,38872.97544152782,39487.30226742518,39267.05710843247,39613.78801681991,39267.99257089743,39679.43746186441,39362.0061786852,39198.227075509334,40444.558999999994,39033.9685,38706.67092490688,38764.25825527856,40041.28093027804,40041.28093027804,38315.867,39752.07,40444.558999999994,40444.558999999994,38112.233158553776,40393.70367377021,38315.867,38315.867,39063.0
T000237,2007-06-30,40898.66,32671.932,38385.457,35182.723,34951.8,39512.0,37528.14678919634,37528.14678919634,39795.75953296832,39995.22731554145,39478.28611432992,40281.3574484736,40150.64518257274,40665.68007896734,40125.894723006335,40646.6780582933,39335.989735017014,39711.40367706191,37318.683,39642.0585,39166.33150225688,39273.039758367115,38022.10169681259,38022.10169681259,38385.457,40898.66,37318.683,37318.683,38361.57164475367,37319.06287257778,38385.457,38385.457,41877.0
T000237,2007-09-30,42061.645,33765.605,38366.758,35285.727,32287.428,39231.0,38235.153562849504,38235.153562849504,40440.171287797166,40733.426912889234,39877.213461762985,41194.785386031515,40879.77382493272,41711.77968343838,40864.91036339254,41724.185113365085,39996.7976932592,40373.784645357664,38064.66933333333,40214.201499999996,39435.66116002464,39587.700140234396,38726.456113324246,38726.456113324246,38366.758,42061.645,38064.66933333333,38064.66933333333,38060.45802106051,38041.61052188462,38366.758,38366.758,41330.0
T000238,2006-12-31,21006.604,18182.99,18579.111,16047.628,18074.807,17718.0,19310.81176087838,19310.81176087838,19941.31672976511,19913.942209858047,19897.054729856598,20116.506598868076,20508.127559559634,20439.692281732438,20425.520554252667,20137.61794442074,19810.845597182306,19846.834822905934,19256.235,19792.8575,19549.157984696467,19718.07761024881,19355.140106489875,19355.140106489875,18579.111,18579.111,19256.235,19256.235,19446.129538547968,19357.143256439194,18579.111,21006.604,20260.0
T000238,2007-03-31,20969.617,23910.057,18476.066,15869.641,16944.508,15552.0,20886.5259767479,20886.5259767479,19875.34066718195,19847.221219880237,19735.31133507023,20031.530345139618,20376.836444930534,20355.995030593305,20313.137106640075,20028.76094058362,20098.916919452153,19726.72774127391,21118.579999999998,19722.8415,19394.73518193875,19527.79658561647,20825.70585370867,20825.70585370867,18476.066,18476.066,21118.579999999998,21118.579999999998,19153.802572811644,20902.902231878736,18476.066,20969.617,18772.0
T000238,2007-06-30,21365.443,16591.078,18626.4,16217.732,13233.816,20188.0,19000.904687888287,19000.904687888287,20163.434326637816,20132.546498277527,19663.45170469646,20247.994920410107,20418.7392891809,20576.890714744964,20426.21326042933,20155.429292438817,19918.973696427027,19811.444313654592,18860.973666666665,19995.9215,19350.8005266346,19348.868091503038,19079.84416200504,19079.84416200504,18626.4,18626.4,18860.973666666665,18860.973666666665,18591.583987847764,19061.671307682624,18626.4,21365.443,16710.0
T000238,2007-09-30,22673.377,17967.795,18632.844,16270.384,13599.866,21066.0,19849.129373978896,19849.129373978896,20900.219108354588,20854.654548109247,20435.283615141332,21093.480333260795,21509.60292951336,21600.322309823194,21459.637689404488,21027.434256507266,20682.701866849224,20529.621448737067,19758.005333333334,20653.110500000003,19925.674244152953,20039.45316620456,19923.017351538234,19923.017351538234,18632.844,18632.844,19758.005333333334,19758.005333333334,19195.194691038414,19926.2781112969,18632.844,22673.377,24019.0
T000239,2006-12-31,233365.72,199314.2,223150.27,192770.73,231979.5,243854.0,221861.4394645553,221861.4394645553,228882.74565374193,229019.6759084363,229718.25674434734,230672.73269731153,232140.42560483716,229788.33010677173,231564.20457749174,229871.34418651235,226976.4306364559,228953.42717318423,218610.06333333335,218610.06333333335,228072.8315682439,232989.02646200176,220544.2772499193,220544.2772499193,223150.27,223150.27,218610.06333333335,218610.06333333335,229277.34510284572,219867.40421364276,223150.27,223150.27,263302.0
T000239,2007-03-31,233664.25,219490.92,222241.83,190646.06,235733.95,227877.0,226315.36142235546,226315.36142235546,228651.60583530975,228804.71459506347,229923.55371381374,230764.51941248376,232582.53630348502,229722.2197344129,231862.67921928898,229828.09830549706,227983.37775643225,228894.15178831664,225132.3333333333,225132.3333333333,228023.763899359,234054.66910186387,225659.75056673976,225659.75056673976,222241.83,222241.83,225132.3333333333,225132.3333333333,230112.84743398117,225475.93132135313,222241.83,222241.83,238367.0
T000239,2007-06-30,226767.12,186605.27,220256.39,194789.64,139581.34,193871.0,215175.93224769062,215175.93224769062,223909.9345049496,223997.2058358402,216390.39935834336,222393.8461496784,219111.22104032163,223103.44898324378,220545.37434644814,222845.06525844708,221564.81785857337,220056.43946350034,211209.59333333332,211209.59333333332,216771.1776376541,207176.1124470691,213705.3337651433,213705.3337651433,220256.39,220256.39,211209.59333333332,211209.59333333332,199841.7526510299,212831.3775351218,220256.39,220256.39,199701.0
T000239,2007-09-30,240289.94,210153.44,221150.98,195616.33,148188.86,218454.0,226502.5117693835,226502.5117693835,231890.94957921002,232147.49262600538,225105.5471190637,232489.05674191966,230864.2954622805,232152.60670483796,231652.95951702466,231985.29568590014,230380.1855764045,227980.2008733678,223864.78666666668,223864.78666666668,223505.2995554047,219515.38113496994,225185.5862198729,225185.5862198729,221150.98,221150.98,223864.78666666668,223864.78666666668,207408.34823173526,224724.4307479295,221150.98,221150.98,238865.0
T000240,2006-12-31,30328.54,19881.64,32848.24,4046.2812,38765.883,37862.0,28996.809870990277,28996.809870990277,31434.29162721823,34356.521051072086,31983.514563182052,35336.28961424256,31275.659439980358,33589.83340661058,31248.810484420785,33805.37236248296,30750.68945545794,32744.448677321667,27686.14,11963.9606,32255.278915428924,32059.745417641763,28036.642272650322,28036.642272650322,32848.24,30328.54,27686.14,27686.14,33878.94570655798,33878.94570655798,32848.24,30328.54,40116.0
T000240,2007-03-31,34972.47,3209.1855,36097.95,1576.3535,47950.53,53138.0,28348.907400503645,28348.907400503645,35466.37853728681,39934.77903934017,36570.9360006842,41645.565248585786,36129.15109479703,38090.22569672856,35924.93036842253,38901.82375873588,33502.07190457694,37576.720159104145,24759.868499999997,2392.7695,36539.78593204117,37723.43841297881,25745.340752742224,25745.340752742224,36097.95,34972.47,24759.868499999997,24759.868499999997,39517.61973289017,39517.61973289017,36097.95,34972.47,50517.0
T000240,2007-06-30,29952.89,25350.91,32971.285,5543.0586,4104.045,24303.0,30118.025695535667,30118.025695535667,31277.490223374756,22428.274057201932,28580.69518623211,18631.181205524375,28223.146058969593,27374.4906500194,28941.50110696701,24839.846659059796,30943.022136456435,26892.36753802439,29425.028333333332,15446.9843,29501.80883511323,23334.513921487953,29602.851445183624,29602.851445183624,32971.285,29952.89,29425.028333333332,29425.028333333332,22652.031043055547,22652.031043055547,32971.285,29952.89,24564.0
T000240,2007-09-30,30271.57,29164.984,33702.83,6288.371,4695.8594,19539.0,31377.022279274817,31377.022279274817,31777.35296162592,23025.92555496081,29067.04651506869,19236.007564024287,28608.642490183374,28027.460488755,29345.754178393847,25441.965137916115,31649.672692921056,27423.187130039536,31046.461333333333,17726.6775,30051.065134604305,23725.241276208813,31122.425350210826,31122.425350210826,33702.83,30271.57,31046.461333333333,31046.461333333333,23195.984234816893,23195.984234816893,33702.83,30271.57,17990.0
T000241,2006-12-31,10311.038,7889.037,11231.69,6855.326,11450.626,13080.0,10011.914650629928,10011.914650629928,10715.059291067078,11177.449266968863,10734.428061083776,11293.58222514542,10502.294889714898,11360.63534858548,10533.046823789298,11199.55690662783,10550.696311977357,10866.871625424044,9810.588333333333,9810.588333333333,10865.913152768822,10639.94972698501,9885.0321772532,9885.0321772532,11231.69,11231.69,9810.588333333333,9810.588333333333,11021.725537661867,10193.888680725051,11231.69,11450.626,12678.0
T000241,2007-03-31,10597.83,6533.8857,11350.424,6451.5786,11923.288,12834.0,9816.447010685593,9816.447010685593,10928.100286198625,11522.775393526808,10980.683833792991,11701.489402036466,10785.552511838012,11789.708063974529,10802.46911455601,11522.912918054262,10666.147711222606,11103.64120138227,9494.046566666666,9494.046566666666,11081.643039646257,10998.220604242826,9606.586632481174,9606.586632481174,11350.424,11350.424,9494.046566666666,9494.046566666666,11322.623208847263,9946.428972095973,11350.424,11923.288,12129.0
T000241,2007-06-30,9905.999,8337.716,11070.56,7170.0947,9219.547,10407.0,9912.844568551514,9912.844568551514,10417.057943820648,9831.307250358108,10243.019252436825,9525.596494411764,9978.409912622745,9429.945146843413,10061.726095097403,9956.160672938848,10300.702078071827,10331.188558534128,9771.425,9771.425,10444.585315179202,9611.535607118272,9828.505394299804,9828.505394299804,11070.56,11070.56,9771.425,9771.425,10027.91440218153,9501.176167639396,11070.56,9219.547,8660.0
T000241,2007-09-30,10167.506,8888.27,11162.06,7277.542,9070.227,8256.0,10188.8350321392,10188.8350321392,10603.958634780489,9822.582747371205,10407.646711430287,9452.804119759066,10188.63606180845,9327.775843395282,10270.456417729432,9952.47790476606,10508.26854067263,10463.885414601962,10072.612,10072.612,10588.252024702519,9745.396151376131,10119.869006374089,10119.869006374089,11162.06,11162.06,10072.612,10072.612,10085.010224016201,9660.355574054385,11162.06,9070.227,6728.0
T000242,2006-12-31,5007.3174,4331.2046,5188.2246,3573.65,5258.7725,5841.0,4902.687171542483,4902.687171542483,5086.7071808372,5108.466333153996,5093.081424142322,5148.124699913256,5047.092045260082,5162.239498068927,5052.560189640921,5145.581031727414,5042.1536316117335,5095.339400797065,4842.248866666667,5151.438166666667,5118.462164284505,5104.87738539026,4898.012430187489,4898.012430187489,5188.2246,5188.2246,4842.248866666667,4842.248866666667,5157.288084430793,5157.288084430793,5188.2246,5258.7725,6494.0
T000242,2007-03-31,5298.2275,3773.603,5290.6636,3436.335,5716.091,6062.0,4913.5782878331065,4913.5782878331065,5294.908138674002,5293.99836807223,5334.609394581093,5335.136791489087,5330.689637955705,5399.716793444723,5321.519419176636,5371.191168823054,5201.6979246310375,5311.183735507142,4787.498033333333,5434.9940333333325,5326.452738101682,5350.88343289293,4896.538322403029,4896.538322403029,5290.6636,5290.6636,4787.498033333333,4787.498033333333,5448.346868773049,5448.346868773049,5290.6636,5716.091,5873.0
T000242,2007-06-30,4946.2754,4280.447,5140.121,3659.0842,4183.4243,4407.0,4848.852214862717,4848.852214862717,5031.343101563319,5054.6584584774755,4941.860103457725,4994.023272911911,4906.660944546419,4852.102481080709,4934.067343284191,4904.67121823714,4987.193209205119,5000.502514456641,4788.9478,4756.6069,4986.154497383564,4914.094520708718,4844.493974521506,4844.493974521506,5140.121,5140.121,4788.9478,4788.9478,4730.108534115975,4730.108534115975,5140.121,4183.4243,4350.0
T000242,2007-09-30,5064.6797,4718.508,5186.374,3703.5193,4078.2297,4410.0,5021.512595083224,5021.512595083224,5118.0843395397005,5132.721483941835,5014.554133420286,5043.950078820966,4999.378771713571,4877.640249747538,5027.178199248036,4945.264658813519,5094.765059714975,5079.012037231783,4989.8539,4776.4277999999995,5050.768387818731,4977.257410423605,5019.573755163993,5019.573755163993,5186.374,5186.374,4989.8539,4989.8539,4743.682206908015,4743.682206908015,5186.374,4078.2297,4652.0
T000243,2006-12-31,5909.1943,5821.5303,5963.4414,4920.7383,5173.8154,5349.0,5905.803049566307,5905.803049566307,5933.00023685632,5950.786449413477,5859.265441287405,5879.062773213559,5856.533198587109,5922.312387554081,5875.09645142003,5914.827875149662,5926.685671188996,5855.694800341987,5898.055333333334,5682.150366666667,5880.305588041803,5803.134684730008,5907.158799998258,5907.158799998258,5963.4414,5963.4414,5898.055333333334,5898.055333333334,5715.599950813192,5715.599950813192,5963.4414,5963.4414,4188.0
T000243,2007-03-31,6386.773,6298.39,6153.847,4860.1924,5834.9927,6987.0,6281.2800940544585,6281.2800940544585,6284.555155208385,6208.184780642954,6255.073598161562,6088.953004596178,6317.396917157291,6171.049425087034,6315.115957906614,6169.8927210768015,6283.212435152684,6226.604975816083,6279.67,6125.204233333334,6226.171619039779,6010.616593265618,6272.792259235582,6272.792259235582,6153.847,6153.847,6279.67,6279.67,6123.910067939376,6123.910067939376,6153.847,6153.847,7327.0
T000243,2007-06-30,6292.0312,5380.8315,5992.528,4972.7515,6781.639,5636.0,5950.380694881435,5950.380694881435,6160.596445562143,6062.397139484055,6234.565050794878,6004.026277417816,6298.347716445177,6066.174969288664,6270.385693965953,6075.450335187421,6110.041148576747,6212.118340815669,5888.463566666666,6355.3994,6177.54056247791,5901.104951458077,5934.891226683292,5934.891226683292,5992.528,5992.528,5888.463566666666,5888.463566666666,6307.724475486752,6307.724475486752,5992.528,5992.528,6130.0
T000243,2007-09-30,6622.449,5158.173,6012.9585,5024.5986,5685.787,6174.0,6027.928873951862,6027.928873951862,6354.978621721217,6155.142545975821,6325.153831199268,5958.347053624586,6481.316195675157,6079.765342764127,6464.761532663739,6081.290747957608,6275.976592439035,6256.649477175928,5931.193499999999,6107.064833333333,6241.12641124327,5983.529493356653,5998.645267852609,5998.645267852609,6012.9585,6012.9585,5931.193499999999,5931.193499999999,6084.217978478407,6084.217978478407,6012.9585,6012.9585,5407.0
T000244,2006-12-31,51481.49,38216.176,55153.17,20673.895,60157.33,62132.0,50003.015330036375,50003.015330036375,53092.77949264778,55813.615063473946,53555.450156344355,57376.69642400426,52573.33013114758,55442.61843428032,52609.745444481865,55342.039137952146,52216.504230623206,54249.9808450641,48283.611999999994,48283.611999999994,54011.40536444386,54989.95986731041,48840.59648702042,48840.59648702042,55153.17,51481.49,48283.611999999994,48283.611999999994,55618.63495550104,55618.63495550104,55153.17,60157.33,63476.0
T000244,2007-03-31,56853.902,19905.02,58891.91,17741.842,71112.58,79021.0,49454.54962268947,49454.54962268947,57748.26667130364,62176.258275786764,58886.11837484622,65275.32027117493,58212.18802848044,60686.39556673712,58035.29423215282,61039.263301347295,55450.54284896102,59775.43381208321,45216.943999999996,45216.943999999996,58982.790623620895,62160.44860722798,46645.46916057922,46645.46916057922,58891.91,56853.902,45216.943999999996,45216.943999999996,62366.54299826586,62366.54299826586,58891.91,71112.58,75846.0
T000244,2007-06-30,50696.06,43450.72,55198.906,22482.08,25858.893,44753.0,50889.227273485005,50889.227273485005,52672.10051736837,45047.00896684086,49929.48955368425,38580.485410043875,49208.913813212625,49415.70101805813,49994.08972687943,47756.9096603026,52149.86964510144,48888.46591901869,49781.895333333334,49781.895333333334,51076.286522669354,45296.2685882377,50123.58977899159,50123.58977899159,55198.906,50696.06,49781.895333333334,49781.895333333334,43686.404494889866,43686.404494889866,55198.906,25858.893,43704.0
T000244,2007-09-30,51321.418,48126.324,56089.582,23334.94,24756.043,38379.0,52521.508849902995,52521.508849902995,53413.89135073357,45257.70967124816,50484.97862089946,38347.60269294271,49725.5557557114,49919.811485898594,50562.52210673753,48151.822166659666,53134.9951958662,49368.49073357519,51845.774666666664,51845.774666666664,51703.73262651065,45458.50254571744,52038.211507058346,52038.211507058346,56089.582,51321.418,51845.774666666664,51845.774666666664,43808.56622948439,43808.56622948439,56089.582,24756.043,34777.0
T000245,2006-12-31,5950.2705,2965.7449,5928.7393,-1886.31,8261.809,6983.0,5214.206222568346,6648.915271048924,5940.821692826145,6862.98341087203,6158.522864401102,5686.355025565756,6132.061272593042,6325.622511265224,6082.536627481122,6676.589090985759,5758.475679738551,6553.381314555902,4948.251566666666,539.7174500000001,6116.7190066356725,5959.831712369381,5037.1092323691755,6681.315195259351,5928.7393,5950.2705,4948.251566666666,6713.606266666666,6693.668687465215,6693.668687465215,5928.7393,5950.2705,8140.0
T000245,2007-03-31,7342.6,-1388.9238,6823.0693,-2485.7056,9722.392,11394.0,5022.686090003472,7895.223694796626,7114.607811678047,8055.558816872138,7385.712960193112,6590.788896066545,7475.478629995499,7366.717279584682,7395.02818859542,7834.956971843872,6589.11064780722,7765.585429433195,4258.915166666667,-1937.3147,7261.445365803474,7221.12941555693,4515.0818547368945,7929.179320156003,6823.0693,7342.6,4258.915166666667,7962.6871,7943.995015468583,7943.995015468583,6823.0693,7342.6,12520.0
T000245,2007-06-30,5844.9795,4309.0146,5973.7603,-1535.3208,-4303.181,3117.0,5517.172368646771,2789.253296916215,5901.4939974221,1853.5832497956462,4942.502863076726,-130.4359914374254,5050.616508385065,4222.055248421775,5270.069740717629,2673.872025063504,5805.208044404917,3210.8228319884947,5375.918133333334,1386.8469000000002,5131.625335851462,2686.0300348896635,5422.810758202777,2646.969275200361,5973.7603,5844.9795,5375.918133333334,2505.186266666667,2592.590284242572,2592.590284242572,5973.7603,5844.9795,2962.0
T000245,2007-09-30,6035.2104,5421.614,6171.659,-1300.7827,-2504.2964,3222.0,5935.2537656902205,3473.277324129613,6095.089854491269,2689.3173870231494,5285.462595074144,824.597397024093,5369.831976231182,4690.003745900005,5556.161729918905,3381.19727810795,6055.140286087708,3829.7873137824563,5876.161133333333,2060.41565,5449.1922853373235,3293.042350210886,5895.600696689609,3353.5138857526817,6171.659,6035.2104,5876.161133333333,3234.191,3307.636453503752,3307.636453503752,6171.659,6035.2104,3022.0
T000246,2006-12-31,2834.8662,2013.606,3295.195,424.4724,4288.274,4160.0,2800.9737375826653,2800.9737375826653,3036.878074292739,3692.4614409897463,3129.003750182242,3746.0414261867886,3000.884936653072,3939.721021511985,2997.81724223674,3733.9102462389023,2978.5576680871627,3401.619960799877,2714.5557333333336,424.4724,3180.110933175708,3280.7506525867175,2734.5032363107566,2734.5032363107566,3295.195,2834.8662,2714.5557333333336,2714.5557333333336,3504.6401722565197,3504.6401722565197,3295.195,4288.274,4672.0
T000246,2007-03-31,3086.0984,491.27515,3541.2031,190.61523,4970.424,5062.0,2616.1217113144216,2616.1217113144216,3285.81771681536,4180.887109785323,3418.6416271604685,4272.2766223611925,3285.874554255106,4488.21957082575,3273.5027643976673,4209.069992330733,3119.0054244504413,3764.1545199632187,2372.8588833333333,190.61523,3461.7580633814546,3661.7530037731094,2429.239393107438,2429.239393107438,3541.2031,3086.0984,2372.8588833333333,2372.8588833333333,3909.6306962936715,3909.6306962936715,3541.2031,4970.424,4612.0
T000246,2007-06-30,2604.3872,2407.3186,3261.0706,568.99963,814.14844,2325.0,2794.6064419630766,2794.6064419630766,2892.5678318677615,1432.5338552678368,2663.5142302052973,1121.960390854467,2533.4414548372133,1505.2173714690357,2609.7108734494714,1865.100214195088,2869.0328094461956,2396.2038263606582,2757.5921333333335,568.99963,2800.4164652174004,2108.123279487747,2766.0107236736667,2766.0107236736667,3261.0706,2604.3872,2757.5921333333335,2757.5921333333335,2166.4454012117626,2166.4454012117626,3261.0706,814.14844,2097.0
T000246,2007-09-30,2767.5515,2531.0432,3336.5015,637.0635,674.1836,1770.0,2916.256545620156,2916.256545620156,3017.2309810119505,1366.9817424339258,2768.1816894613776,1033.2675701696044,2662.8832281628306,1439.718188356146,2740.282652061653,1843.2451568062284,2992.813717600441,2444.476354375318,2878.3653999999997,637.0635,2895.7762250048795,2184.6179773859994,2887.0115766731597,2887.0115766731597,3336.5015,2767.5515,2878.3653999999997,2878.3653999999997,2192.536004623206,2192.536004623206,3336.5015,674.1836,2183.0
T000247,2006-12-31,730.95135,551.60956,587.4263,496.60547,613.2725,489.0,637.1614358933981,637.1614358933981,667.9664479941748,646.0484890427758,670.5428552689172,647.7567883374835,705.9132308992598,622.4969638038613,699.867242593528,633.5279047524875,659.4934354715498,658.5169834799754,623.32907,623.32907,649.0515475096297,616.3325521842023,626.2606034450056,626.2606034450056,587.4263,587.4263,623.32907,623.32907,647.363002289629,617.3558192129949,587.4263,551.60956,828.0
T000247,2007-03-31,769.9391,617.0087,626.6861,484.35333,717.26013,800.0,683.0881082556444,683.0881082556444,707.073585115731,701.8666799205544,715.6888146850616,702.0761245739092,750.1086580268161,671.8965096188992,742.7220317597677,684.5631827463733,700.2128095952473,705.2668479339811,671.2112999999999,671.2112999999999,693.1653064806289,637.5615392298798,673.0429341410797,673.0429341410797,626.6861,626.6861,671.2112999999999,671.2112999999999,697.9603615332893,666.0005429191515,626.6861,617.0087,863.0
T000247,2007-06-30,725.71124,596.3726,592.2089,505.31485,499.24478,457.0,648.1904579413492,648.1904579413492,667.1247298232165,616.6274691019044,658.6045635473871,620.9179837729473,693.1007698103496,606.3951445896917,689.9192626181587,613.663401056331,661.5380079569056,644.5625522841528,638.09758,638.09758,640.5520772707096,618.2564448859828,639.2512142391616,639.2512142391616,592.2089,592.2089,638.09758,638.09758,627.2759971184123,633.6213100489997,592.2089,596.3726,663.0
T000247,2007-09-30,756.4828,671.3237,595.99536,511.735,509.74396,660.0,681.5295499433162,681.5295499433162,686.0540791490703,631.912776024961,678.1912250913205,636.4816912344273,719.3123753481667,617.0674639356876,714.9554393974219,626.4571159812555,683.6434993972356,661.9333836982659,674.6006199999999,674.6006199999999,656.06731927291,634.3328449260855,673.035649294542,673.035649294542,595.99536,595.99536,674.6006199999999,674.6006199999999,642.65916263027,671.2457017630325,595.99536,671.3237,551.0
T000248,2006-12-31,983.88446,764.45026,954.3406,499.4648,733.25684,1118.0,916.7103567665459,916.7103567665459,970.9193565077956,921.5429163459219,950.326097809183,926.4888532209039,960.6948143663451,944.0827701777782,964.176052240054,943.0821637442866,958.000924968929,939.778637121181,900.8917733333333,843.7987200000002,949.6522925654098,925.8018441687015,912.2172825908056,912.2172825908056,954.3406,954.3406,900.8917733333333,900.8917733333333,875.6793191165581,875.6793191165581,954.3406,733.25684,788.0
T000248,2007-03-31,1089.3513,672.6782,1000.1058,466.10062,884.37585,1280.0,950.6707844373082,950.6707844373082,1050.186575291938,1007.5167335148662,1039.491485125764,1004.213374824599,1063.2828184241696,1011.424978447347,1062.2744686512597,1015.0167729118469,1026.2353248442446,1026.7930881301513,920.7117666666667,942.2408250000001,1028.311051821821,1024.3255257687697,940.8888993143075,940.8888993143075,1000.1058,1000.1058,920.7117666666667,920.7117666666667,980.3373008702786,980.3373008702786,1000.1058,884.37585,1266.0
T000248,2007-06-30,988.567,682.5129,946.7459,523.3073,835.9872,600.0,894.6699932681422,894.6699932681422,970.2141209362003,939.3164968763991,959.9283483138769,939.6363738340281,971.848109075084,947.7187872795018,972.5554826530952,948.7247312308209,952.2069840477798,952.0158192708432,872.6085999999999,891.3665500000001,955.6254015621279,946.789475930874,888.3801159801458,888.3801159801458,946.7459,946.7459,872.6085999999999,872.6085999999999,915.1782820468543,915.1782820468543,946.7459,835.9872,989.0
T000248,2007-09-30,1025.1665,955.1049,959.13617,535.9795,631.5213,840.0,984.719713648486,984.719713648486,996.1895801907939,917.9472534040032,965.698854074468,923.4994170627734,986.6019004415971,948.9684940307759,990.9069375908557,948.7269046184301,993.0534964016608,947.9045371113245,979.8025233333333,795.3287350000003,961.4349684257292,928.6552039895828,981.1504116263949,981.1504116263949,959.13617,959.13617,979.8025233333333,979.8025233333333,849.0274710003424,849.0274710003424,959.13617,631.5213,695.0
T000249,2006-12-31,10509.479,6327.4434,10753.221,-865.0571,14059.21,12750.0,9563.037365607213,11697.74984848977,10616.443366044143,12105.92490565356,10924.613471358292,10774.422979748273,10818.85669054361,11435.1724452216,10759.201625925472,11843.923631875134,10356.148654355802,11484.387153225915,9196.714466666666,2731.19315,10905.62508027193,10807.128677542267,9313.842919451248,11696.747210921745,10753.221,10509.479,9196.714466666666,11773.969999999998,11773.610383639603,11773.610383639603,10753.221,10509.479,14428.0
T000249,2007-03-31,12230.9375,401.88086,11993.423,-1741.3545,16179.691,18536.0,9216.845511836835,13383.66348975846,12126.706026069405,13788.012430466482,12517.559630131356,12171.863528279056,12519.57984929423,12933.562284523616,12423.086631642918,13481.921742486411,11406.642324649145,13119.625035019135,8208.74712,-669.73682,12413.36324360679,12493.706594731704,8532.68101237997,13379.427414662834,11993.423,12230.9375,8208.74712,13468.017166666667,13470.620792706803,13470.620792706803,11993.423,12230.9375,19261.0
T000249,2007-06-30,10116.9,8006.25,10777.302,-358.99023,-4262.797,6499.0,9834.63297307364,5851.156864719434,10406.71251185386,4358.7008911197645,9002.705710545042,752.5168617629051,9043.465164485304,7426.702392947032,9382.736861529289,5467.468417936885,10265.957041304855,6801.94115769667,9633.483999999999,3823.629885,9348.741940490412,5981.381800417885,9696.86996817889,5865.328047597837,10777.302,10116.9,9633.483999999999,5543.801666666666,5535.528104768585,5535.528104768585,10777.302,10116.9,6711.0
T000249,2007-09-30,10498.387,9600.574,11069.581,-25.615234,-2224.0771,6492.0,10483.864600599865,6719.907909588064,10749.051243742226,5398.1746613868745,9508.090666744756,2014.6100780355587,9547.234055372555,8109.806082672553,9846.62941945485,6378.781895298262,10684.1076232397,7560.428793167522,10389.514,4787.479383,9812.107725020907,6774.441059796854,10418.784186254092,6732.365531319737,11069.581,10498.387,10389.514,6447.963633333334,6440.720928471898,6440.720928471898,11069.581,10498.387,6451.0
T000250,2006-12-31,2482.4575,1946.6819,2186.2954,1193.969,1832.5023,2323.0,2243.2871406406243,2243.2871406406243,2352.48896247753,2108.080928030437,2319.820273839654,2162.061866317892,2398.3593691388483,2185.4863476873234,2394.3815712986657,2184.2149289113977,2324.8599579398424,2210.2545018766596,2205.144933333333,1988.4932,2282.2167122904557,2215.7470321066326,2222.793044269676,2222.793044269676,2186.2954,2186.2954,2205.144933333333,2205.144933333333,2156.8015909474825,2156.8015909474825,2186.2954,1832.5023,3048.0
T000250,2007-03-31,2657.3242,1767.1006,2277.8223,1123.1593,2110.0176,2753.0,2299.6312731369585,2299.6312731369585,2490.782610343529,2271.0652729675035,2475.56249891534,2273.6133444507377,2572.307896026118,2277.9891863965645,2561.250506522516,2279.1514524463987,2442.908821525102,2368.1872958770036,2234.0823666666665,2051.6468333333332,2422.6476623786593,2354.204653168552,2267.0546415555937,2267.0546415555937,2277.8223,2277.8223,2234.0823666666665,2234.0823666666665,2338.481857337538,2338.481857337538,2277.8223,2110.0176,3449.0
T000250,2007-06-30,2431.0723,1835.4384,2187.5112,1248.7122,1437.5249,1637.0,2195.3982520543805,2195.3982520543805,2324.187320577028,1972.935111609162,2254.4931810524404,2124.4287617635227,2325.3437298999206,2184.910981225975,2331.653837954271,2179.377951847533,2291.9748545104144,2111.3021146556853,2151.3406333333332,1820.1581666666666,2231.171529627483,2149.611150546181,2173.737505408244,2173.737505408244,2187.5112,2187.5112,2151.3406333333332,2151.3406333333332,2004.9873494316612,2004.9873494316612,2187.5112,1437.5249,1984.0
T000250,2007-09-30,2561.319,2267.7024,2203.9268,1272.2646,1350.8206,2121.0,2361.453005252508,2361.453005252508,2404.4800879449526,1970.0452738064666,2325.2956363356902,2134.6194234655686,2425.884801766516,2201.1541352168006,2429.9800947258245,2195.4536852358706,2392.746288482765,2143.792882423305,2344.3160666666668,1940.8165999999999,2286.976592769254,2181.7938267973973,2347.665041000627,2347.665041000627,2203.9268,2203.9268,2344.3160666666668,2344.3160666666668,2021.397303059362,2021.397303059362,2203.9268,1350.8206,2317.0
T000251,2006-12-31,644.9163,523.03735,607.1763,364.26874,516.6893,851.0,604.2314008746481,604.2314008746481,628.3543813544406,577.8322426135164,619.9552770544691,584.0094247802934,630.5827812664388,576.773360177289,631.023595939139,587.8442211242423,621.551746996638,593.3068121278676,591.7099833333332,589.5939666666666,615.9154851328299,578.2522944013825,593.9914594427815,593.9914594427815,607.1763,607.1763,591.7099833333332,591.7099833333332,591.8777304039976,591.6931044004463,607.1763,644.9163,806.0
T000251,2007-03-31,624.3562,527.4999,575.1543,349.63965,510.3628,499.0,585.719136659477,585.719136659477,602.7643116850305,555.8720330883875,596.77578134558,561.0345601479557,609.9056532289261,557.1301220063995,609.3703728121251,564.2452429663609,597.6938405243195,572.088074186082,575.6701333333333,569.9577666666667,590.628273841237,555.1631315331575,576.9097893831754,576.9097893831754,575.1543,575.1543,575.6701333333333,575.6701333333333,571.8635917973052,575.7051053449502,575.1543,624.3562,643.0
T000251,2007-06-30,609.0944,419.61963,562.41455,375.7211,285.40155,369.0,549.7807930609837,549.7807930609837,588.6092945922916,467.21416335184676,562.8175067093097,483.8289821247147,578.2141285837899,457.71287297621643,582.2053463330996,494.1255073001626,577.8243771418231,498.6430242017601,530.3761933333333,485.6368333333333,560.5552766120807,480.42505578368497,534.2809439321478,534.2809439321478,562.41455,562.41455,530.3761933333333,530.3761933333333,491.7882182806295,530.3197500959884,562.41455,609.0944,570.0
T000251,2007-09-30,669.2081,634.558,574.0338,380.72382,382.20242,567.0,629.9253524352841,629.9253524352841,627.4415654544764,513.0070260149788,609.6529921147206,526.6082320381819,635.9579273229008,512.1409426413964,636.310591258782,535.0558199203657,626.9825242481851,549.3247751790066,625.9332999999999,541.8147733333333,598.8629833852524,526.3625923095618,624.0612802310319,624.0612802310319,574.0338,574.0338,625.9332999999999,625.9332999999999,546.8413481326814,626.1411962580399,574.0338,669.2081,650.0
T000252,2006-12-31,152.0881,135.92891,243.13615,135.5859,251.49951,324.0,172.042190150954,172.042190150954,192.0438603851834,221.34139933724506,192.7195290114347,231.3684915025202,169.94391534616184,240.0148007035795,173.26250377353963,232.8314059062331,189.46426688055362,217.32051869360635,177.0510533333333,135.8735178809282,205.94287443485868,183.24931173720282,182.23494865382224,182.23494865382224,243.13615,243.13615,177.0510533333333,177.0510533333333,222.08854661086917,212.4506735745391,243.13615,251.49951,404.0
T000252,2007-03-31,164.46031,148.39748,232.46245,124.70579,278.69812,189.0,178.31434319943293,178.31434319943293,194.30254397996657,229.43928878530696,198.5382011515077,232.15482906123486,180.98209639623798,233.4647502140541,182.62598777085117,229.33877014806447,192.1313778038397,224.39497419743896,181.77341333333334,144.57154806363678,207.75211309188123,179.2756316392141,185.83803263361062,185.83803263361062,232.46245,232.46245,181.77341333333334,181.77341333333334,231.67631371114024,222.25053506343318,232.46245,278.69812,166.0
T000252,2007-06-30,176.2155,150.3935,233.05905,142.53482,179.00053,287.0,184.53961963362644,184.53961963362644,201.16086965089522,194.8019228024087,196.05185883406978,210.38274999692925,182.64099668602256,225.39129214353392,185.95023490247453,217.55452021884713,198.58711606779613,200.3184635704338,186.55601666666666,149.12441473045362,205.28940989803039,184.8623188592989,190.5522175335,190.5522175335,233.05905,233.05905,186.55601666666666,186.55601666666666,197.78046340349445,188.2777048590554,233.05905,179.00053,297.0
T000252,2007-09-30,175.8883,145.90756,234.30603,145.02222,144.31964,132.0,183.5381763648414,183.5381763648414,201.52448684998018,181.98740947357797,193.06158087536608,202.8230779557182,179.7489293581932,223.30864605232622,183.86849151013692,213.70638456963502,198.66862689341158,191.0036859697532,185.36729666666665,145.76458790385405,203.1252473815623,184.76573393848977,189.64045881304554,189.64045881304554,234.30603,234.30603,185.36729666666665,185.36729666666665,185.1923119923382,175.18690115430925,234.30603,144.31964,111.0
T000253,2006-12-31,1493.1423,1100.0452,1389.167,524.54456,990.03613,1188.0,1356.9314778108494,1356.9314778108494,1447.5135119833694,1214.7306710468044,1410.3939197538452,1216.7587292105818,1441.7167420391884,1281.4508528762467,1446.0587449197283,1322.4547711355901,1425.262934526131,1295.8158303132354,1327.4515,1242.8533008542738,1401.745933609836,1319.4726422420931,1343.7338550869197,1343.7338550869197,1389.167,1389.167,1327.4515,1327.4515,1304.287359091845,1304.287359091845,1389.167,1493.1423,1548.0
T000253,2007-03-31,1617.8643,1546.2478,1463.7189,487.05142,833.7162,1790.0,1546.1136366446567,1546.1136366446567,1550.218736290747,1188.3822460884612,1491.6163587426454,1202.519780110049,1538.5751967554831,1296.2516746132571,1545.8113973027457,1358.2542457940629,1548.5265050157327,1313.721831292545,1542.6103333333335,1227.7604713567878,1479.4296628085654,1396.3268602210583,1539.2266786923306,1539.2266786923306,1463.7189,1463.7189,1542.6103333333335,1542.6103333333335,1325.932074034682,1325.932074034682,1463.7189,1617.8643,1896.0
T000253,2007-06-30,1549.8127,1017.11847,1402.6847,558.0172,699.91174,1317.0,1363.0681966668142,1363.0681966668142,1485.246670151461,1095.5445000200514,1419.8467306948614,1118.213956989016,1466.0514723317235,1217.4859950284322,1475.0758496519743,1284.630749487183,1455.2032354874468,1228.7705684815228,1323.2052899999999,1126.9976495477429,1409.8952192838362,1289.7369107821376,1344.9773043513846,1344.9773043513846,1402.6847,1402.6847,1323.2052899999999,1323.2052899999999,1239.5001956975716,1239.5001956975716,1402.6847,1549.8127,1333.0
T000253,2007-09-30,1643.2761,1079.6565,1412.4904,571.26447,574.4888,1380.0,1419.613908006866,1419.613908006866,1541.9975099640046,1046.2498164016824,1464.0768222544543,1077.9585758412982,1532.9480547695607,1192.7485575662492,1541.5854640032726,1272.6284965167351,1511.5219208958365,1219.8080549099714,1378.474333333333,1111.567845226136,1444.0878906391713,1287.8463084083835,1397.9823309589967,1397.9823309589967,1412.4904,1412.4904,1378.474333333333,1378.474333333333,1239.0484125674764,1239.0484125674764,1412.4904,1643.2761,1804.0
T000254,2006-12-31,4745.0,3742.1028,4405.963,2623.462,3486.1997,4686.0,4372.323264543859,4372.323264543859,4596.2161311119635,3986.9078677169964,4510.791448193187,4171.885096854831,4607.721200747398,4361.160995192968,4613.912056543489,4337.80608004756,4540.7373346059585,4372.219080209055,4297.6885999999995,4297.6885999999995,4476.270226552066,4269.3128993029995,4341.242887449679,4341.242887449679,4405.963,4405.963,4297.6885999999995,4297.6885999999995,4223.100240905001,4223.100240905001,4405.963,4405.963,5806.0
T000254,2007-03-31,5002.796,4000.4333,4533.394,2521.8137,3642.3687,5231.0,4583.801341045653,4583.801341045653,4796.802419288213,4127.4322433621755,4714.208825729353,4312.141322214297,4843.194021647219,4491.919195691094,4843.783427839443,4471.625789042133,4743.633346909475,4554.58943832755,4512.207766666666,4512.207766666666,4660.079717653318,4423.53667084865,4551.122386474068,4551.122386474068,4533.394,4533.394,4512.207766666666,4512.207766666666,4403.33015665619,4403.33015665619,4533.394,4533.394,6154.0
T000254,2007-06-30,4706.301,3435.1077,4400.589,2704.6382,2760.3035,3610.0,4278.118295767373,4278.118295767373,4572.141559804684,3653.2553575461297,4419.453540807756,3971.45192320174,4517.915985678663,4316.602890452726,4540.424979134019,4270.007419000067,4499.654762565933,4226.141062726787,4180.6659,4180.6659,4401.757409166596,4109.127171370017,4240.257724536039,4240.257724536039,4400.589,4400.589,4180.6659,4180.6659,3974.6253351627156,3974.6253351627156,4400.589,4400.589,4184.0
T000254,2007-09-30,4925.367,4152.249,4428.8877,2741.9343,2587.8271,4200.0,4554.297061540662,4554.297061540662,4707.490747328981,3590.0785267333295,4536.289561785202,3953.219036506768,4684.971693440672,4336.718240619658,4704.352504368839,4286.956096034101,4668.8297011254745,4291.70801200186,4502.1679,4502.1679,4493.922688903543,4126.252959804251,4527.428706710057,4527.428706710057,4428.8877,4428.8877,4502.1679,4502.1679,4002.008823498725,4002.008823498725,4428.8877,4428.8877,4882.0
T000255,2006-12-31,722.5756,573.63135,632.30585,406.30078,707.45667,626.0,655.5325995597073,655.5325995597073,682.9613907881562,682.8129721190803,690.0767373510731,681.2373973460425,711.5195886577866,634.2917414960649,706.4876542953598,638.1112948114719,675.419236123048,681.946768404278,642.8376,642.8376,675.5843173748449,685.4343725511904,645.9646140521179,645.9646140521179,632.30585,632.30585,642.8376,642.8376,682.5390436607101,645.9183001064844,632.30585,722.5756,862.0
T000255,2007-03-31,757.7052,511.92938,645.0721,385.55557,790.7095,704.0,659.2553920999593,659.2553920999593,708.2770007684909,732.4756399261511,721.9944771526551,731.5358476470708,748.0421259646099,648.6400972758945,740.680918279357,654.9482442330701,695.1971175595236,720.7040756405223,638.23556,638.23556,703.0525841333595,732.0867964943163,644.3942156405649,644.3942156405649,645.0721,645.0721,638.23556,638.23556,708.1549910915887,641.976123683986,645.0721,757.7052,827.0
T000255,2007-06-30,679.35034,710.2495,633.71643,425.54114,566.6547,605.0,671.6783144831426,671.6783144831426,659.3242375914473,609.8633492980712,653.1197933013425,606.9886085314557,665.3925683235614,632.5124708680934,665.0415646701588,631.3195783724262,662.013039483154,631.0780385200696,674.4387566666666,674.4387566666666,647.5335138886843,618.6006597580797,672.0204194268667,672.0204194268667,633.71643,633.71643,674.4387566666666,674.4387566666666,658.2905232423565,676.179258412476,633.71643,679.35034,674.0
T000255,2007-09-30,732.23114,728.51886,636.34656,436.8961,554.05896,612.0,699.1641123115874,699.1641123115874,690.152904352845,613.7850273189881,682.5856300495079,608.904391440972,707.5732887850787,635.0488601604752,705.6121753308861,634.2854958098179,691.6003802078201,646.2783161163594,699.0321866666666,699.0321866666666,669.8769445867538,628.0075568528308,696.5356026651882,696.5356026651882,636.34656,636.34656,699.0321866666666,699.0321866666666,688.4385789046057,702.5709196842944,636.34656,732.23114,764.0
T000256,2006-12-31,283.8804,252.01596,260.62277,114.43588,216.68597,336.0,268.83720037083214,268.83720037083214,273.67396184556117,229.39885080736923,269.60136784167184,225.87025689433256,275.98936392541634,221.3076831753555,276.0141600429074,229.77940479185543,272.12934601798565,256.0353911858879,265.50637666666665,216.68597,266.91591599503124,240.74355482382555,265.36290067313547,265.36290067313547,260.62277,260.62277,265.50637666666665,265.50637666666665,255.57436993753623,263.33010150478515,260.62277,252.01596,266.0
T000256,2007-03-31,270.3211,270.6905,254.00763,104.41134,257.99847,256.0,265.9157160249921,265.9157160249921,263.1620548763441,258.14847517478813,263.5531501765467,258.40486632255016,267.5590858048702,258.2608634614295,266.8499001217304,258.37942888212444,263.4696074417558,258.33141045912095,265.00640999999996,257.99847,261.09294342355275,258.8863073362196,264.5010477878386,264.5010477878386,254.00763,254.00763,265.00640999999996,265.00640999999996,260.15683489504715,264.77697643019,254.00763,270.6905,143.0
T000256,2007-06-30,251.66718,242.90166,248.52495,123.40268,169.63043,167.0,248.42809957005835,248.42809957005835,250.28823570679288,193.26483945486288,242.93095355824957,183.52179365890487,244.78908261868452,178.35113451248253,246.31530680469584,194.11234305333699,249.80646616467237,232.09858121836987,247.69792999999999,169.63043,243.77658837620507,214.7291089996961,247.75800284138361,247.75800284138361,248.52495,248.52495,247.69792999999999,247.69792999999999,227.5325188794832,247.1492596222124,248.52495,242.90166,112.0
T000256,2007-09-30,292.63696,292.97668,251.96187,126.81363,166.74724,246.0,281.4955614791487,281.4955614791487,274.7869989114784,196.13872329464544,266.8831821844677,184.26154836603038,278.16931057332766,178.1867425837865,278.3874661855881,197.84041392812355,275.51824288610453,242.12481647436485,279.19183666666663,166.74724,262.32531799021405,224.55896030737102,277.9421503676798,277.9421503676798,251.96187,251.96187,279.19183666666663,279.19183666666663,240.80161317271615,278.58659276879166,251.96187,292.97668,190.0
T000257,2006-12-31,69.99586,48.190456,62.839237,22.21392,56.276592,48.0,60.130542927497146,60.130542927497146,66.85522915996452,57.67611775593427,66.25115621571217,57.79574141719219,68.12192266241574,55.612710221821956,67.98433422115272,54.99889610040778,65.6452335118876,61.69204415090816,60.34185099999999,69.99585999771055,65.30957786475703,62.21421342692702,60.47151987518453,60.47151987518453,62.839237,62.839237,60.34185099999999,60.34185099999999,62.96017750028416,58.082271023100354,62.839237,56.276592,44.0
T000257,2007-03-31,80.82005,68.516,64.41351,19.729994,46.765236,71.0,71.88427678649056,71.88427678649056,73.62016179822163,64.18998834853495,71.99242522550225,62.54405771787769,76.31666056503711,61.51115415681372,76.05558120776321,58.87140045295105,73.15343131573078,60.783874874308125,71.24985333333333,80.82004999870814,69.87698136251433,61.79221297552216,70.85335298898845,70.85335298898845,64.41351,64.41351,71.24985333333333,71.24985333333333,63.74797479798582,65.15279136785898,64.41351,46.765236,74.0
T000257,2007-06-30,83.00614,27.654379,64.41987,24.673487,53.59246,75.0,57.84930416486503,57.84930416486503,74.84969348001059,53.72374895691742,73.86085155621856,54.379807533144486,78.63458472884949,48.79739955281458,78.14750453671721,46.983196482194515,71.7855180755101,63.8275271998189,58.360129666666666,83.00613999418842,71.31254061521446,65.63428191018363,58.67335312218927,58.67335312218927,64.41987,64.41987,58.360129666666666,58.360129666666666,66.98508258148902,54.60386122321952,64.41987,53.59246,106.0
T000257,2007-09-30,82.479294,38.037525,63.79322,25.533518,29.234894,63.0,61.25584913471597,61.25584913471597,74.27904923601213,48.07089127195241,71.07621713366541,46.668365594529405,76.198456080904,42.41022982389778,76.20288641091615,40.86719822989291,71.88456121463477,54.107510295593,61.43667966666666,82.47929399533389,68.9063285847475,54.20782547702157,61.54526342796011,61.54526342796011,63.79322,63.79322,61.43667966666666,61.43667966666666,57.79947638281552,49.60357099482145,63.79322,29.234894,158.0
T000258,2006-12-31,267.7612,252.11873,209.51512,59.74662,166.93546,207.0,247.73787311370404,246.03478995224123,242.20034047740478,164.63902132904224,238.29457853851963,165.74693618733522,253.37256939233833,165.1370897213956,252.02666741826312,184.65639355785046,242.26000530850226,206.28555773025545,243.13168333333329,188.22529,230.451872963722,180.57995110350453,241.37386419094858,215.86929529989536,209.51512,209.51512,243.13168333333329,214.73725999999996,209.69363652092795,209.69363652092795,209.51512,166.93546,148.0
T000258,2007-03-31,286.47037,224.97638,208.134,49.476456,227.43657,207.0,248.21566302613635,257.2500671697847,252.09303595314157,215.16799605312423,253.98400190098823,217.5430693718697,273.2183877971194,214.41389419680016,269.81002106202266,223.30081431312215,249.69642987779707,238.14497664259162,239.86024999999998,217.785285,242.16792806216898,183.28042011243164,239.07597995720255,239.6906235894554,208.134,208.134,239.86024999999998,240.6803133333333,237.34820981582737,237.34820981582737,208.134,227.43657,166.0
T000258,2007-06-30,276.8547,240.98254,208.47878,66.596054,129.8616,176.0,248.44764800402706,251.34975142126734,246.84843544368638,133.531660036485,239.59199874241574,135.55431467310652,257.68278602032194,134.76525567831533,256.7004591585159,157.6048803531225,245.84650605535688,191.8409699186582,242.10534,169.17019,230.8595864227353,185.66796361063302,240.7255664932118,207.33335155970124,208.47878,208.47878,242.10534,205.06502666666665,197.85370632121453,197.85370632121453,208.47878,129.8616,107.0
T000258,2007-09-30,288.46136,272.65073,208.43329,69.40439,147.19193,243.0,262.5404601907312,258.61003499837346,253.3416359750628,148.37622048857213,247.71976208286804,151.30686247477283,268.4737413457882,149.27069661962878,266.68167839846194,172.99665935219036,253.7714573192033,202.76733412260683,256.5151266666667,177.81261,236.98951759991414,190.6231223313921,253.87807278622756,216.34074910035798,208.43329,208.43329,256.5151266666667,214.69552666666667,207.6423376177696,207.6423376177696,208.43329,147.19193,212.0
T000259,2006-12-31,1318.6476,1148.0414,1161.2896,681.80597,1144.6901,1217.0,1221.3764430435874,1221.3764430435874,1249.5922106457888,1151.2941340264126,1248.2243129330288,1160.535206878458,1287.6165771974688,1167.1976617780294,1281.925849202335,1171.304727999639,1241.8956296433123,1217.4670831275441,1209.3262,1152.98985,1225.4059862881186,1205.6900181374735,1211.2344168628417,1211.2344168628417,1161.2896,1161.2896,1209.3262,1209.3262,1211.5549101977226,1211.5549101977226,1161.2896,1318.6476,1320.0
T000259,2007-03-31,1361.0853,1082.8983,1170.4475,644.88885,1312.386,1238.0,1224.6342516016484,1224.6342516016484,1277.4253176372968,1302.4568235191568,1290.887331553279,1305.635104170371,1336.4005307615216,1272.6432621003657,1326.1237949811382,1262.538692790975,1263.7235767821662,1278.0434731703604,1204.8103666666666,1241.4167499999999,1260.5590263572112,1282.7017869678107,1209.8785996285062,1209.8785996285062,1170.4475,1170.4475,1204.8103666666666,1204.8103666666666,1284.0083008857314,1284.0083008857314,1170.4475,1361.0853,1210.0
T000259,2007-06-30,1252.7985,1229.3932,1157.6127,711.6406,863.84985,1023.0,1214.7259872198192,1214.7259872198192,1211.026918764905,899.2370843905463,1183.7281077548032,918.8638615827331,1211.426144036704,994.7894714663807,1213.9060003864693,1023.676980102923,1211.2565205967398,1122.3705379991907,1213.2681333333333,1010.7312749999999,1174.6247628025355,1082.109917583986,1211.3461695415144,1211.3461695415144,1157.6127,1157.6127,1213.2681333333333,1213.2681333333333,1095.8102925806807,1095.8102925806807,1157.6127,1252.7985,999.0
T000259,2007-09-30,1332.4294,1346.9989,1159.7987,723.9627,858.10815,1164.0,1278.2194900155027,1278.2194900155027,1256.6716997051944,896.7188470853239,1228.7222339835257,920.881720325568,1275.804164783258,1000.0250172603639,1275.4782388702797,1030.9113407475077,1260.5789182546653,1152.2637123367858,1279.7423333333331,1008.953425,1208.3846751434583,1106.2351708026135,1274.0584665283754,1274.0584665283754,1159.7987,1159.7987,1279.7423333333331,1279.7423333333331,1122.8133407258586,1122.8133407258586,1159.7987,1332.4294,1324.0
T000260,2006-12-31,39455.367,25406.898,41594.273,3624.9395,49618.594,47794.0,37200.312261711995,37200.312261711995,40394.010009075224,44009.10995915714,41140.22455268511,39869.84025064676,40498.414857952484,42857.76133686511,40412.98325987798,43383.30441489766,39496.55948700465,42178.69629607558,35485.51266666666,35485.51266666666,41321.21083684376,40566.80886025031,35910.513888583104,35910.513888583104,41594.273,39455.367,35485.51266666666,35485.51266666666,43443.99096990762,35629.79506753347,41594.273,39455.367,52166.0
T000260,2007-03-31,45662.508,4111.336,45840.656,481.4961,60526.48,67989.0,36499.8118242194,36499.8118242194,45740.68692641413,51007.15364627096,47110.676015196346,46262.12043429153,46866.036294223246,48601.942842302,46566.331332665344,49935.51914144106,43193.681333392095,48463.32642059149,31871.5,31871.5,46893.57032741472,47544.70685751109,33063.53066087008,33063.53066087008,45840.656,45662.508,31871.5,31871.5,50516.0710906553,32306.377125246945,45840.656,45662.508,67313.0
T000260,2007-06-30,38836.523,32219.11,41762.703,5513.2773,1062.5469,29662.0,38552.275580859205,38552.275580859205,40120.655355650844,26760.64230812369,36319.95003079398,16584.17049855888,36146.74151333459,33699.22752573197,37108.54918489871,29663.110225245306,39664.40675349573,33072.737035264334,37606.112,37606.112,37423.52616661091,28787.84427007343,37826.58883642542,37826.58883642542,41762.703,38836.523,37606.112,37606.112,27624.457559503146,37671.53693249295,41762.703,38836.523,30184.0
T000260,2007-09-30,39453.625,37609.11,42723.727,6539.176,3557.3555,25494.0,40369.62804543366,40369.62804543366,40888.6849705003,28196.219830280283,37230.68717127108,18301.143975278897,36950.95843251036,34909.555883738256,37893.94609133262,30980.3502981566,40718.6411990844,34172.45061518674,39928.82066666667,39928.82066666667,38359.33103367851,29860.110113387283,40016.22356221243,40016.22356221243,42723.727,39453.625,39928.82066666667,39928.82066666667,28961.453783298253,39943.81013318203,42723.727,39453.625,24093.0
T000261,2006-12-31,14031.9,10707.754,15392.245,7870.003,15759.023,18427.0,13713.946208730056,13713.946208730056,14628.877297824416,15605.314001410281,14661.534476266757,15654.939607154318,14317.946820604462,15657.332638761996,14362.482126738294,15462.826286169275,14401.602321627928,14916.934617469418,13377.299666666666,9288.8785,14855.0984802069,14367.170221021684,13461.410645462705,13461.410645462705,15392.245,15392.245,13377.299666666666,13377.299666666666,15074.793513834704,13587.325228184323,15392.245,15759.023,18422.0
T000261,2007-03-31,14550.763,7832.587,15712.313,7232.7715,17175.037,18651.0,13328.188287187073,13328.188287187073,15060.50058883809,16783.522687490953,15195.638474263806,16966.5404924242,14886.582651153638,16943.367277104775,14900.615094090927,16523.294987165194,14628.904597749393,15512.636465096559,12698.554333333333,7532.67925,15341.875259911878,15250.574180116218,12851.787591945105,12851.787591945105,15712.313,15712.313,12698.554333333333,12698.554333333333,15854.106977556283,13344.584683365198,15712.313,17175.037,17527.0
T000261,2007-06-30,13320.979,11417.907,15144.356,8324.406,12517.899,13268.0,13520.52374564625,13520.52374564625,14121.15445135623,13017.832511607654,13874.009353335721,12702.859780413823,13455.999225441537,12774.465818334356,13580.777586437061,13202.688268996733,13972.794636546185,13948.024608305506,13294.413999999997,9871.156500000001,14185.104938074237,12648.674628506647,13353.591981942747,13353.591981942747,15144.356,15144.356,13294.413999999997,13294.413999999997,13599.005983261333,12430.03552859131,15144.356,12517.899,11439.0
T000261,2007-09-30,13782.597,12367.012,15331.526,8491.66,11894.994,10839.0,14001.39029240099,14001.39029240099,14462.332985313928,12592.59297252449,14139.922942307945,12177.550860787642,13801.270553423028,12264.820785697444,13932.428254746206,12894.919948190382,14348.612268525394,14099.07037449321,13827.045,10429.336,14424.159314036086,12777.856550654975,13873.097028768774,13873.097028768774,15331.526,15331.526,13827.045,13827.045,13585.862089537151,12661.614093128757,15331.526,11894.994,9751.0
T000262,2006-12-31,5948.86,5088.273,6071.5493,4389.5005,6037.8657,6702.0,5772.048802373385,5772.048802373385,6002.701287898268,6014.92427952533,5999.417593149027,6031.261250598098,5969.340057905745,6013.057152397823,5974.750251243153,6020.97877969244,5947.87049950009,6005.035675661093,5702.8940999999995,6019.424999999999,6017.980939349003,6004.857884639856,5767.3553452035685,5767.3553452035685,6071.5493,6071.5493,5702.8940999999995,5702.8940999999995,6020.341535410732,6020.341535410732,6071.5493,6037.8657,7770.0
T000262,2007-03-31,6279.9683,4614.0825,6208.6084,4237.8486,6622.6084,7122.0,5828.602434528251,5828.602434528251,6248.652537987407,6241.543267169105,6287.360929704499,6254.548865595364,6299.475635631157,6292.0853821642495,6288.096339469098,6292.212196679654,6147.908144038179,6260.14607612559,5700.886399999999,6370.395033333332,6270.0310886774005,6292.492800122467,5813.4297417735925,5813.4297417735925,6208.6084,6208.6084,5700.886399999999,5700.886399999999,6378.813408094949,6378.813408094949,6208.6084,6622.6084,6976.0
T000262,2007-06-30,5894.0596,5062.2153,6034.2427,4486.2744,5032.7456,5226.0,5730.780846225666,5730.780846225666,5955.577912074253,5969.543733523684,5861.9766883559305,5933.254066029789,5840.744971591034,5846.655430661364,5867.027676329089,5844.14708563489,5902.201289775974,5926.866700652142,5663.505866666666,5653.682633333333,5899.13782927237,5847.936424124967,5726.669696419495,5726.669696419495,6034.2427,6034.2427,5663.505866666666,5663.505866666666,5632.873453487167,5632.873453487167,6034.2427,5032.7456,5416.0
T000262,2007-09-30,6018.3076,5588.092,6084.0127,4529.276,4876.768,5265.0,5931.462246179262,5931.462246179262,6047.141795039702,6053.687703176396,5934.429823425138,5994.572489956355,5934.541606757104,5903.569516448402,5962.261487409665,5893.537252514308,6019.655008991156,6009.643231257852,5896.804099999999,5659.6961,5964.068770136245,5912.329196497078,5929.202102265197,5929.202102265197,6084.0127,6084.0127,5896.804099999999,5896.804099999999,5633.196838922242,5633.196838922242,6084.0127,4876.768,5472.0
T000263,2006-12-31,8609.426,7991.2676,8502.864,6587.771,7126.2915,7862.0,8406.255135506348,8406.255135506348,8562.662057903866,8438.75770656979,8434.349705368428,8342.227350702422,8479.647631080927,8439.631449766433,8504.292704612984,8435.76675501638,8526.677696956047,8378.635347543088,8367.852533333331,8079.527166666667,8441.512050983243,8312.380588473436,8409.94998638552,8409.94998638552,8502.864,8502.864,8367.852533333331,8367.852533333331,8115.339010568949,8115.339010568949,8502.864,8502.864,6672.0
T000263,2007-03-31,9319.195,8758.615,8827.377,6492.076,7773.4355,10264.0,8993.326868379483,8993.326868379483,9103.364324207161,8856.436513740331,9005.596339167536,8681.365343382724,9142.382807078424,8820.929317294931,9145.51277753224,8821.909427369616,9077.634109826842,8914.365490428774,8968.395666666667,8640.002499999999,8950.876020192798,8734.402070336604,8979.96420581626,8979.96420581626,8827.377,8827.377,8968.395666666667,8968.395666666667,8657.595018475804,8657.595018475804,8827.377,8827.377,10655.0
T000263,2007-06-30,9013.226,7339.739,8546.295,6677.6035,7908.6953,7729.0,8399.24956589272,8399.24956589272,8808.316799282202,8596.141942340295,8749.365085641895,8445.884305277292,8874.278797736191,8559.722988820793,8869.673209127144,8561.942470886834,8714.016218022309,8674.115537188703,8299.753333333332,8489.405433333333,8691.400973601543,8511.877612199265,8401.705377425347,8401.705377425347,8546.295,8546.295,8299.753333333332,8299.753333333332,8495.9908562972,8495.9908562972,8546.295,8546.295,8559.0
T000263,2007-09-30,9442.375,7501.221,8596.106,6743.896,6642.211,8637.0,8621.016419806909,8621.016419806909,9070.99613592319,8637.501038795459,8889.669445464053,8391.044187202266,9126.951972482915,8577.451390973256,9135.267930249584,8578.639394727317,8966.933784642275,8728.29395090476,8513.234,8226.897333333332,8797.837682133139,8415.2985958276,8610.980328442172,8610.980328442172,8596.106,8596.106,8513.234,8513.234,8261.081080720116,8261.081080720116,8596.106,8596.106,8118.0
T000264,2006-12-31,67993.37,49498.902,71474.15,23663.895,78443.41,80785.0,65304.60331281656,65304.60331281656,69520.88444576284,73080.53636991905,70167.11919280628,69852.91192761803,69205.7116092861,72411.10853700514,69193.78495440251,72475.07173958176,68327.79818411898,71146.78085412411,62988.80733333333,36581.3985,70562.50950952021,70988.57397253373,63681.74595228364,63681.74595228364,71474.15,67993.37,62988.80733333333,62988.80733333333,72683.73581666192,72683.73581666192,71474.15,78443.41,85030.0
T000264,2007-03-31,75346.16,25410.246,76585.21,19774.043,92068.37,104026.0,64815.809233168955,64815.809233168955,75889.90788812349,81589.13450991317,77333.06953913455,78919.87384772795,76813.50013291753,79532.81789690345,76537.85490491717,80321.49976345862,72811.03182219356,78657.9930763825,59113.872,22592.144500000002,77258.45112798632,79996.92051966053,60879.86338534813,60879.86338534813,76585.21,75346.16,59113.872,59113.872,81460.95866372396,81460.95866372396,76585.21,92068.37,102471.0
T000264,2007-06-30,66644.11,56143.9,71527.0,26019.232,27078.639,55885.0,66282.68655607288,66282.68655607288,68786.9300035828,55296.8058103338,64634.266777015844,39760.116235618516,64025.16147648927,61939.60729372815,65140.27741842881,58835.168276523094,68058.78772826059,61937.424705303674,64771.67,41081.566,66087.08612874094,57232.93658784112,65202.4817460708,65202.4817460708,71527.0,66644.11,64771.67,64771.67,54685.648895556944,54685.648895556944,71527.0,27078.639,55598.0
T000264,2007-09-30,67823.37,63269.84,72762.164,27270.89,27389.014,50235.0,68797.52083060636,68797.52083060636,69990.72305869573,56204.382621799035,65751.7123651552,40450.09144092376,65141.305907338574,62981.38979533158,66277.86995213176,59816.90914098338,69625.67887817658,62992.76900475634,67951.79133333333,45270.365,67228.05380914964,58196.594736286424,68174.91545893118,68174.91545893118,72762.164,67823.37,67951.79133333333,67951.79133333333,55585.81043901477,55585.81043901477,72762.164,27389.014,47434.0
T000265,2006-12-31,25669.5,21648.31,28043.48,18136.422,31592.693,36011.0,25555.39258550244,25555.39258550244,26711.303487710255,29012.38385928589,27039.718333225,29702.965069573795,26400.43532722677,29734.145872410827,26417.43232281342,29082.175865894373,26423.64877525493,27313.57125357336,25120.43,25120.43,27329.327073678633,27327.673959154003,25494.399466765884,25494.399466765884,28043.48,28043.48,25120.43,25120.43,28008.90057154845,24914.157060926613,28043.48,21648.31,31150.0
T000265,2007-03-31,27684.838,14472.342,28617.947,17044.012,38216.66,35096.0,24798.169375940088,24798.169375940088,28094.325952979314,32368.490221908454,28988.817717543738,33878.72416672586,28625.65368250704,33518.66328008756,28461.097796699145,31976.29258431271,27269.117207589938,28948.81492538337,23591.708999999995,23591.708999999995,28966.7681350851,30803.396289679105,24517.604314761273,24517.604314761273,28617.947,28617.947,23591.708999999995,23591.708999999995,30679.560100224902,23136.56126660156,28617.947,14472.342,30468.0
T000265,2007-06-30,24269.36,24055.352,27248.236,19072.363,25485.4,18628.0,25306.640405189268,25306.640405189268,25576.617603794628,25910.594958101596,25408.72077244818,25838.43013851578,24691.33203354958,26159.681864974922,24842.415867241274,26316.148036133767,25511.485275649044,25864.229421749627,25190.982666666663,25190.982666666663,25875.088419405158,24384.118458230878,25336.691541755983,25336.691541755983,27248.236,27248.236,25190.982666666663,25190.982666666663,25632.342570891513,25087.536109350618,27248.236,24055.352,16880.0
T000265,2007-09-30,25838.62,27070.873,27731.598,19351.416,24653.848,20877.0,26832.056561400816,26832.056561400816,26669.339333169944,26077.505147887307,26380.00841157254,25736.05038711377,25950.829999466026,26029.035978090797,26087.698597888615,26435.351148057205,26711.718343232787,26704.699065092656,26880.363666666664,26880.363666666664,26708.793413832125,25012.767112185524,26881.335532245772,26881.335532245772,27731.598,27731.598,26880.363666666664,26880.363666666664,26209.574048617356,26858.628167102757,27731.598,27070.873,20563.0
T000266,2006-12-31,3368.995,2883.2412,3028.486,1965.1019,3770.401,3526.0,3126.663378038299,3126.663378038299,3219.5651548468263,3389.6470803918733,3289.1774782840303,3338.7010505232784,3363.8100505083194,3030.036341377712,3335.2599259928256,3034.1184601755117,3195.7732212611686,3257.413036205569,3093.5740666666666,3399.4435,3226.9168668570655,3043.9289517401685,3117.297711402088,3117.297711402088,3028.486,3028.486,3093.5740666666666,3093.5740666666666,3403.3175743145266,3403.3175743145266,3028.486,3770.401,3250.0
T000266,2007-03-31,3481.4512,2559.469,3101.2012,1857.3685,3873.517,3663.0,3116.238864114734,3116.238864114734,3314.5813122158465,3482.5297316364595,3387.0757157878934,3431.1386967620783,3471.185050933933,3102.8483833825057,3440.4756580739604,3107.187658518927,3264.7762281633295,3350.640698241197,3047.3738,3487.3590999999997,3318.4793167054763,3078.4524509762996,3105.996824881673,3105.996824881673,3101.2012,3101.2012,3047.3738,3047.3738,3499.0013511055768,3499.0013511055768,3101.2012,3873.517,2888.0
T000266,2007-06-30,3173.5,3093.8213,2993.16,2054.8948,2169.4727,1878.0,3089.4192449614807,3089.4192449614807,3094.3591306693115,2708.433078964797,3017.715998954637,2800.559854179932,3073.836238323354,2992.1601354023105,3084.110267259799,2989.5743670367706,3092.630830021697,2980.0345060387863,3086.8271,2581.31635,3004.8931941411765,2421.0264662226177,3084.35761665272,3084.35761665272,2993.16,2993.16,3086.8271,3086.8271,2741.7781756231225,2741.7781756231225,2993.16,2169.4727,1587.0
T000266,2007-09-30,3417.7192,3346.6155,3014.007,2094.208,2795.3286,3006.0,3256.2303850658673,3256.2303850658673,3240.5531000365713,3012.491442233084,3220.6142736414286,3059.6145380032076,3324.0793951880087,3014.201239619618,3313.155046714361,3014.7550385378095,3243.251284368474,3164.1239515451475,3259.4472333333333,2904.6678,3164.9890749514984,2738.2158497058363,3244.838092791326,3244.838092791326,3014.007,3014.007,3259.4472333333333,3259.4472333333333,3052.265605905601,3052.265605905601,3014.007,2795.3286,2626.0
T000267,2006-12-31,1771.6176,1599.2712,1629.1158,1512.5188,1664.7993,1777.0,1678.2060524923322,1678.2060524923322,1709.0817436553848,1671.3204275555079,1712.5747993723933,1663.0188897119854,1747.5563211057201,1634.7185011678835,1741.3442552038323,1641.0660485687683,1701.0191385652702,1700.5288587266718,1666.6681999999996,1646.95755,1691.0707189299126,1606.441585423381,1670.7198553053636,1670.7198553053636,1629.1158,1629.1158,1666.6681999999996,1666.6681999999996,1689.9841361424585,1669.460718685175,1629.1158,1771.6176,1644.0
T000267,2007-03-31,1836.6346,1493.8657,1654.0276,1482.2609,1851.3105,1836.0,1685.055635562504,1685.055635562504,1756.4988745598926,1689.41718955915,1775.1153159272546,1687.0118670177048,1817.8748368671784,1659.3976746194646,1806.7509980769644,1664.70816152184,1738.7029570499985,1740.8223070132076,1661.5093,1752.66905,1745.0488788635234,1608.5886488922667,1674.5179528589424,1674.5179528589424,1654.0276,1654.0276,1661.5093,1661.5093,1777.9115688183451,1667.9946995087098,1654.0276,1836.6346,1598.0
T000267,2007-06-30,1763.0824,1578.8582,1619.473,1532.3678,1677.3999,1261.0,1666.189366367701,1666.189366367701,1700.0604816232753,1660.3898995510817,1705.6301292264202,1652.735437155497,1740.583952047957,1624.9628464167445,1733.8651014297798,1631.115675944034,1691.2900258246857,1691.0334308854463,1653.8045333333332,1648.43645,1683.5950708885618,1600.6363881606144,1658.563334267047,1658.563334267047,1619.473,1619.473,1653.8045333333332,1653.8045333333332,1687.4648404386992,1656.8700264910958,1619.473,1763.0824,1253.0
T000267,2007-09-30,1793.6377,1815.6648,1625.3613,1543.5062,1728.4629,1635.0,1742.3043826991693,1742.3043826991693,1719.7908519139478,1709.7812278373294,1729.6036672841167,1684.748055334861,1770.0808857645252,1635.324790337716,1761.4727191177067,1648.0438443973062,1724.0785945763755,1718.4165997282846,1744.8879333333334,1676.9121,1703.2003165098997,1631.3259857292937,1735.2116295828034,1735.2116295828034,1625.3613,1625.3613,1744.8879333333334,1744.8879333333334,1715.6963606645331,1742.8077053687416,1625.3613,1793.6377,1196.0
T000268,2006-12-31,3301.6362,2582.476,2912.8438,2266.945,3353.6196,1842.0,2982.2222329990177,2982.2222329990177,3131.01754343371,3353.6196,3172.5889368115327,3328.553578511515,3263.34630514781,3325.8154189716333,3239.2294668717414,3078.0889869039747,3093.7790674024322,3124.043592774888,2932.3186666666666,3189.3665333333333,3108.230380840609,2999.1115856546994,2955.8184834264375,2955.8184834264375,2912.8438,2912.8438,2932.3186666666666,2932.3186666666666,3186.353241291432,3186.353241291432,2912.8438,3353.6196,2222.0
T000268,2007-03-31,3763.8552,3114.8257,3196.154,2180.42,3804.7998,4440.0,3399.173597123094,3399.173597123094,3514.7237455912446,3804.7998,3572.1630937191903,3768.5161215140183,3705.160674976508,3766.0498877721616,3670.6758240806303,3423.2541115908334,3484.9037757496817,3496.544677694701,3358.2783,3588.269666666666,3478.7680180740226,3314.128730240044,3361.0937189093347,3361.0937189093347,3196.154,3196.154,3358.2783,3358.2783,3582.5235566056535,3582.5235566056535,3196.154,3804.7998,3801.0
T000268,2007-06-30,3465.3252,2774.637,2961.197,2335.8013,2619.8828,2551.0,3112.483718040232,3112.483718040232,3244.0922843844123,2619.8828,3212.826886630498,2624.103760330035,3342.9578290456047,2638.173134077358,3330.740709342034,2823.4340277152573,3210.6114492521383,3026.2644949651612,3067.0530666666664,3015.4683333333332,3144.496299354524,2864.4133706416264,3078.533024679622,3078.533024679622,2961.197,2961.197,3067.0530666666664,3067.0530666666664,2976.409897013468,2976.409897013468,2961.197,2619.8828,2129.0
T000268,2007-09-30,3725.005,2490.8223,2985.5693,2400.1614,2352.96,3264.0,3151.3945160528233,3151.3945160528233,3400.5091360089496,2352.96,3342.336203590775,2368.5256791835595,3535.0073334552617,2388.5116916099823,3519.8426375789472,2735.230576985854,3337.8638133286267,3050.8208467610466,3067.1322,3021.1781,3244.2976577256713,2813.444442501384,3101.335657461682,3101.335657461682,2985.5693,2985.5693,3067.1322,3067.1322,2958.806398473607,2958.806398473607,2985.5693,2352.96,2747.0
T000269,2006-12-31,33974.53,28864.336,35481.055,25430.582,39327.914,43156.0,33265.28027891027,33265.28027891027,34635.65730491524,38652.49093148689,34992.83957133508,38352.27517301746,34565.40354775137,37685.47981656532,34542.906862962205,37102.344929072104,34296.4815979103,35105.26212011934,32773.307,27147.459,35150.21375923643,36166.653665914935,33225.4367090546,33225.4367090546,35481.055,35481.055,32773.307,32773.307,35849.10064247568,32714.771473485947,35481.055,33974.53,38266.0
T000269,2007-03-31,36556.246,21686.912,36556.125,24260.934,46905.348,45035.0,32881.71356838866,32881.71356838866,36556.19290004886,45125.08725807609,37521.78008707269,44642.11618877121,37380.657613636766,42641.41285740475,37164.631806952064,41262.4075336486,35645.847417988494,37353.635852853695,31599.761,22973.923000000003,37350.3420026453,40787.79791765407,32708.09952997129,32708.09952997129,36556.125,36556.125,31599.761,31599.761,39194.27954948094,31567.347129360365,36556.125,36556.246,38755.0
T000269,2007-06-30,32458.318,31554.678,34884.58,26448.348,34063.617,24318.0,33126.5438770768,33126.5438770768,33523.06505502947,34182.789307421124,33443.68047692584,34026.73179595357,32850.98929626228,34309.244934970746,32961.211605681725,34305.016354665175,33425.3634254675,33738.72245289767,32965.85866666667,29001.513,33813.34774950333,33120.75562412629,33147.91711796702,33147.91711796702,34884.58,34884.58,32965.85866666667,32965.85866666667,33688.79378312578,32887.55973144226,34884.58,32458.318,21849.0
T000269,2007-09-30,34310.02,34825.293,35378.906,26789.512,33266.824,28782.0,34830.1165899604,34830.1165899604,34779.092680799615,33620.42841820955,34580.806091170096,33633.36610735099,34343.57063787479,34096.213238700744,34428.665483483855,34327.58832573051,34791.96978749876,34739.22295264836,34838.073,30807.402499999997,34772.65548813585,33896.41831288767,34850.19693250529,34850.19693250529,35378.906,35378.906,34838.073,34838.073,34405.91026284694,34805.56982669193,35378.906,34310.02,27132.0
T000270,2006-12-31,4262.4756,4070.9736,4089.267,2427.0686,4692.825,4691.0,4152.669293370917,4152.669293370917,4186.464292583169,4163.6513564336,4242.9755780206115,4149.553051340477,4277.854701628977,4134.752943969761,4258.611190657047,4135.751006610163,4177.765256783253,4026.855853519088,4140.9054,4140.9054,4207.559039371106,4245.504567387043,4141.291352949175,4141.291352949175,4089.267,4089.267,4140.9054,4140.9054,4351.513631120843,4351.513631120843,4089.267,4089.267,3860.0
T000270,2007-03-31,4747.96,2306.042,4272.5273,2290.6304,5102.9727,5371.0,3964.3707487086203,3964.3707487086203,4539.319891392723,4438.943529026703,4617.347200415505,4333.673393346214,4724.354354867052,4308.090293929193,4688.779823867483,4262.253109556536,4398.12203070101,4260.811515909361,3775.509766666666,3775.509766666666,4533.819307688171,3913.622604906365,3810.0156530601244,3810.0156530601244,4272.5273,4272.5273,3775.509766666666,3775.509766666666,4704.044803790976,4704.044803790976,4272.5273,4272.5273,5360.0
T000270,2007-06-30,4058.9846,4749.5356,4064.0103,2545.2114,4652.668,2800.0,4234.53406929192,4234.53406929192,4061.190091111208,4075.3491110453683,4116.106337109714,4099.555247002931,4106.826781623741,4094.6080675076882,4094.7324417021923,4111.943438218475,4103.380023964964,3968.910322322699,4290.843499999999,4290.843499999999,4107.09360303724,4424.31396785619,4278.876450149932,4278.876450149932,4064.0103,4064.0103,4290.843499999999,4290.843499999999,4267.92218159444,4267.92218159444,4064.0103,4064.0103,2779.0
T000270,2007-09-30,4493.254,4512.493,4113.206,2601.255,5185.137,3594.0,4362.892563300645,4362.892563300645,4326.472758415274,4285.075866029467,4426.921159494862,4269.40775879952,4506.893779215431,4233.484794051441,4469.938215179645,4246.813968228145,4334.288681075419,4108.313481319186,4372.984333333334,4372.984333333334,4353.391700682056,4518.324987190664,4366.161468376467,4366.161468376467,4113.206,4113.206,4372.984333333334,4372.984333333334,4600.552944626593,4600.552944626593,4113.206,4113.206,3232.0
T000271,2006-12-31,1137.2915,1309.4025,1327.6099,1082.7603,1318.5631,1330.0,1247.237830564059,1252.915647338762,1220.8113160453902,1323.9816528015579,1219.748523131803,1324.0619629812343,1172.502317527426,1327.6067848238595,1179.992927188985,1327.5987500538079,1228.0243278678117,1250.4327944680922,1258.1012999999998,1318.5631,1247.828790222395,1325.6617280919256,1257.0125148575312,1261.0663768089455,1327.6099,1327.6099,1258.1012999999998,1261.1548333333333,1285.031093506688,1285.031093506688,1327.6099,1327.6099,1196.0
T000271,2007-03-31,1289.1796,873.801,1390.0386,1061.435,1894.6129,1687.0,1214.59299519968,1501.89476407238,1333.4408229113003,1592.3996879405781,1380.401914829561,1439.8784937145729,1348.4165906562037,1390.1061560597304,1341.7540881204543,1390.1664492709551,1306.2483946468178,1502.1533269065694,1184.3397333333332,1894.6129,1386.8460422382095,1485.2607619094156,1211.215280000065,1506.2762417079252,1390.0386,1390.0386,1184.3397333333332,1524.6103666666668,1540.1699924684863,1540.1699924684863,1390.0386,1390.0386,1683.0
T000271,2007-06-30,1209.3517,1336.2319,1335.7697,1100.8267,1712.4136,1240.0,1285.6758736924644,1399.9209787830569,1264.8293001943382,1486.823904247387,1299.8250560890706,1373.0826469680767,1263.223021821325,1335.8202063710582,1260.2114322537973,1335.8627769063205,1270.389246140251,1399.4544545195113,1293.7844333333333,1712.4136,1312.1391143393814,1410.2330579114569,1292.380771169038,1405.3816409175322,1335.7697,1335.7697,1293.7844333333333,1419.1783333333333,1437.2214135259956,1437.2214135259956,1335.7697,1335.7697,1214.0
T000271,2007-09-30,1276.8406,1257.7898,1347.8555,1117.9626,1166.4409,1140.0,1296.0276959612713,1267.0515750458067,1308.0049613254514,1275.0986120167936,1290.9972859949848,1326.2517535892516,1275.7962275057469,1347.828568175797,1282.3074911223869,1347.804587234271,1305.5982402756722,1265.5748504462238,1294.1619666666666,1166.4409,1304.4240459950956,1311.201410282722,1298.2682851187806,1270.0712426933912,1347.8555,1347.8555,1294.1619666666666,1263.7123333333334,1271.605576512012,1271.605576512012,1347.8555,1347.8555,1275.0
T000272,2006-12-31,233.11029,181.64192,254.16484,115.66881,541.9544,213.0,228.14760788713397,228.14760788713397,242.349922862185,231.54679405175148,269.1766182751935,236.78625743549742,260.0110643241874,251.93447446111554,254.81176278310883,242.95451073121245,238.83112059697655,226.97597695435425,222.97234999999998,303.92934999999994,267.4996762188807,190.50229623902763,225.67117526646348,225.67117526646348,254.16484,254.16484,222.97234999999998,222.97234999999998,328.15908100866517,300.798445417763,254.16484,254.16484,140.0
T000272,2007-03-31,240.57787,101.79727,288.19516,106.859375,472.61908,442.0,224.25606247814528,224.25606247814528,261.47436398786454,231.52439730028357,278.62647272296925,244.9553679057903,264.25934358371836,282.56380912212126,262.2367200115375,260.0508227804164,252.1460771688379,244.51232794791198,210.19009999999997,289.2245383333333,282.5598859436183,201.0115875496797,217.1863323754493,217.1863323754493,288.19516,288.19516,210.19009999999997,210.19009999999997,326.70698779543693,270.74015914968516,288.19516,288.19516,304.0
T000272,2007-06-30,234.51596,291.9381,260.93845,125.81231,-32.72464,236.0,256.0836034660893,256.0836034660893,246.11127345503726,262.63558476859134,218.68201235605792,260.58933147966565,216.11080332479435,261.34050100047597,223.25421282154662,262.0862300222681,249.1653338626303,232.04033164168084,262.46416999999997,118.00870666666664,227.42379474673302,197.70202996350193,260.9849071865266,260.9849071865266,260.93845,260.93845,262.46416999999997,262.46416999999997,172.9314737832318,198.8040642083127,260.93845,260.93845,277.0
T000272,2007-09-30,262.2136,107.11481,266.0855,130.95862,120.06064,180.0,228.1242497693184,228.1242497693184,263.9127545522984,226.02060220268248,250.284121264536,237.27477353525387,251.31204522394324,261.85456730597963,254.50859767689172,245.86189563906214,254.3494887658041,246.27930708014236,211.80463666666665,172.3682533333333,253.27104336803538,207.15511695537276,218.10918525225048,218.10918525225048,266.0855,266.0855,211.80463666666665,211.80463666666665,224.74218066296544,176.19044716441985,266.0855,266.0855,182.0
T000273,2006-12-31,1803.1292,1748.4358,1406.7614,945.15704,1112.996,1322.0,1655.4154443840712,1472.7714975469753,1629.1861354181415,1290.6268102994243,1602.2332184525578,1385.945818916317,1704.8944523623122,1402.1239698580835,1695.8191840996687,1402.6293263082239,1632.760730311365,1409.930015567735,1652.7754666666667,1652.7754666666667,1548.9295671283394,1371.714722621403,1638.4769907857583,1460.2362657357144,1406.7614,1406.7614,1652.7754666666667,1440.9622,1434.377354042954,1434.377354042954,1406.7614,1406.7614,1600.0
T000273,2007-03-31,1819.0862,2025.981,1453.7877,915.94305,1529.462,1737.0,1750.900631346284,1616.2007172766002,1658.7776669224995,1483.7041019363014,1666.257929863396,1452.6250580390783,1756.1473504173691,1457.573308154462,1740.5527096526291,1460.0947783596093,1677.8248505224901,1549.0879365761386,1766.2849666666666,1766.2849666666666,1611.3946441337414,1452.9214038058478,1737.2312083817503,1601.1970144474003,1453.7877,1453.7877,1766.2849666666666,1600.7786333333333,1592.103691286328,1592.103691286328,1453.7877,1453.7877,1712.0
T000273,2007-06-30,1733.4707,1569.4109,1405.9562,977.1262,1305.8698,724.0,1580.0252083027713,1502.327927871957,1589.7433946412016,1366.3889364672364,1580.781684054538,1396.16637969941,1663.6639894278974,1405.4431634521231,1653.1876574897076,1406.7072583916881,1585.4196174273284,1446.615407430676,1569.6126,1569.6126,1534.3746663013724,1389.9413508349633,1565.1323033775968,1490.549098401577,1405.9562,1405.9562,1569.6126,1481.7655666666667,1475.2513550437056,1475.2513550437056,1405.9562,1405.9562,1028.0
T000273,2007-09-30,2025.7488,1687.8607,1404.697,992.6888,1152.8525,1878.0,1727.7021801990509,1569.2465131254185,1753.2048311002068,1305.1350445217622,1730.421369506014,1386.690146662654,1888.433920160924,1402.2804003821195,1869.863381381388,1404.309195813837,1743.365760675445,1465.2487674350357,1706.1021666666666,1706.1021666666666,1643.4495703830305,1368.6979063429205,1699.2592824339329,1547.5290258764705,1404.697,1404.697,1706.1021666666666,1527.7660999999998,1515.8803502451399,1515.8803502451399,1404.697,1404.697,1311.0
T000274,2006-12-31,7363.295,7392.241,7058.2764,5629.838,7193.346,7556.0,7263.230119286282,7263.230119286282,7229.43985324371,7176.2646598874,7242.392447357712,7135.003876366127,7316.468318499832,7129.130825128907,7301.946613613108,7120.408883420544,7236.53957955709,7153.899453808886,7271.270799999999,7271.270799999999,7195.391815619299,7138.821110762631,7265.300383033014,7265.300383033014,7058.2764,7058.2764,7271.270799999999,7271.270799999999,7184.355245882618,7184.355245882618,7058.2764,7058.2764,6796.0
T000274,2007-03-31,7986.2974,5332.7524,7412.1157,5503.65,8534.275,9237.0,7088.154108546258,7088.154108546258,7734.322026307129,7693.130191828572,7839.679857039153,7597.957145183706,7967.286624760434,7461.651328674011,7921.834484150861,7411.488740613028,7581.892476522529,7707.9893511853,6910.3885,6910.3885,7736.828098275259,7750.893603283663,6938.424491667207,6938.424491667207,7412.1157,7412.1157,6910.3885,6910.3885,7935.530842266968,7935.530842266968,7412.1157,7412.1157,9059.0
T000274,2007-06-30,7091.965,7975.2803,7065.5063,5750.593,7945.4175,5000.0,7314.143924229815,7314.143924229815,7080.353796055451,7134.668997662759,7162.480304724067,7113.582102239125,7157.064714530814,7098.923347957399,7137.683055181016,7109.142200342935,7134.895285703818,7189.7089217907305,7377.583866666667,7377.583866666667,7144.022832671923,7259.713793366327,7364.291539122374,7364.291539122374,7065.5063,7065.5063,7377.583866666667,7377.583866666667,7362.619058221659,7362.619058221659,7065.5063,7065.5063,5298.0
T000274,2007-09-30,7788.4053,7620.124,7128.695,5837.4326,7948.5825,6792.0,7511.464113336537,7511.464113336537,7498.896335552794,7419.706864422293,7576.150368014795,7319.823385450347,7729.167581375862,7274.794124626138,7686.743415008568,7253.052834550541,7500.11635194591,7405.970796597659,7512.4081,7512.4081,7465.753457796009,7416.707689872956,7502.843556690733,7502.843556690733,7128.695,7128.695,7512.4081,7512.4081,7575.343622201103,7575.343622201103,7128.695,7128.695,6000.0
T000275,2006-12-31,3107.9028,2935.1504,3304.4,1978.6516,4365.796,4047.0,3135.2780783519383,3135.2780783519383,3194.1341365257076,3638.4070843729014,3292.9370256917746,3532.777664970926,3229.553216536854,3309.393841225501,3214.9373405134124,3314.083008711154,3180.1256006085705,3340.6182711414313,3115.8177333333333,2673.9016,3304.193690629465,3487.517932110522,3137.810785315847,3137.810785315847,3304.4,3304.4,3115.8177333333333,3115.8177333333333,3739.146278403613,3686.404729832184,3304.4,4365.796,3898.0
T000275,2007-03-31,3290.594,1049.0437,3416.6045,1832.3002,5292.879,4276.0,2777.5853964114767,2777.5853964114767,3345.892771846483,4054.066053854947,3520.8051891962396,3870.03141365545,3463.851185550858,3426.4738333716377,3429.521906720612,3436.0868267511887,3206.4570389187306,3564.66372622383,2585.4140666666663,2057.312633333333,3508.220172010812,3845.159509886189,2751.820770102626,2751.820770102626,3416.6045,3416.6045,2585.4140666666663,2585.4140666666663,4244.730118209136,3619.8144671237487,3416.6045,5292.879,4318.0
T000275,2007-06-30,2786.1873,3633.715,3248.7808,2112.2588,4320.735,2451.0,3162.936975077624,3162.936975077624,2989.193021064244,3529.9956615485744,3088.675185034931,3420.1042793530696,2958.916920145659,3252.581438846275,2954.2897374119607,3255.7375584604706,3033.0015252878493,3185.077147829535,3222.8943666666664,2844.0537,3138.808270184515,3308.598581863007,3185.021190704697,3185.021190704697,3248.7808,3248.7808,3222.8943666666664,3222.8943666666664,3616.7209488178005,3843.2169829006325,3248.7808,4320.735,2005.0
T000275,2007-09-30,3110.7256,3463.8928,3301.1387,2163.3643,3993.36,2400.0,3266.876091644523,3266.876091644523,3194.2869744369045,3505.7444988446387,3258.6526941922198,3436.098173589752,3201.8183538124636,3304.102621385663,3194.67490350698,3306.788449113779,3212.5831646654274,3301.1217436281145,3291.919033333333,2912.6609,3275.1313390810265,3391.071784922846,3276.021778217325,3276.021778217325,3301.1387,3301.1387,3291.919033333333,3291.919033333333,3567.9051281559077,3661.3742734092357,3301.1387,3993.36,1785.0
T000276,2006-12-31,1602.5586,1579.1007,1653.7031,1549.9589,1931.2148,1962.0,1613.7114576648194,1613.7114576648194,1625.0029838942187,1834.4022820522237,1650.8361697285943,1826.9580094014627,1634.3215100936254,1752.659846343322,1630.491174086057,1727.975161210633,1622.6735095664849,1643.8743456177165,1611.7874666666667,1729.1588333333334,1653.7453549675733,1751.0126772964086,1615.0293966737004,1615.0293966737004,1653.7031,1653.7031,1611.7874666666667,1611.7874666666667,1837.6294763802794,1817.3813035334879,1653.7031,1931.2148,1712.0
T000276,2007-03-31,1641.3933,1269.1263,1608.0642,1517.2168,1924.4375,1369.0,1532.3789324178795,1532.3789324178795,1626.7670720527367,1814.0677542038866,1656.323143099995,1809.387200252242,1660.303640042101,1726.0370319818758,1652.4212166408622,1700.4068992431835,1604.5578480583717,1639.9833562464587,1506.1945999999998,1724.6316666666667,1646.19160965269,1722.0315601808034,1526.2413655921614,1526.2413655921614,1608.0642,1608.0642,1506.1945999999998,1506.1945999999998,1817.7468715863552,1796.5935617424764,1608.0642,1924.4375,1688.0
T000276,2007-06-30,1593.1857,1488.3376,1596.038,1571.6343,1850.7067,1552.0,1566.6248430673672,1566.6248430673672,1594.437410666474,1761.8631734406263,1618.1948341534126,1756.8626712776343,1614.0114914872981,1689.330849610597,1608.8051782323926,1667.886135767347,1587.968459537031,1607.7636831964098,1559.1870999999996,1679.9768,1614.395198153422,1686.7957412705591,1565.288069310164,1565.288069310164,1596.038,1596.038,1559.1870999999996,1559.1870999999996,1764.824725635267,1751.2266956252838,1596.038,1850.7067,1421.0
T000276,2007-09-30,1662.6322,1690.4354,1610.1729,1580.1014,1895.5881,1542.0,1652.175102743935,1652.175102743935,1639.6108258928725,1796.018373128779,1666.3004779133137,1792.7258826357547,1675.464651913464,1717.862250271149,1667.4944713061732,1695.3537500195582,1642.2292979654364,1649.506267507514,1654.4135,1722.797733333333,1653.8742449580168,1713.7288285545576,1650.874254479359,1650.874254479359,1610.1729,1610.1729,1654.4135,1654.4135,1799.337477565028,1783.9061809456575,1610.1729,1895.5881,1616.0
T000277,2006-12-31,721.6467,638.7813,649.05035,480.60632,536.391,781.0,676.7695237656833,676.7695237656833,689.7883310899695,667.3877522548636,679.3605952960959,666.6290541863822,698.9661327053681,621.897097191153,698.5324526594469,665.6343430288343,685.983042606115,664.6007665539435,669.8261166666666,680.0037711360162,670.5726690672672,657.5317321053179,671.4196336221103,671.4196336221103,649.05035,649.05035,669.8261166666666,669.8261166666666,630.1341422727446,628.510602916913,649.05035,536.391,500.0
T000277,2007-03-31,732.5161,717.9287,637.66455,469.88605,489.58554,640.0,697.9362112702833,697.9362112702833,690.8912018944036,691.1205984936064,677.1843729587998,688.0879163065222,702.8122401843518,630.736517555269,702.2640358110878,680.4320408197752,691.6548252909415,657.8337915981028,696.0364500000001,725.1853918816481,665.7170333285968,648.5571356004012,694.5835759131992,694.5835759131992,637.66455,637.66455,696.0364500000001,696.0364500000001,612.5997461932755,639.8146579039446,637.66455,489.58554,595.0
T000277,2007-06-30,705.6596,573.34375,629.7989,489.5598,545.83685,412.0,647.0236869690902,647.0236869690902,672.3686953419399,634.5637850132714,664.622181771223,634.7673448485814,684.6488034645138,594.591958809999,683.4908792249115,636.8302777995641,665.592910379528,651.7218468921882,636.2674166666666,639.1659907357287,654.8798612708856,645.8852768561819,639.6579161656256,639.6579161656256,629.7989,629.7989,636.2674166666666,636.2674166666666,623.4050991766912,606.2810320187227,629.7989,545.83685,627.0
T000277,2007-09-30,749.1001,717.7728,633.85345,493.63095,618.0692,699.0,703.5918331305444,703.5918331305444,698.5249637659444,694.5204599832443,697.1847329701334,691.1321143892465,726.0845080481038,656.2333349314738,721.9924113359787,682.753039365895,698.6199455050714,685.9394737493146,700.2421166666666,733.3569728878316,680.5330077433748,682.2048578081701,698.9901406520386,698.9901406520386,633.85345,633.85345,700.2421166666666,700.2421166666666,668.4101901073403,691.7603086479935,633.85345,618.0692,867.0
T000278,2006-12-31,706.70294,607.5165,517.1369,352.41772,568.8978,322.0,619.9948800419281,619.9948800419281,623.5132915516467,517.0111655854307,628.5604640954898,513.0764655649175,675.0368341854828,517.3242269361518,666.6835106673019,517.5725851854297,620.7518106594673,584.1943692954014,610.4521133333333,568.8978,599.8831115503755,530.7975831855173,602.8324540917,602.8324540917,517.1369,517.1369,610.4521133333333,610.4521133333333,603.7371415484877,622.3717765430077,517.1369,568.8978,316.0
T000278,2007-03-31,736.87994,674.2665,558.2486,340.4331,719.531,752.0,663.2335836842399,663.2335836842399,658.4889034174018,597.8949277244701,673.7419133267941,599.6632229787227,716.0029153910665,558.5999906947507,705.7830519699181,559.0324365052157,657.7755478425458,638.3923673571592,656.4650133333333,719.531,644.8552269799417,561.6923921396491,647.8354577487889,647.8354577487889,558.2486,558.2486,656.4650133333333,656.4650133333333,690.0821005622256,712.5489241063315,558.2486,719.531,710.0
T000278,2007-06-30,703.486,722.5181,521.63464,365.46545,262.274,331.0,650.1372469855875,650.1372469855875,623.6818815605636,389.24452161606683,599.6924118186643,362.35295875444865,648.4919973957433,521.3340431026555,646.9287510389358,521.02732651932,628.0233658268268,539.3958434018986,649.2129133333333,262.274,577.3005278191525,535.0175118348619,636.5390436221132,636.5390436221132,521.63464,521.63464,649.2129133333333,649.2129133333333,466.7514476639286,525.5726357014154,521.63464,262.274,399.0
T000278,2007-09-30,787.22314,710.50195,522.3991,376.3125,420.29666,720.0,682.2484761982005,682.2484761982005,671.0070773113841,458.8148859262767,661.7852225991768,444.2109760683543,729.091584997463,522.3897076939089,721.0625224911131,522.4290771141353,670.9354723409438,589.7952600940059,673.3747299999999,420.29666,624.6118161414652,554.1397144187645,659.8246796704266,659.8246796704266,522.3991,522.3991,673.3747299999999,673.3747299999999,565.5136835334417,613.9438866932928,522.3991,420.29666,561.0
T000279,2006-12-31,6109.007,5811.883,6109.563,4995.122,7533.258,7112.0,6032.45638445085,6032.45638445085,6109.250996469712,6789.189141184078,6242.081725820405,6793.378393217738,6222.525626864361,6148.003174128832,6192.829920562112,6191.511730053938,6091.050415370249,6192.816761195614,6010.151,6821.4105,6218.581816496946,6589.735861162929,6032.179691223162,6032.179691223162,6109.563,6109.563,6010.151,6010.151,6929.996237612043,6827.852629053232,6109.563,7533.258,6426.0
T000279,2007-03-31,6325.767,3726.1387,6189.9277,4838.1313,8493.082,7037.0,5606.580505251006,5606.580505251006,6266.154932287501,7319.693690273034,6481.1963519457095,7314.41588456844,6483.593667475223,6253.586905665203,6430.307896147942,6327.853592344918,6109.370092646343,6388.1239017440985,5413.944466666667,7341.50485,6423.112569685914,7010.287174075926,5599.666173544057,5599.666173544057,6189.9277,6189.9277,5413.944466666667,5413.944466666667,7539.996862790957,6939.788846543147,6189.9277,8493.082,7311.0
T000279,2007-06-30,5735.1387,6435.592,6013.8354,5137.4375,6440.917,4746.0,6013.954360376636,6013.954360376636,5857.4426764755135,6181.279164002971,5896.969286354933,6181.773589061366,5821.777690407684,6022.365530318921,5823.555645177699,6027.51068384017,5895.458826717222,5909.4349901993755,6061.522033333333,6227.376200000001,5930.795769896313,6069.129594040158,6023.548844014723,6023.548844014723,6013.8354,6013.8354,6061.522033333333,6061.522033333333,6213.44714691415,6335.565670040587,6013.8354,6440.917,4452.0
T000279,2007-09-30,6188.992,6617.039,6072.4185,5201.292,6515.2197,5361.0,6258.60866095536,6258.60866095536,6137.83458550005,6248.547526562294,6179.282103329102,6300.690225077704,6202.257500348583,6085.6322174322395,6188.542362273445,6102.478423131728,6166.077088141032,6152.540097224033,6292.816499999999,6293.8191,6154.839831377294,6258.9622397355215,6255.310014674444,6255.310014674444,6072.4185,6072.4185,6292.816499999999,6292.816499999999,6347.083428396687,6428.308560880904,6072.4185,6515.2197,4829.0
T000280,2006-12-31,19833.35,15332.751,18843.363,9875.885,22420.797,20766.0,18348.240202718272,18348.240202718272,19398.901559243208,18699.974247491486,19733.815459290992,19062.54285783294,19931.427352699422,19202.195973479735,19818.773001990703,18973.740958128,19140.65212898424,18927.875981671303,18003.154666666665,20365.836666666666,19529.273490273124,19719.660588976785,18160.709670477965,18160.709670477965,18843.363,19833.35,18003.154666666665,18003.154666666665,20295.23343849823,20295.23343849823,18843.363,19833.35,22728.0
T000280,2007-03-31,21551.414,14097.736,19326.021,9060.928,23371.012,22392.0,18881.704800659638,18881.704800659638,20574.816813449994,19487.817425871912,20954.77377118518,20144.81693863452,21453.496975540493,20368.890074593965,21283.68551829167,19971.991931958597,20157.34858896511,19883.459476743115,18325.057,21416.148999999998,20561.18379443529,21004.862983620216,18575.23962465488,18575.23962465488,19326.021,21551.414,18325.057,18325.057,21353.421777733816,21353.421777733816,19326.021,21551.414,22859.0
T000280,2007-06-30,19348.68,16443.238,18742.428,10429.447,10464.701,15592.0,18401.72513911699,18401.72513911699,19082.630813388776,18627.47059440051,18311.011983547916,18858.363110694518,18574.805567623484,18948.92320169458,18724.328506105096,18802.479776051216,18915.33948458668,18689.382904361097,18178.11533333333,16185.269666666667,18359.149606345494,18516.882465030118,18280.430754428235,18280.430754428235,18742.428,19348.68,18178.11533333333,18178.11533333333,16393.43536432695,16393.43536432695,18742.428,19348.68,15708.0
T000280,2007-09-30,19975.91,17694.262,18896.455,10656.597,12801.482,16797.0,19015.83186930323,19015.83186930323,19502.199192063003,19217.403803300727,18934.77609465392,19456.94731479611,19286.577791976295,19520.63458609356,19372.384767461474,19386.5353498284,19381.363630209515,19045.7344072265,18855.54233333333,17224.615666666665,18877.31395671858,19124.191673102705,18924.81635814486,18924.81635814486,18896.455,19975.91,18855.54233333333,18855.54233333333,17387.679936357847,17387.679936357847,18896.455,19975.91,13933.0
T000281,2006-12-31,4189.6455,4177.7007,4234.988,3248.8784,5029.3623,5063.0,4202.675659410537,4202.675659410537,4209.543719294814,4388.114830102988,4283.607080470269,4341.265659736005,4261.487052760092,4322.860210503757,4246.645552078289,4301.2697921058725,4208.020453061983,4187.151201893774,4200.778066666666,4183.6731,4277.103683591222,4465.2468646720945,4202.610672262882,4202.610672262882,4234.988,4234.988,4200.778066666666,4200.778066666666,4453.664176109472,4453.664176109472,4234.988,4189.6455,5064.0
T000281,2007-03-31,4471.3174,2934.5212,4217.8657,3120.7373,5949.1763,4545.0,3992.201944462377,3992.201944462377,4360.092004240098,4642.617941954153,4521.915321200997,4514.408355371512,4561.385308822792,4493.562729812393,4515.523403559797,4478.218853129896,4270.431361956069,4335.978940807161,3874.5680999999995,3702.9193,4456.042967967557,4399.055459970388,3943.7640667876403,3943.7640667876403,4217.8657,4217.8657,3874.5680999999995,3874.5680999999995,4823.385541889214,4823.385541889214,4217.8657,4471.3174,3783.0
T000281,2007-06-30,4029.275,4840.251,4125.224,3363.2673,5559.7686,3111.0,4268.7217296781755,4268.7217296781755,4071.381505885606,4398.118436461141,4205.1148777328835,4314.556741630701,4161.667812299735,4280.54934589778,4135.405497470403,4240.2934328998435,4119.356139704056,4053.91859490137,4331.583333333333,4434.763,4195.434781442989,4767.586361168462,4294.033808223302,4294.033808223302,4125.224,4125.224,4331.583333333333,4331.583333333333,4514.979177264521,4514.979177264521,4125.224,4029.275,3353.0
T000281,2007-09-30,4429.6177,4992.5054,4165.0674,3417.4067,5415.02,3915.0,4478.549966687194,4478.549966687194,4313.521766076886,4492.799731609307,4430.446925391982,4394.192346824252,4479.24453658878,4383.603882781222,4443.004292137183,4379.868644360358,4352.604256457427,4297.3313023683595,4529.0635,4711.06155,4370.918801388661,4781.352570095173,4493.938523346022,4493.938523346022,4165.0674,4165.0674,4529.0635,4529.0635,4632.084942316496,4632.084942316496,4165.0674,4429.6177,3693.0
T000282,2006-12-31,933.0537,791.4618,798.3237,603.85,714.9418,1013.0,851.6104136697288,851.6104136697288,873.9284403519816,781.831255027164,866.3037102899282,796.5191268923578,900.9747854298462,824.6651265896936,897.5461663400199,828.225095939866,867.6129779396658,841.8586395256453,840.9464,703.3793250836119,847.9123412031928,816.8357916568899,842.4723410286468,842.4723410286468,798.3237,798.3237,840.9464,840.9464,777.7223276686063,777.7223276686063,798.3237,714.9418,1076.0
T000282,2007-03-31,924.634,894.23596,767.3384,589.81116,698.264,681.0,864.9066806203346,864.9066806203346,855.6059944222457,758.9992216517876,849.3420937964117,771.97376409513,889.4345297313286,807.35697368729,884.8415136609478,816.8973809352651,856.4923099527126,821.9469739287745,862.0694533333333,727.5346086956524,827.4020976764697,796.030373456503,858.5380002304493,858.5380002304493,767.3384,767.3384,862.0694533333333,862.0694533333333,757.7501164182794,757.7501164182794,767.3384,698.264,916.0
T000282,2007-06-30,896.0636,738.25653,763.1238,617.0609,627.2384,467.0,810.9597574033319,810.9597574033319,837.7239563233456,726.1523253498823,825.198569289851,748.5586128254981,860.1401627030788,787.8723820628177,857.8761414533378,790.6628185862237,830.3844817298021,798.9086711047343,799.1479766666666,660.9643632107025,807.9395699399159,767.9660053288612,801.3663194369874,801.3663194369874,763.1238,763.1238,799.1479766666666,799.1479766666666,715.3702097319781,715.3702097319781,763.1238,627.2384,516.0
T000282,2007-09-30,961.1861,934.0366,768.9935,622.11115,842.7317,906.0,890.8267358515757,890.8267358515757,876.8438052072461,819.8574501670387,883.9444880478925,812.3678571468259,930.7748524664137,818.5767102069467,921.862022017605,830.6325161624287,878.5385297349519,856.8713519975684,888.0720666666666,799.4823187290967,854.5176482672941,843.6473659893113,883.3636133929887,883.3636133929887,768.9935,768.9935,888.0720666666666,888.0720666666666,838.1761165306243,838.1761165306243,768.9935,842.7317,548.0
T000283,2006-12-31,3867.5815,3191.661,3443.089,2071.1787,2827.2046,3249.0,3547.5450813066295,3547.5450813066295,3681.2961197495997,3289.758060549324,3624.3216808882903,3198.7294524929307,3738.376422439693,3814.4852650422094,3734.9457661375345,3549.9964662161397,3647.3284650749038,3544.35133501053,3500.7771666666667,3379.2916999999998,3572.2260016410455,3383.5810420472117,3520.5258626638106,3520.5258626638106,3443.089,3867.5815,3500.7771666666667,3500.7771666666667,3361.6589329544477,3361.6589329544477,3443.089,2827.2046,3340.0
T000283,2007-03-31,4091.344,3951.7334,3607.23,2014.5828,2806.0002,4357.0,3884.8881085936846,3884.8881085936846,3878.894167377416,3400.0611062523258,3804.695441073019,3305.3571711568984,3936.1176863274327,4028.819780534307,3934.2683331269172,3717.25917796708,3878.8024686494173,3709.939464428258,3883.4357999999997,3501.524733333333,3746.919918474056,3518.3927508906236,3879.153519943251,3879.153519943251,3607.23,4091.344,3883.4357999999997,3883.4357999999997,3478.7061974895746,3478.7061974895746,3607.23,2806.0002,4732.0
T000283,2007-06-30,3736.0928,3179.0837,3461.8438,2126.5942,2313.8857,2691.0,3499.1114715418125,3499.1114715418125,3615.7406636294118,3117.660118735755,3508.95084842407,3108.290147352007,3592.8674295170736,3686.8368145928093,3606.3070984788833,3440.657243060666,3586.42893533893,3430.3193821936375,3459.0067666666664,3170.607433333333,3487.7173983654966,3264.2594110471045,3476.8749282401095,3476.8749282401095,3461.8438,3736.0928,3459.0067666666664,3459.0067666666664,3138.657088109803,3138.657088109803,3461.8438,2313.8857,2587.0
T000283,2007-09-30,4148.632,3442.27,3477.9438,2155.4397,2189.1692,3699.0,3733.7881982304743,3733.7881982304743,3854.305465687953,3132.515078717787,3734.83301506932,3095.7450795344625,3919.3425380754866,4058.447855620059,3920.5116699604337,3608.867454803599,3822.7742257953732,3597.1322118133808,3689.615266666666,3271.9149999999995,3657.7520518219053,3316.9428573906894,3705.4640157476088,3705.4640157476088,3477.9438,4148.632,3689.615266666666,3689.615266666666,3235.402794307497,3235.402794307497,3477.9438,2189.1692,3073.0
T000284,2006-12-31,28765.803,23633.684,27282.047,17040.652,31045.4,30091.0,26954.00060103817,26954.00060103817,28114.66770159352,28653.89556298651,28467.495387578776,28654.257521402797,28785.468944139277,28025.067462575567,28649.98988384996,27782.720552349456,27826.378962918225,28165.96620146669,26560.511333333332,29031.083333333332,28187.41023228188,28511.341807694815,26757.965518046047,26757.965518046047,27282.047,28765.803,26560.511333333332,26560.511333333332,28957.24274146019,28957.24274146019,27282.047,28765.803,32208.0
T000284,2007-03-31,30923.648,21921.28,27902.516,16096.751,32995.555,31975.0,27597.182937666403,27597.182937666403,29597.846664507262,30228.673159835795,30076.501459816776,30368.57074856108,30758.987081763094,29524.102317205627,30536.77013332176,29083.8749120964,29099.461399981366,29615.32630040548,26915.814666666665,30607.23966666667,29548.772349591003,30128.205260346167,27254.122909903544,27254.122909903544,27902.516,30923.648,26915.814666666665,26915.814666666665,30533.924037850342,30533.924037850342,27902.516,30923.648,32290.0
T000284,2007-06-30,27947.945,25249.076,27119.31,17730.51,19797.83,21861.0,26978.013717464677,26978.013717464677,27584.304685827687,26172.491372440294,26902.15969335435,26683.008129286893,27208.261430386876,27546.82755188114,27329.292488140753,27417.63503780429,27433.54462727401,27294.02211481115,26772.110333333334,24955.028333333335,26901.82232833388,26788.860967415327,26875.016729755866,26875.016729755866,27119.31,27947.945,26772.110333333334,26772.110333333334,25196.28123855201,25196.28123855201,27119.31,27947.945,22164.0
T000284,2007-09-30,29033.27,27157.062,27312.703,17992.617,21828.004,25317.0,27953.250986827712,27953.250986827712,28278.21195341192,27113.19985024392,27768.464482913147,27646.97653017161,28271.513249916847,28480.34247566615,28319.98490292256,28349.171012723047,28193.396593795813,28004.365740788762,27834.345,26057.992333333335,27606.80680488947,27675.30174239839,27883.863687753415,27883.863687753415,27312.703,29033.27,27834.345,27834.345,26267.61271792747,26267.61271792747,27312.703,29033.27,21247.0
T000285,2006-12-31,13839.324,9236.101,13378.175,8272.535,10244.7,14970.0,12518.84679903945,12518.84679903945,13636.95218703018,13115.827811825066,13345.127567574948,13300.147279299072,13502.64329143526,13278.27946018682,13550.356382722095,13239.477115368252,13363.182923225946,13395.16253927271,12151.2,12487.399666666666,13329.35266520626,11741.112435309191,12369.502439843203,12369.502439843203,13378.175,13378.175,12151.2,12151.2,12768.61073208023,12411.825417225384,13378.175,13839.324,19656.0
T000285,2007-03-31,14491.981,12573.354,13342.063,7921.2617,10125.816,13998.0,13599.711926244941,13599.711926244941,13987.348027952721,13351.63511777164,13688.592309021247,13534.278792913885,14018.669189199736,13546.657366418563,14041.684616807528,13399.088729182255,13889.968489620302,13642.542004319697,13469.132666666665,12653.286666666667,13573.107235231866,13333.782971380688,13535.301399605221,13535.301399605221,13342.063,13342.063,13469.132666666665,13469.132666666665,12973.473875456406,13554.28342791462,13342.063,14491.981,21662.0
T000285,2007-06-30,13745.864,8334.045,13162.114,8561.152,7814.2847,12174.0,12178.584118471204,12178.584118471204,13489.689648930967,12630.591188197805,12991.405700058149,12947.13131978851,13209.63787003364,12899.347053754213,13298.86784889336,12865.495121272384,13168.55697551083,13106.065383072033,11747.340999999999,11574.087566666665,12994.31599690854,11444.09928150884,12002.912153809863,12002.912153809863,13162.114,13162.114,11747.340999999999,11747.340999999999,12044.54536405052,12052.727806173236,13162.114,13745.864,15166.0
T000285,2007-09-30,14378.271,10739.75,13251.684,8690.961,7873.557,11787.0,13062.472075531037,13062.472075531037,13883.876663986624,12939.512113983707,13383.389779210433,13252.626679806604,13737.145438506926,13232.341357330595,13806.181289604601,13112.38170884647,13680.79227497107,13421.024020236257,12789.901666666665,11834.503999999999,13307.13717846128,12649.006757978887,12942.704251877964,12942.704251877964,13251.684,13251.684,12789.901666666665,12789.901666666665,12332.784266931954,12977.225257018941,13251.684,14378.271,15276.0
T000286,2006-12-31,3100.86,2615.3118,3005.0105,2503.3745,2806.1692,3280.0,2946.432613657072,2946.432613657072,3058.7971589502504,2998.9026678380515,3040.3553329683255,3013.5959526431816,3066.923931117391,3061.943066200376,3067.3970095660725,3033.158396821324,3030.74450508037,3052.9930527721485,2907.0607666666665,2970.6798999999996,3029.582343869675,2882.680396579774,2930.5170648592193,2930.5170648592193,3005.0105,3100.86,2907.0607666666665,2907.0607666666665,2978.863210824328,2978.863210824328,3005.0105,3100.86,3992.0
T000286,2007-03-31,3185.59,3112.0337,2965.91,2465.1587,2868.9524,2832.0,3088.830652038617,3088.830652038617,3089.1850639094732,3022.1161720669033,3080.3913434570313,3027.14537614292,3136.3913394847254,3121.551507433847,3129.9868884414377,3065.9191574467654,3088.518722026486,3099.9521430416116,3087.8445666666667,3006.8174666666664,3049.7578911365363,2979.0171739004345,3086.6258517137067,3086.6258517137067,2965.91,3185.59,3087.8445666666667,3087.8445666666667,3014.887586827642,3014.887586827642,2965.91,3185.59,4227.0
T000286,2007-06-30,3053.0222,2548.264,2952.4539,2528.9248,2467.0427,2813.0,2892.15374994887,2892.15374994887,3008.8885486242125,2891.884647869993,2963.715048260677,2929.4012963302744,2995.366653540527,2992.782119329486,3001.64031432086,2954.6033808641764,2979.7422180744206,2984.2297544619755,2851.2466999999997,2824.1729333333333,2956.9961730951563,2772.247687344609,2875.609457536602,2875.609457536602,2952.4539,3053.0222,2851.2466999999997,2851.2466999999997,2841.00257002823,2841.00257002823,2952.4539,3053.0222,3210.0
T000286,2007-09-30,3213.6736,2831.7727,2966.7039,2540.848,2656.225,2928.0,3030.8538452370503,3030.8538452370503,3105.292781788071,2990.4670941417257,3076.6087928915213,3012.208282786711,3142.3133087593933,3127.552860108447,3139.3187263443306,3059.2029299250644,3086.2252608943445,3103.8805205278204,3004.0500666666667,2945.534166666667,3045.5070859372445,2878.192202154759,3018.5082068717966,3018.5082068717966,2966.7039,3213.6736,3004.0500666666667,3004.0500666666667,2960.6074448714007,2960.6074448714007,2966.7039,3213.6736,2941.0
T000287,2006-12-31,6050.6006,4799.347,6169.7144,2713.4106,6090.1074,8316.0,5771.943164852812,5771.943164852812,6102.87280628414,5895.520552232504,6095.308547286173,6049.808547324941,6066.747288882627,6165.483837351615,6072.978871500681,6168.304474764067,6024.186625553295,6112.775135062654,5673.220666666666,5673.220666666666,6114.10782297056,5318.8527640604325,5740.1742475318915,5740.1742475318915,6169.7144,6169.7144,5673.220666666666,5673.220666666666,6104.208681739354,6104.208681739354,6169.7144,6169.7144,7844.0
T000287,2007-03-31,5620.055,5546.793,5854.844,2525.2175,4977.3223,4515.0,5683.485651376223,5683.485651376223,5723.090408502179,5525.976396931045,5640.947418639951,5691.240992002116,5594.477724148179,5852.811426659201,5621.802327547714,5854.135751412901,5714.504171262397,5663.955152579461,5673.897333333333,5673.897333333333,5689.939090914967,5180.420025226277,5687.306771680675,5687.306771680675,5854.844,5854.844,5673.897333333333,5673.897333333333,5510.4550203524,5510.4550203524,5854.844,5854.844,3914.0
T000287,2007-06-30,5533.7812,4671.6245,5760.889,2873.1387,2701.9917,5390.0,5392.545739880183,5392.545739880183,5633.445770942553,4611.69808523203,5347.7883078206305,5189.386526384648,5332.982121870734,5756.837690637402,5405.544266796707,5759.519174523882,5576.695070780075,5335.014698413845,5322.098233333333,5322.098233333333,5431.784135365718,5057.983183443474,5374.272713300669,5374.272713300669,5760.889,5760.889,5322.098233333333,5322.098233333333,4767.542285390362,4767.542285390362,5760.889,5760.889,4721.0
T000287,2007-09-30,6142.956,5181.5576,5865.3936,2944.669,4667.5864,5133.0,5799.652919827214,5799.652919827214,6021.149802653254,5368.555731762082,5909.7128524491145,5621.466366629173,5995.134017041085,5865.034727378445,6009.487072868862,5865.323978475944,5967.137957060396,5847.086995865657,5729.969066666667,5729.969066666667,5888.818820395357,5214.432632284039,5766.039175306622,5766.039175306622,5865.3936,5865.3936,5729.969066666667,5729.969066666667,5604.79695345268,5604.79695345268,5865.3936,5865.3936,3787.0
T000288,2006-12-31,3474.3572,3458.742,3180.136,2533.3164,2323.5637,3310.0,3366.0034557508716,3366.0034557508716,3345.2404120244078,2838.257894880159,3265.6599727969224,2992.3914510727654,3350.5733678046713,3322.82615851018,3357.1646339992585,3272.193108123403,3349.423369780655,3305.3107648880077,3371.0784000000003,3062.6031999999996,3236.6690809916013,3323.5434088099023,3370.4458903260347,3370.4458903260347,3180.136,3474.3572,3371.0784000000003,3371.0784000000003,3237.8830942542113,3346.3723613448897,3180.136,3180.136,3256.0
T000288,2007-03-31,3856.308,3323.7102,3204.2297,2485.8499,2796.997,3388.0,3491.445845441931,3491.445845441931,3570.1482820579054,2937.330791724954,3532.902690262424,3060.464719568902,3700.7569626594004,3462.6310567970386,3684.239503585778,3352.102552244049,3548.930388386929,3612.2227979144027,3461.4159666666665,3182.1291999999994,3443.9513445945013,3616.8090188357824,3472.373360915765,3472.373360915765,3204.2297,3856.308,3461.4159666666665,3461.4159666666665,3452.214164445526,3471.9871759039916,3204.2297,3204.2297,3578.0
T000288,2007-06-30,3462.2798,3746.1785,3170.639,2582.3818,3636.9087,2647.0,3429.853903662199,3429.853903662199,3334.2954013957115,3117.8841567033487,3378.1337358246383,3148.0864275909335,3444.3626952454197,3346.849930810089,3423.441045993315,3295.6456822664813,3356.770476027171,3409.8885239484684,3459.6991,3071.766866666667,3327.610516235517,3396.3630991647815,3451.6421406891477,3451.6421406891477,3170.639,3462.2798,3459.6991,3459.6991,3333.7289983666947,3395.9371593321666,3170.639,3170.639,2164.0
T000288,2007-09-30,3822.8826,4014.8193,3172.5842,2611.707,3591.3484,3363.0,3640.1085509872037,3640.1085509872037,3537.503977950784,3116.935316830381,3577.3222138971882,3148.0106343210473,3733.4677405126117,3514.2650204688834,3699.77738968849,3401.586060679263,3560.6132866174466,3651.692058097293,3670.0953666666665,3202.391266666666,3474.950602512767,3636.4495405025355,3663.0772898887367,3663.0772898887367,3172.5842,3822.8826,3670.0953666666665,3670.0953666666665,3486.2732950170953,3585.783236187843,3172.5842,3172.5842,2978.0
T000289,2006-12-31,26229.84,20355.957,25787.277,16791.771,20147.521,29876.0,24635.842913466477,24635.842913466477,26035.62451506267,24406.011361643163,25509.941418480434,25206.173180579954,25697.01420546736,25980.219348499562,25797.754416175394,25542.17398567831,25683.736802875406,25913.497690468415,24124.357999999997,24124.357999999997,25538.407148925682,23763.722515128604,24444.898878627882,24444.898878627882,25787.277,25787.277,24124.357999999997,24124.357999999997,24375.974822198237,24375.974822198237,25787.277,25787.277,34748.0
T000289,2007-03-31,26668.125,24631.62,25308.053,16246.658,19729.621,24733.0,25676.866349171883,25676.866349171883,26071.267506197582,24252.628695072817,25552.360408521516,25209.876852120593,25966.961631385213,26304.283363808267,26031.220576051583,25656.568502817692,25970.34172708535,25923.82170522329,25535.932666666668,25535.932666666668,25445.160189430568,25350.80822367212,25610.378349510785,25610.378349510785,25308.053,25308.053,25535.932666666668,25535.932666666668,24230.659565208844,24230.659565208844,25308.053,25308.053,33381.0
T000289,2007-06-30,25359.645,19384.98,25036.03,17246.809,19345.1,23024.0,23784.29651970891,23784.29651970891,25217.628961248472,23600.79228019462,24687.034607591784,24386.11191836232,24845.19960680819,25123.349130109298,24951.571551991292,24709.917153914932,24857.493469616173,25113.47140046342,23260.21833333333,23260.21833333333,24733.804328865655,22872.323807276145,23590.106405215403,23590.106405215403,25036.03,25036.03,23260.21833333333,23260.21833333333,23569.4511921073,23569.4511921073,25036.03,25036.03,25261.0
T000289,2007-09-30,26774.254,22933.229,25260.506,17432.527,21019.8,23211.0,25286.862574348957,25286.862574348957,26109.95693519136,24619.87702509782,25716.03687181793,25433.822476670874,26150.642336862555,26436.8287201125,26181.082741508795,25832.882196991806,25901.236900080134,25973.52999483585,24989.329666666665,24989.329666666665,25564.126185103072,24540.925812162754,25161.71030472622,25161.71030472622,25260.506,25260.506,24989.329666666665,24989.329666666665,24607.20321779843,24607.20321779843,25260.506,25260.506,24982.0
T000290,2006-12-31,44133.363,31252.04,39640.27,12840.17,57689.71,44522.0,39332.37587034553,39332.37587034553,42161.60251423073,38338.16332187184,43850.78685322195,43360.7666329557,44722.92672606652,41941.55478303398,44173.79512658152,40084.984806099106,41451.44515393427,40834.957246980324,38341.890999999996,38341.890999999996,42892.433664225835,47052.754515036635,38980.83832725053,38980.83832725053,39640.27,39640.27,38341.890999999996,38341.890999999996,41948.221695836124,38591.99427165835,39640.27,44133.363,50190.0
T000290,2007-03-31,50982.17,21046.695,40391.984,10610.635,50151.71,46086.0,39769.64107802874,39769.64107802874,46334.74554389661,41445.06976962092,47257.50298321828,45750.225876848366,49760.25135056085,44104.607445472844,49150.230757688354,41473.85145736891,44686.97307200263,44305.02733906469,37473.616333333324,37473.616333333324,45541.67058954097,50392.398437877266,38954.015701736156,38954.015701736156,40391.984,40391.984,37473.616333333324,37473.616333333324,45831.8085791752,38054.783069392455,40391.984,50982.17,54324.0
T000290,2007-06-30,42929.586,43501.83,39273.98,14645.76,32520.14,33039.0,41707.036528573626,41707.036528573626,41325.350462845294,37865.965610249346,40699.41541428252,40070.33554058897,41701.3984835359,40027.052535415016,41702.12124733022,40510.18366055526,41424.23513159774,40153.19534522124,41901.79866666667,41901.79866666667,40274.80015552674,40419.15009280321,41757.13821417667,41757.13821417667,39273.98,39273.98,41901.79866666667,41901.79866666667,41151.74261631102,41889.14853840953,39273.98,42929.586,35658.0
T000290,2007-09-30,46685.227,42219.055,39607.535,15612.662,46290.004,34623.0,42964.83228049583,42964.83228049583,43579.234442969624,39806.20192503142,44210.845736859585,43205.21117296882,45881.31701158671,42097.11855882086,45470.28923467599,41559.99965106983,43429.42271139972,42088.271444019694,42837.272333333334,42837.272333333334,43061.464316085745,46327.48276864975,42892.3234802581,42892.3234802581,39607.535,39607.535,42837.272333333334,42837.272333333334,43243.108813852916,42921.78316778382,39607.535,46685.227,34294.0
T000291,2006-12-31,10306.28,9791.643,10282.033,7543.3477,14141.519,11683.0,10161.693551371194,10161.693551371194,10295.63938417067,10291.123262095683,10655.758987568996,10270.1692192726,10609.154625340898,10464.289695086416,10527.664627844973,10456.45703857709,10264.55518795822,10262.93227678191,10126.652,12211.776,10588.273629399735,10924.367202804493,10162.340523480598,10162.340523480598,10282.033,10282.033,10126.652,10126.652,10294.083076404833,9408.374306445947,10282.033,10282.033,12016.0
T000291,2007-03-31,11144.378,7430.372,10198.85,7262.046,14015.89,10504.0,9828.00447652804,9828.00447652804,10729.440061126166,10553.330856964032,11086.65821184091,10279.442822140487,11269.936437694627,10477.77835555589,11153.986466825265,10530.526751817863,10518.571802622497,10665.921240558573,9591.2,12107.369999999999,10884.672143602407,10976.920381488224,9821.176605712493,9821.176605712493,10198.85,10198.85,9591.2,9591.2,10668.750797744407,9571.826556355962,10198.85,10198.85,11381.0
T000291,2007-06-30,10064.27,11438.592,10066.792,7798.0986,9040.577,8773.0,10428.341888789386,10428.341888789386,10065.376760965133,10065.846495772454,9969.62755268374,10111.896983876086,9982.996336083255,10018.751289043286,10004.513462803843,10021.091612350836,10149.473044770933,10038.98197143541,10523.218,9553.6845,9986.995480521568,9896.607279752561,10425.685683433836,10425.685683433836,10066.792,10066.792,10523.218,10523.218,10065.53863699868,9335.446043086416,10066.792,10066.792,9277.0
T000291,2007-09-30,10856.105,11233.889,10139.52,7942.5303,10669.73,9546.0,10702.121141499785,10702.121141499785,10541.6369959558,10408.16954278199,10591.929353508809,10306.639925884027,10763.05338235854,10240.930866460878,10724.493645487344,10286.676320051327,10577.282248135743,10493.833254523724,10743.171333333332,10404.625,10477.983824611012,10338.28669926676,10690.68882224972,10690.68882224972,10139.52,10139.52,10743.171333333332,10743.171333333332,10495.642571887534,9673.566428432416,10139.52,10139.52,9547.0
T000292,2006-12-31,7952.08,6701.6846,7884.6987,4117.8384,8420.76,10323.0,7606.205054828259,7606.205054828259,7922.510217042076,7398.548369418542,7972.6024092325515,7210.708908588093,7982.062066702347,7778.920439303289,7968.287606763663,7743.285683126522,7847.133966188312,7792.631817603331,7512.8211,5409.7615,7953.834678920006,7294.5705038001215,7595.650844827036,7595.650844827036,7884.6987,7884.6987,7512.8211,7512.8211,7911.5067830024145,7563.166940920228,7884.6987,7884.6987,9560.0
T000292,2007-03-31,7640.1704,6792.3003,7536.05,3911.4495,6744.804,6278.0,7385.259477307193,7385.259477307193,7594.477935926256,7137.884480024275,7520.773996731787,6949.885863329854,7557.480974639318,7475.114500356872,7570.002099145974,7454.846618018491,7544.387253277083,7468.009128814574,7322.840233333332,5351.8749,7518.599552026242,7092.892570900264,7376.537056593819,7376.537056593819,7536.05,7536.05,7322.840233333332,7322.840233333332,7577.474969916648,7351.40239134404,7536.05,7536.05,5729.0
T000292,2007-06-30,7339.3633,6997.6406,7414.6997,4311.163,5283.762,6505.0,7277.537298053508,7277.537298053508,7372.424119497862,7112.552072029452,7173.5201168680105,6947.5399417841345,7183.832910330796,7368.477626114833,7231.2027139363745,7352.488816071853,7350.186924681779,7270.397740102265,7250.567866666666,5654.4018,7219.872193033863,7104.694098749472,7277.165243811524,7277.165243811524,7414.6997,7414.6997,7250.567866666666,7250.567866666666,7384.726629366113,7273.274311632125,7414.6997,7414.6997,6178.0
T000292,2007-09-30,7951.142,7432.0874,7543.369,4408.576,8062.301,6939.0,7675.096701419667,7675.096701419667,7772.193848122531,7292.873962091899,7821.079062624522,7120.502078478478,7915.494668033273,7569.600150162667,7889.0182500126975,7580.128069612436,7747.537990749194,7650.720573741918,7642.199466666667,5920.331700000001,7752.640436930925,7328.189979248877,7660.537658051877,7660.537658051877,7543.369,7543.369,7642.199466666667,7642.199466666667,7705.604107220306,7626.851404601222,7543.369,7543.369,5384.0
T000293,2006-12-31,9911.161,9117.7295,8547.767,6194.752,7952.1855,8203.0,9206.968337955966,9206.968337955966,9312.845671175312,8547.767,9258.844529814272,8512.236909115541,9606.311711788747,8549.06988863545,9566.435283398554,8549.225548140368,9288.082801454964,9066.598223596715,9192.219166666666,8803.7045,9068.622874245848,8521.73424916586,9174.85060597203,9174.85060597203,8547.767,8547.767,9192.219166666666,9192.219166666666,9188.56466172466,9172.482714097665,8547.767,8547.767,8534.0
T000293,2007-03-31,11046.952,9527.187,8835.865,6019.462,8310.497,10234.0,9841.881441796191,9841.881441796191,10076.63289527679,8835.865,10030.15691137213,8796.001051795598,10587.654323702493,8839.625054988548,10513.789644593939,8839.47976149807,10022.207694637273,9719.52080266535,9803.334666666666,9397.771333333332,9714.368000339491,8843.621882848336,9789.42293116084,9789.42293116084,8835.865,8835.865,9803.334666666666,9803.334666666666,9875.07991474203,9796.096603368625,8835.865,8835.865,10755.0
T000293,2007-06-30,9731.725,10298.91,8573.795,6353.0596,8186.554,6393.0,9469.431360544917,9469.431360544917,9223.576021270468,8573.795,9188.777011485003,8542.745919498708,9482.263364492315,8575.344935773881,9445.921059713764,8575.37006823573,9278.525685926583,9025.809109930662,9534.81,8830.691333333332,9025.257619899976,8565.13867934024,9444.132468748503,9444.132468748503,8573.795,8573.795,9534.81,9534.81,9118.024207727802,9386.124724510752,8573.795,8573.795,6197.0
T000293,2007-09-30,10850.979,10567.582,8580.511,6475.887,8829.37,9705.0,9959.099109374392,9959.099109374392,9854.600984543034,8580.511,9880.428962858789,8559.832621288711,10442.146454196452,8587.319620409902,10349.842980603335,8586.458651557161,9876.907307360683,9563.490029962486,9999.690666666665,9420.286666666667,9543.10153581067,8677.910874683856,9907.268072837584,9907.268072837584,8580.511,8580.511,9999.690666666665,9999.690666666665,9647.635092830587,9856.493767258731,8580.511,8580.511,7947.0
T000294,2006-12-31,72105.96,57151.445,66303.19,33306.555,87141.086,74731.0,66375.82933407965,66375.82933407965,69559.45749181525,64469.89136683887,71510.31113937809,65266.96858325694,72670.39348163485,68873.28893400497,72012.81075138946,66845.54962523299,68745.24804181706,69694.78135924804,65186.865,65186.865,70313.5677787909,71628.77559234524,65976.04510264148,65976.04510264148,66303.19,72105.96,65186.865,65186.865,69403.96802374056,65636.52977075402,66303.19,72105.96,80300.0
T000294,2007-03-31,80478.305,44885.156,66793.89,30583.162,78780.22,73102.0,66886.39165116617,66886.39165116617,74473.00113296046,67946.74033662707,75607.05773044578,68116.92455533752,78849.5804902105,69688.31608947589,78074.37010766327,68049.10345589189,72532.89286573934,73898.78860127101,64052.45033333333,64052.45033333333,73400.2472483336,75866.97707019071,65934.8291762486,65934.8291762486,66793.89,80478.305,64052.45033333333,64052.45033333333,74106.31722005966,65121.3171213999,66793.89,80478.305,82189.0
T000294,2007-06-30,69726.734,72336.266,65439.156,35658.594,60120.72,54710.0,68788.65559861933,68788.65559861933,67845.16224529703,63373.78576376598,67353.87731067656,64184.617604721185,68493.57862389045,65572.70092309035,68440.09364672285,66835.7156440115,68079.81436297866,67447.07832019818,69167.38533333332,69167.38533333332,66812.74074595982,64972.722357663195,68860.02693117657,68860.02693117657,65439.156,69726.734,69167.38533333332,69167.38533333332,67730.2734555382,69146.53625066648,65439.156,69726.734,57310.0
T000294,2007-09-30,75613.6,71646.05,65911.484,36887.32,77706.38,60813.0,71108.7372217301,71108.7372217301,71355.89846630154,66287.74199585446,72467.51754965469,66546.1004776405,74721.47075890447,68244.56634070099,74103.04148202001,68351.9275487658,71282.4530492847,71028.05268159472,71057.04466666667,71057.04466666667,70848.30527229229,72682.77725065779,71005.15055023113,71005.15055023113,65911.484,75613.6,71057.04466666667,71057.04466666667,71095.92316897992,71265.07762501837,65911.484,75613.6,57172.0
T000295,2006-12-31,4097.584,3080.2002,4483.762,166.396,8592.338,7686.0,3979.2976439601425,5585.452677006597,4267.055346547558,5614.630052668987,4649.943477315043,5392.249827277504,4497.788418279037,6819.246121564957,4426.845526480691,6506.655336952679,4198.022777666959,5439.538315219446,3887.1820666666663,3887.1820666666663,4638.564737970668,836.8118463576732,3934.790731911082,5704.520107249134,4483.762,4483.762,3887.1820666666663,5724.561333333333,5586.919626652208,3911.6906803740994,4483.762,4483.762,7096.0
T000295,2007-03-31,3622.753,1044.4221,4040.7087,-193.51953,7084.686,2803.0,3123.605605140001,4808.647379943976,3806.169754129513,4622.883673629815,4089.6938385876747,4414.25400808744,3944.1494335154666,5753.758166370178,3896.6472852302486,5502.210586198371,3641.016032857301,4693.407430722099,2902.627933333333,2902.627933333333,4100.612256673351,339.61765164240154,2998.646738650084,4904.410075602808,4040.7087,4040.7087,2902.627933333333,4916.049233333333,4814.237770949364,2950.781729200757,4040.7087,4040.7087,2319.0
T000295,2007-06-30,3371.4805,4627.799,3876.1504,423.9314,-1493.8672,3208.0,3866.553603817265,2066.523427309706,3592.9511366365286,152.60576716190963,3091.3461483160318,57.945742500251754,3038.9769777776282,671.907058199568,3170.42852045728,905.2183039603934,3661.052183880215,2140.178945515343,3958.4766333333328,3958.4766333333328,3254.3564140108438,1075.9783883159052,3942.809621657695,1968.684882750531,3876.1504,3876.1504,3958.4766333333328,1917.9212333333335,2099.0862061001494,3952.6450277753584,3876.1504,3876.1504,2867.0
T000295,2007-09-30,3978.7534,4295.336,4037.576,570.0657,2614.2388,2298.0,4079.2046972674707,3585.3762094226195,4004.567261041873,2420.4638325971673,3871.7016740185945,2287.237215284416,3876.4737638533743,3145.7082293766534,3908.4401268626216,3158.3642919651015,4022.922031855412,3440.849914054497,4103.888466666666,4103.888466666666,3903.9098390767417,1240.0603131696955,4096.937627670604,3555.1536897571577,4037.576,4037.576,4103.888466666666,3543.5227333333332,3591.447168678507,4100.717546147285,4037.576,4037.576,1785.0
T000296,2006-12-31,1022.1223,962.8699,1303.9863,588.2326,1594.3997,2051.0,1101.2808819332374,1101.2808819332374,1145.816222551986,1513.0436700434093,1172.5879893862427,1532.828065834009,1098.472074844979,1395.8580491345942,1103.2242460948503,1398.849796242587,1137.2654689834867,1298.28414860962,1096.3261666666667,1096.3261666666667,1209.1430106428388,1406.5355719445986,1111.366866025792,1111.366866025792,1303.9863,1303.9863,1096.3261666666667,1096.3261666666667,1350.3280638223378,1316.7278578628723,1303.9863,1594.3997,1846.0
T000296,2007-03-31,951.5666,597.61896,1196.1672,541.00494,1355.5791,792.0,942.0792217977116,942.0792217977116,1058.9077562759674,1310.9216588769766,1073.4998504490054,1313.636755850826,1010.4453914752457,1246.0681924758715,1016.5023290127391,1247.4536712898487,1032.9656847371639,1170.4513589979138,915.1175866666666,915.1175866666666,1106.7560895498573,1251.575318580819,939.8554106314816,939.8554106314816,1196.1672,1196.1672,915.1175866666666,915.1175866666666,1197.9649135940713,1080.2976758258142,1196.1672,1355.5791,1307.0
T000296,2007-06-30,931.79156,942.7322,1164.647,623.5355,591.89154,1122.0,1012.6638282635074,1012.6638282635074,1033.9784400597755,752.3425052845246,980.2724962798038,652.6826127533757,930.1273650896317,979.5207227561507,951.0163456410577,970.664255433607,1030.5811266432847,977.6922203973423,1013.0569199999999,1013.0569199999999,1023.9323822577221,954.6535112265224,1023.1690935097712,1023.1690935097712,1164.647,1164.647,1013.0569199999999,1013.0569199999999,865.8009533568988,872.2661402230215,1164.647,591.89154,1028.0
T000296,2007-09-30,1023.54224,1059.2378,1200.0602,642.852,940.8033,795.0,1091.9294582568732,1091.9294582568732,1101.0058354690009,1013.4311888055881,1076.6141905023478,958.6227436128736,1036.2154712701838,1115.6336121701927,1048.3992916376317,1111.6327730577584,1100.1081064330936,1097.564974380346,1094.28008,1094.28008,1106.8135349016222,1104.3086423865261,1100.8872609590562,1100.8872609590562,1200.0602,1200.0602,1094.28008,1094.28008,1046.083560994986,1055.6543595626586,1200.0602,940.8033,1171.0
T000297,2006-12-31,1479.4697,1300.3484,1398.2386,1104.5865,1274.3934,1293.0,1405.4890887777988,1405.4890887777988,1443.822035196362,1391.3827846975823,1432.360578133029,1397.1409022722848,1454.2678383965551,1398.6789495827616,1453.7363609221222,1398.687346213211,1434.2744740106564,1429.479058072056,1392.6855666666665,1267.7244999999998,1422.490726029927,1322.4352410333936,1400.2818071277536,1400.2818071277536,1398.2386,1398.2386,1392.6855666666665,1392.6855666666665,1380.6585996287863,1328.7951360393863,1398.2386,1398.2386,1166.0
T000297,2007-03-31,1512.316,1565.8545,1419.9052,1086.4756,1312.1597,1515.0,1494.7172831371502,1494.7172831371502,1471.762206900608,1415.5700327825505,1461.8157071294042,1419.8678202514118,1486.2859731432022,1420.8327026707634,1484.98952232454,1420.9077132313828,1476.6540820986825,1457.619194089366,1499.3585666666663,1357.4117666666664,1450.038494998897,1333.8410479451163,1492.4061671169165,1492.4061671169165,1419.9052,1419.9052,1499.3585666666663,1499.3585666666663,1410.5594953997304,1438.0093531727236,1419.9052,1419.9052,1128.0
T000297,2007-06-30,1519.192,1289.0752,1403.6462,1120.9034,1211.3625,1398.0,1420.3417117409795,1420.3417117409795,1468.485584010703,1392.2091895840124,1450.6782208645386,1401.4955478481943,1482.0597214571342,1404.0650842295113,1481.6402518026039,1404.045187358315,1456.4152696979427,1447.026190533276,1403.9711333333332,1271.2082666666665,1436.906058710708,1332.2198913749946,1413.2811035026439,1413.2811035026439,1403.6462,1403.6462,1403.9711333333332,1403.9711333333332,1373.4575586651608,1308.5388314485278,1403.6462,1403.6462,1274.0
T000297,2007-09-30,1559.1892,1212.9885,1404.3765,1128.2961,1138.077,1425.0,1416.9463006733795,1416.9463006733795,1491.2507966428357,1388.1465331015484,1466.5828541680366,1401.17807841039,1508.7472491649878,1404.8261538359095,1508.3662067151581,1404.7823716169746,1472.7593086036873,1461.9299770735374,1392.1847333333333,1248.5537,1448.273995667505,1336.3888856111512,1406.9543463414043,1406.9543463414043,1404.3765,1404.3765,1392.1847333333333,1392.1847333333333,1361.1416082342485,1261.544583131388,1404.3765,1404.3765,1127.0
T000298,2006-12-31,508.88226,420.22815,699.22156,225.68796,631.87604,752.0,555.001408508514,555.001408508514,592.4112478551328,635.6082276801366,585.9091347601897,640.7906233331896,539.4528608540809,688.0689271134503,548.1611518735459,668.4283466376404,583.6590309136831,622.8822431172454,542.7773233333332,542.7773233333332,614.9581053797176,637.6766870793267,552.6930044514831,552.6930044514831,699.22156,699.22156,542.7773233333332,542.7773233333332,614.1565919000099,614.1565919000099,699.22156,699.22156,542.0
T000298,2007-03-31,633.88916,138.9082,786.83075,184.73325,913.7516,1221.0,568.8294368816714,568.8294368816714,701.0064406333464,814.3410621685601,712.6724442568095,809.1285922648569,672.8747412743027,782.9115046250503,676.0932717798289,765.9568068016594,668.0308118498895,762.7536541700863,519.8760366666666,519.8760366666666,733.0153169788987,715.0927934395918,544.0907692754275,544.0907692754275,786.83075,786.83075,519.8760366666666,519.8760366666666,777.9136614173779,777.9136614173779,786.83075,786.83075,1153.0
T000298,2007-06-30,547.9691,531.28015,711.7926,254.93143,687.5968,605.0,602.0299371867178,602.0299371867178,619.8618259997561,671.2148859246809,617.4160738735956,684.7930400647597,576.9709741927612,706.0800910275866,583.7612857095119,695.3324104471684,615.9786776393473,653.0385766450083,597.01395,597.01395,641.8589700007344,676.8413471794025,603.2625376835325,603.2625376835325,711.7926,711.7926,597.01395,597.01395,649.664033656441,649.664033656441,711.7926,711.7926,894.0
T000298,2007-09-30,560.5793,534.58,726.2392,271.91003,393.09894,336.0,613.0475432229916,613.0475432229916,633.2779164979199,528.2653420136608,602.0054001904277,526.1213062194555,565.3169065533039,696.320751137904,578.6263259941421,653.8109923608537,628.7926839018119,603.2909414444141,607.1328333333333,607.1328333333333,631.8350301142128,611.8754046633993,613.8012704186694,613.8012704186694,726.2392,726.2392,607.1328333333333,607.1328333333333,562.0754121786852,562.0754121786852,726.2392,726.2392,607.0
T000299,2006-12-31,6999.4087,5865.915,7897.948,2814.628,11641.285,11782.0,7028.045529438417,8698.370788416549,7393.72599693794,8858.58512030454,7741.948339956936,9846.917823899505,7467.249795775988,10938.563808917757,7423.587905659414,10326.445772633602,7308.635732878376,8912.186612196692,6921.090566666666,4340.2715,7811.811507252679,10232.854825187234,6999.682717020276,8781.807025724254,7897.948,7897.948,6921.090566666666,8846.213899999999,8899.554088406712,8528.768601781023,7897.948,7897.948,10650.0
T000299,2007-03-31,6545.874,3378.228,7392.664,2387.4233,10247.221,6331.0,6038.681272198247,7943.637204590188,6917.4815010565235,7843.337512083421,7182.839752641303,8706.469271189033,6933.143461754966,9704.222256659752,6906.047815303751,9220.077793928838,6708.757879120488,8135.550242911244,5772.255333333333,2882.8256499999998,7259.829776385667,9157.243082021841,5912.819343937919,8016.070371572612,7392.664,7392.664,5772.255333333333,8061.919666666666,8111.081573084707,7147.271197420836,7392.664,7392.664,5907.0
T000299,2007-06-30,6153.217,7426.1035,7174.8027,3106.231,1476.3418,6333.0,6837.549816799007,5077.903018670792,6601.532295518464,2764.198093873473,6068.689340171212,2404.514357564743,5892.1412302110875,2471.5733234475942,6050.280469799362,3221.8096927584365,6661.619057234847,5311.390224116363,6918.041066666667,5266.16725,6313.000444931591,3601.995117053276,6926.2585928021645,5081.119485953622,7174.8027,7174.8027,6918.041066666667,4934.787166666666,4979.07337805889,5376.908082075404,7174.8027,7174.8027,6063.0
T000299,2007-09-30,6799.736,7170.747,7370.2334,3279.3503,5527.9116,4854.0,7095.432092824679,6603.991731683758,7050.094546006972,5251.2208583837255,6877.549472124158,5404.060473829186,6760.681978136558,5832.154478914271,6821.024845928381,6032.020386191245,7062.844505696996,6692.695952232012,7113.572133333333,5225.048650000001,6991.789015931331,6213.322091205453,7128.924845982045,6618.1241754197845,7370.2334,7370.2334,7113.572133333333,6565.960333333333,6592.893631986721,6706.234603395602,7370.2334,7370.2334,4690.0
T000300,2006-12-31,2643.1929,2477.9753,3150.2139,1302.0143,5593.759,4542.0,2779.196505665433,3689.454489600111,2865.695299406205,3860.419182578261,3093.096438220402,3824.077724283163,2933.573254563029,3922.4409159404886,2902.021121859651,4029.3195963162943,2846.7243512497407,3731.825597784842,2757.1273666666666,2310.0678333333335,3127.031063145916,3800.3128567723616,2782.538696375139,3767.7297538473395,3150.2139,3150.2139,2757.1273666666666,3795.7219333333333,3831.2733033081204,3773.446596294016,3150.2139,3150.2139,3716.0
T000300,2007-03-31,2381.8428,1877.7753,2950.5571,1123.2363,4886.7627,2122.0,2453.595523073047,3315.7060507247884,2631.4188458178655,3513.306461686678,2811.4140858935675,3467.0482721376366,2643.4552330365327,3559.7314865864814,2624.8598186942263,3641.166768329179,2590.624879856766,3399.0668785761673,2403.391733333333,1983.8562333333332,2862.8059552046193,3482.882805039649,2441.37096940807,3387.1269795433527,2950.5571,2950.5571,2403.391733333333,3406.3875333333335,3442.235879711685,3286.1401008243456,2950.5571,2950.5571,1898.0
T000300,2007-06-30,2379.3723,3208.7334,2911.5906,1436.1724,1119.1904,3206.0,2776.3334125621104,2179.58956402953,2612.932347331158,2390.637624532377,2445.088972708949,2281.0487649781003,2337.0681364476523,2323.9246668171677,2394.900362176989,2220.1470615669336,2654.4125439911236,2388.642370702881,2833.2321,2518.8321333333333,2552.883937256286,2527.8846018350746,2830.094706891081,2173.06168970583,2911.5906,2911.5906,2833.2321,2136.7177666666666,2152.219139996109,2397.0186384354024,2911.5906,2911.5906,2773.0
T000300,2007-09-30,2689.745,2359.2617,2964.9702,1493.1943,2476.1257,1911.0,2702.531188301929,2716.92632405194,2810.525534488813,2822.8897668378177,2764.599826861375,2741.537876462922,2702.7645504508496,2796.6802778879573,2723.52760499846,2758.7903784778,2785.4851240664348,2785.962498565596,2671.325633333333,2272.4754000000003,2813.0878739516374,2873.723444355139,2692.278232391085,2722.4670816383054,2964.9702,2964.9702,2671.325633333333,2710.2803,2720.489786780061,2623.4160817881566,2964.9702,2964.9702,1932.0
T000301,2006-12-31,1365.8782,1088.4742,1461.7668,701.6583,1798.6014,2180.0,1322.7852166197088,1322.7852166197088,1407.958199794292,1721.1742529202825,1439.2748162932062,1698.180898094985,1410.814401837925,1503.2244897399237,1407.4624649159837,1505.6782262932977,1389.2998270964126,1508.5464435746237,1305.3730666666668,1196.2446333333332,1447.7678785805738,1605.3483060410585,1319.0083969605732,1319.0083969605732,1461.7668,1461.7668,1305.3730666666668,1305.3730666666668,1606.947073441232,1606.947073441232,1461.7668,1798.6014,1590.0
T000301,2007-03-31,1318.8495,1016.2895,1360.0687,648.6455,1577.7346,1025.0,1251.4705955396305,1251.4705955396305,1336.9382397200593,1527.700400266543,1357.1991927524675,1510.8450839244952,1343.9711403065699,1386.8895857913112,1341.009181257325,1388.5824586496892,1317.6946119615354,1394.5928530754777,1231.7359,1080.8898666666664,1359.6430394564807,1451.6459689488474,1243.4742635741966,1243.4742635741966,1360.0687,1360.0687,1231.7359,1231.7359,1457.4538985898748,1457.4538985898748,1360.0687,1577.7346,1210.0
T000301,2007-06-30,1314.314,995.369,1323.169,736.6328,333.48773,1075.0,1232.1600534424922,1232.1600534424922,1318.1999509699635,560.9827594724225,1225.8520775617867,602.9746127080185,1237.1463171549137,1200.9313859081888,1258.1438413521412,1192.2196055986312,1298.5184661089802,1125.5625747364666,1210.9506666666666,688.49651,1243.5442830259772,918.2015321126528,1221.613884201723,1221.613884201723,1323.169,1323.169,1210.9506666666666,1210.9506666666666,846.6193763158327,846.6193763158327,1323.169,333.48773,1381.0
T000301,2007-09-30,1381.5999,1283.2096,1361.336,750.6582,943.9762,1128.0,1348.861153109131,1348.861153109131,1372.7072380169118,1039.9134303788312,1333.7906736954405,1054.3276950902787,1344.5266402955851,1309.8223088295429,1352.4608185559532,1306.2725137706677,1367.037409376299,1282.971291456116,1342.0484999999999,992.6146666666666,1337.7297974375404,1189.1608837458932,1344.2008049179617,1344.2008049179617,1361.336,1361.336,1342.0484999999999,1342.0484999999999,1164.4974392925453,1164.4974392925453,1361.336,943.9762,838.0
T000302,2006-12-31,483.94464,419.62704,413.915,290.46228,393.54468,376.0,446.03250414524587,446.03250414524587,453.21265270647035,410.3818914270109,451.39257413630406,401.54811765874035,469.10054030846305,411.77104366507314,466.83896964114416,418.23055358534236,450.49808807790794,434.51193744737486,439.1622266666667,393.54468,441.45269069368,424.8749615731768,439.3230831466701,439.3230831466701,413.915,413.915,439.1622266666667,439.1622266666667,429.92381294170724,431.28686392744004,413.915,393.54468,434.0
T000302,2007-03-31,479.04712,612.9655,416.95447,284.80542,325.0294,441.0,488.68275816744773,488.68275816744773,451.79822180744065,353.7155732587731,443.29293211086775,344.7076875146506,460.0013408355833,361.93969881524345,459.53785646495027,375.22426672731723,461.081659822877,417.09011352769085,502.98902999999996,325.0294,435.7030555807949,394.6430249399692,495.74025107825423,495.74025107825423,416.95447,416.95447,502.98902999999996,502.98902999999996,403.7406560979554,464.9525706385806,416.95447,325.0294,365.0
T000302,2007-06-30,466.3819,390.9442,413.52087,295.76016,327.9016,354.0,431.6739550666058,431.6739550666058,443.1842296666541,353.6938911644639,435.2566644828168,345.77433804591885,449.5813502490932,361.3921520455866,449.34042502715386,373.4547764434281,439.4889844881485,411.8298410544296,423.6156566666666,327.9016,428.91713941165295,390.97512885268645,424.77790636689133,424.77790636689133,413.52087,413.52087,423.6156566666666,423.6156566666666,399.54014502862765,392.88759826616564,413.52087,327.9016,378.0
T000302,2007-09-30,524.95667,415.9028,413.25778,299.00006,247.43622,486.0,463.02137975773803,463.02137975773803,475.93844188714144,299.1250757469404,460.59558697391594,288.4296299591802,490.6586889675052,313.9627668920708,489.83446130103454,337.90721575683654,471.2127910868421,413.38965529850213,451.37241666666665,247.43622,446.94967486380216,387.74427189088647,451.87927377441076,451.87927377441076,413.25778,413.25778,451.37241666666665,451.37241666666665,389.3178103075157,390.75366480657647,413.25778,247.43622,417.0
T000303,2006-12-31,532.02075,535.5532,614.36707,464.85205,790.65533,750.0,560.6425513973529,560.6425513973529,568.157820816142,615.8109965113214,584.5109567324705,618.3455807371695,561.6108534992794,614.8832258678145,561.090464334115,615.9322578147614,566.9357991497848,615.0915114268519,560.6470066666666,500.202625,593.6758288207511,525.7283598977153,562.5269199688449,562.5269199688449,614.36707,614.36707,560.6470066666666,560.6470066666666,638.9679566012301,638.9679566012301,614.36707,532.02075,840.0
T000303,2007-03-31,544.8912,413.04333,613.27496,440.84225,937.0377,678.0,535.8653892896759,535.8653892896759,574.9009050820737,633.2200695983256,605.0295211107024,627.6387551546896,583.593253148183,614.4826896067088,579.458914114334,617.144789812228,565.6343475176407,646.5308072916695,523.7364966666667,426.94279,609.7025924981727,511.8387487128838,529.6237192200572,529.6237192200572,613.27496,613.27496,523.7364966666667,523.7364966666667,688.9361711402512,688.9361711402512,613.27496,544.8912,720.0
T000303,2007-06-30,514.6278,544.9661,597.2958,485.06473,415.71533,531.0,549.8803582036635,549.8803582036635,550.9060376945179,560.8489747364614,533.8694943512925,578.9315297069531,515.7702816864916,596.2389813901583,522.732091502444,593.6715973043981,551.3195362626791,532.0102135681623,552.2965666666666,515.015415,549.0091673103565,530.1415358476316,553.3238816235582,553.3238816235582,597.2958,597.2958,552.2965666666666,552.2965666666666,510.3381504063959,510.3381504063959,597.2958,514.6278,888.0
T000303,2007-09-30,554.2852,480.51755,604.8065,490.30627,434.84543,453.0,553.3691019331969,553.3691019331969,576.4560972037069,576.2977480179243,560.5405934199055,589.9049969971854,550.2841072287035,603.9015191815907,555.7700398390679,601.7368436365352,571.0573860943006,554.047571639822,546.5364166666667,485.41191000000003,570.7700773900038,537.2982220716646,550.1270606841866,550.1270606841866,604.8065,604.8065,546.5364166666667,546.5364166666667,533.2938986705391,533.2938986705391,604.8065,554.2852,438.0
T000304,2006-12-31,4986.0737,4561.752,5647.475,3071.9092,8246.152,7848.0,5112.015560203958,5112.015560203958,5276.324747235485,7115.836018855325,5518.02233958888,7301.579947515492,5317.958593733385,7289.998933465864,5289.091334980561,6576.966916837246,5238.79416772452,6077.3121253169365,5065.100233333334,4427.0454,5572.043700582206,6636.987775321945,5103.21543944467,5103.21543944467,5647.475,5647.475,5065.100233333334,5065.100233333334,6487.294376029789,6379.223346499738,5647.475,8246.152,6580.0
T000304,2007-03-31,4640.8374,3932.4019,5334.78,2830.9436,7477.135,4266.0,4706.174403929727,4706.174403929727,4945.36895500498,6545.300034059563,5144.454106555804,6689.150660438084,4942.514698529892,6687.786436961351,4924.420812365186,6100.097236480806,4889.875653579918,5664.750997572546,4636.006433333333,4032.7084999999997,5210.809439835656,6198.086620654893,4683.227329315916,4683.227329315916,5334.78,5334.78,4636.006433333333,4636.006433333333,5990.398982522163,5812.03023597731,5334.78,7477.135,4193.0
T000304,2007-06-30,4605.4766,5153.829,5240.509,3246.058,2962.6433,5166.0,4968.938507523263,4968.938507523263,4884.15585135385,3953.419761873216,4670.900173912165,3686.944999563454,4543.910504399342,3788.5345935897894,4615.820513217363,4417.93788143328,4906.636021008379,4664.480380579833,4999.9382,4546.798666666666,4801.824806251387,4470.480367208582,5010.281777092195,5010.281777092195,5240.509,5240.509,4999.9382,4999.9382,4204.270497756123,4341.186070778617,5240.509,2962.6433,5420.0
T000304,2007-09-30,5019.584,4565.8066,5343.8213,3318.7104,4720.9146,3978.0,5018.95724676046,5018.95724676046,5161.873130483726,4991.8530035692365,5103.383033839596,4882.908748218887,5031.17728283842,4942.509825212247,5056.619044412025,5117.910277103088,5128.428203454085,5161.600971850221,4976.403966666666,4409.446099999999,5161.284466024736,5203.950870177185,5001.839542672352,5001.839542672352,5343.8213,5343.8213,4976.403966666666,4976.403966666666,5023.251748834079,4910.535873170114,5343.8213,4720.9146,3625.0
T000305,2006-12-31,2088.4412,1822.4574,2295.3938,1134.95,3913.223,2441.0,2093.202061300718,2093.202061300718,2179.260811146979,2634.3132228780696,2329.967146262337,2644.8535514547393,2256.39185650074,2295.4172373318406,2230.562584647878,2295.44800527783,2159.3617367840848,2594.0309729559885,2068.764133333333,2447.8556,2333.5416732089066,2512.5952691894113,2091.261659715962,2091.261659715962,2295.3938,2295.3938,2068.764133333333,2068.764133333333,2437.8444511889097,2126.5893894291057,2295.3938,2295.3938,2476.0
T000305,2007-03-31,2245.9985,1847.1134,2247.3809,986.442,2972.2234,1279.0,2143.4882913860583,2143.4882913860583,2246.6051559707375,2308.613642600326,2314.231690622955,2311.662480996965,2304.001521563151,2247.3879772156606,2288.9247929933595,2247.3941900159543,2222.160004705522,2338.211344766428,2113.4975999999997,2068.6821,2302.4285696893517,2368.969478646729,2129.9837373327828,2129.9837373327828,2247.3809,2247.3809,2113.4975999999997,2113.4975999999997,2332.7625007329634,2138.395481216393,2247.3809,2247.3809,1405.0
T000305,2007-06-30,2807.642,2599.4795,2367.915,1226.652,2103.3792,3774.0,2597.8389295588095,2597.8389295588095,2614.6710725952335,2149.73655642853,2590.4951204893728,2145.0070046345427,2703.549648788084,2367.9050184443154,2692.2007426336513,2367.886386261483,2609.607131261354,2241.903409088124,2591.678833333333,1899.3153999999997,2530.3440872343617,2440.2710174394083,2575.688704750033,2575.688704750033,2367.915,2367.915,2591.678833333333,2591.678833333333,2440.4242562723475,2516.5465903550166,2367.915,2367.915,5015.0
T000305,2007-09-30,2584.271,1492.0541,2316.7915,1249.4108,3640.0457,1794.0,2207.3133380101403,2207.3133380101403,2466.8896084166695,2579.5426237796237,2590.6572055513298,2587.8967416100477,2639.1841272970178,2316.810123627246,2601.3014635964423,2316.8340811632243,2404.692529603388,2554.196898426254,2131.0388666666668,2402.0826666666662,2529.4850651310344,2610.5182861112144,2161.0340011710427,2161.0340011710427,2316.7915,2316.7915,2131.0388666666668,2131.0388666666668,2536.3909227521262,2144.9386121091375,2316.7915,2316.7915,1815.0
T000306,2006-12-31,699.925,540.59766,730.9932,457.3222,761.0988,822.0,668.0469545226622,668.0469545226622,713.5590487775296,746.2548672528792,716.332209491289,733.0617465339953,708.1888325444554,733.2950080616523,708.7523986004492,731.1939437819015,703.2618777856817,723.572893199934,657.1719533333332,649.4325123745812,720.3930058816409,713.3230313801752,668.7978055938033,668.7978055938033,730.9932,730.9932,657.1719533333332,657.1719533333332,749.8102472171715,681.910775352419,730.9932,761.0988,716.0
T000306,2007-03-31,718.12317,722.98395,717.9353,429.19943,619.4949,589.0,719.3425851659218,719.3425851659218,718.0407246461065,668.03213816166,708.8564080312922,644.2546015298274,710.2457924430913,700.5061686225561,712.2933485061088,698.6100804573058,718.3415983541747,701.6642822049907,719.6808066666666,588.7741408026753,710.4593637384138,678.1779359667015,719.367880927492,719.367880927492,717.9353,717.9353,719.6808066666666,719.6808066666666,656.4066257707125,603.661740147239,717.9353,619.4949,664.0
T000306,2007-06-30,765.232,657.4584,723.4837,475.09195,593.2241,834.0,723.2798504849097,723.2798504849097,746.9110686754,657.4501822593422,734.8057698594762,633.5444301322739,746.9733828548004,701.5392768148574,748.0905952237229,700.0203517741509,741.0420187587621,718.5426645159533,715.3913666666666,597.2801033444816,730.8365119528131,681.8909700363329,719.8067781157814,719.8067781157814,723.4837,723.4837,715.3913666666666,715.3913666666666,642.0669189463135,603.3046094640731,723.4837,593.2241,1028.0
T000306,2007-09-30,754.3224,654.65784,722.5418,478.1189,739.45605,639.0,717.7443918774779,717.7443918774779,740.3757197745877,731.1162730326588,741.9903504241553,718.5779850833223,749.6697396457275,723.0764648523497,748.0973879265697,721.2245093873453,734.8290315922118,738.054574260567,710.5073466666666,646.3953811036782,737.046187162557,705.1426798668462,714.9656287111152,714.9656287111152,722.5418,722.5418,710.5073466666666,710.5073466666666,733.1137946087454,673.9181493956388,722.5418,739.45605,644.0
T000307,2006-12-31,178.285,197.62534,325.49826,156.4797,343.2565,278.0,231.37565342528566,231.37565342528566,242.88844556617858,279.9193679061473,244.37611302299428,280.7325192896162,207.4930356137575,297.0746588982247,212.7703629443782,299.3901352598242,241.50124436430883,296.07615863011324,233.80286666666666,232.45384666666666,265.6864425093999,245.22272345847472,239.13308252062154,239.13308252062154,325.49826,325.49826,233.80286666666666,233.80286666666666,276.62542255696246,276.62542255696246,325.49826,178.285,338.0
T000307,2007-03-31,221.83438,69.52547,362.5271,140.64899,491.5455,534.0,231.69260041616815,231.69260041616815,283.5763350255025,375.5674043904937,295.4521179392985,376.07670787072743,258.67450813697394,387.0712148944517,261.37931477483943,393.98679304472705,271.7941145627225,378.0875402778694,217.96231666666665,233.90665333333334,313.96264915303914,321.988633583862,227.3537741689133,227.3537741689133,362.5271,362.5271,217.96231666666665,217.96231666666665,354.4882694677227,354.4882694677227,362.5271,221.83438,495.0
T000307,2007-06-30,229.52019,235.05415,346.90744,169.73196,435.13208,446.0,269.48768237425855,269.48768237425855,281.0347126424467,347.97656813273704,289.1312035436594,348.4479321551042,258.7106292542931,358.42270568948027,261.3727913450571,363.3775752848331,279.3231926919211,352.318970895818,270.49392666666665,279.97272999999996,304.897202052372,306.3005152184188,274.9930108072035,274.9930108072035,346.90744,346.90744,270.49392666666665,270.49392666666665,333.49731511654204,333.49731511654204,346.90744,229.52019,293.0
T000307,2007-09-30,215.07614,99.95564,342.35052,176.22795,204.21875,132.0,229.41856656660232,229.41856656660232,270.9295561956547,225.4121430426691,257.8955319641476,226.4820417894571,228.10135001714588,246.94456274597275,235.86762012754767,242.50458646612327,261.65849704561026,257.08020348775676,219.12743333333333,160.13411333333332,278.86180449955356,202.45950632902162,227.05298954020327,227.05298954020327,342.35052,342.35052,219.12743333333333,219.12743333333333,247.126852222058,247.126852222058,342.35052,215.07614,735.0
T000308,2006-12-31,1085.2367,1108.3508,1069.1528,832.7715,1111.879,809.0,1085.7588235627395,1085.7588235627395,1078.178399965466,1073.3788902146048,1082.1832575216215,1071.7276947542432,1085.6037441236492,1083.2121509869949,1084.0948361166168,1084.807346679101,1079.8744451596133,1085.8498137226288,1087.5801,972.3252499999999,1079.1151448343446,1085.3577497036558,1086.1897202767477,1086.1897202767477,1069.1528,1069.1528,1087.5801,1087.5801,1090.532757636755,1090.532757636755,1069.1528,1085.2367,854.0
T000308,2007-03-31,1254.3872,775.0346,1160.8301,809.595,1435.2291,1562.0,1098.603558989353,1098.603558989353,1213.330361660984,1272.1722767538727,1239.039428835037,1259.5861199876126,1258.5829532173484,1210.7906368922002,1249.2659535205053,1203.805293551085,1185.6169821389917,1263.9776318231334,1063.4172999999998,1122.41205,1220.764303677921,1262.9807284364977,1082.2257721086607,1082.2257721086607,1160.8301,1160.8301,1063.4172999999998,1063.4172999999998,1293.9582676221744,1293.9582676221744,1160.8301,1254.3872,1681.0
T000308,2007-06-30,1232.799,1200.3296,1092.1989,852.1658,1368.8151,1078.0,1176.6801526859297,1176.6801526859297,1171.0976905734628,1212.6698628782656,1197.067687421421,1199.788328425163,1228.289812245819,1174.007546254558,1217.121676237639,1180.3989202232592,1171.5655815026996,1215.597499331767,1175.1091666666666,1110.49045,1171.8519819890926,1204.3100127032253,1173.2315190743966,1173.2315190743966,1092.1989,1092.1989,1175.1091666666666,1175.1091666666666,1246.269440136428,1246.269440136428,1092.1989,1232.799,1283.0
T000308,2007-09-30,1211.1637,857.6444,1101.369,865.71295,1281.2709,987.0,1082.4284766251387,1082.4284766251387,1162.9811115232221,1173.979201642741,1179.8922187778762,1165.736580878478,1204.7660676182863,1134.7069353294175,1196.7985492865935,1130.3761379600976,1143.2552556577534,1189.3225202506144,1056.7257,1073.491925,1160.7993355082783,1177.9044287051804,1069.6391621558982,1069.6391621558982,1101.369,1101.369,1056.7257,1056.7257,1209.4485752916728,1209.4485752916728,1101.369,1211.1637,1008.0
T000309,2006-12-31,3981.275,3727.9985,4435.1426,2832.476,6240.1055,4350.0,4079.9662505038336,4079.9662505038336,4180.451424670251,4934.22403381649,4348.33365025215,4830.592474438197,4210.74975893401,4435.195897443998,4190.487577073076,4435.268305394772,4157.017628240414,4554.475378520081,4048.1386999999995,4502.5747,4385.044896386623,4735.980578875352,4085.822308335274,4085.822308335274,4435.1426,4435.1426,4048.1386999999995,4048.1386999999995,4578.187293579783,4102.822290521493,4435.1426,4435.1426,4384.0
T000309,2007-03-31,4287.34,3432.7764,4415.6787,2648.3687,5507.2197,3964.0,4119.77403539091,4119.77403539091,4343.660485121273,4676.105376245359,4445.354246844709,4611.1299306792625,4398.523707366567,4415.711786937297,4380.66363379468,4415.757988352288,4289.0997939156005,4527.709269615705,4045.265033333333,4190.422366666667,4446.108914631333,4631.991893359738,4095.80764836827,4095.80764836827,4415.6787,4415.6787,4045.265033333333,4045.265033333333,4542.05522171531,4061.108407070642,4415.6787,4415.6787,4245.0
T000309,2007-06-30,4903.464,4712.6274,4555.8496,2953.1484,3552.626,6132.0,4731.801747545456,4731.801747545456,4750.916002839826,4149.140484320468,4657.714294837583,4199.539414638861,4757.91724402161,4555.820534795429,4765.521100078535,4555.781863927661,4745.303937181137,4515.533235453773,4723.980333333333,3687.2079999999996,4623.3166884335005,4411.073536557955,4714.723215063713,4714.723215063713,4555.8496,4555.8496,4723.980333333333,4723.980333333333,4502.357936831646,4682.285607545725,4555.8496,4555.8496,7619.0
T000309,2007-09-30,4548.475,3143.8687,4485.424,2983.9175,5166.556,3552.0,4175.302114830901,4175.302114830901,4520.805537029117,4627.256679187751,4584.427912621809,4585.560009316992,4590.831160537469,4485.44548461492,4574.194750897635,4485.476678327639,4435.9123732457065,4594.378635785602,4059.2559,4211.965833333333,4563.892788848551,4654.082894382353,4127.370693504501,4127.370693504501,4485.424,4485.424,4059.2559,4059.2559,4603.336824295176,4052.3593175183782,4485.424,4485.424,4202.0
T000310,2006-12-31,931.73724,570.2932,906.7467,-313.88654,3030.9937,1891.0,841.158253805705,841.158253805705,920.770327165114,889.9491013541129,1118.9922248118087,870.1337206517886,1096.2397742910332,906.9325985241777,1050.9412010017618,906.6550541636508,899.0780747847443,1100.801953990067,802.9257133333333,128.20332999999997,1080.1395415910195,884.0821901223751,813.2807337634397,813.2807337634397,906.7467,906.7467,802.9257133333333,802.9257133333333,1561.538328230804,808.2601669998558,906.7467,906.7467,1766.0
T000310,2007-03-31,696.007,-208.92249,769.04016,-409.6936,2180.3306,353.0,515.4216336333307,515.4216336333307,728.0570597336545,739.3190503091148,859.6471441657275,723.7146360889292,822.2209148595741,769.0783890584097,795.5647968887042,768.7344222076189,671.3787954127347,846.5446856558976,418.7082233333333,-309.308045,846.9891770069711,674.4250347971971,449.08021367342326,449.08021367342326,769.04016,769.04016,418.7082233333333,418.7082233333333,1173.6785761947795,434.3223793498163,769.04016,769.04016,477.0
T000310,2007-06-30,616.499,1203.2527,717.4254,-241.6867,-1974.9497,432.0,784.1023078147936,784.1023078147936,660.7898009006142,612.2312479224565,409.4740332631582,700.1089457501237,421.0749834348892,717.1964961306338,481.14555773694656,717.5402170199745,694.9499002620105,121.07001619651896,845.7257,480.783,468.8810236145794,783.1631712873584,830.8950378357788,830.8950378357788,717.4254,717.4254,845.7257,845.7257,-135.9663503368903,838.0712742976008,717.4254,717.4254,705.0
T000310,2007-09-30,918.59076,915.634,769.1099,-196.82758,-153.23877,351.0,866.9983840507326,866.9983840507326,852.9921950188593,700.9057577260746,767.1084494649158,746.4377727619727,816.89359314937,769.0292320770309,830.4109430932668,769.193132877553,855.4220574282557,475.69934502991964,867.7782199999999,359.40321,760.4486039732061,797.1435579745855,862.9678328426369,862.9678328426369,769.1099,769.1099,867.7782199999999,867.7782199999999,539.1520228626055,865.3355279899722,769.1099,769.1099,397.0
T000311,2006-12-31,486.21542,389.0698,539.1208,175.3754,731.052,747.0,480.1279781428216,480.1279781428216,509.43255300138856,622.0313877051685,527.2790169433636,555.63772434971,511.49330895331974,540.440357162165,509.51686797036245,541.9082944954206,502.560927555243,558.8883688565728,471.4686733333333,175.3754,531.8641430204611,573.7048020084598,477.2557129201808,477.2557129201808,539.1208,539.1208,471.4686733333333,471.4686733333333,658.1245805808799,602.2450057277392,539.1208,731.052,686.0
T000311,2007-03-31,453.73242,275.2495,518.19354,147.53519,681.2459,514.0,432.268741339973,432.268741339973,482.0207036577011,588.629024143874,497.15947877488424,530.7872289652853,478.89146409252396,519.3008515846792,477.961164893161,520.484570383331,469.9675152174399,528.4758848282071,415.7251533333333,147.53519,503.91881959458624,548.1463822469397,425.01408452056285,425.01408452056285,518.19354,518.19354,415.7251533333333,415.7251533333333,619.2914713036891,564.6843554473171,518.19354,681.2459,365.0
T000311,2007-06-30,434.04666,510.71732,502.89255,194.27249,55.633545,426.0,473.57593270614154,473.57593270614154,464.259167399606,309.6852602994259,422.4505851331733,437.42981752778803,411.4152257225518,499.6827103929108,423.3922902340765,495.6383357513767,467.75070116964446,392.72962753152643,482.55217666666664,194.27249,439.96236806798413,427.9373314494713,482.52310617579263,482.52310617579263,502.89255,502.89255,482.55217666666664,482.55217666666664,225.57696767757076,221.95338637699263,502.89255,55.633545,406.0
T000311,2007-09-30,481.4849,496.32376,514.26,203.35295,266.68457,360.0,495.24225100291363,495.24225100291363,495.86800916269397,407.31217493216445,472.7314462622605,474.75616857242585,467.9505069388836,512.4869716521135,474.37564539867606,510.2655640259339,496.2040297684832,455.0599412482222,497.3562199999999,203.35295,481.6421367532268,472.61287452124594,498.1487093434456,498.1487093434456,514.26,514.26,497.3562199999999,497.3562199999999,360.7549307411355,342.5352089504669,514.26,266.68457,254.0
T000312,2006-12-31,197.97998,97.75404,195.3591,86.2563,171.509,236.0,166.1741909306138,166.1741909306138,196.82982628140508,164.32242050199199,194.60761351777455,165.46231971541192,195.58523197411827,181.9578308172286,195.98250639853677,172.47351446596235,190.7394548492632,189.42226337629683,163.69770666666665,126.45647999999998,194.61802630087615,171.01154422146615,166.93859052514944,166.93859052514944,195.3591,195.3591,163.69770666666665,163.69770666666665,177.66759898418314,129.88818130939995,195.3591,171.509,214.0
T000312,2007-03-31,217.26665,187.12662,189.57663,78.42139,83.06807,124.0,200.53196328451196,200.53196328451196,205.1150904204051,139.92171890209212,195.20961764985893,128.7871069609641,203.55423378203105,170.0992389724576,204.71504782175413,155.08710387483617,203.7534660824884,167.7784739299797,197.98996666666665,151.70821333333333,192.91009797668423,142.10963881000845,197.95101411560748,197.95101411560748,189.57663,189.57663,197.98996666666665,197.98996666666665,110.57082719694307,100.72030238266072,189.57663,83.06807,199.0
T000312,2007-06-30,221.70367,100.339195,190.95055,92.78633,156.93387,228.0,175.8391375017736,175.8391375017736,208.2078917398748,156.6573706215047,205.06946344145123,156.46387726767708,213.18776110639322,176.36327209392792,212.71792010569465,165.9019429793254,201.31471989493156,190.4498300313613,170.99780499999997,128.02535833333334,201.1196885592447,165.58247137224566,173.88313646976894,173.88313646976894,190.95055,190.95055,170.99780499999997,170.99780499999997,165.71769442393466,125.4142302589716,190.95055,156.93387,38.0
T000312,2007-09-30,220.96721,120.43402,191.19798,94.94487,245.47357,174.0,181.83034261099453,181.83034261099453,207.90320455747363,201.72340079602682,213.00135306890968,210.09320892671496,219.670549576182,194.41625823170708,217.39551640761965,197.52344936268855,202.2682048160329,215.24634632285904,177.53306999999998,135.52562333333333,207.73353291424544,190.47929261470682,179.761351334339,179.761351334339,191.19798,191.19798,177.53306999999998,177.53306999999998,231.45846761301033,172.94087628846478,191.19798,245.47357,230.0
T000313,2006-12-31,293.53214,265.09863,304.76828,204.22067,287.3962,255.0,291.1149260108097,291.1149260108097,298.4630365704853,298.3048622578285,296.8293008025365,298.6599979804147,294.26960126453247,302.80755507274336,295.06329860434033,302.902409960309,296.52599295279185,297.0565622885787,287.79968333333335,284.933455,298.76601893974083,298.9714576344042,289.89723955850036,289.89723955850036,304.76828,304.76828,287.79968333333335,287.79968333333335,298.61772885098435,253.46824444065012,304.76828,204.22067,310.0
T000313,2007-03-31,305.24506,289.54932,318.4452,200.01013,297.50714,379.0,305.9992698135579,305.9992698135579,311.037843380763,310.7528217502949,309.06914299625157,311.1786029260008,306.0692468620131,316.1069759794495,307.0127285484366,316.22002540132826,309.8463423716281,309.2450815542691,304.4131933333333,303.99726,311.353155903372,311.5294220063047,305.9862633951925,305.9862633951925,318.4452,318.4452,304.4131933333333,304.4131933333333,311.0321205650009,263.9642884839027,318.4452,200.01013,598.0
T000313,2007-06-30,292.85403,266.7868,309.64914,208.79134,267.12692,321.0,292.57623515590603,292.57623515590603,300.22443925975676,296.8861783070183,296.2377957724622,297.6849912689994,292.6375093759849,305.6309103627924,294.1694460242319,305.82317857875154,298.33517187813806,293.730589874467,289.76332333333335,288.21797000000004,299.4069043486526,297.67896253198245,292.0716267878431,292.0716267878431,309.64914,309.64914,289.76332333333335,289.76332333333335,294.59423068115643,257.16710611558085,309.64914,208.79134,479.0
T000313,2007-09-30,321.68402,270.33743,309.9146,211.61633,165.29727,291.0,307.750030400475,307.750030400475,316.51909746302545,286.17998600758216,303.0397630535579,288.4434035914977,307.9415604700848,301.2738631554113,310.5086368991189,301.6709964055244,313.5810658096322,274.8040048034132,300.64535,290.126015,303.70790953248235,283.4794338323229,302.53100510828244,302.53100510828244,309.9146,309.9146,300.64535,300.64535,258.7131154800651,259.49712565327053,309.9146,211.61633,345.0
T000314,2006-12-31,1894.1296,1349.3309,1948.669,285.68347,4195.011,3129.0,1773.9682738141628,1773.9682738141628,1918.0638105399476,1948.669,2127.5858258717717,1885.7208326813472,2083.3733988540503,1948.899735486311,2038.577568404106,1948.5139465374596,1883.7569091664964,2281.2483879897304,1730.7098333333333,817.5071849999999,2098.3823284502587,2017.0744783986995,1749.6392577835663,1749.6392577835663,1948.669,1948.669,1730.7098333333333,1730.7098333333333,2628.656042162167,1738.0850485496617,1948.669,1948.669,2976.0
T000314,2007-03-31,1636.0991,551.3346,1787.4935,164.84387,3186.1833,1370.0,1411.6962682299477,1411.6962682299477,1702.5374077952642,1787.4935,1832.8617907081048,1714.501672131704,1776.1035781247313,1787.6243940430015,1752.7168904820803,1787.1634259276507,1633.4803914917775,1973.7828468889293,1324.9757333333332,358.08923500000003,1831.9125391698992,1776.9359947756473,1364.2768922410173,1364.2768922410173,1787.4935,1787.4935,1324.9757333333332,1324.9757333333332,2171.47213615187,1340.294871977606,1787.4935,1787.4935,1639.0
T000314,2007-06-30,1525.3215,2090.4333,1723.9633,372.11694,-1700.407,1407.0,1738.5373635177498,1738.5373635177498,1612.4939783043847,1723.9633,1292.7704382969196,1687.9568717787793,1290.0340116518073,1723.580911385421,1369.1326099087548,1723.9968677470467,1643.6223610868155,1167.0827002812514,1779.9060333333332,1231.27512,1378.6422480518997,1880.8852140166662,1769.8727003014055,1769.8727003014055,1723.9633,1723.9633,1779.9060333333332,1779.9060333333332,592.7974558637704,1776.0371948615634,1723.9633,1723.9633,1628.0
T000314,2007-09-30,1862.3457,1820.9187,1785.0085,428.34094,384.21558,1176.0,1824.9287157843974,1824.9287157843974,1828.4068442852317,1785.0085,1697.8011294735163,1742.9785025035071,1736.1554443110454,1784.8693288764366,1762.4273164716774,1785.0373431212483,1827.221350873514,1585.2868987142228,1822.7576333333332,1124.6298199999999,1709.6535750934752,1903.103774783502,1821.1313746362252,1821.1313746362252,1785.0085,1785.0085,1822.7576333333332,1822.7576333333332,1375.51902713784,1822.1111450865499,1785.0085,1785.0085,1226.0
T000315,2006-12-31,1607.4617,1430.0757,2446.0012,485.56116,2559.9685,2647.0,1869.9571051426578,2175.6067807769946,1975.4485304209866,2510.1769071526896,1985.1180420535645,2397.1196051692214,1774.854052633828,2445.9733142993477,1804.6466808285877,2445.863486499653,1949.942177165428,2371.5614483133577,1827.8462,1465.78118,2106.291267973969,2681.0740202183783,1896.3902799112766,2220.486694305638,2446.0012,2446.0012,1827.8462,2204.4771333333333,2297.1175465243655,2297.1175465243655,2446.0012,2559.9685,2364.0
T000315,2007-03-31,1768.387,1519.8568,2398.7715,337.6687,1797.1083,1781.0,1937.7411524778101,1989.498531214922,2045.0265549661262,2059.971148252176,1988.1666480025538,2247.081037078,1839.472173820763,2398.635660559356,1876.2161892409677,2398.244046178152,2018.800236557576,2126.13751595509,1895.6717666666664,1368.2201,2090.6452343496608,2562.212191951675,1954.0133227855274,2020.6190472796166,2398.7715,2398.7715,1895.6717666666664,1988.0889333333332,2012.7874098988027,2012.7874098988027,2398.7715,1797.1083,1917.0
T000315,2007-06-30,2251.1667,1690.4897,2545.5906,593.80164,2384.5928,4276.0,2222.255530541861,2390.406068572701,2380.37244136482,2454.931720961651,2365.0129107193216,2458.769563242836,2293.927657491178,2545.5223149078647,2308.5840889997166,2545.307921408552,2340.903514352409,2456.0874291224263,2162.4156666666668,1569.69612,2410.8881679195065,2728.8005392539576,2215.96154604996,2405.3982647970106,2545.5906,2545.5906,2162.4156666666668,2393.7833666666666,2413.1664958829947,2413.1664958829947,2545.5906,2384.5928,3452.0
T000315,2007-09-30,1991.5508,917.0531,2475.3792,635.51624,2197.5366,1230.0,1906.8393064727866,2216.3853030162495,2203.8752991841857,2318.9242753668664,2177.3964252098986,2376.0099510741597,2060.762685044644,2475.296216300692,2085.1247501822295,2475.0458612157336,2129.6404411512012,2324.1137249350477,1794.661033333333,1555.44772,2253.003351235243,2810.146026297775,1891.7108470904097,2240.9714894343124,2475.3792,2475.3792,1794.661033333333,2221.4888666666666,2252.4732758396485,2252.4732758396485,2475.3792,2197.5366,963.0
T000316,2006-12-31,1353.1577,1092.3025,1460.3473,820.23883,1391.2123,1756.0,1322.066167558542,1322.066167558542,1400.19705969396,1439.6211128667064,1393.6235467212719,1419.7440373835861,1367.8873535034904,1432.9251068250228,1373.4428671967564,1446.9765359674811,1382.354469615667,1402.7269539241815,1301.9358333333332,1124.29621,1410.4994172684135,1448.5429628136646,1314.931018325494,1314.931018325494,1460.3473,1460.3473,1301.9358333333332,1301.9358333333332,1419.239269530678,1390.7787481045673,1460.3473,1391.2123,2068.0
T000316,2007-03-31,1333.5718,1427.1748,1417.9722,767.8562,1340.1273,1190.0,1386.376634367263,1386.376634367263,1370.6102885652535,1394.6348460581107,1363.2503284781337,1375.3773590221897,1343.3050826153049,1392.1582061280171,1348.1680669349894,1405.0448314806065,1374.866793202818,1370.7974300538335,1392.9062666666664,1204.3344,1376.9260081549935,1408.1131069380917,1391.679592345373,1391.679592345373,1417.9722,1417.9722,1392.9062666666664,1392.9062666666664,1374.4068796811025,1382.750695131996,1417.9722,1340.1273,1437.0
T000316,2007-06-30,1377.4973,1084.2795,1414.0347,851.6374,989.2987,1537.0,1314.0909045789256,1314.0909045789256,1393.5314665691644,1286.7018321581465,1353.8614209304046,1313.626420493223,1350.5603431861107,1332.3325292729482,1360.8277303631608,1368.357974555329,1374.9415717481847,1363.4620680100663,1291.9371666666666,1116.6505333333332,1366.258668293185,1400.3378114020297,1304.1965411788822,1304.1965411788822,1414.0347,1414.0347,1291.9371666666666,1291.9371666666666,1208.1278669685503,1183.1903369870315,1414.0347,989.2987,1689.0
T000316,2007-09-30,1402.638,1141.7018,1422.417,859.12854,1016.15985,1191.0,1341.8950906906086,1341.8950906906086,1411.3178672202043,1300.6239615225504,1373.391165906799,1325.2556725531683,1374.00916401514,1346.3854762848243,1383.2478844831319,1379.6168694807561,1394.997061952071,1381.444325571029,1322.2522666666666,1141.0824466666666,1383.0229367328552,1410.7505862550436,1332.805741540129,1332.805741540129,1422.417,1422.417,1322.2522666666666,1322.2522666666666,1226.606004160261,1205.1466802228322,1422.417,1016.15985,1357.0
T000317,2006-12-31,390.7096,324.0409,385.47006,246.64955,342.13068,311.0,372.8480297375469,372.8480297375469,388.41026679331867,361.214890307631,384.3727051346093,368.6337683725245,386.26791246787496,367.3281360663364,386.97152232134493,370.16134085025527,384.42011401646187,380.1859750202307,366.74018666666666,366.74018666666666,384.32162564820794,328.2542650570263,368.574502369286,368.574502369286,385.47006,385.47006,366.74018666666666,366.74018666666666,376.7955928420597,362.9839438842756,385.47006,324.0409,342.0
T000317,2007-03-31,412.12442,459.0766,387.46643,238.771,276.17838,375.0,415.6033628093211,415.6033628093211,401.3034442622412,388.42331100037563,390.94855843122195,386.53250005373224,398.6036999859725,393.39148327874364,399.9806043240602,388.3761522984602,404.60869004433596,378.66946240493337,419.5558166666666,419.5558166666666,389.17317371986223,385.39257752678,417.18830620659116,417.18830620659116,387.46643,387.46643,419.5558166666666,419.5558166666666,369.11966516897155,422.3635116924041,387.46643,459.0766,411.0
T000317,2007-06-30,434.70615,316.7974,394.24976,252.27853,334.0715,488.0,393.1040191136902,393.1040191136902,416.95216378184887,362.73352857546445,411.3840000238759,372.31867324363884,422.2742248043236,370.85501373675066,421.9781824973931,374.3686595471376,410.4400430195735,401.04436904618365,381.91776999999996,381.91776999999996,406.44353916177755,329.43149190231236,383.9783907274798,383.9783907274798,394.24976,394.24976,381.91776999999996,381.91776999999996,393.8374616429535,375.4531554902304,394.24976,316.7974,331.0
T000317,2007-09-30,439.56287,290.10968,390.76654,257.33826,282.01254,396.0,387.6280524582917,387.6280524582917,418.1489630667231,344.6510080636622,408.0582460836521,358.38353964083035,421.6867755628663,357.4888821425486,422.0846923317085,361.7319087776386,409.85126033513393,392.6894660837838,373.47969666666665,373.47969666666665,402.69843551870196,317.8410757397034,376.18583652974985,376.18583652974985,390.76654,390.76654,373.47969666666665,373.47969666666665,381.49669935275654,365.2713665540674,390.76654,290.10968,433.0
T000318,2006-12-31,995.72156,830.6727,769.445,368.73645,458.03094,781.0,878.8698591704684,878.8698591704684,896.4217725565175,673.6477430109741,867.6267513302208,774.8837182979846,928.1935705027686,789.2073164242429,926.0124228653135,790.5337853684393,890.269184958379,775.433391637966,865.2797533333334,865.2797533333334,839.5773821440617,852.8610318269306,861.6106605291911,861.6106605291911,769.445,769.445,865.2797533333334,865.2797533333334,710.2833503847937,671.3988754435875,769.445,458.03094,776.0
T000318,2007-03-31,1053.3408,968.3634,751.6185,346.7646,443.76315,614.0,933.8364004734019,933.8364004734019,920.9322100118957,675.7064214449293,892.5559236431999,780.2778087250948,971.8523906599828,779.4444810150583,966.7024028563261,782.1750189758537,920.9996116053912,785.5073433384093,924.4408999999999,924.4408999999999,853.3754736146741,881.9261891751859,913.9109814831925,913.9109814831925,751.6185,751.6185,924.4408999999999,924.4408999999999,714.3136239852732,701.1720091411861,751.6185,443.76315,636.0
T000318,2007-06-30,1030.9502,789.7037,760.49426,381.8582,646.0334,686.0,879.4662862058958,879.4662862058958,912.2626198333788,770.3837154369994,901.8941915452177,818.3753897987197,970.770870401209,783.635169244105,962.7836933621035,784.9075834471253,902.2166244165837,829.8248778612667,860.3827200000001,860.3827200000001,864.0989682688265,905.9890211516762,857.8321170601944,857.8321170601944,760.49426,760.49426,860.3827200000001,860.3827200000001,789.5861731698134,726.4521721618617,760.49426,646.0334,1755.0
T000318,2007-09-30,1058.2208,962.2213,761.3566,387.5785,779.88055,951.0,937.310708726428,937.310708726428,927.9441511081329,841.7827383684344,930.0136135227368,853.62630593517,1003.649443491092,788.5993248069497,991.8732690971935,791.1976909599306,927.2518916627503,872.2299471998015,927.2662333333334,927.2662333333334,886.1401059754079,946.6692928341113,917.4228753290465,917.4228753290465,761.3566,761.3566,927.2662333333334,927.2662333333334,849.1093300450902,828.0355902444683,761.3566,779.88055,1052.0
T000319,2006-12-31,4301.306,3731.5764,5045.9023,2290.7983,4718.295,5495.0,4424.7762312248715,4424.7762312248715,4628.066554965143,5045.9023,4596.644926388968,5035.512371521256,4415.78569224086,5045.6509351515115,4451.191151330788,5045.458440850591,4580.180531760985,4722.526067454363,4359.5949,4018.3318666666664,4711.3454605053685,4809.974039385755,4439.4724755507505,4439.4724755507505,5045.9023,5045.9023,4359.5949,4359.5949,4801.845122302309,4801.845122302309,5045.9023,4718.295,5550.0
T000319,2007-03-31,4473.4673,4391.2134,4965.09,2091.358,3814.8708,3960.0,4628.521928934162,4628.521928934162,4689.212269838639,4965.09,4581.331318654187,4946.068390380594,4474.6559095091525,4964.428270674153,4517.5262827748475,4964.014291601487,4675.589573508612,4618.1454484833375,4609.923566666666,3623.772933333333,4672.53179884609,4754.354693895463,4643.857428878814,4643.857428878814,4965.09,4965.09,4609.923566666666,4609.923566666666,4377.7997215450605,4377.7997215450605,4965.09,3814.8708,4401.0
T000319,2007-06-30,4997.3096,3900.0325,5114.8438,2430.6975,4304.0728,6987.0,4764.77504085582,4764.77504085582,5048.888610558317,5114.8438,4973.108244814902,5099.745099952533,4954.912456528163,5114.401179459303,4976.345151710623,5114.137623629015,4979.656947367552,4955.347759714924,4670.728633333333,3949.8713666666663,5003.786407854155,4960.385008938692,4747.791063767945,4747.791063767945,5114.8438,5114.8438,4670.728633333333,4670.728633333333,4729.957054797958,4729.957054797958,5114.8438,4304.0728,7227.0
T000319,2007-09-30,4718.514,3347.6357,5050.622,2473.1802,4247.499,3768.0,4494.185136544579,4494.185136544579,4864.257128710637,5050.622,4788.943726819201,5035.874679065811,4717.23694774697,5050.1611185126785,4746.742364104334,5049.873440724194,4774.5269153427125,4812.518492443228,4372.257233333334,3923.7670666666663,4850.9852632297625,4875.111420938577,4479.339436888017,4479.339436888017,5050.622,5050.622,4372.257233333334,4372.257233333334,4641.972919966585,4641.972919966585,5050.622,4247.499,3805.0
T000320,2006-12-31,849.8168,689.6942,871.958,515.05945,822.3479,1152.0,815.1907221431264,815.1907221431264,859.5333011424234,834.8150030609801,854.8792113722577,830.8343519869662,850.0449728595602,870.1369634421873,851.9299646899452,870.2862839400999,849.3433639025693,856.750761298742,803.8229999999999,668.703675,858.9502929719804,854.2704167907174,817.8490043777183,817.8490043777183,871.958,871.958,803.8229999999999,803.8229999999999,844.355071587102,844.355071587102,871.958,822.3479,1142.0
T000320,2007-03-31,851.132,661.94275,830.95386,479.71307,918.6319,660.0,795.0149190707527,795.0149190707527,842.276973155837,896.5982584458662,850.4805623980182,903.3535828887739,854.3069951032699,833.5806932166627,851.7027193704029,832.2738589512801,831.0466480741632,852.2852428642566,781.34287,699.172485,846.0670302741064,860.3350925138368,794.4734333872477,794.4734333872477,830.95386,830.95386,781.34287,781.34287,878.8548141737326,878.8548141737326,830.95386,918.6319,919.0
T000320,2007-06-30,863.5513,705.7918,818.54,534.75085,572.6182,768.0,807.5082133564135,807.5082133564135,843.7984253648419,634.4187693506308,820.9055425141217,616.971532560053,835.4628165511978,810.4077595927669,838.8690779282927,812.7255095459433,834.9260734497432,788.4362068835478,795.9610333333333,553.684525,818.3732005900481,746.2029500277922,804.8169222300804,804.8169222300804,818.54,818.54,795.9610333333333,795.9610333333333,688.9192050185485,688.9192050185485,818.54,572.6182,886.0
T000320,2007-09-30,876.0719,855.9146,832.25793,538.88354,766.10004,735.0,856.4213259273913,856.4213259273913,856.8444647408855,782.7256310172925,850.7222575621921,778.5001151578938,862.5297283509935,829.9394551036723,862.2296826798619,830.3324806633706,856.3756411746474,833.435269924906,854.7481433333332,652.49179,845.3880949271105,815.9407011498447,853.0527753774729,853.0527753774729,832.25793,832.25793,854.7481433333332,854.7481433333332,798.8642390488644,798.8642390488644,832.25793,766.10004,753.0
T000321,2006-12-31,1026.1284,868.19385,1133.3579,694.01245,1197.7534,1432.0,1020.7706311696437,1020.7706311696437,1073.18526951256,1181.4390165026969,1079.0701649388316,1157.0992810886314,1051.5028242273165,1148.4726270591414,1054.2726629549018,1140.1087798142835,1061.6431098171545,1088.0151474938452,1009.2267166666666,1026.1284,1093.7401460865522,1159.0190022676488,1023.9503958654348,1023.9503958654348,1133.3579,1133.3579,1009.2267166666666,1009.2267166666666,1113.9910603556737,1113.9910603556737,1133.3579,1026.1284,1754.0
T000321,2007-03-31,984.8165,823.99194,1089.8995,668.4558,913.90485,886.0,977.9855561972872,977.9855561972872,1030.9313939329973,958.4925030747279,1014.3902497166526,991.1332904198749,990.635835976035,1033.3185319291279,998.3410280471285,1048.2904018989827,1019.2497902108723,1028.941213700043,966.2359799999999,984.8165,1032.726943340076,1056.1932249871884,981.0273661955084,981.0273661955084,1089.8995,1089.8995,966.2359799999999,966.2359799999999,999.7259669222324,999.7259669222324,1089.8995,984.8165,1154.0
T000321,2007-06-30,1020.838,760.66113,1082.3331,713.5492,722.4846,1154.0,973.4715297999221,973.4715297999221,1047.8246678140047,813.6510080553654,1014.1799718867273,890.6851967537443,1003.782010828058,971.2850966416352,1013.6525192670266,1004.29391543398,1030.821723241764,1028.9098777929323,954.6107433333333,1020.838,1029.1651481510207,999.3841385645908,973.2126464582974,973.2126464582974,1082.3331,1082.3331,954.6107433333333,954.6107433333333,953.0821811273837,953.0821811273837,1082.3331,1020.838,1709.0
T000321,2007-09-30,1061.7385,868.19836,1093.3657,723.2533,928.6854,885.0,1021.7784990849548,1021.7784990849548,1075.6178617749558,970.406600528778,1060.21677010306,1001.4551912435679,1054.5909361646138,1040.6503941590086,1059.241749453512,1054.7775900502882,1063.2163114105088,1067.2990572490862,1007.76752,1061.7385,1067.5859577958906,1055.7239307265884,1020.9119664551101,1020.9119664551101,1093.3657,1093.3657,1007.76752,1007.76752,1032.9630860707116,1032.9630860707116,1093.3657,1061.7385,1061.0
T000322,2006-12-31,314.7163,299.61148,271.1193,177.01746,241.45032,257.0,298.01450297135625,298.01450297135625,295.5840804136075,264.4093527036436,292.8660552004346,265.1033963511695,304.12185229069996,266.36479173061156,303.068491431519,267.94656812091205,295.4207959589748,276.6683360020013,295.1490266666666,295.1490266666666,286.9593467875059,272.8011953395525,293.54281608905234,293.54281608905234,271.1193,271.1193,295.1490266666666,295.1490266666666,271.81738591229083,270.1416202068712,271.1193,271.1193,258.0
T000322,2007-03-31,334.54306,284.56046,300.69418,169.20407,380.5504,439.0,312.82101834366455,312.82101834366455,319.68873046096184,338.7937845567108,327.1782514963031,339.14182711059493,334.51396577338977,328.09352487526405,331.54846333705905,316.3582940282581,317.21985409753177,330.39681860265847,306.59923333333336,306.59923333333336,320.8880099347926,315.5280727726444,306.30591200125264,306.30591200125264,300.69418,300.69418,306.59923333333336,306.59923333333336,335.4623807642573,320.89910979081793,300.69418,300.69418,245.0
T000322,2007-06-30,310.9259,294.43002,274.03766,183.3313,271.23114,130.0,295.94392403977594,295.94392403977594,294.73776990307715,277.74553090425746,294.5183139872281,278.29142375566084,303.7379479200773,276.7522734761793,302.3812711135216,275.8196584533883,294.37214283003425,284.2358592256286,293.13119333333333,293.13119333333333,289.1512193275412,279.8549442605424,291.8647779804159,291.8647779804159,274.03766,274.03766,293.13119333333333,293.13119333333333,282.04527821073816,279.08099640577666,274.03766,274.03766,258.0
T000322,2007-09-30,336.689,316.81937,277.64578,187.54211,146.25081,297.0,314.20411181920434,314.20411181920434,310.7783215100195,230.16437136728086,298.58696827818636,231.27347189378835,315.07471257682556,243.64443455175277,315.55208514577987,253.35776892850436,310.5931093775014,262.6484211799985,310.38471666666663,310.38471666666663,292.09837813247356,257.27540067569873,308.1948043296263,308.1948043296263,277.64578,277.64578,310.38471666666663,310.38471666666663,248.2492523364612,248.06520823339622,277.64578,277.64578,279.0
T000323,2006-12-31,1045.2063,786.28204,938.2036,528.8086,949.7537,733.0,942.0973105418316,942.0973105418316,998.2489599826393,926.2778170296126,999.4495617185531,950.7213228708063,1025.924634047056,936.0231256121383,1021.5782707925373,945.9192041121257,984.2657452235687,977.1586429700027,923.2306466666666,754.9481133333334,983.5549328175088,888.5186495403323,932.3440490368887,932.3440490368887,938.2036,938.2036,923.2306466666666,923.2306466666666,975.7029937911675,923.0647657027025,938.2036,949.7537,1154.0
T000323,2007-03-31,1129.0911,854.52527,984.2385,503.14832,920.20184,1187.0,1009.1623101676179,1009.1623101676179,1065.5236125384804,950.8072632421065,1059.7154352078824,978.578825038938,1096.6421417726096,975.9346276687913,1092.4213614085745,981.8593579839267,1051.2438709505104,1020.0479354011933,989.2849566666666,759.2918099999999,1039.5180843461833,908.2854010191866,997.6570289516641,997.6570289516641,984.2385,984.2385,989.2849566666666,989.2849566666666,1003.7023746519383,959.3866805809857,984.2385,920.20184,1210.0
T000323,2007-06-30,1078.0665,901.7422,955.1714,548.75494,588.52637,998.0,990.9689836391907,990.9689836391907,1024.134898300533,834.3508589684568,990.0679926892716,861.7570560954631,1025.656815135138,922.0878660757626,1028.5948564417565,902.8829628551082,1015.486296178285,919.20626523751,978.3267,679.6745033333334,978.1053249002999,820.2615922553515,982.4736415313955,982.4736415313955,955.1714,955.1714,978.3267,978.3267,848.9884699548812,836.4450895269872,955.1714,588.52637,1451.0
T000323,2007-09-30,1082.2375,844.6148,954.9413,558.6835,661.3098,927.0,977.7927504567997,977.7927504567997,1026.3745082594369,851.2638858583795,999.1248549842855,882.6230072363835,1034.8132677952342,927.0290548210353,1036.058431730763,914.6459226488417,1014.0498956054644,935.988048531867,960.5978666666665,688.2026999999999,985.3069316907224,837.8560242014079,967.7638759080878,967.7638759080878,954.9413,954.9413,960.5978666666665,960.5978666666665,878.7982447851796,845.7410863828752,954.9413,661.3098,1143.0
T000324,2006-12-31,3179.855,2691.6533,3207.3674,2457.9043,3004.9646,3574.0,3068.885123649028,3068.885123649028,3191.9286123620586,3128.3314398843177,3173.0127237985694,3154.883975646676,3168.9255449045377,3168.5125480199576,3174.2058777999778,3172.8920581242774,3161.5588210674637,3184.9146536397675,3026.2919,2785.6416666666664,3180.4028589391733,3106.3603021434715,3052.8133846539777,3052.8133846539777,3207.3674,3207.3674,3026.2919,3026.2919,3125.9893926406994,3125.9893926406994,3207.3674,3004.9646,4308.0
T000324,2007-03-31,3209.4167,2639.7302,3171.755,2397.1611,2984.3625,3172.0,3054.976730633908,3054.976730633908,3192.889142727783,3098.5803889967037,3175.4486227620455,3125.3303389723533,3187.3783281567266,3137.9490913376326,3189.8448725569842,3145.4607503696593,3158.6689480469686,3181.6281052439126,3006.9673,2736.215433333333,3173.0254252051427,3072.6909213924987,3035.441966385993,3035.441966385993,3171.755,3171.755,3006.9673,3006.9673,3117.083363566336,3117.083363566336,3171.755,2984.3625,3528.0
T000324,2007-06-30,3177.473,2679.11,3145.751,2499.7998,2683.3467,3050.0,3042.806469882162,3042.806469882162,3163.552035949273,2965.1874514121346,3120.445968174832,3029.094274363251,3134.6481763375814,3060.2310865034906,3143.0829738467182,3075.414989689859,3133.594746366873,3140.386669668864,3000.778,2774.886933333333,3123.4496426403266,2987.348429826581,3025.7311150193254,3025.7311150193254,3145.751,3145.751,3000.778,3000.778,2990.803101472529,2990.803101472529,3145.751,2683.3467,4304.0
T000324,2007-09-30,3198.6965,2917.661,3164.4329,2517.5898,2924.0842,2844.0,3116.9000235779095,3116.9000235779095,3183.6601736697403,3070.5795033718105,3161.2749117525623,3104.4070083135257,3173.0811090015213,3120.591561905162,3176.7833893765637,3129.4571475056746,3167.0527525812367,3170.2770681996776,3093.5968,2866.561233333333,3160.227551687014,3081.669116474915,3107.0877374439697,3107.0877374439697,3164.4329,3164.4329,3093.5968,3093.5968,3089.7139698894525,3089.7139698894525,3164.4329,2924.0842,3236.0
T000325,2006-12-31,12087.6,10296.762,14205.764,3683.7979,25374.5,20359.0,12410.51244459769,16940.20799180475,13017.140536458734,15553.452776067894,14056.754217232376,15728.543998733563,13377.220599246737,16281.654759853995,13225.359280458875,17831.302293879467,12870.503189560597,16304.980906262292,12196.708666666666,9395.441299999999,14182.61366961915,16849.69762972416,12409.492389746956,17142.194767030764,14205.764,14205.764,12196.708666666666,17222.62133333333,17009.113904694612,17009.113904694612,14205.764,14205.764,18560.0
T000325,2007-03-31,11297.812,6811.6514,13330.611,2704.7373,20395.414,8998.0,10919.068508937977,14813.910933786192,12189.890740349085,13687.627326682137,12846.70377640379,13719.761188443297,12244.390571765724,14462.653363576123,12174.916251364199,15411.325188631261,11879.728244845634,14412.452828573512,10480.0248,7615.666566666667,13028.011258911887,15052.182157211133,10803.485641258821,14980.563741642156,13330.611,13330.611,10480.0248,15007.945666666667,14913.597054101212,14913.597054101212,13330.611,13330.611,8935.0
T000325,2007-06-30,11718.144,14113.394,13234.668,4343.1543,19.432617,15664.0,12864.397716343607,8568.877298330934,12383.659291786917,8976.689047175354,11148.929172761342,8346.896426368003,10951.713575171469,9805.094686520632,11285.74063051001,7801.847416132339,12503.815928025268,9428.330303661609,13022.068666666666,10563.738766666667,11590.380379049424,10391.585471671882,13015.951954429824,8555.624106047584,13234.668,13234.668,13022.068666666666,8324.081538999999,8813.022039136005,8813.022039136005,13234.668,13234.668,15698.0
T000325,2007-09-30,12351.08,10986.904,13418.977,4513.1523,9435.198,8319.0,12399.092718869631,11795.312233417353,12819.718665496475,11358.47851888122,12446.80306092039,11045.34469582688,12235.341758044058,12101.199926561632,12359.466922516467,11447.825817748577,12717.547241986696,11885.769525192865,12252.320333333333,9639.677766666666,12669.509344935143,12605.235259926061,12379.475519550588,11825.589139143178,13418.977,13418.977,12252.320333333333,11735.085,11918.354148677407,11918.354148677407,13418.977,13418.977,7645.0
T000326,2006-12-31,5913.1904,4985.7646,6640.3335,3657.845,7611.3022,8988.0,5931.47286996253,5931.47286996253,6232.291747797558,7611.3022,6322.047887946098,7544.974269774423,6127.82147516593,6651.358409896721,6135.451916282667,6691.982162840282,6162.811277019009,6519.35072990453,5846.4295,5418.303933333333,6412.677969924579,7082.709470433041,5924.927648501609,5924.927648501609,6640.3335,6640.3335,5846.4295,5846.4295,6975.232639322076,6975.232639322076,6640.3335,7611.3022,8660.0
T000326,2007-03-31,5690.6406,4876.9077,6300.58,3432.0225,6525.7207,4996.0,5696.824838191956,5696.824838191956,5958.307974709096,6525.7207,5978.6127309156245,6496.205092867432,5823.730230296014,6303.035610631176,5842.431822805076,6310.355319389796,5897.835262906081,6125.993650168525,5622.709433333333,4944.883633333333,6064.396026499911,6392.268709397396,5690.125607688469,5690.125607688469,6300.58,6300.58,5622.709433333333,5622.709433333333,6308.3243234562,6308.3243234562,6300.58,6525.7207,6137.0
T000326,2007-06-30,5742.749,4966.458,6204.948,3802.5312,2487.0977,6148.0,5706.613856425713,5706.613856425713,5945.581597669817,2487.0977,5598.173353019167,2651.314619246076,5533.841207307985,6162.093739122874,5629.177326687349,5993.212616915515,5889.98168237071,5590.29728672261,5638.051666666666,3752.0289666666667,5727.584919400443,4431.008447206217,5696.144394584706,5696.144394584706,6204.948,6204.948,5638.051666666666,5638.051666666666,4408.364697399608,4408.364697399608,6204.948,2487.0977,7241.0
T000326,2007-09-30,5974.001,5533.0176,6314.6,3844.6382,4237.292,4998.0,5980.884714112382,5980.884714112382,6123.470340984602,4237.292,5929.265161138286,4321.7242676324095,5872.823553663003,6290.603461201267,5929.251025696338,6195.155334249599,6090.522923915071,5943.828370590247,5940.539533333334,4538.315933333333,6013.657887974513,5321.399507874563,5977.596950544833,5977.596950544833,6314.6,6314.6,5940.539533333334,5940.539533333334,5297.734144555404,5297.734144555404,6314.6,4237.292,5325.0
T000327,2006-12-31,3030.567,2675.677,2996.54,2372.2097,2618.186,2751.0,2931.138890791046,2931.138890791046,3015.63450382214,2911.076408641227,2980.3730149358107,2935.9531096612322,2994.002571377668,2934.844168963559,3000.5945382370483,2957.9183606213296,2994.5013444204787,2987.8492337411776,2900.928,2555.3575666666666,2981.6462411498674,2943.2417043761175,2923.267797460733,2923.267797460733,2996.54,2996.54,2900.928,2900.928,2875.1149961989336,2763.959874663452,2996.54,2996.54,2752.0
T000327,2007-03-31,3142.48,3190.377,3076.56,2334.6284,2760.7356,3428.0,3130.4406044830175,3130.4406044830175,3113.5514976916993,3005.2207582773544,3084.160700804752,3027.918840651453,3104.875476721408,3027.4304029161917,3108.93864223391,3048.2990874262077,3117.635284930241,3088.6436012682843,3136.472333333333,2761.9136666666664,3079.717714218974,3086.2663462683768,3130.8965719374437,3130.8965719374437,3076.56,3076.56,3136.472333333333,3136.472333333333,2986.533584831739,3009.1474001047836,3076.56,3076.56,2843.0
T000327,2007-06-30,3138.847,2639.2676,3020.215,2400.7651,3109.3423,3044.0,2973.3439994818846,2973.3439994818846,3086.7862280667728,3040.34730769626,3095.2381815266817,3041.011540449244,3123.5496746228614,3042.748764849862,3117.1378578825465,3042.7412062203234,3058.2724668667324,3087.5432882610553,2932.776533333333,2716.458333333333,3076.351922632923,2967.940816993452,2961.65561682108,2961.65561682108,3020.215,3020.215,2932.776533333333,2932.776533333333,3087.069502175894,2923.409027001295,3020.215,3020.215,2572.0
T000327,2007-09-30,3180.377,2480.809,3025.944,2418.3901,2561.472,2910.0,2952.841171475199,2952.841171475199,3112.6052251672054,2921.02784950181,3069.4472651001006,2957.370600211105,3114.22001994415,2957.322242501178,3117.9900347875464,2990.476892630033,3072.472842862969,3073.346716511299,2895.71,2486.8903666666665,3054.4765787689166,2939.0376893990074,2936.57428075366,2936.57428075366,3025.944,3025.944,2895.71,2895.71,2910.9077812757864,2690.20582288122,3025.944,3025.944,3221.0
T000328,2006-12-31,4393.5073,4019.3225,4381.01,3173.3987,3907.1794,4080.0,4295.777751206906,4295.777751206906,4388.022952732137,4160.367645667191,4343.8287122591855,4165.045215764386,4353.4018015763995,4202.18369878923,4362.812678974665,4277.398173107807,4365.332459512992,4352.039268350895,4264.613266666667,3173.3987,4349.842992689873,4184.315881103033,4288.752726319741,4288.752726319741,4381.01,4393.5073,4264.613266666667,4264.613266666667,4188.137204038199,4090.5686811478854,4381.01,3907.1794,4476.0
T000328,2007-03-31,4779.433,3461.8972,4609.932,3077.726,4667.044,5641.0,4390.386173028373,4390.386173028373,4705.048745300982,4706.3882091347405,4710.572118172885,4703.093030422279,4751.9813854758795,4690.105135611147,4744.286184771564,4703.137956351483,4627.345605214925,4702.81546653821,4283.754066666666,3077.726,4684.750802721393,4714.865486940013,4364.896032937667,4364.896032937667,4609.932,4779.433,4283.754066666666,4283.754066666666,4688.174941079262,4355.152303269661,4609.932,4667.044,5998.0
T000328,2007-06-30,4564.7607,4259.9937,4423.9746,3240.0288,4451.43,4219.0,4438.39903472031,4438.39903472031,4502.9777658551775,4494.570568721582,4505.70116447109,4492.039290863364,4540.367877069599,4482.8440083873165,4534.39338246879,4496.772635910094,4486.777986342107,4499.6256471731895,4416.2429999999995,3240.0288,4484.585160677662,4502.5865956875,4431.892109818537,4431.892109818537,4423.9746,4564.7607,4416.2429999999995,4416.2429999999995,4480.6596332301615,4431.554221306232,4423.9746,4451.43,6750.0
T000328,2007-09-30,4565.771,3998.9778,4460.3594,3287.3958,4127.243,3945.0,4386.772183566145,4386.772183566145,4519.511902398032,4344.716019631371,4488.553139852774,4346.461151398127,4519.333083857331,4367.761241367183,4522.2420497901085,4433.125713367545,4486.652187956524,4490.5017751922815,4341.7027333333335,3287.3958,4478.600930797683,4367.973300641465,4375.611192062976,4375.611192062976,4460.3594,4565.771,4341.7027333333335,4341.7027333333335,4355.838879440986,4226.595232144764,4460.3594,4127.243,4593.0
T000329,2006-12-31,25036.334,22235.613,28254.875,14804.299,38848.758,36178.0,25546.892626461056,30379.468803656182,26448.766808675075,33669.68397110756,27433.481849298154,34230.9306851492,26487.908578917122,36279.17930661973,26390.263439360693,34694.10849386182,26221.081667882136,30810.41233790887,25175.607333333333,21764.929,27730.35016364461,32576.199467440932,25516.94317888177,30359.84340485315,28254.875,28254.875,25175.607333333333,30713.322333333334,31382.41017766828,30747.598669369392,28254.875,28254.875,34448.0
T000329,2007-03-31,24315.926,18420.137,27158.871,13535.153,33880.727,23063.0,23941.59593939914,28222.149869249177,25563.53129421833,30594.586324710795,26187.416168278054,30604.407384582453,25388.13785232821,32219.135833790373,25356.90406544238,31159.280974096426,25152.916604155504,28715.55034623065,23298.31133333333,19704.72033333333,26493.298095305017,29934.657277863018,23750.48950871436,28247.606553812882,27158.871,27158.871,23298.31133333333,28451.84133333333,28962.46534692534,27628.50459705136,27158.871,27158.871,23913.0
T000329,2007-06-30,24583.365,26067.986,26949.361,15633.205,11836.16,29075.0,25813.311498192943,21444.056250898266,25621.66476862,19224.611127177006,24208.87737295125,16348.294215035221,23826.11738745948,15314.996162180008,24232.351940411438,17251.851580430925,25671.2326481957,22740.4616124286,25866.904,22883.517333333333,24806.431057927675,21079.03526726036,25961.796639451808,21801.430120615438,26949.361,26949.361,25866.904,21122.962,20916.404240976623,21252.991216596987,26949.361,26949.361,32261.0
T000329,2007-09-30,25150.457,23172.84,27233.857,15840.564,21766.465,20172.0,25441.230318754995,24805.70894286962,26064.741613305734,24439.330833328,25552.237202777735,22902.10185698822,25108.25563091123,22980.25035959157,25302.30939890397,23603.3056343074,25907.276266138764,25611.876980136534,25185.718,22082.420333333335,25948.54888820323,25162.14213838714,25413.919917749918,24993.102932867532,27233.857,27233.857,25185.718,24716.92633333333,24774.15873111855,24327.23829411652,27233.857,27233.857,20784.0
T000330,2006-12-31,77437.23,64670.688,82204.89,43841.688,96791.89,100892.0,76571.6018696499,76571.6018696499,79529.48217407757,83838.0556533319,80884.97646576114,83163.21501837202,79499.37086552025,82455.64118273955,79377.8103375777,81298.78620159131,78664.60054219991,80683.5843215253,74770.93599999999,43841.688,81343.04734669732,83039.77386213533,75309.02232238404,75309.02232238404,82204.89,82204.89,74770.93599999999,74770.93599999999,85317.88169245922,74455.39074662288,82204.89,64670.688,99900.0
T000330,2007-03-31,80613.17,51672.742,81910.336,40672.6,99334.86,90180.0,74890.60291618755,74890.60291618755,81182.42166300438,85765.06533541798,82806.64663770828,85039.56718537545,82246.134182358,84083.3261075623,81932.19620389187,83112.71909555123,79387.9404945471,82073.16838768113,71398.74933333333,40672.6,82708.40114937341,86062.03493284193,72447.0103592322,72447.0103592322,81910.336,81910.336,71398.74933333333,71398.74933333333,87131.70648890879,70815.22322019517,81910.336,51672.742,93727.0
T000330,2007-06-30,73185.25,71780.78,79721.98,45747.977,44436.684,67331.0,75467.11570039799,75467.11570039799,76053.84540190746,67949.08701118783,72754.19949368275,69250.27654181118,71608.4844772528,71418.036355527,72595.78952672232,72526.59592300275,75853.68651664277,75266.5517597352,74896.00333333333,45747.977,74297.95695679972,64742.085200707916,75063.63025720898,75063.63025720898,79721.98,79721.98,74896.00333333333,74896.00333333333,66017.21313387567,74777.9822282331,79721.98,71780.78,68236.0
T000330,2007-09-30,76448.7,75261.23,80786.81,46790.344,58512.71,63819.0,77908.03730897854,77908.03730897854,78352.44734752219,73263.41763086375,76269.27848987805,74080.92151952311,75493.33330104737,75454.68142903433,76124.70088402502,76134.66515949916,78203.9757479158,77878.9518684424,77498.91333333333,46790.344,77274.86250359852,71178.76339095898,77619.20334811049,77619.20334811049,80786.81,80786.81,77498.91333333333,77498.91333333333,72063.21783595931,77415.59761570302,80786.81,75261.23,62502.0
T000331,2006-12-31,19124.156,17858.605,20002.084,15312.475,22123.346,24197.0,19121.907225099258,19121.907225099258,19509.428181045536,19995.51198886001,19706.333902105638,19696.747733648797,19458.888847954586,19885.70037780456,19448.294041424702,19562.75806153476,19416.612956069865,19453.763647398402,18994.948333333334,16585.54,19800.03962334727,20640.671084274873,19104.898968636477,19104.898968636477,20002.084,19124.156,18994.948333333334,18994.948333333334,21044.591406647385,21044.591406647385,20002.084,22123.346,23926.0
T000331,2007-03-31,19316.898,15733.394,19538.787,14858.309,22855.008,19163.0,18498.755674118955,18498.755674118955,19414.272339330804,20083.417129220707,19723.42220919041,19782.630738722542,19622.965011046497,19849.055354775257,19562.257957761773,19626.32337014534,19191.003314870737,19363.25472067629,18196.359666666667,15295.8515,19701.057274519786,21033.954226807396,18438.22307058757,18438.22307058757,19538.787,19316.898,18196.359666666667,18196.359666666667,21447.24336928196,21447.24336928196,19538.787,22855.008,20406.0
T000331,2007-06-30,18327.06,18408.555,19243.799,15664.754,17484.754,16799.0,18676.174637807424,18676.174637807424,18729.364100085095,18456.02416349079,18564.190871702212,18466.080132776424,18360.009227010596,18636.699785655423,18431.897782234057,18501.196355322576,18718.34139976559,18685.170430950107,18659.804666666667,17036.6545,18727.864180100012,18004.019330562354,18682.588605303696,18682.588605303696,19243.799,18327.06,18659.804666666667,18659.804666666667,17980.939427394573,17980.939427394573,19243.799,17484.754,18105.0
T000331,2007-09-30,19052.06,19867.125,19476.303,15773.438,19121.27,17550.0,19408.354938957746,19408.354938957746,19238.23588902883,19201.936790681735,19204.623595090754,19169.396151977806,19103.873252251986,19251.4367476352,19127.560467039526,19165.431115384297,19280.72676736515,19196.149315207036,19465.162666666667,17820.2815,19272.76454016804,19122.777511371896,19424.71722282564,19424.71722282564,19476.303,19052.06,19465.162666666667,19465.162666666667,19163.47774958649,19163.47774958649,19476.303,19121.27,17498.0
T000332,2006-12-31,12655.705,10823.011,12516.651,8179.245,12129.608,14851.0,12132.788717852003,12132.788717852003,12594.682185073143,12516.651,12558.7307104465,12502.387074929224,12598.619634469349,12498.366494836475,12601.36349229051,12496.5078687425,12484.907634872146,12516.034308678147,11998.455666666665,10377.288,12544.734486366524,11519.605851912418,12144.439338975346,12144.439338975346,12516.651,12516.651,11998.455666666665,11998.455666666665,12417.733441763823,12417.733441763823,12516.651,12516.651,13956.0
T000332,2007-03-31,12278.221,12010.105,12210.751,7942.407,11071.045,11542.0,12185.081549066545,12185.081549066545,12248.612291705991,12210.751,12142.354761284056,12140.00681823393,12174.692211181642,12122.374957250231,12195.892935778862,12103.763710820262,12233.375837727219,12172.755689011872,12166.359,10341.185666666666,12151.330742712376,11601.55997812764,12185.502367400473,12185.502367400473,12210.751,12210.751,12166.359,12166.359,11826.516014748096,11826.516014748096,12210.751,12210.751,10170.0
T000332,2007-06-30,12068.436,10546.653,12073.424,8344.359,7677.051,10810.0,11676.758137422728,11676.758137422728,12070.624946746266,12073.424,11660.435683931915,11778.238795273406,11719.156122748276,11705.731776455574,11811.113765007743,11623.749593700211,11977.369462465738,12005.770760010333,11562.837666666666,8856.021,11733.987441225072,11198.287267909227,11689.71308021964,11689.71308021964,12073.424,12073.424,11562.837666666666,11562.837666666666,10519.154369378834,10519.154369378834,12073.424,12073.424,10003.0
T000332,2007-09-30,12740.349,11338.648,12200.048,8440.118,9887.775,11484.0,12187.194911149594,12187.194911149594,12503.24191981679,12200.048,12288.126772424728,12090.42367952979,12454.142819196617,12061.484569882548,12481.678062400648,12039.223256601466,12426.862441863705,12425.752496614743,12093.015,9888.847,12247.133760891633,11489.700518151447,12184.285982243966,12184.285982243966,12200.048,12200.048,12093.015,12093.015,11530.151481280926,11530.151481280926,12200.048,12200.048,9801.0
T000333,2006-12-31,17520.236,15801.129,15832.25,11827.028,13763.758,14125.0,16470.475884444797,16470.475884444797,16779.4758832315,14820.47789996847,16588.424581579973,15444.48473812341,17036.77055527878,15802.152108908473,17015.185120416958,15799.03321173884,16703.709672015713,16508.96992162451,16384.53833333333,15705.414666666666,16374.963704357891,15709.39589406157,16419.858948106346,16419.858948106346,15832.25,15832.25,16384.53833333333,16384.53833333333,15545.58543138707,15545.58543138707,15832.25,13763.758,15232.0
T000333,2007-03-31,19012.266,16641.691,16659.082,11597.781,15921.863,20315.0,17555.52423488025,17555.52423488025,17979.588682405087,16298.482289769963,17913.51021151509,16442.073553154918,18509.26450423397,16663.884673139764,18434.370121273136,16678.36816880473,17875.556121632057,17751.289199386705,17437.679666666663,17197.736999999997,17580.376687913762,17115.12587357477,17485.355980840115,17485.355980840115,16659.082,16659.082,17437.679666666663,17437.679666666663,17040.87882157063,17040.87882157063,16659.082,15921.863,20554.0
T000333,2007-06-30,17571.396,16338.538,15932.852,12017.934,14128.522,13163.0,16664.83065755084,16664.83065755084,16852.33313764787,15050.290813759064,16685.871445551715,15585.472799860428,17118.308581965564,15908.070731542019,17093.106143468107,15906.829239065628,16805.473054997925,16603.863860766298,16614.262,15877.589999999998,16475.291020018783,15873.093059415798,16622.33179955814,16622.33179955814,15932.852,15932.852,16614.262,16614.262,15728.697791187347,15728.697791187347,15932.852,14128.522,15076.0
T000333,2007-09-30,18654.113,16506.45,16030.523,12173.271,13590.752,16914.0,17157.751439135784,17157.751439135784,17502.770018036485,14837.145298628166,17278.15346112186,15591.95686240783,17964.431906878464,16000.631663081102,17914.70077047617,16002.585470059239,17417.10783909232,17136.07511237049,17063.695333333333,16091.796,16933.536539966404,16066.142441910346,17087.06012831523,17087.06012831523,16030.523,16030.523,17063.695333333333,17063.695333333333,15867.199444849906,15867.199444849906,16030.523,13590.752,15287.0
T000334,2006-12-31,126278.34,109628.81,130322.21,81906.64,140653.58,154065.0,123988.74789759639,123988.74789759639,128052.96230930625,132639.9811262677,129012.2362664457,131904.03651924923,127864.82185259619,131364.34301142613,127804.32084588104,129811.15600655021,126962.99385422975,128662.77714919948,122076.45333333332,95767.725,129434.57494973257,131060.93246781058,122942.28856936723,122942.28856936723,130322.21,126278.34,122076.45333333332,122076.45333333332,132436.26731092826,125283.15437096328,130322.21,109628.81,153014.0
T000334,2007-03-31,130503.04,96204.0,130106.62,78143.28,146932.03,141200.0,122589.30170334261,122589.30170334261,130329.0740278359,136647.79121017968,131899.34774894163,135509.64191345198,131768.53430714426,134003.8503048699,131402.12545647184,132794.88227519373,128236.10246744304,130904.64153643802,118937.88666666666,87173.64,131562.4813677684,135806.2799613147,120529.75829521148,120529.75829521148,130106.62,130503.04,118937.88666666666,118937.88666666666,135930.76834021704,124136.57392142349,130106.62,96204.0,144857.0
T000334,2007-06-30,120478.84,117238.23,127213.5,84148.36,99824.31,108103.0,122212.02012469637,122212.02012469637,123434.29551206951,114152.72399236244,120871.13228898871,115952.7874031873,119568.45854021689,118950.68853412091,120398.54057244172,119767.04525237023,123118.26522206384,122861.52740676778,121643.52333333332,100693.295,122313.14932859363,114013.71562099711,121942.76148163647,121942.76148163647,127213.5,120478.84,121643.52333333332,121643.52333333332,115655.92351704383,112607.5182010173,127213.5,117238.23,111420.0
T000334,2007-09-30,125387.74,123292.34,128544.74,85582.74,113482.05,109767.0,126069.67231900331,126069.67231900331,126773.16599798705,121578.59088023621,125364.18224325524,122573.2649505566,124783.85516827129,124172.87590867572,125219.38313239925,124725.23215926051,126589.73773319434,126425.47556602262,125741.60666666666,104437.54000000001,126076.9840855949,121637.6150087934,125908.77371924394,125908.77371924394,128544.74,125387.74,125741.60666666666,125741.60666666666,122375.10857815047,120772.66728097902,128544.74,123292.34,105088.0
T000335,2006-12-31,32124.205,19968.617,35339.93,9087.271,40319.91,42372.0,30663.173202451995,36089.64962197229,33535.40202799394,40319.91,33996.34069116268,39617.70820835958,33128.03608557955,40305.191714606546,33147.46289855944,40251.488862888305,32735.031565323327,36512.491935646845,29144.250666666663,14527.944,34385.78214930422,29574.756714463903,29584.38435420862,35818.40848094799,35339.93,32124.205,29144.250666666663,35928.015,36203.81431196362,36203.81431196362,35339.93,40319.91,46176.0
T000335,2007-03-31,38573.38,-2208.2383,40016.223,6178.2754,57046.223,64509.0,29922.16700907381,45560.61395541302,39206.56093228179,57046.223,40793.80922604753,55694.074799262904,40202.41916215641,57002.220756868475,39902.30521092582,56840.257443223534,36684.580245640325,46407.83261771267,25460.454899999997,1985.0185500000002,40723.47748699723,38217.70754190131,26809.765421336648,44935.466507346726,40016.223,38573.38,25460.454899999997,45211.941999999995,45858.33326014103,45858.33326014103,40016.223,57046.223,68815.0
T000335,2007-06-30,32028.129,24111.84,35482.62,10995.027,29770.182,20473.0,31622.366554376556,32394.144863408186,33544.10671340268,29770.182,33007.16368381115,29400.56958693568,32225.264454069576,29769.311750093075,32477.036520972735,29770.09561750299,32999.10915640651,32356.79370808867,30540.863,17553.4335,33608.75042038702,25172.838923299296,30846.030430181796,32479.174964708545,35482.62,32028.129,30540.863,32426.977,32332.489294723426,32332.489294723426,35482.62,29770.182,20599.0
T000335,2007-09-30,32531.168,28187.139,36568.125,11838.436,23120.375,18930.0,33167.59527504837,30575.124114065125,34302.75659061,23120.375,33043.43616030534,22965.88645438911,32222.064723183044,23129.581509738713,32657.64427436084,23169.98377215612,33966.29052119865,30230.530173850835,32428.810666666664,20012.7875,33858.62800435882,22445.1172385047,32625.442594233933,30904.92531294028,36568.125,32531.168,32428.810666666664,30739.889333333333,30390.248396126197,30390.248396126197,36568.125,23120.375,18135.0
T000336,2006-12-31,25616.32,15461.039,29484.225,-5868.3477,41522.984,40313.0,24746.724715412984,32543.419847586836,27313.72137622555,31505.21337496851,28432.497703331006,32844.6396810512,27305.59336988851,39667.186329111995,27202.702639954958,38726.17961572543,26624.424824199443,34789.314527128154,23520.528,4796.34565,28800.73192055562,27116.724195075632,23704.62197855168,32104.558986407326,29484.225,25616.32,23520.528,32207.842999999997,32309.009012018065,32309.009012018065,29484.225,41522.984,41806.0
T000336,2007-03-31,28927.375,-2900.2031,31997.69,-8607.314,46525.227,48471.0,22655.44012940894,36191.840451421434,30274.75992968311,34774.67300836439,31626.656962923047,36378.71201767415,30664.325702524766,44339.10258642227,30478.885853329208,43272.45620213736,28272.547876395904,38697.6325388591,19341.620633333332,-5753.7585500000005,31836.616734170824,30384.755519622355,19905.139772750328,35707.892271967125,31997.69,28927.375,19341.620633333332,35816.763999999996,35941.77638024467,35941.77638024467,31997.69,46525.227,51467.0
T000336,2007-06-30,23442.873,19293.645,28901.508,-4331.5625,-11844.559,16421.0,24607.068716112233,12711.115276254955,25838.354419867595,-3086.953738452792,22030.45517619884,-6706.638776982767,21227.55350504249,-9528.600944298032,22287.47989723453,-3798.0045512374927,25488.983161484135,7483.580430656131,23879.341999999997,7481.04125,23506.445425538877,12798.209008971999,23960.320609086535,13666.427974231065,28901.508,23442.873,23879.341999999997,13499.940666666667,13123.481564329166,13123.481564329166,28901.508,-11844.559,15926.0
T000336,2007-09-30,24858.57,23600.223,29792.719,-3395.6875,-6827.7793,13539.0,26496.212998774346,15232.741195599174,27023.88463495146,496.97137356375333,23601.505524627024,-2736.375235620391,22872.878165997594,-4832.42361322129,23826.568351359238,401.89747237275606,26860.66309742334,10538.107444141619,26083.83733333333,10102.26775,24932.189917443346,15051.810628860256,26113.2669236903,16090.52186966508,29792.719,24858.57,26083.83733333333,15941.169899999997,15602.775773061021,15602.775773061021,29792.719,-6827.7793,14441.0
T000337,2006-12-31,2679.4036,2175.101,2955.3616,1708.8282,2664.561,3110.0,2653.5214588285135,2653.5214588285135,2800.505718325153,2822.8811028125574,2773.056751318322,2833.390887864197,2708.3379716106215,2871.556717431518,2724.995335438537,2861.729810034655,2764.8107419717035,2792.295728704301,2603.2887333333333,2279.7635999999998,2818.3720226740597,2732.756495372485,2641.875252554433,2641.875252554433,2955.3616,2955.3616,2603.2887333333333,2603.2887333333333,2761.2873907870694,2761.2873907870694,2955.3616,2664.561,3362.0
T000337,2007-03-31,2902.4336,1990.3115,3147.9548,1615.6753,2895.2397,4108.0,2764.6742278368038,2764.6742278368038,3010.1787547472204,3030.796166802632,2986.3181609509243,3040.7361549316006,2928.6555495389557,3073.976155290531,2943.3502067585246,3065.199061813646,2950.0474001332204,3003.503700147404,2680.2333,2251.3138666666664,3026.5358081409804,2951.339883232935,2740.276486964658,2740.276486964658,3147.9548,3147.9548,2680.2333,2680.2333,2977.4135709846373,2977.4135709846373,3147.9548,2895.2397,4349.0
T000337,2007-06-30,2774.0085,2144.5747,2972.2346,1773.7314,2356.6719,2551.0,2689.2716306420352,2689.2716306420352,2860.998551447443,2829.0464807230214,2803.338470990185,2796.7254894820335,2762.3963093322927,2872.5988477917335,2782.8502203659177,2867.8430789233394,2819.000340127679,2812.5225864639788,2630.2726,2296.8468999999996,2842.6253257411095,2715.0586942178165,2672.813867072323,2672.813867072323,2972.2346,2972.2346,2630.2726,2630.2726,2688.902373780964,2688.902373780964,2972.2346,2356.6719,2173.0
T000337,2007-09-30,2759.9917,2285.911,3011.7678,1809.7198,1874.1062,2289.0,2732.9192016969514,2732.9192016969514,2870.4817711472238,2787.880265410102,2764.0480921021103,2711.9445839466025,2716.8984033745655,2850.711671515536,2750.3046817011186,2846.686167779092,2837.0594444348353,2771.6574711077537,2685.8901666666666,2369.132866666667,2819.8415795669302,2600.0098697648705,2721.8704489595684,2721.8704489595684,3011.7678,3011.7678,2685.8901666666666,2685.8901666666666,2525.972059615518,2525.972059615518,3011.7678,1874.1062,2544.0
T000338,2006-12-31,3020.3916,2714.4055,3083.8,2430.2368,3197.4988,3577.0,2967.034554799554,2967.034554799554,3048.2179053059112,3106.191841284265,3058.7531814481945,3129.504145402469,3041.4203161482733,3093.2550941664326,3041.4797937889643,3088.6331616675334,3028.376956612665,3071.054594821223,2939.5323666666663,3100.5634666666665,3066.1755013266024,3083.929066804001,2961.2404134954313,2961.2404134954313,3083.8,3083.8,2939.5323666666663,2939.5323666666663,3100.1814014945858,3100.1814014945858,3083.8,3083.8,3516.0
T000338,2007-03-31,3156.953,2189.5757,3119.0132,2371.7048,3736.2634,3518.0,2902.7770369236478,2902.7770369236478,3140.30340060867,3321.32081813122,3197.9367172994625,3414.7291294757642,3198.961155006356,3225.09496392897,3184.621580226545,3213.5694059013463,3081.7401763505727,3222.681322502534,2821.8472999999994,3337.4098666666664,3182.144931907587,3259.068054125755,2881.2653536604553,2881.2653536604553,3119.0132,3119.0132,2821.8472999999994,2821.8472999999994,3335.1331962999066,3335.1331962999066,3119.0132,3119.0132,3975.0
T000338,2007-06-30,2966.0461,2438.6848,3034.9387,2483.1062,2274.6396,2461.0,2859.6030319285856,2859.6030319285856,2996.2791057361173,2781.0638510125204,2925.2636915379603,2667.9301797154294,2918.4862460329573,2901.0975189882383,2936.999243962993,2914.507521246173,2962.7890790962533,2897.222013783672,2813.2232,2758.5414666666666,2947.967398465361,2854.3454513744837,2849.0759035711108,2849.0759035711108,3034.9387,3034.9387,2813.2232,2813.2232,2761.357502052471,2761.357502052471,3034.9387,3034.9387,1995.0
T000338,2007-09-30,3112.823,2860.7969,3064.1716,2504.2527,1969.5007,2682.0,3032.70270878653,3032.70270878653,3091.4726945206,2729.881661280354,2989.395331508389,2554.1689910431373,3016.434664941309,2892.6489842793644,3037.4173601548955,2917.2045639354706,3076.8926228423875,2932.7591162941935,3012.5971666666665,2715.498433333333,3000.3871174779288,2858.064013078032,3026.5790863978427,3026.5790863978427,3064.1716,3064.1716,3012.5971666666665,3012.5971666666665,2719.4745929104765,2719.4745929104765,3064.1716,3064.1716,2242.0
T000339,2006-12-31,63397.043,40445.508,70832.26,5929.2227,89015.25,89372.0,60971.0572323581,75216.76745824292,66659.9327473789,83139.51221177727,68347.86880725563,83462.0613636432,66249.27190707221,88256.51853232007,66154.99539378275,87730.26360753825,65124.90119587724,76728.96945437876,58224.93699999999,23187.36535,69137.85790054663,62761.45037422951,58806.049124615805,74049.61591134887,70832.26,63397.043,58224.93699999999,74414.851,74898.49981667788,74898.49981667788,70832.26,89015.25,94860.0
T000339,2007-03-31,73272.56,-893.5547,78279.43,27.199219,111438.82,120606.0,57857.649942455595,88877.19306085768,75469.78770558801,103559.93239948449,78557.81922438026,103183.26578245443,76859.36708164231,110095.99974138223,76359.3193223829,108676.92758179434,70841.65216427563,91224.82774446395,50219.47843333332,-433.1777405,78743.37014836122,73977.38514946264,51968.01277672931,87102.26852629043,78279.43,73272.56,50219.47843333332,87663.60333333333,88432.0769405262,88432.0769405262,78279.43,111438.82,128606.0
T000339,2007-06-30,60910.625,48034.78,70425.336,9491.293,21329.965,41906.0,61677.997274821755,49584.3186578921,65086.08524160065,20492.749228669283,60494.53084461381,21115.116376495534,58795.9616059512,21453.666511627787,60185.780304506254,22959.742667879516,64131.598094001936,46920.14023058337,59790.24699999999,28763.0365,62704.07018219315,43172.1054637815,60152.57445996565,51512.46172678376,70425.336,60910.625,59790.24699999999,50888.642,49975.56559041948,49975.56559041948,70425.336,21329.965,40693.0
T000339,2007-09-30,62899.18,57021.363,72477.57,11229.98,18970.3,37440.0,65334.5774670533,50004.45808852243,67102.58529770639,18422.914450409084,62099.32560494252,19182.80080056997,60445.08057568588,19193.13102759805,61929.4327380493,20904.137797703563,66575.42728953162,47062.92062255806,64132.704333333335,34125.6715,64391.28713874731,43932.816307649395,64333.69103910719,52138.58551154511,72477.57,62899.18,64132.704333333335,51449.01666666667,50443.38257620807,50443.38257620807,72477.57,18970.3,37362.0
T000340,2006-12-31,4099.0312,1796.2549,4664.613,-3237.6572,7784.0728,6757.0,3766.9971268961785,3766.9971268961785,4347.232571462879,4810.594390152318,4637.629547715491,4957.073647173425,4454.312012177382,6271.744317498873,4410.898141581118,5685.417641460363,4196.370684487401,5237.909979562568,3519.9663666666665,-720.7011500000001,4668.962760947781,3505.4482395683062,3554.7226248436973,3554.7226248436973,4664.613,4099.0312,3519.9663666666665,3519.9663666666665,5496.410026767069,5496.410026767069,4664.613,4099.0312,7438.0
T000340,2007-03-31,5006.753,-2538.7925,5264.7017,-3878.4229,8641.865,8963.0,3319.9708091579896,3319.9708091579896,5119.951870803598,5324.244489679757,5434.74624256327,5483.936730113435,5324.482719934965,7070.733976903225,5263.887077179751,6456.843643934975,4653.484319509202,5998.797721392353,2577.5540666666666,-3208.6077,5416.663871656929,4053.819654674049,2686.270050957308,2686.270050957308,5264.7017,5006.753,2577.5540666666666,2577.5540666666666,6286.489026739122,6286.489026739122,5264.7017,5006.753,10027.0
T000340,2007-06-30,3728.9849,3099.4258,4574.951,-2885.811,-4824.635,1839.0,3897.7061129304957,3897.7061129304957,4100.230838661928,-1103.1035525057532,3222.2731171136766,-1485.33428436311,3139.915600756117,-743.6108997108868,3368.571241360176,872.8933213796806,4046.9113043639068,2031.1125254927797,3801.1205666666665,106.80739999999992,3502.1148765662338,-164.68005192175042,3812.86328460188,3812.86328460188,4574.951,3728.9849,3801.1205666666665,3801.1205666666665,1195.8035805505674,1195.8035805505674,4574.951,3728.9849,2141.0
T000340,2007-09-30,3937.4016,3938.9297,4764.1353,-2663.9346,-2884.2598,1425.0,4248.079258078453,4248.079258078453,4300.207542791263,-83.41968166177298,3585.658803518293,-391.8719570080832,3484.203750892355,410.62376842999583,3675.5686016036666,1717.813859693119,4285.861080078027,2649.9296475888664,4213.488866666667,637.49755,3833.672072672136,536.5257237170265,4216.146489326957,4216.146489326957,4764.1353,3937.4016,4213.488866666667,4213.488866666667,1967.1830259069804,1967.1830259069804,4764.1353,3937.4016,1478.0
T000341,2006-12-31,1069.3125,640.6096,1343.835,-407.12317,1910.0642,1970.0,1072.9267314212282,1072.9267314212282,1189.784659813873,1557.7906207255826,1242.2985990215805,1606.754336990049,1166.2481191858717,1530.2804017480971,1164.9614736976544,1481.770173081628,1158.7432088337955,1432.4065053938302,1017.9190333333333,1441.0705666666665,1273.2077081790978,1228.5805005591399,1022.523176697173,1022.523176697173,1343.835,1069.3125,1017.9190333333333,1017.9190333333333,1446.0970770727781,1210.5254710586808,1343.835,1910.0642,1826.0
T000341,2007-03-31,1178.1044,-313.00952,1456.7306,-537.22144,2154.6162,2264.0,936.9905395795965,936.9905395795965,1300.3774380742277,1731.1200163360963,1365.1702610258437,1789.4414046326708,1286.3027286339527,1696.8923555736342,1282.425438746388,1640.2803861274729,1204.220151945809,1580.2106947842453,773.9418266666667,1596.4837333333332,1394.500910768198,1363.0490370580185,788.6984247973963,788.6984247973963,1456.7306,1178.1044,773.9418266666667,773.9418266666667,1602.877429492944,1012.1192072861496,1456.7306,2154.6162,1776.0
T000341,2007-06-30,918.03723,872.3512,1302.8323,-326.80017,-652.5325,669.0,1051.8040887062882,1051.8040887062882,1086.9016879902574,325.51725678149865,904.0230701021005,201.66512692554642,834.9180351139,427.67995844438946,890.4957958495899,524.29280559906,1077.3836806421828,677.5394854458001,1031.0735766666667,522.77901,992.8820299260894,279.95821331506204,1032.225410577576,1032.225410577576,1302.8323,918.03723,1031.0735766666667,1031.0735766666667,500.9924836684356,372.9731948798638,1302.8323,-652.5325,388.0
T000341,2007-09-30,1010.6344,996.85376,1349.609,-283.1449,-399.15234,468.0,1134.6072767491094,1134.6072767491094,1159.3908851115798,476.48063152887596,995.8411196696288,365.5394604790006,935.3227865508941,567.8211000293497,984.8301240808294,654.5005400805367,1152.6265427559351,791.6219189207105,1119.0323866666668,653.6970199999998,1074.5535421593618,422.87113895213685,1119.794350177942,1119.794350177942,1349.609,1010.6344,1119.0323866666668,1119.0323866666668,634.2296088468094,530.4169061804936,1349.609,-399.15234,374.0
T000342,2006-12-31,438.5999,350.07654,486.10675,268.70395,343.2718,652.0,432.6594831475401,432.6594831475401,459.44792821427643,422.3390444450415,446.0667676737029,415.57136079781776,436.19059577070334,424.8400647600836,440.994667393412,432.4672387928713,453.19847735979687,441.1152972072169,424.92773,268.70395,455.4045561530329,437.00009221087527,429.3190968920933,429.3190968920933,486.10675,486.10675,424.92773,424.92773,421.58267639652854,421.58267639652854,486.10675,438.5999,570.0
T000342,2007-03-31,490.09436,163.41281,480.055,248.42233,602.32416,538.0,410.53266816583084,410.53266816583084,485.68866144214405,529.2279461483216,497.10796541766297,535.9610274586192,497.93910394855754,528.5400024264941,495.00178705966687,521.9362766507207,465.86353600392533,507.5748596161121,377.8540566666666,248.42233,493.60940962195025,516.1102620256511,389.664913909352,389.664913909352,480.055,480.055,377.8540566666666,377.8540566666666,524.7664713700551,524.7664713700551,480.055,490.09436,628.0
T000342,2007-06-30,449.5152,349.64542,462.36673,281.8855,415.81064,350.0,430.1431994268779,430.1431994268779,455.1549984719387,442.04745327940077,450.79652528355166,439.7607760203906,448.23280014419464,442.7377330364876,449.69763670232663,445.2301839037008,448.81618579537496,448.6471800994924,420.5091166666666,281.8855,453.45370413077467,446.87491719435883,424.4972916759507,424.4972916759507,462.36673,462.36673,420.5091166666666,420.5091166666666,442.2401319117619,442.2401319117619,462.36673,449.5152,419.0
T000342,2007-09-30,457.61914,485.83795,471.65375,286.03314,344.58047,339.0,468.58631826222586,468.58631826222586,463.77812434133955,419.91230206179625,451.9060023395993,413.0251625884699,450.1459830170608,420.79809897520045,453.3368593026596,427.652507668402,465.260635654088,441.76010405269665,471.7036133333333,286.03314,456.0704596382646,433.47866887233755,470.99558888057084,470.99558888057084,471.65375,471.65375,471.7036133333333,471.7036133333333,423.94842686079267,423.94842686079267,471.65375,457.61914,427.0
T000343,2006-12-31,836.5846,678.5039,759.71936,387.18732,687.3098,762.0,770.0678462767479,770.0678462767479,802.8528604252413,715.5012238825842,796.1853537044285,681.8179194797883,816.3044380503982,746.7696489472842,814.8668363621142,751.4460630568724,794.5172156063635,762.2250126732295,758.2692866666666,723.51458,786.1042599021066,746.3601741723019,763.1656761739639,763.1656761739639,759.71936,759.71936,758.2692866666666,758.2692866666666,754.9562695973627,754.9562695973627,759.71936,687.3098,736.0
T000343,2007-03-31,928.7396,605.9523,814.3489,359.591,858.8004,1071.0,806.7545648056988,806.7545648056988,878.5400910649553,833.0118605075312,882.818898483991,821.7901206430922,910.684077852044,824.2594834414498,905.3675091239915,822.2540418661955,860.7760206447548,858.4999178319608,783.0136,836.57465,865.2950687903035,841.0946512714178,795.5206912751387,795.5206912751387,814.3489,814.3489,783.0136,783.0136,864.4912319270904,864.4912319270904,814.3489,858.8004,978.0
T000343,2007-06-30,812.56354,749.77246,764.5438,407.2868,550.6123,568.0,780.4571885768421,780.4571885768421,791.4904338192657,643.1286806578908,771.5857174336006,578.3090417457818,786.4554675569644,724.1110889121384,789.078567636126,736.9683116627943,788.4848950123505,721.3094298392987,775.6265999999999,657.5780500000001,768.0819937218147,704.5215337959278,776.5405303363125,776.5405303363125,764.5438,764.5438,775.6265999999999,775.6265999999999,698.1394799136958,698.1394799136958,764.5438,550.6123,432.0
T000343,2007-09-30,876.4682,830.21765,775.06213,418.7348,445.99316,708.0,831.3515371074589,831.3515371074589,831.9668994831505,590.6994596701154,801.3811605971966,500.0117096415073,831.1089392586903,713.2028705035955,834.0870990210124,733.1273307420254,830.9064883436374,716.3472165924135,827.2493266666665,610.527645,791.9497482200151,685.8971032213602,824.029578812088,824.029578812088,775.06213,775.06213,827.2493266666665,827.2493266666665,680.967898437982,680.967898437982,775.06213,445.99316,647.0
T000344,2006-12-31,6442.525,3488.54,7247.3813,-3222.7905,11069.316,10141.0,6010.492686552674,6010.492686552674,6795.730208319182,7191.850509263142,7151.393415978959,7259.93408251071,6898.940257435854,8698.064205826022,6850.043532539492,8398.391597738146,6600.820016259999,7809.937890314748,5726.148766666666,8253.0741,7206.206154720121,5789.197276077921,5768.345413778055,5768.345413778055,7247.3813,6442.525,5726.148766666666,5726.148766666666,8248.022805398703,8248.022805398703,7247.3813,6442.525,10570.0
T000344,2007-03-31,7556.724,-2075.3398,8013.052,-4043.6436,12297.6,12836.0,5355.720679183651,5355.720679183651,7756.980152932983,7894.838747555016,8156.205928981926,7970.919059526401,7984.1907022255355,9738.316441744286,7912.266097416348,9418.083373024881,7159.304398867807,8798.473581722727,4498.145399999999,9289.125333333333,8152.20741362835,6565.6194123312625,4630.513796673935,4630.513796673935,8013.052,7556.724,4498.145399999999,4498.145399999999,9286.417760390661,9286.417760390661,8013.052,7556.724,13409.0
T000344,2007-06-30,5874.065,5079.148,7109.7666,-2773.4824,-6915.3037,3426.0,6130.219198663922,6130.219198663922,6416.343467657327,-1155.1625251591886,5106.378129243995,-1441.9606188298924,4990.10356239541,856.4111475990567,5330.260385917651,1808.4960476517308,6346.092944854787,3591.473263450399,6020.9932,2022.8426333333332,5520.030662680964,975.5804421490061,6034.803080219061,6034.803080219061,7109.7666,5874.065,6020.9932,6020.9932,2013.618593382996,2013.618593382996,7109.7666,5874.065,3380.0
T000344,2007-09-30,6222.2593,6267.332,7361.412,-2488.52,-4278.8223,2940.0,6649.618429312581,6649.618429312581,6722.168000113124,213.06849984678047,5634.819865513784,-26.22244164863605,5510.049315853806,2146.1733069601696,5796.7228307591195,2932.363290657382,6705.030656640147,4401.956347015003,6617.0010999999995,3101.6163333333334,5994.801786955681,1894.9043165600976,6619.1307388660225,6619.1307388660225,7361.412,6222.2593,6617.0010999999995,6617.0010999999995,3093.208165872955,3093.208165872955,7361.412,6222.2593,2926.0
T000345,2006-12-31,2908.336,2323.3733,3165.6921,2257.1125,3349.3323,3675.0,2856.3395178304945,2856.3395178304945,3021.274812695772,3131.4905678933696,3038.112758695278,3119.45569375348,2971.553050987165,2976.752140874651,2977.5936456790596,3089.3917578037226,2980.9664774813837,3046.80245976895,2799.1338,2582.0593000000003,3072.83963974802,2668.4779839187668,2826.297236536769,2826.297236536769,3165.6921,2908.336,2799.1338,2799.1338,3129.6490380481864,3129.6490380481864,3165.6921,2908.336,4256.0
T000345,2007-03-31,3138.5962,2318.0696,3247.9536,2167.6704,3832.3774,3862.0,2975.0593450655333,2975.0593450655333,3186.586882620294,3335.8433692746403,3240.988201187684,3298.9252290481136,3205.798590752327,3194.4941753264675,3197.7954259019007,3262.7207322446975,3134.4415780434038,3249.9120597446017,2901.5397999999996,2577.897866666667,3247.3569274383603,2683.6854404924115,2935.7683934294555,2935.7683934294555,3247.9536,3138.5962,2901.5397999999996,2901.5397999999996,3386.24143920218,3386.24143920218,3247.9536,3138.5962,4478.0
T000345,2007-06-30,2983.0715,2036.2919,3129.5308,2328.961,2157.175,2613.0,2801.671622961971,2801.671622961971,3047.344075821027,2892.259592684687,2956.4545352896594,2953.0438620277473,2933.2632370651654,2964.959436656563,2959.1784635860386,2985.758789739814,2986.821129120623,2950.2749956286416,2716.2980666666663,2498.2612333333336,2994.054063284435,2559.51746655028,2756.10545969094,2756.10545969094,3129.5308,2983.0715,2716.2980666666663,2716.2980666666663,2782.3735385276022,2782.3735385276022,3129.5308,2983.0715,2728.0
T000345,2007-09-30,3057.044,2210.5364,3166.3713,2351.7605,1847.1464,2493.0,2887.0713723568138,2887.0713723568138,3105.0214734588935,2869.2358683327166,2981.8115674355568,2951.8778193422636,2972.593228318768,3012.088837785907,3004.324105074457,3003.7533879700654,3051.2860557324448,2971.0685717063293,2811.317233333333,2576.2227333333335,3019.7071403110554,2645.1942660217037,2846.575868837851,2846.575868837851,3166.3713,3057.044,2811.317233333333,2811.317233333333,2727.235588452108,2727.235588452108,3166.3713,3057.044,3187.0
T000346,2006-12-31,1245.7976,884.78827,1253.1136,338.1969,1443.812,1694.0,1155.4506711896413,1155.4506711896413,1249.0081722525415,1350.0391033844935,1266.7920087885132,1355.956360137703,1262.370154623078,1423.6641124358084,1258.6703595157128,1370.4718312753844,1226.7782569479673,1307.3678503859273,1127.8998233333332,338.1969,1264.7070268467346,1162.4362420132306,1134.9787939646776,1134.9787939646776,1253.1136,1253.1136,1127.8998233333332,1127.8998233333332,1319.7285114972601,1319.7285114972601,1253.1136,1443.812,1562.0
T000346,2007-03-31,1312.4824,497.357,1281.9388,266.75085,1608.8784,1627.0,1092.462391185084,1092.462391185084,1299.0785680354397,1459.775863342843,1329.6172782875958,1468.0354879066495,1332.760360576591,1575.8835214835535,1324.7642536876106,1488.667144698207,1249.7075014189625,1387.5250384404367,1030.5927333333334,266.75085,1319.719518543889,1060.8946341281262,1045.886106195141,1045.886106195141,1281.9388,1281.9388,1030.5927333333334,1030.5927333333334,1410.0132148041398,1410.0132148041398,1281.9388,1608.8784,1659.0
T000346,2007-06-30,1165.399,892.97327,1208.636,381.39996,353.9796,694.0,1110.0637886835204,1110.0637886835204,1184.3732362606795,753.6609054364715,1104.583729135548,730.4676857594519,1105.4788091370863,441.546520617388,1124.977038460183,672.9198098333271,1166.9392801018453,943.3024892951552,1089.0027566666665,381.39996,1125.085211756084,772.7466426244474,1094.8979040127786,1094.8979040127786,1208.636,1208.636,1089.0027566666665,1089.0027566666665,885.6175717956785,885.6175717956785,1208.636,353.9796,551.0
T000346,2007-09-30,1237.3934,1149.724,1234.4696,400.09998,582.1441,906.0,1213.8525419236248,1213.8525419236248,1236.1103120896692,896.9310289390578,1175.251416810214,877.6567745178254,1184.876178901352,650.2706120641271,1198.3801097863807,830.1857000526201,1230.7939826047605,1042.4325209338363,1207.1956666666665,400.09998,1185.6271854819452,968.6733249730238,1208.8458176804736,1208.8458176804736,1234.4696,1234.4696,1207.1956666666665,1207.1956666666665,999.4850331296482,999.4850331296482,1234.4696,582.1441,899.0
T000347,2006-12-31,80.17752,78.87503,112.169624,62.440475,152.60095,94.0,88.00741764886463,88.00741764886463,94.21701718463896,118.90125491151886,97.95251087373595,115.32647218376322,89.43834528686166,112.65397932388825,89.82182722603113,113.47941612869789,93.57848943745142,115.77338292336049,90.40739133333332,95.34014370277609,101.97786484202231,118.98000974256243,91.51382471325816,91.51382471325816,112.169624,112.169624,90.40739133333332,90.40739133333332,112.00218925825556,89.89860701898753,112.169624,78.87503,92.0
T000347,2007-03-31,94.81042,30.347542,113.58439,57.423946,158.76854,112.0,77.73624189868485,77.73624189868485,103.04923727064579,122.88008916602283,107.24336240159828,117.85137821590736,101.95432130398517,113.3081644308229,101.73146849439627,112.84892633173942,98.77470358174348,122.55182543543506,79.580784,100.63938458589172,109.2501484065662,121.8352911674535,82.10968308972002,82.10968308972002,113.58439,113.58439,79.580784,79.580784,119.54959667903748,77.7931398984622,113.58439,30.347542,217.0
T000347,2007-06-30,114.535774,72.95668,119.57902,66.93678,159.52614,193.0,101.69552719822187,101.69552719822187,116.74896504296615,129.00372466621965,120.47025294481362,123.85439153378832,118.67016939483621,119.81377613123084,118.02983575041722,120.21727767307951,114.11527448621806,130.86896702823296,102.357158,114.93266385915706,120.54871307187696,127.30910534846225,103.75242908137764,103.75242908137764,119.57902,119.57902,102.357158,102.357158,129.03970845973214,101.30976312685947,119.57902,72.95668,198.0
T000347,2007-09-30,102.40391,44.347496,115.81252,68.74106,135.41231,69.0,86.12163466253806,86.12163466253806,108.28817889162781,119.29506618304856,110.10143812021909,117.43426939821805,106.49676059649443,115.0646842767894,106.60208674141094,113.80405328379652,104.49958240546486,118.17053886672505,87.52130866666667,105.9881014226149,111.74459282327764,119.19312662884762,89.68205350517832,89.68205350517832,115.81252,115.81252,87.52130866666667,87.52130866666667,116.49233390152752,85.96364897455086,115.81252,44.347496,92.0
T000348,2006-12-31,406.5843,304.76865,329.682,186.61407,227.27222,330.0,357.0726445710928,357.0726445710928,372.8362969195442,296.2577960752365,363.3697990972663,316.4764600231803,383.9072792093056,318.61276104959666,383.0944555781598,320.7235579036969,367.9460234898258,325.7721161076935,347.01165,368.13315,353.78017796826,305.5963087277982,346.6908684366545,346.6908684366545,329.682,329.682,347.01165,347.01165,338.8126482252422,338.8126482252422,329.682,406.5843,114.0
T000348,2007-03-31,406.23178,408.28345,333.78467,180.26709,174.97957,361.0,384.96408487186704,384.96408487186704,374.43890395532884,281.00756046547156,359.7055779206665,311.20988020518996,379.90334982944347,313.3529482550447,380.4386039513853,316.4990127211847,375.82990004815974,314.53239382439466,382.76663333333335,370.00822500000004,351.70389306147115,326.55299317558655,380.0858460724499,380.0858460724499,333.78467,333.78467,382.76663333333335,382.76663333333335,329.34374110794636,329.34374110794636,333.78467,406.23178,360.0
T000348,2007-06-30,410.8576,247.05225,329.25128,193.15057,163.80615,254.0,343.87412988748497,343.87412988748497,375.0452726867121,274.39143036585637,359.7029551167843,306.0072557605683,382.2709859323345,308.3931233353451,382.59343543664704,311.6873806254051,366.44195606153374,310.9214486224736,329.05370999999997,370.05444,350.46708147058695,295.58248397292215,330.06714899510706,330.06714899510706,329.25128,329.25128,329.05370999999997,329.05370999999997,327.0607043546298,327.0607043546298,329.25128,410.8576,217.0
T000348,2007-09-30,434.08252,337.3887,329.14172,195.21823,196.69177,375.0,377.46080745214385,377.46080745214385,388.0300294806593,286.0239551060925,375.79299372422787,312.30812908263374,403.71887648732974,315.20803890374543,402.4573588324185,317.95288639198327,383.94306083709995,325.6293387873341,366.87098,381.61212,362.58611993722053,312.3998253531502,365.4076047640513,365.4076047640513,329.14172,329.14172,366.87098,366.87098,343.12861896310557,343.12861896310557,329.14172,434.08252,93.0
T000349,2006-12-31,4606.4326,3623.0522,4861.3115,3360.3516,4961.8457,5793.0,4451.299483782449,4451.299483782449,4718.284311877839,4777.477656676826,4727.371278513949,4750.450272909615,4662.561616376409,4654.520458184788,4670.241856827667,4757.246039332746,4653.626854216161,4737.437326058031,4363.598766666666,3948.238433333334,4763.1111489550585,3953.6129930233346,4416.817392450686,4416.817392450686,4861.3115,4606.4326,4363.598766666666,4363.598766666666,4798.203835359222,4798.203835359222,4861.3115,4606.4326,6024.0
T000349,2007-03-31,4892.9507,3263.659,4980.339,3215.022,5601.4004,5962.0,4516.036217041499,4516.036217041499,4931.300406284413,5054.969919318953,4989.145276893505,5014.21471892386,4958.924001221047,4932.400199130437,4949.313224635291,4990.945054104596,4830.0236675536125,4981.495049103381,4378.9829,3819.673333333334,4991.683049521322,3806.955513683289,4460.035133069683,4460.035133069683,4980.339,4892.9507,4378.9829,4378.9829,5135.046448400395,5135.046448400395,4980.339,4892.9507,6714.0
T000349,2007-06-30,4599.3125,3260.0342,4784.6953,3468.2563,3220.8289,3754.0,4330.136282712787,4330.136282712787,4680.666364649867,4435.235458446525,4534.543892891818,4503.451766803936,4509.73225616333,4570.209060148574,4549.487530964737,4579.834989779992,4595.433556379297,4572.845976383755,4214.680666666667,3837.6619333333338,4587.653230145352,3810.2974082237074,4283.720313703742,4283.720313703742,4784.6953,4599.3125,4214.680666666667,4214.680666666667,4246.673843242543,4246.673843242543,4784.6953,4599.3125,3694.0
T000349,2007-09-30,4738.011,3762.958,4846.904,3505.3723,3083.191,3843.0,4532.70529202191,4532.70529202191,4785.797884130125,4492.70111649864,4621.117542417108,4578.136700050002,4618.069652403733,4687.834347092215,4659.061745587632,4659.885389493413,4724.200096611796,4659.609967763366,4449.291,4038.411433333334,4666.311699422399,4044.8817232427596,4499.000402617571,4499.000402617571,4846.904,4738.011,4449.291,4449.291,4276.812327765972,4276.812327765972,4846.904,4738.011,4271.0
T000350,2006-12-31,39079.305,24150.225,43159.67,9369.467,50238.145,52804.0,37377.55715791255,44540.96092717142,40869.94286895039,50238.145,41525.67835325715,49053.99566073122,40413.546549068575,50195.77670346535,40422.34396644382,50000.419370067895,39884.66836294742,44726.84589275615,35463.066666666666,16759.845999999998,42007.25253859189,36242.83244002942,35932.98394166713,44007.12531794772,43159.67,39079.305,35463.066666666666,44159.03999999999,44486.3028018233,44486.3028018233,43159.67,50238.145,57870.0
T000350,2007-03-31,46557.188,-2409.914,48532.848,5729.254,68999.016,77334.0,36321.838408847296,55466.21775465156,47424.19171466046,68999.016,49331.423653524005,66868.01913096721,48560.55153102361,68882.0736186815,48209.155945357066,68340.09017445592,44391.763493583276,55647.18975511802,30893.373999999996,1659.6699999999998,49282.37086167743,45659.196100275716,32304.510654854952,54359.637817935596,48532.848,46557.188,30893.373999999996,54696.350666666665,55384.24005183577,55384.24005183577,48532.848,68999.016,83320.0
T000350,2007-06-30,38558.992,29268.896,43195.83,11733.564,32808.04,24925.0,38355.74760118162,37988.86802809976,40593.83391119868,32808.04,39619.31968150323,32292.580292989132,38606.90527116565,32812.386111998465,39001.62882804481,32861.24739883596,39944.07626701743,38101.6989763607,37007.906,20501.23,40471.86389216248,29317.46148088689,37324.265356543736,38299.65630891947,43195.83,38558.992,37007.906,38187.62066666667,37986.80628543357,37986.80628543357,43195.83,32808.04,25468.0
T000350,2007-09-30,39304.895,34378.18,44510.613,12715.889,26409.781,22848.0,40317.587482543546,36297.58835818134,41589.38567323063,26409.781,39894.58745724085,26173.40966284106,38845.77860861216,26436.899352410026,39423.323562317855,26602.4212377493,41196.83174097369,36389.887143963584,39397.89599999999,23547.0345,40958.37407338083,27107.820194474407,39597.01210204311,36966.98522577134,44510.613,39304.895,39397.89599999999,36741.76299999999,36316.25073348531,36316.25073348531,44510.613,26409.781,22800.0
T000351,2006-12-31,27926.182,16993.424,32078.662,-6150.949,45053.67,43977.0,27005.46378203871,35420.810501902626,29748.46700098867,34616.32007103191,30954.268724248923,35921.10013509662,29743.765194817388,43196.02126354085,29632.250005775204,42054.41199417798,29006.6003654471,37740.00877011416,25666.08933333333,5421.237499999999,31348.75846039097,29518.662487315523,25860.072052754287,34900.60498216994,32078.662,27926.182,25666.08933333333,35019.50466666666,35137.30491333029,35137.30491333029,32078.662,45053.67,45194.0
T000351,2007-03-31,31409.223,-2713.707,34736.246,-9094.795,50364.29,52362.0,24742.235880150518,39284.74222192417,32869.26232850835,38142.76026057006,34323.54212740793,39707.625651611525,33282.307363856016,48180.49244813484,33083.74532120371,46879.76848671305,30722.037830488025,41869.55323532838,21143.920666666665,-5904.251,34552.94705763367,32963.66644927039,21736.424355527968,38710.31325722138,34736.246,31409.223,21143.920666666665,38836.58633333333,38981.00956981856,38981.00956981856,34736.246,50364.29,54902.0
T000351,2007-06-30,25514.46,21061.371,31412.885,-4500.301,-12975.527,17784.0,26795.992087984676,13700.394428423217,28102.939994354358,-3601.669968687782,23954.70293709786,-7560.7841068552,23092.016829765642,-10660.152509576346,24244.843559970577,-4251.6597971628125,27727.28388091791,8270.706991069641,25996.238666666664,8280.535,25555.565452312167,13992.333368783427,26080.90554368946,14854.008340428407,31412.885,25514.46,25996.238666666664,14650.606,14217.155351454367,14217.155351454367,31412.885,-12975.527,16865.0
T000351,2007-09-30,27091.266,25751.488,32377.545,-3493.9746,-7275.926,14913.0,28859.569988005333,16549.134770409837,29411.110269627156,499.443225669811,25705.348791578326,-3025.878950034432,24930.444067402248,-5299.3614385925885,25960.951882780646,516.0577905845867,29236.752844232324,11700.758725103897,28406.766333333333,11128.7567,27137.94739983743,16521.223443372994,28436.95953123256,17579.16121891262,32377.545,27091.266,28406.766333333333,17397.62833333333,17010.388338385026,17010.388338385026,32377.545,-7275.926,15714.0
T000352,2006-12-31,3191.3079,2622.8367,3549.9683,2116.442,3230.1238,3856.0,3181.8476579715434,3181.8476579715434,3348.7033522041274,3376.8052685034795,3318.4495312462604,3380.6254303747855,3233.54253737187,3423.3806911969946,3253.9791079716947,3422.327584567934,3307.6352626380067,3344.0742108378295,3121.3709666666664,2656.4674999999997,3376.3829701770733,3250.8372121521584,3166.987483693921,3166.987483693921,3549.9683,3549.9683,3121.3709666666664,3121.3709666666664,3317.886272820077,3317.886272820077,3549.9683,3230.1238,4024.0
T000352,2007-03-31,3448.4167,2189.8438,3742.7903,2006.0438,3679.4,4758.0,3246.362732430127,3246.362732430127,3577.6003675834772,3630.4542485251745,3571.3477173329734,3654.359231421745,3498.943719271898,3662.9313736472827,3511.5608423332824,3659.615339786688,3495.404927675141,3595.054175390307,3127.0169333333333,2625.0958666666666,3615.5988617012254,3546.525970730133,3208.8426713251356,3208.8426713251356,3742.7903,3742.7903,3127.0169333333333,3127.0169333333333,3624.2856894056367,3624.2856894056367,3742.7903,3679.4,5194.0
T000352,2007-06-30,3293.8728,2573.6455,3558.023,2194.2654,2554.9512,3094.0,3212.92945872378,3212.92945872378,3409.793153010287,3315.6709041902814,3315.902540499187,3238.429999517691,3263.837316618464,3372.1363635089338,3294.9090241369718,3380.8105747817567,3361.0848236120823,3324.465174767866,3141.8471,2440.9540333333334,3371.2827140045424,3147.885501500862,3192.3431351193676,3192.3431351193676,3558.023,3558.023,3141.8471,3141.8471,3109.6610375629216,3109.6610375629216,3558.023,2554.9512,2790.0
T000352,2007-09-30,3264.0151,2828.6973,3600.897,2233.3618,2070.539,2697.0,3279.3260331980173,3279.3260331980173,3411.8532192623597,3254.2509542782122,3268.6829863206085,3129.551775125879,3205.7067256345144,3333.514606251136,3250.5750028410635,3347.6687941931386,3379.3175922799214,3276.2303503845574,3231.2031333333334,2377.5326999999997,3343.4707477228794,3015.726543853914,3268.5219682210613,3268.5219682210613,3600.897,3600.897,3231.2031333333334,3231.2031333333334,2938.316267590638,2938.316267590638,3600.897,2070.539,3063.0
T000353,2006-12-31,4257.597,3716.4524,4165.317,2953.018,4072.518,4669.0,4087.8700069302877,4087.8700069302877,4217.10060750895,4135.087030274801,4208.548472426194,4108.449236224849,4232.78232812489,4145.514557508828,4231.178914650397,4160.139022049163,4185.581820291585,4193.066396755545,4046.4554666666663,4165.144,4196.542888260365,4178.70469220015,4077.693397903562,4077.693397903562,4165.317,4165.317,4046.4554666666663,4046.4554666666663,4163.768928488622,4163.768928488622,4165.317,4072.518,4366.0
T000353,2007-03-31,4454.9336,3209.5803,4265.888,2867.206,4750.692,4950.0,4072.5839770670527,4072.5839770670527,4371.972342779519,4495.478338877545,4417.422028494082,4614.549063530438,4457.862607374681,4415.984384583473,4440.490265795645,4375.286196958182,4299.029816116421,4421.129750832887,3976.8006333333333,4490.504533333333,4381.648303736907,4455.9626673267785,4049.6527192541153,4049.6527192541153,4265.888,4265.888,3976.8006333333333,3976.8006333333333,4493.7881393191665,4493.7881393191665,4265.888,4750.692,5313.0
T000353,2007-06-30,4157.456,3441.9746,4133.732,3024.7163,3157.4941,3283.0,3967.811732159789,3967.811732159789,4147.044898835526,3714.5920522630486,4055.988739006966,3462.7159832509105,4075.2084260100046,3859.5922028699215,4094.6754152890826,3963.058605369584,4103.655239145014,4002.0204994928467,3911.0541999999996,3816.2273666666665,4068.6771012458735,3907.657821827571,3956.415313816363,3956.415313816363,4133.732,4133.732,3911.0541999999996,3911.0541999999996,3807.2652126898743,3807.2652126898743,4133.732,3157.4941,2644.0
T000353,2007-09-30,4376.289,4040.9976,4168.394,3054.1936,2740.7405,3765.0,4217.81905337353,4217.81905337353,4285.05582361371,3573.93616252019,4152.094047821284,3200.406769529205,4223.31009982621,3779.5284307915044,4245.133644405566,3940.052051232411,4268.159391260376,4053.2543072020617,4195.226866666667,3761.8078333333333,4145.23122469674,3904.8846091823225,4208.3566524242315,4208.3566524242315,4168.394,4168.394,4195.226866666667,4195.226866666667,3747.695051017097,3747.695051017097,4168.394,2740.7405,2982.0
T000354,2006-12-31,74386.36,47605.195,82935.15,7055.535,104167.516,105306.0,71617.79325248131,88292.80374727641,78137.93298616775,96208.40175214571,80109.09739675558,96885.92321891616,77691.74570787042,103234.40398424598,77576.5424791098,102411.43497912277,76348.9893367331,89431.10664344396,68308.90166666666,27330.364999999998,81012.00169047504,73536.769481499,68948.59559381739,86720.73408449639,82935.15,74386.36,68308.90166666666,87163.00866666666,87702.97607533348,87702.97607533348,82935.15,104167.516,111454.0
T000354,2007-03-31,85578.93,313.3672,91267.13,200.0664,129161.34,139404.0,68069.48106970562,103676.5658512455,88075.15431477665,118591.91798263641,91604.16360237001,118448.77628248154,89671.55277006174,127548.05764947193,89098.81424736648,125452.41598399004,82755.57515445616,105402.54548097734,59053.1424,256.71680000000003,91811.27834397739,86067.56176165747,60953.12225723426,101332.26015648842,91267.13,85578.93,59053.1424,102002.46666666666,102846.94917695867,102846.94917695867,91267.13,129161.34,148729.0
T000354,2007-06-30,71212.266,56387.992,82328.59,11160.633,23212.047,49086.0,72258.1509485865,57021.0188112882,76090.58220894751,22224.3359072339,70562.20742025618,23088.503895824546,68601.68053714384,23376.117172917533,70262.1205732496,25540.422876869583,74988.83175474286,54966.80846859851,69976.28266666667,33774.3125,73172.78014010511,50387.1380605534,70370.9027506244,59714.30316390106,82328.59,71212.266,69976.28266666667,58917.634333333335,57849.25502301639,57849.25502301639,82328.59,23212.047,47767.0
T000354,2007-09-30,73652.56,67081.375,84686.555,13184.141,21935.363,44223.0,76582.34099678772,58050.875563268055,78494.74673888471,21218.12940030301,72627.35221952535,22254.27735065041,70736.88955631285,22201.103981752218,72470.03762223972,24611.47946250451,77899.71444932341,55845.91096531333,75140.16333333333,40132.758,75286.04549195025,51772.177752409414,75353.85160581849,60946.67715462431,84686.555,73652.56,75140.16333333333,60091.49266666666,58947.885775197195,58947.885775197195,84686.555,21935.363,44559.0
T000355,2006-12-31,9919.73,5114.334,10510.095,-6002.2764,18207.043,15616.0,8954.958033290803,8954.958033290803,10178.807294679005,12322.076134653722,10896.257446985786,12550.829662208977,10644.339301334243,11930.435159837576,10506.329543584077,11672.083874886353,9874.294252628566,12586.679989434935,8514.719666666666,-443.97119999999995,10855.408094736875,7954.563526557077,8596.800086489422,8596.800086489422,10510.095,9919.73,8514.719666666666,8514.719666666666,12834.31039059474,12834.31039059474,10510.095,9919.73,15930.0
T000355,2007-03-31,11383.375,-3927.544,11510.429,-7246.0586,19127.885,18416.0,7657.87624387598,7657.87624387598,11439.131704069765,13423.955011114387,12149.69767582091,13641.731925320739,12014.18023075246,13109.158193186557,11860.054288809084,12788.927325686554,10499.529710766183,13701.189281495163,6322.086666666666,-5586.8013,12042.17119995605,8671.00234554107,6584.414610178536,6584.414610178536,11510.429,11383.375,6322.086666666666,6322.086666666666,13971.828960008655,13971.828960008655,11510.429,11383.375,17249.0
T000355,2007-06-30,8574.494,7660.023,10181.918,-5307.4854,-14321.744,3803.0,8946.27718163171,8946.27718163171,9279.900081529402,3496.2388193482825,6991.8503384885225,2833.68365458725,6925.9723899340315,4187.854257196914,7499.112251298508,5502.59531321857,9195.83745272009,2536.6924367352867,8805.478333333333,1176.2688000000003,7633.618604448391,487.37006254282005,8820.413075850496,8820.413075850496,10181.918,8574.494,8805.478333333333,8805.478333333333,1553.3657921342829,1553.3657921342829,10181.918,8574.494,3938.0
T000355,2007-09-30,9471.406,9611.163,10568.458,-4842.3154,-8414.19,4263.0,9913.367638176063,9913.367638176063,9952.839120666355,5428.13432322404,8180.488949446164,4912.069903292504,8166.339971337554,5987.515768505498,8604.657748103815,6985.105553843433,9942.23399456256,4689.766692545595,9883.675666666666,2384.4238,8655.909087702452,2343.6940252571803,9880.777816928763,9880.777816928763,10568.458,9471.406,9883.675666666666,9883.675666666666,3936.2841122798163,3936.2841122798163,10568.458,9471.406,4315.0
T000356,2006-12-31,1772.4294,1222.2242,2124.5452,-102.99963,2867.6943,2984.0,1767.682974914273,2238.189484630588,1926.9528031111831,2547.1224850731805,1995.88427290974,2618.3937186699986,1898.108085244751,2527.380827425458,1896.1055114312362,2428.3090910160004,1887.1173260178696,2250.117036799492,1706.3996,2254.889633333333,2035.2502564138576,1363.0976503151096,1724.3968321686634,2236.860861690005,2124.5452,1772.4294,1706.3996,2254.889633333333,2269.5159316264608,2269.5159316264608,2124.5452,2867.6943,2826.0
T000356,2007-03-31,1947.4729,91.69617,2226.7136,-273.11133,3200.5732,3104.0,1597.629740104127,2439.429757840142,2070.015606834368,2805.9124573615677,2160.5562188942436,2895.560377122205,2077.7717425172077,2776.591535120998,2068.1575744229976,2661.1510602936187,1951.5217785410337,2446.5175157735134,1421.9608899999998,2458.253233333333,2185.405929105939,1453.5373481141269,1476.242215998604,2437.43206818961,2226.7136,1947.4729,1421.9608899999998,2458.253233333333,2477.219397742325,2477.219397742325,2226.7136,3200.5732,4075.0
T000356,2007-06-30,1608.6918,1335.6665,2053.0884,-5.2645264,-126.458984,1266.0,1705.4382182828494,1202.6005578801955,1803.7119466762902,607.5368760445396,1599.8484985408775,428.9075053247117,1518.9664641830748,693.4109587398722,1581.5103057780857,867.3225981870823,1779.2344901036508,1236.8787497721185,1665.8155666666667,1178.4404053333333,1701.167626210057,688.895540003479,1676.65242619165,1208.5775662825113,2053.0884,1608.6918,1665.8155666666667,1178.4404053333333,1137.1721332966565,1137.1721332966565,2053.0884,-126.458984,894.0
T000356,2007-09-30,1744.0533,1595.5055,2110.8826,48.404907,70.25842,1050.0,1842.6433654700222,1331.84568578186,1905.033613285837,764.3436117118817,1714.2209048995662,596.0865897352692,1650.7503370822963,843.8115409019509,1707.4184554797769,1010.5269140490842,1889.53187984322,1361.6301038500094,1816.8138,1308.3981066666665,1801.855476975593,809.3193687947465,1823.593803293139,1337.3723706918527,2110.8826,1744.0533,1816.8138,1308.3981066666665,1269.7059631652671,1269.7059631652671,2110.8826,70.25842,1101.0
T000357,2006-12-31,936.88184,682.22485,655.77466,386.2583,744.4798,514.0,778.4517503354801,778.4517503354801,813.5200422829197,738.341551865349,822.1193318464068,745.7460353295623,890.8760956737005,705.1850708443837,878.2395522311863,716.2996949199489,802.8390525640311,792.4354987573038,758.2937833333333,779.0454333333332,779.3958131390818,690.6000142447261,759.0303279976591,759.0303279976591,655.77466,655.77466,758.2937833333333,758.2937833333333,760.9358693124814,691.2791301373175,655.77466,655.77466,762.0
T000357,2007-03-31,982.34143,892.53284,684.6565,371.577,576.6654,841.0,861.0188986690713,861.0188986690713,851.7046098444875,706.9049066562665,841.971105789182,696.3529033711509,917.536745740939,701.8315243634978,908.3698541829771,718.2577445145703,851.4057126197472,802.0038633933107,853.1769233333333,747.8877766666667,800.0726948737656,714.3338155232325,848.6340571768853,848.6340571768853,684.6565,684.6565,853.1769233333333,853.1769233333333,730.4980008284107,715.2074455193151,684.6565,684.6565,1016.0
T000357,2007-06-30,913.44446,695.22253,657.8163,399.82938,197.84796,399.0,772.8227111358137,772.8227111358137,801.263940937095,558.3682261453811,758.642472374034,515.8564079004399,828.5409289158027,608.6408354213282,828.3344747378399,631.2142159850562,792.3685952705323,708.8035404017435,755.49443,589.7029066666666,728.7461644533989,686.1277374499597,755.7690427324259,755.7690427324259,657.8163,657.8163,755.49443,755.49443,578.0212565906642,527.354273701729,657.8163,657.8163,665.0
T000357,2007-09-30,985.27466,783.2787,657.30707,410.22437,523.77704,903.0,824.9971925332399,824.9971925332399,841.3485194605149,677.1205430980449,829.2670242286136,664.1694844230891,912.7182383177567,673.6959870975525,902.9225978960646,692.1287772823463,834.7100845291127,784.6190457581789,808.6201433333333,722.11959,783.3474593802696,715.4710491902845,806.6647803481202,806.6647803481202,657.30707,657.30707,808.6201433333333,808.6201433333333,703.0896482230713,654.8071600839002,657.30707,657.30707,945.0
T000358,2006-12-31,1841.9274,1390.5686,1358.4011,490.28424,1243.0026,1084.0,1559.405727372642,1559.405727372642,1629.735475156642,1305.164584632685,1619.5244347283763,1318.0712844648954,1741.446381030004,1354.0918598262285,1725.3040974083358,1352.4550067586724,1610.5473019282758,1495.3888230894017,1530.2990333333332,1481.1103666666666,1550.4753296577815,1346.0220270134746,1528.4964814986956,1528.4964814986956,1358.4011,1358.4011,1530.2990333333332,1530.2990333333332,1431.7527857842958,1431.7527857842958,1358.4011,1243.0026,1226.0
T000358,2007-03-31,2019.0057,1598.3843,1516.0035,433.807,1547.9493,2242.0,1737.722205868562,1737.722205868562,1798.2669211198363,1530.7409798859708,1801.8255511321368,1498.840473560866,1926.5853595675399,1514.1837270082922,1906.6203180099199,1512.214961073946,1781.3007614410633,1687.3281946535935,1711.1311666666666,1694.3194999999998,1727.4776843646605,1531.941195045517,1706.0664023994473,1706.0664023994473,1516.0035,1516.0035,1711.1311666666666,1711.1311666666666,1650.2482514361745,1650.2482514361745,1516.0035,1547.9493,1700.0
T000358,2007-06-30,1819.1968,1335.4768,1377.517,538.02606,672.6921,537.0,1542.7027155942462,1542.7027155942462,1625.368900821756,1052.3618063006334,1560.116026697872,1226.7820761084624,1679.6616835485754,1361.3634092602513,1677.4280884334082,1359.5384527836786,1603.4685672126518,1388.9945043459504,1510.7302,1289.8019666666667,1506.9711776373251,1252.5698542549662,1513.7407398343921,1513.7407398343921,1377.517,1377.517,1510.7302,1510.7302,1216.0279081651424,1216.0279081651424,1377.517,672.6921,798.0
T000358,2007-09-30,2073.6855,1572.3912,1386.2418,569.76825,713.00397,1785.0,1708.23499410629,1708.23499410629,1772.0059389824505,1075.658594129448,1709.9825953290365,1241.9493086525,1890.26722610355,1370.7788704576249,1877.9453068460473,1369.008954844412,1753.3222488145884,1484.45722548685,1677.4395,1390.9770899999999,1620.2471562184264,1272.110998965784,1665.721129549539,1665.721129549539,1386.2418,1386.2418,1677.4395,1677.4395,1296.4348176249764,1296.4348176249764,1386.2418,713.00397,2160.0
T000359,2006-12-31,14479.278,8483.2,14596.374,-3782.3828,22506.43,20198.0,12979.20780941912,12979.20780941912,14530.66470974352,17025.629003056856,15268.541834094365,17381.236830681177,15131.51214261942,16758.717055654386,14970.89665946619,16186.375650298714,14161.5206352856,16597.895745294005,12519.617333333332,17194.02733333333,15154.707451662542,11478.129526861998,12628.36535568643,12628.36535568643,14596.374,14479.278,12519.617333333332,12519.617333333332,17224.723864957694,17224.723864957694,14596.374,14479.278,20744.0
T000359,2007-03-31,16265.868,-1322.2383,15940.035,-5190.206,24367.48,24603.0,11625.39465040102,11625.39465040102,16122.878608425053,18634.843281995363,16909.53738756411,19011.823956768523,16875.69455376596,18435.213572533798,16687.286061396826,17766.456576647262,15051.770297197902,18220.58299515473,10294.5549,18857.79433333333,16722.13057343775,12466.490419525111,10613.26250318559,10613.26250318559,15940.035,16265.868,10294.5549,10294.5549,18895.344905017402,18895.344905017402,15940.035,16265.868,24040.0
T000359,2007-06-30,12877.753,11051.819,14287.643,-2937.4727,-9853.238,6005.0,12914.4704025273,12914.4704025273,13496.472753025642,6455.4188556321715,11242.497651498647,5377.532652754007,11220.83728160266,6937.650918459414,11778.826142297608,8915.716289707589,13360.057677725308,7598.253869755894,12739.071666666667,5770.719333333333,11849.26760614927,4178.754730184084,12772.761716475263,12772.761716475263,14287.643,12877.753,12739.071666666667,12739.071666666667,5658.028498130099,5658.028498130099,14287.643,12877.753,6295.0
T000359,2007-09-30,14079.74,13611.878,14737.517,-2433.2158,-4335.908,8001.0,14195.635382842867,14195.635382842867,14368.40055010387,8657.34629969205,12588.08567961823,7803.81069020786,12684.508840057813,9124.140810196855,13107.868153942762,10627.27821872692,14328.2675991775,9602.249940713038,14143.044999999998,8160.4496666666655,13000.543048256925,6089.864651693097,14151.801297219801,14151.801297219801,14737.517,14079.74,14143.044999999998,14143.044999999998,8076.320110391656,8076.320110391656,14737.517,14079.74,8521.0
T000360,2006-12-31,4136.8022,1922.9253,4518.814,-3009.0981,7845.6074,7345.0,3726.551968982141,5425.109773878343,4304.445240626489,5319.801816462396,4614.397499690618,4993.134763544409,4473.942091428816,4773.043238720926,4419.157645449944,4913.043389767787,4162.232353077161,5637.128409100882,3526.1805000000004,-543.0864,4615.35647385256,1582.305705328301,3616.0785801780166,5427.1488185281,4518.814,4136.8022,3526.1805000000004,5500.407866666666,5459.973026054373,5459.973026054373,4518.814,4136.8022,8176.0
T000360,2007-03-31,4728.5913,-2109.4243,4862.8574,-3558.8271,8180.058,7766.0,3082.4846338707866,5854.303308437984,4787.512980579135,5729.969649680879,5096.854947743809,5404.869503088203,5018.193427008919,5189.897623828937,4954.104177675505,5327.672002415362,4366.522927879597,6037.220598579169,2494.0081333333333,-2834.1257,5061.614576912028,1560.7723102369005,2763.970591360597,5856.143946527402,4862.8574,4728.5913,2494.0081333333333,5923.835566666667,5889.05001296861,5889.05001296861,4862.8574,4728.5913,7828.0
T000360,2007-06-30,3400.1128,3131.103,4281.03,-2693.3994,-7114.8223,1115.0,3652.699984165904,397.448758171618,3786.696769260041,929.7676769322429,2722.4463584177106,2043.2100908793336,2658.6166204435685,2757.314429785745,2930.2816183336845,2293.92205745494,3754.8407339343835,-75.90704835408587,3604.081933333333,218.85180000000014,3040.482755438512,-2081.7741209780834,3621.1556306989146,392.1731437179378,4281.03,3400.1128,3604.081933333333,188.77349999999979,278.16771784522416,278.16771784522416,4281.03,3400.1128,1044.0
T000360,2007-09-30,3912.46,4171.1367,4466.9287,-2487.1025,-4129.149,1536.0,4177.520897959317,1576.6288618744093,4155.784470082381,1969.5434021759245,3353.129427548517,2809.709998234999,3332.3655966535584,3350.3712231687427,3533.0658486856164,3000.0139972038787,4161.936931933113,1206.860195019491,4183.508466666666,842.0171,3576.8831290451976,-1119.8059535662012,4177.419775778916,1572.5634983652683,4466.9287,3912.46,4183.508466666666,1416.7465666666665,1486.6460771333568,1486.6460771333568,4466.9287,3912.46,1356.0
T000361,2006-12-31,1705.9324,859.5463,1641.4526,-645.49304,2915.3071,2387.0,1476.6075249582923,2064.3572259387006,1677.6359187630646,1924.9378840735349,1796.5612057812118,1871.0157890106536,1795.2359614129275,2147.8323232883654,1766.1727325879724,2138.4931896990356,1626.9437147997642,1933.345509036453,1402.310433333333,107.02663000000001,1765.998781857906,1219.6685511814835,1432.94565799033,2068.3170661237946,1641.4526,1705.9324,1402.310433333333,2087.564033333333,2076.0837261201577,2076.0837261201577,1641.4526,1705.9324,2418.0
T000361,2007-03-31,1925.3646,-307.93213,1804.48,-825.14014,2969.5076,2885.0,1338.3607956212581,2213.108312289712,1872.315291290382,1977.486637349386,1981.1518037209091,1911.3097670840402,1995.349805099177,2276.9058527978,1966.3941073993199,2271.73170522272,1737.697223520107,2002.9262294570974,1140.63749,-566.536135,1944.1141859981467,1277.8486407367736,1221.7171088182936,2216.816071756829,1804.48,1925.3646,1140.63749,2233.1174,2223.9629027329765,2223.9629027329765,1804.48,1925.3646,2598.0
T000361,2007-06-30,1480.9492,1243.8945,1597.368,-531.22766,-1571.8035,437.0,1466.136044834864,560.770037254669,1532.0387255541507,-361.3143731403848,1236.2198399744075,-472.16983184775705,1250.4677899138414,344.17991903710094,1321.0850028291159,369.8071819809701,1515.4920768535767,-124.30997082398017,1440.7372333333333,356.33342000000005,1305.7978991915113,196.25484249717493,1449.985632741786,550.9797759237699,1597.368,1480.9492,1440.7372333333333,502.17123333333336,531.6884589661518,531.6884589661518,1597.368,1480.9492,629.0
T000361,2007-09-30,1642.2732,1541.0859,1653.5812,-465.6814,-564.2566,888.0,1621.8448577720376,952.9180564738227,1647.2356317976678,181.9202353000593,1440.2973960289514,84.61026993969574,1467.7318643855522,787.1267209974307,1514.4590293594858,808.8769231492889,1640.8431162158809,368.55141716668567,1612.3134333333333,537.70225,1478.6922806417415,507.1193972971915,1616.070421501731,946.1643738554005,1653.5812,1642.2732,1612.3134333333333,910.5326,932.7135036496348,932.7135036496348,1653.5812,1642.2732,868.0
T000362,2006-12-31,170.52304,144.2409,261.862,42.45157,185.71336,376.0,187.89480242726125,187.89480242726125,210.6064640776365,211.4046682537308,203.3967916863619,214.54112395350964,181.70142691425448,220.27861406546543,186.79521036485906,232.2492637293511,207.4020304634236,214.6054340647894,192.20864666666665,42.45157,218.0626524253268,230.47217108303317,196.3756442990869,196.3756442990869,261.862,261.862,192.20864666666665,192.20864666666665,205.84667996861074,205.84667996861074,261.862,185.71336,320.0
T000362,2007-03-31,213.53888,12.5638275,249.47307,22.012512,297.0674,227.0,170.28674092202579,170.28674092202579,229.30833234165536,254.55434111419734,233.70760702433085,251.14124132681695,224.11457391302892,271.72045879452565,224.499783655255,262.49705727337437,216.37636576657712,246.50463415134948,158.52525916666667,22.012512,238.1928417628846,253.6290134453151,168.72037791826094,168.72037791826094,249.47307,249.47307,158.52525916666667,158.52525916666667,255.79936695131317,255.79936695131317,249.47307,297.0674,365.0
T000362,2007-06-30,191.14886,121.75011,246.03555,53.710587,261.4435,283.0,187.50374787251224,187.50374787251224,215.23547617657755,239.0683993871149,216.60996641009962,237.49053980334548,202.73870989930367,251.4973916700913,204.52288510521407,247.70168504439908,210.0279955080107,229.9606035303667,186.31150666666667,53.710587,224.4097215900008,240.19088497180095,191.22133368592105,191.22133368592105,246.03555,246.03555,186.31150666666667,186.31150666666667,234.74601110787174,234.74601110787174,246.03555,261.4435,222.0
T000362,2007-09-30,188.43063,197.41513,249.32893,58.50003,105.87044,105.0,206.97733203917986,206.97733203917986,215.1553965673786,170.41761040687126,201.70066941183208,177.21312652319187,188.49991614397786,175.46237717998503,193.83078069774714,200.0956155647189,214.64178518694888,199.14949155992508,211.72489666666667,58.50003,213.01406528188892,208.67397856165877,213.31348778195334,213.31348778195334,249.32893,249.32893,211.72489666666667,211.72489666666667,178.08268761498886,178.08268761498886,249.32893,105.87044,233.0
T000363,2006-12-31,432.85242,316.32297,374.37253,157.58257,290.2232,470.0,386.4500908378985,386.4500908378985,407.18895469578007,332.0331429354625,399.40499300682006,317.00754660968835,415.1081452357417,336.214502725829,414.6209639678558,353.2105625301725,401.0760837445566,364.9962169156881,374.5159733333333,365.81604999999996,392.21651747951404,369.7195000018404,378.05898151625865,378.05898151625865,374.37253,374.37253,374.5159733333333,374.5159733333333,361.10209693979795,361.10209693979795,374.37253,290.2232,342.0
T000363,2007-03-31,455.94885,282.20233,364.9866,142.13033,340.46878,361.0,385.5687720809683,385.5687720809683,416.0307423074448,361.36276785519624,413.8477568680908,355.8445767353173,436.82234516665443,358.0942605662662,433.84424345471996,364.87965814119985,406.9822097750167,383.2289261216805,367.7125933333333,387.1347433333333,400.9045790481767,393.66461736986275,372.8470084835253,372.8470084835253,364.9866,364.9866,367.7125933333333,367.7125933333333,383.7947583438364,383.7947583438364,364.9866,340.46878,352.0
T000363,2007-06-30,414.37213,300.4446,358.433,167.46088,219.45732,263.0,369.39714029498305,369.39714029498305,389.8236583475525,283.71806140695253,376.9214541852399,259.529681394212,392.7399941349301,293.0905306928331,393.4946920243201,320.15214731105146,383.8257073612184,331.4162249443994,357.74991,330.75415000000004,371.01397252905974,334.23605343478107,361.2623943128632,361.2623943128632,358.433,358.433,357.74991,357.74991,324.0500636405905,324.0500636405905,358.433,219.45732,220.0
T000363,2007-09-30,443.8653,440.8114,362.92856,170.75752,231.08986,354.0,417.49389581149455,417.49389581149455,408.3468128956865,295.3351833817187,396.1392204823577,271.95905867706506,418.0822385445631,302.5347465400479,417.72890425549633,328.8978611764836,409.5735126910024,345.2068170698591,415.86841999999996,345.96124,386.4449686443651,351.29741335859876,412.83743429989806,412.83743429989806,362.92856,362.92856,415.86841999999996,415.86841999999996,338.86002618388716,338.86002618388716,362.92856,231.08986,252.0
T000364,2006-12-31,6435.7485,3259.9497,6797.258,-3404.4058,11250.253,10578.0,5738.0891665208055,8154.93619425643,6594.394258574373,8315.376822824574,7009.4451833550365,8026.522433100507,6858.732513690315,7505.691224514299,6779.654069048148,7741.200517514562,6393.647574158215,8512.385656740911,5497.652066666666,-72.22804999999994,6988.741370378796,4739.476162610899,5587.826701674416,8085.128003066437,6797.258,6435.7485,5497.652066666666,8161.086499999999,8115.382789433529,8115.382789433529,6797.258,6435.7485,11256.0
T000364,2007-03-31,7297.9565,-2117.3936,7276.0728,-4165.345,11746.646,11239.0,4841.284806329102,8772.605130667753,7288.3530008197185,8888.664698904788,7705.484592160761,8596.81880938516,7649.957421692238,8091.658891910918,7555.80276345254,8336.790489818724,6712.2977555790285,9075.90205136103,4152.2119,-3141.3693000000003,7628.224262881464,5063.769996048988,4415.9684461075985,8704.35172863241,7276.0728,7297.9565,4152.2119,8773.558433333332,8735.449244279049,8735.449244279049,7276.0728,7297.9565,11143.0
T000364,2007-06-30,5459.149,4803.0166,6484.513,-2964.4644,-8605.577,2098.0,5652.551153193407,1103.0027897557525,5909.122374406077,822.5537868674755,4500.031960039246,1812.235402743962,4450.635453736248,3473.5334120088105,4804.952789284253,2624.61659947141,5851.042512741411,216.63154806038028,5582.2262,919.2761,4900.456684476391,-39.62918332159097,5603.973699655311,1328.8614164947476,6484.513,5459.149,5582.2262,1112.6950000000002,1222.1056365727522,1222.1056365727522,6484.513,5459.149,2115.0
T000364,2007-09-30,6135.538,6361.7954,6733.6274,-2686.8682,-4643.618,2883.0,6406.741110264105,2736.91590985243,6398.005090237716,2505.000721225077,5335.8157498164055,3250.3340860661547,5342.127098825755,4510.938745161932,5602.55271277644,3874.8466475535815,6401.410845849037,2043.3657479218718,6410.320266666667,1837.4636,5612.037195127125,1255.686814008411,6405.941302855781,2908.035415035573,6733.6274,6135.538,6410.320266666667,2741.8491333333327,2827.8752894147283,2827.8752894147283,6733.6274,6135.538,2709.0
T000365,2006-12-31,2328.616,995.449,2272.3926,-1295.4265,3890.376,3401.0,1989.5077976274356,1989.5077976274356,2303.9427785697735,2730.9640411163064,2454.96595436128,2763.7539912980264,2446.8921617736614,2585.7972574404366,2410.9626353220237,2582.079490321077,2223.3041011569053,2687.3385624017947,1865.4858666666664,-149.98875000000004,2419.9151976044423,1726.7497222508066,1885.7185397598068,1885.7185397598068,2272.3926,2328.616,1865.4858666666664,1865.4858666666664,2796.3231294817015,1875.9519376973915,2272.3926,2328.616,3654.0
T000365,2007-03-31,2763.9236,-871.27,2468.575,-1580.7417,4201.1123,3883.0,1785.7525527542048,1785.7525527542048,2634.312060909384,3024.518267286785,2796.2979793288773,3066.72300212803,2846.1792302056983,2912.5704588242997,2798.684299285254,2885.1507923461354,2416.91268735597,2985.641108759317,1453.7428666666665,-1226.00585,2724.2566745300383,1951.957293597674,1509.1010343838147,1509.1010343838147,2468.575,2763.9236,1453.7428666666665,1453.7428666666665,3113.826176716392,1483.682171289651,2468.575,2763.9236,4020.0
T000365,2007-06-30,2081.917,1767.054,2193.3413,-1132.427,-3033.792,728.0,2048.8078834130997,2048.8078834130997,2130.814726331171,731.2392532045964,1642.9928415185464,627.4245243462193,1686.5523543180088,1213.2099591973315,1799.9341488503198,1218.2220130137366,2109.5916434011933,874.5178954207281,2014.1040999999998,317.3135000000001,1745.925170027033,197.14126870654877,2018.716637928585,2018.716637928585,2193.3413,2081.917,2014.1040999999998,2014.1040999999998,525.8564268676612,2015.345877776631,2193.3413,2081.917,786.0
T000365,2007-09-30,2247.1375,2401.4724,2273.8257,-1032.8103,-1545.1826,1047.0,2293.996941064742,2293.996941064742,2258.8494183146904,1220.6996365839918,1902.5035965538877,1146.5019572895822,1947.9482789658139,1582.9554189580335,2028.6870375776805,1581.1629438471184,2267.832143026296,1327.2045158949074,2307.478533333333,684.33105,1969.676759958565,620.6040967421699,2305.1094316593244,2305.1094316593244,2273.8257,2247.1375,2307.478533333333,2307.478533333333,1075.1406181899783,2306.0678728278745,2273.8257,2247.1375,892.0
T000366,2006-12-31,548.4136,338.72964,792.438,-14.18512,1221.8751,1302.0,587.7826981115429,587.7826981115429,655.5018951863126,906.7059265375023,695.2881212230334,888.6524816707924,628.6942148119275,854.86297596754,629.092761986881,837.3564831345096,638.4021659343933,851.0539399532402,559.8604133333333,559.8604133333333,723.9872116031966,684.4146275848907,564.3211262956934,564.3211262956934,792.438,548.4136,559.8604133333333,559.8604133333333,840.8690688872312,840.8690688872312,792.438,548.4136,1150.0
T000366,2007-03-31,598.0436,-249.51697,794.5649,-76.05383,1222.445,1063.0,488.59407108740686,488.59407108740686,684.285512631679,917.9719352403214,723.9810625935902,898.0615768937587,669.2317500755797,865.2521875848447,667.8402882429074,850.187432276605,628.9626680805777,865.8421112468304,381.03051,381.03051,745.734564452205,706.5689971537713,395.98211461286087,395.98211461286087,794.5649,598.0436,381.03051,381.03051,859.6709389489966,859.6709389489966,794.5649,598.0436,988.0
T000366,2007-06-30,450.0033,401.4162,729.7231,35.897156,23.335693,405.0,535.015315287279,535.015315287279,572.7562563103376,402.18168513981044,506.5285345872378,459.96491416365575,446.54162569644,503.0156758844306,472.01793212553997,497.0646374107763,564.8959174380998,445.2118237001149,527.0475333333334,527.0475333333334,559.2794848006298,275.06330667868707,528.9511343328081,528.9511343328081,729.7231,450.0033,527.0475333333334,527.0475333333334,403.86229327163426,403.86229327163426,729.7231,450.0033,453.0
T000366,2007-09-30,523.6718,517.22815,758.9858,54.61252,200.5679,240.0,602.3488588804282,602.3488588804282,626.937600852177,497.14811955667477,574.5665322244507,543.4123536825326,523.6139245749563,577.1841085357976,544.2979600490548,571.7558399380787,622.4330242273445,530.1540338411181,599.9619166666666,599.9619166666666,618.3497457900917,373.2822463573045,600.9870647638072,600.9870647638072,758.9858,523.6718,599.9619166666666,599.9619166666666,496.25582316090873,496.25582316090873,758.9858,523.6718,304.0
T000367,2006-12-31,454.61145,414.6546,356.69333,249.3943,316.65503,326.0,413.7668873573784,413.7668873573784,411.6408104301505,331.254221459095,408.01775139521425,342.0434937592625,432.93531492113993,356.09510411243485,430.0143053532886,355.24127136849376,410.90479773903564,385.4717566093692,408.6531266666667,375.98660333333333,394.3108309280814,327.42679876973096,404.76918145742013,404.76918145742013,356.69333,356.69333,408.6531266666667,408.6531266666667,364.016224676938,354.46469323420956,356.69333,316.65503,496.0
T000367,2007-03-31,479.9315,446.43646,360.78372,242.41751,401.94708,391.0,433.9617859429406,433.9617859429406,427.6443818452834,386.93765717886,431.6218714104633,380.70207369824925,460.71591840666684,361.9060229921752,455.2854730142077,364.11120989168893,427.6747861852733,411.22640120120457,429.05055999999996,414.2207666666667,413.4543737887004,346.4542951305289,423.49528973590395,423.49528973590395,360.78372,360.78372,429.05055999999996,429.05055999999996,407.76890809157123,399.73971218956933,360.78372,401.94708,490.0
T000367,2007-06-30,441.16867,363.2955,356.42233,255.76663,247.29428,277.0,395.141169011982,395.141169011982,403.97836823558794,287.0857120914646,393.8940675989282,312.4685130475982,416.47553244465473,354.3714941038023,415.5019952531004,350.9444561872361,400.6909357848347,368.5487016663605,386.96216666666663,348.2950933333333,383.2645630695368,313.9080493127092,385.97419664698776,385.97419664698776,356.42233,356.42233,386.96216666666663,386.96216666666663,331.21191853873427,312.2032339507172,356.42233,247.29428,175.0
T000367,2007-09-30,504.0459,423.05804,355.99347,260.2446,226.06403,435.0,437.21473254287633,437.21473254287633,439.07419091315916,273.4402865027234,427.1218656787413,304.703245372857,465.74370759486703,353.6605270286748,462.77555390820066,349.8649734164891,436.7017934481552,387.59819366624123,427.6991366666666,362.0344666666667,407.54634093221074,310.0551710712651,422.95455107883754,422.95455107883754,355.99347,355.99347,427.6991366666666,427.6991366666666,337.6711530212972,318.20942550872064,355.99347,226.06403,412.0
T000368,2006-12-31,192.32819,155.5333,168.3711,37.67717,309.8501,144.0,174.13510030955447,174.13510030955447,181.81479902055264,208.7026445455703,195.042384382948,224.77229858104138,199.07559584379587,169.24728052936106,195.20333958301052,183.8670538570065,179.98054248127625,206.41246006032864,172.07753,96.605235,189.18313037852406,211.54739505287003,172.41695963269515,172.41695963269515,168.3711,168.3711,172.07753,172.07753,232.09213017507045,206.43268056732583,168.3711,155.5333,206.0
T000368,2007-03-31,215.68958,71.15373,189.8958,23.858017,363.92657,287.0,162.9220206905571,162.9220206905571,204.37017125804303,238.65796596094106,220.63696185487606,258.1285856442144,224.68334699704243,190.9682431471477,220.06116524979294,208.87380209765055,195.97175308962034,235.54737251679987,158.91303666666664,47.5058735,213.9689877676534,241.89586868981792,163.6948675899627,163.6948675899627,189.8958,189.8958,158.91303666666664,158.91303666666664,267.0470605477488,185.15209527456034,189.8958,71.15373,278.0
T000368,2007-06-30,188.9951,248.77415,171.18123,48.40004,46.70854,127.0,203.02376187541643,203.02376187541643,181.17761548217885,97.42191805883687,169.58473138079222,69.92150229410329,175.71621974708387,170.17002508677882,177.63091158279403,158.4292975691109,185.14862098611832,149.80107413844883,202.9834933333333,148.587095,169.0321492532838,144.94365807200774,199.56796939553465,199.56796939553465,171.18123,171.18123,202.9834933333333,202.9834933333333,128.1437241637716,179.41984432915143,171.18123,248.77415,120.0
T000368,2007-09-30,199.77437,184.28195,175.29959,52.65467,116.09418,147.0,188.17623177987775,188.17623177987775,189.0337946097519,129.87388912444143,183.5380313955438,113.18280785326792,190.43721981304537,174.75366956814779,190.73402303591803,169.59676299399368,188.51278472560264,170.10387629992138,186.45196999999996,118.46831,180.92685820341734,167.65367123910917,185.8685856821437,185.8685856821437,175.29959,175.29959,186.45196999999996,186.45196999999996,160.1874803384246,169.19734679367238,175.29959,184.28195,163.0
T000369,2006-12-31,3518.4917,1929.708,3578.6895,-1007.3264,5815.179,5173.0,3149.6855496730673,3149.6855496730673,3544.909057346096,4250.639052121402,3753.5053272149516,4296.591462655697,3708.018921725885,3913.1150724098234,3663.6458349766826,4000.770939534494,3446.587265041327,4101.800967671739,3008.9630666666662,461.1908,3725.2954283123745,2994.63262479691,3034.428651764725,3034.428651764725,3578.6895,3518.4917,3008.9630666666662,3008.9630666666662,4265.9134013168705,4265.9134013168705,3578.6895,3518.4917,5506.0
T000369,2007-03-31,4027.2126,-595.41016,3812.884,-1364.9966,6147.147,5624.0,2811.4870080218234,2811.4870080218234,3933.156086046194,4584.703358528552,4151.190164516786,4636.609428380951,4172.6989064135305,4269.808234900464,4115.752469581735,4352.01042794417,3653.8880568611658,4449.294640306169,2414.8954799999997,-980.2033799999999,4081.072313038127,3279.6445117754747,2489.1156572504974,2489.1156572504974,3812.884,4027.2126,2414.8954799999997,2414.8954799999997,4628.39836175063,4628.39836175063,3812.884,4027.2126,5776.0
T000369,2007-06-30,3133.8577,2789.2664,3455.9397,-799.85034,-3622.7246,1537.0,3167.068060426708,3167.068060426708,3275.2009930895347,1198.7860194864445,2614.3883560317695,1046.0471219653543,2630.7688411344006,2197.9319548945114,2790.880083871546,1937.6685860526616,3248.4784292078693,1632.9976032318727,3126.3545999999997,994.70803,2778.904031597752,925.9574648411127,3131.77694466337,3131.77694466337,3455.9397,3133.8577,3126.3545999999997,3126.3545999999997,1099.1116346945287,1099.1116346945287,3455.9397,3133.8577,1534.0
T000369,2007-09-30,3397.0205,3543.0403,3564.7659,-669.624,-1663.6355,1869.0,3494.390551200988,3494.390551200988,3470.6343226806257,1915.4423836756498,2982.629396828968,1803.6256937738533,3012.1880773078055,2662.887729632936,3127.757161904037,2468.303297917111,3476.6442166790357,2241.203051849221,3501.6088999999997,1436.70815,3093.848204506694,1499.8016764114902,3499.211873949359,3499.211873949359,3564.7659,3397.0205,3501.6088999999997,3501.6088999999997,1848.8457545280462,1848.8457545280462,3564.7659,3397.0205,1771.0
T000370,2006-12-31,7804.2007,5643.4897,7044.812,2419.6218,7848.8887,9453.0,6987.675109366831,6987.675109366831,7470.948610181317,7848.8887,7546.842042984642,7665.996372936168,7724.884509713489,7777.827094654162,7678.966093807181,7763.095538485066,7351.926804360008,7495.738612594307,6830.834133333333,6830.834133333333,7422.078585690712,7578.337576172028,6948.407196734499,6948.407196734499,7044.812,7044.812,6830.834133333333,6830.834133333333,7582.251499960996,7582.251499960996,7044.812,7848.8887,11262.0
T000370,2007-03-31,7884.9546,4688.2437,7234.2856,2039.3247,8818.963,9234.0,6843.619162577412,6843.619162577412,7599.413342893813,8818.963,7748.012218006262,8530.123042049521,7888.348147663578,8562.010187610027,7830.307265672774,8545.908031722673,7415.06541474017,7785.959104881332,6602.494633333334,6602.494633333334,7626.274505982525,7935.207796760955,6795.838306052214,6795.838306052214,7234.2856,7234.2856,6602.494633333334,6602.494633333334,8006.649085634261,8006.649085634261,7234.2856,8818.963,10237.0
T000370,2007-06-30,6781.5645,6161.022,6818.301,2753.177,4330.0,3043.0,6636.901354915939,6636.901354915939,6797.686040125136,4330.0,6565.484245514616,4446.549676316386,6590.278483265956,4869.5905723931155,6643.626666807488,4879.818649461114,6759.052815694553,6344.44932678536,6586.9625,6586.9625,6612.090764691254,5783.439481967809,6631.183059237976,6631.183059237976,6818.301,6818.301,6586.9625,6586.9625,5939.4778536802405,5939.4778536802405,6818.301,4330.0,3744.0
T000370,2007-09-30,7730.033,7487.823,6944.3022,2860.6462,5131.024,5994.0,7391.509247390607,7391.509247390607,7385.220875280597,5131.024,7216.944220741016,5234.753884057339,7437.241131959183,5636.51889056572,7444.944584813999,5631.552550153885,7384.115860943568,6922.690225179942,7387.386066666666,7387.386066666666,7131.667698605663,6645.105702824307,7371.823370639175,7371.823370639175,6944.3022,6944.3022,7387.386066666666,7387.386066666666,6579.372550026641,6579.372550026641,6944.3022,5131.024,6174.0
T000371,2006-12-31,1807.576,1330.061,1981.4008,603.556,2156.248,2772.0,1753.4588301293697,1973.3904255484183,1883.8577222093436,2156.248,1899.9712753933602,2138.6887743168627,1854.322147995994,2151.348384922844,1857.3415105722474,2132.4231921807364,1851.5866612711973,1960.1407357609555,1706.345933333333,2068.8244,1922.5850576400599,1993.3967130096535,1735.325895677496,1972.128621392554,1981.4008,1981.4008,1706.345933333333,1981.7415999999998,1985.7986561975272,1985.7986561975272,1981.4008,2156.248,2910.0
T000371,2007-03-31,1893.1166,614.76733,2050.2656,496.50012,2623.9517,2744.0,1636.5595525887707,2172.085792428427,1962.0802712567836,2623.9517,2015.4248334358547,2583.8198205021267,1968.4865093144558,2612.717671553638,1962.5410515409772,2569.6693433304313,1881.0708720130897,2126.4001531973427,1519.3831766666667,2337.10865,2028.9851318114818,2263.719333774568,1587.8675596589155,2163.9204466598326,2050.2656,2050.2656,1519.3831766666667,2189.1113,2198.7146351996453,2198.7146351996453,2050.2656,2623.9517,2653.0
T000371,2007-06-30,1611.5457,1297.0973,1906.4156,693.0689,1363.4252,1024.0,1641.2821901597927,1632.1040168533693,1740.947165151675,1363.4252,1689.9470447139822,1368.075738016953,1623.9607636189246,1364.638241414421,1646.6077055922865,1370.1351162516905,1716.5453408067297,1677.7205929566294,1605.0195333333331,1634.9204,1742.2149255110344,1509.062651679751,1629.4284248677354,1644.1541763123457,1906.4156,1906.4156,1605.0195333333331,1627.1288333333332,1622.0205688892406,1622.0205688892406,1906.4156,1363.4252,1298.0
T000371,2007-09-30,1795.0978,1728.129,1955.1938,724.131,1177.7716,1251.0,1836.68831703578,1656.391958239232,1865.3547403147713,1177.7716,1792.6369183041347,1197.9200049261178,1763.3928017424953,1183.2756804339224,1785.7623316659729,1205.6672310773433,1858.458406526658,1720.299763313486,1826.1401999999998,1566.4827,1829.008916615683,1519.7713372393437,1834.2106895118277,1671.0914459489377,1955.1938,1955.1938,1826.1401999999998,1642.6877333333332,1633.0219340043382,1633.0219340043382,1955.1938,1177.7716,1490.0
T000372,2006-12-31,720.8347,693.0994,1126.5349,699.75134,1141.5292,1475.0,858.5306069756164,858.5306069756164,898.8732189954203,1045.288771691921,899.8059447683106,1036.1768481077652,798.6240552021573,1059.515053360406,813.8762097657324,1040.9834702483922,890.089075780977,957.5292900621125,846.823,842.8118213885402,959.0966356498182,1009.4051357349578,867.0289926883472,867.0289926883472,1126.5349,1126.5349,846.823,846.823,1054.7488052737363,1054.7488052737363,1126.5349,1141.5292,1340.0
T000372,2007-03-31,797.09106,294.6034,1115.5714,657.75867,1198.9028,1234.0,787.7299896787608,787.7299896787608,936.8537913537384,1080.5570526348426,944.2626355517709,1075.8433545158805,863.8574221944469,1068.8321835552583,874.3368787554775,1059.680279932752,900.527221407011,993.5750210281486,735.7552866666666,713.8709118083225,989.6213566455605,1042.7580584519712,779.9682307571961,779.9682307571961,1115.5714,1115.5714,735.7552866666666,735.7552866666666,1092.0526985178578,1092.0526985178578,1115.5714,1198.9028,1333.0
T000372,2007-06-30,773.5413,623.8047,1091.5039,727.70404,1174.5458,1144.0,850.184387931415,850.184387931415,913.0768250008091,1056.4845583791425,920.4592537319834,1051.773272639449,840.1868525556721,1044.8280256079736,850.6524882383871,1035.6793859141285,898.3558322144054,969.6828669891795,829.6166333333332,839.7976841649568,965.7467883920572,1018.7677402873258,853.0018081465812,853.0018081465812,1091.5039,1091.5039,829.6166333333332,829.6166333333332,1067.9527570731375,1067.9527570731375,1091.5039,1174.5458,834.0
T000372,2007-09-30,745.1413,640.90515,1101.67,743.6633,974.6178,537.0,846.6352689392759,846.6352689392759,901.6012714946222,973.9035794127699,889.3375065853475,961.1160413381714,802.3315999391509,1031.2657919983578,818.6621977110946,1004.407036339458,888.9923510886067,932.2288018959999,829.2388166666667,785.1385375591399,943.7647717997788,961.2395760742967,851.7058277053045,851.7058277053045,1101.67,1101.67,829.2388166666667,829.2388166666667,974.2427344858683,974.2427344858683,1101.67,974.6178,962.0
T000373,2006-12-31,1391.3594,1171.9601,1317.8082,925.0592,1133.5052,1389.0,1308.3146341068368,1308.3146341068368,1359.082002260645,1257.6380643001564,1341.9709798355752,1267.0332157600521,1362.7913206624607,1280.3626000500228,1363.8164373423551,1293.5017885558195,1346.9343548885245,1304.7912057159926,1293.7092333333333,1211.4089333333332,1334.2295997008289,1287.1067578857128,1302.1917930259162,1302.1917930259162,1317.8082,1317.8082,1293.7092333333333,1293.7092333333333,1282.4549616288086,1282.4549616288086,1317.8082,1391.3594,1230.0
T000373,2007-03-31,1431.0688,1345.652,1375.3353,906.1392,1167.658,1673.0,1389.790055570015,1389.790055570015,1406.6105675455144,1302.0418206915597,1387.2982357661613,1313.5387165241877,1404.0026134412574,1330.621342683471,1406.1992216315732,1344.3991048356318,1402.3545419021207,1349.5064953120122,1384.0186999999999,1237.5144333333333,1382.558877336664,1331.6603541148993,1386.4670317129503,1386.4670317129503,1375.3353,1375.3353,1384.0186999999999,1384.0186999999999,1326.0362450445025,1326.0362450445025,1375.3353,1431.0688,1573.0
T000373,2007-06-30,1320.5042,1137.5868,1319.3677,945.9056,1173.0215,944.0,1271.1405582523807,1271.1405582523807,1320.0054554175763,1260.0030198597005,1306.352596846324,1269.3834225026567,1308.631477064009,1284.3192067585132,1311.6425841432624,1292.58413885705,1308.8265249089543,1285.4864046510656,1259.1529,1195.2591666666667,1308.6098273641826,1275.834417378163,1268.1219122139298,1268.1219122139298,1319.3677,1319.3677,1259.1529,1259.1529,1271.3340480929194,1271.3340480929194,1319.3677,1320.5042,1324.0
T000373,2007-09-30,1474.8154,1334.3911,1328.1445,956.3445,988.45544,1323.0,1388.7780403834495,1388.7780403834495,1410.4499650908592,1219.4923877368483,1378.925387534488,1236.4361301825159,1420.0642734717242,1260.1594213826188,1421.5274733929655,1284.7968730876437,1404.4145507435935,1308.7201269052503,1379.117,1253.1014666666667,1363.0269841470385,1275.2742582070828,1381.407063446229,1381.407063446229,1328.1445,1328.1445,1379.117,1379.117,1266.8569911138213,1266.8569911138213,1328.1445,1474.8154,1395.0
T000374,2006-12-31,11710.3125,8876.638,11468.187,4144.6133,12688.906,15089.0,10908.7637238245,10908.7637238245,11604.057522972565,12688.906,11718.2294029844,12384.41316163566,11761.844274432182,12563.357373702294,11727.074580143186,12437.224903815148,11434.800067350525,11738.664821957263,10685.045833333334,11955.801833333333,11662.476472589538,11701.804160924907,10848.921084844333,10848.921084844333,11468.187,11468.187,10685.045833333334,10685.045833333334,11975.93054746658,11975.93054746658,11468.187,12688.906,16742.0
T000374,2007-03-31,11976.615,6954.951,11772.047,3600.6758,13972.826,14885.0,10635.71293972102,10635.71293972102,11886.84185284884,13972.826,12092.410598213532,13554.055894287954,12113.310542685118,13727.97186013627,12059.52481715032,13488.845981816767,11582.972776464729,12155.205710577322,10234.537666666667,12573.829333333331,12025.936150806565,12245.006163993818,10532.434831185416,10532.434831185416,11772.047,11772.047,10234.537666666667,10234.537666666667,12608.771338048758,12608.771338048758,11772.047,13972.826,15796.0
T000374,2007-06-30,10446.255,9232.605,11128.115,4585.587,6034.134,6155.0,10381.310748963755,10381.310748963755,10745.484195751487,6034.134,10269.4299084902,6260.828599649898,10169.193881267203,6584.253782664344,10301.681755684001,7127.206063155027,10659.271105693451,10147.396471714274,10268.991666666665,9202.834666666666,10453.87177519787,8866.148979861979,10365.377270380806,10365.377270380806,11128.115,11128.115,10268.991666666665,10268.991666666665,9120.746835269507,9120.746835269507,11128.115,6034.134,7200.0
T000374,2007-09-30,11616.073,11216.759,11334.21,4746.545,6754.189,9105.0,11415.335574879959,11415.335574879959,11492.379516290584,6754.189,11065.385476604852,6992.194861701673,11198.006908574012,7320.214136203838,11282.792514756753,7853.632481564533,11472.855368903554,10855.530447491406,11389.014,9901.490666666665,11099.881920366992,9858.234900788997,11403.844599430908,11403.844599430908,11334.21,11334.21,11389.014,11389.014,9832.882794883915,9832.882794883915,11334.21,6754.189,10021.0
T000375,2006-12-31,1721.7357,1118.873,1787.5249,-185.11401,2185.526,2466.0,1598.4263912401839,1598.4263912401839,1750.6068016999584,1933.0600628715074,1787.66487108387,1984.8957703641054,1765.8618464986175,1918.3608308939822,1760.0783738891364,1948.6335677662732,1712.5485459263982,1859.4645402555884,1542.7111999999997,466.879495,1790.7275204622274,882.5267720290285,1560.479501874044,1560.479501874044,1787.5249,1787.5249,1542.7111999999997,1542.7111999999997,1898.5130127309935,1898.5130127309935,1787.5249,1721.7357,3270.0
T000375,2007-03-31,1895.9138,391.9834,1913.563,-337.29956,2286.2698,2799.0,1534.7612365180935,1534.7612365180935,1903.6590203115848,2061.8250444783744,1938.412445067117,2106.1515231289495,1928.9362885658693,2042.5571069844354,1921.8338444480128,2070.8991361607973,1811.275383679557,1996.7328220722543,1400.4867333333332,27.341920000000016,1934.829211849376,856.6770977984343,1442.5059188589248,1442.5059188589248,1913.563,1913.563,1400.4867333333332,1400.4867333333332,2032.6219083351102,2032.6219083351102,1913.563,1895.9138,3210.0
T000375,2007-06-30,1549.617,1182.0647,1742.083,-87.47168,-55.54126,796.0,1530.1279679447398,1530.1279679447398,1634.0792743517814,951.3648606475565,1466.1389513306922,764.1873631782169,1442.7525435135346,1079.0467707286539,1487.65884226065,942.3914267597906,1608.2148835777314,1241.1542740513307,1491.2549,547.2965099999999,1524.1596628990164,257.5723520661553,1504.4869816277233,1504.4869816277233,1742.083,1742.083,1491.2549,1491.2549,1072.335184945942,1072.335184945942,1742.083,1549.617,653.0
T000375,2007-09-30,1683.8861,1429.3654,1790.9407,-41.731323,301.58203,1083.0,1660.8051584577777,1660.8051584577777,1730.8662159468176,1150.0964148610449,1591.7853664037132,989.992185017585,1585.4531413767415,1249.3224223249313,1620.6480558132944,1136.0933436798623,1713.4138019242816,1394.752596817699,1634.7307333333333,693.8170385,1632.1654329659586,396.599305200197,1643.4806807870798,1643.4806807870798,1790.9407,1790.9407,1634.7307333333333,1634.7307333333333,1254.0754861770583,1254.0754861770583,1790.9407,1683.8861,1092.0
T000376,2006-12-31,676.23505,489.92825,762.7721,96.60953,915.7339,1043.0,659.6769130544183,659.6769130544183,714.2111915454876,821.1542045061153,728.3831423300664,819.7757112776426,704.7581293736271,795.7218181074511,704.8854194926972,801.3065251419489,701.2934146007086,793.1629547471698,642.9784666666667,784.9136833333332,738.5494003558372,734.9406458491178,648.5506450123964,648.5506450123964,762.7721,762.7721,642.9784666666667,642.9784666666667,786.9936906768037,786.9936906768037,762.7721,915.7339,1484.0
T000376,2007-03-31,703.7443,190.65686,794.56525,50.823425,980.5867,1073.0,608.5316617864808,608.5316617864808,743.600399237213,868.6828063930714,760.8519066245951,867.0283581405095,735.7097466186774,838.5068429129043,735.3113333319931,844.6489274180283,710.6012552196391,834.583107108298,562.9888033333333,826.2987499999999,771.0992672426042,679.9717391390192,575.4286318422887,575.4286318422887,794.56525,794.56525,562.9888033333333,562.9888033333333,828.8700362003672,828.8700362003672,794.56525,980.5867,1373.0
T000376,2007-06-30,598.2298,534.8709,738.6565,128.58585,105.34091,457.0,629.9323620857872,629.9323620857872,659.8550141246521,389.1157063459084,600.605006920642,394.0629726747261,574.2910477961091,468.36641089118433,592.8979806571884,467.7129737728909,653.5232406395971,507.03948541552074,623.9190666666666,480.7424033333333,631.703488653924,458.17240532808955,628.0007877996902,628.0007877996902,738.6565,738.6565,623.9190666666666,623.9190666666666,470.6872482688425,470.6872482688425,738.6565,105.34091,461.0
T000376,2007-09-30,657.7782,643.34283,757.1888,144.05698,160.26001,444.0,687.6764905680482,687.6764905680482,701.4038033308491,434.8536998824558,645.59583809134,439.56694501102965,628.9943671020209,511.27197981990156,645.268164170244,509.17165744940684,698.7836843301438,545.8681096464177,686.1032766666666,525.07567,670.072253569039,516.0356673470932,688.3613990298886,688.3613990298886,757.1888,757.1888,686.1032766666666,686.1032766666666,515.693572939704,515.693572939704,757.1888,160.26001,551.0
T000377,2006-12-31,279.26904,186.75127,444.3449,-91.56952,725.25885,748.0,308.4266696063156,427.992796242197,351.71135488250525,477.09704051658827,377.73103706916964,448.37755342875073,332.8128510533298,446.61501865219043,333.28260089279473,448.05324379477787,343.16385248542025,507.6259934936832,303.45507,359.3447433333333,397.30401089275216,511.2235394865671,318.2690171447242,479.5777268312826,444.3449,444.3449,303.45507,482.95759666666663,512.162125046072,512.162125046072,444.3449,725.25885,664.0
T000377,2007-03-31,278.27936,75.73511,402.46185,-138.5744,596.4508,248.0,267.0050155877144,386.51890288751576,332.7759232374931,425.07928622581016,350.73246128273695,402.40618260314994,317.17806045621404,403.6874255985584,317.89329221217076,403.39529223999915,318.20650998977464,444.6868069885351,252.15877333333333,286.77941666666663,365.7438668263127,471.8643209413464,270.8050874714486,423.57356632347876,402.46185,402.46185,252.15877333333333,425.73067,446.72078975452456,446.72078975452456,402.46185,596.4508,329.0
T000377,2007-06-30,369.17172,262.33783,394.39767,-66.5737,-133.77808,476.0,350.4725957749144,271.928495988386,380.24194076462504,332.8169390272079,330.9339206825936,362.41395234668977,331.8590340254779,387.1906421042813,343.8515612336892,373.44475135395487,373.26062736045486,226.83520925315048,341.9690733333333,64.68196333333334,343.38447578308455,364.8053261710324,349.4637094899806,222.11342354985106,394.39767,394.39767,341.9690733333333,209.93043666666665,182.1174064498602,182.1174064498602,394.39767,-133.77808,567.0
T000377,2007-09-30,337.79044,262.71814,405.2895,-59.86978,122.955986,132.0,340.4100917775008,315.1646352912571,367.4119010591343,372.37185058077347,340.99248732335286,384.55814636796737,328.0429378625776,400.99929356972206,336.5258107838991,392.00682396975304,361.6367757053647,307.90084380748056,335.2660266666667,156.1252353333333,355.574855647314,400.699469798419,343.4249874383527,296.12902199947337,405.2895,405.2895,335.2660266666667,288.67864199999997,278.1726292171178,278.1726292171178,405.2895,122.955986,117.0
T000378,2006-12-31,855.6187,690.35815,839.88617,425.92014,1069.239,999.0,807.1731136039598,807.1731136039598,848.7145960797874,876.8764915307909,870.131396311328,845.6340952950127,870.9190358651539,870.9768573674436,865.5281178565868,870.3488487917649,838.871613028443,899.7774335803966,795.2876733333333,425.92014,864.0236416669984,866.9227366472633,802.6329746642991,802.6329746642991,839.88617,839.88617,795.2876733333333,795.2876733333333,950.8327992885442,908.9581909624073,839.88617,1069.239,1110.0
T000378,2007-03-31,860.18353,520.722,834.13367,389.09573,976.0841,890.0,762.7220203822299,762.7220203822299,848.7517424523527,857.0276192359177,862.0257175464762,832.1329655848249,866.5733824423446,854.2079768674474,862.6109945227809,854.1792770556264,828.4238312215816,874.2269215895177,738.3463999999999,389.09573,855.8515278360155,860.1163317037647,753.9042641831923,753.9042641831923,834.13367,834.13367,738.3463999999999,738.3463999999999,906.6651291529138,822.4845791924736,834.13367,976.0841,837.0
T000378,2007-06-30,812.00757,758.2744,817.19946,449.37726,425.93628,715.0,799.6286841534115,799.6286841534115,814.285992358153,754.0960274791994,777.7749991920996,775.7795118991992,781.8191766702527,765.2641958390846,790.1852748693968,766.8132431775539,810.9055946096975,719.0431395729829,795.8271433333333,449.37726,785.0176660522591,784.2265125184666,798.9883096831431,798.9883096831431,817.19946,817.19946,795.8271433333333,795.8271433333333,633.059085193618,622.0259344103897,817.19946,425.93628,1212.0
T000378,2007-09-30,847.1111,760.8467,826.12823,456.09314,629.0784,693.0,817.6440482283192,817.6440482283192,837.9029233733347,794.3477781551823,819.5422022152687,799.8287388971678,827.4523201393747,801.1755260219968,830.7603453092155,802.4764119176574,832.9880384126259,781.070917719741,811.36201,456.09314,819.7266877234061,811.0132926057231,814.2385618767087,814.2385618767087,826.12823,826.12823,811.36201,811.36201,738.9811277096096,719.0644572217634,826.12823,629.0784,577.0
T000379,2006-12-31,3446.3787,2541.0076,3840.7961,411.41602,4806.165,5256.0,3366.8994899791705,3366.8994899791705,3619.4658460305527,4127.7595494545185,3709.0819057871536,3866.496416942687,3597.74614960435,3862.3887837279945,3592.728089843893,3874.3881765216124,3557.1471362394204,3915.700818741589,3276.0607999999997,1476.21181,3750.9751560377886,3513.0359702436854,3311.1609466342697,3311.1609466342697,3840.7961,3840.7961,3276.0607999999997,3276.0607999999997,4047.797365379074,3597.780112030602,3840.7961,2541.0076,6528.0
T000379,2007-03-31,3603.5876,1196.0271,3926.029,140.02832,4768.085,5010.0,3127.976017469735,3127.976017469735,3745.088613109705,4176.336726293931,3823.282243247559,3948.6804339034647,3731.5429247871257,3944.986002707923,3726.3373588247973,3955.671218582353,3592.058281064331,3997.2459944258712,2908.5478999999996,668.0277100000001,3856.6550686007154,3151.1696150232387,2975.305860327305,2975.305860327305,3926.029,3926.029,2908.5478999999996,2908.5478999999996,4113.63655873354,3174.487987102215,3926.029,1196.0271,5749.0
T000379,2007-06-30,3180.15,2756.5208,3694.046,576.19775,522.984,2444.0,3262.7766330125987,3262.7766330125987,3405.6694420847475,2751.4230400578026,3109.2173732705796,3590.0184311970143,3024.56040106507,3612.853688428429,3110.466723548421,3555.121831949591,3370.757638390539,2955.2603618741337,3210.238933333333,1666.3592749999998,3237.159019484849,3175.625753470529,3238.713986267098,3238.713986267098,3694.046,3694.046,3210.238933333333,3210.238933333333,2423.511394971487,2133.6269168480208,3694.046,2756.5208,2893.0
T000379,2007-09-30,3323.0972,3133.2334,3781.9832,640.12,1362.5669,2352.0,3443.2811951253866,3443.2811951253866,3524.4759122306878,3062.7927981603643,3298.215937085792,3701.8897633207516,3216.99910237806,3719.6572069871313,3285.1056720607585,3674.933527186226,3504.83678848094,3200.1237671075255,3412.7712666666666,1886.6767,3405.6345664482546,3406.8317111481306,3433.897052394938,3433.897052394938,3781.9832,3781.9832,3412.7712666666666,3412.7712666666666,2790.8049753152072,2592.9480722556495,3781.9832,3133.2334,2337.0
T000380,2006-12-31,25826.844,14860.687,26134.04,-7585.371,40082.375,38281.0,23228.58555027697,30947.380023135695,25961.65468257131,30928.13615007209,27262.687416193003,30824.71333356345,26995.986671831954,29171.418191542798,26716.626516861365,29029.298393896497,25284.906320066424,30167.585572767923,22273.857,30681.086333333333,27076.735800569135,19554.496030349263,22536.666391380357,30353.381888150536,26134.04,25826.844,22273.857,30681.086333333333,30627.232839678818,30627.232839678818,26134.04,25826.844,42292.0
T000380,2007-03-31,28617.26,-1807.8496,27990.809,-10169.279,42750.75,42098.0,20851.339099914672,33391.982825484905,28342.346632288572,33290.32857109065,29720.175551218723,33218.814016706514,29674.786872709523,31618.798714223944,29342.665530572387,31396.315732233204,26490.567128937066,32556.52702977399,18266.7398,33119.60633333333,29383.76226692644,20832.33152726511,18993.53566606909,32793.63345014325,27990.809,28617.26,18266.7398,33119.60633333333,33077.36958592496,33077.36958592496,27990.809,28617.26,42544.0
T000380,2007-06-30,22345.39,19923.863,25220.295,-6020.301,-20021.824,9485.0,22829.305307353996,8355.842990259822,23607.020702801055,8748.996249038399,19382.60717354472,8930.149260375152,19284.108456030266,13684.530264761044,20338.754101900726,14438.819571997123,23408.55308213082,10927.001378937488,22496.516,9181.287,20553.889610297647,5660.213990014371,22559.023269741283,10159.588679110577,25220.295,22345.39,22496.516,9181.287,9295.951213187273,9295.951213187273,25220.295,22345.39,10165.0
T000380,2007-09-30,24807.818,25144.979,26044.734,-5123.633,-8555.666,13923.0,25357.31131173121,13458.163305330356,25350.629398076067,13676.67468329306,22120.975372912304,13853.551667426274,22285.024548210706,17640.70925060307,23054.700463962974,18144.707218899963,25349.667055214806,15414.142844454811,25332.51033333333,14098.962,22875.60753261125,9567.200602286266,25326.41667052252,14868.1738336516,26044.734,24807.818,25332.51033333333,14098.962,14201.564276429344,14201.564276429344,26044.734,24807.818,13829.0
T000381,2006-12-31,6488.397,4258.393,7299.8643,-248.0083,10376.285,10488.0,6222.5125327292335,7941.05212052087,6844.503396558869,8549.099683594493,7130.602223167733,8726.735117335114,6886.671641609775,9020.148269518386,6853.589800723437,8920.353651432628,6693.80213814916,8325.028897920954,6015.551433333333,3499.5939,7198.733558787417,6096.226085295746,6082.613708853562,7993.112024275964,7299.8643,6488.397,6015.551433333333,8054.848766666666,8084.587343811744,8084.587343811744,7299.8643,10376.285,10788.0
T000381,2007-03-31,7038.1797,345.17236,7670.0645,-811.5156,11175.537,10869.0,5593.4078809010725,8507.012448826763,7315.477650476035,9106.956225927213,7641.81358264892,9309.737252768631,7436.728648726297,9668.010886835955,7387.801254017396,9565.525856267379,6894.673880520733,8906.566716511115,5017.80552,2190.612153333333,7676.483419623062,6496.039595468244,5211.98163339943,8562.809606520352,7670.0645,7038.1797,5017.80552,8627.927066666667,8664.304667209906,8664.304667209906,7670.0645,11175.537,11687.0
T000381,2007-06-30,5724.1084,4819.111,7026.561,112.720215,-1247.5117,3589.0,5965.165345996764,4036.2530784965893,6295.680048142482,593.7319607880164,5522.208596541217,30.93393006053782,5310.882336397377,1950.5386793722412,5533.558543934211,2085.2878194477944,6217.524159399178,3455.5770381119764,5856.593466666666,3551.9798716666664,5850.400069386167,3185.3789210369837,5887.640429710124,3938.177793320113,7026.561,5724.1084,5856.593466666666,3834.3858999999998,3724.7445533401537,3724.7445533401537,7026.561,-1247.5117,3735.0
T000381,2007-09-30,6301.919,6037.302,7235.7036,302.66895,237.55273,3873.0,6570.688325148384,4767.48034089493,6711.703435020567,1672.304813588797,6057.699740055245,1192.9024961220102,5920.731435000004,2964.077122363333,6102.630747966763,3084.48306009473,6679.192940424096,4254.5804013217585,6524.974866666666,4213.963316666666,6310.653019237381,3888.6690952567246,6536.229828366958,4682.509271358761,7235.7036,6301.919,6524.974866666666,4591.725109999999,4500.4195250089415,4500.4195250089415,7235.7036,237.55273,4314.0
T000382,2006-12-31,2226.8462,1967.7413,2655.757,2044.2609,2535.163,3299.0,2315.3079111973784,2315.3079111973784,2415.0705183837254,2620.3677533979617,2403.3261215895604,2619.584041678869,2298.2164763594355,2644.559655846349,2317.1892896517516,2631.129964385478,2391.7157930286994,2454.3159599886408,2283.4481666666666,2222.5864,2468.2689432207244,2612.01972010513,2317.707189870457,2317.707189870457,2655.757,2655.757,2283.4481666666666,2283.4481666666666,2474.646811201852,2474.646811201852,2655.757,2535.163,3384.0
T000382,2007-03-31,2325.7407,1465.4642,2608.7354,1964.8853,2568.8037,2691.0,2213.0090757472353,2213.0090757472353,2449.9308218474953,2597.017132270771,2445.879946418432,2594.8041612085426,2375.9881665936146,2603.995309564137,2387.6790701613772,2596.228814216647,2392.3190934703316,2480.872577389998,2133.313433333333,2013.0282999999997,2488.0726070780456,2587.759402544667,2192.7820005651374,2192.7820005651374,2608.7354,2608.7354,2133.313433333333,2133.313433333333,2505.729711640649,2505.729711640649,2608.7354,2568.8037,3232.0
T000382,2007-06-30,2292.342,1903.3867,2562.6147,2092.0356,2781.0957,2486.0,2292.067258596903,2292.067258596903,2410.9491666538333,2626.7296475667117,2431.0229302440216,2613.6364453943356,2360.773133153058,2575.231132421186,2366.5820491857567,2574.899273955679,2382.415417779356,2473.1803330320577,2252.781133333333,2186.012333333333,2467.068314544431,2593.6111655077866,2286.438487927904,2286.438487927904,2562.6147,2562.6147,2252.781133333333,2252.781133333333,2571.005152136043,2571.005152136043,2562.6147,2781.0957,2402.0
T000382,2007-09-30,2245.7085,2107.247,2590.5771,2114.4583,2797.4133,1854.0,2334.1802973418858,2334.1802973418858,2397.0515232275557,2651.2747904989355,2415.9530928888416,2637.6461394526586,2327.295456023783,2601.869313478994,2336.209389567281,2599.4593508189896,2382.5508781410153,2467.2962647225672,2314.5108666666665,2270.7607999999996,2463.1387733893016,2615.8218829275397,2338.3202566926825,2338.3202566926825,2590.5771,2590.5771,2314.5108666666665,2314.5108666666665,2571.350234064407,2571.350234064407,2590.5771,2797.4133,2373.0
T000383,2006-12-31,4951.316,3997.061,4215.8965,2838.8196,3829.0513,4226.0,4449.53507702869,4449.53507702869,4628.582615544305,4113.447674591276,4593.334965918559,4194.663251390985,4781.6545118555605,4210.398984092914,4761.514024317371,4228.526934964382,4583.005202526676,4463.753185342926,4388.091166666666,4332.087933333333,4491.8150858608915,4336.3490524074305,4414.943549562646,4414.943549562646,4215.8965,4215.8965,4388.091166666666,4388.091166666666,4226.175570520946,4226.175570520946,4215.8965,3829.0513,4312.0
T000383,2007-03-31,5212.472,4111.1143,4470.628,2743.7144,4276.4463,5703.0,4671.263861240886,4671.263861240886,4886.919271444188,4419.202553643501,4869.654594250199,4470.094880284525,5056.945447252986,4469.21365250406,5032.536977370746,4497.320040649923,4832.447979024256,4747.002207227268,4598.071433333333,4653.1821,4764.000678526986,4623.847174676529,4634.433528035191,4634.433528035191,4470.628,4470.628,4598.071433333333,4598.071433333333,4561.722688256749,4561.722688256749,4470.628,4276.4463,5041.0
T000383,2007-06-30,4770.5186,3984.5894,4236.1807,2922.3315,3191.559,2679.0,4382.554162694813,4382.554162694813,4536.02838195445,3959.5318850180265,4439.178804135061,4139.40767477601,4586.421216426862,4216.096134600565,4587.725330435293,4191.020162867229,4497.2442450710005,4313.63024506015,4330.429566666666,4066.0861,4378.064053613435,4200.177230577666,4356.128608038987,4356.128608038987,4236.1807,4236.1807,4330.429566666666,4330.429566666666,3929.2376929684006,3929.2376929684006,4236.1807,3191.559,3735.0
T000383,2007-09-30,5190.6196,4572.738,4264.36,2969.0667,3210.7246,4560.0,4706.1095251193365,4706.1095251193365,4784.137455329402,3985.324072608239,4686.897309467228,4177.274312207583,4931.810620977641,4245.500098995822,4918.266373567692,4239.960195533701,4762.487163808657,4500.398396893219,4675.905866666666,4221.9014,4568.414889178311,4324.441057142301,4670.6918511132735,4670.6918511132735,4264.36,4264.36,4675.905866666666,4675.905866666666,4044.074520920928,4044.074520920928,4264.36,3210.7246,4843.0
T000384,2006-12-31,39498.715,25166.092,40270.72,-3339.123,57468.332,56294.0,36404.24046187469,36404.24046187469,39837.503659352544,47328.99071783143,41441.16118361529,47608.96195935235,41014.454335693066,44114.066372710135,40685.10435369783,44555.59901071212,38946.53109925432,44522.07905088783,34978.509,34978.509,41269.60350102853,35378.32375599588,35297.779459527745,35297.779459527745,40270.72,39498.715,34978.509,34978.509,45799.72338332739,45799.72338332739,40270.72,39498.715,60776.0
T000384,2007-03-31,43115.285,4139.164,42726.06,-6643.088,61316.895,61361.0,33716.277191008725,33716.277191008725,42944.476500137316,50602.11129191506,44679.45687973339,50931.042288727884,44522.774074541914,47255.98255127874,44119.79123927972,47766.37127148775,40565.03359698436,47748.94037158058,29993.502999999997,29993.502999999997,44314.404627208365,37812.55415238186,30856.87972121044,30856.87972121044,42726.06,43115.285,29993.502999999997,29993.502999999997,49123.32623416209,49123.32623416209,42726.06,43115.285,62504.0
T000384,2007-06-30,35034.652,30659.258,39067.312,-1326.3789,-16370.23,18239.0,35591.15921968395,35591.15921968395,36804.35488408059,15003.809377358788,31627.373370009904,13961.271356885649,31379.768337669884,24678.58900833112,32691.643393971124,23078.970389130845,36466.04360318989,23086.81763269326,34920.407333333336,34920.407333333336,33137.43646484051,18643.043930167652,35025.268038256385,35025.268038256385,39067.312,35034.652,34920.407333333336,34920.407333333336,19004.29665449673,19004.29665449673,39067.312,35034.652,20037.0
T000384,2007-09-30,38300.65,37917.414,40154.73,-179.95898,-3217.289,24210.0,38942.7741781772,38942.7741781772,39114.29923482668,21589.925013858312,35065.54003452642,20802.221644780315,35195.614934560566,29296.459863540975,36172.060580949605,28080.15679410354,39058.45231141026,28106.28597755999,38790.93133333333,38790.93133333333,36056.03441925534,23445.700101963037,38803.03918863238,38803.03918863238,40154.73,38300.65,38790.93133333333,38790.93133333333,24905.101911855152,24905.101911855152,40154.73,38300.65,25359.0
T000385,2006-12-31,64700.367,39164.977,69246.51,-2918.1719,94763.66,91085.0,60411.70519203514,77329.35652469374,66695.40808418333,78507.41183287861,69070.9447452329,81456.23462232765,67591.39813631559,89821.19551891592,67233.1919091225,86063.18589795989,65052.64633740303,77111.31169924293,57703.95133333333,18123.40255,69315.46405042899,54013.15410737077,58359.31613908392,75712.87251198979,69246.51,64700.367,57703.95133333333,76236.84566666666,76473.08035730003,76473.08035730003,69246.51,94763.66,100162.0
T000385,2007-03-31,74706.77,-4170.422,76508.25,-9213.891,114076.32,119432.0,56613.16704354479,89886.68832780438,75497.33611556975,92444.79779514756,79000.38319223783,96821.31987246076,78039.61179506932,107086.72808744156,77324.56257365772,101863.25187389884,70636.75999555257,89464.2731449663,49014.866,-6692.156499999999,78642.49943271208,61976.666792603275,50966.9223933787,87733.58922821694,76508.25,74706.77,49014.866,88430.44666666667,88756.65164317346,88756.65164317346,76508.25,114076.32,125864.0
T000385,2007-06-30,60448.953,49245.812,68456.67,839.8203,-5012.629,34410.0,60947.952002335005,38808.62514986276,63963.080119519414,10903.007060678441,57099.159448492275,1942.1858319298517,56108.11074249432,7979.823589103296,57948.8732784434,17465.882630127988,63137.322874786594,39873.72427760096,59383.81166666666,25042.81615,59491.25780428187,27182.983421033223,59706.8669029086,42484.679774279626,68456.67,60448.953,59383.81166666666,41297.664666666664,40710.63385880128,40710.63385880128,68456.67,-5012.629,35633.0
T000385,2007-09-30,63500.96,59626.51,70561.445,2866.2031,4210.8594,36771.0,65372.34826339317,43837.889039413356,66599.40139290388,17840.712972936937,60400.748408163105,9736.811049420217,59548.3706718239,15954.478721651956,61204.20144751417,24532.232419070086,66238.8744434105,44796.23531188548,64562.971666666665,31246.35655,62535.92304564349,31554.816723597472,64700.04860799722,47165.70085628759,70561.445,63500.96,64562.971666666665,46091.08813333333,45560.18051483523,45560.18051483523,70561.445,4210.8594,36629.0
T000386,2006-12-31,34404.08,21262.326,39372.027,-7107.117,56086.043,54465.0,33283.069196837285,44050.228078603286,36584.226636180465,42934.791678152935,38137.94227529985,44464.17879999902,36673.47565418195,52806.93927741674,36515.20177508358,50711.38458793288,35692.87505819872,46494.14834516062,31679.477666666666,7077.6045,38590.175501178965,35151.42773747155,31944.42627256346,43108.7692074238,39372.027,34404.08,31679.477666666666,43287.38333333333,43418.45849661856,43418.45849661856,39372.027,56086.043,55982.0
T000386,2007-03-31,38452.39,-2365.3047,42405.773,-10591.691,61730.34,63231.0,30415.124999452975,48357.166121537186,40187.30276154577,46641.10205627139,41985.7499374662,48406.818320511615,40738.19961445997,57963.13977880825,40486.51038116686,55705.830443603045,37619.2634005148,50982.60025183488,26164.286099999998,-6478.497850000001,42245.84942269868,38805.169808520455,26968.6998183276,47343.81524709324,42405.773,38452.39,26164.286099999998,47529.501,47686.901107229176,47686.901107229176,42405.773,61730.34,66589.0
T000386,2007-06-30,31217.393,25884.104,38442.09,-5183.4375,-17967.105,21373.0,32829.87157817507,15384.169326675114,34387.897609242624,-4985.072530807037,29116.592010708755,-9458.3640757527,28087.75229089701,-13409.351641746776,29542.374833634454,-2368.4946331036736,33935.18774430903,9818.554114533314,31847.86233333333,10350.33325,31111.200633057597,16411.400750159075,31963.78387913239,17554.557039264913,38442.09,31217.393,31847.86233333333,17230.792666666664,16710.0012278325,16710.0012278325,38442.09,-17967.105,20600.0
T000386,2007-09-30,33359.375,31795.84,39616.305,-3915.6191,-9846.002,18786.0,35474.935169143806,19421.649752831705,36105.18225042289,710.426845591769,31483.136552694374,-3193.847325311335,30600.42241229115,-6020.929255701632,31872.91188896922,3839.876728390186,35900.171987355396,14532.72440527306,34923.84,13940.11045,33220.653862760504,19821.161413929512,34964.49752954583,21328.025874517465,39616.305,33359.375,34923.84,21043.226,20586.82596772495,20586.82596772495,39616.305,-9846.002,20028.0
T000387,2006-12-31,5407.3057,4604.3203,6194.6665,4100.848,5490.5625,7155.0,5486.04894498557,5486.04894498557,5752.8331381108255,5798.344733908306,5686.23505529251,5760.375734041786,5499.866905993083,5881.234684607544,5544.771754331514,5883.106869513322,5689.91951843817,5743.281047160463,5402.0975,4966.6116,5813.447686600654,5642.510885754167,5484.735600080878,5484.735600080878,6194.6665,6194.6665,5402.0975,5402.0975,5664.144273770597,5664.144273770597,6194.6665,5490.5625,7408.0
T000387,2007-03-31,5730.858,3659.5305,6338.4907,3914.3892,6102.065,7449.0,5426.488305083363,5426.488305083363,5997.513096549592,6093.918170264558,5974.756156027787,6111.327201706787,5826.743068595385,6146.351621153772,5854.9905192327915,6139.764809902947,5860.0867605729745,6022.474962907524,5242.959733333333,4637.470133333333,6067.846127317007,5993.1603872027035,5395.042319874156,5395.042319874156,6338.4907,6338.4907,5242.959733333333,5242.959733333333,6055.870724848884,6055.870724848884,6338.4907,6102.065,8426.0
T000387,2007-06-30,5549.771,4481.7646,6134.717,4231.2456,6419.902,5580.0,5489.683762497632,5489.683762497632,5806.4702067844555,6001.650922694609,5832.4058460776005,6096.442978053419,5682.925175143313,6032.856081694935,5699.414553135651,6013.097945312269,5730.866611534961,5884.514866612257,5388.750866666666,4949.242399999999,5913.526653961354,5937.238149424502,5478.824416870639,5478.824416870639,6134.717,6134.717,5388.750866666666,5388.750866666666,6074.477675495311,6074.477675495311,6134.717,6419.902,5192.0
T000387,2007-09-30,5463.5596,4945.163,6193.439,4284.298,5699.6846,4551.0,5593.39288341483,5593.39288341483,5783.861752725747,5857.783736683999,5736.955440127294,5846.774392662699,5562.025264590433,5928.649019384579,5600.334111507531,5926.225608770021,5739.375548412654,5791.749856152838,5534.053866666666,5140.966666666666,5852.248169902271,5723.426274942374,5596.912635614841,5596.912635614841,6193.439,6193.439,5534.053866666666,5534.053866666666,5767.307712892391,5767.307712892391,6193.439,5699.6846,5436.0
T000388,2006-12-31,9217.739,7722.654,8370.133,6351.936,8032.5483,8895.0,8531.939728684192,8531.939728684192,8845.773403405194,8224.900970497009,8815.25070984284,8259.173747858487,9030.821227620769,8330.984613946448,9005.348358797017,8393.18022353743,8769.04415781589,8694.396688694349,8436.842,8540.1401,8696.450825951197,8654.81294466277,8508.107582623343,8508.107582623343,8370.133,8370.133,8436.842,8436.842,8489.561270091617,8489.561270091617,8370.133,8032.5483,8678.0
T000388,2007-03-31,9678.311,7323.5034,8737.125,6191.4014,9120.842,10653.0,8735.977862744732,8735.977862744732,9265.278515571292,8902.203567437446,9302.161133547283,8959.071763319145,9531.185589488525,8869.300910900212,9487.06656318676,8869.769235437612,9137.548837558408,9203.14421588247,8579.646466666665,9178.759333333332,9157.680448945688,9207.007025898965,8710.432675804359,8710.432675804359,8737.125,8737.125,8579.646466666665,8579.646466666665,9155.615539103155,9155.615539103155,8737.125,9120.842,10354.0
T000388,2007-06-30,8924.072,7429.7114,8375.434,6491.061,6007.532,5962.0,8343.089225019687,8343.089225019687,8683.306289298824,7356.740874617854,8463.01051304935,7325.6231051166105,8631.860331862008,7852.405682125203,8660.236870883156,8087.022399543771,8601.39951488471,8285.102836887078,8243.072466666667,7769.012666666666,8421.71541061114,8123.993799869018,8328.359217399398,8328.359217399398,8375.434,8375.434,8243.072466666667,8243.072466666667,7642.715250912033,7642.715250912033,8375.434,6007.532,6379.0
T000388,2007-09-30,9554.229,8619.867,8435.012,6580.325,5679.456,8325.0,8919.330949667361,8919.330949667361,9063.068933738023,7249.546573725804,8807.26060431838,7237.522266900262,9123.412767341002,7848.489095289591,9137.989987668878,8139.4782562552155,9025.412973395056,8540.559215617408,8869.702666666666,7889.565666666666,8688.650396311505,8342.692692571585,8886.487560821299,8886.487560821299,8435.012,8435.012,8869.702666666666,8869.702666666666,7722.238275068337,7722.238275068337,8435.012,5679.456,7825.0
T000389,2006-12-31,113703.19,72889.92,123157.69,-2253.9453,166656.9,161600.0,108125.22880908358,136594.49491106402,117852.22709153262,138127.58241672773,121899.85693694053,142309.30172065712,118953.38065730211,160905.7331413847,118408.14620832249,153190.49496652553,115188.37420526237,136282.46545119034,103250.26666666666,35317.987349999996,122566.86089569138,105623.57173441401,104142.29452147154,133558.04927936723,123157.69,113703.19,103250.26666666666,134505.92666666667,135060.96339464645,135060.96339464645,123157.69,166656.9,172230.0
T000389,2007-03-31,128386.55,4488.9766,133971.48,-12319.773,192255.83,200765.0,102097.4933067444,154079.28042144625,130837.45504242564,156605.30951504697,136268.99202338944,162332.1533121484,134083.98453044376,184784.05133084083,133081.676937868,174964.4184266117,123154.50591528209,153641.40040930622,88949.0022,-3915.3981999999996,136123.2172459555,118502.34554439315,91557.40296502554,150376.48886280996,133971.48,128386.55,88949.0022,151537.9533333333,152255.61024985154,152255.61024985154,133971.48,192255.83,211233.0
T000389,2007-06-30,105928.734,87088.1,121413.46,3515.0938,-19481.742,67325.0,107854.52104235507,64195.72184733335,112724.0909756433,10849.268122726558,99560.71104632253,-5678.600965937585,97628.2794204077,-2377.948984797871,101163.29842276541,19240.143838920012,111300.14624978264,65335.24179133315,104810.098,45301.596900000004,104166.92267126984,63104.50866582004,105269.77132988076,71650.13507445226,121413.46,105928.734,104810.098,69286.81733333333,67658.5062180906,67658.5062180906,121413.46,-19481.742,67804.0
T000389,2007-09-30,111541.89,105078.375,124812.695,7049.375,-1112.9375,68433.0,115423.6623511749,73843.04994450901,117365.68419107268,24527.891255747618,105601.51600397353,9685.515353499259,104015.95240324417,14192.446773771331,107153.56942259213,33555.29087250893,116738.17489899506,74859.9110159784,113810.98666666666,56063.875,109634.8709583988,71019.9510497238,114002.9548729895,80534.8260778093,124812.695,111541.89,113810.98666666666,78413.88249999999,76956.48278943653,76956.48278943653,124812.695,-1112.9375,69918.0
T000390,2006-12-31,1022.6392,961.4096,1045.626,633.7372,1178.2537,1196.0,1014.630701657569,1014.630701657569,1032.72678642082,1063.5909196535117,1045.0745915694267,1053.6687823665823,1037.5443529193349,1020.7147555382619,1035.6579052501188,1023.5988120688205,1028.5766214727337,1051.049263794208,1009.8915999999999,953.6051933110388,1046.251257364007,987.4181597429003,1012.4260535247604,1012.4260535247604,1045.626,1045.626,1009.8915999999999,1009.8915999999999,1082.8983222029128,1082.8983222029128,1045.626,1045.626,1210.0
T000390,2007-03-31,1026.5347,717.88,1053.0508,600.5095,1159.8021,1162.0,955.8598299656943,955.8598299656943,1038.1710935081483,1064.454594462499,1048.1005631491253,1054.9182470164608,1040.0448209432068,1004.6347857544702,1038.8339014198395,996.6110526057954,1018.8111384132837,1053.8128599875342,932.4884999999999,938.9154866220757,1050.223782048421,988.3066818029951,943.1200932574084,943.1200932574084,1053.0508,1053.0508,932.4884999999999,932.4884999999999,1081.1958414939334,1081.1958414939334,1053.0508,1053.0508,1511.0
T000390,2007-06-30,968.0114,1125.5121,1029.688,659.1306,931.56445,920.0,1029.580677143235,1029.580677143235,995.0777177407183,986.3922072677717,985.8518659262417,978.514344013326,971.8390752476963,989.4534920933313,976.2535159039656,1012.5368028493796,1003.6431431868342,990.3003404192946,1041.0704999999998,874.1778408026769,996.5285726701377,951.5861679178471,1037.4502188516335,1037.4502188516335,1029.688,1029.688,1041.0704999999998,1041.0704999999998,983.8975250661307,983.8975250661307,1029.688,1029.688,802.0
T000390,2007-09-30,1025.4105,1128.3969,1038.9146,665.73145,979.78326,870.0,1056.5721545855622,1056.5721545855622,1031.336673968773,1021.8473459382009,1025.804174473438,1021.6769099148994,1023.2495401805161,1035.7690076917822,1025.0018987227515,1044.0897197331496,1037.4059593827678,1025.8176815036804,1064.2406666666666,895.5759182274262,1028.7654133976032,990.7732743511611,1061.2296970588097,1061.2296970588097,1038.9146,1038.9146,1064.2406666666666,1064.2406666666666,1016.7982972180616,1016.7982972180616,1038.9146,1038.9146,1156.0
T000391,2006-12-31,2587.1384,2058.824,2957.121,672.8916,3458.9897,4307.0,2585.9133682828215,2585.9133682828215,2749.5025155663097,3458.9897,2795.901884818054,3362.1745440626455,2696.969524738507,2959.929952754348,2700.6887188243136,2988.845085376232,2710.695194664191,2971.797868799303,2534.3611333333333,3001.0830333333333,2841.8864039085615,3190.0670723243734,2549.708732356341,2549.708732356341,2957.121,2957.121,2534.3611333333333,2534.3611333333333,3028.0485440954853,2860.0241079908437,2957.121,3458.9897,4478.0
T000391,2007-03-31,2603.6255,1343.6136,2839.0898,510.24622,3249.1797,2940.0,2370.397881925748,2370.397881925748,2706.957258890662,3249.1797,2744.948220329919,3174.408633090896,2680.7487689329464,2841.586998167713,2681.2227360123475,2867.2959810934753,2625.7026491423267,2865.7464655165413,2262.1096333333335,2897.298333333333,2772.7115214788337,3046.470495703329,2286.4329008866434,2286.4329008866434,2839.0898,2839.0898,2262.1096333333335,2262.1096333333335,2917.702393086819,2521.3628304945096,2839.0898,3249.1797,3388.0
T000391,2007-06-30,2352.254,2077.4312,2729.0525,774.37573,532.4579,1990.0,2417.240595658061,2417.240595658061,2517.6092226488818,532.4579,2312.2329485693303,826.6509460437023,2248.408354782409,2710.7292518627255,2308.7145506714314,2522.0208460994727,2494.202409331142,2227.0035717394885,2386.2459,1871.2547999999997,2403.9139940052173,1200.8977081686603,2397.7286912927366,2397.7286912927366,2729.0525,2729.0525,2386.2459,2386.2459,1801.9021443188722,1719.14241375056,2729.0525,532.4579,2609.0
T000391,2007-09-30,2526.7798,2498.6228,2804.6477,820.80273,1235.7373,1917.0,2618.614995740927,2618.614995740927,2648.7200637523165,1235.7373,2502.020696525519,1445.2964251387098,2454.2586317182067,2791.533981103825,2497.667483146287,2656.4774762166867,2642.1428660632955,2444.143816343087,2610.0167666666666,2189.0549333333333,2568.7863493746477,1710.9411828010848,2615.734993007505,2615.734993007505,2804.6477,2804.6477,2610.0167666666666,2610.0167666666666,2139.733151103586,2133.2236696273058,2804.6477,1235.7373,2167.0
T000392,2006-12-31,365.04852,298.02228,339.59784,228.16501,195.6122,234.0,340.35030777542954,340.35030777542954,353.87967814429874,321.9978815411622,340.4750038111256,317.4337388545427,348.773404146223,327.54572014572454,350.80239864921987,331.28241881520665,350.2206504272339,311.87747506681774,334.22288,318.81006,339.1248764697904,326.8172196939268,335.7682738871242,335.7682738871242,339.59784,339.59784,334.22288,334.22288,332.20661965073606,322.30052664142954,339.59784,339.59784,342.0
T000392,2007-03-31,407.56876,380.03278,344.59067,221.29498,296.8728,350.0,380.75520909275264,380.75520909275264,379.9312930409985,346.5927480105065,375.5515720937226,342.87128555087975,391.8774237610441,341.59102879811115,390.4572237993475,342.6558557192905,379.3454505511476,354.20744228189136,377.3974033333333,362.311725,367.0995215788404,344.22744946115193,375.3574783352632,375.3574783352632,344.59067,344.59067,377.3974033333333,377.3974033333333,347.1598812713798,363.9377160504474,344.59067,344.59067,309.0
T000392,2007-06-30,396.6345,324.26532,351.82437,233.33342,385.2205,469.0,364.4679422434448,364.4679422434448,376.9699073249353,363.1911380896375,380.13727873656734,362.195995837645,390.83487749062095,353.8680660809509,388.4186043591253,353.13254072856245,373.321906818976,375.73685602361616,357.57473,338.044845,373.00795101188567,351.8618836651749,358.3607131552229,358.3607131552229,351.82437,351.82437,357.57473,357.57473,358.2049651982078,341.876912931465,351.82437,351.82437,393.0
T000392,2007-09-30,396.71667,330.07193,346.79105,237.29779,202.60886,345.0,364.3464242913388,364.3464242913388,374.8071825392392,332.6777434516702,361.41229771153536,327.11760553024794,375.8051070835536,335.22585750898764,376.8991962863936,338.879818128092,371.59899925625126,327.4584282398817,357.8598833333333,338.43149,356.4735749037242,335.9529993136652,358.1426665402172,358.1426665402172,346.79105,346.79105,357.8598833333333,357.8598833333333,341.63855546029,341.9921006756701,346.79105,346.79105,303.0
T000393,2006-12-31,313.828,289.19135,320.80533,207.86761,319.09564,282.0,310.73418492939413,310.73418492939413,316.88994943887707,314.050282598997,316.7224159486838,318.5705957591226,315.0091009197029,319.4782184616945,315.31248050170325,319.47726362335703,315.2597474375822,317.54329451405533,307.94156,313.828,317.77470152422836,318.7781754045462,309.15524906179564,309.15524906179564,320.80533,320.80533,307.94156,307.94156,317.3886926316699,306.13224234833245,320.80533,289.19135,254.0
T000393,2007-03-31,341.9005,269.2971,341.28128,201.36751,357.78433,432.0,326.2125793237755,326.2125793237755,341.6287599029225,332.2852244063506,343.1692133463762,343.8693199120712,343.0982507111234,342.55741246668026,342.7300225713958,342.7391433916978,337.1945659328713,344.07963203735375,317.49296,341.9005,342.80498910711947,345.0644325723131,320.4870844879839,320.4870844879839,341.28128,341.28128,317.49296,317.49296,346.9656342228175,319.32219209291435,341.28128,269.2971,1009.0
T000393,2007-06-30,328.24637,276.28128,326.20493,214.4997,283.7241,326.0,316.5221271502296,316.5221271502296,327.3504992209912,320.58938670909697,323.38936525308435,320.5771764931423,324.4768667821401,323.54836913657743,325.2852545843694,323.0711736084071,324.2046887679805,320.56457022570424,310.2441933333333,328.24637,323.79340633825996,317.32654662278014,312.3432464503131,312.3432464503131,326.20493,326.20493,310.2441933333333,310.2441933333333,313.05972855553364,296.44251198563006,326.20493,276.28128,301.0
T000393,2007-09-30,335.94788,252.4183,328.42862,217.71153,186.71017,279.0,315.78753105330304,315.78753105330304,332.6481086063909,321.58508128310336,319.43435649730543,309.8557797862828,323.238766028128,319.68871251888646,325.90839567256944,318.0949285890473,327.6654978781692,309.9168332847595,305.59826666666663,335.94788,320.67822475761915,298.977512809656,308.8557619009098,308.8557619009098,328.42862,328.42862,305.59826666666663,305.59826666666663,284.8654517202257,263.0857327964891,328.42862,252.4183,252.0
T000394,2006-12-31,4267.1235,3643.2703,4655.4404,2066.6658,5068.3735,6019.0,4252.83504624055,4252.83504624055,4437.533486923578,4807.936376728483,4475.614055057448,4798.362326937426,4373.331339505051,4683.310639547595,4379.610317651933,4621.306818272945,4392.556745656555,4549.510886907643,4188.6114,4663.645799999999,4525.762340893737,4647.3627809426,4214.020781846098,4214.020781846098,4655.4404,4655.4404,4188.6114,4188.6114,4682.964571724523,4682.964571724523,4655.4404,5068.3735,6284.0
T000394,2007-03-31,4312.1245,2721.831,4573.3926,1866.4655,5035.5947,4884.0,4012.399916921525,4012.399916921525,4426.780064835185,4770.867791051624,4469.603462512759,4757.174113783539,4398.270778170166,4632.767006354558,4398.646989165426,4586.756986585902,4324.853874139832,4529.729525967799,3869.1160333333332,4640.3706,4500.290467929113,4637.20467188148,3919.1575269806563,3919.1575269806563,4573.3926,4573.3926,3869.1160333333332,3869.1160333333332,4658.954664140774,4658.954664140774,4573.3926,5035.5947,6217.0
T000394,2007-06-30,3975.3645,3815.8257,4445.2065,2203.0542,2582.3994,3705.0,4105.61349361498,4105.61349361498,4181.551171443214,3414.075408717702,4007.210487812717,3495.414925147227,3915.675174425711,3958.4118964460713,3972.5838806680003,3938.392252096362,4163.577278681935,3963.2765880876204,4078.7989,3667.6567999999997,4107.017530183118,3548.1432127047474,4092.788265524529,4092.788265524529,4445.2065,4445.2065,4078.7989,4078.7989,3619.455992646298,3619.455992646298,4445.2065,2582.3994,4105.0
T000394,2007-09-30,4186.1533,4233.541,4520.805,2245.8125,2942.942,3411.0,4318.83279171956,4318.83279171956,4333.012712559569,3657.182720505106,4185.412805315424,3724.992795271539,4123.639552302561,4118.764172936539,4169.413845716985,4110.349819755597,4330.068794464345,4139.94990138015,4313.499766666666,3883.3000999999995,4260.660124399828,3787.5679721081315,4318.931896532382,4318.931896532382,4520.805,4520.805,4313.499766666666,4313.499766666666,3841.362177200427,3841.362177200427,4520.805,2942.942,3878.0
T000395,2006-12-31,7941.886,6721.176,8357.986,3609.3203,9336.315,10383.0,7777.503413375745,7777.503413375745,8124.488393969721,8540.869783712376,8215.288718120793,8647.119470997204,8098.37947522525,8308.262732545902,8093.922773738135,8335.119157473886,8042.484924835284,8314.671407112244,7673.682666666667,8545.395666666667,8260.14936016031,8311.418968882208,7728.367722717797,7728.367722717797,8357.986,7941.886,7673.682666666667,7673.682666666667,8599.339895327212,8114.957900932547,8357.986,9336.315,10320.0
T000395,2007-03-31,8152.8623,4600.323,8414.97,3282.9727,10133.029,9681.0,7340.932735199798,7340.932735199798,8267.886317058154,8894.70075629948,8427.880749769733,9077.470947828242,8339.210515751578,8526.102789185892,8313.405215452878,8554.808126465596,8045.81057556383,8549.070146354083,7056.0517666666665,8900.2871,8437.889468071186,8686.277239115165,7200.0819364507215,7200.0819364507215,8414.97,8152.8623,7056.0517666666665,7056.0517666666665,8989.522328611609,7860.637562064043,8414.97,10133.029,8552.0
T000395,2007-06-30,7410.735,6890.147,8124.76,3843.4177,3616.358,6420.0,7529.250749413183,7529.250749413183,7724.079567061354,6391.545570987873,7302.6230920277885,5923.3507400917115,7186.394621239484,7239.473094234113,7307.8936470024555,7219.361798374757,7679.736116772837,7144.165099797518,7475.213999999999,6383.950999999999,7482.0860815909255,6356.582562350791,7507.083136037891,7507.083136037891,8124.76,7410.735,7475.213999999999,7475.213999999999,6166.230818376532,5803.423539399527,8124.76,3616.358,6021.0
T000395,2007-09-30,7870.96,7730.587,8244.646,3945.2104,4273.1426,6399.0,7966.5970816445515,7966.5970816445515,8034.949325145324,6804.226330431707,7663.97685807972,6389.708775815587,7625.134856617017,7572.906485899228,7722.369623723834,7545.134206789337,8019.828317277934,7495.3299808047295,7948.731,6796.249533333334,7784.599993174507,6879.403699400427,7960.210196663921,7960.210196663921,8244.646,7870.96,7948.731,7948.731,6601.46241740024,6451.386345125096,8244.646,4273.1426,6356.0
T000396,2006-12-31,9463.76,7555.8174,9804.873,5988.7197,11030.4,12322.0,9091.022045575734,9091.022045575734,9613.454906066314,11030.4,9727.405090555623,10852.02276995064,9625.788331311329,9827.314112244063,9613.294863675965,9923.148043078116,9490.68663536233,9934.231447209128,8941.483466666667,8191.645699999999,9757.166432469829,10322.97511143678,9014.55001671991,9014.55001671991,9804.873,9804.873,8941.483466666667,8941.483466666667,10176.036704582704,10176.036704582704,9804.873,11030.4,13938.0
T000396,2007-03-31,9072.336,7510.036,9480.557,5716.9395,9703.182,8831.0,8812.268239036615,8812.268239036615,9251.480753349468,9703.182,9271.782617540042,9620.966855210678,9167.14144369599,9484.563327205413,9178.156399147285,9500.09220695982,9148.701682778472,9418.266427318746,8687.643,7643.385833333334,9328.0041410459,9645.529104588744,8752.601372554276,8752.601372554276,9480.557,9480.557,8687.643,8687.643,9450.017448632552,9450.017448632552,9480.557,9703.182,9651.0
T000396,2007-06-30,8922.65,7614.4,9335.554,6170.09,5002.545,8701.0,8729.761120922276,8729.761120922276,9103.849853111447,5002.545,8699.10368381101,5362.973957624214,8655.431015893759,9255.882098892434,8761.716195000901,8908.258816997888,9016.542731108539,8477.073564808292,8624.201333333333,6262.344999999999,8831.47013847353,7942.532681556627,8681.42401858177,8681.42401858177,9335.554,9335.554,8624.201333333333,8624.201333333333,7565.21680266935,7565.21680266935,9335.554,5002.545,9225.0
T000396,2007-09-30,9417.566,8410.946,9464.004,6275.1025,6843.518,7884.0,9174.145865340191,9174.145865340191,9437.94497133181,6843.518,9193.399108805885,7040.818824320277,9217.581541915652,9415.86184109805,9274.061055060809,9206.732408512513,9375.50541307484,8995.182465109137,9097.505333333333,7176.522166666667,9243.618842649854,8622.093792258798,9130.74219136228,9130.74219136228,9464.004,9464.004,9097.505333333333,9097.505333333333,8450.86352959539,8450.86352959539,9464.004,6843.518,7885.0
T000397,2006-12-31,1846.5126,1727.3225,1727.6758,1591.9167,1829.8895,1483.0,1774.909980893604,1774.909980893604,1794.361953108145,1765.8528321046015,1804.0351087968227,1744.6181006916004,1832.2190910832092,1730.9352358747137,1825.526262221595,1736.007444082732,1789.140403503905,1791.909912786162,1767.1702999999998,1787.0942,1784.9020364026442,1706.6959024525563,1769.3936623644306,1769.3936623644306,1727.6758,1727.6758,1767.1702999999998,1767.1702999999998,1777.079398653227,1695.849254267658,1727.6758,1591.9167,1842.0
T000397,2007-03-31,1849.4908,2085.6843,1740.1389,1573.0065,1692.2274,1784.0,1873.6724264780955,1873.6724264780955,1801.502531013849,1775.2688513029566,1797.158039180034,1753.22975799331,1825.0288134050368,1742.5702748836018,1821.8334730219972,1745.8017879472345,1817.8730214013144,1792.7355562221499,1891.7713333333331,1794.81485,1781.9035482311078,1714.2236250911058,1872.474370478821,1872.474370478821,1740.1389,1740.1389,1891.7713333333331,1891.7713333333331,1716.9815295411076,1653.82025287683,1740.1389,1573.0065,1412.0
T000397,2007-06-30,1871.8682,1776.2988,1739.1256,1606.1465,1767.0432,1843.0,1801.6701029599403,1801.6701029599403,1813.6150960784305,1781.7699534481599,1816.3723742036188,1756.531948414305,1849.0307834202727,1742.4213890904816,1843.3552389385636,1747.2147232015825,1810.0825638697706,1806.920373991718,1795.7642,1805.4969,1796.429148820184,1718.6138000419162,1795.9295065843846,1795.9295065843846,1739.1256,1739.1256,1795.7642,1795.7642,1752.6191914242545,1688.3622003592363,1739.1256,1606.1465,1496.0
T000397,2007-09-30,1925.3679,1731.5834,1736.057,1616.865,1595.1798,1851.0,1810.2841714153597,1810.2841714153597,1842.29021784532,1796.8742578448005,1829.363877895773,1757.7001522621429,1878.4041269537815,1740.0344689835592,1874.0815613365119,1745.0429603867228,1833.732688547685,1824.455965273789,1797.669433333333,1830.71245,1803.9147480042511,1717.8374824416737,1801.4526474126046,1801.4526474126046,1736.057,1736.057,1797.669433333333,1797.669433333333,1667.965925631394,1645.548151438935,1736.057,1616.865,1343.0
T000398,2006-12-31,5817.4736,4974.7197,5559.547,4118.1626,5180.4785,5961.0,5512.673406720424,5512.673406720424,5704.28442761723,5656.635475499852,5669.21359110256,5583.17331261316,5738.580732145146,5545.771650523939,5736.597459108509,5618.25960469733,5657.193407378916,5656.427089180336,5450.580099999999,4649.32055,5637.6399805916835,5608.812738185909,5492.697830846104,5492.697830846104,5559.547,5559.547,5450.580099999999,5450.580099999999,5362.8487788851835,5080.044907647094,5559.547,5180.4785,5834.0
T000398,2007-03-31,5721.8247,5901.71,5500.456,4032.4097,4488.1914,5256.0,5689.161056180633,5689.161056180633,5624.678690459109,5598.308236295895,5530.48836592722,5463.599909954149,5599.392504832484,5430.442264105375,5612.02863006066,5588.893603552044,5639.558339298715,5526.063128039575,5707.9969,4260.30055,5514.767859722833,5454.130084890333,5689.166433125988,5689.166433125988,5500.456,5500.456,5707.9969,5707.9969,4975.193030068441,4760.984195741305,5500.456,4488.1914,6049.0
T000398,2007-06-30,5682.89,5167.101,5483.0913,4199.911,4351.836,5294.0,5481.516668854691,5481.516668854691,5595.209824724735,5560.503117890308,5489.892826441779,5431.725881920744,5555.051175450044,5401.464158011939,5570.998571344145,5534.344741122418,5567.12134637208,5487.9735534877545,5444.360766666667,4275.8735,5479.308766735177,5413.207115119572,5468.644949554701,5468.644949554701,5483.0913,5483.0913,5444.360766666667,5444.360766666667,4896.084188787362,4737.907391952059,5483.0913,4351.836,5445.0
T000398,2007-09-30,5902.393,5272.7275,5503.003,4233.253,5114.749,5481.0,5601.593983715975,5601.593983715975,5727.123665398782,5664.201118250507,5691.35839383283,5556.115645729665,5796.0605687093885,5498.50636472435,5788.841627708725,5622.36465978046,5695.549438950655,5669.664421798259,5559.3745,4674.001,5639.176286490644,5604.922799425604,5583.4852122219745,5583.4852122219745,5503.003,5503.003,5559.3745,5559.3745,5301.5384331981895,5058.814394624627,5503.003,5114.749,5518.0
T000399,2006-12-31,24980.58,21096.943,25467.783,16633.145,26572.646,30149.0,24189.680821454604,24189.680821454604,25194.385417325713,25785.355507799046,25296.909704430247,25791.191543803412,25160.57737806772,25474.032028936817,25156.207454589046,25455.14532005053,24948.10723613734,25371.357766966677,23848.43533333333,25673.669666666665,25350.109300146316,25551.01974806923,23995.113212393408,23995.113212393408,25467.783,25467.783,23848.43533333333,23848.43533333333,25732.962295427635,24567.90793002616,25467.783,26572.646,31934.0
T000399,2007-03-31,24584.17,20133.984,25079.117,16008.793,25472.605,25552.0,23655.272980520174,23655.272980520174,24801.37381419882,25148.406247035822,24837.517601840576,25161.571560661858,24708.960232368958,25026.021057719074,24719.7360722957,25012.66685349967,24520.274454270373,24898.39266746406,23265.756999999998,25045.29733333333,24903.636604763426,24946.415079644932,23432.20575876562,23432.20575876562,25079.117,25079.117,23265.756999999998,23265.756999999998,25077.302684309274,23742.508840041577,25079.117,25472.605,25664.0
T000399,2007-06-30,23598.31,21488.549,24688.467,17079.31,17064.861,22258.0,23463.513744579628,23463.513744579628,24076.717301136385,21890.407517992953,23364.178657816043,22003.692424400484,23196.820355343752,23879.141574227528,23397.774302671616,23917.66442301186,23928.51000794705,23326.385971186097,23258.442,21783.879333333334,23650.44035280862,21865.624691509114,23359.326702407554,23359.326702407554,24688.467,24688.467,23258.442,23258.442,21525.567639708974,20894.13780422557,24688.467,17064.861,22187.0
T000399,2007-09-30,24741.219,23224.94,24949.658,17283.379,19660.338,21615.0,24438.938665008915,24438.938665008915,24832.690906745145,23083.023512260534,24338.955481854042,23142.722672169795,24359.21653146102,24482.443298743965,24477.618435389468,24520.468713720034,24736.21884893193,24254.162316283644,24305.272333333334,23117.071666666667,24457.155361661215,23267.884580170743,24363.00744779941,24363.00744779941,24949.658,24949.658,24305.272333333334,24305.272333333334,22919.291751242265,22465.68295646415,24949.658,19660.338,21102.0
T000400,2006-12-31,5588.5874,4124.7275,5064.8687,2613.7678,7206.873,6059.0,5033.902745162081,5033.902745162081,5358.757338988922,5349.620820087497,5559.209161451017,5579.963473843311,5660.346241842227,5453.552542525893,5595.542764301824,5501.81627722525,5278.282664626811,5482.085315762695,4926.0612,3369.2476500000002,5446.870866207081,5614.382397442716,4986.432567616683,4986.432567616683,5064.8687,5588.5874,4926.0612,4926.0612,5672.065009539775,4919.624994879234,5064.8687,5588.5874,6258.0
T000400,2007-03-31,6017.3022,1915.1394,5312.035,2356.048,8113.035,6878.0,4735.458822841881,4735.458822841881,5707.8009284106665,5695.497210587808,5969.945982640539,5997.499540744123,6107.28184672393,5832.107729717894,6021.757727869515,5893.989935983485,5468.97200598941,5867.876204026018,4414.825533333333,2135.5937,5820.048968534541,6066.148241900019,4595.707191966178,4595.707191966178,5312.035,6017.3022,4414.825533333333,4414.825533333333,6115.198767011071,4368.89256563013,5312.035,6017.3022,6857.0
T000400,2007-06-30,5164.4883,5597.1006,5012.91,2827.084,3342.777,3159.0,5218.88995162331,5218.88995162331,5097.969289055851,5095.32493436125,4942.319347798254,4937.489488857674,5002.825534130615,5033.583324055614,5031.871048230553,4962.230759786712,5127.102699772768,4969.049036964475,5258.166299999999,4212.0923,4947.737685788183,4676.337291819031,5235.621750409246,5235.621750409246,5012.91,5164.4883,5258.166299999999,5258.166299999999,4790.625117365349,5271.2788581158675,5012.91,5164.4883,3298.0
T000400,2007-09-30,5536.5317,5753.5713,5087.188,2910.5,4999.8687,4248.0,5430.367721945056,5430.367721945056,5339.340555238616,5331.501543173005,5331.7100323055865,5340.407217719634,5444.741076202099,5343.484444403969,5429.324143415097,5313.169811837368,5360.476798180398,5306.773200760285,5459.097,4332.03565,5267.212345836863,5236.292214229731,5442.055671467879,5442.055671467879,5087.188,5536.5317,5459.097,5459.097,5273.560990897593,5479.3357510794285,5087.188,5536.5317,3945.0
T000401,2006-12-31,5747.0293,4902.575,5696.469,4107.468,6839.281,7009.0,5514.076565244462,5514.076565244462,5724.841287936008,6046.28544490071,5831.5242552740165,5849.290308710619,5828.521778080045,5778.993410575187,5802.727859451214,5789.961412178527,5674.02423205127,5835.810699427683,5448.6911,6094.259766666666,5805.175140082653,6006.1148001500815,5478.239351327598,5478.239351327598,5696.469,5696.469,5448.6911,5448.6911,6168.784738510998,6168.784738510998,5696.469,6839.281,7702.0
T000401,2007-03-31,5682.2695,4325.8623,5534.3823,3971.3613,6495.215,5268.0,5284.591090719379,5284.591090719379,5617.370300871236,5850.049451356997,5707.186372122534,5687.5100423261065,5730.890232786708,5625.210168033469,5705.1607470227555,5635.707542669304,5536.909816758971,5694.254525780105,5180.838033333333,5903.9556,5669.568154790609,5826.717547122465,5226.280970259966,5226.280970259966,5534.3823,5534.3823,5180.838033333333,5180.838033333333,5964.161991210677,5964.161991210677,5534.3823,6495.215,6254.0
T000401,2007-06-30,5426.798,5109.2266,5450.9434,4203.237,3347.4028,4730.0,5354.402382769708,5354.402382769708,5437.394029424072,4821.143830258898,5241.105019258067,5185.765700876168,5263.785408550986,5313.068286387039,5308.61934876298,5293.714270928459,5417.52957325912,5222.400372491237,5328.989333333333,4741.714733333333,5279.490700479403,4901.914075893262,5341.408403560665,5341.408403560665,5450.9434,5450.9434,5328.989333333333,5328.989333333333,4602.935557550065,4602.935557550065,5450.9434,3347.4028,5563.0
T000401,2007-09-30,5706.466,5682.7075,5522.885,4238.588,4645.3643,5022.0,5635.715793535959,5635.715793535959,5625.902841895326,5299.766911057441,5544.240755037874,5457.546126315126,5601.901899484439,5504.777136535802,5613.175257991744,5499.048066196637,5627.654760958942,5506.050095099469,5637.352833333333,5291.571766666667,5531.833987710748,5352.650697327668,5632.668071318749,5632.668071318749,5522.885,5522.885,5637.352833333333,5637.352833333333,5229.173264519457,5229.173264519457,5522.885,4645.3643,5899.0
T000402,2006-12-31,1755.1165,1459.7778,1407.1974,1104.3842,1790.1831,1044.0,1560.8550115542946,1560.8550115542946,1602.434787508314,1544.7524108494245,1638.5673657503698,1543.0310394052783,1719.9397070318214,1523.853917951119,1698.5972807410878,1542.819678185883,1590.4300951911164,1610.4941638410653,1540.6972333333333,1104.3842,1581.1644348081165,1464.1863642377207,1548.1807805814967,1548.1807805814967,1407.1974,1755.1165,1540.6972333333333,1540.6972333333333,1594.169427601561,1371.3061228669974,1407.1974,1104.3842,1478.0
T000402,2007-03-31,1796.2407,1569.2345,1439.6729,1077.2456,1694.4138,1600.0,1617.007847779002,1617.007847779002,1639.7635697608353,1601.3930224240503,1663.9407913555901,1596.4391120413293,1749.2148893851506,1569.5023973551674,1730.2175226517643,1591.183886359292,1632.0934701333993,1639.8874997289352,1601.7160333333334,1077.2456,1607.392804198789,1482.611921844889,1605.034372550588,1605.034372550588,1439.6729,1796.2407,1601.7160333333334,1601.7160333333334,1631.2927465201474,1407.2237631249673,1439.6729,1077.2456,1598.0
T000402,2007-06-30,1760.4689,1740.198,1415.7538,1126.8569,589.59607,1385.0,1639.4632473825698,1639.4632473825698,1609.1932391071578,1626.7050252944896,1532.5085224800127,1613.519736415003,1629.574852389512,1568.3084362733518,1633.5940160110981,1595.1765763114095,1613.9731041907812,1545.9801407458237,1638.8069,1126.8569,1495.6035593822464,1475.5222008376813,1630.5616140951151,1630.5616140951151,1415.7538,1760.4689,1638.8069,1638.8069,1601.0039952088136,1481.1067027190165,1415.7538,1126.8569,1692.0
T000402,2007-09-30,1802.8262,1555.1365,1413.9819,1137.1418,1234.2921,1659.0,1607.333796983441,1607.333796983441,1632.1847675042532,1590.3039351847688,1615.8665077380665,1584.9072836694058,1715.0992963911979,1555.5452425931758,1703.931555259591,1579.1853379083664,1623.812111227969,1605.3026359667422,1590.6481999999999,1137.1418,1561.7774753416895,1495.9636644924478,1594.2746723873715,1594.2746723873715,1413.9819,1802.8262,1590.6481999999999,1590.6481999999999,1622.9471657537615,1429.411315689524,1413.9819,1137.1418,1921.0
T000403,2006-12-31,5213.0195,3861.0093,3981.6956,1515.0796,9796.729,4358.0,4436.16209585419,4436.16209585419,4672.662153467598,4645.365784081874,5216.6224148407655,4728.495228617494,5443.783713547827,5057.484555180667,5275.164399389223,4954.460591533317,4611.394549124087,4581.300836526752,4351.908133333332,5213.0195,4939.6000534399145,6639.52470919874,4402.481892452759,4402.481892452759,3981.6956,5213.0195,4351.908133333332,4351.908133333332,4720.726956776227,3789.0761889138316,3981.6956,5213.0195,4734.0
T000403,2007-03-31,5688.063,1234.5522,3992.3057,1248.5068,9071.844,4221.0,3958.902777557496,3958.902777557496,4943.89250595619,4371.387943734934,5419.764499549982,4791.9954257645795,5772.55305729541,5297.665453368795,5601.4673657118865,5069.214512883853,4700.853193122188,4855.016130975432,3638.3069666666665,5688.063,5086.766064232763,7099.266783521173,3800.270884359888,3800.270884359888,3992.3057,5688.063,3638.3069666666665,3638.3069666666665,5010.0864952742495,3916.8662431869634,3992.3057,5688.063,5031.0
T000403,2007-06-30,4959.3823,6720.1543,3940.3765,1745.6421,2386.884,3370.0,5049.059266053366,5049.059266053366,4512.199174431555,5124.887734458866,4368.428729885139,4864.379735193217,4643.243779900835,5026.452210040682,4636.574828547758,5037.38488526113,4637.7975071228,4427.912644603254,5206.637699999999,4959.3823,4244.614652715438,4054.9411632842375,5145.91353921028,5145.91353921028,3940.3765,4959.3823,5206.637699999999,5206.637699999999,4551.976127796426,3736.3769801396434,3940.3765,4959.3823,5080.0
T000403,2007-09-30,5513.852,5610.401,3958.0317,1876.5979,6155.3823,3873.0,4991.420025811417,4991.420025811417,4831.091818873615,5275.615457039366,5037.893613201163,5195.708712764627,5395.1623626568435,5440.039546799352,5289.605921853659,5370.154882092014,4864.177351119832,4774.207155711298,5027.428233333333,5513.852,4773.171197424628,5683.885405803786,5027.038176644308,5027.038176644308,3958.0317,5513.852,5027.428233333333,5027.428233333333,4891.823358887637,4015.514519703301,3958.0317,5513.852,5442.0
T000404,2006-12-31,19502.936,15519.762,17040.074,12977.789,25845.281,18915.0,17618.94217845421,17618.94217845421,18422.127306856397,19210.435214131085,19246.487416657077,19886.997242208832,19739.391464263586,19381.82286104056,19461.108416778403,19484.948482025182,18221.28201558555,18960.926816216666,17354.257333333335,17354.257333333335,18739.201089203354,21058.437384731948,17474.913000263205,17474.913000263205,17040.074,19502.936,17354.257333333335,17354.257333333335,18379.82600873774,17590.477219378747,17040.074,19502.936,20698.0
T000404,2007-03-31,20455.963,10534.068,17273.139,12362.688,25688.5,19197.0,16823.437796746468,16823.437796746468,19059.204331448494,19870.078734244456,19848.01905120913,20575.678014998946,20525.436253998956,20163.189848044876,20227.668399150396,20231.001916028134,18507.34688806439,19550.953671499243,16087.723333333332,16087.723333333332,19241.53103286097,21697.182821898063,16418.959369942422,16418.959369942422,17273.139,20455.963,16087.723333333332,16087.723333333332,19004.537205607412,16666.773228185197,17273.139,20455.963,21472.0
T000404,2007-06-30,18560.076,20312.176,16888.594,13480.127,9951.506,13597.0,18399.22684310905,18399.22684310905,17826.55854103029,17455.878203475397,17181.246128707815,17179.87225616139,17691.886876862,17884.239575231408,17772.5577025365,17669.030863651657,17963.022322319088,17301.0142363138,18586.948666666667,18586.948666666667,17050.848764049802,16265.372492163602,18505.236807260953,18505.236807260953,16888.594,18560.076,18586.948666666667,18586.948666666667,17797.849722435516,18491.778388782026,16888.594,18560.076,16785.0
T000404,2007-09-30,19435.908,19951.21,16989.86,13701.895,17639.236,16236.0,18686.535830210632,18686.535830210632,18362.478005852325,18577.589289509044,18425.876180514937,18788.62019873392,19025.832295880085,18943.44194010248,18918.432440701337,18867.06034034281,18436.749945549825,18338.856849455788,18792.326,18792.326,18056.14728565364,18880.283447064983,18747.976180361926,18747.976180361926,16989.86,19435.908,18792.326,18792.326,18320.465499402293,18770.53451651801,16989.86,19435.908,18450.0
T000405,2006-12-31,14505.851,11853.406,14463.345,6714.437,18050.074,17638.0,13822.995099142086,13822.995099142086,14487.197557659032,14922.861777230532,14821.889797317483,15130.908089360419,14783.550157856369,14759.729236175817,14707.052938957164,14809.218725332688,14325.548920990495,14865.040032122795,13607.534,9283.9215,14756.24265249183,15312.042163311708,13724.110858298865,13724.110858298865,14463.345,14505.851,13607.534,13607.534,15841.214193354579,14990.137644488848,14463.345,18050.074,17788.0
T000405,2007-03-31,15087.253,7247.506,14776.789,6097.2573,19581.184,17721.0,13002.77785801275,13002.77785801275,14951.008179905275,15502.020446803856,15399.617141211671,15787.708991912901,15411.363633239142,15291.959025646369,15299.169353658772,15352.081656865737,14476.456777036332,15435.206069710082,12370.516,6672.38165,15274.47655315291,16119.742676426113,12712.056396511522,12712.056396511522,14776.789,15087.253,12370.516,12370.516,16705.458538785053,14306.277471617377,14776.789,19581.184,16920.0
T000405,2007-06-30,13471.531,13628.632,14174.498,7154.831,6597.839,10499.0,13762.776326719057,13762.776326719057,13780.022845906544,12938.45984217531,13072.30935453004,12482.02027995161,13000.681001951287,13262.618381323931,13185.800047121156,13172.99421409058,13777.362799692364,13034.875962517759,13758.220333333331,10391.7315,13300.970876115784,11883.154349643162,13762.768453335182,13762.768453335182,14174.498,13471.531,13758.220333333331,13758.220333333331,11063.06499216989,10978.178212135239,14174.498,6597.839,10121.0
T000405,2007-09-30,14327.012,14643.476,14372.447,7343.844,9260.468,11517.0,14422.936197299483,14422.936197299483,14346.950812232672,13724.076137858166,13869.948712033645,13427.977439438064,13928.362150055258,13957.08552625276,14036.808556603926,13886.182215548584,14365.532154448973,13807.121989144352,14447.645,10993.66,13961.28932758154,13175.157849998672,14434.396152531239,14434.396152531239,14372.447,14327.012,14447.645,14447.645,12413.601610400347,12551.715080775324,14372.447,9260.468,11457.0
T000406,2006-12-31,17778.717,14543.108,18465.264,10664.555,21503.03,23638.0,17212.92708431162,17212.92708431162,18080.00305088375,21503.03,18362.63894107002,21152.13477318596,18150.327801814557,19857.6564625952,18113.260102974353,19104.026598915458,17869.91737928158,18674.131278007975,16929.029666666665,15570.231,18413.077699463163,19874.089516885593,17047.327587689208,17047.327587689208,18465.264,18465.264,16929.029666666665,16929.029666666665,19459.242546176778,19459.242546176778,18465.264,21503.03,26118.0
T000406,2007-03-31,17334.586,13187.468,17850.318,10086.964,19549.158,17039.0,16478.862752997058,16478.862752997058,17560.911157045884,19549.158,17718.82097211931,19308.654146954726,17567.28665012631,18628.299086733106,17551.6130859238,18205.36955309746,17298.003539357327,17926.945723720724,16124.124,14274.529999999999,17766.36898381108,18644.624992914192,16262.385138969574,16262.385138969574,17850.318,17850.318,16124.124,16124.124,18368.501702082125,18368.501702082125,17850.318,19549.158,19293.0
T000406,2007-06-30,16636.393,14809.974,17512.088,11027.465,8258.928,15421.0,16491.982417290877,16491.982417290877,17020.685245583547,8258.928,16156.354968303798,8934.059233385986,16064.600933421832,13255.0361910507,16291.34078006014,15517.537722946516,16893.57091237819,15971.311492737588,16319.484999999999,11365.455666666665,16438.13428959925,13258.924588084506,16404.170751140016,16404.170751140016,17512.088,17512.088,16319.484999999999,16319.484999999999,13635.897383062735,13635.897383062735,17512.088,8258.928,17397.0
T000406,2007-09-30,17559.768,16609.645,17792.2,11206.68,12242.522,14823.0,17404.676276365015,17404.676276365015,17661.769056561334,12242.522,17143.714542164846,12612.341243658446,17161.5548278031,15240.54522710571,17286.31174813774,16600.76871107569,17599.539787326656,16957.364288742192,17320.537666666667,13352.949,17269.748009473144,15240.17980737316,17356.40646438884,17356.40646438884,17792.2,17792.2,17320.537666666667,17320.537666666667,15551.142986886702,15551.142986886702,17792.2,12242.522,15951.0
T000407,2006-12-31,3931.0066,3521.8853,3477.1848,3030.2524,3751.0044,2761.0,3667.1390800199138,3667.1390800199138,3731.8502743195204,3696.499567854268,3757.9193156878914,3712.0598832073956,3867.1393859412456,3569.130096179562,3844.012529722551,3678.52462371217,3714.729185147898,3717.1881036906293,3643.3589,3643.3589,3686.7826818613444,3524.4149297357217,3653.6634767485175,3653.6634767485175,3477.1848,3477.1848,3643.3589,3643.3589,3658.6282845410624,3366.2121954261243,3477.1848,3477.1848,3662.0
T000407,2007-03-31,3982.0923,4046.2478,3525.0574,2996.7788,3634.8528,3734.0,3836.020025116678,3836.020025116678,3781.525929253276,3783.0707939209015,3792.295133414411,3779.478605061584,3904.5520519276906,3623.8929439265016,3884.7256277756687,3749.808941291186,3793.4364618449135,3789.60256001819,3851.1324999999997,3851.1324999999997,3723.403787236638,3553.240384523683,3828.4181471435704,3828.4181471435704,3525.0574,3525.0574,3851.1324999999997,3851.1324999999997,3707.78552106619,3549.812720325294,3525.0574,3525.0574,3319.0
T000407,2007-06-30,3966.0063,3853.4214,3505.6396,3058.892,2893.097,3697.0,3774.3363599024856,3774.3363599024856,3763.977793573804,3751.7100771393007,3707.3563743704417,3755.2603111635335,3830.2945021283017,3602.8737132598326,3825.417738804487,3723.847411129807,3765.125914980155,3763.6124179811204,3775.022433333333,3775.022433333333,3649.9405789216303,3555.1945537038987,3764.45764884207,3764.45764884207,3505.6396,3505.6396,3775.022433333333,3775.022433333333,3689.6998152974365,3495.6219331827115,3505.6396,3505.6396,3581.0
T000407,2007-09-30,4025.9846,3641.4531,3498.145,3076.3982,3154.029,3855.0,3742.0287668653405,3742.0287668653405,3794.346112636338,3760.3533043083166,3762.8465559248393,3774.757436432359,3898.917397787993,3606.2829856876724,3885.8490466786043,3736.539464010945,3780.0233092845447,3781.673145547131,3721.8608999999997,3721.8608999999997,3691.08257977209,3577.392592834717,3727.5000247517364,3727.5000247517364,3498.145,3498.145,3721.8608999999997,3721.8608999999997,3709.1817027383013,3427.0933550814757,3498.145,3498.145,3567.0
T000408,2006-12-31,10780.226,8628.154,9355.753,6151.964,13968.034,10127.0,9712.32712503117,9712.32712503117,10155.106605755278,10078.674844325747,10587.071516016133,10968.283649765914,10878.711246936835,10496.422735690348,10727.786819500689,10393.946897599333,10048.230300083824,10050.594986744676,9588.044333333333,8755.899913043464,10301.625214368349,11514.347872739838,9671.51074587408,9671.51074587408,9355.753,10780.226,9588.044333333333,9588.044333333333,10130.966746298272,8856.418831933059,9355.753,10780.226,10284.0
T000408,2007-03-31,11083.988,7241.6855,9278.434,5851.669,12383.919,9235.0,9437.983706100144,9437.983706100144,10291.634039794268,9982.741323765835,10583.452177453724,11008.774401252114,10990.492780530467,10664.139017895974,10856.3993822091,10503.938784823651,10087.932577000332,10185.076850885618,9201.369166666665,8730.184321070219,10267.037804558771,11351.35476701515,9356.102567189602,9356.102567189602,9278.434,11083.988,9201.369166666665,9201.369166666665,10261.036183743621,8848.634608263641,9278.434,11083.988,11323.0
T000408,2007-06-30,10341.51,11447.347,9226.75,6403.589,7311.355,8458.0,10237.822608148079,10237.822608148079,9852.305855078863,10323.239773149979,9674.879793503183,9856.54289659768,9978.463706244538,10269.918116574303,9975.67509493273,10265.5989628877,9939.479474416486,9757.605845623018,10338.535666666667,8651.650133779252,9543.007592605003,9579.196618848266,10281.345589900226,10281.345589900226,9226.75,10341.51,10338.535666666667,10338.535666666667,9833.41455301256,8734.77821522779,9226.75,10341.51,10220.0
T000408,2007-09-30,10956.14,10562.576,9262.769,6533.2637,11759.01,9201.0,10254.631093285492,10254.631093285492,10213.01671598438,10533.962985678803,10447.863195287342,10837.96863234473,10835.291287588108,10735.54050389191,10718.218771031998,10672.592396846278,10218.498490522448,10132.873548783798,10260.494999999999,8910.572341137111,10158.003651862236,11106.166432350165,10264.662902881402,10264.662902881402,9262.769,10956.14,10260.494999999999,10260.494999999999,10184.319971329642,9014.81935709096,9262.769,10956.14,10847.0
T000409,2006-12-31,48385.9,40511.12,47171.113,29311.89,60612.742,55083.0,45920.66058781884,45920.66058781884,47852.79974918699,48892.44721864857,49108.305722246536,49347.25435214575,49227.332246975544,48375.1288571206,48900.156108600975,48506.59540775108,47391.898734871356,48890.22905987808,45356.04433333333,45356.04433333333,48707.38642236778,52047.93448707357,45591.50472954041,45591.50472954041,47171.113,48385.9,45356.04433333333,45356.04433333333,51770.160662422495,45454.74267889035,47171.113,48385.9,58916.0
T000409,2007-03-31,48924.355,33467.055,46886.156,27865.793,57764.426,49633.0,44208.27870120386,44208.27870120386,48029.90650976523,48758.23003257295,49047.196265387196,49049.2853700083,49406.12874078522,48349.01139167302,49100.86694405725,48472.50093433641,47119.16166987638,48796.54914028305,43092.522,43092.522,48567.89452456041,51542.29392739138,43560.26793995361,43560.26793995361,46886.156,48924.355,43092.522,43092.522,50973.98705972319,43287.81300747265,46886.156,48924.355,53353.0
T000409,2007-06-30,45704.402,45703.035,46034.45,30245.662,16568.71,39560.0,45821.19314164602,45821.19314164602,45849.2411130135,43320.21180651558,43099.695333022806,42152.91840325503,43419.429432992445,44475.12409701836,44047.1356955942,44224.730220229656,45843.39268800448,43413.772453885606,45813.96233333333,45813.96233333333,43636.190499509285,36912.295242312764,45819.30951924851,45819.30951924851,46034.45,45704.402,45813.96233333333,45813.96233333333,36761.67259475674,45815.46471963445,46034.45,45704.402,43077.0
T000409,2007-09-30,47614.734,47578.168,46463.25,30699.814,30282.895,41262.0,47196.591639678125,47196.591639678125,47109.41380048587,45577.850154569234,45601.10291518689,44839.57455219865,46108.38645693095,46223.971781456545,46401.94392528364,46108.06681294096,47127.28733376997,45679.897010941655,47218.717333333334,47218.717333333334,45700.12024121441,42350.05864396652,47201.40026719806,47201.40026719806,46463.25,47614.734,47218.717333333334,47218.717333333334,41833.44841420445,47214.022501715735,46463.25,47614.734,43430.0
T000410,2006-12-31,293562.12,226937.9,292395.2,131414.0,348433.97,344281.0,278785.34712876996,278785.34712876996,293050.02582655335,330385.82065929496,298279.80873901985,340152.3659542583,297805.940830111,338235.332549632,296591.46349423076,319871.2780002132,288991.4624609812,301618.4671143412,270965.0733333333,311463.7633333333,297180.352477104,283121.6534640146,274324.1868864049,274324.1868864049,292395.2,293562.12,270965.0733333333,270965.0733333333,312329.7805898462,312329.7805898462,292395.2,348433.97,365274.0
T000410,2007-03-31,314960.12,156594.62,305570.66,118571.56,388714.4,389041.0,277172.9204852825,277172.9204852825,310839.6252293128,362827.80254042713,318607.76345303433,377035.01341684273,319810.7739660924,374083.2876839375,317715.0630239134,347722.5873763797,301307.9886557263,322676.9505180076,259041.8,336415.06,315852.642128775,303607.33428962994,266914.8632486992,266914.8632486992,305570.66,314960.12,259041.8,259041.8,337732.37832334364,337732.37832334364,305570.66,388714.4,398864.0
T000410,2007-06-30,279791.06,244423.34,289688.75,139618.25,117637.19,206841.0,276179.99257927854,276179.99257927854,284134.5877307622,172314.21277790834,268070.72680031636,142562.2980921462,267953.82937314414,148536.62982366438,271924.82778805937,204188.00503160266,281796.3877060371,258549.52176062518,271301.04999999993,229039.0,272373.06709126115,233636.46474374383,273261.56003624795,273261.56003624795,289688.75,279791.06,271301.04999999993,271301.04999999993,226353.39628429041,226353.39628429041,289688.75,117637.19,214814.0
T000410,2007-09-30,292279.8,276739.2,293908.12,144154.19,146788.95,234336.0,289597.9782993868,289597.9782993868,292994.3761359019,194337.95117177043,279266.2216683611,168644.65532403678,280867.4902104354,173657.32472533165,284000.8069818021,222034.66316970595,292014.4907131293,270335.4762472703,287642.3733333333,244325.62333333332,281942.01003340236,248088.25571902134,288457.9531312714,288457.9531312714,293908.12,292279.8,287642.3733333333,287642.3733333333,242058.13567926118,242058.13567926118,293908.12,146788.95,243778.0
T000411,2006-12-31,158753.75,126079.914,174327.36,74708.86,198786.75,223195.0,158302.9320675941,158302.9320675941,165588.11305876178,198786.75,167852.2869843271,196595.53498680133,163642.46854737584,197541.7995267092,163729.4220010165,192547.3108703493,163315.70353249792,173493.34255716583,153053.67466666666,177289.28666666665,169732.67658324106,190729.9475241428,153554.4759238058,153554.4759238058,174327.36,174327.36,153053.67466666666,153053.67466666666,178039.26155646943,162930.10467829247,174327.36,198786.75,232002.0
T000411,2007-03-31,162513.06,89422.766,174229.1,66976.32,208924.16,198685.0,152228.48756781837,152228.48756781837,167654.55712051192,208924.16,170878.1568430204,206242.81787207667,167488.8704520602,207341.79238535592,167214.17304822907,200880.63227566643,162975.10202821746,176658.61680011445,142054.97533333334,181888.77333333332,172022.8843545823,199183.67585902626,142937.37694411568,142937.37694411568,174229.1,174229.1,142054.97533333334,142054.97533333334,182901.56352632772,156336.80155688518,174229.1,208924.16,209307.0
T000411,2007-06-30,149129.88,130821.4,168160.78,79143.88,78476.75,136093.0,153011.25640661226,153011.25640661226,157481.44909252189,78476.75,149092.0185629881,83378.82590618725,145578.48955180674,81694.47929527548,148180.62154800823,95432.7572188641,156028.1458092524,144708.56174089285,149370.68666666665,131922.47,153370.41242095828,138706.07204097684,149757.31699560228,149757.31699560228,168160.78,168160.78,149370.68666666665,149370.68666666665,129547.06110308695,117985.86438235806,168160.78,78476.75,138015.0
T000411,2007-09-30,155712.03,150449.7,170965.97,81519.2,92143.63,123420.0,160752.84587132395,160752.84587132395,162406.10825395453,92143.63,155034.41882145777,96512.57898387886,152312.82004600402,94997.70480987288,154543.32684949646,107160.5882577183,161817.5011773829,150866.66419529312,159042.56666666665,139607.21,158578.61147440388,148699.08162630288,159254.35130828136,159254.35130828136,170965.97,170965.97,159042.56666666665,159042.56666666665,137512.24735660868,131198.83618739102,170965.97,92143.63,127647.0
T000412,2006-12-31,67409.33,59498.332,66436.84,59639.2,62517.758,68265.0,65232.74393237317,65232.74393237317,66982.55998771542,67006.4988813797,66618.02554655074,67033.15130645981,66913.52714355363,67287.36082485264,66958.02019044483,67178.89063885446,66515.20954951693,66781.68418624453,64448.16733333333,66923.08499999999,66540.22061875158,66451.56907389041,65139.688483736354,65139.688483736354,66436.84,67409.33,64448.16733333333,64448.16733333333,65743.7555991208,64864.76258937048,66436.84,66436.84,73026.0
T000412,2007-03-31,67859.83,67720.32,66527.66,59249.918,62228.6,67852.0,67344.33394939866,67344.33394939866,67275.21709162547,67308.00989769313,66875.64389680105,67438.6864400036,67265.85111040557,67745.40994874698,67304.47598759602,67691.19881907648,67289.94399246358,67292.47479306083,67369.26999999999,67193.745,66751.3474730622,67152.80139748388,67323.87612025313,67323.87612025313,66527.66,67859.83,67369.26999999999,67369.26999999999,65856.99057903979,67295.6226138387,66527.66,66527.66,67954.0
T000412,2007-06-30,67912.64,56755.64,66242.16,59956.73,60086.336,64825.0,64734.49895872387,64734.49895872387,67179.56226128686,67220.6829340838,66607.14097150172,67287.87299506165,67106.87670052977,67715.10125549498,67171.27850721017,67550.23438862713,66525.6726631106,66900.9928806712,63636.81333333333,67077.4,66463.95011700982,66404.99606664866,64598.98355652069,64598.98355652069,66242.16,67912.64,63636.81333333333,63636.81333333333,65201.78336927858,64205.93036877117,66242.16,66242.16,66069.0
T000412,2007-09-30,69097.24,59551.016,66355.16,60076.723,58379.78,64386.0,65901.64172853346,65901.64172853346,67893.8985617484,67961.39782810482,67152.94342972759,68148.87145949059,67944.21355225697,68816.1433370708,68005.48216395508,68622.8699892892,67357.34269590494,67676.31183194686,65001.138666666666,67726.20000000001,66882.62693691858,67118.30073518351,65766.90652103047,65766.90652103047,66355.16,69097.24,65001.138666666666,65001.138666666666,65202.3808844187,65407.23461739166,66355.16,66355.16,65606.0
T000413,2006-12-31,53144.25,46736.758,50200.312,44390.836,49816.105,52603.0,50486.05876147973,50486.05876147973,51852.3246779658,51655.3148390638,51819.86130279043,51348.49837745531,52557.837517289394,51564.21692765424,52452.90972704752,51526.23671609771,51511.457621433634,51682.583614023286,50027.10666666666,51053.55566666667,51394.18377492238,51514.140950939836,50407.56012656169,50407.56012656169,50200.312,50200.312,50027.10666666666,50027.10666666666,51088.09598855065,51088.09598855065,50200.312,53144.25,54574.0
T000413,2007-03-31,54025.72,49697.06,50123.28,43839.355,49123.91,50914.0,51578.66938806683,51578.66938806683,52313.163195570305,52052.00991186504,52224.406396312115,51595.12235043452,53209.34063920759,51909.02519329347,53080.47927445578,51859.36655491237,52116.31032921476,52051.41196482732,51282.01999999999,51090.969999999994,51668.251994845035,51753.665338020175,51463.83265053373,51463.83265053373,50123.28,50123.28,51282.01999999999,51282.01999999999,51139.996034471595,51139.996034471595,50123.28,54025.72,55740.0
T000413,2007-06-30,51967.12,47182.605,49888.22,44871.23,40727.695,46218.0,50022.85331817635,50022.85331817635,51054.810178265674,50915.68912541288,50202.51834119273,49788.898332079414,50844.88938469366,50448.1975219546,50956.33936608564,50433.84506027527,50798.19784617349,50268.44118367118,49679.315,47527.67833333333,50049.15793574978,48798.86305705388,49968.092869900545,49968.092869900545,49888.22,49888.22,49679.315,49679.315,47610.83679766871,47610.83679766871,49888.22,51967.12,47270.0
T000413,2007-09-30,53680.7,49537.992,49977.094,45167.65,45253.273,50130.0,51349.3862650739,51349.3862650739,52055.40001941691,51807.55280883827,51618.921798256975,50987.40024190172,52605.164563843704,51500.625070395734,52561.67280890403,51458.79182637914,51866.45881819761,51523.91189732449,51065.261999999995,49637.02233333333,51153.63782795207,50667.70470621201,51240.490146668184,51240.490146668184,49977.094,49977.094,51065.261999999995,51065.261999999995,49708.5097380555,49708.5097380555,49977.094,53680.7,52189.0
T000414,2006-12-31,586537.25,474880.62,594743.1,312713.38,681205.1,695387.0,567824.2110085054,567824.2110085054,590138.3263147235,637424.7568176728,598195.8383276223,661320.6481779051,594974.1791614485,645394.7197632007,593484.2689615972,627046.2387317993,583159.0285095688,601871.7149750458,552053.6566666666,620828.4833333333,597967.9768565705,595496.1351847107,557131.8773911647,557131.8773911647,594743.1,586537.25,552053.6566666666,552053.6566666666,622177.3921802471,622177.3921802471,594743.1,681205.1,732492.0
T000414,2007-03-31,613451.0,379994.6,609462.56,291425.44,731335.75,723501.0,565979.5087991172,565979.5087991172,611700.7027344278,673516.5975621424,623076.1085445423,705331.5048971736,622406.5945375214,683541.6769039707,619709.6929844691,659009.3282355029,597477.4279815911,626810.7122580522,534302.72,651416.4366666666,620472.1219184865,625260.5736707798,544609.7180398823,544609.7180398823,609462.56,613451.0,534302.72,534302.72,653392.7819504003,653392.7819504003,609462.56,731335.75,750281.0
T000414,2007-06-30,562397.94,493824.56,586975.75,325197.66,289190.78,464744.0,558616.5263626981,558616.5263626981,573183.7293403819,426755.12287049927,545372.0150179842,350799.54245323845,543316.1586246834,403412.721228197,550474.8316807154,462085.99522280414,568556.1658507655,537626.4321917141,547732.75,479521.49,553911.3521885267,501112.56157678796,551138.6531457935,551138.6531457935,586975.75,562397.94,547732.75,547732.75,474620.99058841047,474620.99058841047,586975.75,289190.78,477600.0
T000414,2007-09-30,582877.5,551409.9,593820.1,332696.72,335798.38,488151.0,581009.6812910656,581009.6812910656,587679.5787220694,457584.08128212893,563593.4632752778,390527.7056325675,564389.0345163124,436553.861300876,570194.5924235239,488278.3234585116,585561.9056022947,555919.1979282612,576035.8333333333,504165.32666666666,569473.1254836707,526223.244641592,577593.8298940967,577593.8298940967,593820.1,582877.5,576035.8333333333,576035.8333333333,499969.09761467896,499969.09761467896,593820.1,335798.38,504735.0
T000415,2000-03-31,315435.7,206244.44,540990.75,-265441.0,576154.44,67595.0,282214.52267171047,369031.8254131795,414418.8581397741,453419.4339778004,417440.4277962437,428106.1316583406,360820.9564274893,528895.3748075725,368740.645435497,513947.78653600777,403794.2014889097,407726.7310049847,354223.63,282923.9617391285,449959.6098044518,164546.04566045085,361406.174469271,478118.84489543183,540990.75,540990.75,354223.63,477526.9633333333,480943.6307776466,480943.6307776466,540990.75,576154.44,54736.0
T000415,2000-06-30,566401.44,221015.94,590905.6,-321204.94,551382.44,778682.0,384918.7638952399,572224.0896480775,577154.9085849965,452933.8341352071,573439.2191234038,418769.0687229911,567879.2726784297,571574.3403843791,569644.3755765978,570728.2427980623,555581.3191344807,398509.84460453445,459440.9933333333,272765.6440133761,577690.0039543874,243340.71384762137,469827.84207342286,569676.0471619137,590905.6,590905.6,459440.9933333333,569563.1599999999,568632.4165260056,568632.4165260056,590905.6,551382.44,888916.0
T000415,2000-09-30,726814.94,319427.7,629345.1,-223209.03,367640.2,1317486.0,498739.6553969739,703654.2713798891,684041.0247780686,390049.7010419044,659735.8594945064,342428.72756778693,687565.1485214343,532101.2880049585,689288.223903533,542984.2691881885,660801.9331886647,331402.8758372859,558529.2466666666,257558.48428093572,649766.3224734714,304272.5804547556,568518.5855571199,574620.6320999095,629345.1,629345.1,558529.2466666666,574600.08,565719.0777278657,565719.0777278657,629345.1,367640.2,1524622.0
T000415,2000-12-31,588151.94,-10617.656,588199.75,-200010.25,56192.406,269270.0,268823.15359552874,588163.3005559086,588172.9210633398,224581.36347887383,538536.347435438,160310.51301372302,545780.4720768088,367045.91473934194,556886.9898625532,376589.79095786583,551513.5199868506,160325.29162530086,388578.0113333333,148434.77656856243,547355.3174490371,185251.2759613253,405825.36742803594,411444.5172607607,588199.75,588199.75,388578.0113333333,410848.032,394868.323936772,394868.323936772,588199.75,56192.406,303982.0
T000416,2000-03-31,64459.684,40931.414,121950.67,-78346.73,146193.73,33547.0,59467.11724392256,77422.93923115282,89689.176129968,105549.78448079815,91884.99302942639,102284.43989110156,77245.03454027626,122196.79846379871,78944.70960363722,119009.93863105527,87244.54360076442,94907.53235600764,75780.58933333332,36021.208,99920.60381687332,35409.6111673999,77911.52732330127,109632.46225370644,121950.67,64459.684,75780.58933333332,110868.02799999999,110965.89226056632,110965.89226056632,121950.67,146193.73,34836.0
T000416,2000-06-30,122764.81,17502.312,133425.66,-91970.61,139119.81,179192.0,72190.93732923317,125168.65326563883,127443.24482757054,106241.8436798752,127962.25959118211,101748.4404066592,125231.148473507,133821.187176523,125521.30867783958,133213.77854043795,120812.53609840063,92923.12768633047,91230.92733333333,54739.95333333334,129432.49064412767,54834.62518406192,96740.85295084496,131524.16485483653,133425.66,122764.81,91230.92733333333,131770.09333333332,131805.11071919324,131805.11071919324,133425.66,139119.81,192747.0
T000416,2000-09-30,156018.55,66080.91,141059.17,-69186.72,5842.3867,284975.0,110050.97710347215,152645.46015527545,149453.73721388425,58885.4392052489,136855.14398337904,49363.1884156036,142422.69782479934,103366.16259262292,144671.16866293724,105964.83135651256,144208.7565301318,37719.75561278673,121052.87666666665,75963.66666666666,136899.4369753248,46695.422338833545,125367.8380279993,103102.84434059924,141059.17,156018.55,121052.87666666665,100973.3689,99133.60835471054,99133.60835471054,141059.17,5842.3867,307983.0
T000416,2000-12-31,123117.125,3463.625,132121.47,-63118.508,-41358.914,48267.0,65272.36913100991,125147.45410975566,127068.61491379305,36440.390001551226,110872.47074949706,25780.157418323965,110997.41148376386,80412.02300124199,114963.95983409545,82346.24890582886,119585.7766765102,13804.627797360987,86234.07333333333,64040.028999999995,115067.373515868,23542.884666652746,92446.47014223308,73586.07052064278,132121.47,123117.125,86234.07333333333,71293.227,68813.5038851422,68813.5038851422,132121.47,-41358.914,66787.0
T000417,2000-03-31,333985.5,227705.34,548072.75,-231907.88,603195.56,93289.0,295757.6969350589,387299.1930771328,427936.09929919266,482475.8878404502,432833.0429251481,453786.87164933904,378795.64594787895,542044.5381727129,385858.7499819883,532627.3546833652,417689.9699617537,535902.295284951,369921.19666666666,216716.78999999998,463338.6585573834,205956.3933719442,375590.53023067384,494327.7719393717,548072.75,548072.75,369921.19666666666,495084.6033333333,497647.07229690225,497647.07229690225,548072.75,603195.56,77494.0
T000417,2000-06-30,587737.56,216705.44,600212.06,-287830.88,600263.56,805862.0,376241.7523354251,590844.0582351387,593211.9016572346,493056.8138665742,593202.3703708872,457623.5872211588,590096.8078636412,598555.1212380262,590574.3307725594,597963.1601667427,570278.2593378286,597804.3653241242,468218.3533333334,300039.58,595032.2285062441,296758.65040496504,477619.6649654839,596048.647753513,600212.06,600212.06,468218.3533333334,596071.06,596167.3123035793,596167.3123035793,600212.06,600263.56,809308.0
T000417,2000-09-30,736385.6,330935.9,631072.3,-190367.69,352653.03,1254538.0,492640.5626420144,710159.6526204151,690169.6406228037,387763.846546117,664314.0313412109,342689.68609616254,694323.4971029288,530214.8128464373,696094.5315424299,531409.1941223986,667186.16794772,501997.800401816,566131.2666666666,392363.4033333333,653470.2673793812,337120.7643442806,574722.9421574147,575467.0749853625,631072.3,631072.3,566131.2666666666,573370.31,567890.7935241121,567890.7935241121,631072.3,352653.03,1213589.0
T000417,2000-12-31,605312.0,55350.188,592954.0,-167930.0,53911.78,296448.0,288546.93464393343,602234.5135123776,599888.7835023365,222004.0832987857,549610.110173468,167835.94182075385,560037.9465707096,371917.94781200116,570815.3420586513,365130.40757657366,566434.2333166684,305661.9132472571,417872.06266666664,343445.3333333333,556724.9725443756,219018.80871053622,431370.990299453,421113.4019747687,592954.0,592954.0,417872.06266666664,417392.5933333333,408248.4165459657,408248.4165459657,592954.0,53911.78,294794.0
T000418,2000-03-31,18111.766,15862.701,23162.174,3075.457,21802.959,10873.0,18864.638539051877,21043.918410981885,20328.100033462695,21117.26180075335,20195.48052039916,22616.454463681366,18956.989630082036,23158.798673600108,19179.125208900474,23146.7303356474,20102.192990521697,21924.364795729747,19045.547,16013.529999999999,20959.173074208295,16123.241494615322,19337.667622307148,20986.799647900014,23162.174,23162.174,19045.547,21025.632999999998,20989.508490302058,20989.508490302058,23162.174,18111.766,12024.0
T000418,2000-06-30,24466.512,20904.967,23645.688,1627.6387,18517.031,22149.0,22894.916079342398,22074.09354923902,24106.299485153082,20278.275683663654,23628.736864211452,22643.28179889561,23902.986655352055,23640.057725363687,23978.54620789151,23627.277616914307,23902.587247292868,22029.44267882912,23005.72233333333,14596.785899999997,23593.224782800713,16479.370188901423,23197.59500160632,22399.24125735511,23645.688,23645.688,23005.72233333333,22209.74366666666,22199.691410212847,22199.691410212847,23645.688,24466.512,32320.0
T000418,2000-09-30,31878.703,16841.275,25519.33,4208.6973,27545.994,48239.0,24336.240036045343,28299.467730824887,29087.93940003268,24423.082747207663,29284.33651943809,25325.683915338373,30839.520984489438,25523.944168481896,30553.233746284473,25540.00887051073,28278.375575510196,27185.027369850824,24746.436,19091.34043333333,28317.489783106117,19064.22185839446,25467.71921515087,28352.78150681902,25519.33,25519.33,24746.436,28314.675666666666,28361.1010519041,28361.1010519041,25519.33,31878.703,48391.0
T000418,2000-12-31,27230.926,7119.084,24410.848,4901.962,19122.936,18027.0,18925.07778731948,23428.053529615518,25993.355718862433,21197.068314525033,25503.232169542356,23440.05896341126,26277.26146979868,24405.748470561175,26279.44160718139,24395.82418045777,24811.301685415317,23047.701483465953,19586.952666666664,16145.248666666668,25176.954852183844,18242.074812844945,20726.167757859366,23816.985066839858,24410.848,24410.848,19586.952666666664,23588.236666666664,23590.40904103084,23590.40904103084,24410.848,27230.926,22697.0
T000419,2000-03-31,77544.21,34609.6,166935.97,-101535.16,211375.2,48386.0,63568.572737053415,100227.236008612,116773.11982255877,159906.53538463518,120816.58643607436,169638.22722254272,97961.18047084255,168204.20987376955,100463.20549229172,167749.23895061473,112583.17986572783,155851.65047720956,93029.92666666667,91860.28695652098,133199.31484757338,13498.212655274285,99561.23023890788,148669.7327170557,166935.97,77544.21,93029.92666666667,151951.79333333333,152660.21821502777,152660.21821502777,166935.97,211375.2,46931.0
T000419,2000-06-30,141064.47,107965.98,171673.52,-119713.45,140158.55,148042.0,126001.11061171774,148831.4708650563,154497.02421086008,118714.9054585281,151521.4863755171,121670.36370529933,144332.83048284246,170564.06831451174,146164.99781516267,169506.5003109268,151936.00181044763,124921.29796284006,140234.65666666665,63784.96137123696,156535.5577190711,24520.607421727836,144006.17305966732,151182.90254335364,171673.52,141064.47,140234.65666666665,150965.5133333333,150596.92226921523,150596.92226921523,171673.52,140158.55,177940.0
T000419,2000-09-30,222534.45,74528.25,195854.05,-89463.95,47467.457,479337.0,136859.84676475462,215764.33822325268,210825.95465736667,77194.4188571044,197012.082727582,68877.62448254971,205676.58053808584,191011.91831368292,207750.2573555479,188540.24519244288,202230.55671282136,98904.22490644909,164305.5833333333,51298.622886287645,195554.38185721988,68299.1988850872,175775.55045139586,160142.98324307127,195854.05,222534.45,164305.5833333333,155285.319,153306.71058848896,153306.71058848896,195854.05,47467.457,505327.0
T000419,2000-12-31,172220.28,-49985.297,181792.03,-80503.375,-184.28906,70150.0,49152.39975912913,174649.0973115501,176420.77138303214,46808.61669978163,159431.30066148448,34816.75667413625,159530.89192333436,175759.3001074378,163696.54654598053,172107.1663927585,162649.46056617075,72827.1044814918,101342.33766666666,33814.78556207379,163850.19689053998,54578.24481713,120199.54215071647,122950.59885285968,181792.03,172220.28,101342.33766666666,117942.67364666666,115576.37237700484,115576.37237700484,181792.03,-184.28906,93047.0
T000420,2000-03-31,28144.549,-138.07422,58875.566,-45849.953,70041.47,3601.0,15818.40503115975,36339.39894562721,41630.62752276899,62225.4730655116,42637.09379341412,63761.366951605836,34835.95820157911,60697.67447937904,35781.91949044736,59157.61287127125,39362.317380619905,57497.577149848315,28960.680259999997,27689.027666666665,46962.11589554796,20607.206173697887,31601.2976791443,52096.29328737939,58875.566,28144.549,28960.680259999997,52353.861666666664,53797.98238808061,43803.757086663994,58875.566,70041.47,2142.0
T000420,2000-06-30,55898.707,22724.793,65421.355,-52720.67,53082.637,91006.0,38346.97939724288,58438.05255582807,60077.65033509006,54918.55149745545,58915.49867319767,57391.344266433094,56713.63159520125,61555.391278191884,57336.5266782915,60846.16728119237,57880.31265707147,57814.710460409384,48014.95166666666,21927.774,60517.38054204402,17826.368047083404,50334.929953332416,58183.14750010299,65421.355,55898.707,48014.95166666666,58134.23299999999,57859.71201382168,47021.27174012659,65421.355,53082.637,124890.0
T000420,2000-09-30,75632.5,14499.605,70017.53,-40902.566,8598.314,154804.0,40586.22514573127,74135.19073102271,73168.41212672877,31613.313213202884,67444.42529546063,33254.01814121616,69679.66593823572,53032.371105006416,70746.25562641694,52441.78074529943,69523.73620872809,43284.782588490125,53383.21166666666,12571.092666666667,67637.71616171891,16490.227976981176,56979.61755622181,51946.9948502585,70017.53,75632.5,53383.21166666666,51416.11466666666,48438.58992771091,29433.93094284053,70017.53,8598.314,174840.0
T000420,2000-12-31,58367.336,-25073.812,64813.414,-37788.984,-21081.348,20008.0,12178.085966603747,60086.271691188114,61196.14944512268,12632.425275188267,53174.72232899813,12534.452951754374,52741.830527949125,40450.49984381377,54782.03796006225,38831.702294481336,55975.029361405876,24425.537153420584,32702.312666666665,1981.0273333333334,55543.450684367206,10140.385306979351,38024.622391911755,34698.058898834744,64813.414,58367.336,32702.312666666665,34033.134,30303.56171744103,4079.2414749181717,64813.414,-21081.348,12352.0
T000421,2000-03-31,82042.89,41731.586,137052.0,-67375.234,150180.72,16625.0,66373.95000061988,96640.62358958341,106183.22928417134,119345.12134781576,107344.9256677909,114989.33189203517,93474.28555657523,131853.41465386242,95310.73231149626,131787.22859212942,102754.43570849499,131722.52729546122,86942.15866666666,73028.65511705636,115200.39899107273,39856.68493993093,89096.70622762351,123150.86185585952,137052.0,137052.0,86942.15866666666,123091.87,124465.76231533432,124465.76231533432,137052.0,150180.72,17248.0
T000421,2000-06-30,146666.08,57558.367,151247.97,-81826.766,144245.72,207922.0,98094.26568936105,147881.9733230655,148676.80838958404,120106.54366473536,148018.2296764577,114280.5136033965,146973.31640540046,148588.2878203037,147295.26484602588,147637.85469394503,143141.32385229552,146828.27628542576,118490.80566666665,70978.08254180555,148806.63321360233,57535.92873353133,121116.66520765037,147421.98301024165,151247.97,151247.97,118490.80566666665,147386.58999999997,147222.4185483422,147222.4185483422,151247.97,144245.72,231971.0
T000421,2000-09-30,184777.75,70252.11,159027.55,-56662.75,78615.81,322220.0,118582.83289818179,177944.43530942436,173477.4660173057,93351.34376425846,166004.60867734978,85066.49498677622,173510.47692867095,141034.81073519494,174200.9907455009,132397.63634656777,166915.6065154142,125050.75283516562,138019.13666666666,60265.70297658851,163557.51263430816,66674.56321286035,140816.27874801957,141059.0225011231,159027.55,159027.55,138019.13666666666,140807.03666666665,137608.12167007374,137608.12167007374,159027.55,78615.81,331748.0
T000421,2000-12-31,149958.84,-4393.8594,148973.58,-50709.094,3601.9375,70040.0,64760.010901801514,149697.38216153518,149526.46596807832,52811.668392943764,135964.36022744956,42365.88439638117,138192.30538366185,109148.16362232796,141188.87284015302,92209.37002408321,140093.7150476291,77793.49389211193,98179.5202,34056.99134615403,138227.64398977635,38379.34756777714,102565.12362257208,101390.14584757754,148973.58,148973.58,98179.5202,100844.78583333331,95825.46618031,95825.46618031,148973.58,3601.9375,74318.0
T000422,2000-03-31,44400.508,8917.32,101458.5,-107743.0,140356.44,3519.0,34507.404263239594,58858.151418506925,69439.98392959664,104231.41881716414,73003.60518105199,100288.97051466994,58271.540154436574,123503.49933647076,59648.709022553536,114005.00639373952,66270.99638176504,107507.32317071297,51592.109333333334,877.6066666666738,80732.93390076104,12818.757279869664,52918.991783866906,96431.6755755894,101458.5,140356.44,51592.109333333334,95405.14933333333,98423.00174259255,98423.00174259255,101458.5,140356.44,4093.0
T000422,2000-06-30,108815.89,-8926.664,116371.62,-123553.484,138900.52,179870.0,52386.5789472506,110730.399191044,112131.66598218898,108151.51865368398,114224.93885341402,100692.0781970453,112037.07301020809,131061.92069011471,111856.7071613392,127124.67288305343,104791.12390766945,126042.11580600156,72086.94866666666,-5369.509333333335,114960.63009739948,29781.980586096506,74419.2191492255,121737.23753441824,116371.62,138900.52,72086.94866666666,121362.67666666665,122394.3970696541,122394.3970696541,116371.62,138900.52,181351.0
T000422,2000-09-30,139921.5,40868.71,121217.49,-98267.68,-2204.5977,256440.0,89195.69324492925,135182.18307703172,131713.38415565106,39337.36797241628,120219.54469904369,13349.765160837687,126558.25672882581,39027.30881118286,128416.86795906047,59204.9168234159,125975.7502043318,62749.476266513484,100669.23333333334,21272.840000000007,119518.92719049499,13169.71008010357,102345.82379207757,84455.27655809587,121217.49,-2204.5977,100669.23333333334,86311.4641,81296.7392289664,81296.7392289664,121217.49,-2204.5977,269379.0
T000422,2000-12-31,107019.44,-16132.375,112381.15,-91455.99,-52466.734,28964.0,47667.75286066301,108378.01727508957,109372.38660363227,10408.530993649176,93985.84475866855,-20408.83555058558,94899.68652140803,316.1763929515437,98546.29348264514,25404.43621276307,101738.99399939147,26947.62192988492,67756.07166666667,1597.5949999999975,97503.18275461896,-9455.84652722486,70166.54322029895,53427.27246570323,112381.15,-52466.734,67756.07166666667,55644.61866666667,49799.22175630506,49799.22175630506,112381.15,-52466.734,30926.0
T000423,2000-03-31,24719.258,8192.459,41574.54,-19949.062,54437.535,1509.0,18975.347988627298,33278.502188262515,32116.073294964524,43128.043957250746,33296.82552224268,44646.78984932488,28926.166050293577,42251.73407062958,29304.345862661317,41486.42302981843,30809.85024963918,42890.36594786304,24828.752333333334,25354.337666666666,35557.386507911084,21104.01462095519,25793.32356887293,39792.84620183237,41574.54,41574.54,24828.752333333334,40243.77766666667,41110.05656159317,41110.05656159317,41574.54,54437.535,2165.0
T000423,2000-06-30,43457.527,20476.64,47662.332,-24331.215,44485.336,73818.0,32686.3090156112,44636.67101421404,45302.77443853846,45749.19992594045,45001.526965556186,45816.78381565706,43998.296384388785,46103.08295502641,44225.93234116856,46061.96688667189,43822.36936237915,45006.580413619056,37198.833,22605.484333333334,45671.23095869434,26658.554772687763,38121.83644222208,45242.646720372024,47662.332,47662.332,37198.833,45201.73166666667,45261.24325383197,45261.24325383197,47662.332,44485.336,60775.0
T000423,2000-09-30,53038.152,18951.098,48349.637,-16635.2,23530.771,91739.0,35479.85432834976,47477.11539286609,50980.63202123782,40264.92744558543,48670.40918418523,38807.045527791684,50175.867829459414,42412.923986682115,50514.03639309589,43124.08228431316,48975.60613472904,38058.13713254589,40112.96233333333,18415.069333333333,48393.42980191353,27927.11947479984,41244.439670143096,42275.21855322132,48349.637,48349.637,40112.96233333333,41639.52,40877.68296745271,40877.68296745271,48349.637,23530.771,75115.0
T000423,2000-12-31,43985.105,-6300.1836,45447.74,-14933.867,3124.205,21905.0,19296.049697258328,38224.06415794281,44626.971504455425,29932.230086121217,40676.48618779161,27946.474326211173,40889.69017419213,33750.552936765554,41829.23241152057,34703.17014864955,41522.800408706025,25263.28413990964,27710.887133333334,11212.692666666666,41592.166899020376,18666.81521564964,29562.265005616573,31856.76658337051,45447.74,45447.74,27710.887133333334,30852.35,29862.288928273203,29862.288928273203,45447.74,3124.205,18518.0
T000424,2000-03-31,22959.594,21237.48,22206.582,11194.859,28942.75,30175.0,22256.984942138442,22256.984942138442,22629.14027760652,23075.157522468457,23258.493103783316,22811.310319033204,23354.040903741847,22284.27141904281,23184.5455447282,22211.250690462988,22536.85938787272,23331.698799351674,22134.552,22134.552,23036.408715981095,23062.444435856494,22203.5213087737,22203.5213087737,22206.582,22206.582,22134.552,22134.552,24541.271465655253,22151.235001198114,22206.582,22206.582,17156.0
T000424,2000-06-30,20651.578,18839.541,21067.371,10544.21,25902.586,17003.0,20342.03355344537,20342.03355344537,20834.045669300293,21421.186188749998,21284.695502779083,21357.94086667565,21115.258775363214,21106.405405636677,21030.284831003763,21030.02713595428,20715.844655560177,21471.896850480854,20186.163333333334,20186.163333333334,21265.627197232243,21358.625574911588,20328.203911560915,20328.203911560915,21067.371,21067.371,20186.163333333334,20186.163333333334,22425.616655177302,20231.437412606032,21067.371,21067.371,18302.0
T000424,2000-09-30,20245.906,22913.729,20681.816,11676.48,10421.17,16849.0,21074.460738530073,21074.460738530073,20437.20186530964,19559.291990522528,19479.378122854396,19867.390172717176,19510.826116841716,20575.919012537106,19741.722563183033,20700.138323724143,20592.9206608705,19267.74338536607,21280.483666666663,21280.483666666663,19713.303824429095,19618.390216538417,21131.62697412235,21131.62697412235,20681.816,20681.816,21280.483666666663,21280.483666666663,17361.733066023702,21237.875240866244,20681.816,20681.816,21966.0
T000424,2000-12-31,23135.12,24195.596,21092.63,12007.307,17571.605,19944.0,22676.286004114558,22676.286004114558,22238.78843629124,21325.522631413973,21912.622580264204,21142.097224467656,22469.01441169045,21094.641962830257,22464.147020496217,21177.413671539503,22339.38896618718,21531.33865414362,22807.782,22807.782,21671.19518303696,21468.288752525885,22621.198910223087,22621.198910223087,21092.63,21092.63,22807.782,22807.782,20681.312912975256,22740.00498846455,21092.63,21092.63,20986.0
T000425,2000-03-31,41832.42,35265.008,53230.656,1733.7344,62933.844,27015.0,42275.010280534414,42275.010280534414,46834.45119594292,50008.16290624536,47726.66352713697,49171.86917456769,44757.340482746804,49286.21303760982,44992.109949791455,47371.203520730676,46233.2879415996,50473.64991227411,43442.69466666666,1733.7344,49238.70652580158,47413.15107193392,43756.704361925156,43756.704361925156,53230.656,41832.42,43442.69466666666,43442.69466666666,52145.764630271326,52145.764630271326,53230.656,41832.42,29839.0
T000425,2000-06-30,58178.246,24669.578,58519.082,-2292.7852,70042.45,81524.0,45689.8165729481,45689.8165729481,58327.819346674034,59928.805721249926,59402.56293431891,59458.839709485816,59160.56332630296,58854.17014297166,58933.11057245682,55734.77260901906,56270.35968743231,60658.84500267722,47122.301999999996,-2292.7852,59261.71436840831,60401.60070105546,48201.440499904034,48201.440499904034,58519.082,58178.246,47122.301999999996,47122.301999999996,61861.17020888283,61861.17020888283,58519.082,58178.246,68792.0
T000425,2000-09-30,61971.523,46277.273,57798.36,4170.1562,50322.266,83137.0,55017.26259350298,55017.26259350298,60140.16141810656,58452.1469560507,59447.4345542467,58913.74858269386,60588.08656890604,59084.27726822895,60584.02842625754,58526.10806409034,59252.19977318123,58031.59543965927,55349.051999999996,4170.1562,58958.82767968694,59210.00144618336,55815.28562218277,55815.28562218277,57798.36,61971.523,55349.051999999996,55349.051999999996,57016.91188440443,57016.91188440443,57798.36,61971.523,83717.0
T000425,2000-12-31,55559.246,31577.86,56077.59,5904.6836,33228.29,37638.0,46691.55606039033,46691.55606039033,55786.717413842445,52808.382011379574,53654.271991404086,53692.91266900317,53836.89853583953,54958.90238916391,54333.72285724735,53956.239438921344,54309.44763626851,51344.77224347758,47738.231999999996,5904.6836,54108.80875236637,51549.207513961715,48513.029151515264,48513.029151515264,56077.59,55559.246,47738.231999999996,47738.231999999996,49031.62330579612,49031.62330579612,56077.59,55559.246,36383.0
T000426,2000-03-31,10516.591,7620.7627,11865.495,1378.6982,11948.617,6632.0,10292.36962878879,10292.36962878879,11108.547499964749,11368.591923329723,11114.752597630253,11425.47335238673,10777.881338982756,11384.619466085256,10827.898500519997,11301.62633628909,10907.695318774364,11345.400286089165,10000.949566666666,1378.6982,11311.33592581118,10917.795859454804,10117.067346546502,10117.067346546502,11865.495,10516.591,10000.949566666666,10000.949566666666,11388.037339826436,10038.694022785236,11865.495,10516.591,7435.0
T000426,2000-06-30,13993.089,6368.379,12617.129,490.0586,11921.431,15820.0,11509.411728037165,11509.411728037165,13389.25917542279,13050.658657032875,13325.931562087524,13005.35135304553,13677.891862666625,12799.096976485325,13639.623075334797,12612.790393040883,12946.483339979924,13007.47333977583,10992.865666666665,490.0586,13135.524056207794,13420.3653029545,11243.12935472978,11243.12935472978,12617.129,13993.089,10992.865666666665,10992.865666666665,12930.059099677355,11119.661287012665,12617.129,13993.089,18986.0
T000426,2000-09-30,15037.9,10228.121,12806.097,1908.9854,8151.496,19149.0,12947.146857952743,12947.146857952743,14058.48983256716,13085.959388263811,13626.778405288516,13085.862608585869,14245.750383018232,13321.681878445746,14257.281123483906,13213.072924747526,13803.001415474633,12630.098472454769,12690.705999999998,1908.9854,13376.344229766484,13165.38183993112,12833.222310757743,12833.222310757743,12806.097,15037.9,12690.705999999998,12690.705999999998,12308.734260001233,12778.278114666293,12806.097,15037.9,24239.0
T000426,2000-12-31,13323.326,8245.705,12392.116,2175.3965,6306.1045,8915.0,11663.614270113507,11663.614270113507,12914.671409063823,12011.40820426315,12347.914053686629,12097.616133015763,12662.695855409653,12517.674823500642,12754.003357974223,12393.702692620587,12620.068249828364,11367.800541837441,11320.382333333333,2175.3965,12312.05936518649,11433.170150278778,11486.875910148086,11486.875910148086,12392.116,13323.326,11320.382333333333,11320.382333333333,11003.614067557397,11404.9038597125,12392.116,13323.326,7865.0
